Date,open,high,low,close,adj close,volume
2014-02-10,420.0,420.0,420.0,420.0,420.0,0
2014-02-11,980.0,1176.0,896.0,1036.0,1036.0,100
2014-02-12,1036.0,1400.0,980.0,1120.0,1120.0,100
2014-02-13,840.0,1120.0,840.0,1064.0,1064.0,100
2014-02-14,952.0,1086.4000244140625,952.0,952.0,952.0,500
2014-02-18,5.599999904632568,1064.0,5.599999904632568,873.5999755859375,873.5999755859375,100
2014-02-19,784.0,952.0,784.0,834.4000244140625,834.4000244140625,200
2014-02-20,840.0,868.0,655.2000122070312,672.0,672.0,1000
2014-02-21,666.4000244140625,868.0,644.0,784.0,784.0,600
2014-02-24,952.0,952.0,672.0,700.0,700.0,400
2014-02-25,728.0,728.0,632.7999877929688,672.0,672.0,800
2014-02-26,655.2000122070312,683.2000122070312,644.0,683.2000122070312,683.2000122070312,600
2014-02-27,672.0,784.0,672.0,739.2000122070312,739.2000122070312,100
2014-02-28,739.2000122070312,896.0,739.2000122070312,873.5999755859375,873.5999755859375,200
2014-03-03,901.5999755859376,924.0,784.0,840.0,840.0,300
2014-03-04,800.7999877929688,896.0,800.7999877929688,845.5999755859375,845.5999755859375,0
2014-03-05,851.2000122070312,924.0,840.0,924.0,924.0,200
2014-03-06,924.0,1008.0,896.0,1008.0,1008.0,0
2014-03-07,1008.0,1080.800048828125,952.0,1058.4000244140625,1058.4000244140625,100
2014-03-10,1092.0,1674.4000244140625,1064.0,1456.0,1456.0,200
2014-03-11,1652.0,1652.0,1321.5999755859375,1327.199951171875,1327.199951171875,100
2014-03-12,1506.4000244140625,1506.4000244140625,1265.5999755859375,1265.5999755859375,1265.5999755859375,0
2014-03-13,1478.4000244140625,1478.4000244140625,1282.4000244140625,1288.0,1288.0,0
2014-03-14,1355.199951171875,1355.199951171875,1282.4000244140625,1294.719970703125,1294.719970703125,200
2014-03-17,1372.0,1400.0,1293.5999755859375,1293.5999755859375,1293.5999755859375,0
2014-03-18,1265.5999755859375,1344.0,1265.5999755859375,1293.5999755859375,1293.5999755859375,200
2014-03-19,1338.4000244140625,1338.4000244140625,1288.0,1321.5999755859375,1321.5999755859375,0
2014-03-20,1344.0,1439.199951171875,1332.800048828125,1388.800048828125,1388.800048828125,200
2014-03-21,1416.800048828125,1680.0,1416.800048828125,1624.0,1624.0,100
2014-03-24,1624.0,1736.0,1568.0,1657.5999755859375,1657.5999755859375,100
2014-03-25,1657.5999755859375,1657.5999755859375,1551.199951171875,1556.800048828125,1556.800048828125,0
2014-03-26,1556.800048828125,1556.800048828125,1416.800048828125,1428.0,1428.0,0
2014-03-27,1428.0,1456.0,1260.0,1260.0,1260.0,300
2014-03-28,1271.199951171875,1316.0,1254.4000244140625,1260.0,1260.0,0
2014-03-31,1260.0,1450.4000244140625,1198.4000244140625,1260.0,1260.0,0
2014-04-01,1276.800048828125,1640.800048828125,1276.800048828125,1316.0,1316.0,0
2014-04-02,1428.0,1444.800048828125,1316.0,1316.0,1316.0,0
2014-04-03,1450.4000244140625,1450.4000244140625,1265.5999755859375,1276.800048828125,1276.800048828125,0
2014-04-04,1276.800048828125,1288.0,1260.0,1260.0,1260.0,0
2014-04-07,1260.0,1265.5999755859375,1226.4000244140625,1243.199951171875,1243.199951171875,0
2014-04-08,1232.0,1248.800048828125,1215.199951171875,1215.199951171875,1215.199951171875,0
2014-04-09,1232.0,1394.4000244140625,1232.0,1232.0,1232.0,0
2014-04-10,1243.199951171875,1288.0,1103.199951171875,1148.0,1148.0,0
2014-04-11,1114.4000244140625,1136.800048828125,1103.199951171875,1125.5999755859375,1125.5999755859375,0
2014-04-14,1125.5999755859375,1204.0,1114.4000244140625,1176.0,1176.0,0
2014-04-15,1176.0,1176.0,1092.0,1103.199951171875,1103.199951171875,0
2014-04-16,1136.800048828125,1136.800048828125,1092.0,1108.800048828125,1108.800048828125,0
2014-04-17,1120.0,1125.5999755859375,1097.5999755859375,1120.0,1120.0,0
2014-04-21,1092.0,1120.0,1064.0,1092.0,1092.0,0
2014-04-22,1092.0,1092.0,1008.0,1052.800048828125,1052.800048828125,0
2014-04-23,996.7999877929688,1064.0,996.7999877929688,1036.0,1036.0,0
2014-04-24,996.7999877929688,1064.0,812.0,1064.0,1064.0,0
2014-04-25,980.0,980.0,840.0,980.0,980.0,0
2014-04-28,968.7999877929688,1170.4000244140625,963.2000122070312,1036.0,1036.0,0
2014-04-29,1024.800048828125,1064.0,1008.0,1064.0,1064.0,0
2014-04-30,1064.0,1064.0,1008.0,1047.199951171875,1047.199951171875,0
2014-05-01,1064.0,1120.0,1047.199951171875,1064.0,1064.0,0
2014-05-02,1120.0,1148.0,1092.0,1131.199951171875,1131.199951171875,0
2014-05-05,1148.0,1176.0,985.5999755859376,1148.0,1148.0,0
2014-05-06,1075.199951171875,1153.5999755859375,1041.5999755859375,1120.0,1120.0,0
2014-05-07,1125.5999755859375,1125.5999755859375,974.4000244140624,980.0,980.0,0
2014-05-08,907.2000122070312,924.0,851.2000122070312,896.0,896.0,100
2014-05-09,868.0,868.0,812.0,812.0,812.0,0
2014-05-12,817.5999755859375,845.5999755859375,700.0,728.0,728.0,0
2014-05-13,756.0,980.0,756.0,884.7999877929688,884.7999877929688,0
2014-05-14,896.0,896.0,806.4000244140625,840.0,840.0,0
2014-05-15,840.0,840.0,767.2000122070312,834.4000244140625,834.4000244140625,0
2014-05-16,834.4000244140625,840.0,834.4000244140625,840.0,840.0,0
2014-05-19,800.7999877929688,840.0,767.2000122070312,840.0,840.0,0
2014-05-20,812.0,840.0,784.0,789.5999755859375,789.5999755859375,0
2014-05-21,789.5999755859375,812.0,789.5999755859375,812.0,812.0,0
2014-05-22,812.0,834.4000244140625,800.7999877929688,806.4000244140625,806.4000244140625,0
2014-05-23,812.0,974.4000244140624,812.0,862.4000244140625,862.4000244140625,0
2014-05-27,862.4000244140625,1080.800048828125,862.4000244140625,879.2000122070312,879.2000122070312,0
2014-05-28,1047.199951171875,1086.4000244140625,862.4000244140625,940.7999877929688,940.7999877929688,0
2014-05-29,946.4000244140624,980.0,901.5999755859376,946.4000244140624,946.4000244140624,0
2014-05-30,845.5999755859375,868.0,845.5999755859375,862.4000244140625,862.4000244140625,0
2014-06-02,862.4000244140625,912.7999877929688,851.2000122070312,884.7999877929688,884.7999877929688,0
2014-06-03,896.0,896.0,856.7999877929688,856.7999877929688,856.7999877929688,0
2014-06-04,868.0,1092.0,868.0,1008.0,1008.0,0
2014-06-05,1075.199951171875,1125.5999755859375,996.7999877929688,1125.5999755859375,1125.5999755859375,0
2014-06-06,1120.0,1120.0,1002.4000244140624,1120.0,1120.0,0
2014-06-09,1114.4000244140625,1120.0,1002.4000244140624,1036.0,1036.0,0
2014-06-10,1008.0,1019.2000122070312,1008.0,1019.2000122070312,1019.2000122070312,0
2014-06-11,1019.2000122070312,1030.4000244140625,957.5999755859376,1024.800048828125,1024.800048828125,0
2014-06-12,1024.800048828125,1024.800048828125,924.0,963.2000122070312,963.2000122070312,0
2014-06-13,940.7999877929688,940.7999877929688,924.0,924.0,924.0,0
2014-06-16,924.0,952.0,924.0,929.5999755859376,929.5999755859376,0
2014-06-17,924.0,924.0,901.5999755859376,924.0,924.0,0
2014-06-18,845.5999755859375,862.4000244140625,845.5999755859375,862.4000244140625,862.4000244140625,0
2014-06-19,868.0,952.0,868.0,924.0,924.0,0
2014-06-20,924.0,996.7999877929688,924.0,952.0,952.0,0
2014-06-23,890.4000244140625,896.0,890.4000244140625,896.0,896.0,0
2014-06-24,957.5999755859376,957.5999755859376,856.7999877929688,856.7999877929688,856.7999877929688,0
2014-06-25,856.7999877929688,856.7999877929688,694.4000244140625,694.4000244140625,694.4000244140625,0
2014-06-26,694.4000244140625,728.0,672.0,672.0,672.0,0
2014-06-27,649.5999755859375,672.0,604.7999877929688,621.5999755859375,621.5999755859375,100
2014-06-30,621.5999755859375,627.2000122070312,616.0,621.5999755859375,621.5999755859375,0
2014-07-01,627.2000122070312,694.4000244140625,627.2000122070312,666.4000244140625,666.4000244140625,0
2014-07-02,672.0,672.0,649.5999755859375,649.5999755859375,649.5999755859375,0
2014-07-03,621.5999755859375,649.5999755859375,621.5999755859375,649.5999755859375,649.5999755859375,0
2014-07-07,621.5999755859375,700.0,616.0,616.0,616.0,0
2014-07-08,616.0,621.5999755859375,588.0,621.5999755859375,621.5999755859375,0
2014-07-09,616.0,616.0,571.2000122070312,576.7999877929688,576.7999877929688,0
2014-07-10,560.0,599.2000122070312,560.0,565.5999755859375,565.5999755859375,0
2014-07-11,599.2000122070312,812.0,599.2000122070312,756.0,756.0,0
2014-07-14,756.0,756.0,649.5999755859375,655.2000122070312,655.2000122070312,0
2014-07-15,644.0,700.0,616.0,626.0800170898438,626.0800170898438,100
2014-07-16,784.0,800.7999877929688,649.5999755859375,767.2000122070312,767.2000122070312,0
2014-07-17,739.2000122070312,772.7999877929688,739.2000122070312,772.7999877929688,772.7999877929688,0
2014-07-18,772.7999877929688,772.7999877929688,772.7999877929688,772.7999877929688,772.7999877929688,0
2014-07-21,733.5999755859375,862.4000244140625,728.0,840.0,840.0,0
2014-07-22,713.4400024414062,856.7999877929688,705.5999755859375,834.4000244140625,834.4000244140625,0
2014-07-23,756.0,767.2000122070312,756.0,767.2000122070312,767.2000122070312,0
2014-07-24,700.0,840.0,700.0,840.0,840.0,0
2014-07-25,840.0,980.0,840.0,980.0,980.0,0
2014-07-28,952.0,952.0,711.2000122070312,946.4000244140624,946.4000244140624,0
2014-07-29,896.0,946.4000244140624,789.5999755859375,918.4000244140624,918.4000244140624,0
2014-07-30,918.4000244140624,918.4000244140624,812.0,812.0,812.0,0
2014-07-31,700.0,756.0,700.0,705.5999755859375,705.5999755859375,0
2014-08-01,700.0,722.4000244140625,672.0,722.4000244140625,722.4000244140625,0
2014-08-04,688.7999877929688,730.239990234375,688.7999877929688,730.239990234375,730.239990234375,0
2014-08-05,728.0,729.1199951171875,728.0,728.0,728.0,0
2014-08-06,677.5999755859375,714.5599975585938,638.4000244140625,666.4000244140625,666.4000244140625,0
2014-08-07,666.4000244140625,890.4000244140625,666.4000244140625,868.0,868.0,0
2014-08-08,868.0,868.0,694.4000244140625,756.0,756.0,0
2014-08-11,672.0,694.4000244140625,638.4000244140625,649.5999755859375,649.5999755859375,0
2014-08-12,644.0,840.0,644.0,660.7999877929688,660.7999877929688,0
2014-08-13,651.8400268554688,655.2000122070312,649.5999755859375,649.5999755859375,649.5999755859375,0
2014-08-14,659.6799926757812,672.0,655.2000122070312,672.0,672.0,0
2014-08-15,700.0,784.0,672.0,672.0,672.0,0
2014-08-18,672.0,711.2000122070312,666.4000244140625,711.2000122070312,711.2000122070312,0
2014-08-19,655.2000122070312,772.7999877929688,655.2000122070312,701.1199951171875,701.1199951171875,0
2014-08-20,672.0,672.0,672.0,672.0,672.0,0
2014-08-21,663.5999755859375,672.0,649.5999755859375,672.0,672.0,0
2014-08-22,705.5999755859375,887.0399780273438,705.5999755859375,868.0,868.0,0
2014-08-25,789.5999755859375,828.7999877929688,728.0,728.0,728.0,0
2014-08-26,722.4000244140625,744.7999877929688,722.4000244140625,739.2000122070312,739.2000122070312,0
2014-08-27,772.7999877929688,772.7999877929688,772.7999877929688,772.7999877929688,772.7999877929688,0
2014-08-28,778.4000244140625,778.4000244140625,772.7999877929688,772.7999877929688,772.7999877929688,0
2014-08-29,772.7999877929688,772.7999877929688,722.4000244140625,722.4000244140625,722.4000244140625,0
2014-09-02,756.0,778.4000244140625,756.0,756.0,756.0,0
2014-09-03,756.0,795.2000122070312,688.7999877929688,688.7999877929688,688.7999877929688,0
2014-09-04,694.4000244140625,700.0,649.5999755859375,700.0,700.0,0
2014-09-05,700.0,756.0,649.5999755859375,750.4000244140625,750.4000244140625,0
2014-09-08,644.0,694.4000244140625,644.0,694.4000244140625,694.4000244140625,0
2014-09-09,700.0,700.0,700.0,700.0,700.0,0
2014-09-10,733.5999755859375,733.5999755859375,733.5999755859375,733.5999755859375,733.5999755859375,0
2014-09-11,739.2000122070312,739.2000122070312,700.0,700.0,700.0,0
2014-09-12,711.2000122070312,744.7999877929688,711.2000122070312,711.2000122070312,711.2000122070312,0
2014-09-15,719.5999755859375,756.0,711.2000122070312,716.7999877929688,716.7999877929688,0
2014-09-16,750.4000244140625,750.4000244140625,716.7999877929688,733.5999755859375,733.5999755859375,0
2014-09-17,716.7999877929688,716.7999877929688,711.2000122070312,711.2000122070312,711.2000122070312,0
2014-09-18,722.4000244140625,744.7999877929688,672.0,672.0,672.0,0
2014-09-19,649.5999755859375,700.0,644.0,644.0,644.0,0
2014-09-22,649.5999755859375,649.5999755859375,632.7999877929688,632.7999877929688,632.7999877929688,0
2014-09-23,621.5999755859375,644.0,621.5999755859375,638.4000244140625,638.4000244140625,0
2014-09-24,638.4000244140625,644.0,616.0,616.0,616.0,0
2014-09-25,593.5999755859375,593.5999755859375,511.8399963378906,560.0,560.0,0
2014-09-26,571.2000122070312,588.0,571.2000122070312,588.0,588.0,0
2014-09-29,571.2000122070312,588.0,571.2000122070312,571.2000122070312,571.2000122070312,0
2014-09-30,593.5999755859375,593.5999755859375,571.2000122070312,575.6799926757812,575.6799926757812,0
2014-10-01,593.5999755859375,593.5999755859375,477.6799926757813,532.0,532.0,0
2014-10-02,504.0,504.0,504.0,504.0,504.0,0
2014-10-03,487.2000122070313,582.4000244140625,487.2000122070313,582.4000244140625,582.4000244140625,0
2014-10-06,476.0,487.2000122070313,476.0,476.0,476.0,0
2014-10-07,476.0,481.6000061035156,476.0,476.0,476.0,0
2014-10-08,470.3999938964844,470.3999938964844,392.0,420.0,420.0,900
2014-10-09,425.6000061035156,436.7999877929688,392.0,420.0,420.0,0
2014-10-10,392.0,459.2000122070313,392.0,408.7999877929688,408.7999877929688,0
2014-10-13,408.7999877929688,411.0400085449219,392.0,408.7999877929688,408.7999877929688,0
2014-10-14,392.0,392.0,364.0,364.0,364.0,0
2014-10-15,392.0,666.4000244140625,392.0,638.4000244140625,638.4000244140625,100
2014-10-16,739.2000122070312,739.2000122070312,560.0,728.0,728.0,0
2014-10-17,728.0,750.4000244140625,728.0,728.0,728.0,0
2014-10-20,571.2000122070312,739.2000122070312,560.0,728.0,728.0,0
2014-10-21,571.2000122070312,733.5999755859375,571.2000122070312,593.5999755859375,593.5999755859375,100
2014-10-22,700.0,700.0,616.0,616.0,616.0,0
2014-10-23,722.4000244140625,739.2000122070312,722.4000244140625,722.4000244140625,722.4000244140625,0
2014-10-24,733.5999755859375,733.5999755859375,733.5999755859375,733.5999755859375,733.5999755859375,0
2014-10-27,610.4000244140625,644.0,593.5999755859375,610.4000244140625,610.4000244140625,0
2014-10-28,576.7999877929688,733.5999755859375,576.7999877929688,733.5999755859375,733.5999755859375,0
2014-10-29,728.0,739.2000122070312,716.7999877929688,716.7999877929688,716.7999877929688,0
2014-10-30,644.0,739.2000122070312,621.5999755859375,621.5999755859375,621.5999755859375,0
2014-10-31,716.7999877929688,739.2000122070312,716.7999877929688,722.4000244140625,722.4000244140625,0
2014-11-03,716.7999877929688,728.0,716.7999877929688,722.4000244140625,722.4000244140625,0
2014-11-04,716.7999877929688,728.0,672.0,672.0,672.0,0
2014-11-05,672.0,672.0,666.4000244140625,672.0,672.0,0
2014-11-06,666.4000244140625,739.2000122070312,666.4000244140625,739.2000122070312,739.2000122070312,0
2014-11-07,666.4000244140625,672.0,666.4000244140625,672.0,672.0,0
2014-11-10,649.5999755859375,733.5999755859375,649.5999755859375,660.7999877929688,660.7999877929688,0
2014-11-11,644.0,688.7999877929688,644.0,644.0,644.0,0
2014-11-12,621.5999755859375,632.7999877929688,621.5999755859375,627.2000122070312,627.2000122070312,0
2014-11-13,627.2000122070312,627.2000122070312,622.719970703125,627.2000122070312,627.2000122070312,0
2014-11-14,621.5999755859375,655.2000122070312,616.0,616.0,616.0,0
2014-11-17,644.0,728.0,621.5999755859375,728.0,728.0,0
2014-11-18,722.4000244140625,722.4000244140625,616.0,716.7999877929688,716.7999877929688,0
2014-11-19,632.7999877929688,672.0,627.2000122070312,655.2000122070312,655.2000122070312,0
2014-11-20,632.7999877929688,700.0,616.0,700.0,700.0,0
2014-11-21,616.0,714.0,616.0,700.0,700.0,0
2014-11-24,700.0,731.3599853515625,632.7999877929688,728.0,728.0,0
2014-11-25,730.239990234375,733.5999755859375,728.0,733.5999755859375,733.5999755859375,0
2014-11-26,728.0,784.0,728.0,756.0,756.0,0
2014-11-28,700.0,756.0,588.0,756.0,756.0,0
2014-12-01,711.2000122070312,711.2000122070312,711.2000122070312,711.2000122070312,711.2000122070312,0
2014-12-02,744.7999877929688,795.2000122070312,694.4000244140625,705.5999755859375,705.5999755859375,0
2014-12-03,728.0,868.0,728.0,840.0,840.0,0
2014-12-04,862.4000244140625,868.0,862.4000244140625,868.0,868.0,0
2014-12-05,868.0,940.7999877929688,840.0,840.0,840.0,0
2014-12-08,855.6799926757812,856.7999877929688,744.7999877929688,778.4000244140625,778.4000244140625,0
2014-12-09,929.5999755859376,940.7999877929688,890.4000244140625,907.2000122070312,907.2000122070312,0
2014-12-10,890.4000244140625,924.0,868.0,924.0,924.0,0
2014-12-11,750.4000244140625,952.0,750.4000244140625,795.2000122070312,795.2000122070312,0
2014-12-12,834.4000244140625,980.0,761.5999755859375,840.0,840.0,0
2014-12-15,924.0,980.0,924.0,963.2000122070312,963.2000122070312,0
2014-12-16,767.2000122070312,980.0,728.0,954.7999877929688,954.7999877929688,0
2014-12-17,974.4000244140624,1002.4000244140624,957.5999755859376,1002.4000244140624,1002.4000244140624,0
2014-12-18,1092.0,1484.0,1092.0,1232.0,1232.0,100
2014-12-19,1265.5999755859375,1265.5999755859375,1131.199951171875,1232.0,1232.0,0
2014-12-22,1187.199951171875,1192.800048828125,1120.0,1125.5999755859375,1125.5999755859375,0
2014-12-23,1131.199951171875,1187.199951171875,1120.0,1170.4000244140625,1170.4000244140625,0
2014-12-24,1170.4000244140625,1181.5999755859375,1092.0,1181.5999755859375,1181.5999755859375,0
2014-12-26,1204.0,1204.0,1092.0,1170.4000244140625,1170.4000244140625,0
2014-12-29,1148.0,1176.0,952.0,1176.0,1176.0,100
2014-12-30,1125.5999755859375,1176.0,1125.5999755859375,1176.0,1176.0,0
2014-12-31,1192.800048828125,1243.199951171875,1192.800048828125,1243.199951171875,1243.199951171875,0
2015-01-02,1243.199951171875,1243.199951171875,1092.0,1176.0,1176.0,0
2015-01-05,1075.199951171875,1114.4000244140625,1008.0,1008.0,1008.0,0
2015-01-06,985.5999755859376,1120.0,985.5999755859376,1114.4000244140625,1114.4000244140625,0
2015-01-07,1008.0,1192.800048828125,1008.0,1120.0,1120.0,0
2015-01-08,1120.0,1202.8800048828125,1120.0,1148.0,1148.0,0
2015-01-09,1092.0,1484.0,1092.0,1260.0,1260.0,0
2015-01-12,1349.5999755859375,1478.4000244140625,1265.5999755859375,1450.4000244140625,1450.4000244140625,0
2015-01-13,1456.0,1461.5999755859375,1204.0,1260.0,1260.0,0
2015-01-14,1260.0,1456.0,1260.0,1400.0,1400.0,0
2015-01-15,1428.0,1461.5999755859375,1204.0,1288.0,1288.0,0
2015-01-16,1215.199951171875,1450.4000244140625,1215.199951171875,1434.719970703125,1434.719970703125,0
2015-01-20,1372.0,1433.5999755859375,1372.0,1372.0,1372.0,0
2015-01-21,1382.0799560546875,1461.5999755859375,1382.0799560546875,1422.4000244140625,1422.4000244140625,0
2015-01-22,1484.0,1680.0,1411.199951171875,1428.0,1428.0,0
2015-01-23,1680.0,1680.0,1512.0,1534.4000244140625,1534.4000244140625,0
2015-01-26,1534.4000244140625,1534.4000244140625,1484.0,1500.800048828125,1500.800048828125,0
2015-01-27,1573.5999755859375,1573.5999755859375,1433.5999755859375,1467.199951171875,1467.199951171875,0
2015-01-28,1456.0,1534.4000244140625,1428.0,1484.0,1484.0,0
2015-01-29,1534.4000244140625,1590.4000244140625,1512.0,1540.0,1540.0,0
2015-01-30,1461.5999755859375,1534.4000244140625,1461.5999755859375,1467.199951171875,1467.199951171875,0
2015-02-02,1467.199951171875,1484.0,1461.5999755859375,1478.4000244140625,1478.4000244140625,0
2015-02-03,1478.4000244140625,1540.0,1472.800048828125,1540.0,1540.0,0
2015-02-04,1624.0,2128.0,1624.0,2060.800048828125,2060.800048828125,200
2015-02-05,2083.199951171875,2884.0,2060.800048828125,2380.0,2380.0,100
2015-02-06,2520.0,2856.0,2352.0,2766.39990234375,2766.39990234375,200
2015-02-09,2772.0,2772.0,2377.760009765625,2419.199951171875,2419.199951171875,100
2015-02-10,2436.0,2660.0,2436.0,2520.0,2520.0,0
2015-02-11,2520.0,2520.0,2424.800048828125,2486.39990234375,2486.39990234375,0
2015-02-12,2520.0,2520.0,2268.0,2296.0,2296.0,0
2015-02-13,2340.800048828125,2340.800048828125,1960.0,2212.0,2212.0,100
2015-02-17,2268.0,2475.199951171875,2128.0,2240.0,2240.0,0
2015-02-18,2268.0,2285.360107421875,1859.199951171875,1960.0,1960.0,200
2015-02-19,2016.0,2016.0,1853.5999755859373,1904.0,1904.0,0
2015-02-20,1933.1199951171875,1960.0,1904.0,1904.0,1904.0,0
2015-02-23,1929.199951171875,1965.5999755859373,1820.0,1876.0,1876.0,0
2015-02-24,1898.4000244140625,1898.4000244140625,1820.0,1892.800048828125,1892.800048828125,0
2015-02-25,1876.0,2520.0,1876.0,2520.0,2520.0,100
2015-02-26,2525.60009765625,2531.199951171875,2279.199951171875,2520.0,2520.0,0
2015-02-27,2520.0,2520.0,2296.0,2402.39990234375,2402.39990234375,0
2015-03-02,2514.39990234375,2514.39990234375,2324.0,2324.0,2324.0,0
2015-03-03,2324.0,2464.0,2324.0,2430.39990234375,2430.39990234375,0
2015-03-04,2464.0,2632.0,2380.0,2632.0,2632.0,0
2015-03-05,2520.0,2783.199951171875,2520.0,2688.0,2688.0,0
2015-03-06,2732.800048828125,2732.800048828125,2576.0,2581.60009765625,2581.60009765625,0
2015-03-09,2660.0,2716.0,2430.39990234375,2517.199951171875,2517.199951171875,0
2015-03-10,2464.0,2464.0,2016.0,2066.39990234375,2066.39990234375,100
2015-03-11,2021.5999755859373,2352.0,1971.199951171875,1971.199951171875,1971.199951171875,200
2015-03-12,2044.0,2240.0,2010.4000244140625,2122.39990234375,2122.39990234375,0
2015-03-13,2122.39990234375,2592.800048828125,2122.39990234375,2268.0,2268.0,0
2015-03-16,2363.199951171875,2363.199951171875,2262.39990234375,2262.39990234375,2262.39990234375,0
2015-03-17,2251.199951171875,2346.9599609375,2251.199951171875,2296.0,2296.0,0
2015-03-18,2352.0,2352.0,2100.0,2206.39990234375,2206.39990234375,0
2015-03-19,2168.320068359375,2203.0400390625,2044.0,2072.0,2072.0,0
2015-03-20,2072.0,2116.800048828125,1747.199951171875,1848.0,1848.0,100
2015-03-23,1820.0,1848.0,1752.800048828125,1848.0,1848.0,0
2015-03-24,1811.0400390625,1876.0,1736.0,1876.0,1876.0,0
2015-03-25,1876.0,1876.0,1680.0,1736.0,1736.0,0
2015-03-26,1727.5999755859375,1764.0,1691.199951171875,1696.800048828125,1696.800048828125,0
2015-03-27,1674.4000244140625,1876.0,1674.4000244140625,1820.0,1820.0,0
2015-03-30,1820.0,1820.0,1721.43994140625,1736.0,1736.0,0
2015-03-31,1685.5999755859375,1736.0,1685.5999755859375,1724.800048828125,1724.800048828125,0
2015-04-01,1724.800048828125,1892.800048828125,1724.800048828125,1820.0,1820.0,0
2015-04-02,2004.800048828125,2072.0,1835.1199951171875,1876.0,1876.0,0
2015-04-06,1932.0,2010.4000244140625,1724.800048828125,1764.0,1764.0,0
2015-04-07,1736.0,2072.0,1724.800048828125,1724.800048828125,1724.800048828125,0
2015-04-08,1713.5999755859375,1931.43994140625,1713.5999755859375,1775.199951171875,1775.199951171875,0
2015-04-09,1838.47998046875,1904.0,1752.800048828125,1881.5999755859373,1881.5999755859373,0
2015-04-10,1881.5999755859373,1904.0,1736.0,1764.0,1764.0,0
2015-04-13,1836.800048828125,1960.0,1797.5999755859375,1820.0,1820.0,0
2015-04-14,1803.199951171875,1864.800048828125,1792.0,1803.199951171875,1803.199951171875,0
2015-04-15,1792.0,1848.0,1769.5999755859375,1769.5999755859375,1769.5999755859375,0
2015-04-16,1792.0,1825.5999755859373,1741.5999755859375,1741.5999755859375,1741.5999755859375,0
2015-04-17,1820.0,1820.0,1736.0,1736.0,1736.0,0
2015-04-20,1764.0,1802.0799560546875,1730.4000244140625,1730.4000244140625,1730.4000244140625,0
2015-04-21,1730.4000244140625,1820.0,1730.4000244140625,1792.0,1792.0,0
2015-04-22,1820.0,1820.0,1724.800048828125,1752.800048828125,1752.800048828125,0
2015-04-23,1719.199951171875,1786.4000244140625,1719.199951171875,1749.43994140625,1749.43994140625,0
2015-04-24,1719.199951171875,1747.199951171875,1717.52001953125,1747.199951171875,1747.199951171875,0
2015-04-27,1775.199951171875,1775.199951171875,1696.800048828125,1758.4000244140625,1758.4000244140625,0
2015-04-28,1730.4000244140625,1758.4000244140625,1680.0,1736.0,1736.0,0
2015-04-29,1727.5999755859375,1727.5999755859375,1680.0,1681.1199951171875,1681.1199951171875,0
2015-04-30,1713.5999755859375,1808.800048828125,1691.199951171875,1757.280029296875,1757.280029296875,0
2015-05-01,1702.4000244140625,1702.4000244140625,1702.4000244140625,1702.4000244140625,1702.4000244140625,0
2015-05-04,1685.5999755859375,1948.800048828125,1685.5999755859375,1831.199951171875,1831.199951171875,100
2015-05-05,1700.1600341796875,1960.0,1697.9200439453125,1836.800048828125,1836.800048828125,0
2015-05-06,1803.199951171875,1904.0,1730.4000244140625,1848.0,1848.0,0
2015-05-07,1848.0,1848.0,1747.199951171875,1803.199951171875,1803.199951171875,0
2015-05-08,1764.0,1932.0,1764.0,1870.4000244140625,1870.4000244140625,0
2015-05-11,1825.5999755859373,1960.0,1825.5999755859373,1960.0,1960.0,0
2015-05-12,1904.0,1904.0,1848.0,1904.0,1904.0,0
2015-05-13,1948.800048828125,1960.0,1904.0,1920.800048828125,1920.800048828125,0
2015-05-14,1920.800048828125,1920.800048828125,1920.800048828125,1920.800048828125,1920.800048828125,0
2015-05-15,1960.0,2184.0,1960.0,2044.0,2044.0,0
2015-05-18,1937.5999755859373,1971.199951171875,1848.0,1965.5999755859373,1965.5999755859373,0
2015-05-19,1932.0,2016.0,1932.0,1976.800048828125,1976.800048828125,0
2015-05-20,1988.0,2038.4000244140625,1960.0,2021.5999755859373,2021.5999755859373,0
2015-05-21,2044.0,2094.39990234375,1878.800048828125,1999.199951171875,1999.199951171875,0
2015-05-22,2044.0,2144.800048828125,1915.199951171875,2144.800048828125,2144.800048828125,0
2015-05-26,2060.800048828125,2060.800048828125,1909.5999755859373,2044.0,2044.0,0
2015-05-27,2094.39990234375,2094.39990234375,1904.0,1960.0,1960.0,0
2015-05-28,2004.800048828125,2066.39990234375,1954.4000244140625,2066.39990234375,2066.39990234375,0
2015-05-29,2094.39990234375,2240.0,2094.39990234375,2178.39990234375,2178.39990234375,100
2015-06-01,1971.199951171875,2072.0,1848.0,1954.4000244140625,1954.4000244140625,0
2015-06-02,1965.5999755859373,2223.199951171875,1965.5999755859373,2021.5999755859373,2021.5999755859373,0
2015-06-03,2184.0,2184.0,1988.0,2016.0,2016.0,0
2015-06-04,2088.800048828125,2150.39990234375,1960.0,2032.800048828125,2032.800048828125,200
2015-06-05,2060.800048828125,2060.800048828125,1909.5999755859373,1943.199951171875,1943.199951171875,100
2015-06-08,1971.199951171875,2136.39990234375,1915.199951171875,2004.800048828125,2004.800048828125,0
2015-06-09,2055.199951171875,2100.0,1932.0,1965.5999755859373,1965.5999755859373,0
2015-06-10,1982.4000244140625,2055.199951171875,1904.0,2010.4000244140625,2010.4000244140625,0
2015-06-11,2060.800048828125,2100.0,2010.4000244140625,2055.199951171875,2055.199951171875,0
2015-06-12,2111.199951171875,2111.199951171875,2044.0,2088.800048828125,2088.800048828125,0
2015-06-15,2111.199951171875,2514.39990234375,2077.60009765625,2508.800048828125,2508.800048828125,500
2015-06-16,2520.0,2699.199951171875,2436.0,2486.39990234375,2486.39990234375,200
2015-06-17,2486.39990234375,2503.199951171875,2391.199951171875,2486.39990234375,2486.39990234375,100
2015-06-18,2492.0,2716.0,2492.0,2688.0,2688.0,400
2015-06-19,2744.0,2783.199951171875,2441.60009765625,2587.199951171875,2587.199951171875,800
2015-06-22,2626.39990234375,2760.800048828125,2520.0,2760.800048828125,2760.800048828125,100
2015-06-23,2637.60009765625,2766.39990234375,2553.60009765625,2744.0,2744.0,100
2015-06-24,2660.0,2772.0,2447.199951171875,2581.60009765625,2581.60009765625,100
2015-06-25,2732.800048828125,2758.56005859375,2581.60009765625,2648.800048828125,2648.800048828125,200
2015-06-26,2682.39990234375,2716.0,2458.39990234375,2716.0,2716.0,300
2015-06-29,2716.0,2772.0,2553.60009765625,2609.60009765625,2609.60009765625,0
2015-06-30,2654.39990234375,2872.800048828125,2508.800048828125,2844.800048828125,2844.800048828125,700
2015-07-01,2884.0,3029.60009765625,2856.0,2934.39990234375,2934.39990234375,600
2015-07-02,3040.800048828125,3080.0,2884.0,2956.800048828125,2956.800048828125,300
2015-07-06,3046.39990234375,3192.0,2968.0,3192.0,3192.0,800
2015-07-07,3186.39990234375,3226.719970703125,3024.0,3220.0,3220.0,600
2015-07-08,3220.0,3220.0,3063.760009765625,3136.0,3136.0,200
2015-07-09,3203.199951171875,3220.0,2917.60009765625,3052.0,3052.0,200
2015-07-10,3007.199951171875,3136.0,2945.60009765625,3136.0,3136.0,100
2015-07-13,3136.0,3136.0,2950.639892578125,3108.0,3108.0,100
2015-07-14,3080.0,3080.0,2940.0,3046.39990234375,3046.39990234375,0
2015-07-15,3096.800048828125,3096.800048828125,2917.60009765625,2945.60009765625,2945.60009765625,100
2015-07-16,3000.47998046875,3035.199951171875,2688.0,2872.800048828125,2872.800048828125,100
2015-07-17,2828.0,3035.199951171875,2822.39990234375,3018.39990234375,3018.39990234375,0
2015-07-20,3046.39990234375,3046.39990234375,2867.760009765625,2884.0,2884.0,0
2015-07-21,2956.800048828125,2956.800048828125,2822.39990234375,2856.0,2856.0,0
2015-07-22,2816.800048828125,2965.199951171875,2816.800048828125,2889.60009765625,2889.60009765625,0
2015-07-23,2856.0,2912.0,2805.60009765625,2833.60009765625,2833.60009765625,0
2015-07-24,2828.0,2839.199951171875,2688.0,2693.60009765625,2693.60009765625,100
2015-07-27,2637.60009765625,2672.320068359375,2368.800048828125,2436.0,2436.0,100
2015-07-28,2368.800048828125,2626.39990234375,2335.199951171875,2531.199951171875,2531.199951171875,0
2015-07-29,2548.0,2727.199951171875,2531.199951171875,2531.199951171875,2531.199951171875,0
2015-07-30,2576.0,2844.800048828125,2576.0,2828.0,2828.0,0
2015-07-31,2884.0,2884.0,2660.0,2688.0,2688.0,0
2015-08-03,2738.39990234375,2928.800048828125,2676.800048828125,2861.60009765625,2861.60009765625,100
2015-08-04,2884.0,2923.199951171875,2727.199951171875,2744.0,2744.0,0
2015-08-05,2800.0,2856.0,2660.0,2783.199951171875,2783.199951171875,0
2015-08-06,2699.199951171875,2844.800048828125,2699.199951171875,2704.800048828125,2704.800048828125,0
2015-08-07,2727.199951171875,2732.800048828125,2598.39990234375,2693.60009765625,2693.60009765625,0
2015-08-10,2665.60009765625,2778.719970703125,2520.0,2721.60009765625,2721.60009765625,100
2015-08-11,2788.800048828125,2788.800048828125,2648.800048828125,2682.39990234375,2682.39990234375,0
2015-08-12,2648.800048828125,2648.800048828125,2352.0,2531.199951171875,2531.199951171875,0
2015-08-13,2492.0,2671.199951171875,2475.199951171875,2480.800048828125,2480.800048828125,0
2015-08-14,2492.0,2492.0,2384.47998046875,2452.800048828125,2452.800048828125,0
2015-08-17,2413.60009765625,2601.199951171875,2380.0,2536.800048828125,2536.800048828125,0
2015-08-18,2592.800048828125,2592.800048828125,2525.60009765625,2525.60009765625,2525.60009765625,0
2015-08-19,2553.60009765625,2660.0,2380.0,2385.60009765625,2385.60009765625,0
2015-08-20,2335.199951171875,2452.800048828125,2128.0,2178.39990234375,2178.39990234375,100
2015-08-21,2184.0,2236.639892578125,1965.5999755859373,1971.199951171875,1971.199951171875,100
2015-08-24,1831.199951171875,2161.60009765625,1736.0,2161.60009765625,2161.60009765625,0
2015-08-25,2167.199951171875,2240.0,2128.0,2151.52001953125,2151.52001953125,0
2015-08-26,2116.800048828125,2150.39990234375,2060.800048828125,2122.39990234375,2122.39990234375,0
2015-08-27,2200.800048828125,2200.800048828125,1988.0,2111.199951171875,2111.199951171875,0
2015-08-28,2223.199951171875,2223.199951171875,1948.800048828125,2060.800048828125,2060.800048828125,0
2015-08-31,2161.60009765625,2189.60009765625,2032.800048828125,2100.0,2100.0,100
2015-09-01,2111.199951171875,2227.679931640625,1965.5999755859373,2111.199951171875,2111.199951171875,100
2015-09-02,2027.199951171875,2116.800048828125,1960.0,2111.199951171875,2111.199951171875,0
2015-09-03,2094.39990234375,2098.8798828125,1954.4000244140625,1954.4000244140625,1954.4000244140625,0
2015-09-04,1926.4000244140625,1976.800048828125,1825.5999755859373,1920.800048828125,1920.800048828125,0
2015-09-08,1943.199951171875,1974.0,1881.5999755859373,1937.5999755859373,1937.5999755859373,0
2015-09-09,1892.800048828125,1971.199951171875,1803.199951171875,1831.199951171875,1831.199951171875,0
2015-09-10,1831.199951171875,1918.0,1831.199951171875,1853.5999755859373,1853.5999755859373,0
2015-09-11,1842.4000244140625,1909.5999755859373,1797.5999755859375,1848.0,1848.0,0
2015-09-14,1853.5999755859373,1943.199951171875,1803.199951171875,1808.800048828125,1808.800048828125,0
2015-09-15,1814.4000244140625,1853.5999755859373,1764.0,1786.4000244140625,1786.4000244140625,0
2015-09-16,1831.199951171875,1876.0,1736.0,1741.5999755859375,1741.5999755859375,0
2015-09-17,1775.199951171875,1775.199951171875,1758.4000244140625,1761.199951171875,1761.199951171875,0
2015-09-18,1764.0,1786.4000244140625,1652.0,1786.4000244140625,1786.4000244140625,0
2015-09-21,1808.800048828125,1814.4000244140625,1736.0,1736.0,1736.0,0
2015-09-22,1736.0,1752.800048828125,1708.0,1724.800048828125,1724.800048828125,0
2015-09-23,1703.52001953125,1703.52001953125,1674.4000244140625,1680.0,1680.0,0
2015-09-24,1680.0,1691.199951171875,1629.5999755859375,1646.4000244140625,1646.4000244140625,0
2015-09-25,1618.4000244140625,1657.5999755859375,1540.0,1556.800048828125,1556.800048828125,0
2015-09-28,1540.0,1579.199951171875,1310.4000244140625,1355.199951171875,1355.199951171875,0
2015-09-29,1349.5999755859375,1394.4000244140625,1148.0,1181.5999755859375,1181.5999755859375,0
2015-09-30,1164.800048828125,1232.0,1159.199951171875,1170.4000244140625,1170.4000244140625,100
2015-10-01,1170.4000244140625,1411.199951171875,1097.5999755859375,1120.0,1120.0,0
2015-10-02,1075.199951171875,1243.199951171875,1075.199951171875,1181.5999755859375,1181.5999755859375,0
2015-10-05,2060.800048828125,3516.800048828125,1808.800048828125,2643.199951171875,2643.199951171875,51100
2015-10-06,2408.0,2503.199951171875,2172.800048828125,2234.39990234375,2234.39990234375,8300
2015-10-07,1797.5999755859375,1898.4000244140625,1702.4000244140625,1775.199951171875,1775.199951171875,5000
2015-10-08,1780.800048828125,1786.4000244140625,1584.800048828125,1618.4000244140625,1618.4000244140625,2100
2015-10-09,1601.5999755859375,1652.0,1523.199951171875,1607.199951171875,1607.199951171875,1000
2015-10-12,1624.0,1624.0,1512.0,1512.0,1512.0,600
2015-10-13,1512.0,1573.5999755859375,1433.5999755859375,1545.5999755859375,1545.5999755859375,1000
2015-10-14,1568.0,1579.199951171875,1321.5999755859375,1327.199951171875,1327.199951171875,1200
2015-10-15,1332.800048828125,1388.800048828125,1299.199951171875,1360.800048828125,1360.800048828125,800
2015-10-16,1344.0,1366.4000244140625,1254.4000244140625,1265.5999755859375,1265.5999755859375,700
2015-10-19,1338.4000244140625,1372.0,1271.199951171875,1299.199951171875,1299.199951171875,800
2015-10-20,1316.0,1316.0,1192.800048828125,1215.199951171875,1215.199951171875,600
2015-10-21,1237.5999755859375,1237.5999755859375,1120.0,1131.199951171875,1131.199951171875,1100
2015-10-22,1164.800048828125,1164.800048828125,996.7999877929688,1030.4000244140625,1030.4000244140625,1200
2015-10-23,1092.0,1103.199951171875,952.0,991.2000122070312,991.2000122070312,900
2015-10-26,963.2000122070312,1052.800048828125,946.4000244140624,1019.2000122070312,1019.2000122070312,900
2015-10-27,1019.2000122070312,1075.199951171875,845.5999755859375,896.0,896.0,2300
2015-10-28,901.5999755859376,991.2000122070312,862.4000244140625,957.5999755859376,957.5999755859376,800
2015-10-29,957.5999755859376,980.0,912.7999877929688,918.4000244140624,918.4000244140624,500
2015-10-30,924.0,952.0,884.7999877929688,901.5999755859376,901.5999755859376,500
2015-11-02,963.2000122070312,985.5999755859376,896.0,985.5999755859376,985.5999755859376,400
2015-11-03,1024.800048828125,1136.800048828125,985.5999755859376,1064.0,1064.0,2200
2015-11-04,1075.199951171875,1103.199951171875,1002.4000244140624,1036.0,1036.0,500
2015-11-05,1052.800048828125,1052.800048828125,957.5999755859376,963.2000122070312,963.2000122070312,500
2015-11-06,963.2000122070312,1008.0,929.5999755859376,963.2000122070312,963.2000122070312,400
2015-11-09,980.0,996.7999877929688,940.7999877929688,968.7999877929688,968.7999877929688,200
2015-11-10,946.4000244140624,1011.9199829101562,901.5999755859376,918.4000244140624,918.4000244140624,500
2015-11-11,918.4000244140624,924.0,851.2000122070312,924.0,924.0,400
2015-11-12,879.2000122070312,901.5999755859376,840.0,862.4000244140625,862.4000244140625,400
2015-11-13,873.5999755859375,873.5999755859375,795.2000122070312,862.4000244140625,862.4000244140625,400
2015-11-16,845.5999755859375,931.280029296875,828.7999877929688,845.5999755859375,845.5999755859375,100
2015-11-17,862.4000244140625,901.5999755859376,845.5999755859375,884.7999877929688,884.7999877929688,200
2015-11-18,896.0,924.0,868.0,901.5999755859376,901.5999755859376,200
2015-11-19,890.4000244140625,935.2000122070312,873.5999755859375,918.4000244140624,918.4000244140624,100
2015-11-20,901.5999755859376,922.8800048828124,896.0,918.4000244140624,918.4000244140624,100
2015-11-23,907.2000122070312,1002.4000244140624,907.2000122070312,991.2000122070312,991.2000122070312,300
2015-11-24,980.0,1136.800048828125,968.7999877929688,1097.5999755859375,1097.5999755859375,1400
2015-11-25,1148.0,1176.0,1024.800048828125,1114.4000244140625,1114.4000244140625,1000
2015-11-27,1120.0,1209.5999755859375,1114.4000244140625,1209.5999755859375,1209.5999755859375,600
2015-11-30,1232.0,1310.4000244140625,1176.0,1265.5999755859375,1265.5999755859375,1200
2015-12-01,1327.199951171875,1366.4000244140625,1204.0,1355.199951171875,1355.199951171875,1400
2015-12-02,1366.4000244140625,1383.199951171875,1276.800048828125,1332.800048828125,1332.800048828125,500
2015-12-03,1327.199951171875,1327.199951171875,1232.0,1265.5999755859375,1265.5999755859375,600
2015-12-04,1254.4000244140625,1316.0,1237.5999755859375,1288.0,1288.0,300
2015-12-07,1260.0,1265.5999755859375,1192.800048828125,1232.0,1232.0,300
2015-12-08,1282.4000244140625,1282.4000244140625,1103.199951171875,1108.800048828125,1108.800048828125,1100
2015-12-09,1086.4000244140625,1086.4000244140625,968.7999877929688,977.2000122070312,977.2000122070312,700
2015-12-10,980.0,980.0,912.7999877929688,963.2000122070312,963.2000122070312,400
2015-12-11,991.2000122070312,991.2000122070312,907.2000122070312,907.2000122070312,907.2000122070312,200
2015-12-14,907.2000122070312,912.7999877929688,845.5999755859375,879.2000122070312,879.2000122070312,300
2015-12-15,862.4000244140625,929.5999755859376,845.5999755859375,873.5999755859375,873.5999755859375,200
2015-12-16,901.5999755859376,972.719970703125,868.0,935.2000122070312,935.2000122070312,200
2015-12-17,968.7999877929688,1047.199951171875,907.2000122070312,918.4000244140624,918.4000244140624,200
2015-12-18,912.7999877929688,1036.0,912.7999877929688,952.0,952.0,300
2015-12-21,963.2000122070312,963.2000122070312,907.2000122070312,918.4000244140624,918.4000244140624,100
2015-12-22,918.4000244140624,963.2000122070312,868.0,924.0,924.0,100
2015-12-23,943.0399780273438,946.4000244140624,896.0,929.5999755859376,929.5999755859376,200
2015-12-24,935.2000122070312,935.2000122070312,896.0,907.2000122070312,907.2000122070312,0
2015-12-28,884.7999877929688,990.0800170898438,868.0,884.7999877929688,884.7999877929688,200
2015-12-29,873.5999755859375,918.9600219726562,867.4400024414062,896.0,896.0,200
2015-12-30,907.2000122070312,907.2000122070312,856.7999877929688,884.7999877929688,884.7999877929688,100
2015-12-31,868.0,873.5999755859375,840.0,862.4000244140625,862.4000244140625,300
2016-01-04,840.0,912.7999877929688,817.5999755859375,873.5999755859375,873.5999755859375,300
2016-01-05,912.7999877929688,935.2000122070312,840.0,840.0,840.0,500
2016-01-06,840.0,876.9600219726562,767.2000122070312,778.4000244140625,778.4000244140625,300
2016-01-07,795.2000122070312,813.6799926757812,672.0,728.0,728.0,200
2016-01-08,739.2000122070312,778.4000244140625,635.5999755859375,649.5999755859375,649.5999755859375,200
2016-01-11,666.4000244140625,666.4000244140625,425.6000061035156,560.0,560.0,900
2016-01-12,588.0,789.5999755859375,476.0,672.0,672.0,500
2016-01-13,655.2000122070312,694.4000244140625,565.5999755859375,632.7999877929688,632.7999877929688,200
2016-01-14,655.2000122070312,655.2000122070312,543.2000122070312,621.5999755859375,621.5999755859375,300
2016-01-15,582.4000244140625,616.0,543.2000122070312,560.0,560.0,200
2016-01-19,582.4000244140625,582.9600219726562,476.0,543.2000122070312,543.2000122070312,200
2016-01-20,509.6000061035156,543.2000122070312,459.2000122070313,520.7999877929688,520.7999877929688,100
2016-01-21,520.7999877929688,584.6400146484375,509.6000061035156,560.0,560.0,0
2016-01-22,627.2000122070312,644.0,548.7999877929688,554.4000244140625,554.4000244140625,200
2016-01-25,560.0,588.0,537.5999755859375,554.4000244140625,554.4000244140625,100
2016-01-26,548.7999877929688,560.0,527.52001953125,537.5999755859375,537.5999755859375,0
2016-01-27,537.5999755859375,556.0800170898438,526.4000244140625,532.0,532.0,0
2016-01-28,537.5999755859375,616.0,481.6000061035156,560.0,560.0,400
2016-01-29,560.0,607.5999755859375,532.0,532.0,532.0,200
2016-02-01,532.0,604.7999877929688,520.7999877929688,554.4000244140625,554.4000244140625,0
2016-02-02,548.7999877929688,593.5999755859375,548.7999877929688,571.2000122070312,571.2000122070312,100
2016-02-03,576.7999877929688,576.7999877929688,532.0,565.5999755859375,565.5999755859375,0
2016-02-04,565.5999755859375,571.2000122070312,542.0800170898438,571.2000122070312,571.2000122070312,0
2016-02-05,548.7999877929688,571.2000122070312,539.8400268554688,549.3599853515625,549.3599853515625,0
2016-02-08,537.5999755859375,571.2000122070312,477.6799926757813,532.0,532.0,0
2016-02-09,515.2000122070312,560.0,504.0,506.7999877929688,506.7999877929688,0
2016-02-10,515.2000122070312,551.0399780273438,504.0,509.6000061035156,509.6000061035156,0
2016-02-11,504.0,504.0,487.2000122070313,490.0,490.0,0
2016-02-12,487.2000122070313,532.0,481.6000061035156,498.3999938964844,498.3999938964844,0
2016-02-16,526.4000244140625,554.4000244140625,464.7999877929688,537.5999755859375,537.5999755859375,0
2016-02-17,548.7999877929688,571.2000122070312,504.0,560.0,560.0,0
2016-02-18,565.5999755859375,588.0,526.4000244140625,582.4000244140625,582.4000244140625,0
2016-02-19,565.5999755859375,616.0,548.7999877929688,554.4000244140625,554.4000244140625,100
2016-02-22,571.2000122070312,571.2000122070312,528.0800170898438,537.5999755859375,537.5999755859375,0
2016-02-23,532.0,554.4000244140625,498.3999938964844,504.0,504.0,100
2016-02-24,504.0,548.7999877929688,504.0,548.7999877929688,548.7999877929688,0
2016-02-25,532.0,540.4000244140625,515.2000122070312,526.4000244140625,526.4000244140625,0
2016-02-26,504.0,526.4000244140625,492.7999877929688,518.0,518.0,0
2016-02-29,526.4000244140625,532.0,492.7999877929688,492.7999877929688,492.7999877929688,0
2016-03-01,504.0,530.8800048828125,504.0,504.0,504.0,0
2016-03-02,509.6000061035156,532.0,504.0,526.4000244140625,526.4000244140625,0
2016-03-03,532.0,638.4000244140625,532.0,576.7999877929688,576.7999877929688,300
2016-03-04,615.4400024414062,616.0,532.0,537.0399780273438,537.0399780273438,100
2016-03-07,548.239990234375,722.4000244140625,548.239990234375,677.5999755859375,677.5999755859375,700
2016-03-08,677.5999755859375,784.0,677.5999755859375,722.4000244140625,722.4000244140625,400
2016-03-09,728.0,778.4000244140625,711.2000122070312,711.2000122070312,711.2000122070312,100
2016-03-10,711.2000122070312,781.2000122070312,616.0,632.7999877929688,632.7999877929688,100
2016-03-11,686.0,686.0,610.4000244140625,638.4000244140625,638.4000244140625,100
2016-03-14,627.2000122070312,711.760009765625,593.5999755859375,599.2000122070312,599.2000122070312,100
2016-03-15,599.2000122070312,644.0,560.0,565.5999755859375,565.5999755859375,100
2016-03-16,586.8800048828125,705.5999755859375,576.7999877929688,632.7999877929688,632.7999877929688,300
2016-03-17,655.2000122070312,683.2000122070312,616.0,638.4000244140625,638.4000244140625,100
2016-03-18,644.0,660.7999877929688,621.5999755859375,638.4000244140625,638.4000244140625,0
2016-03-21,655.2000122070312,716.7999877929688,655.2000122070312,711.2000122070312,711.2000122070312,100
2016-03-22,705.5999755859375,974.4000244140624,705.5999755859375,974.4000244140624,974.4000244140624,1700
2016-03-23,957.5999755859376,1008.0,828.7999877929688,828.7999877929688,828.7999877929688,600
2016-03-24,812.0,890.4000244140625,800.7999877929688,862.4000244140625,862.4000244140625,100
2016-03-28,890.4000244140625,890.4000244140625,778.4000244140625,834.4000244140625,834.4000244140625,100
2016-03-29,1114.4000244140625,1265.5999755859375,929.5999755859376,935.2000122070312,935.2000122070312,14400
2016-03-30,756.0,756.0,660.7999877929688,711.2000122070312,711.2000122070312,5500
2016-03-31,711.2000122070312,711.2000122070312,672.0,677.5999755859375,677.5999755859375,1300
2016-04-01,660.7999877929688,683.2000122070312,627.2000122070312,649.5999755859375,649.5999755859375,900
2016-04-04,672.0,694.4000244140625,616.0,649.5999755859375,649.5999755859375,1300
2016-04-05,649.5999755859375,649.5999755859375,610.4000244140625,632.7999877929688,632.7999877929688,600
2016-04-06,627.2000122070312,660.7999877929688,604.7999877929688,632.7999877929688,632.7999877929688,800
2016-04-07,632.7999877929688,694.4000244140625,627.2000122070312,660.7999877929688,660.7999877929688,900
2016-04-08,638.4000244140625,672.0,627.2000122070312,649.5999755859375,649.5999755859375,400
2016-04-11,660.7999877929688,660.7999877929688,621.5999755859375,627.2000122070312,627.2000122070312,700
2016-04-12,638.4000244140625,677.5999755859375,627.2000122070312,655.2000122070312,655.2000122070312,600
2016-04-13,644.0,672.0,632.7999877929688,638.4000244140625,638.4000244140625,500
2016-04-14,638.4000244140625,672.0,632.7999877929688,644.0,644.0,600
2016-04-15,638.4000244140625,644.0,632.7999877929688,632.7999877929688,632.7999877929688,300
2016-04-18,632.7999877929688,649.5999755859375,627.2000122070312,638.4000244140625,638.4000244140625,500
2016-04-19,627.2000122070312,655.2000122070312,576.7999877929688,593.5999755859375,593.5999755859375,900
2016-04-20,593.5999755859375,610.4000244140625,588.0,604.7999877929688,604.7999877929688,200
2016-04-21,604.7999877929688,627.2000122070312,593.5999755859375,616.0,616.0,400
2016-04-22,616.0,627.2000122070312,604.7999877929688,610.4000244140625,610.4000244140625,200
2016-04-25,604.7999877929688,627.2000122070312,582.4000244140625,627.2000122070312,627.2000122070312,400
2016-04-26,616.0,616.0,582.4000244140625,582.4000244140625,582.4000244140625,300
2016-04-27,604.7999877929688,604.7999877929688,571.2000122070312,588.0,588.0,200
2016-04-28,588.0,604.7999877929688,576.7999877929688,604.7999877929688,604.7999877929688,200
2016-04-29,599.2000122070312,599.2000122070312,560.0,560.0,560.0,300
2016-05-02,560.0,560.0,532.0,540.4000244140625,540.4000244140625,400
2016-05-03,537.5999755859375,556.0800170898438,537.5999755859375,537.5999755859375,537.5999755859375,100
2016-05-04,537.5999755859375,554.4000244140625,515.2000122070312,548.7999877929688,548.7999877929688,100
2016-05-05,543.2000122070312,543.2000122070312,504.0,543.2000122070312,543.2000122070312,200
2016-05-06,548.7999877929688,588.0,548.7999877929688,554.4000244140625,554.4000244140625,400
2016-05-09,554.4000244140625,560.0,509.6000061035156,515.2000122070312,515.2000122070312,200
2016-05-10,532.0,582.4000244140625,504.0,554.4000244140625,554.4000244140625,200
2016-05-11,554.4000244140625,576.7999877929688,520.7999877929688,532.0,532.0,100
2016-05-12,532.0,532.5599975585938,491.1199951171875,492.7999877929688,492.7999877929688,400
2016-05-13,492.7999877929688,532.0,492.7999877929688,492.7999877929688,492.7999877929688,200
2016-05-16,492.7999877929688,532.0,459.2000122070313,492.7999877929688,492.7999877929688,200
2016-05-17,504.0,504.0,459.2000122070313,484.9599914550781,484.9599914550781,200
2016-05-18,498.3999938964844,498.3999938964844,470.3999938964844,470.3999938964844,470.3999938964844,200
2016-05-19,464.7999877929688,481.6000061035156,453.6000061035156,459.2000122070313,459.2000122070313,100
2016-05-20,470.3999938964844,470.3999938964844,453.6000061035156,462.0,462.0,100
2016-05-23,473.2000122070313,476.0,459.2000122070313,470.3999938964844,470.3999938964844,100
2016-05-24,470.3999938964844,498.3999938964844,459.2000122070313,487.2000122070313,487.2000122070313,200
2016-05-25,470.3999938964844,509.6000061035156,464.7999877929688,509.6000061035156,509.6000061035156,100
2016-05-26,515.2000122070312,526.4000244140625,492.7999877929688,515.2000122070312,515.2000122070312,100
2016-05-27,498.3999938964844,526.4000244140625,498.3999938964844,509.6000061035156,509.6000061035156,100
2016-05-31,532.0,588.0,466.4800109863281,487.2000122070313,487.2000122070313,700
2016-06-01,504.0,509.6000061035156,484.3999938964844,492.7999877929688,492.7999877929688,400
2016-06-02,492.7999877929688,524.1599731445312,487.2000122070313,520.7999877929688,520.7999877929688,200
2016-06-03,520.7999877929688,593.5999755859375,504.0,576.7999877929688,576.7999877929688,700
2016-06-06,588.0,599.2000122070312,532.5599975585938,534.7999877929688,534.7999877929688,200
2016-06-07,537.5999755859375,537.5999755859375,515.2000122070312,515.2000122070312,515.2000122070312,100
2016-06-08,526.4000244140625,543.2000122070312,515.2000122070312,515.2000122070312,515.2000122070312,0
2016-06-09,526.4000244140625,532.0,515.2000122070312,515.2000122070312,515.2000122070312,100
2016-06-10,520.7999877929688,554.4000244140625,515.2000122070312,554.4000244140625,554.4000244140625,300
2016-06-13,565.5999755859375,576.7999877929688,515.2000122070312,534.239990234375,534.239990234375,100
2016-06-14,537.5999755859375,571.2000122070312,515.2000122070312,515.2000122070312,515.2000122070312,200
2016-06-15,526.9600219726562,560.0,515.2000122070312,526.4000244140625,526.4000244140625,0
2016-06-16,520.7999877929688,554.4000244140625,516.8800048828125,516.8800048828125,516.8800048828125,100
2016-06-17,537.5999755859375,548.7999877929688,532.0,532.0,532.0,0
2016-06-20,526.4000244140625,560.0,520.7999877929688,526.4000244140625,526.4000244140625,100
2016-06-21,532.0,548.7999877929688,532.0,543.2000122070312,543.2000122070312,0
2016-06-22,559.4400024414062,588.0,543.2000122070312,582.4000244140625,582.4000244140625,200
2016-06-23,582.4000244140625,660.7999877929688,571.2000122070312,610.4000244140625,610.4000244140625,1000
2016-06-24,588.0,604.7999877929688,554.4000244140625,554.4000244140625,554.4000244140625,500
2016-06-27,554.4000244140625,560.0,532.0,560.0,560.0,200
2016-06-28,571.2000122070312,638.4000244140625,565.5999755859375,632.7999877929688,632.7999877929688,300
2016-06-29,666.4000244140625,677.5999755859375,571.2000122070312,588.0,588.0,1100
2016-06-30,599.2000122070312,621.5999755859375,582.4000244140625,582.4000244140625,582.4000244140625,400
2016-07-01,588.0,642.8800048828125,588.0,604.7999877929688,604.7999877929688,300
2016-07-05,621.5999755859375,627.2000122070312,571.2000122070312,627.2000122070312,627.2000122070312,200
2016-07-06,638.4000244140625,638.4000244140625,588.0,604.7999877929688,604.7999877929688,200
2016-07-07,599.2000122070312,621.5999755859375,571.2000122070312,571.2000122070312,571.2000122070312,200
2016-07-08,576.7999877929688,588.0,565.5999755859375,582.4000244140625,582.4000244140625,300
2016-07-11,576.7999877929688,599.2000122070312,571.2000122070312,599.2000122070312,599.2000122070312,200
2016-07-12,588.0,604.7999877929688,576.7999877929688,582.4000244140625,582.4000244140625,200
2016-07-13,588.0,597.52001953125,576.7999877929688,588.0,588.0,0
2016-07-14,593.5999755859375,611.52001953125,571.2000122070312,604.7999877929688,604.7999877929688,400
2016-07-15,599.2000122070312,616.0,588.0,610.4000244140625,610.4000244140625,400
2016-07-18,613.760009765625,616.0,576.7999877929688,593.5999755859375,593.5999755859375,200
2016-07-19,596.4000244140625,599.2000122070312,565.5999755859375,582.4000244140625,582.4000244140625,100
2016-07-20,582.4000244140625,604.7999877929688,565.5999755859375,582.4000244140625,582.4000244140625,200
2016-07-21,576.7999877929688,593.5999755859375,571.2000122070312,582.4000244140625,582.4000244140625,200
2016-07-22,582.4000244140625,588.0,565.5999755859375,576.7999877929688,576.7999877929688,200
2016-07-25,582.4000244140625,598.6400146484375,571.2000122070312,571.2000122070312,571.2000122070312,100
2016-07-26,571.2000122070312,582.4000244140625,537.5999755859375,560.0,560.0,300
2016-07-27,561.6799926757812,571.2000122070312,546.5599975585938,546.5599975585938,546.5599975585938,0
2016-07-28,560.0,582.4000244140625,546.5599975585938,560.0,560.0,200
2016-07-29,571.2000122070312,588.0,554.4000244140625,565.5999755859375,565.5999755859375,100
2016-08-01,576.7999877929688,588.0,565.5999755859375,571.2000122070312,571.2000122070312,100
2016-08-02,604.7999877929688,616.0,548.7999877929688,560.0,560.0,500
2016-08-03,560.0,565.5999755859375,548.7999877929688,551.5999755859375,551.5999755859375,100
2016-08-04,554.4000244140625,560.0,543.2000122070312,548.7999877929688,548.7999877929688,100
2016-08-05,548.7999877929688,571.2000122070312,548.7999877929688,571.2000122070312,571.2000122070312,100
2016-08-08,576.7999877929688,616.0,565.5999755859375,571.2000122070312,571.2000122070312,100
2016-08-09,571.2000122070312,593.5999755859375,548.7999877929688,560.0,560.0,0
2016-08-10,588.0,588.0,560.0,565.5999755859375,565.5999755859375,100
2016-08-11,576.7999877929688,588.0,565.5999755859375,582.4000244140625,582.4000244140625,100
2016-08-12,576.7999877929688,616.0,565.5999755859375,588.0,588.0,500
2016-08-15,599.2000122070312,599.2000122070312,588.0,588.0,588.0,100
2016-08-16,588.0,604.7999877929688,588.0,599.2000122070312,599.2000122070312,100
2016-08-17,604.7999877929688,744.239990234375,603.6799926757812,700.0,700.0,2400
2016-08-18,784.0,784.0,672.0,677.5999755859375,677.5999755859375,900
2016-08-19,666.4000244140625,672.0,644.0,655.2000122070312,655.2000122070312,100
2016-08-22,649.5999755859375,672.0,627.2000122070312,644.0,644.0,100
2016-08-23,644.0,660.7999877929688,632.7999877929688,644.0,644.0,100
2016-08-24,638.4000244140625,654.6400146484375,616.0,632.7999877929688,632.7999877929688,100
2016-08-25,627.2000122070312,627.2000122070312,616.0,627.2000122070312,627.2000122070312,100
2016-08-26,627.2000122070312,644.0,616.0,616.0,616.0,0
2016-08-29,621.5999755859375,638.4000244140625,621.5999755859375,627.2000122070312,627.2000122070312,0
2016-08-30,644.0,649.5999755859375,627.2000122070312,627.2000122070312,627.2000122070312,100
2016-08-31,630.0,655.2000122070312,627.2000122070312,644.0,644.0,100
2016-09-01,655.2000122070312,660.7999877929688,632.7999877929688,649.5999755859375,649.5999755859375,100
2016-09-02,655.2000122070312,672.0,621.5999755859375,621.5999755859375,621.5999755859375,300
2016-09-06,621.5999755859375,666.4000244140625,599.2000122070312,627.2000122070312,627.2000122070312,100
2016-09-07,672.0,672.0,571.2000122070312,571.2000122070312,571.2000122070312,300
2016-09-08,576.7999877929688,599.2000122070312,560.0,588.0,588.0,100
2016-09-09,582.4000244140625,587.4400024414062,532.0,548.7999877929688,548.7999877929688,500
2016-09-12,588.0,610.4000244140625,560.0,593.5999755859375,593.5999755859375,300
2016-09-13,599.2000122070312,610.4000244140625,588.0,593.5999755859375,593.5999755859375,100
2016-09-14,604.7999877929688,655.2000122070312,588.0,627.2000122070312,627.2000122070312,200
2016-09-15,632.7999877929688,700.0,610.4000244140625,672.0,672.0,400
2016-09-16,677.5999755859375,683.2000122070312,627.760009765625,660.7999877929688,660.7999877929688,300
2016-09-19,655.2000122070312,683.2000122070312,627.2000122070312,627.2000122070312,627.2000122070312,200
2016-09-20,638.4000244140625,649.5999755859375,610.4000244140625,621.5999755859375,621.5999755859375,100
2016-09-21,616.0,655.2000122070312,616.0,632.7999877929688,632.7999877929688,200
2016-09-22,655.2000122070312,666.4000244140625,632.7999877929688,644.0,644.0,100
2016-09-23,644.0,666.4000244140625,632.7999877929688,655.2000122070312,655.2000122070312,100
2016-09-26,616.0,656.8800048828125,616.0,621.5999755859375,621.5999755859375,100
2016-09-27,616.0,644.0,610.4000244140625,610.4000244140625,610.4000244140625,200
2016-09-28,616.0,649.5999755859375,593.5999755859375,593.5999755859375,593.5999755859375,200
2016-09-29,593.5999755859375,632.7999877929688,593.5999755859375,599.2000122070312,599.2000122070312,100
2016-09-30,621.5999755859375,621.5999755859375,599.2000122070312,599.2000122070312,599.2000122070312,100
2016-10-03,604.7999877929688,627.2000122070312,604.7999877929688,610.4000244140625,610.4000244140625,100
2016-10-04,616.0,649.5999755859375,616.0,616.0,616.0,100
2016-10-05,638.4000244140625,694.4000244140625,621.5999755859375,638.4000244140625,638.4000244140625,500
2016-10-06,644.0,649.5999755859375,627.2000122070312,638.4000244140625,638.4000244140625,0
2016-10-07,632.7999877929688,672.0,621.5999755859375,672.0,672.0,0
2016-10-10,660.7999877929688,672.0,616.0,621.5999755859375,621.5999755859375,100
2016-10-11,638.4000244140625,683.2000122070312,621.5999755859375,655.2000122070312,655.2000122070312,100
2016-10-12,649.5999755859375,649.5999755859375,621.5999755859375,627.2000122070312,627.2000122070312,0
2016-10-13,800.7999877929688,845.5999755859375,700.0,761.5999755859375,761.5999755859375,12400
2016-10-14,812.0,1142.4000244140625,789.5999755859375,1097.5999755859375,1097.5999755859375,36200
2016-10-17,1008.0,1484.0,991.2000122070312,1310.4000244140625,1310.4000244140625,54600
2016-10-18,1265.5999755859375,1394.4000244140625,1209.5999755859375,1316.0,1316.0,20100
2016-10-19,1293.5999755859375,1338.4000244140625,1136.800048828125,1198.4000244140625,1198.4000244140625,9000
2016-10-20,1198.4000244140625,1260.0,1148.0,1198.4000244140625,1198.4000244140625,2700
2016-10-21,1125.5999755859375,1207.3599853515625,1013.5999755859376,1052.800048828125,1052.800048828125,4300
2016-10-24,1030.4000244140625,1052.800048828125,935.2000122070312,1041.5999755859375,1041.5999755859375,2600
2016-10-25,1047.199951171875,1310.4000244140625,1030.4000244140625,1136.800048828125,1136.800048828125,8400
2016-10-26,1108.800048828125,1125.0400390625,1019.2000122070312,1103.199951171875,1103.199951171875,2200
2016-10-27,1080.800048828125,1092.0,1036.0,1052.800048828125,1052.800048828125,500
2016-10-28,1036.0,1092.0,1019.2000122070312,1080.800048828125,1080.800048828125,900
2016-10-31,1075.199951171875,1159.199951171875,1024.800048828125,1131.199951171875,1131.199951171875,2200
2016-11-01,1114.4000244140625,1170.4000244140625,1075.199951171875,1159.199951171875,1159.199951171875,1500
2016-11-02,1181.5999755859375,1327.199951171875,1097.5999755859375,1114.4000244140625,1114.4000244140625,5000
2016-11-03,1103.199951171875,1148.0,1092.0,1148.0,1148.0,1000
2016-11-04,1159.199951171875,1169.8399658203125,1092.0,1103.199951171875,1103.199951171875,700
2016-11-07,1108.800048828125,1153.5999755859375,1108.800048828125,1120.0,1120.0,1400
2016-11-08,1103.199951171875,1148.0,980.0,1142.4000244140625,1142.4000244140625,1100
2016-11-09,1069.5999755859375,1153.5999755859375,1069.5999755859375,1131.199951171875,1131.199951171875,1100
2016-11-10,1148.0,1219.1199951171875,1114.4000244140625,1125.5999755859375,1125.5999755859375,1700
2016-11-11,1108.800048828125,1136.800048828125,1064.0,1069.5999755859375,1069.5999755859375,1700
2016-11-14,1064.0,1148.0,1058.4000244140625,1148.0,1148.0,1400
2016-11-15,1176.0,1181.5999755859375,1108.800048828125,1136.800048828125,1136.800048828125,1100
2016-11-16,1136.800048828125,1136.800048828125,1097.5999755859375,1131.199951171875,1131.199951171875,1100
2016-11-17,1148.0,1159.199951171875,1103.199951171875,1125.5999755859375,1125.5999755859375,500
2016-11-18,1114.4000244140625,1204.0,1114.4000244140625,1192.800048828125,1192.800048828125,4100
2016-11-21,1288.0,1299.199951171875,1120.0,1125.5999755859375,1125.5999755859375,5000
2016-11-22,1120.0,1142.4000244140625,1075.199951171875,1142.4000244140625,1142.4000244140625,1000
2016-11-23,1131.199951171875,1153.5999755859375,1097.5999755859375,1153.5999755859375,1153.5999755859375,800
2016-11-25,1153.5999755859375,1198.4000244140625,1136.800048828125,1164.800048828125,1164.800048828125,900
2016-11-28,1170.4000244140625,1232.0,1142.4000244140625,1170.4000244140625,1170.4000244140625,1400
2016-11-29,1164.800048828125,1176.0,1120.0,1164.800048828125,1164.800048828125,1000
2016-11-30,1159.199951171875,1159.199951171875,1108.800048828125,1108.800048828125,1108.800048828125,1000
2016-12-01,1103.199951171875,1159.199951171875,1075.199951171875,1114.4000244140625,1114.4000244140625,1000
2016-12-02,1103.199951171875,1120.0,1080.800048828125,1120.0,1120.0,400
2016-12-05,1125.5999755859375,1142.4000244140625,1092.0,1142.4000244140625,1142.4000244140625,700
2016-12-06,1136.800048828125,1136.800048828125,1097.5999755859375,1120.0,1120.0,500
2016-12-07,1108.800048828125,1125.5999755859375,1103.199951171875,1114.4000244140625,1114.4000244140625,500
2016-12-08,1176.0,1198.4000244140625,1092.0,1125.5999755859375,1125.5999755859375,4500
2016-12-09,1120.0,1136.800048828125,1097.5999755859375,1108.800048828125,1108.800048828125,800
2016-12-12,1108.800048828125,1108.800048828125,1075.199951171875,1097.5999755859375,1097.5999755859375,600
2016-12-13,1092.0,1125.5999755859375,1071.8399658203125,1125.5999755859375,1125.5999755859375,900
2016-12-14,1114.4000244140625,1159.199951171875,1075.760009765625,1120.0,1120.0,1000
2016-12-15,1114.4000244140625,1120.0,1086.4000244140625,1097.5999755859375,1097.5999755859375,600
2016-12-16,1086.4000244140625,1114.4000244140625,1064.0,1064.0,1064.0,800
2016-12-19,1058.4000244140625,1058.4000244140625,920.6400146484376,996.7999877929688,996.7999877929688,2200
2016-12-20,991.2000122070312,1008.0,935.2000122070312,946.4000244140624,946.4000244140624,1000
2016-12-21,940.7999877929688,952.0,756.0,756.0,756.0,3700
2016-12-22,784.0,795.2000122070312,694.4000244140625,756.0,756.0,2600
2016-12-23,750.4000244140625,761.5999755859375,716.7999877929688,756.0,756.0,1400
2016-12-27,761.5999755859375,772.239990234375,733.5999755859375,756.0,756.0,700
2016-12-28,756.0,756.0,649.5999755859375,688.7999877929688,688.7999877929688,1600
2016-12-29,683.2000122070312,688.7999877929688,627.2000122070312,666.4000244140625,666.4000244140625,1200
2016-12-30,655.2000122070312,688.7999877929688,644.0,672.0,672.0,1000
2017-01-03,688.7999877929688,716.7999877929688,683.2000122070312,705.5999755859375,705.5999755859375,700
2017-01-04,716.7999877929688,761.5999755859375,711.2000122070312,733.5999755859375,733.5999755859375,1000
2017-01-05,750.4000244140625,772.7999877929688,672.0,716.7999877929688,716.7999877929688,800
2017-01-06,700.0,739.2000122070312,694.4000244140625,711.2000122070312,711.2000122070312,300
2017-01-09,711.2000122070312,750.4000244140625,700.0,750.4000244140625,750.4000244140625,500
2017-01-10,767.2000122070312,924.0,750.4000244140625,912.7999877929688,912.7999877929688,2300
2017-01-11,918.4000244140624,924.0,817.5999755859375,868.0,868.0,1100
2017-01-12,862.4000244140625,867.4400024414062,784.0,851.2000122070312,851.2000122070312,500
2017-01-13,851.2000122070312,896.0,817.5999755859375,840.0,840.0,300
2017-01-17,840.0,840.0,812.0,834.4000244140625,834.4000244140625,300
2017-01-18,834.4000244140625,834.4000244140625,761.5999755859375,789.5999755859375,789.5999755859375,300
2017-01-19,778.4000244140625,806.4000244140625,739.2000122070312,772.7999877929688,772.7999877929688,400
2017-01-20,767.2000122070312,795.2000122070312,739.2000122070312,767.2000122070312,767.2000122070312,300
2017-01-23,767.2000122070312,795.2000122070312,756.0,795.2000122070312,795.2000122070312,300
2017-01-24,817.5999755859375,817.5999755859375,761.5999755859375,772.7999877929688,772.7999877929688,200
2017-01-25,784.0,785.6799926757812,756.0,784.0,784.0,200
2017-01-26,778.4000244140625,812.0,767.2000122070312,812.0,812.0,200
2017-01-27,806.4000244140625,828.7999877929688,778.4000244140625,800.7999877929688,800.7999877929688,300
2017-01-30,800.7999877929688,800.7999877929688,761.5999755859375,795.2000122070312,795.2000122070312,200
2017-01-31,784.0,806.4000244140625,767.2000122070312,795.2000122070312,795.2000122070312,200
2017-02-01,817.5999755859375,817.5999755859375,772.7999877929688,784.0,784.0,200
2017-02-02,778.4000244140625,784.0,756.0,772.7999877929688,772.7999877929688,400
2017-02-03,761.5999755859375,773.3599853515625,756.0,761.5999755859375,761.5999755859375,300
2017-02-06,778.4000244140625,784.0,767.2000122070312,784.0,784.0,100
2017-02-07,784.0,800.7999877929688,772.7999877929688,800.7999877929688,800.7999877929688,100
2017-02-08,795.2000122070312,912.7999877929688,784.0,907.2000122070312,907.2000122070312,1000
2017-02-09,918.4000244140624,918.4000244140624,834.4000244140625,856.7999877929688,856.7999877929688,700
2017-02-10,873.5999755859375,879.760009765625,828.7999877929688,878.0800170898438,878.0800170898438,1200
2017-02-13,901.5999755859376,917.8400268554688,851.2000122070312,862.4000244140625,862.4000244140625,800
2017-02-14,862.4000244140625,901.5999755859376,840.0,862.4000244140625,862.4000244140625,600
2017-02-15,862.4000244140625,896.0,851.2000122070312,873.5999755859375,873.5999755859375,800
2017-02-16,896.0,929.5999755859376,856.7999877929688,884.7999877929688,884.7999877929688,1400
2017-02-17,924.0,929.5999755859376,879.2000122070312,901.5999755859376,901.5999755859376,2000
2017-02-21,924.0,929.5999755859376,840.0,856.7999877929688,856.7999877929688,1400
2017-02-22,868.0,873.0399780273438,840.0,856.7999877929688,856.7999877929688,500
2017-02-23,856.7999877929688,884.7999877929688,845.5999755859375,873.5999755859375,873.5999755859375,800
2017-02-24,868.0,868.0,795.2000122070312,834.4000244140625,834.4000244140625,800
2017-02-27,856.7999877929688,856.7999877929688,789.5999755859375,823.2000122070312,823.2000122070312,500
2017-02-28,806.4000244140625,828.7999877929688,784.0,789.5999755859375,789.5999755859375,400
2017-03-01,784.0,823.2000122070312,784.0,817.5999755859375,817.5999755859375,300
2017-03-02,812.0,856.7999877929688,800.7999877929688,800.7999877929688,800.7999877929688,400
2017-03-03,806.4000244140625,840.0,789.5999755859375,828.7999877929688,828.7999877929688,500
2017-03-06,840.0,842.7999877929688,806.4000244140625,840.0,840.0,500
2017-03-07,856.7999877929688,856.7999877929688,823.2000122070312,834.4000244140625,834.4000244140625,400
2017-03-08,834.4000244140625,873.5999755859375,823.2000122070312,840.0,840.0,1200
2017-03-09,856.7999877929688,856.7999877929688,823.2000122070312,828.7999877929688,828.7999877929688,500
2017-03-10,828.7999877929688,840.0,823.2000122070312,828.7999877929688,828.7999877929688,400
2017-03-13,823.2000122070312,828.239990234375,800.7999877929688,817.5999755859375,817.5999755859375,700
2017-03-14,812.0,823.2000122070312,795.2000122070312,823.2000122070312,823.2000122070312,400
2017-03-15,812.0,828.7999877929688,800.7999877929688,812.0,812.0,400
2017-03-16,823.2000122070312,823.2000122070312,789.5999755859375,800.7999877929688,800.7999877929688,200
2017-03-17,795.2000122070312,868.0,795.2000122070312,812.0,812.0,1100
2017-03-20,873.5999755859375,1036.0,856.7999877929688,924.0,924.0,9500
2017-03-21,924.0,952.0,868.0,879.2000122070312,879.2000122070312,2200
2017-03-22,896.0,896.0,840.0,862.4000244140625,862.4000244140625,1000
2017-03-23,946.4000244140624,968.7999877929688,856.7999877929688,901.5999755859376,901.5999755859376,1800
2017-03-24,912.7999877929688,924.0,884.7999877929688,901.5999755859376,901.5999755859376,700
2017-03-27,896.0,929.5999755859376,879.2000122070312,912.7999877929688,912.7999877929688,900
2017-03-28,912.7999877929688,1002.4000244140624,912.7999877929688,974.4000244140624,974.4000244140624,2200
2017-03-29,1030.4000244140625,1030.4000244140625,940.7999877929688,957.5999755859376,957.5999755859376,1900
2017-03-30,952.0,980.0,946.4000244140624,974.4000244140624,974.4000244140624,700
2017-03-31,968.7999877929688,1008.0,963.2000122070312,991.2000122070312,991.2000122070312,1500
2017-04-03,991.2000122070312,1036.0,980.0,996.7999877929688,996.7999877929688,1400
2017-04-04,1052.800048828125,1097.5999755859375,952.0,996.7999877929688,996.7999877929688,4300
2017-04-05,991.2000122070312,991.2000122070312,840.0,912.7999877929688,912.7999877929688,3500
2017-04-06,907.2000122070312,912.7999877929688,840.0,873.5999755859375,873.5999755859375,1200
2017-04-07,862.4000244140625,896.0,851.2000122070312,896.0,896.0,600
2017-04-10,890.4000244140625,918.4000244140624,868.0,884.7999877929688,884.7999877929688,700
2017-04-11,940.7999877929688,940.7999877929688,873.5999755859375,896.0,896.0,1400
2017-04-12,907.2000122070312,907.2000122070312,845.5999755859375,862.4000244140625,862.4000244140625,900
2017-04-13,851.2000122070312,896.0,840.0,856.7999877929688,856.7999877929688,800
2017-04-17,856.7999877929688,907.2000122070312,856.7999877929688,890.4000244140625,890.4000244140625,1500
2017-04-18,896.0,907.2000122070312,862.4000244140625,868.0,868.0,1200
2017-04-19,890.4000244140625,918.4000244140624,873.5999755859375,901.5999755859376,901.5999755859376,1600
2017-04-20,957.5999755859376,1036.0,778.4000244140625,840.0,840.0,8400
2017-04-21,828.7999877929688,851.2000122070312,722.4000244140625,789.5999755859375,789.5999755859375,2100
2017-04-24,789.5999755859375,789.5999755859375,649.5999755859375,660.7999877929688,660.7999877929688,3600
2017-04-25,476.0,492.7999877929688,448.0,481.6000061035156,481.6000061035156,18000
2017-04-26,481.6000061035156,504.0,454.7200012207031,464.7999877929688,464.7999877929688,6800
2017-04-27,459.2000122070313,492.7999877929688,448.0,470.3999938964844,470.3999938964844,6200
2017-04-28,481.6000061035156,496.1600036621094,460.8800048828125,470.3999938964844,470.3999938964844,4500
2017-05-01,470.3999938964844,470.3999938964844,448.0,464.7999877929688,464.7999877929688,2400
2017-05-02,459.2000122070313,464.7999877929688,425.6000061035156,464.7999877929688,464.7999877929688,5000
2017-05-03,453.6000061035156,460.3200073242188,439.6000061035156,453.0400085449219,453.0400085449219,3200
2017-05-04,459.2000122070313,470.3999938964844,369.6000061035156,392.0,392.0,10400
2017-05-05,394.7999877929688,397.6000061035156,347.20001220703125,378.0,378.0,3600
2017-05-08,378.0,389.2000122070313,369.6000061035156,385.2799987792969,385.2799987792969,1900
2017-05-09,378.0,385.2799987792969,358.9599914550781,369.6000061035156,369.6000061035156,2200
2017-05-10,358.3999938964844,375.2000122070313,352.79998779296875,372.9599914550781,372.9599914550781,1200
2017-05-11,369.6000061035156,380.7999877929688,358.3999938964844,380.239990234375,380.239990234375,1100
2017-05-12,383.6000061035156,420.0,383.6000061035156,398.1600036621094,398.1600036621094,3300
2017-05-15,403.2000122070313,408.7999877929688,376.3200073242188,392.0,392.0,1300
2017-05-16,392.0,402.0799865722656,369.6000061035156,380.7999877929688,380.7999877929688,1500
2017-05-17,365.1199951171875,386.3999938964844,358.3999938964844,363.4400024414063,363.4400024414063,1400
2017-05-18,364.0,365.6799926757813,336.5599975585937,347.760009765625,347.760009765625,1900
2017-05-19,364.0,397.6000061035156,347.20001220703125,392.0,392.0,1700
2017-05-22,375.2000122070313,392.0,369.6000061035156,384.1600036621094,384.1600036621094,800
2017-05-23,376.8800048828125,389.2000122070313,364.0,375.2000122070313,375.2000122070313,600
2017-05-24,386.3999938964844,386.3999938964844,364.0,375.2000122070313,375.2000122070313,700
2017-05-25,375.2000122070313,380.7999877929688,369.6000061035156,372.3999938964844,372.3999938964844,300
2017-05-26,380.7999877929688,383.6000061035156,358.3999938964844,371.8399963378906,371.8399963378906,700
2017-05-30,352.79998779296875,364.55999755859375,336.0,358.3999938964844,358.3999938964844,1200
2017-05-31,341.6000061035156,357.8399963378906,336.0,344.3999938964844,344.3999938964844,1000
2017-06-01,344.3999938964844,352.79998779296875,341.6000061035156,347.760009765625,347.760009765625,600
2017-06-02,342.1600036621094,364.0,342.1600036621094,357.8399963378906,357.8399963378906,400
2017-06-05,375.2000122070313,375.2000122070313,342.1600036621094,347.20001220703125,347.20001220703125,800
2017-06-06,347.760009765625,358.3999938964844,341.6000061035156,353.9200134277344,353.9200134277344,700
2017-06-07,343.8399963378906,352.79998779296875,338.79998779296875,351.1199951171875,351.1199951171875,500
2017-06-08,347.20001220703125,375.2000122070313,341.0400085449219,358.3999938964844,358.3999938964844,1200
2017-06-09,358.3999938964844,358.3999938964844,347.760009765625,347.760009765625,347.760009765625,600
2017-06-12,347.760009765625,375.2000122070313,347.20001220703125,358.3999938964844,358.3999938964844,900
2017-06-13,380.7999877929688,390.8800048828125,364.55999755859375,380.7999877929688,380.7999877929688,900
2017-06-14,392.0,420.0,386.3999938964844,389.2000122070313,389.2000122070313,3600
2017-06-15,401.5199890136719,403.2000122070313,352.79998779296875,364.55999755859375,364.55999755859375,1600
2017-06-16,364.0,375.2000122070313,347.20001220703125,351.1199951171875,351.1199951171875,1200
2017-06-19,348.32000732421875,352.79998779296875,347.760009765625,348.32000732421875,348.32000732421875,1000
2017-06-20,361.2000122070313,364.0,350.0,360.0799865722656,360.0799865722656,900
2017-06-21,375.2000122070313,375.2000122070313,347.20001220703125,355.6000061035156,355.6000061035156,500
2017-06-22,375.2000122070313,375.2000122070313,353.3599853515625,355.6000061035156,355.6000061035156,1200
2017-06-23,355.0400085449219,358.3999938964844,348.32000732421875,353.3599853515625,353.3599853515625,700
2017-06-26,352.79998779296875,358.3999938964844,336.0,349.44000244140625,349.44000244140625,900
2017-06-27,347.20001220703125,348.8800048828125,338.79998779296875,341.0400085449219,341.0400085449219,800
2017-06-28,345.5199890136719,351.67999267578125,330.3999938964844,336.0,336.0,900
2017-06-29,336.0,341.6000061035156,330.3999938964844,332.6400146484375,332.6400146484375,900
2017-06-30,330.9599914550781,330.9599914550781,313.6000061035156,324.79998779296875,324.79998779296875,1400
2017-07-03,324.79998779296875,337.67999267578125,319.20001220703125,324.79998779296875,324.79998779296875,400
2017-07-05,327.6000061035156,352.239990234375,327.6000061035156,336.0,336.0,700
2017-07-06,341.6000061035156,347.20001220703125,316.9599914550781,330.3999938964844,330.3999938964844,700
2017-07-07,330.3999938964844,330.3999938964844,310.79998779296875,313.6000061035156,313.6000061035156,1000
2017-07-10,316.3999938964844,320.8800048828125,297.3599853515625,308.0,308.0,800
2017-07-11,308.0,324.79998779296875,297.9200134277344,311.3599853515625,311.3599853515625,400
2017-07-12,311.3599853515625,324.79998779296875,303.5199890136719,318.0799865722656,318.0799865722656,600
2017-07-13,330.3999938964844,358.3999938964844,319.20001220703125,332.0799865722656,332.0799865722656,2100
2017-07-14,330.3999938964844,330.3999938964844,319.760009765625,325.3599853515625,325.3599853515625,600
2017-07-17,330.3999938964844,330.3999938964844,319.20001220703125,319.20001220703125,319.20001220703125,500
2017-07-18,319.20001220703125,324.79998779296875,302.3999938964844,303.5199890136719,303.5199890136719,300
2017-07-19,302.3999938964844,330.3999938964844,302.3999938964844,323.1199951171875,323.1199951171875,700
2017-07-20,330.3999938964844,330.3999938964844,308.0,324.239990234375,324.239990234375,200
2017-07-21,324.79998779296875,324.79998779296875,315.2799987792969,322.0,322.0,300
2017-07-24,314.7200012207031,347.20001220703125,308.0,330.3999938964844,330.3999938964844,1100
2017-07-25,324.79998779296875,361.2000122070313,324.79998779296875,347.20001220703125,347.20001220703125,2600
2017-07-26,342.7200012207031,374.6400146484375,342.7200012207031,358.9599914550781,358.9599914550781,1800
2017-07-27,365.6799926757813,365.6799926757813,338.79998779296875,347.20001220703125,347.20001220703125,700
2017-07-28,358.3999938964844,358.3999938964844,332.6400146484375,341.6000061035156,341.6000061035156,400
2017-07-31,336.0,341.0400085449219,324.79998779296875,336.0,336.0,500
2017-08-01,330.3999938964844,358.3999938964844,327.6000061035156,338.239990234375,338.239990234375,600
2017-08-02,334.32000732421875,346.0799865722656,330.3999938964844,330.3999938964844,330.3999938964844,300
2017-08-03,331.5199890136719,347.20001220703125,330.3999938964844,340.4800109863281,340.4800109863281,400
2017-08-04,333.760009765625,339.3599853515625,325.9200134277344,339.3599853515625,339.3599853515625,400
2017-08-07,341.6000061035156,347.20001220703125,313.6000061035156,328.7200012207031,328.7200012207031,600
2017-08-08,327.6000061035156,336.0,314.7200012207031,322.0,322.0,300
2017-08-09,314.7200012207031,322.0,296.79998779296875,306.32000732421875,306.32000732421875,1100
2017-08-10,282.79998779296875,307.44000244140625,282.79998779296875,291.760009765625,291.760009765625,800
2017-08-11,291.760009765625,313.6000061035156,281.1199951171875,294.0,294.0,800
2017-08-14,308.0,308.0,288.3999938964844,304.6400146484375,304.6400146484375,300
2017-08-15,297.3599853515625,302.3999938964844,291.20001220703125,296.79998779296875,296.79998779296875,300
2017-08-16,308.0,319.20001220703125,291.20001220703125,310.79998779296875,310.79998779296875,700
2017-08-17,302.3999938964844,336.0,302.3999938964844,330.3999938964844,330.3999938964844,1400
2017-08-18,330.9599914550781,338.79998779296875,324.79998779296875,336.0,336.0,900
2017-08-21,361.2000122070313,364.0,319.20001220703125,319.20001220703125,319.20001220703125,2800
2017-08-22,313.6000061035156,313.6000061035156,291.20001220703125,299.6000061035156,299.6000061035156,1500
2017-08-23,299.0400085449219,305.20001220703125,285.6000061035156,296.79998779296875,296.79998779296875,1500
2017-08-24,296.79998779296875,313.6000061035156,296.79998779296875,305.760009765625,305.760009765625,1000
2017-08-25,313.0400085449219,313.0400085449219,296.79998779296875,307.44000244140625,307.44000244140625,900
2017-08-28,307.44000244140625,322.0,297.9200134277344,303.5199890136719,303.5199890136719,1000
2017-08-29,302.9599914550781,313.6000061035156,296.79998779296875,297.3599853515625,297.3599853515625,1500
2017-08-30,312.4800109863281,312.4800109863281,275.5199890136719,280.0,280.0,3800
2017-08-31,280.0,291.20001220703125,264.32000732421875,266.0,266.0,1400
2017-09-01,270.4800109863281,279.44000244140625,263.20001220703125,276.6400146484375,276.6400146484375,900
2017-09-05,274.3999938964844,279.44000244140625,252.0,276.6400146484375,276.6400146484375,3000
2017-09-06,291.20001220703125,291.20001220703125,269.9200134277344,280.0,280.0,1100
2017-09-07,280.0,284.4800109863281,268.79998779296875,278.8800048828125,278.8800048828125,500
2017-09-08,291.20001220703125,291.20001220703125,279.44000244140625,283.9200134277344,283.9200134277344,1100
2017-09-11,330.3999938964844,336.0,286.1600036621094,301.2799987792969,301.2799987792969,8200
2017-09-12,292.32000732421875,294.0,269.9200134277344,278.8800048828125,278.8800048828125,2400
2017-09-13,280.0,280.0,265.44000244140625,271.6000061035156,271.6000061035156,1500
2017-09-14,274.3999938964844,280.0,263.20001220703125,271.6000061035156,271.6000061035156,1400
2017-09-15,270.4800109863281,276.0799865722656,266.0,272.1600036621094,272.1600036621094,1000
2017-09-18,268.79998779296875,274.3999938964844,263.20001220703125,266.0,266.0,1200
2017-09-19,266.0,280.0,257.6000061035156,279.44000244140625,279.44000244140625,1300
2017-09-20,280.0,286.1600036621094,268.79998779296875,277.20001220703125,277.20001220703125,700
2017-09-21,280.0,296.79998779296875,274.3999938964844,286.7200012207031,286.7200012207031,800
2017-09-22,301.2799987792969,301.2799987792969,282.79998779296875,288.3999938964844,288.3999938964844,600
2017-09-25,291.20001220703125,291.760009765625,269.9200134277344,280.0,280.0,500
2017-09-26,280.0,285.6000061035156,274.3999938964844,276.6400146484375,276.6400146484375,800
2017-09-27,280.0,285.6000061035156,271.6000061035156,280.0,280.0,500
2017-09-28,280.0,302.3999938964844,277.20001220703125,294.5599975585937,294.5599975585937,1800
2017-09-29,289.5199890136719,319.20001220703125,288.3999938964844,291.20001220703125,291.20001220703125,2900
2017-10-02,296.79998779296875,302.3999938964844,286.1600036621094,296.79998779296875,296.79998779296875,1100
2017-10-03,297.3599853515625,341.6000061035156,294.0,330.3999938964844,330.3999938964844,5000
2017-10-04,336.0,443.5199890136719,333.760009765625,420.0,420.0,18100
2017-10-05,418.3200073242188,420.0,342.7200012207031,352.79998779296875,352.79998779296875,7800
2017-10-06,337.67999267578125,347.20001220703125,319.20001220703125,347.20001220703125,347.20001220703125,2300
2017-10-09,336.0,352.79998779296875,330.3999938964844,333.20001220703125,333.20001220703125,1600
2017-10-10,336.0,357.8399963378906,330.3999938964844,347.20001220703125,347.20001220703125,1100
2017-10-11,347.20001220703125,358.3999938964844,336.0,336.5599975585937,336.5599975585937,1400
2017-10-12,347.20001220703125,425.6000061035156,347.20001220703125,395.3599853515625,395.3599853515625,7500
2017-10-13,397.6000061035156,436.239990234375,371.2799987792969,380.7999877929688,380.7999877929688,6100
2017-10-16,390.3200073242188,425.0400085449219,386.9599914550781,403.2000122070313,403.2000122070313,2700
2017-10-17,431.2000122070313,462.0,375.2000122070313,404.8800048828125,404.8800048828125,5000
2017-10-18,403.2000122070313,411.0400085449219,386.9599914550781,394.7999877929688,394.7999877929688,1200
2017-10-19,392.0,425.6000061035156,386.3999938964844,414.9599914550781,414.9599914550781,2300
2017-10-20,414.9599914550781,420.0,397.6000061035156,406.0,406.0,1000
2017-10-23,403.2000122070313,403.2000122070313,364.0,364.0,364.0,1700
2017-10-24,370.1600036621094,380.7999877929688,324.79998779296875,336.0,336.0,2000
2017-10-25,327.0400085449219,336.0,314.1600036621094,318.0799865722656,318.0799865722656,1300
2017-10-26,319.20001220703125,322.0,302.3999938964844,313.6000061035156,313.6000061035156,900
2017-10-27,313.6000061035156,358.3999938964844,302.9599914550781,345.5199890136719,345.5199890136719,1800
2017-10-30,313.6000061035156,324.79998779296875,280.5599975585937,291.20001220703125,291.20001220703125,3500
2017-10-31,280.0,291.20001220703125,268.79998779296875,279.44000244140625,279.44000244140625,1600
2017-11-01,280.0,308.0,270.4800109863281,296.79998779296875,296.79998779296875,1800
2017-11-02,294.0,296.79998779296875,280.0,285.6000061035156,285.6000061035156,400
2017-11-03,281.1199951171875,291.20001220703125,274.9599914550781,283.9200134277344,283.9200134277344,400
2017-11-06,280.0,296.239990234375,274.3999938964844,280.5599975585937,280.5599975585937,1100
2017-11-07,280.0,285.6000061035156,270.4800109863281,280.0,280.0,1000
2017-11-08,280.0,285.0400085449219,267.1199951171875,275.5199890136719,275.5199890136719,1100
2017-11-09,274.3999938964844,295.67999267578125,271.6000061035156,291.20001220703125,291.20001220703125,600
2017-11-10,291.20001220703125,295.67999267578125,269.9200134277344,271.6000061035156,271.6000061035156,600
2017-11-13,269.3599853515625,291.20001220703125,266.0,291.20001220703125,291.20001220703125,800
2017-11-14,282.79998779296875,288.3999938964844,268.79998779296875,268.79998779296875,268.79998779296875,400
2017-11-15,268.79998779296875,278.32000732421875,263.20001220703125,274.3999938964844,274.3999938964844,500
2017-11-16,270.4800109863281,285.6000061035156,263.20001220703125,263.20001220703125,263.20001220703125,300
2017-11-17,274.3999938964844,274.3999938964844,263.20001220703125,268.79998779296875,268.79998779296875,500
2017-11-20,266.0,276.6400146484375,263.760009765625,268.79998779296875,268.79998779296875,1200
2017-11-21,275.5199890136719,302.3999938964844,264.32000732421875,280.5599975585937,280.5599975585937,2900
2017-11-22,280.0,288.3999938964844,271.6000061035156,274.3999938964844,274.3999938964844,1100
2017-11-24,272.7200012207031,279.44000244140625,263.20001220703125,268.79998779296875,268.79998779296875,900
2017-11-27,274.3999938964844,294.0,268.79998779296875,273.2799987792969,273.2799987792969,3000
2017-11-28,280.0,291.20001220703125,266.0,274.3999938964844,274.3999938964844,5800
2017-11-29,280.0,280.0,266.5599975585937,271.6000061035156,271.6000061035156,2200
2017-11-30,277.20001220703125,277.20001220703125,263.20001220703125,276.0799865722656,276.0799865722656,2600
2017-12-01,274.3999938964844,276.0799865722656,240.8000030517578,255.3600006103516,255.3600006103516,3300
2017-12-04,252.0,254.2400054931641,235.1999969482422,244.72000122070312,244.72000122070312,2000
2017-12-05,252.0,257.6000061035156,238.0,249.1999969482422,249.1999969482422,500
2017-12-06,249.1999969482422,252.0,212.8000030517578,231.83999633789065,231.83999633789065,2900
2017-12-07,232.3999938964844,252.0,212.8000030517578,239.67999267578125,239.67999267578125,1100
2017-12-08,237.44000244140625,249.1999969482422,223.44000244140625,235.1999969482422,235.1999969482422,700
2017-12-11,229.6000061035156,229.6000061035156,196.0,206.63999938964844,206.63999938964844,4500
2017-12-12,207.1999969482422,212.8000030517578,184.8000030517578,196.0,196.0,2800
2017-12-13,209.44000244140625,209.44000244140625,179.1999969482422,189.27999877929688,189.27999877929688,1600
2017-12-14,190.3999938964844,206.63999938964844,184.8000030517578,193.1999969482422,193.1999969482422,900
2017-12-15,196.0,201.6000061035156,190.3999938964844,190.3999938964844,190.3999938964844,1000
2017-12-18,207.759994506836,207.759994506836,194.32000732421875,205.5200042724609,205.5200042724609,900
2017-12-19,211.67999267578125,211.67999267578125,198.8000030517578,198.8000030517578,198.8000030517578,800
2017-12-20,199.9199981689453,210.0,198.8000030517578,202.72000122070312,202.72000122070312,300
2017-12-21,207.1999969482422,210.0,198.8000030517578,202.72000122070312,202.72000122070312,800
2017-12-22,210.0,212.8000030517578,201.6000061035156,209.44000244140625,209.44000244140625,700
2017-12-26,202.72000122070312,215.6000061035156,201.6000061035156,213.3600006103516,213.3600006103516,600
2017-12-27,215.6000061035156,218.3999938964844,202.16000366210932,211.67999267578125,211.67999267578125,800
2017-12-28,207.759994506836,212.8000030517578,201.6000061035156,202.16000366210932,202.16000366210932,800
2017-12-29,207.1999969482422,210.5599975585937,197.1199951171875,201.6000061035156,201.6000061035156,1300
2018-01-02,207.1999969482422,207.1999969482422,196.0,201.6000061035156,201.6000061035156,800
2018-01-03,201.6000061035156,207.1999969482422,190.3999938964844,195.44000244140625,195.44000244140625,700
2018-01-04,189.83999633789065,196.0,184.8000030517578,191.5200042724609,191.5200042724609,900
2018-01-05,191.5200042724609,191.5200042724609,182.0,184.8000030517578,184.8000030517578,800
2018-01-08,192.0800018310547,192.0800018310547,179.1999969482422,187.0399932861328,187.0399932861328,600
2018-01-09,186.47999572753903,186.47999572753903,179.75999450683594,184.8000030517578,184.8000030517578,1000
2018-01-10,185.3600006103516,201.6000061035156,179.75999450683594,191.5200042724609,191.5200042724609,1300
2018-01-11,190.3999938964844,201.6000061035156,187.6000061035156,197.1199951171875,197.1199951171875,300
2018-01-12,201.6000061035156,201.6000061035156,187.0399932861328,190.9600067138672,190.9600067138672,500
2018-01-16,186.47999572753903,190.3999938964844,179.1999969482422,184.8000030517578,184.8000030517578,500
2018-01-17,182.5599975585937,184.8000030517578,168.55999755859375,173.60000610351562,173.60000610351562,700
2018-01-18,175.83999633789062,184.8000030517578,173.60000610351562,177.52000427246094,177.52000427246094,800
2018-01-19,180.8800048828125,184.8000030517578,173.60000610351562,178.0800018310547,178.0800018310547,300
2018-01-22,179.1999969482422,184.8000030517578,173.60000610351562,179.1999969482422,179.1999969482422,400
2018-01-23,176.39999389648438,207.1999969482422,173.60000610351562,204.3999938964844,204.3999938964844,4300
2018-01-24,201.6000061035156,201.6000061035156,179.1999969482422,179.1999969482422,179.1999969482422,1900
2018-01-25,190.3999938964844,190.3999938964844,176.39999389648438,178.0800018310547,178.0800018310547,800
2018-01-26,176.39999389648438,183.1199951171875,170.8000030517578,175.83999633789062,175.83999633789062,1100
2018-01-29,180.32000732421875,180.32000732421875,170.24000549316406,179.75999450683594,179.75999450683594,1000
2018-01-30,179.1999969482422,179.1999969482422,168.0,170.8000030517578,170.8000030517578,700
2018-01-31,173.60000610351562,174.72000122070312,162.39999389648438,167.44000244140625,167.44000244140625,1000
2018-02-01,162.9600067138672,168.0,151.1999969482422,154.55999755859375,154.55999755859375,2000
2018-02-02,156.8000030517578,162.39999389648438,151.1999969482422,151.1999969482422,151.1999969482422,1300
2018-02-05,159.0399932861328,159.0399932861328,133.83999633789062,138.32000732421875,138.32000732421875,4300
2018-02-06,141.1199951171875,150.63999938964844,128.8000030517578,140.0,140.0,3000
2018-02-07,141.1199951171875,142.8000030517578,137.1999969482422,141.1199951171875,141.1199951171875,1100
2018-02-08,145.0399932861328,146.72000122070312,134.9600067138672,134.9600067138672,134.9600067138672,900
2018-02-09,134.39999389648438,143.9199981689453,134.39999389648438,140.0,140.0,700
2018-02-12,184.8000030517578,190.3999938964844,162.39999389648438,162.9600067138672,162.9600067138672,14900
2018-02-13,161.83999633789062,173.60000610351562,142.24000549316406,147.83999633789062,147.83999633789062,4200
2018-02-14,148.39999389648438,156.24000549316406,138.8800048828125,146.16000366210938,146.16000366210938,2400
2018-02-15,140.0,148.39999389648438,140.0,142.8000030517578,142.8000030517578,1900
2018-02-16,151.1999969482422,155.1199951171875,145.60000610351562,145.60000610351562,145.60000610351562,4100
2018-02-20,156.8000030517578,158.47999572753906,142.8000030517578,145.60000610351562,145.60000610351562,1100
2018-02-21,145.60000610351562,145.60000610351562,134.39999389648438,138.32000732421875,138.32000732421875,1600
2018-02-22,173.60000610351562,179.1999969482422,141.1199951171875,147.83999633789062,147.83999633789062,11000
2018-02-23,147.83999633789062,153.44000244140625,141.67999267578125,149.52000427246094,149.52000427246094,2100
2018-02-26,159.0399932861328,159.0399932861328,142.8000030517578,146.16000366210938,146.16000366210938,1500
2018-02-27,147.83999633789062,151.1999969482422,142.8000030517578,143.36000061035156,143.36000061035156,2500
2018-02-28,143.9199981689453,147.27999877929688,140.0,140.0,140.0,2200
2018-03-01,145.60000610351562,145.60000610351562,134.9600067138672,138.8800048828125,138.8800048828125,1400
2018-03-02,140.55999755859375,140.55999755859375,136.0800018310547,140.0,140.0,1200
2018-03-05,140.0,142.24000549316406,137.1999969482422,138.32000732421875,138.32000732421875,1000
2018-03-06,145.0399932861328,145.0399932861328,134.9600067138672,137.1999969482422,137.1999969482422,800
2018-03-07,134.9600067138672,146.72000122070312,134.9600067138672,139.44000244140625,139.44000244140625,4400
2018-03-08,136.63999938964844,150.63999938964844,135.52000427246094,136.0800018310547,136.0800018310547,11200
2018-03-09,135.52000427246094,136.63999938964844,117.5999984741211,131.60000610351562,131.60000610351562,5100
2018-03-12,129.9199981689453,134.39999389648438,120.95999908447266,123.1999969482422,123.1999969482422,2800
2018-03-13,128.8000030517578,128.8000030517578,121.5199966430664,123.1999969482422,123.1999969482422,1600
2018-03-14,123.1999969482422,128.8000030517578,122.08000183105467,123.1999969482422,123.1999969482422,1400
2018-03-15,123.1999969482422,123.1999969482422,117.5999984741211,117.5999984741211,117.5999984741211,2200
2018-03-16,117.5999984741211,127.68000030517578,114.8000030517578,117.5999984741211,117.5999984741211,1500
2018-03-19,128.8000030517578,128.8000030517578,120.4000015258789,126.0,126.0,1000
2018-03-20,126.0,133.27999877929688,122.08000183105467,130.47999572753906,130.47999572753906,1100
2018-03-21,133.27999877929688,139.44000244140625,123.1999969482422,136.0800018310547,136.0800018310547,1600
2018-03-22,134.39999389648438,144.47999572753906,129.36000061035156,141.1199951171875,141.1199951171875,1500
2018-03-23,142.8000030517578,145.60000610351562,130.47999572753906,134.9600067138672,134.9600067138672,1300
2018-03-26,145.0399932861328,145.0399932861328,115.36000061035156,136.0800018310547,136.0800018310547,1500
2018-03-27,123.1999969482422,134.39999389648438,123.1999969482422,131.0399932861328,131.0399932861328,400
2018-03-28,134.39999389648438,134.39999389648438,126.0,128.24000549316406,128.24000549316406,500
2018-03-29,128.8000030517578,134.39999389648438,120.4000015258789,131.60000610351562,131.60000610351562,500
2018-04-02,134.39999389648438,134.39999389648438,123.1999969482422,129.36000061035156,129.36000061035156,400
2018-04-03,124.87999725341795,131.60000610351562,124.87999725341795,127.68000030517578,127.68000030517578,200
2018-04-04,123.1999969482422,132.72000122070312,121.5199966430664,128.8000030517578,128.8000030517578,500
2018-04-05,126.0,144.47999572753906,126.0,138.32000732421875,138.32000732421875,3800
2018-04-06,140.0,145.60000610351562,129.36000061035156,140.0,140.0,1000
2018-04-09,145.60000610351562,162.39999389648438,137.1999969482422,149.52000427246094,149.52000427246094,3900
2018-04-10,150.0800018310547,156.8000030517578,146.16000366210938,154.0,154.0,1600
2018-04-11,137.1999969482422,154.0,137.1999969482422,152.8800048828125,152.8800048828125,700
2018-04-12,145.60000610351562,170.8000030517578,145.60000610351562,156.8000030517578,156.8000030517578,3500
2018-04-13,168.0,168.0,154.0,168.0,168.0,2100
2018-04-16,170.8000030517578,173.0399932861328,156.8000030517578,164.63999938964844,164.63999938964844,1000
2018-04-17,160.72000122070312,162.39999389648438,150.0800018310547,156.24000549316406,156.24000549316406,900
2018-04-18,151.75999450683594,156.8000030517578,146.16000366210938,148.9600067138672,148.9600067138672,400
2018-04-19,146.16000366210938,154.0,140.0,149.52000427246094,149.52000427246094,700
2018-04-20,151.1999969482422,152.32000732421875,140.55999755859375,150.63999938964844,150.63999938964844,600
2018-04-23,146.16000366210938,151.1999969482422,143.9199981689453,144.47999572753906,144.47999572753906,400
2018-04-24,145.60000610351562,147.83999633789062,140.0,142.8000030517578,142.8000030517578,200
2018-04-25,140.0,142.24000549316406,126.0,136.63999938964844,136.63999938964844,600
2018-04-26,128.8000030517578,137.1999969482422,127.12000274658205,134.39999389648438,134.39999389648438,200
2018-04-27,134.39999389648438,145.0399932861328,128.8000030517578,140.0,140.0,200
2018-04-30,148.9600067138672,148.9600067138672,137.1999969482422,140.0,140.0,200
2018-05-01,140.0,144.47999572753906,128.8000030517578,138.32000732421875,138.32000732421875,900
2018-05-02,140.0,142.8000030517578,134.39999389648438,136.63999938964844,136.63999938964844,600
2018-05-03,134.39999389648438,141.1199951171875,134.39999389648438,139.44000244140625,139.44000244140625,200
2018-05-04,140.0,142.8000030517578,134.39999389648438,142.8000030517578,142.8000030517578,400
2018-05-07,134.39999389648438,142.8000030517578,134.39999389648438,140.0,140.0,300
2018-05-08,142.24000549316406,142.24000549316406,135.52000427246094,140.55999755859375,140.55999755859375,300
2018-05-09,142.8000030517578,148.39999389648438,140.0,148.39999389648438,148.39999389648438,300
2018-05-10,152.8800048828125,162.39999389648438,150.63999938964844,156.8000030517578,156.8000030517578,2000
2018-05-11,154.0,154.0,143.9199981689453,148.39999389648438,148.39999389648438,900
2018-05-14,151.1999969482422,154.0,144.47999572753906,150.0800018310547,150.0800018310547,200
2018-05-15,145.0399932861328,154.0,145.0399932861328,150.0800018310547,150.0800018310547,200
2018-05-16,156.8000030517578,156.8000030517578,143.9199981689453,145.0399932861328,145.0399932861328,300
2018-05-17,151.1999969482422,151.1999969482422,143.9199981689453,145.60000610351562,145.60000610351562,300
2018-05-18,143.9199981689453,150.0800018310547,143.9199981689453,148.39999389648438,148.39999389648438,200
2018-05-21,143.36000061035156,145.60000610351562,129.36000061035156,140.0,140.0,800
2018-05-22,156.8000030517578,156.8000030517578,131.60000610351562,138.32000732421875,138.32000732421875,500
2018-05-23,147.27999877929688,147.27999877929688,131.60000610351562,142.24000549316406,142.24000549316406,400
2018-05-24,142.8000030517578,142.8000030517578,134.39999389648438,142.24000549316406,142.24000549316406,200
2018-05-25,140.0,162.39999389648438,136.63999938964844,141.1199951171875,141.1199951171875,2800
2018-05-29,142.10000610351562,182.0,126.6999969482422,131.60000610351562,131.60000610351562,13500
2018-05-30,134.39999389648438,143.5,129.5,131.60000610351562,131.60000610351562,5100
2018-05-31,133.0,135.10000610351562,122.5,124.5999984741211,124.5999984741211,2900
2018-06-01,126.0,126.0,105.0,108.5,108.5,5200
2018-06-04,112.0,114.0999984741211,98.6999969482422,100.0999984741211,100.0999984741211,3400
2018-06-05,100.0999984741211,105.0,91.0,104.79000091552734,104.79000091552734,5600
2018-06-06,104.3000030517578,116.12999725341795,101.5,107.0999984741211,107.0999984741211,4600
2018-06-07,107.8000030517578,110.5999984741211,101.8499984741211,107.8000030517578,107.8000030517578,1800
2018-06-08,109.1999969482422,114.8000030517578,106.4000015258789,106.4000015258789,106.4000015258789,2100
2018-06-11,116.9000015258789,116.9000015258789,100.8000030517578,103.9499969482422,103.9499969482422,2900
2018-06-12,104.3000030517578,118.3000030517578,101.5,111.3000030517578,111.3000030517578,4600
2018-06-13,109.9000015258789,109.9000015258789,101.5,101.5,101.5,1600
2018-06-14,115.5,121.0999984741211,105.0,108.5,108.5,6300
2018-06-15,106.4000015258789,106.4000015258789,101.5,106.4000015258789,106.4000015258789,1200
2018-06-18,102.9000015258789,106.4000015258789,102.1999969482422,104.3000030517578,104.3000030517578,1100
2018-06-19,105.6999969482422,117.5999984741211,105.0,107.8000030517578,107.8000030517578,4400
2018-06-20,109.1999969482422,117.5999984741211,107.8000030517578,111.3000030517578,111.3000030517578,2500
2018-06-21,114.0999984741211,115.5,102.1999969482422,107.8000030517578,107.8000030517578,4100
2018-06-22,117.5999984741211,117.5999984741211,102.9000015258789,102.9000015258789,102.9000015258789,3100
2018-06-25,106.4000015258789,112.6999969482422,102.9000015258789,104.3000030517578,104.3000030517578,1800
2018-06-26,100.0999984741211,107.0999984741211,98.0,102.1999969482422,102.1999969482422,3100
2018-06-27,104.3000030517578,104.3000030517578,95.1999969482422,95.9000015258789,95.9000015258789,900
2018-06-28,95.9000015258789,96.52999877929688,91.6999969482422,95.9000015258789,95.9000015258789,800
2018-06-29,96.5999984741211,98.83999633789062,90.3000030517578,91.0,91.0,1200
2018-07-02,90.3000030517578,105.0,90.3000030517578,104.3000030517578,104.3000030517578,600
2018-07-03,101.5,105.0,95.1999969482422,95.1999969482422,95.1999969482422,1100
2018-07-05,101.5,101.5,94.5,100.8000030517578,100.8000030517578,800
2018-07-06,98.6999969482422,98.6999969482422,91.0,91.0,91.0,3800
2018-07-09,91.0,92.33000183105467,80.5,82.5999984741211,82.5999984741211,3500
2018-07-10,89.5999984741211,93.8000030517578,84.0,87.5,87.5,2200
2018-07-11,91.0,91.0,84.0,84.0,84.0,2200
2018-07-12,86.0999984741211,86.0999984741211,81.19999694824219,81.9000015258789,81.9000015258789,2100
2018-07-13,82.5999984741211,84.0,80.5,81.19999694824219,81.19999694824219,1900
2018-07-16,84.0,84.0,77.69999694824219,78.4000015258789,78.4000015258789,1100
2018-07-17,77.69999694824219,78.05000305175781,70.0,72.80000305175781,72.80000305175781,5700
2018-07-18,73.5,73.5,65.80000305175781,66.5,66.5,3800
2018-07-19,66.5,68.5999984741211,66.5,67.19999694824219,67.19999694824219,1600
2018-07-20,67.19999694824219,73.5,59.5,63.630001068115234,63.630001068115234,11300
2018-07-23,77.69999694824219,91.0,66.5,66.63999938964844,66.63999938964844,107100
2018-07-24,64.4000015258789,64.4000015258789,56.0,59.5,59.5,16200
2018-07-25,61.25,61.25,52.5,55.86000061035156,55.86000061035156,6900
2018-07-26,56.0,56.0,52.84999847412109,53.900001525878906,53.900001525878906,4700
2018-07-27,58.09999847412109,58.09999847412109,48.369998931884766,51.79999923706055,51.79999923706055,5900
2018-07-30,51.79999923706055,55.29999923706055,50.400001525878906,50.540000915527344,50.540000915527344,2900
2018-07-31,50.61000061035156,54.459999084472656,49.209999084472656,49.77000045776367,49.77000045776367,1600
2018-08-01,52.5,53.900001525878906,49.77000045776367,53.20000076293945,53.20000076293945,2700
2018-08-02,55.22999954223633,59.5,52.5,54.95000076293945,54.95000076293945,8300
2018-08-03,55.22999954223633,59.5,50.33000183105469,52.56999969482422,52.56999969482422,2800
2018-08-06,53.900001525878906,60.900001525878906,51.16999816894531,59.08000183105469,59.08000183105469,6200
2018-08-07,58.09999847412109,58.09999847412109,53.20000076293945,53.900001525878906,53.900001525878906,5100
2018-08-08,53.900001525878906,56.209999084472656,50.81999969482422,51.09999847412109,51.09999847412109,5000
2018-08-09,53.68999862670898,53.83000183105469,50.470001220703125,51.09999847412109,51.09999847412109,2400
2018-08-10,52.5,52.5,49.70000076293945,50.400001525878906,50.400001525878906,1700
2018-08-13,49.70000076293945,49.70000076293945,47.95000076293945,49.0,49.0,3100
2018-08-14,49.70000076293945,49.70000076293945,47.59999847412109,47.810001373291016,47.810001373291016,400
2018-08-15,47.59999847412109,49.0,42.70000076293945,44.09999847412109,44.09999847412109,5600
2018-08-16,43.470001220703125,49.70000076293945,43.18999862670898,46.060001373291016,46.060001373291016,1800
2018-08-17,47.59999847412109,47.59999847412109,44.79999923706055,46.20000076293945,46.20000076293945,1000
2018-08-20,46.900001525878906,47.31999969482422,45.5,45.84999847412109,45.84999847412109,500
2018-08-21,46.20000076293945,48.720001220703125,46.20000076293945,46.900001525878906,46.900001525878906,900
2018-08-22,46.27000045776367,48.29999923706055,45.5,47.31999969482422,47.31999969482422,500
2018-08-23,50.400001525878906,50.400001525878906,46.900001525878906,48.43999862670898,48.43999862670898,1900
2018-08-24,49.0,49.0,46.68999862670898,47.880001068115234,47.880001068115234,500
2018-08-27,47.66999816894531,49.97999954223633,47.66999816894531,48.86000061035156,48.86000061035156,2300
2018-08-28,47.66999816894531,49.4900016784668,47.59999847412109,47.66999816894531,47.66999816894531,1000
2018-08-29,49.34999847412109,50.400001525878906,47.59999847412109,49.0,49.0,3300
2018-08-30,49.0,50.400001525878906,48.29999923706055,50.2599983215332,50.2599983215332,2500
2018-08-31,48.369998931884766,54.11000061035156,47.59999847412109,51.79999923706055,51.79999923706055,5000
2018-09-04,53.900001525878906,58.09999847412109,51.79999923706055,58.09999847412109,58.09999847412109,5100
2018-09-05,58.79999923706055,61.59999847412109,56.209999084472656,58.09999847412109,58.09999847412109,12300
2018-09-06,55.29999923706055,58.09999847412109,53.20000076293945,56.0,56.0,2500
2018-09-07,56.0,56.0,51.869998931884766,53.34000015258789,53.34000015258789,700
2018-09-10,53.47999954223633,55.29999923706055,52.5,54.66999816894531,54.66999816894531,1100
2018-09-11,52.56999969482422,55.29999923706055,52.5,55.29999923706055,55.29999923706055,300
2018-09-12,54.040000915527344,55.29999923706055,52.5,53.20000076293945,53.20000076293945,1200
2018-09-13,55.29999923706055,56.70000076293945,51.79999923706055,51.79999923706055,51.79999923706055,1200
2018-09-14,51.16999816894531,51.79999923706055,50.400001525878906,50.400001525878906,50.400001525878906,500
2018-09-17,50.04999923706055,51.52000045776367,49.630001068115234,49.70000076293945,49.70000076293945,200
2018-09-18,51.45000076293945,51.45000076293945,46.900001525878906,48.29999923706055,48.29999923706055,5400
2018-09-19,48.29999923706055,49.0,45.84999847412109,45.84999847412109,45.84999847412109,2800
2018-09-20,47.810001373291016,47.810001373291016,43.2599983215332,43.88999938964844,43.88999938964844,6100
2018-09-21,43.400001525878906,45.5,43.400001525878906,44.59000015258789,44.59000015258789,900
2018-09-24,46.20000076293945,47.59999847412109,42.0,42.41999816894531,42.41999816894531,2700
2018-09-25,43.75,43.75,40.59999847412109,41.15999984741211,41.15999984741211,4200
2018-09-26,44.79999923706055,44.79999923706055,40.95000076293945,44.09999847412109,44.09999847412109,19500
2018-09-27,43.81999969482422,48.29999923706055,41.29999923706055,42.4900016784668,42.4900016784668,61900
2018-09-28,42.0,43.400001525878906,35.0,39.27000045776367,39.27000045776367,18200
2018-10-01,39.34000015258789,42.0,37.869998931884766,39.34000015258789,39.34000015258789,7700
2018-10-02,42.0,42.70000076293945,37.79999923706055,39.900001525878906,39.900001525878906,5300
2018-10-03,39.900001525878906,44.45000076293945,38.5,43.75,43.75,14800
2018-10-04,44.79999923706055,45.5,41.29999923706055,42.70000076293945,42.70000076293945,5000
2018-10-05,42.70000076293945,43.400001525878906,39.900001525878906,40.95000076293945,40.95000076293945,5900
2018-10-08,40.040000915527344,42.0,38.5,39.900001525878906,39.900001525878906,3300
2018-10-09,39.20000076293945,40.59999847412109,38.5,38.5,38.5,1900
2018-10-10,39.27000045776367,39.900001525878906,35.70000076293945,36.04999923706055,36.04999923706055,4600
2018-10-11,35.97999954223633,39.54999923706055,32.40999984741211,34.439998626708984,34.439998626708984,9900
2018-10-12,36.18999862670898,37.02999877929688,34.5099983215332,36.18999862670898,36.18999862670898,1700
2018-10-15,36.04999923706055,39.900001525878906,33.66999816894531,37.869998931884766,37.869998931884766,8900
2018-10-16,39.900001525878906,42.70000076293945,37.79999923706055,37.79999923706055,37.79999923706055,8000
2018-10-17,37.79999923706055,40.459999084472656,35.349998474121094,36.88999938964844,36.88999938964844,3500
2018-10-18,35.84000015258789,39.83000183105469,35.70000076293945,38.5,38.5,5700
2018-10-19,39.54999923706055,44.09999847412109,36.470001220703125,38.36000061035156,38.36000061035156,5900
2018-10-22,42.0,42.0,37.93999862670898,39.20000076293945,39.20000076293945,1100
2018-10-23,41.29999923706055,41.29999923706055,38.5,41.09000015258789,41.09000015258789,2300
2018-10-24,40.25,41.29999923706055,38.84999847412109,39.40999984741211,39.40999984741211,1300
2018-10-25,39.47999954223633,40.52999877929688,38.84999847412109,38.91999816894531,38.91999816894531,600
2018-10-26,38.84999847412109,39.130001068115234,36.75,37.2400016784668,37.2400016784668,2000
2018-10-29,39.060001373291016,39.060001373291016,32.20000076293945,33.95000076293945,33.95000076293945,1900
2018-10-30,35.0,38.43000030517578,34.29999923706055,34.650001525878906,34.650001525878906,1000
2018-10-31,35.0,35.70000076293945,34.29999923706055,35.0,35.0,1300
2018-11-01,35.0,37.2400016784668,34.439998626708984,36.470001220703125,36.470001220703125,1700
2018-11-02,39.900001525878906,41.29999923706055,35.13999938964844,40.95000076293945,40.95000076293945,5700
2018-11-05,41.29999923706055,42.41999816894531,37.2400016784668,39.900001525878906,39.900001525878906,3300
2018-11-06,37.09999847412109,39.900001525878906,36.75,38.56999969482422,38.56999969482422,2500
2018-11-07,36.75,42.0,36.75,39.060001373291016,39.060001373291016,2800
2018-11-08,38.5,46.83000183105469,37.310001373291016,43.400001525878906,43.400001525878906,15000
2018-11-09,44.79999923706055,44.79999923706055,39.20000076293945,39.20000076293945,39.20000076293945,3300
2018-11-12,37.79999923706055,39.130001068115234,36.400001525878906,36.75,36.75,2500
2018-11-13,35.70000076293945,36.81999969482422,34.650001525878906,34.86000061035156,34.86000061035156,3800
2018-11-14,37.52000045776367,37.52000045776367,35.70000076293945,35.77000045776367,35.77000045776367,1100
2018-11-15,33.599998474121094,37.52000045776367,33.599998474121094,37.45000076293945,37.45000076293945,2400
2018-11-16,35.0,38.5,35.0,35.06999969482422,35.06999969482422,700
2018-11-19,40.25,40.25,35.0,35.70000076293945,35.70000076293945,700
2018-11-20,37.52000045776367,37.52000045776367,34.29999923706055,34.29999923706055,34.29999923706055,900
2018-11-21,34.02000045776367,36.400001525878906,33.95000076293945,36.400001525878906,36.400001525878906,1300
2018-11-23,33.599998474121094,36.400001525878906,33.599998474121094,33.599998474121094,33.599998474121094,2800
2018-11-26,33.599998474121094,35.70000076293945,33.599998474121094,34.5099983215332,34.5099983215332,1400
2018-11-27,34.93000030517578,35.90999984741211,34.29999923706055,34.29999923706055,34.29999923706055,700
2018-11-28,34.29999923706055,35.0,25.89999961853028,30.170000076293945,30.170000076293945,1700
2018-11-29,36.400001525878906,39.20000076293945,33.599998474121094,35.70000076293945,35.70000076293945,5000
2018-11-30,34.439998626708984,37.09999847412109,31.56999969482422,36.2599983215332,36.2599983215332,1500
2018-12-03,35.560001373291016,36.88999938964844,34.29999923706055,36.400001525878906,36.400001525878906,900
2018-12-04,36.400001525878906,36.959999084472656,35.0,35.0,35.0,600
2018-12-06,35.0,35.0,33.95000076293945,33.95000076293945,33.95000076293945,1400
2018-12-07,33.95000076293945,33.95000076293945,32.20000076293945,32.900001525878906,32.900001525878906,2200
2018-12-10,32.900001525878906,33.599998474121094,30.799999237060547,31.5,31.5,1900
2018-12-11,31.63999938964844,32.83000183105469,30.799999237060547,30.799999237060547,30.799999237060547,1200
2018-12-12,30.8700008392334,31.920000076293945,25.89999961853028,30.170000076293945,30.170000076293945,7800
2018-12-13,30.100000381469727,30.450000762939453,26.600000381469727,29.68000030517578,29.68000030517578,10800
2018-12-14,30.729999542236328,32.7599983215332,29.81999969482422,30.799999237060547,30.799999237060547,4900
2018-12-17,30.799999237060547,30.799999237060547,24.5,27.15999984741211,27.15999984741211,7200
2018-12-18,25.89999961853028,26.11000061035156,21.06999969482422,24.63999938964844,24.63999938964844,3200
2018-12-19,26.600000381469727,26.600000381469727,21.0,25.200000762939453,25.200000762939453,1200
2018-12-20,22.46999931335449,24.850000381469727,21.13999938964844,21.700000762939453,21.700000762939453,1400
2018-12-21,21.0,23.100000381469727,21.0,22.39999961853028,22.39999961853028,1900
2018-12-24,21.700000762939453,21.700000762939453,14.90999984741211,19.950000762939453,19.950000762939453,1700
2018-12-26,19.950000762939453,21.0,16.799999237060547,19.670000076293945,19.670000076293945,2000
2018-12-27,21.0,21.0,17.56999969482422,19.040000915527344,19.040000915527344,2200
2018-12-28,29.1200008392334,29.1200008392334,17.5,20.51000022888184,20.51000022888184,2600
2018-12-31,20.299999237060547,21.0,17.709999084472656,19.739999771118164,19.739999771118164,2700
2019-01-02,20.440000534057617,22.32999992370605,18.270000457763672,20.3700008392334,20.3700008392334,1200
2019-01-03,21.420000076293945,24.5,16.799999237060547,22.39999961853028,22.39999961853028,2100
2019-01-04,22.39999961853028,23.729999542236328,19.670000076293945,23.100000381469727,23.100000381469727,800
2019-01-07,23.100000381469727,25.1299991607666,23.100000381469727,24.709999084472656,24.709999084472656,700
2019-01-08,25.76000022888184,25.96999931335449,22.81999969482422,22.81999969482422,22.81999969482422,100
2019-01-09,23.59000015258789,25.200000762939453,22.81999969482422,22.81999969482422,22.81999969482422,500
2019-01-10,22.81999969482422,25.89999961853028,22.75,25.40999984741211,25.40999984741211,3400
2019-01-11,29.75,29.75,24.5,25.1299991607666,25.1299991607666,800
2019-01-14,25.82999992370605,27.15999984741211,23.239999771118164,23.65999984741211,23.65999984741211,1600
2019-01-15,24.63999938964844,27.299999237060547,23.100000381469727,23.100000381469727,23.100000381469727,500
2019-01-16,23.799999237060547,25.200000762939453,21.0,22.959999084472656,22.959999084472656,1000
2019-01-17,23.239999771118164,24.5,21.0,22.39999961853028,22.39999961853028,200
2019-01-18,23.799999237060547,25.059999465942383,22.39999961853028,23.450000762939453,23.450000762939453,400
2019-01-22,27.299999237060547,27.299999237060547,22.39999961853028,22.81999969482422,22.81999969482422,200
2019-01-23,22.540000915527344,23.309999465942383,22.39999961853028,22.75,22.75,600
2019-01-24,22.39999961853028,23.65999984741211,22.39999961853028,22.75,22.75,400
2019-01-25,22.540000915527344,24.290000915527344,22.46999931335449,23.100000381469727,23.100000381469727,600
2019-01-28,22.39999961853028,23.799999237060547,22.049999237060547,22.39999961853028,22.39999961853028,1200
2019-01-29,23.520000457763672,23.799999237060547,21.770000457763672,23.3799991607666,23.3799991607666,600
2019-01-30,23.239999771118164,23.239999771118164,17.5,18.89999961853028,18.89999961853028,3300
2019-01-31,20.790000915527344,23.100000381469727,19.600000381469727,21.700000762939453,21.700000762939453,6900
2019-02-01,22.75,22.75,21.0,21.0,21.0,1500
2019-02-04,21.0,22.39999961853028,21.0,21.770000457763672,21.770000457763672,3200
2019-02-05,22.049999237060547,22.39999961853028,21.0,21.700000762939453,21.700000762939453,1400
2019-02-06,21.0,21.0,17.360000610351562,18.40999984741211,18.40999984741211,8600
2019-02-07,18.89999961853028,18.96999931335449,18.200000762939453,18.89999961853028,18.89999961853028,5200
2019-02-08,18.549999237060547,19.25,17.290000915527344,18.270000457763672,18.270000457763672,2300
2019-02-11,18.82999992370605,20.299999237060547,17.5,18.549999237060547,18.549999237060547,3100
2019-02-12,19.600000381469727,19.600000381469727,17.149999618530273,18.1299991607666,18.1299991607666,1200
2019-02-13,17.639999389648438,18.200000762939453,17.149999618530273,17.5,17.5,1500
2019-02-14,17.43000030517578,18.89999961853028,17.43000030517578,18.89999961853028,18.89999961853028,1400
2019-02-15,19.600000381469727,19.600000381469727,16.450000762939453,16.799999237060547,16.799999237060547,5900
2019-02-19,17.5,17.639999389648438,15.329999923706056,15.75,15.75,6800
2019-02-20,16.100000381469727,16.520000457763672,15.75,16.100000381469727,16.100000381469727,2100
2019-02-21,16.799999237060547,16.940000534057617,15.75,16.170000076293945,16.170000076293945,1300
2019-02-22,16.799999237060547,16.799999237060547,15.75,16.100000381469727,16.100000381469727,1700
2019-02-25,16.100000381469727,16.170000076293945,15.470000267028809,15.75,15.75,2600
2019-02-26,15.68000030517578,17.5,15.399999618530272,16.8700008392334,16.8700008392334,9700
2019-02-27,17.709999084472656,17.709999084472656,15.050000190734863,17.010000228881836,17.010000228881836,3900
2019-02-28,16.799999237060547,17.010000228881836,15.75,16.729999542236328,16.729999542236328,1000
2019-03-01,16.799999237060547,25.200000762939453,16.450000762939453,17.219999313354492,17.219999313354492,25900
2019-03-04,17.5,18.40999984741211,16.450000762939453,16.799999237060547,16.799999237060547,6200
2019-03-05,16.450000762939453,18.479999542236328,16.100000381469727,16.729999542236328,16.729999542236328,2000
2019-03-06,16.520000457763672,16.520000457763672,15.050000190734863,15.75,15.75,2900
2019-03-07,16.450000762939453,17.5,15.470000267028809,16.65999984741211,16.65999984741211,3000
2019-03-08,16.799999237060547,17.219999313354492,15.68000030517578,16.65999984741211,16.65999984741211,2400
2019-03-11,16.450016021728516,17.500017166137695,16.170015335083008,17.01001739501953,17.01001739501953,156000
2019-03-12,17.850017547607422,18.20001792907715,16.170015335083008,17.430017471313477,17.430017471313477,139400
2019-03-13,17.640018463134766,22.400022506713867,17.500017166137695,18.9000186920166,18.9000186920166,1141600
2019-03-14,18.760019302368164,18.760019302368164,15.400015830993652,16.800016403198242,16.800016403198242,274900
2019-03-15,16.660017013549805,18.830018997192383,16.660017013549805,17.500017166137695,17.500017166137695,263700
2019-03-18,17.15001678466797,22.05002212524414,16.800016403198242,21.70002174377441,21.70002174377441,802300
2019-03-19,19.60001945495605,21.00002098083496,18.550018310546875,19.250019073486328,19.250019073486328,556400
2019-03-20,18.97001838684082,19.250019073486328,17.570016860961914,18.690019607543945,18.690019607543945,178400
2019-03-21,18.690019607543945,18.690019607543945,17.640018463134766,17.990018844604492,17.990018844604492,169200
2019-03-22,17.92001724243164,18.20001792907715,15.400015830993652,16.450016021728516,16.450016021728516,197700
2019-03-25,16.940017700195312,17.29001808166504,16.10001564025879,16.170015335083008,16.170015335083008,310300
2019-03-26,16.800016403198242,17.29001808166504,16.10001564025879,16.170015335083008,16.170015335083008,247200
2019-03-27,16.170015335083008,16.800016403198242,15.400015830993652,15.75001621246338,15.75001621246338,319900
2019-03-28,16.10001564025879,16.380016326904297,14.7000150680542,16.03001594543457,16.03001594543457,278500
2019-03-29,15.680015563964844,16.03001594543457,12.950013160705566,15.75001621246338,15.75001621246338,354200
2019-04-01,15.960016250610352,16.170015335083008,12.950013160705566,15.190014839172363,15.190014839172363,662700
2019-04-02,13.65001392364502,23.800024032592773,13.65001392364502,19.460020065307617,19.460020065307617,3433400
2019-04-03,19.460020065307617,21.00002098083496,18.20001792907715,18.270017623901367,18.270017623901367,964800
2019-04-04,19.60001945495605,19.60001945495605,16.940017700195312,18.20001792907715,18.20001792907715,509600
2019-04-05,18.760019302368164,18.760019302368164,16.800016403198242,17.430017471313477,17.430017471313477,453300
2019-04-08,17.01001739501953,17.500017166137695,16.10001564025879,16.590017318725586,16.590017318725586,500600
2019-04-09,17.500017166137695,18.830018997192383,16.10001564025879,18.480018615722656,18.480018615722656,959000
2019-04-10,18.20001792907715,18.20001792907715,16.10001564025879,16.310016632080078,16.310016632080078,431700
2019-04-11,16.940017700195312,19.39001846313477,16.10001564025879,19.39001846313477,19.39001846313477,1907100
2019-04-12,19.60001945495605,20.02001953125,17.500017166137695,18.06001853942871,18.06001853942871,672200
2019-04-15,17.640018463134766,17.640018463134766,16.800016403198242,17.430017471313477,17.430017471313477,302800
2019-04-16,17.570016860961914,17.570016860961914,16.10001564025879,16.450016021728516,16.450016021728516,414500
2019-04-17,17.08001708984375,17.220016479492188,15.960016250610352,16.310016632080078,16.310016632080078,199500
2019-04-18,16.520015716552734,16.520015716552734,14.770014762878418,15.960016250610352,15.960016250610352,298200
2019-04-22,15.400015830993652,15.470015525817873,14.350014686584473,14.7000150680542,14.7000150680542,381800
2019-04-23,15.470015525817873,15.470015525817873,14.000014305114746,14.000014305114746,14.000014305114746,511600
2019-04-24,14.840014457702637,14.840014457702637,14.000014305114746,14.21001434326172,14.21001434326172,265800
2019-04-25,7.000007152557373,8.260007858276367,7.000007152557373,8.050007820129395,8.050007820129395,32995800
2019-04-26,8.400008201599121,8.470008850097656,7.210007190704346,7.700007915496826,7.700007915496826,8860300
2019-04-29,7.770007610321045,8.190008163452148,7.560007572174072,7.910007953643799,7.910007953643799,5699300
2019-04-30,8.400008201599121,8.96000862121582,7.910007953643799,8.890008926391602,8.890008926391602,10486100
2019-05-01,9.310009002685549,13.16001319885254,9.100008964538574,11.200011253356934,11.200011253356934,45460200
2019-05-02,11.200011253356934,12.740013122558594,9.800009727478027,11.760011672973633,11.760011672973633,18213900
2019-05-03,11.55001163482666,11.55001163482666,9.870009422302246,10.290010452270508,10.290010452270508,6686800
2019-05-06,10.50001049041748,10.850010871887209,9.870009422302246,10.290010452270508,10.290010452270508,4546500
2019-05-07,10.080010414123535,10.220009803771973,9.380009651184082,9.730010032653809,9.730010032653809,4003300
2019-05-08,9.870009422302246,10.010009765625,8.750008583068848,8.96000862121582,8.96000862121582,5048100
2019-05-09,9.100008964538574,10.99001121520996,8.750008583068848,9.660009384155272,9.660009384155272,7668500
2019-05-10,9.520009994506836,9.660009384155272,8.820009231567383,8.96000862121582,8.96000862121582,3426500
2019-05-13,8.820009231567383,9.310009002685549,8.680008888244629,8.96000862121582,8.96000862121582,2277600
2019-05-14,8.96000862121582,9.590009689331056,8.400008201599121,8.96000862121582,8.96000862121582,3258600
2019-05-15,9.030009269714355,9.240009307861328,8.610008239746094,8.750008583068848,8.750008583068848,2341500
2019-05-16,9.100008964538574,9.100008964538574,7.700007915496826,8.470008850097656,8.470008850097656,3161900
2019-05-17,8.890008926391602,8.890008926391602,8.050007820129395,8.190008163452148,8.190008163452148,1966900
2019-05-20,8.680008888244629,8.680008888244629,7.700007915496826,8.260007858276367,8.260007858276367,3098900
2019-05-21,8.12000846862793,8.540008544921875,7.560007572174072,8.050007820129395,8.050007820129395,2009000
2019-05-22,8.050007820129395,8.050007820129395,7.630007743835449,7.700007915496826,7.700007915496826,2267600
2019-05-23,7.700007915496826,9.800009727478027,7.700007915496826,9.17000961303711,9.17000961303711,11418100
2019-05-24,8.610008239746094,9.4500093460083,7.840007781982422,7.840007781982422,7.840007781982422,3740200
2019-05-28,8.400008201599121,8.750008583068848,8.050007820129395,8.260007858276367,8.260007858276367,2046000
2019-05-29,8.470008850097656,8.750008583068848,7.840007781982422,8.540008544921875,8.540008544921875,2952000
2019-05-30,8.330008506774902,9.030009269714355,8.050007820129395,8.400008201599121,8.400008201599121,1855300
2019-05-31,7.560007572174072,8.190008163452148,7.280007362365723,7.490007400512695,7.490007400512695,7014800
2019-06-03,7.429999828338623,8.680000305175781,5.309999942779541,5.599999904632568,5.599999904632568,442000
2019-06-04,5.639999866485596,6.440000057220459,5.110000133514404,5.534999847412109,5.534999847412109,245000
2019-06-05,5.329999923706055,5.329999923706055,4.800000190734863,5.0,5.0,140500
2019-06-06,12.850000381469728,15.75,7.010000228881836,7.079999923706055,7.079999923706055,7824700
2019-06-07,6.860000133514404,11.015000343322754,6.5,7.980000019073486,7.980000019073486,4932500
2019-06-10,7.909999847412109,7.980000019073486,6.703000068664551,7.0,7.0,302200
2019-06-11,7.590000152587891,14.649999618530272,7.590000152587891,9.5,9.5,2696000
2019-06-12,8.609999656677246,8.75,7.619999885559082,7.949999809265137,7.949999809265137,509300
2019-06-13,8.069999694824219,11.5,7.179999828338623,10.109999656677246,10.109999656677246,708100
2019-06-14,8.869999885559082,10.65999984741211,8.619999885559082,8.890000343322754,8.890000343322754,468400
2019-06-17,15.859999656677246,16.489999771118164,9.600000381469728,9.710000038146973,9.710000038146973,5057800
2019-06-18,5.889999866485596,6.739999771118164,5.110000133514404,5.300000190734863,5.300000190734863,4213000
2019-06-19,5.090000152587891,5.28000020980835,4.619999885559082,4.739999771118164,4.739999771118164,1043400
2019-06-20,4.849999904632568,4.849999904632568,4.099999904632568,4.289999961853027,4.289999961853027,2066400
2019-06-21,6.28000020980835,6.289999961853027,5.0,5.199999809265137,5.199999809265137,8901400
2019-06-24,4.840000152587891,5.199999809265137,4.550000190734863,4.960000038146973,4.960000038146973,858200
2019-06-25,4.820000171661377,4.881999969482422,4.539999961853027,4.579999923706055,4.579999923706055,579200
2019-06-26,4.5,4.580999851226807,4.050000190734863,4.139999866485596,4.139999866485596,812200
2019-06-27,4.179999828338623,4.340000152587891,4.03000020980835,4.21999979019165,4.21999979019165,600600
2019-06-28,4.130000114440918,4.369999885559082,4.03000020980835,4.170000076293945,4.170000076293945,443100
2019-07-01,4.070000171661377,4.21999979019165,3.920000076293945,4.0,4.0,352800
2019-07-02,3.9700000286102295,3.990000009536743,3.630000114440918,3.7300000190734863,3.7300000190734863,663900
2019-07-03,3.700000047683716,3.869999885559082,3.549999952316284,3.640000104904175,3.640000104904175,298400
2019-07-05,3.5299999713897705,4.104000091552734,3.5199999809265137,3.869999885559082,3.869999885559082,740000
2019-07-08,3.809999942779541,4.076000213623047,3.799999952316284,3.859999895095825,3.859999895095825,221000
2019-07-09,3.799999952316284,3.9700000286102295,3.7060000896453857,3.740000009536743,3.740000009536743,229800
2019-07-10,3.759999990463257,4.449999809265137,3.619999885559082,4.119999885559082,4.119999885559082,1739900
2019-07-11,4.119999885559082,4.150000095367432,3.83899998664856,4.039999961853027,4.039999961853027,271700
2019-07-12,3.9800000190734863,4.25,3.950000047683716,4.010000228881836,4.010000228881836,614800
2019-07-15,3.950000047683716,4.150000095367432,3.819999933242798,3.849999904632568,3.849999904632568,193700
2019-07-16,3.890000104904175,3.924000024795532,3.650000095367432,3.75,3.75,213400
2019-07-17,3.680000066757202,3.9800000190734863,3.650000095367432,3.650000095367432,3.650000095367432,295800
2019-07-18,3.660000085830689,3.799999952316284,3.569999933242798,3.619999885559082,3.619999885559082,137200
2019-07-19,3.5899999141693115,3.670000076293945,3.559999942779541,3.559999942779541,3.559999942779541,109600
2019-07-22,3.5899999141693115,3.700000047683716,3.5299999713897705,3.5799999237060547,3.5799999237060547,139000
2019-07-23,3.470000028610229,3.562999963760376,3.119999885559082,3.2049999237060547,3.2049999237060547,144100
2019-07-24,3.109999895095825,3.2699999809265137,2.690000057220459,3.009999990463257,3.009999990463257,386200
2019-07-25,3.0299999713897705,3.150000095367432,2.799999952316284,2.930000066757202,2.930000066757202,145800
2019-07-26,2.900000095367432,3.009999990463257,2.759999990463257,2.9200000762939453,2.9200000762939453,294200
2019-07-29,2.890000104904175,3.690000057220459,2.890000104904175,3.25,3.25,1233200
2019-07-30,3.3299999237060547,3.549999952316284,2.900000095367432,2.970000028610229,2.970000028610229,852100
2019-07-31,3.200000047683716,3.400000095367432,2.901000022888184,2.9600000381469727,2.9600000381469727,691700
2019-08-01,2.930000066757202,2.989000082015991,2.819999933242798,2.8399999141693115,2.8399999141693115,187300
2019-08-02,2.799999952316284,2.799999952316284,2.5299999713897705,2.5299999713897705,2.5299999713897705,233800
2019-08-05,2.569999933242798,2.569999933242798,2.3399999141693115,2.400000095367432,2.400000095367432,124500
2019-08-06,2.369999885559082,2.4100000858306885,2.2100000381469727,2.319999933242798,2.319999933242798,126100
2019-08-07,2.299999952316284,2.3299999237060547,2.150000095367432,2.220000028610229,2.220000028610229,135700
2019-08-08,2.200000047683716,2.263000011444092,2.049999952316284,2.190000057220459,2.190000057220459,152700
2019-08-09,2.180000066757202,2.3399999141693115,2.109999895095825,2.2100000381469727,2.2100000381469727,85800
2019-08-12,2.200000047683716,2.4200000762939453,2.0899999141693115,2.3399999141693115,2.3399999141693115,77900
2019-08-13,2.3299999237060547,2.380000114440918,2.1610000133514404,2.2300000190734863,2.2300000190734863,77100
2019-08-14,2.309999942779541,2.3919999599456787,2.049999952316284,2.130000114440918,2.130000114440918,103900
2019-08-15,2.109999895095825,2.289999961853028,2.0,2.0899999141693115,2.0899999141693115,59900
2019-08-16,2.049999952316284,2.900000095367432,2.049999952316284,2.650000095367432,2.650000095367432,847600
2019-08-19,2.650000095367432,3.140000104904175,2.359999895095825,2.5,2.5,1117800
2019-08-20,2.369999885559082,2.6600000858306885,2.299999952316284,2.509999990463257,2.509999990463257,133700
2019-08-21,2.4600000381469727,2.6600000858306885,2.4100000858306885,2.4100000858306885,2.4100000858306885,76600
2019-08-22,2.430000066757202,2.509999990463257,2.359999895095825,2.375,2.375,63700
2019-08-23,2.380000114440918,2.58899998664856,2.299999952316284,2.450000047683716,2.450000047683716,175900
2019-08-26,2.450000047683716,2.5799999237060547,2.3499999046325684,2.390000104904175,2.390000104904175,37700
2019-08-27,2.4100000858306885,2.490000009536743,2.309999942779541,2.4200000762939453,2.4200000762939453,54700
2019-08-28,2.400000095367432,2.450000047683716,2.3399999141693115,2.4100000858306885,2.4100000858306885,55600
2019-08-29,2.4100000858306885,2.430000066757202,2.3480000495910645,2.380000114440918,2.380000114440918,50100
2019-08-30,2.359999895095825,2.470000028610229,2.299999952316284,2.450000047683716,2.450000047683716,75600
2019-09-03,2.440000057220459,2.5999999046325684,2.359999895095825,2.5299999713897705,2.5299999713897705,172900
2019-09-04,2.5999999046325684,2.8399999141693115,2.4600000381469727,2.559999942779541,2.559999942779541,501500
2019-09-05,2.509999990463257,2.7100000381469727,2.440000057220459,2.559999942779541,2.559999942779541,61800
2019-09-06,2.5799999237060547,2.720000028610229,2.559999942779541,2.640000104904175,2.640000104904175,84200
2019-09-09,2.630000114440918,2.75,2.549999952316284,2.650000095367432,2.650000095367432,62200
2019-09-10,2.630000114440918,2.9100000858306885,2.609999895095825,2.9100000858306885,2.9100000858306885,118800
2019-09-11,2.900000095367432,2.9600000381469727,2.700000047683716,2.755000114440918,2.755000114440918,93500
2019-09-12,2.9800000190734863,3.0999999046325684,2.7300000190734863,3.0299999713897705,3.0299999713897705,217600
2019-09-13,3.049999952316284,3.109999895095825,2.822000026702881,3.059999942779541,3.059999942779541,125000
2019-09-16,2.970000028610229,3.0999999046325684,2.944999933242798,2.9600000381469727,2.9600000381469727,58700
2019-09-17,2.990000009536743,3.062999963760376,2.950000047683716,2.990000009536743,2.990000009536743,77800
2019-09-18,3.0299999713897705,3.200000047683716,3.0,3.0199999809265137,3.0199999809265137,86800
2019-09-19,3.009999990463257,3.0999999046325684,2.811000108718872,2.880000114440918,2.880000114440918,115300
2019-09-20,2.900000095367432,2.900000095367432,2.650000095367432,2.7300000190734863,2.7300000190734863,100700
2019-09-23,2.75,2.900000095367432,2.6630001068115234,2.8299999237060547,2.8299999237060547,48900
2019-09-24,2.799999952316284,2.8299999237060547,2.6700000762939453,2.7100000381469727,2.7100000381469727,48500
2019-09-25,2.700000047683716,2.8399999141693115,2.569999933242798,2.640000104904175,2.640000104904175,52900
2019-09-26,2.5899999141693115,2.7100000381469727,2.369999885559082,2.509999990463257,2.509999990463257,97600
2019-09-27,2.5199999809265137,2.7839999198913574,2.437000036239624,2.4800000190734863,2.4800000190734863,48900
2019-09-30,2.4600000381469727,2.509999990463257,2.315999984741211,2.4200000762939453,2.4200000762939453,49100
2019-10-01,2.400000095367432,2.5,2.25,2.2699999809265137,2.2699999809265137,72800
2019-10-02,2.309999942779541,2.450000047683716,2.220000028610229,2.450000047683716,2.450000047683716,73200
2019-10-03,2.450000047683716,2.680000066757202,2.299999952316284,2.390000104904175,2.390000104904175,183800
2019-10-04,2.400000095367432,2.690000057220459,2.29099988937378,2.390000104904175,2.390000104904175,8500
2019-10-07,2.4100000858306885,2.61899995803833,2.259999990463257,2.3499999046325684,2.3499999046325684,10000
2019-10-08,2.390000104904175,2.569999933242798,2.369999885559082,2.470000028610229,2.470000028610229,27500
2019-10-09,2.5,2.5,2.369999885559082,2.400000095367432,2.400000095367432,32200
2019-10-10,2.444000005722046,2.444000005722046,2.299999952316284,2.309999942779541,2.309999942779541,20800
2019-10-11,2.299999952316284,2.4600000381469727,2.2699999809265137,2.289999961853028,2.289999961853028,17600
2019-10-14,2.2799999713897705,2.2799999713897705,2.0299999713897705,2.25,2.25,48400
2019-10-15,2.240000009536743,2.630000114440918,2.200999975204468,2.630000114440918,2.630000114440918,89500
2019-10-16,2.650000095367432,2.650000095367432,2.3499999046325684,2.5,2.5,128200
2019-10-17,4.239999771118164,5.590000152587891,3.5,3.5799999237060547,3.5799999237060547,37818500
2019-10-18,3.2699999809265137,3.700000047683716,3.049999952316284,3.4200000762939453,3.4200000762939453,2080900
2019-10-21,3.369999885559082,3.5,3.240000009536743,3.4100000858306885,3.4100000858306885,451100
2019-10-22,3.390000104904175,3.450000047683716,3.240000009536743,3.380000114440918,3.380000114440918,245200
2019-10-23,3.430000066757202,3.549999952316284,3.299999952316284,3.450000047683716,3.450000047683716,327200
2019-10-24,3.450000047683716,3.7799999713897705,3.450000047683716,3.569999933242798,3.569999933242798,478700
2019-10-25,3.569999933242798,3.569999933242798,3.2799999713897705,3.359999895095825,3.359999895095825,302500
2019-10-28,3.369999885559082,3.440000057220459,3.25,3.3399999141693115,3.3399999141693115,137900
2019-10-29,3.289999961853028,3.313999891281128,3.130000114440918,3.1700000762939453,3.1700000762939453,151500
2019-10-30,3.140000104904175,3.25,3.049999952316284,3.140000104904175,3.140000104904175,159000
2019-10-31,3.1600000858306885,3.220000028610229,3.009999990463257,3.140000104904175,3.140000104904175,64600
2019-11-01,3.130000114440918,3.3499999046325684,3.069999933242798,3.109999895095825,3.109999895095825,144700
2019-11-04,3.109999895095825,3.25,3.109999895095825,3.200000047683716,3.200000047683716,34900
2019-11-05,3.1600000858306885,3.200000047683716,3.0799999237060547,3.0999999046325684,3.0999999046325684,32200
2019-11-06,3.109999895095825,3.119999885559082,2.859999895095825,2.950000047683716,2.950000047683716,97700
2019-11-07,3.059999942779541,3.4100000858306885,3.059999942779541,3.0799999237060547,3.0799999237060547,701000
2019-11-08,3.0899999141693115,3.380000114440918,3.006999969482422,3.259999990463257,3.259999990463257,132000
2019-11-11,3.220000028610229,3.2799999713897705,3.0199999809265137,3.069999933242798,3.069999933242798,50500
2019-11-12,3.049999952316284,3.180000066757202,2.9600000381469727,3.039999961853028,3.039999961853028,86300
2019-11-13,2.9800000190734863,3.0799999237060547,2.799999952316284,2.859999895095825,2.859999895095825,98100
2019-11-14,2.900000095367432,2.900000095367432,2.720000028610229,2.75,2.75,73800
2019-11-15,2.720000028610229,2.878999948501587,2.640000104904175,2.6700000762939453,2.6700000762939453,77400
2019-11-18,2.640000104904175,2.690000057220459,2.470000028610229,2.490000009536743,2.490000009536743,143100
2019-11-19,2.400000095367432,2.609999895095825,2.400000095367432,2.549999952316284,2.549999952316284,75500
2019-11-20,2.572999954223633,2.6050000190734863,2.4100000858306885,2.450000047683716,2.450000047683716,177700
2019-11-21,4.300000190734863,4.550000190734863,3.359999895095825,3.390000104904175,3.390000104904175,27440000
2019-11-22,3.369999885559082,3.680000066757202,3.200000047683716,3.5799999237060547,3.5799999237060547,1918500
2019-11-25,3.569999933242798,3.670000076293945,3.430000066757202,3.5899999141693115,3.5899999141693115,567100
2019-11-26,3.559999942779541,4.690000057220459,3.5,4.619999885559082,4.619999885559082,3378600
2019-11-27,4.929999828338623,8.350000381469727,4.699999809265137,6.269999980926514,6.269999980926514,22552800
2019-11-29,6.510000228881836,7.599999904632568,6.400000095367432,6.989999771118164,6.989999771118164,6139700
2019-12-02,6.909999847412109,7.199999809265137,5.800000190734863,6.050000190734863,6.050000190734863,2159500
2019-12-03,5.639999866485596,6.369999885559082,5.460000038146973,6.0,6.0,1003900
2019-12-04,5.929999828338623,6.010000228881836,5.610000133514404,5.650000095367432,5.650000095367432,559700
2019-12-05,5.809999942779541,6.53000020980835,5.309999942779541,5.389999866485596,5.389999866485596,1361900
2019-12-06,5.300000190734863,5.599999904632568,5.079999923706055,5.190000057220459,5.190000057220459,433400
2019-12-09,5.190000057220459,5.650000095367432,5.050000190734863,5.610000133514404,5.610000133514404,482100
2019-12-10,5.760000228881836,6.0,5.489999771118164,5.53000020980835,5.53000020980835,481500
2019-12-11,5.610000133514404,5.650000095367432,5.25,5.260000228881836,5.260000228881836,359100
2019-12-12,5.239999771118164,5.355000019073486,5.122000217437744,5.25,5.25,255700
2019-12-13,5.199999809265137,5.480000019073486,5.199999809265137,5.349999904632568,5.349999904632568,231300
2019-12-16,5.449999809265137,5.5,5.159999847412109,5.239999771118164,5.239999771118164,219100
2019-12-17,5.199999809265137,5.340000152587891,4.710000038146973,4.820000171661377,4.820000171661377,494800
2019-12-18,4.71999979019165,5.196000099182129,4.650000095367432,5.050000190734863,5.050000190734863,278500
2019-12-19,5.03000020980835,5.190000057220459,4.860000133514404,4.889999866485596,4.889999866485596,115200
2019-12-20,4.900000095367432,5.050000190734863,4.699999809265137,5.039999961853027,5.039999961853027,222800
2019-12-23,5.010000228881836,5.389999866485596,4.800000190734863,5.380000114440918,5.380000114440918,237200
2019-12-24,5.46999979019165,5.789999961853027,5.409999847412109,5.699999809265137,5.699999809265137,310800
2019-12-26,5.730000019073486,5.949999809265137,5.260000228881836,5.510000228881836,5.510000228881836,308200
2019-12-27,5.519999980926514,5.599999904632568,5.326000213623047,5.489999771118164,5.489999771118164,138000
2019-12-30,5.489999771118164,5.5,5.03000020980835,5.190000057220459,5.190000057220459,181900
2019-12-31,5.132999897003174,5.389999866485596,5.010000228881836,5.360000133514404,5.360000133514404,131500
2020-01-02,5.409999847412109,5.75,5.199999809265137,5.599999904632568,5.599999904632568,198100
2020-01-03,5.5,5.709000110626221,5.214000225067139,5.28000020980835,5.28000020980835,132200
2020-01-06,5.210000038146973,5.316999912261963,5.010000228881836,5.25,5.25,295700
2020-01-07,5.880000114440918,5.880000114440918,5.315999984741211,5.639999866485596,5.639999866485596,625800
2020-01-08,5.579999923706055,5.591000080108643,5.25,5.360000133514404,5.360000133514404,225600
2020-01-09,5.429999828338623,5.789999961853027,5.309999942779541,5.579999923706055,5.579999923706055,184700
2020-01-10,5.570000171661377,5.889999866485596,5.400000095367432,5.409999847412109,5.409999847412109,212100
2020-01-13,5.400000095367432,5.599999904632568,5.070000171661377,5.119999885559082,5.119999885559082,194700
2020-01-14,5.119999885559082,5.239999771118164,5.03000020980835,5.239999771118164,5.239999771118164,161300
2020-01-15,5.21999979019165,5.349999904632568,5.199999809265137,5.269999980926514,5.269999980926514,94400
2020-01-16,5.28000020980835,5.619999885559082,5.170000076293945,5.539999961853027,5.539999961853027,167400
2020-01-17,5.539999961853027,5.900000095367432,5.494999885559082,5.739999771118164,5.739999771118164,231800
2020-01-21,5.699999809265137,5.869999885559082,5.5,5.539999961853027,5.539999961853027,264200
2020-01-22,5.510000228881836,5.638000011444092,5.130000114440918,5.300000190734863,5.300000190734863,148200
2020-01-23,5.190000057220459,5.380000114440918,5.164999961853027,5.28000020980835,5.28000020980835,76000
2020-01-24,5.239999771118164,5.369999885559082,4.864999771118164,5.059999942779541,5.059999942779541,231900
2020-01-27,4.820000171661377,4.989999771118164,4.559999942779541,4.710000038146973,4.710000038146973,150800
2020-01-28,4.619999885559082,5.179999828338623,4.599999904632568,4.980000019073486,4.980000019073486,1016400
2020-01-29,6.150000095367432,6.900000095367432,5.670000076293945,5.739999771118164,5.739999771118164,12428600
2020-01-30,5.789999961853027,6.199999809265137,5.270999908447266,5.420000076293945,5.420000076293945,1520100
2020-01-31,5.369999885559082,5.449999809265137,4.960000038146973,5.179999828338623,5.179999828338623,528600
2020-02-03,5.070000171661377,5.119999885559082,4.949999809265137,5.019999980926514,5.019999980926514,338400
2020-02-04,5.039999961853027,5.289999961853027,5.019999980926514,5.099999904632568,5.099999904632568,256200
2020-02-05,5.119999885559082,5.300000190734863,5.110000133514404,5.239999771118164,5.239999771118164,115000
2020-02-06,5.21999979019165,5.230000019073486,5.099999904632568,5.159999847412109,5.159999847412109,168900
2020-02-07,5.099999904632568,5.170000076293945,4.900000095367432,4.920000076293945,4.920000076293945,269000
2020-02-10,4.860000133514404,5.190000057220459,4.860000133514404,5.059999942779541,5.059999942779541,86500
2020-02-11,5.050000190734863,5.067999839782715,4.920000076293945,5.019999980926514,5.019999980926514,59000
2020-02-12,4.900000095367432,5.25,4.900000095367432,5.090000152587891,5.090000152587891,335400
2020-02-13,5.059999942779541,5.059999942779541,4.929999828338623,5.03000020980835,5.03000020980835,166800
2020-02-14,5.019999980926514,5.059999942779541,4.760000228881836,4.840000152587891,4.840000152587891,125300
2020-02-18,4.760000228881836,4.9079999923706055,4.677000045776367,4.820000171661377,4.820000171661377,143700
2020-02-19,4.769999980926514,4.849999904632568,4.619999885559082,4.739999771118164,4.739999771118164,279500
2020-02-20,5.21999979019165,5.21999979019165,4.809999942779541,4.940000057220459,4.940000057220459,361500
2020-02-21,4.909999847412109,4.920000076293945,4.659999847412109,4.71999979019165,4.71999979019165,211400
2020-02-24,4.519999980926514,4.639999866485596,4.449999809265137,4.630000114440918,4.630000114440918,323700
2020-02-25,4.650000095367432,4.650000095367432,4.289999961853027,4.440000057220459,4.440000057220459,120400
2020-02-26,4.409999847412109,4.510000228881836,4.329999923706055,4.400000095367432,4.400000095367432,95100
2020-02-27,4.090000152587891,4.329999923706055,4.039999961853027,4.099999904632568,4.099999904632568,231800
2020-02-28,3.799999952316284,4.079999923706055,3.509999990463257,3.5799999237060547,3.5799999237060547,477700
2020-03-02,3.5,3.568000078201294,3.2799999713897705,3.3299999237060547,3.3299999237060547,269100
2020-03-03,3.3299999237060547,3.367000102996826,3.2699999809265137,3.289999961853028,3.289999961853028,190100
2020-03-04,3.319999933242798,3.450000047683716,3.319999933242798,3.3299999237060547,3.3299999237060547,208000
2020-03-05,3.259999990463257,3.990000009536743,3.259999990463257,3.4200000762939453,3.4200000762939453,2154200
2020-03-06,3.2699999809265137,3.289999961853028,2.75,2.809999942779541,2.809999942779541,643500
2020-03-09,2.400000095367432,2.509999990463257,2.220000028610229,2.240000009536743,2.240000009536743,435100
2020-03-10,2.3299999237060547,2.3499999046325684,2.0299999713897705,2.059999942779541,2.059999942779541,311100
2020-03-11,2.0799999237060547,2.400000095367432,2.009999990463257,2.0899999141693115,2.0899999141693115,1652900
2020-03-12,2.009999990463257,2.0299999713897705,1.5800000429153442,1.5800000429153442,1.5800000429153442,957600
2020-03-13,1.7000000476837158,1.7000000476837158,1.3220000267028809,1.409999966621399,1.409999966621399,538300
2020-03-16,1.1799999475479126,1.7400000095367432,1.1799999475479126,1.2999999523162842,1.2999999523162842,477100
2020-03-17,1.3200000524520874,1.5399999618530271,1.2100000381469729,1.2899999618530271,1.2899999618530271,221800
2020-03-18,1.2000000476837158,1.2309999465942385,1.0,1.149999976158142,1.149999976158142,322800
2020-03-19,1.159999966621399,1.4900000095367432,1.159999966621399,1.2999999523162842,1.2999999523162842,326600
2020-03-20,1.4299999475479126,2.859999895095825,1.399999976158142,1.6799999475479126,1.6799999475479126,8267600
2020-03-23,1.899999976158142,1.9600000381469729,1.5499999523162842,1.8799999952316284,1.8799999952316284,836200
2020-03-24,1.899999976158142,1.9800000190734863,1.7200000286102295,1.7599999904632568,1.7599999904632568,546900
2020-03-25,1.7699999809265137,1.8049999475479128,1.649999976158142,1.690000057220459,1.690000057220459,282900
2020-03-26,1.6699999570846558,1.7599999904632568,1.6200000047683716,1.7100000381469729,1.7100000381469729,178400
2020-03-27,1.649999976158142,1.870000004768372,1.5609999895095823,1.8600000143051147,1.8600000143051147,307500
2020-03-30,1.8899999856948853,1.899999976158142,1.6699999570846558,1.7000000476837158,1.7000000476837158,222700
2020-03-31,1.649999976158142,2.450000047683716,1.6100000143051147,1.7699999809265137,1.7699999809265137,1116700
2020-04-01,1.75,1.7999999523162842,1.6200000047683716,1.6799999475479126,1.6799999475479126,176100
2020-04-02,1670.0,1680.0,1550.0,1630.0,,128
2020-04-03,1610.0,1640.0,1530.0,1570.0,,138
2020-04-06,1640.0,1690.0,1530.0,1620.0,,344
2020-04-07,1710.0,1715.0,1500.0,1610.0,,407
2020-04-08,1580.0,1680.0,1560.0,1600.0,,341
2020-04-09,1580.0,1585.0,1490.0,1540.0,,371
2020-04-13,1530.0,1606.0,1420.0,1560.0,,892
2020-04-14,1660.0,1750.0,1580.0,1670.0,,1812
2020-04-15,1630.0,1660.0,1520.0,1560.0,,392
2020-04-16,1560.0,1590.0,1470.0,1510.0,,657
2020-04-17,1550.0,1555.0,1400.0,1480.0,,885
2020-04-20,1500.0,1630.0,1350.0,1410.0,,1599
2020-04-21,1400.0,1400.0,1260.0,1320.0,,734
2020-04-22,1340.0,1390.0,1280.0,1310.0,,350
2020-04-23,1300.0,1540.0,1280.0,1510.0,,1206
2020-04-24,1460.0,1515.0,1350.0,1350.0,,516
2020-04-27,1400.0,1460.0,1380.0,1440.0,,395
2020-04-28,1480.0,1750.0,1400.0,1580.0,,1725
2020-04-29,1540.0,1680.0,1480.0,1650.0,,1078
2020-04-30,1670.0,2130.0,1610.0,1870.0,,2716
2020-05-01,1830.0,1870.0,1630.0,1690.0,,691
2020-05-04,1670.0,1700.0,1540.0,1670.0,,232
2020-05-05,1640.0,1740.0,1630.0,1660.0,,289
2020-05-06,1660.0,1690.0,1580.0,1630.0,,170
2020-05-07,1640.0,1680.0,1600.0,1630.0,,142
2020-05-08,1640.0,1690.0,1570.0,1680.0,,316
2020-05-11,1660.0,1850.0,1650.0,1750.0,,415
2020-05-12,1780.0,2045.0,1770.0,1780.0,,1107
2020-05-13,1820.0,1840.0,1560.0,1670.0,,617
2020-05-14,1670.0,1690.0,1540.0,1640.0,,170
2020-05-15,1620.0,1740.0,1600.0,1690.0,,219
2020-05-18,1740.0,1790.0,1660.0,1690.0,,327
2020-05-19,1830.0,1946.0,1700.0,1850.0,,1532
2020-05-20,1860.0,1860.0,1710.0,1840.0,,610
2020-05-21,1900.0,2290.0,1880.0,2160.0,,2169
2020-05-22,2110.0,2130.0,1980.0,1980.0,,509
2020-05-26,2040.0,2050.0,1920.0,1980.0,,420
2020-05-27,1980.0,1980.0,1800.0,1860.0,,349
2020-05-28,1860.0,1950.0,1850.0,1870.0,,246
2020-05-29,1890.0,1950.0,1805.0,1850.0,,242
2020-06-01,1860.0,1920.0,1800.0,1920.0,,158
2020-06-02,1940.0,1950.0,1880.0,1950.0,,146
2020-06-03,1910.0,2090.0,1910.0,1970.0,,376
2020-06-04,2000.0,2530.0,1920.0,2140.0,,1467
2020-06-05,2150.0,2190.0,2060.0,2130.0,,309
2020-06-08,2140.0,2250.0,2075.0,2180.0,,345
2020-06-09,2140.0,2308.0,2110.0,2280.0,,358
2020-06-10,2320.0,2420.0,2150.0,2320.0,,479
2020-06-11,2300.0,2310.0,1953.0,1980.0,,611
2020-06-12,2100.0,2220.0,2000.0,2100.0,,455
2020-06-15,2170.0,2200.0,2020.0,2188.0,,200
2020-06-16,2220.0,2250.0,2150.0,2200.0,,195
2020-06-17,2250.0,2440.0,2220.0,2390.0,,520
2020-06-18,2380.0,2590.0,2350.0,2540.0,,489
2020-06-19,2650.0,2730.0,2260.0,2450.0,,598
2020-06-22,2420.0,2530.0,2360.0,2500.0,,2075
2020-06-23,2870.0,3300.0,2700.0,3090.0,,6941
2020-06-24,2900.0,2960.0,2700.0,2830.0,,925
2020-06-25,2780.0,2840.0,2700.0,2730.0,,397
2020-06-26,2820.0,2820.0,2480.0,2570.0,,671
2020-06-29,2570.0,2780.0,2460.0,2710.0,,1531
2020-06-30,2950.0,3150.0,2750.0,2860.0,,1509
2020-07-01,2750.0,2870.0,2750.0,2870.0,,351
2020-07-02,2850.0,2940.0,2760.0,2840.0,,282
2020-07-06,2880.0,2939.0,2760.0,2880.0,,287
2020-07-07,3230.0,4790.0,3070.0,4120.0,,56347
2020-07-08,3590.0,4040.0,3510.0,3690.0,,2810
2020-07-09,3650.0,3730.0,3420.0,3650.0,,1020
2020-07-10,3590.0,3780.0,3490.0,3750.0,,828
2020-07-13,3750.0,3787.0,3220.0,3310.0,,1200
2020-07-14,3340.0,3416.0,3230.0,3390.0,,407
2020-07-15,3430.0,3500.0,3230.0,3340.0,,509
2020-07-16,3300.0,3350.0,3152.0,3340.0,,411
2020-07-17,3340.0,3740.0,3272.0,3700.0,,1082
2020-07-20,3840.0,4350.0,3730.0,4310.0,,2296
2020-07-21,4400.0,4410.0,3640.0,4110.0,,1499
2020-07-22,4090.0,4210.0,3990.0,4140.0,,431
2020-07-23,4200.0,4270.0,3860.0,3970.0,,651
2020-07-24,3960.0,4040.0,3780.0,4020.0,,344
2020-07-27,4060.0,4100.0,3840.0,4050.0,,360
2020-07-28,3990.0,4090.0,3920.0,4030.0,,330
2020-07-29,4020.0,4340.0,3900.0,4200.0,,573
2020-07-30,4150.0,4230.0,4040.0,4210.0,,275
2020-07-31,4270.0,4270.0,3960.0,4040.0,,338
2020-08-03,4100.0,4100.0,3820.0,4040.0,,367
2020-08-04,3990.0,4090.0,3960.0,4070.0,,272
2020-08-05,4630.0,4830.0,4272.0,4590.0,,6927
2020-08-06,4380.0,4600.0,4343.0,4410.0,,525
2020-08-07,4350.0,4700.0,4320.0,4390.0,,1284
2020-08-10,4500.0,4520.0,4320.0,4440.0,,342
2020-08-11,4450.0,4490.0,4060.0,4110.0,,759
2020-08-12,4180.0,4240.0,3850.0,4020.0,,831
2020-08-13,3970.0,3980.0,3620.0,3700.0,,729
2020-08-14,3700.0,3890.0,3630.0,3860.0,,291
2020-08-17,3820.0,3820.0,3660.0,3740.0,,265
2020-08-18,3730.0,3792.0,3660.0,3720.0,,156
2020-08-19,3710.0,3746.0,3630.0,3700.0,,187
2020-08-20,3660.0,3976.0,3660.0,3810.0,,729
2020-08-21,3800.0,3970.0,3770.0,3840.0,,256
2020-08-24,3820.0,3920.0,3550.0,3620.0,,470
2020-08-25,3570.0,3695.0,3530.0,3570.0,,256
2020-08-26,3540.0,3650.0,3455.0,3500.0,,370
2020-08-27,3550.0,3800.0,3420.0,3530.0,,1251
2020-08-28,3380.0,3440.0,3150.0,3200.0,,687
2020-08-31,3230.0,3380.0,3200.0,3310.0,,178
2020-09-01,3290.0,3290.0,3050.0,3120.0,,284
2020-09-02,3070.0,3260.0,2990.0,3220.0,,372
2020-09-03,3160.0,3278.0,3120.0,3190.0,,122
2020-09-04,3170.0,3180.0,2955.0,3130.0,,248
2020-09-08,3030.0,3230.0,2950.0,3100.0,,182
2020-09-09,3080.0,3340.0,3080.0,3250.0,,238
2020-09-10,3250.0,3330.0,3110.0,3130.0,,147
2020-09-11,3150.0,3280.0,3070.0,3100.0,,173
2020-09-14,3130.0,3370.0,3070.0,3330.0,,221
2020-09-15,3320.0,3490.0,3250.0,3250.0,,236
2020-09-16,3270.0,3490.0,3260.0,3400.0,,131
2020-09-17,3510.0,3850.0,3439.0,3600.0,,1013
2020-09-18,3570.0,3610.0,3400.0,3400.0,,331
2020-09-21,3330.0,3379.0,3170.0,3250.0,,225
2020-09-22,3260.0,3340.0,3030.0,3050.0,,247
2020-09-23,3030.0,3091.0,2720.0,2910.0,,270
2020-09-24,2840.0,3010.0,2810.0,2900.0,,133
2020-09-25,2880.0,3141.0,2800.0,3040.0,,141
2020-09-28,3010.0,3090.0,2950.0,2980.0,,100
2020-09-29,3000.0,3170.0,2990.0,3090.0,,115
2020-09-30,3070.0,3180.0,3070.0,3110.0,,120
2020-10-01,3090.0,3100.0,2983.0,3000.0,,119
2020-10-02,2900.0,3140.0,2900.0,3130.0,,77
2020-10-05,3170.0,3300.0,3150.0,3200.0,,193
2020-10-06,3250.0,3300.0,3070.0,3070.0,,100
2020-10-07,3140.0,3170.0,3040.0,3080.0,,74
2020-10-08,3100.0,3240.0,3100.0,3200.0,,51
2020-10-09,3210.0,3290.0,3150.0,3260.0,,64
2020-10-12,3260.0,3300.0,3150.0,3230.0,,72
2020-10-13,3230.0,3460.0,3160.0,3420.0,,229
2020-10-14,3470.0,3590.0,3380.0,3470.0,,210
2020-10-15,3390.0,3570.0,3300.0,3510.0,,169
2020-10-16,3530.0,3550.0,3400.0,3420.0,,101
2020-10-19,3470.0,3650.0,3420.0,3640.0,,149
2020-10-20,3650.0,3690.0,3320.0,3320.0,,154
2020-10-21,3330.0,3470.0,3330.0,3400.0,,59
2020-10-22,3420.0,3500.0,3350.0,3430.0,,59
2020-10-23,3410.0,3550.0,3390.0,3500.0,,92
2020-10-26,3500.0,3540.0,3400.0,3420.0,,60
2020-10-27,3410.0,3480.0,3340.0,3380.0,,76
2020-10-28,3380.0,3423.0,3210.0,3260.0,,80
2020-10-29,3260.0,3360.0,3210.0,3340.0,,71
2020-10-30,3090.0,3090.0,2620.0,2690.0,,386
2020-11-02,2690.0,2870.0,2640.0,2830.0,,168
2020-11-03,2840.0,2980.0,2820.0,2930.0,,84
2020-11-04,2970.0,2990.0,2750.0,2760.0,,93
2020-11-05,2870.0,2877.0,2720.0,2720.0,,142
2020-11-06,2750.0,2850.0,2680.0,2690.0,,142
2020-11-09,2710.0,2900.0,2710.0,2870.0,,139
2020-11-10,2860.0,3001.0,2770.0,2960.0,,137
2020-11-11,2890.0,2990.0,2850.0,2970.0,,61
2020-11-12,2960.0,3043.0,2880.0,2890.0,,102
2020-11-13,2930.0,2990.0,2780.0,2920.0,,200
2020-11-16,2960.0,3030.0,2820.0,2820.0,,115
2020-11-17,2830.0,2905.0,2670.0,2680.0,,209
2020-11-18,2720.0,2800.0,2690.0,2780.0,,166
2020-11-19,2820.0,2820.0,2640.0,2680.0,,182
2020-11-20,2680.0,2700.0,2590.0,2660.0,,238
2020-11-23,2600.0,2631.0,2340.0,2366.0,,642
2020-11-24,2370.0,2370.0,2160.0,2180.0,,863
2020-11-25,1580.0,1650.0,1510.0,1580.0,,10501
2020-11-27,1679.0,1710.0,1640.0,1690.0,,2254
2020-11-30,1700.0,1720.0,1610.0,1670.0,,2229
2020-12-01,1700.0,1710.0,1630.0,1650.0,,1341
2020-12-02,1680.0,1680.0,1515.0,1590.0,,5563
2020-12-03,1610.0,1620.0,1550.0,1580.0,,1849
2020-12-04,1590.0,1610.0,1540.0,1600.0,,1887
2020-12-07,1632.0,1640.0,1550.0,1590.0,,1615
2020-12-08,1580.0,1835.0,1550.0,1750.0,,13405
2020-12-09,1760.0,1760.0,1580.0,1660.0,,4635
2020-12-10,1610.0,1910.0,1580.0,1810.0,,9539
2020-12-11,1810.0,1810.0,1660.0,1740.0,,2504
2020-12-14,1730.0,1970.0,1710.0,1900.0,,6030
2020-12-15,1950.0,1950.0,1790.0,1800.0,,3354
2020-12-16,1850.0,1900.0,1750.0,1890.0,,1860
2020-12-17,1890.0,1960.0,1830.0,1930.0,,2871
2020-12-18,1920.0,1970.0,1860.0,1940.0,,3024
2020-12-21,1960.0,2180.0,1950.0,2120.0,,4663
2020-12-22,2200.0,2210.0,1900.0,2190.0,,4933
2020-12-23,2250.0,2290.0,2120.0,2150.0,,2692
2020-12-24,2160.0,2240.0,2060.0,2170.0,,1570
2020-12-28,2150.0,2200.0,2050.0,2140.0,,949
2020-12-29,2100.0,2100.0,1910.0,2080.0,,3497
2020-12-30,2480.0,2740.0,2300.0,2350.0,,13626
2020-12-31,2250.0,2260.0,2080.0,2190.0,,2647
2021-01-04,2110.0,2220.0,2070.0,2150.0,,1411
2021-01-05,2150.0,2196.0,2105.0,2170.0,,825
2021-01-06,2130.0,2210.0,2040.0,2090.0,,1634
2021-01-07,2110.0,2170.0,2065.0,2080.0,,1225
2021-01-08,2090.0,2280.0,2075.0,2220.0,,1577
2021-01-11,2150.0,2250.0,2130.0,2180.0,,856
2021-01-12,2190.0,2250.0,2120.0,2210.0,,1216
2021-01-13,2180.0,2270.0,2160.0,2210.0,,884
2021-01-14,2210.0,2380.0,2180.0,2340.0,,1391
2021-01-15,2370.0,2390.0,2190.0,2300.0,,1074
2021-01-19,2280.0,2370.0,2210.0,2310.0,,863
2021-01-20,2330.0,2370.0,2245.0,2300.0,,875
2021-01-21,2300.0,2350.0,2230.0,2310.0,,601
2021-01-22,2340.0,2380.0,2270.0,2300.0,,726
2021-01-25,2270.0,2340.0,2100.0,2270.0,,1611
2021-01-26,2270.0,2310.0,2190.0,2220.0,,664
2021-01-27,2200.0,2210.0,2030.0,2130.0,,1534
2021-01-28,2120.0,2170.0,2010.0,2050.0,,1348
2021-01-29,2080.0,2145.0,2020.0,2060.0,,745
2021-02-01,2100.0,2150.0,2020.0,2130.0,,720
2021-02-02,2180.0,2210.0,2080.0,2180.0,,821
2021-02-03,2190.0,2270.0,2150.0,2220.0,,1024
2021-02-04,2260.0,2430.0,2240.0,2290.0,,2050
2021-02-05,2350.0,2400.0,2253.0,2280.0,,1120
2021-02-08,2370.0,2980.0,2330.0,2980.0,,6340
2021-02-09,2975.0,2980.0,2720.0,2840.0,,2762
2021-02-10,2980.0,3150.0,2790.0,2940.0,,3085
2021-02-11,3080.0,3180.0,2710.0,2840.0,,2135
2021-02-12,2920.0,2970.0,2710.0,2970.0,,2088
2021-02-16,2200.0,2290.0,2130.0,2220.0,,52700
2021-02-17,2360.0,2370.0,2100.0,2200.0,,24755
2021-02-18,2310.0,2350.0,2170.0,2200.0,,26475
2021-02-19,2325.0,2410.0,2260.0,2310.0,,21314
2021-02-22,2320.0,2370.0,2180.0,2230.0,,14414
2021-02-23,2040.0,2180.0,1840.0,2120.0,,17274
2021-02-24,2120.0,2215.0,2095.0,2170.0,,7887
2021-02-25,2120.0,2130.0,1960.0,1960.0,,10878
2021-02-26,1950.0,2010.0,1830.0,1880.0,,7813
2021-03-01,1980.0,2040.0,1930.0,1990.0,,5231
2021-03-02,2073.0,2220.0,2020.0,2070.0,,8371
2021-03-03,2090.0,2100.0,1960.0,2020.0,,6389
2021-03-04,1960.0,2000.0,1750.0,1880.0,,9729
2021-03-05,1880.0,1900.0,1640.0,1860.0,,6235
2021-03-08,1850.0,1940.0,1800.0,1890.0,,3164
2021-03-09,1980.0,2070.0,1870.0,2020.0,,4324
2021-03-10,2080.0,2150.0,1970.0,2090.0,,6101
2021-03-11,2160.0,2420.0,2070.0,2330.0,,27923
2021-03-12,2240.0,2490.0,2160.0,2440.0,,13041
2021-03-15,2250.0,2350.0,2190.0,2250.0,,11810
2021-03-16,2250.0,2270.0,2100.0,2160.0,,7812
2021-03-17,2070.0,2250.0,2010.0,2200.0,,4918
2021-03-18,2236.0,2260.0,2080.0,2100.0,,6523
2021-03-19,2110.0,2220.0,2050.0,2160.0,,4607
2021-03-22,2140.0,2165.0,2080.0,2100.0,,3186
2021-03-23,2220.0,2230.0,2020.0,2150.0,,8544
2021-03-24,2120.0,2120.0,1920.0,1930.0,,5846
2021-03-25,1890.0,1970.0,1830.0,1940.0,,3449
2021-03-26,1950.0,1950.0,1823.0,1900.0,,3427
2021-03-29,1890.0,1900.0,1770.0,1770.0,,3898
2021-03-30,1760.0,1830.0,1700.0,1780.0,,2382
2021-03-31,1800.0,1850.0,1785.0,1840.0,,1764
2021-04-01,1850.0,2030.0,1840.0,1990.0,,3561
2021-04-05,1930.0,1951.0,1890.0,1910.0,,2466
2021-04-06,1913.0,1980.0,1865.0,1910.0,,1771
2021-04-07,1910.0,1910.0,1820.0,1820.0,,2105
2021-04-08,1832.0,1870.0,1800.0,1830.0,,1136
2021-04-09,1830.0,1880.0,1811.0,1850.0,,1289
2021-04-12,1840.0,1840.0,1740.0,1740.0,,2279
2021-04-13,1750.0,1780.0,1700.0,1710.0,,1364
2021-04-14,1730.0,1830.0,1712.0,1760.0,,1383
2021-04-15,1780.0,1810.0,1650.0,1660.0,,1906
2021-04-16,1640.0,1670.0,1580.0,1650.0,,3181
2021-04-19,1650.0,1700.0,1580.0,1680.0,,2440
2021-04-20,1690.0,1690.0,1550.0,1570.0,,1750
2021-04-21,1580.0,1700.0,1565.0,1690.0,,1455
2021-04-22,1690.0,1770.0,1635.0,1680.0,,1740
2021-04-23,1700.0,1750.0,1661.0,1730.0,,1317
2021-04-26,1730.0,1880.0,1720.0,1850.0,,1747
2021-04-27,1800.0,1840.0,1755.0,1760.0,,1350
2021-04-28,1780.0,1850.0,1750.0,1810.0,,1446
2021-04-29,1820.0,1830.0,1710.0,1780.0,,1647
2021-04-30,1734.0,1770.0,1706.0,1730.0,,944
2021-05-03,1780.0,1800.0,1730.0,1770.0,,1295
2021-05-04,1730.0,1748.0,1660.0,1690.0,,1555
2021-05-05,1720.0,1720.0,1620.0,1630.0,,1572
2021-05-06,1610.0,1640.0,1565.0,1620.0,,2681
2021-05-07,1610.0,1660.0,1600.0,1600.0,,1065
2021-05-10,1600.0,1661.0,1540.0,1630.0,,2088
2021-05-11,1543.0,1650.0,1530.0,1640.0,,2036
2021-05-12,1606.0,1650.0,1570.0,1570.0,,1476
2021-05-13,1580.0,1590.0,1450.0,1560.0,,2972
2021-05-14,1559.0,1620.0,1550.0,1590.0,,882
2021-05-17,1572.0,1700.0,1560.0,1700.0,,1286
2021-05-18,1680.0,1710.0,1650.0,1650.0,,1062
2021-05-19,1630.0,1750.0,1590.0,1700.0,,1701
2021-05-20,1747.0,1770.0,1653.0,1720.0,,1577
2021-05-21,1720.0,1740.0,1620.0,1630.0,,2127
2021-05-24,1640.0,1640.0,1555.0,1600.0,,1796
2021-05-25,1610.0,1660.0,1590.0,1610.0,,761
2021-05-26,1600.0,1670.0,1600.0,1630.0,,1254
2021-05-27,1670.0,1740.0,1650.0,1660.0,,1829
2021-05-28,1694.0,1750.0,1680.0,1700.0,,975
2021-06-01,1740.0,1780.0,1680.0,1700.0,,1731
2021-06-02,1710.0,1750.0,1690.0,1720.0,,1436
2021-06-03,1720.0,1780.0,1700.0,1770.0,,1280
2021-06-04,1790.0,1850.0,1770.0,1840.0,,1287
2021-06-07,1870.0,1960.0,1850.0,1900.0,,2459
2021-06-08,1900.0,1920.0,1832.0,1900.0,,1542
2021-06-09,1950.0,2050.0,1930.0,1960.0,,3940
2021-06-10,1990.0,2300.0,1985.0,2260.0,,9592
2021-06-11,2250.0,2270.0,2010.0,2140.0,,4460
2021-06-14,2220.0,2270.0,2210.0,2260.0,,3745
2021-06-15,2250.0,2290.0,2150.0,2200.0,,3459
2021-06-16,2200.0,2230.0,2110.0,2160.0,,1821
2021-06-17,2170.0,2245.0,2140.0,2230.0,,1672
2021-06-18,2200.0,2230.0,2110.0,2120.0,,1552
2021-06-21,2125.0,2150.0,2040.0,2110.0,,2025
2021-06-22,2111.0,2138.0,2060.0,2080.0,,1848
2021-06-23,2080.0,2230.0,2080.0,2200.0,,2974
2021-06-24,2206.0,2290.0,2170.0,2240.0,,2211
2021-06-25,2310.0,2318.0,2220.0,2260.0,,2139
2021-06-28,2230.0,2270.0,2130.0,2150.0,,1756
2021-06-29,2150.0,2170.0,2060.0,2070.0,,1557
2021-06-30,2030.0,2060.0,1960.0,1980.0,,2476
2021-07-01,1960.0,2100.0,1952.0,2100.0,,1526
2021-07-02,2072.0,2090.0,1950.0,1990.0,,2283
2021-07-06,2020.0,2050.0,1960.0,2000.0,,981
2021-07-07,2000.0,2000.0,1890.0,1930.0,,1472
2021-07-08,1860.0,2010.0,1850.0,1980.0,,1880
2021-07-09,1990.0,2040.0,1945.0,2030.0,,1072
2021-07-12,1990.0,2046.0,1980.0,2030.0,,588
2021-07-13,1950.0,2010.0,1660.0,1720.0,,15483
2021-07-14,1750.0,1770.0,1600.0,1610.0,,3443
2021-07-15,1605.0,1651.0,1550.0,1590.0,,1921
2021-07-16,1620.0,1625.0,1520.0,1520.0,,2096
2021-07-19,1510.0,1600.0,1472.0,1530.0,,2190
2021-07-20,1550.0,1590.0,1510.0,1580.0,,1351
2021-07-21,1610.0,1640.0,1553.0,1620.0,,1383
2021-07-22,1658.0,1658.0,1580.0,1590.0,,625
2021-07-23,1615.0,1615.0,1540.0,1590.0,,730
2021-07-26,1580.0,1590.0,1515.0,1550.0,,876
2021-07-27,1560.0,1560.0,1485.0,1550.0,,897
2021-07-28,1540.0,1590.0,1530.0,1560.0,,785
2021-07-29,1570.0,1577.0,1520.0,1540.0,,1116
2021-07-30,1520.0,1550.0,1510.0,1540.0,,815
2021-08-02,1530.0,1570.0,1520.0,1550.0,,534
2021-08-03,1560.0,1560.0,1401.0,1460.0,,3702
2021-08-04,1476.0,1495.0,1425.0,1440.0,,822
2021-08-05,1445.0,1490.0,1420.0,1480.0,,703
2021-08-06,1470.0,1480.0,1430.0,1470.0,,652
2021-08-09,1480.0,1500.0,1450.0,1500.0,,858
2021-08-10,1490.0,1510.0,1465.0,1490.0,,509
2021-08-11,1480.0,1500.0,1460.0,1480.0,,470
2021-08-12,1460.0,1540.0,1459.0,1510.0,,842
2021-08-13,1500.0,1504.0,1460.0,1470.0,,905
2021-08-16,1450.0,1470.0,1420.0,1430.0,,917
2021-08-17,1450.0,1470.0,1410.0,1420.0,,765
2021-08-18,1450.0,1480.0,1410.0,1470.0,,567
2021-08-19,1450.0,1470.0,1360.0,1390.0,,1423
2021-08-20,1390.0,1440.0,1390.0,1430.0,,672
2021-08-23,1440.0,1480.0,1430.0,1470.0,,955
2021-08-24,1490.0,1530.0,1450.0,1520.0,,942
2021-08-25,1520.0,1570.0,1510.0,1520.0,,693
2021-08-26,1520.0,1580.0,1495.0,1520.0,,626
2021-08-27,1510.0,1580.0,1500.0,1560.0,,606
2021-08-30,1580.0,1640.0,1550.0,1600.0,,988
2021-08-31,1610.0,1640.0,1600.0,1610.0,,514
2021-09-01,1640.0,1650.0,1590.0,1650.0,,630
2021-09-02,1660.0,1700.0,1625.0,1640.0,,609
2021-09-03,1640.0,1670.0,1560.0,1580.0,,751
2021-09-07,1650.0,1690.0,1580.0,1650.0,,919
2021-09-08,1650.0,1850.0,1550.0,1740.0,,10541
2021-09-09,1810.0,1819.0,1680.0,1700.0,,3353
2021-09-10,1700.0,1700.0,1640.0,1660.0,,5367
2021-09-13,1740.0,1750.0,1660.0,1680.0,,10003
2021-09-14,1690.0,1690.0,1560.0,1570.0,,2700
2021-09-15,1550.0,1610.0,1500.0,1590.0,,1295
2021-09-16,1580.0,1590.0,1540.0,1580.0,,720
2021-09-17,1590.0,1590.0,1540.0,1590.0,,676
2021-09-20,1520.0,1560.0,1500.0,1520.0,,906
2021-09-21,1530.0,1560.0,1500.0,1500.0,,983
2021-09-22,1520.0,1570.0,1498.0,1550.0,,635
2021-09-23,1526.0,1590.0,1520.0,1580.0,,519
2021-09-24,1550.0,1570.0,1520.0,1550.0,,680
2021-09-27,1550.0,1630.0,1520.0,1580.0,,1047
2021-09-28,1570.0,1590.0,1530.0,1550.0,,715
2021-09-29,1670.0,1670.0,1520.0,1540.0,,3059
2021-09-30,1530.0,1550.0,1500.0,1530.0,,686
2021-10-01,1540.0,1570.0,1500.0,1560.0,,741
2021-10-04,1530.0,1540.0,1510.0,1520.0,,454
2021-10-05,1520.0,1540.0,1480.0,1510.0,,850
2021-10-06,1480.0,1515.0,1480.0,1490.0,,500
2021-10-07,1490.0,1520.0,1460.0,1470.0,,510
2021-10-08,1480.0,1490.0,1460.0,1480.0,,283
2021-10-11,1480.0,1510.0,1465.0,1510.0,,637
2021-10-12,1510.0,1550.0,1500.0,1530.0,,367
2021-10-13,1540.0,1540.0,1500.0,1520.0,,284
2021-10-14,1540.0,1548.0,1505.0,1540.0,,549
2021-10-15,1550.0,1550.0,1490.0,1520.0,,559
2021-10-18,1500.0,1540.0,1485.0,1530.0,,654
2021-10-19,1540.0,1540.0,1510.0,1540.0,,315
2021-10-20,1550.0,1570.0,1510.0,1570.0,,978
2021-10-21,1570.0,1600.0,1550.0,1570.0,,565
2021-10-22,1540.0,1540.0,1480.0,1490.0,,1355
2021-10-25,1500.0,1500.0,1480.0,1480.0,,516
2021-10-26,1480.0,1490.0,1460.0,1490.0,,555
2021-10-27,1470.0,1480.0,1430.0,1430.0,,1173
2021-10-28,1440.0,1490.0,1430.0,1450.0,,507
2021-10-29,1440.0,1480.0,1430.0,1430.0,,519
2021-11-01,1440.0,1470.0,1420.0,1460.0,,724
2021-11-02,1460.0,1500.0,1445.0,1500.0,,501
2021-11-03,1510.0,1590.0,1480.0,1580.0,,848
2021-11-04,1590.0,1590.0,1520.0,1540.0,,664
2021-11-05,1520.0,1540.0,1471.0,1500.0,,686
2021-11-08,1480.0,1490.0,1460.0,1460.0,,499
2021-11-09,1460.0,1490.0,1430.0,1470.0,,380
2021-11-10,1490.0,1500.0,1430.0,1460.0,,732
2021-11-11,1460.0,1470.0,1420.0,1430.0,,470
2021-11-12,1440.0,1460.0,1430.0,1450.0,,277
2021-11-15,1460.0,1490.0,1435.0,1470.0,,501
2021-11-16,1480.0,1490.0,1400.0,1420.0,,2079
2021-11-17,1430.0,1430.0,1360.0,1380.0,,927
2021-11-18,1380.0,1390.0,1290.0,1310.0,,1549
2021-11-19,1320.0,1350.0,1290.0,1320.0,,567
2021-11-22,1330.0,1330.0,1190.0,1230.0,,1720
2021-11-23,1240.0,1240.0,1150.0,1220.0,,1293
2021-11-24,1230.0,1300.0,1181.0,1290.0,,594
2021-11-26,1260.0,1270.0,1155.0,1230.0,,1137
2021-11-29,1230.0,1240.0,1180.0,1220.0,,618
2021-11-30,1270.0,1316.0,1160.0,1240.0,,2506
2021-12-01,1280.0,1330.0,1210.0,1220.0,,1116
2021-12-02,1240.0,1250.0,1180.0,1250.0,,549
2021-12-03,1250.0,1250.0,1170.0,1190.0,,967
2021-12-06,1205.0,1220.0,1120.0,1210.0,,784
2021-12-07,1200.0,1260.0,1200.0,1250.0,,497
2021-12-08,1240.0,1300.0,1220.0,1270.0,,491
2021-12-09,1270.0,1330.0,1250.0,1250.0,,561
2021-12-10,1260.0,1270.0,1210.0,1230.0,,258
2021-12-13,1240.0,1260.0,1170.0,1200.0,,428
2021-12-14,1200.0,1210.0,1150.0,1170.0,,380
2021-12-15,1170.0,1230.0,1140.0,1210.0,,661
2021-12-16,1220.0,1240.0,1170.0,1180.0,,447
2021-12-17,1170.0,1230.0,1140.0,1210.0,,459
2021-12-20,1200.0,1220.0,1180.0,1210.0,,458
2021-12-21,1220.0,1310.0,1213.0,1230.0,,1187
2021-12-22,1240.0,1390.0,1230.0,1340.0,,1698
2021-12-23,1340.0,1360.0,1280.0,1310.0,,657
2021-12-27,1310.0,1330.0,1240.0,1260.0,,829
2021-12-28,1250.0,1260.0,1180.0,1190.0,,844
2021-12-29,1180.0,1200.0,1140.0,1150.0,,1032
2021-12-30,1150.0,1170.0,1125.0,1170.0,,1582
2021-12-31,1150.0,1170.0,1120.0,1140.0,,1307
2022-01-03,1160.0,1280.0,1150.0,1260.0,,938
2022-01-04,1260.0,1270.0,1220.0,1240.0,,477
2022-01-05,1250.0,1280.0,1210.0,1220.0,,557
2022-01-06,1200.0,1230.0,1165.0,1210.0,,322
2022-01-07,1240.0,1260.0,1190.0,1250.0,,533
2022-01-10,1250.0,1250.0,1190.0,1230.0,,372
2022-01-11,1240.0,1250.0,1200.0,1220.0,,413
2022-01-12,1210.0,1230.0,1190.0,1190.0,,325
2022-01-13,1180.0,1210.0,1160.0,1170.0,,333
2022-01-14,1150.0,1175.0,1140.0,1160.0,,424
2022-01-18,1140.0,1152.0,1080.0,1100.0,,822
2022-01-19,1100.0,1109.0,1030.0,1060.0,,677
2022-01-20,1050.0,1110.0,1050.0,1050.0,,339
2022-01-21,1050.0,1060.0,1010.0,1010.0,,566
2022-01-24,981.0,1000.0,862.0,940.0,,1556
2022-01-25,955.0,1010.0,955.0,1000.0,,316
2022-01-26,1020.0,1045.0,960.0,975.0,,623
2022-01-27,990.0,1020.0,915.0,930.0,,394
2022-01-28,947.0,990.0,910.0,934.0,,556
2022-01-31,939.0,1020.0,935.0,980.0,,618
2022-02-01,1000.0,1010.0,950.0,995.0,,766
2022-02-02,1010.0,1010.0,960.0,974.0,,234
2022-02-03,980.0,999.0,960.0,970.0,,374
2022-02-04,975.0,990.0,950.0,966.0,,245
2022-02-07,980.0,1000.0,970.0,980.0,,167
2022-02-08,974.0,1020.0,970.0,994.0,,346
2022-02-09,990.0,1030.0,981.0,1010.0,,189
2022-02-10,996.0,1150.0,996.0,1070.0,,1003
2022-02-11,1070.0,1080.0,1010.0,1040.0,,257
2022-02-14,1030.0,1040.0,1000.0,1000.0,,275
2022-02-15,1010.0,1070.0,1000.0,1020.0,,328
2022-02-16,1030.0,1070.0,1000.0,1060.0,,315
2022-02-17,1050.0,1090.0,1040.0,1060.0,,354
2022-02-18,1060.0,1080.0,1010.0,1030.0,,289
2022-02-22,1030.0,1050.0,1000.0,1010.0,,252
2022-02-23,1000.0,1010.0,970.0,980.0,,339
2022-02-24,895.0,999.0,870.0,980.0,,486
2022-02-25,980.0,1040.0,961.0,1030.0,,228
2022-02-28,940.0,1110.0,940.0,1100.0,,644
2022-03-01,1080.0,1270.0,1080.0,1230.0,,1576
2022-03-02,1200.0,1260.0,1150.0,1250.0,,522
2022-03-03,1260.0,1270.0,1206.0,1220.0,,269
2022-03-04,1220.0,1250.0,1200.0,1230.0,,509
2022-03-07,1230.0,1235.0,1130.0,1140.0,,529
2022-03-08,1140.0,1140.0,1090.0,1120.0,,298
2022-03-09,1110.0,1180.0,1107.0,1170.0,,218
2022-03-10,1150.0,1190.0,1140.0,1190.0,,158
2022-03-11,1190.0,1210.0,1125.0,1140.0,,230
2022-03-14,1140.0,1140.0,1060.0,1060.0,,321
2022-03-15,1070.0,1080.0,1030.0,1070.0,,183
2022-03-16,1080.0,1120.0,1080.0,1100.0,,150
2022-03-17,1090.0,1150.0,1080.0,1130.0,,202
2022-03-18,1100.0,1140.0,1075.0,1100.0,,299
2022-03-21,1110.0,1140.0,1100.0,1140.0,,252
2022-03-22,1140.0,1230.0,1120.0,1180.0,,241
2022-03-23,1180.0,1190.0,1160.0,1180.0,,108
2022-03-24,1170.0,1200.0,1165.0,1180.0,,160
2022-03-25,1210.0,1280.0,1170.0,1260.0,,910
2022-03-28,1240.0,1270.0,1180.0,1230.0,,399
2022-03-29,1220.0,1240.0,1210.0,1220.0,,278
2022-03-30,1230.0,1301.0,1222.0,1280.0,,349
2022-03-31,1300.0,1330.0,1262.0,1290.0,,519
2022-04-01,1290.0,1300.0,1210.0,1210.0,,260
2022-04-04,1200.0,1220.0,1160.0,1220.0,,313
2022-04-05,1220.0,1220.0,1170.0,1170.0,,185
2022-04-06,1150.0,1160.0,1120.0,1150.0,,207
2022-04-07,1170.0,1170.0,1120.0,1130.0,,152
2022-04-08,1140.0,1150.0,1110.0,1110.0,,125
2022-04-11,1150.0,1150.0,1060.0,1070.0,,296
2022-04-12,1090.0,1100.0,1030.0,1030.0,,228
2022-04-13,1040.0,1090.0,1030.0,1060.0,,137
2022-04-14,1060.0,1090.0,1040.0,1050.0,,106
2022-04-18,1060.0,1070.0,1020.0,1030.0,,242
2022-04-19,1020.0,1050.0,1020.0,1050.0,,111
2022-04-20,1050.0,1075.0,1050.0,1050.0,,101
2022-04-21,1040.0,1050.0,965.0,970.0,,409
2022-04-22,950.0,1030.0,950.0,981.0,,204
2022-04-25,1000.0,1030.0,959.0,984.0,,260
2022-04-26,970.0,996.0,930.0,939.0,,151
2022-04-27,945.0,980.0,930.0,938.0,,146
2022-04-28,935.0,980.0,900.0,950.0,,353
2022-04-29,930.0,980.0,910.0,927.0,,141
2022-05-02,930.0,950.0,900.0,910.0,,123
2022-05-03,920.0,940.0,900.0,915.0,,193
2022-05-04,930.0,937.0,881.0,915.0,,291
2022-05-05,914.0,914.0,863.0,884.0,,201
2022-05-06,890.0,915.0,854.0,877.0,,172
2022-05-09,870.0,877.0,740.0,749.0,,971
2022-05-10,775.0,816.0,657.0,789.0,,381
2022-05-11,729.0,789.0,700.0,705.0,,346
2022-05-12,681.0,700.0,610.0,653.0,,545
2022-05-13,720.0,750.0,680.0,693.0,,288
2022-05-16,720.0,739.0,700.0,730.0,,191
2022-05-17,740.0,750.0,679.0,700.0,,223
2022-05-18,710.0,770.0,680.0,719.0,,168
2022-05-19,710.0,758.0,700.0,745.0,,121
2022-05-20,750.0,780.0,712.0,746.0,,162
2022-05-23,723.0,780.0,723.0,724.0,,124
2022-05-24,720.0,756.0,692.0,698.0,,103
2022-05-25,690.0,730.0,689.0,711.0,,88
2022-05-26,720.0,768.0,676.0,720.0,,125
2022-05-27,727.0,800.0,727.0,766.0,,269
2022-05-31,757.0,800.0,750.0,780.0,,76
2022-06-01,790.0,805.0,750.0,770.0,,181
2022-06-02,760.0,770.0,750.0,770.0,,71
2022-06-03,754.0,770.0,740.0,757.0,,146
2022-06-06,760.0,780.0,740.0,751.0,,90
2022-06-07,730.0,780.0,706.0,720.0,,241
2022-06-08,720.0,733.0,706.0,713.0,,90
2022-06-09,713.0,740.0,700.0,700.0,,142
2022-06-10,690.0,700.0,651.0,690.0,,162
2022-06-13,698.0,700.0,630.0,630.0,,194
2022-06-14,640.0,676.0,630.0,650.0,,119
2022-06-15,660.0,698.0,660.0,677.0,,126
2022-06-16,666.0,700.0,660.0,674.0,,59
2022-06-17,680.0,788.0,660.0,700.0,,676
2022-06-21,770.0,770.0,700.0,713.0,,243
2022-06-22,710.0,766.0,684.0,699.0,,121
2022-06-23,700.0,730.0,691.0,701.0,,108
2022-06-24,710.0,744.0,661.0,694.0,,131
2022-06-27,693.0,700.0,670.0,672.0,,91
2022-06-28,670.0,680.0,644.0,650.0,,158
2022-06-29,651.0,699.0,578.0,578.0,,395
2022-06-30,610.0,610.0,571.0,573.0,,137
2022-07-01,570.0,605.0,570.0,585.0,,95
2022-07-05,600.0,640.0,580.0,590.0,,116
2022-07-06,641.0,651.0,606.0,612.0,,216
2022-07-07,614.0,650.0,612.0,644.0,,67
2022-07-08,645.0,648.0,610.0,639.0,,88
2022-07-11,620.0,646.0,610.0,612.0,,106
2022-07-12,615.0,633.0,600.0,617.0,,75
2022-07-13,613.0,629.0,600.0,602.0,,153
2022-07-14,620.0,620.0,570.0,606.0,,311
2022-07-15,580.0,620.0,578.0,601.0,,127
2022-07-18,602.0,626.0,591.0,592.0,,141
2022-07-19,609.0,620.0,592.0,604.0,,79
2022-07-20,605.0,630.0,601.0,603.0,,197
2022-07-21,630.0,630.0,582.0,601.0,,194
2022-07-22,600.0,610.0,590.0,603.0,,118
2022-07-25,583.0,676.0,583.0,601.0,,61
2022-07-26,590.0,615.0,580.0,580.0,,90
2022-07-27,585.0,585.0,550.0,553.0,,212
2022-07-28,570.0,600.0,540.0,578.0,,120
2022-07-29,580.0,582.0,499.0,540.0,,163
2022-08-01,524.0,540.0,490.0,513.0,,289
2022-08-02,530.0,533.0,495.0,510.0,,204
2022-08-03,520.0,540.0,505.0,521.0,,117
2022-08-04,533.0,585.0,525.0,560.0,,273
2022-08-05,547.0,644.0,542.0,629.0,,235
2022-08-08,610.0,739.0,610.0,720.0,,603
2022-08-09,713.0,753.0,700.0,720.0,,176
2022-08-10,720.0,755.0,696.0,726.0,,174
2022-08-11,730.0,744.0,691.0,735.0,,141
2022-08-12,760.0,760.0,654.0,716.0,,281
2022-08-15,710.0,760.0,710.0,741.0,,134
2022-08-16,748.0,760.0,710.0,730.0,,152
2022-08-17,710.0,743.0,682.0,703.0,,158
2022-08-18,690.0,707.0,681.0,691.0,,116
2022-08-19,697.0,700.0,649.0,662.0,,132
2022-08-22,649.0,660.0,610.0,660.0,,125
2022-08-23,670.0,676.0,640.0,657.0,,53
2022-08-24,646.0,669.0,642.0,657.0,,120
2022-08-25,650.0,680.0,650.0,653.0,,48
2022-08-26,653.0,688.0,631.0,640.0,,59
2022-08-29,630.0,650.0,617.0,643.0,,95
2022-08-30,650.0,670.0,633.0,651.0,,34
2022-08-31,651.0,700.0,647.0,683.0,,148
2022-09-01,690.0,697.0,645.0,655.0,,71
2022-09-02,699.0,699.0,618.0,642.0,,133
2022-09-06,635.0,650.0,584.0,586.0,,152
2022-09-07,590.0,594.0,563.0,591.0,,135
2022-09-08,590.0,630.0,530.0,589.0,,128
2022-09-09,583.0,611.0,560.0,592.0,,73
2022-09-12,609.0,620.0,600.0,606.0,,72
2022-09-13,620.0,630.0,600.0,615.0,,82
2022-09-14,597.0,646.0,597.0,614.0,,179
2022-09-15,647.0,647.0,590.0,598.0,,71
2022-09-16,573.0,594.0,565.0,590.0,,136
2022-09-19,561.0,580.0,560.0,576.0,,81
2022-09-20,566.0,576.0,553.0,570.0,,48
2022-09-21,552.0,590.0,552.0,570.0,,110
2022-09-22,555.0,575.0,550.0,555.0,,136
2022-09-23,551.0,590.0,503.0,516.0,,154
2022-09-26,516.0,540.0,470.0,485.0,,229
2022-09-27,500.0,550.0,495.0,512.0,,162
2022-09-28,510.0,540.0,510.0,510.0,,95
2022-09-29,520.0,538.0,513.0,520.0,,56
2022-09-30,515.0,540.0,500.0,505.0,,141
2022-10-03,500.0,530.0,483.0,506.0,,118
2022-10-04,491.0,520.0,491.0,499.0,,150
2022-10-05,510.0,520.0,492.0,510.0,,90
2022-10-06,510.0,520.0,500.0,510.0,,72
2022-10-07,500.0,520.0,479.0,491.0,,121
2022-10-10,484.0,520.0,479.0,512.0,,68
2022-10-11,520.0,520.0,465.0,465.0,,215
2022-10-12,510.0,510.0,440.0,463.0,,185
2022-10-13,460.0,477.0,440.0,450.0,,139
2022-10-14,450.0,460.0,450.0,460.0,,60
2022-10-17,450.0,480.0,450.0,465.0,,78
2022-10-18,460.0,490.0,456.0,476.0,,92
2022-10-19,489.0,500.0,470.0,471.0,,39
2022-10-20,460.0,500.0,460.0,493.0,,122
2022-10-21,500.0,500.0,484.0,493.0,,161
2022-10-24,500.0,500.0,461.0,469.0,,163
2022-10-25,455.0,480.0,455.0,477.0,,72
2022-10-26,475.0,525.0,475.0,519.0,,245
2022-10-27,512.0,541.0,512.0,535.0,,116
2022-10-28,539.0,550.0,514.0,548.0,,137
2022-10-31,540.0,550.0,514.0,533.0,,92
2022-11-01,517.0,613.0,517.0,593.0,,123
2022-11-02,610.0,624.0,590.0,595.0,,164
2022-11-03,600.0,630.0,600.0,620.0,,90
2022-11-04,600.0,600.0,440.0,471.0,,1498
2022-11-07,471.0,471.0,440.0,443.0,,184
2022-11-08,433.0,450.0,403.0,417.0,,397
2022-11-09,419.0,420.0,382.0,388.0,,374
2022-11-10,390.0,400.0,368.0,370.0,,239
2022-11-11,370.0,389.0,361.0,380.0,,412
2022-11-14,375.0,420.0,375.0,400.0,,336
2022-11-15,400.0,460.0,400.0,440.0,,371
2022-11-16,428.0,496.0,428.0,490.0,,470
2022-11-17,460.0,550.0,460.0,507.0,,319
2022-11-18,515.0,515.0,462.0,474.0,,141
2022-11-21,480.0,480.0,440.0,445.0,,100
2022-11-22,450.0,450.0,380.0,390.0,,452
2022-11-23,400.0,410.0,387.0,400.0,,94
2022-11-25,390.0,410.0,387.0,400.0,,115
2022-11-28,387.0,400.0,374.0,380.0,,244
2022-11-29,390.0,400.0,376.0,388.0,,82
2022-11-30,380.0,400.0,361.0,365.0,,332
2022-12-01,390.0,390.0,355.0,364.0,,324
2022-12-02,360.0,389.0,356.0,380.0,,112
2022-12-05,385.0,410.0,376.0,381.0,,317
2022-12-06,370.0,387.0,361.0,377.0,,112
2022-12-07,368.0,383.0,360.0,367.0,,151
2022-12-08,380.0,380.0,360.0,368.0,,75
2022-12-09,369.0,375.0,356.0,357.0,,226
2022-12-12,367.0,378.0,325.0,335.0,,359
2022-12-13,326.0,350.0,306.0,310.0,,317
2022-12-14,326.0,341.0,310.0,315.0,,235
2022-12-15,310.0,349.0,306.0,330.0,,131
2022-12-16,330.0,350.0,309.0,320.0,,202
2022-12-19,310.0,340.0,284.0,311.0,,389
2022-12-20,320.0,326.0,301.0,311.0,,117
2022-12-21,310.0,340.0,310.0,327.0,,202
2022-12-22,350.0,350.0,282.0,310.0,,217
2022-12-23,310.0,320.0,281.0,301.0,,217
2022-12-27,298.0,318.0,282.0,285.0,,291
2022-12-28,282.0,295.0,260.0,272.0,,685
2022-12-29,280.0,310.0,266.0,300.0,,581
2022-12-30,291.0,310.0,285.0,300.0,,449
2023-01-03,302.0,320.0,293.0,310.0,,282
2023-01-04,302.0,379.0,302.0,379.0,,305
2023-01-05,390.0,390.0,360.0,376.0,,423
2023-01-06,419.0,500.0,388.0,472.0,,1290
2023-01-09,490.0,580.0,457.0,457.0,,913
2023-01-10,444.0,491.0,411.0,459.0,,3418
2023-01-11,558.0,668.0,500.0,622.0,,9309
2023-01-12,590.0,820.0,580.0,820.0,,3478
2023-01-13,831.0,970.0,770.0,928.0,,2017
2023-01-17,960.0,1193.0,960.0,1060.0,,2638
2023-01-18,1030.0,1091.0,799.0,799.0,,3288
2023-01-19,750.0,820.0,506.0,680.0,,3620
2023-01-20,675.0,675.0,620.0,665.0,,399
2023-01-23,675.0,836.0,630.0,747.0,,1216
2023-01-24,740.0,780.0,712.0,736.0,,352
2023-01-25,735.0,759.0,691.0,741.0,,153
2023-01-26,746.0,840.0,742.0,824.0,,495
2023-01-27,824.0,915.0,808.0,840.0,,866
2023-01-30,840.0,840.0,695.0,777.0,,504
2023-01-31,778.0,810.0,701.0,730.0,,381
2023-02-01,720.0,790.0,720.0,750.0,,256
2023-02-02,760.0,800.0,750.0,778.0,,314
2023-02-03,770.0,887.0,770.0,800.0,,558
2023-02-06,849.0,860.0,816.0,854.0,,240
2023-02-07,850.0,860.0,816.0,860.0,,214
2023-02-08,880.0,928.0,810.0,828.0,,703
2023-02-09,849.0,849.0,701.0,780.0,,414
2023-02-10,765.0,835.0,765.0,835.0,,188
2023-02-13,849.0,880.0,810.0,830.0,,167
2023-02-14,860.0,868.0,810.0,868.0,,221
2023-02-15,870.0,870.0,810.0,850.0,,274
2023-02-16,850.0,880.0,810.0,830.0,,279
2023-02-17,820.0,850.0,800.0,815.0,,110
2023-02-21,800.0,810.0,730.0,760.0,,324
2023-02-22,760.0,770.0,750.0,751.0,,112
2023-02-23,760.0,780.0,712.0,730.0,,179
2023-02-24,710.0,728.0,660.0,670.0,,504
2023-02-27,670.0,810.0,663.0,800.0,,501
2023-02-28,789.0,880.0,775.0,874.0,,590
2023-03-01,850.0,851.0,762.0,795.0,,406
2023-03-02,800.0,836.0,762.0,794.0,,216
2023-03-03,828.0,868.0,800.0,868.0,,444
2023-03-06,870.0,870.0,810.0,825.0,,227
2023-03-07,830.0,838.0,800.0,809.0,,82
2023-03-08,809.0,809.0,770.0,792.0,,98
2023-03-09,800.0,820.0,733.0,755.0,,115
2023-03-10,731.0,800.0,730.0,760.0,,86
2023-03-13,760.0,770.0,730.0,730.0,,76
2023-03-14,740.0,800.0,733.0,762.0,,189
2023-03-15,780.0,785.0,733.0,752.0,,111
2023-03-16,780.0,780.0,712.0,748.0,,100
2023-03-17,725.0,775.0,710.0,720.0,,165
2023-03-20,720.0,734.0,666.0,708.0,,166
2023-03-21,740.0,740.0,706.0,715.0,,63
2023-03-22,715.0,736.0,680.0,681.0,,100
2023-03-23,670.0,711.0,670.0,675.0,,61
2023-03-24,671.0,695.0,650.0,675.0,,105
2023-03-27,650.0,698.0,650.0,679.0,,129
2023-03-28,690.0,698.0,670.0,680.0,,56
2023-03-29,700.0,700.0,671.0,682.0,,140
2023-03-30,690.0,750.0,690.0,741.0,,315
2023-03-31,752.0,787.0,736.0,777.0,,143
2023-04-03,780.0,780.0,725.0,726.0,,64
2023-04-04,726.0,740.0,702.0,736.0,,86
2023-04-05,720.0,760.0,710.0,710.0,,148
2023-04-06,710.0,738.0,680.0,710.0,,111
2023-04-10,696.0,750.0,690.0,730.0,,143
2023-04-11,720.0,765.0,720.0,743.0,,103
2023-04-12,740.0,784.0,730.0,768.0,,166
2023-04-13,760.0,800.0,760.0,776.0,,119
2023-04-14,776.0,776.0,737.0,760.0,,56
2023-04-17,740.0,775.0,732.0,754.0,,100
2023-04-18,750.0,800.0,747.0,784.0,,149
2023-04-19,787.0,790.0,760.0,782.0,,201
2023-04-20,780.0,790.0,705.0,740.0,,171
2023-04-21,769.0,776.0,680.0,720.0,,169
2023-04-24,720.0,731.0,680.0,696.0,,57
2023-04-25,704.0,750.0,696.0,700.0,,70
2023-04-26,680.0,716.0,680.0,680.0,,86
2023-04-27,680.0,690.0,667.0,676.0,,126
2023-04-28,700.0,721.0,685.0,696.0,,74
2023-05-01,675.0,730.0,666.0,685.0,,121
2023-05-02,670.0,708.0,670.0,672.0,,81
2023-05-03,670.0,681.0,616.0,647.0,,241
2023-05-04,650.0,675.0,647.0,655.0,,58
2023-05-05,650.0,670.0,647.0,651.0,,88
2023-05-08,683.0,683.0,652.0,660.0,,66
2023-05-09,690.0,690.0,610.0,645.0,,142
2023-05-10,650.0,677.0,470.0,533.0,,2260
2023-05-11,466.0,475.0499877929688,408.2000122070313,413.5,,2404
2023-05-12,388.5,394.0,312.5,329.25,,3198
2023-05-15,333.0,371.0,329.5,335.0,,1260
2023-05-16,327.0,355.0,325.5,331.5,,810
2023-05-17,338.0,355.0,327.5,351.5,,538
2023-05-18,351.0,455.3999938964844,351.0,450.0,,1826
2023-05-19,449.0,466.5,425.0,443.7000122070313,,1976
2023-05-22,668.0,990.0,585.5,969.0,,325794
2023-05-23,844.0,1033.0,781.5,801.5,,51096
2023-05-24,780.5,825.0,701.0,703.75,,11378
2023-05-25,678.5,703.5,552.0,582.0,,8312
2023-05-26,575.5,604.0,535.0,540.0,,3526
2023-05-30,559.0,576.25,493.0,534.5,,2898
2023-05-31,519.5,531.5,475.5,480.0,,2282
2023-06-01,496.0,501.5,457.5,474.0,,2520
2023-06-02,470.0,548.5,468.0499877929688,535.0,,3092
2023-06-05,544.5,600.0,536.0,572.5,,2108
2023-06-06,547.0,633.5,546.0,596.0,,2668
2023-06-07,590.0,643.5,586.5,603.5,,998
2023-06-08,600.5,610.6500244140625,550.5,596.0,,1920
2023-06-09,596.5,599.5,519.5,527.0,,1694
2023-06-12,536.0,571.5,517.5,522.0,,2584
2023-06-13,528.5,568.5,528.5,560.0,,1538
2023-06-14,544.5,595.0,544.5,574.5,,1030
2023-06-15,560.5,595.0,560.0,578.5,,1198
2023-06-16,582.5,587.25,562.5,584.0,,1414
2023-06-20,584.0,644.0,565.5,637.5,,1606
2023-06-21,617.5,625.0,585.0,585.5,,428
2023-06-22,600.0,612.25,577.5,601.0,,1018
2023-06-23,604.0,604.0,563.5,564.5,,796
2023-06-26,563.0,572.5,527.0,536.0,,846
2023-06-27,529.0,534.0,512.5,519.0,,758
2023-06-28,518.0,549.0,518.0,537.5,,1456
2023-06-29,533.5,543.0,513.0,513.0,,288
2023-06-30,511.5,548.0,511.5,525.0,,500
2023-07-03,525.5,547.0999755859375,525.5,545.0,,128
2023-07-05,536.5,550.0,511.5,522.5,,736
2023-07-06,517.5,517.5,480.5,481.0,,966
2023-07-07,484.5,510.0,472.5,482.0,,640
2023-07-10,475.0,518.5,475.0,495.5,,1598
2023-07-11,492.5,553.5,480.5,523.0,,1196
2023-07-12,523.0,540.5,501.1000061035156,502.0,,694
2023-07-13,508.0,533.75,502.5,522.0,,464
2023-07-14,524.5,524.5,483.5,499.5,,396
2023-07-17,505.5,511.5,485.0,500.0,,262
2023-07-18,490.5,499.0,478.0,488.0,,380
2023-07-19,488.0,498.5,475.0,488.0,,458
2023-07-20,485.5,493.3500061035156,470.0,470.0,,194
2023-07-21,475.5,485.5,451.0,451.5,,658
2023-07-24,446.0,446.0,390.0,396.0,,1426
2023-07-25,405.5,408.5,392.5,400.0,,414
2023-07-26,400.0,404.5,380.5,400.5,,638
2023-07-27,404.5,412.0,394.0,398.25,,644
2023-07-28,410.5,411.0,391.5,391.5,,628
2023-07-31,401.0,406.25,391.25,397.5,,246
2023-08-01,392.0,410.0,391.6499938964844,405.0,,126
2023-08-02,395.5,415.6499938964844,395.0,398.5,,140
2023-08-03,390.0,407.6000061035156,390.0,398.5,,162
2023-08-04,402.0,402.0,393.0,397.5,,172
2023-08-07,399.0,413.5,380.0,380.0,,290
2023-08-08,384.5,387.5,349.5,365.0,,924
2023-08-09,366.0,366.0,345.0,346.0,,370
2023-08-10,358.25,359.0,335.0,346.0,,282
2023-08-11,355.0,360.5,340.0,360.5,,204
2023-08-14,354.0,355.5,344.5,344.5,,322
2023-08-15,352.0,362.5499877929688,340.0,349.5,,614
2023-08-16,345.75,350.0,334.3500061035156,337.5,,288
2023-08-17,347.0,352.8999938964844,339.0,339.0,,162
2023-08-18,340.5,357.5,340.5,357.5,,402
2023-08-21,371.5,377.5,359.0,362.5,,242
2023-08-22,363.0,388.0,350.0,354.0,,344
2023-08-23,355.0,382.5,355.0,365.5,,626
2023-08-24,380.5,380.5,356.0,368.0,,594
2023-08-25,356.5,364.5,353.0,361.5,,216
2023-08-28,371.0,374.0,351.0,357.0,,420
2023-08-29,363.5,379.1499938964844,358.5,364.0,,234
2023-08-30,377.0,392.5,367.5,385.0,,448
2023-08-31,376.5,389.5,368.25,372.5,,222
2023-09-01,372.5,380.0,359.29998779296875,368.5,,230
2023-09-05,362.5,372.5,351.54998779296875,372.5,,392
2023-09-06,371.0,371.0,356.0,364.0,,236
2023-09-07,372.7000122070313,372.7000122070313,321.0,325.0,,1664
2023-09-08,323.5,325.5,288.5,323.0,,1984
2023-09-11,313.5,318.0,310.0,315.75,,276
2023-09-12,306.0,314.5,289.5,294.5,,674
2023-09-13,290.95001220703125,309.45001220703125,272.5,273.5,,808
2023-09-14,280.5,285.0,264.0,276.5,,1300
2023-09-15,270.5,282.1499938964844,262.5,262.5,,720
2023-09-18,279.0,281.0,265.0,278.5,,514
2023-09-19,284.0,307.0,284.0,291.5,,944
2023-09-20,295.0,296.5,273.0,276.0,,598
2023-09-21,280.5,288.25,272.5,272.5,,398
2023-09-22,274.0,275.75,250.0,251.0,,956
2023-09-25,245.5,256.79998779296875,245.5,246.0,,262
2023-09-26,249.5,256.25,240.0,241.0,,554
2023-09-27,242.5,249.0,225.5,230.0,,754
2023-09-28,226.0,244.5,226.0,242.25,,736
2023-09-29,227.5,252.0,225.5,249.5,,1214
2023-10-02,241.0,249.0,225.5,229.0,,562
2023-10-03,227.5,243.5,227.5,231.5,,386
2023-10-04,231.5,237.5,227.5,227.5,,454
2023-10-05,227.0,234.75,226.0,226.0,,810
2023-10-06,225.5,232.5,225.5,230.0,,310
2023-10-09,228.5,243.0,228.5,230.0,,492
2023-10-10,234.5,235.0,233.0,234.0,,150
2023-10-11,235.0,240.0,227.0,230.5,,398
2023-10-12,231.0,235.5,222.5,227.0,,478
2023-10-13,227.0,265.5,215.0,230.5,,4560
2023-10-16,232.0,249.5,215.0,217.0,,722
2023-10-17,215.5,234.3999938964844,212.5500030517578,220.0,,1512
2023-10-18,213.0,223.5,213.0,220.0,,540
2023-10-19,218.5,231.5,211.0,227.5,,1006
2023-10-20,226.0,241.1000061035156,216.0,220.0,,544
2023-10-23,220.5,226.1999969482422,217.0,221.0,,366
2023-10-24,220.0,228.5,215.5,228.5,,458
2023-10-25,239.5,265.0,217.5,227.0,,1766
2023-10-26,226.0,239.5,222.5,234.0,,366
2023-10-27,237.0,237.0,223.1499938964844,235.0,,424
2023-10-30,235.0,241.8000030517578,232.0,239.0,,226
2023-10-31,240.0,242.0,230.6000061035156,233.5,,348
2023-11-01,224.5,234.0,218.0,220.0,,354
2023-11-02,222.5,222.5,208.0,208.0,,532
2023-11-03,216.9499969482422,222.5,210.0,212.5,,530
2023-11-06,211.5,216.5,189.0,193.0,,608
2023-11-07,192.0,197.5,180.0,180.0,,582
2023-11-08,179.5,181.1999969482422,154.5,155.0,,1780
2023-11-09,152.5,152.5,141.3000030517578,146.5,,1426
2023-11-10,149.5,194.0,149.5,151.5,,6858
2023-11-13,152.0,178.0,144.1999969482422,172.4499969482422,,3284
2023-11-14,142.5,166.5,142.5,146.0,,2162
2023-11-15,148.0,163.5,138.0,144.5500030517578,,1080
2023-11-16,145.5,150.5,127.5,141.75,,2726
2023-11-17,139.0500030517578,157.0,139.0,154.0,,984
2023-11-20,156.5,171.5,150.5500030517578,157.5,,1730
2023-11-21,153.0,158.0,129.0,155.5,,1834
2023-11-22,154.0,158.0,144.5,149.5,,1890
2023-11-24,149.25,157.0,149.0,157.0,,450
2023-11-27,157.0,162.5,147.5,149.0,,1352
2023-11-28,152.0,162.5,149.5,155.0,,1118
2023-11-29,155.5,159.0,150.5,152.75,,798
2023-11-30,155.0,169.0,151.0,161.0,,862
2023-12-01,158.5,170.0,158.5,170.0,,642
2023-12-04,165.5,174.5,161.0,165.0,,604
2023-12-05,167.5,167.5,156.0,161.0,,604
2023-12-06,161.0,166.60000610351562,152.5,162.0,,1444
2023-12-07,159.0,164.5,133.25,153.0,,4954
2023-12-08,150.0,169.0,148.0,165.5,,1992
2023-12-11,167.75,187.0,158.5,176.0,,1890
2023-12-12,174.0,223.5,170.0,197.5,,5160
2023-12-13,195.5,204.5,187.1499938964844,199.0,,1416
2023-12-14,199.5,211.0,190.0,199.5,,1332
2023-12-15,199.5,209.8999938964844,196.5,199.0,,1186
2023-12-18,195.5,196.5500030517578,164.5,177.5,,1238
2023-12-19,176.0,177.64999389648438,160.5,160.5,,1152
2023-12-20,160.5,165.0,143.5,146.5,,1296
2023-12-21,146.10000610351562,161.0,138.0,158.0,,2976
2023-12-22,156.0,165.0,152.5,165.0,,564
2023-12-26,161.0,186.0,161.0,176.0,,1340
2023-12-27,178.0,183.0,175.0,179.5,,280
2023-12-28,177.5,184.5,168.0,168.0,,684
2023-12-29,170.0,170.0,158.8000030517578,162.0,,1444
2024-01-02,161.0,162.5,147.5,157.5,,1076
2024-01-03,152.25,155.35000610351562,146.5,150.0,,528
2024-01-04,150.0,151.9499969482422,141.5,143.0,,1236
2024-01-05,142.0,145.9499969482422,135.0,137.5,,684
2024-01-08,138.0,155.5,135.5,155.5,,1640
2024-01-09,155.5,158.5,145.0,150.5,,1112
2024-01-10,151.0,153.0,140.0,145.5,,1518
2024-01-11,142.5,150.0,137.5,144.5,,596
2024-01-12,144.5,146.0,135.5,137.5,,608
2024-01-16,138.0,138.0,127.0,128.0,,694
2024-01-17,130.0,130.0,115.0,117.5,,842
2024-01-18,119.0500030517578,119.0500030517578,105.5,111.5,,1068
2024-01-19,108.0,111.3000030517578,103.5,106.5,,810
2024-01-22,106.5,112.4000015258789,102.5,104.5,,1068
2024-01-23,104.0,112.0,98.5,105.5,,1926
2024-01-24,109.0,109.0,97.0,99.5,,1650
2024-01-25,100.0,100.5,94.0,97.0,,868
2024-01-26,96.0,101.3499984741211,90.0,92.0,,1108
2024-01-29,95.5,95.5,89.5,92.0,,966
2024-01-30,92.0,92.5,87.0,89.6500015258789,,756
2024-01-31,91.0,104.0,86.05000305175781,95.0,,1176
2024-02-01,92.6999969482422,100.5999984741211,83.0,84.5,,3276
2024-02-02,86.0,87.5,81.0,83.0,,1194
2024-02-05,84.0,85.0,80.0,82.5,,706
2024-02-06,84.0,85.0,75.0,79.0,,2864
2024-02-07,79.5,79.5,75.69999694824219,78.0,,722
2024-02-08,78.0,80.5,75.55000305175781,75.55000305175781,,2204
2024-02-09,75.0,80.5,74.5,76.0,,996
2024-02-12,78.0,79.25,75.0,76.0,,880
2024-02-13,76.5,113.5,76.5,91.0,,9430
2024-02-14,91.0,103.5,91.0,99.0,,2968
2024-02-15,97.0,147.5,96.5,135.0,,12506
2024-02-16,114.5,174.5,102.0,128.0,,8542
2024-02-20,152.5,152.5,116.5,124.0,,1094
2024-02-21,123.5,123.5,103.0,113.5,,1078
2024-02-22,114.0,130.0,108.5,122.5,,1504
2024-02-23,122.5,129.60000610351562,115.0,121.0,,1998
2024-02-26,121.0,129.5,113.0,117.0,,904
2024-02-27,121.0,124.0,114.0,119.5,,1148
2024-02-28,121.0,141.0,116.8000030517578,138.0,,2196
2024-02-29,139.5,155.0,137.8000030517578,148.5,,1418
2024-03-01,159.0,166.5,150.0,158.5,,1876
2024-03-04,150.0,162.0,141.5,141.5,,1044
2024-03-05,141.5,146.25,126.0,130.0,,1218
2024-03-06,128.5,134.0,108.0,114.5,,2144
2024-03-07,121.5,121.5,111.0,113.0,,566
2024-03-08,127.5,127.5,112.5,117.5,,912
2024-03-11,115.0,119.0,107.5,112.0,,506
2024-03-12,111.5,112.1500015258789,104.0,109.0,,574
2024-03-13,106.0,122.0,101.0,104.5,,1492
2024-03-14,103.5,115.6999969482422,94.5,102.0,,1008
2024-03-15,110.0,118.0,98.0,113.0,,814
2024-03-18,103.5,110.5,103.5,109.0,,916
2024-03-19,110.0,114.5,103.5,106.5,,496
2024-03-20,105.5,117.5,102.5,117.0,,250
2024-03-21,110.5999984741211,117.0,110.0,116.0,,292
2024-03-22,116.0,120.75,102.5,117.5,,518
2024-03-25,114.0,118.4499969482422,110.5,112.5,,168
2024-03-26,112.5,120.5,112.5,116.0,,656
2024-03-27,115.0,128.0,111.0,125.0,,1034
2024-03-28,123.5,126.4000015258789,121.0,124.5,,426
2024-04-01,122.0,122.5,115.5,118.0,,792
2024-04-02,119.5,119.5,111.0,114.5,,532
2024-04-03,112.25,128.0,112.25,128.0,,910
2024-04-04,127.5,145.0,120.5,132.0,,2446
2024-04-05,130.5,132.0,124.25,126.0,,600
2024-04-08,124.5,130.5,123.5,128.0,,324
2024-04-09,126.0,128.0,119.0,122.0,,354
2024-04-10,123.0,123.0,111.0,114.0,,702
2024-04-11,117.6999969482422,117.6999969482422,104.0,111.5,,690
2024-04-12,111.0,115.0,109.0,109.5,,338
2024-04-15,112.0,117.5,108.0,109.0,,200
2024-04-16,107.0,112.0,102.0,102.0,,514
2024-04-17,102.5500030517578,110.5,100.0,106.5,,430
2024-04-18,105.0,110.5,102.0,105.5999984741211,,598
2024-04-19,106.5,110.0,100.5,100.5,,3144
2024-04-22,61.0,80.0,61.0,70.5,,6444
2024-04-23,69.0,76.19999694824219,64.5,74.5,,1414
2024-04-24,76.0,77.0,65.0,66.0,,750
2024-04-25,65.0,67.5,63.5,64.5,,462
2024-04-26,63.5,72.0,63.5,68.5,,792
2024-04-29,67.5,72.0,67.05000305175781,68.5,,404
2024-04-30,68.5,70.5,66.5,68.25,,182
2024-05-01,67.0,70.0,67.0,68.0,,122
2024-05-02,72.5,77.30000305175781,68.5,76.0,,834
2024-05-03,74.75,79.5,73.0,73.0,,652
2024-05-06,75.0,77.0,69.0,69.0,,688
2024-05-07,68.5,72.0,65.0,68.5,,258
2024-05-08,69.5,77.5,65.0,65.5,,1560
2024-05-09,65.4000015258789,70.0,65.0,65.5,,302
2024-05-10,64.5,69.0,59.650001525878906,63.0,,1788
2024-05-13,63.0,63.0,59.0,60.5,,708
2024-05-14,59.0,65.5,59.0,64.5,,988
2024-05-15,66.0,66.0,55.75,57.5,,1622
2024-05-16,56.0,62.59999847412109,56.0,62.0,,642
2024-05-17,59.75,67.5,59.75,65.0,,574
2024-05-20,64.5,65.0,57.5,58.5,,668
2024-05-21,58.5,63.45000076293945,58.5,58.5,,354
2024-05-22,58.5,64.0,56.5,58.5,,576
2024-05-23,57.5,60.0,56.0,57.0,,374
2024-05-24,59.5,59.5,53.0,56.0,,872
2024-05-28,55.0,58.5,53.5,57.5,,344
2024-05-29,56.0,60.0,56.0,60.0,,472
2024-05-30,60.0,68.0,57.54999923706055,62.0,,1574
2024-05-31,63.5,64.5,61.25,63.0,,326
2024-06-03,66.0,66.0,57.79999923706055,58.0,,502
2024-06-04,58.0,61.0,57.5,61.0,,110
2024-06-05,64.3499984741211,64.3499984741211,53.5,58.25,,490
2024-06-06,59.0,59.0,53.0,54.75,,282
2024-06-07,54.5,58.0,54.0,55.0,,460
2024-06-10,53.0,60.0,52.5,55.0,,366
2024-06-11,54.0,60.5,54.0,59.0,,308
2024-06-12,61.0,61.0,58.0,59.0,,212
2024-06-13,59.0,59.75,55.20000076293945,59.5,,428
2024-06-14,58.0,59.0,53.5,55.45000076293945,,310
2024-06-17,57.5,59.0,45.0,51.5,,1150
2024-06-18,54.5,54.5,50.5,53.0,,362
2024-06-20,53.0,53.0,47.5,51.0,,614
2024-06-21,50.0,53.5,49.0,50.75,,682
2024-06-24,49.5,53.5,49.5,53.5,,1058
2024-06-25,52.5,55.0,49.59999847412109,55.0,,648
2024-06-26,54.0,54.5,51.0,53.0,,100
2024-06-27,54.5,55.5,52.5,55.0,,160
2024-06-28,53.5,53.5,51.0,51.0,,428
2024-07-01,54.0,54.5,47.0,53.5,,266
2024-07-02,55.0,55.0,50.5,52.0,,94
2024-07-03,53.0,53.5,50.0,51.0,,202
2024-07-05,48.0,53.5,48.0,50.0,,256
2024-07-08,53.5,53.5,50.0,52.0,,282
2024-07-09,52.5,54.79999923706055,51.5,52.0,,208
2024-07-10,54.0,54.0,51.0,51.5,,268
2024-07-11,51.0,54.0,47.5,52.25,,866
2024-07-12,50.5,53.5,50.5,53.5,,224
2024-07-15,52.0,54.0,50.0,51.0,,172
2024-07-16,50.0,54.0,50.0,54.0,,274
2024-07-17,52.5,54.0,50.5,53.0,,208
2024-07-18,52.5,56.0,49.5,52.25,,612
2024-07-19,50.5,53.0,48.5,51.0,,378
2024-07-22,51.5,51.5,37.5,42.0,,147448
2024-07-23,38.0,42.0,37.54999923706055,39.29999923706055,,7478
2024-07-24,39.04999923706055,39.95000076293945,36.5,37.54999923706055,,2940
2024-07-25,38.5,39.95000076293945,37.34999847412109,38.04999923706055,,3206
2024-07-26,39.0,41.400001525878906,39.0,39.75,,1864
2024-07-29,41.0,42.34999847412109,38.75,39.650001525878906,,1160
2024-07-30,38.0,41.25,36.79999923706055,39.59999847412109,,872
2024-07-31,40.0,40.59999847412109,37.650001525878906,39.150001525878906,,720
2024-08-01,40.20000076293945,40.5,37.900001525878906,38.650001525878906,,938
2024-08-02,38.25,38.59999847412109,35.75,36.54999923706055,,1830
2024-08-05,35.0,36.25,27.649999618530277,34.0,,2564
2024-08-06,33.0,34.0,30.799999237060547,30.799999237060547,,540
2024-08-07,32.5,32.5,28.0,28.549999237060547,,900
2024-08-08,29.950000762939453,30.649999618530277,29.0,30.0,,414
2024-08-09,30.0,31.0,28.5,30.0,,446
2024-08-12,30.0,31.0,28.549999237060547,30.0,,652
2024-08-13,30.600000381469727,31.0,29.049999237060547,29.5,,496
2024-08-14,30.0,33.0,30.0,33.0,,2078
2024-08-15,32.5,36.45000076293945,32.5,33.70000076293945,,1182
2024-08-16,35.0,36.29999923706055,32.599998474121094,32.599998474121094,,536
2024-08-19,32.599998474121094,35.79999923706055,32.5,35.0,,710
2024-08-20,35.0,37.5,34.0,37.25,,990
2024-08-21,38.0,39.400001525878906,37.25,39.400001525878906,,366
2024-08-22,38.75,41.45000076293945,37.84999847412109,40.95000076293945,,684
2024-08-23,40.5,40.900001525878906,36.54999923706055,38.0,,844
2024-08-26,39.45000076293945,41.0,39.0,40.0,,176
2024-08-27,37.5,39.95000076293945,37.5,39.5,,92
2024-08-28,38.5,41.25,38.5,40.5,,148
2024-08-29,40.0,41.0,37.59999847412109,40.0,,222
2024-08-30,40.5,42.0,38.150001525878906,41.900001525878906,,404
2024-09-03,40.0,41.0,35.0,36.84999847412109,,764
2024-09-04,38.70000076293945,41.45000076293945,35.04999923706055,38.45000076293945,,228
2024-09-05,40.45000076293945,40.45000076293945,36.59999847412109,37.900001525878906,,186
2024-09-06,38.0,38.5,35.0,36.20000076293945,,592
2024-09-09,35.0,37.5,35.0,37.5,,312
2024-09-10,39.0,39.0,35.0,35.0,,388
2024-09-11,35.04999923706055,37.5,35.04999923706055,37.5,,224
2024-09-12,36.20000076293945,37.5,35.04999923706055,36.59999847412109,,166
2024-09-13,36.54999923706055,37.29999923706055,35.0,37.0,,450
2024-09-16,37.0,37.0,34.0,34.0,,934
2024-09-17,34.70000076293945,34.95000076293945,31.600000381469727,34.95000076293945,,980
2024-09-18,32.04999923706055,36.0,32.0,33.75,,294
2024-09-19,35.0,35.0,31.799999237060547,33.900001525878906,,364
2024-09-20,32.95000076293945,35.0,32.0,34.95000076293945,,300
2024-09-23,36.5,36.5,34.0,35.650001525878906,,152
2024-09-24,34.5,35.650001525878906,31.299999237060547,32.5,,662
2024-09-25,33.349998474121094,34.5,31.5,34.349998474121094,,678
2024-09-26,33.0,34.5,32.25,34.5,,408
2024-09-27,32.599998474121094,34.0,32.599998474121094,34.0,,108
2024-09-30,36.0,36.0,32.0,33.5,,552
2024-10-01,32.54999923706055,33.5,31.5,32.75,,268
2024-10-02,32.650001525878906,32.75,31.549999237060547,32.349998474121094,,238
2024-10-03,31.799999237060547,32.5,31.5,31.950000762939453,,252
2024-10-04,32.5,32.5,32.0,32.5,,78
2024-10-07,32.0,32.0,28.600000381469727,31.75,,840
2024-10-08,32.0,32.0,30.75,31.149999618530277,,686
2024-10-09,30.850000381469727,31.5,30.5,31.25,,280
2024-10-10,30.799999237060547,30.850000381469727,28.75,29.75,,948
2024-10-11,28.549999237060547,30.0,28.5,29.100000381469727,,328
2024-10-14,29.100000381469727,30.0,28.5,28.75,,330
2024-10-15,28.5,29.25,28.399999618530277,28.450000762939453,,136
2024-10-16,28.0,30.0,27.75,30.0,,454
2024-10-17,30.0,44.5,28.0,37.45000076293945,,14474
2024-10-18,33.900001525878906,41.79999923706055,33.900001525878906,40.900001525878906,,4936
2024-10-21,36.84999847412109,41.5,35.0,37.5,,1906
2024-10-22,36.900001525878906,39.70000076293945,32.54999923706055,34.599998474121094,,1906
2024-10-23,33.54999923706055,34.95000076293945,32.5,32.650001525878906,,1136
2024-10-24,36.5,36.5,32.349998474121094,36.400001525878906,,1432
2024-10-25,34.75,36.0,32.400001525878906,34.900001525878906,,1750
2024-10-28,34.900001525878906,34.900001525878906,32.099998474121094,33.0,,316
2024-10-29,34.45000076293945,34.54999923706055,32.5,32.5,,688
2024-10-30,32.04999923706055,34.0,32.0,33.349998474121094,,372
2024-10-31,32.04999923706055,33.95000076293945,32.0,32.95000076293945,,228
2024-11-01,32.0,34.0,30.0,32.5,,378
2024-11-04,31.600000381469727,33.75,31.600000381469727,31.700000762939453,,288
2024-11-05,30.0,33.5,30.0,32.25,,442
2024-11-06,31.5,33.5,30.0,32.04999923706055,,310
2024-11-07,31.0,33.5,30.600000381469727,32.0,,456
2024-11-08,32.0,33.5,31.0,31.049999237060547,,384
2024-11-11,31.0,33.400001525878906,31.0,33.400001525878906,,686
2024-11-12,31.25,33.25,31.25,31.25,,692
2024-11-13,31.5,33.5,31.0,32.29999923706055,,954
2024-11-14,31.0,33.5,31.0,33.25,,138
2024-11-15,31.799999237060547,34.0,31.0,34.0,,1150
2024-11-18,29.5,34.400001525878906,29.5,34.400001525878906,,820
2024-11-19,35.0,35.0,33.0,34.70000076293945,,556
2024-11-20,34.45000076293945,37.0,33.0,34.70000076293945,,806
2024-11-21,35.0,36.0,34.0,34.5,,274
2024-11-22,35.5,35.5,33.099998474121094,33.25,,462
2024-11-25,34.5,35.0,33.099998474121094,34.150001525878906,,298
2024-11-26,34.150001525878906,35.0,33.0,33.5,,310
2024-11-27,33.29999923706055,35.0,31.0,32.04999923706055,,446
2024-11-29,31.0,35.0,31.0,33.400001525878906,,196
2024-12-02,33.0,34.0,31.0,31.5,,912
2024-12-03,31.200000762939453,32.5,30.0,30.200000762939453,,480
2024-12-04,30.0,33.0,30.0,31.399999618530277,,236
2024-12-05,31.0,31.5,29.950000762939453,31.5,,838
2024-12-06,31.399999618530277,31.5,30.5,31.0,,234
2024-12-09,30.5,33.0,30.0,30.25,,1214
2024-12-10,30.5,32.0,30.25,31.5,,240
2024-12-11,24.5,29.75,23.899999618530277,29.25,,1892
2024-12-12,29.899999618530277,31.5,27.5,31.0,,306
2024-12-13,28.450000762939453,31.5,28.299999237060547,29.5,,372
2024-12-16,29.0,29.0,24.100000381469727,26.5,,822
2024-12-17,25.799999237060547,27.799999237060547,25.5,26.149999618530277,,438
2024-12-18,28.0,29.950000762939453,27.5,28.0,,582
2024-12-19,27.5,27.5,25.200000762939453,26.450000762939453,,134
2024-12-20,25.0,26.5,24.0,24.5,,962
2024-12-23,25.5,25.5,24.0,25.0,,272
2024-12-24,24.950000762939453,25.700000762939453,23.049999237060547,25.0,,390
2024-12-26,24.950000762939453,25.0,24.5,24.75,,600
2024-12-27,24.0,25.25,23.0,23.0,,1300
2024-12-30,23.0,23.5,21.5,21.5,,1138
2024-12-31,22.0,24.600000381469727,22.0,23.5,,2964
2025-01-02,22.799999237060547,24.75,22.799999237060547,24.75,,896
2025-01-03,25.0,36.75,25.0,31.850000381469727,,9524
2025-01-06,35.0,35.5,30.5,32.70000076293945,,3310
2025-01-07,32.70000076293945,33.0,28.299999237060547,30.25,,1230
2025-01-08,30.25,30.25,28.0,28.0,,416
2025-01-10,27.200000762939453,28.0,25.5,25.5,,822
2025-01-13,26.5,26.5,24.549999237060547,24.649999618530277,,606
2025-01-14,25.0,25.5,23.75,23.75,,860
2025-01-15,24.950000762939453,24.950000762939453,21.399999618530277,21.399999618530277,,4826
2025-01-16,22.0,26.399999618530277,21.5,22.5,,7928
2025-01-17,22.5,24.5,22.0,23.450000762939453,,1490
2025-01-21,21.5,22.0,14.050000190734863,16.100000381469727,,33396
2025-01-22,6.550000190734863,7.199999809265137,6.050000190734863,6.75,,831978
2025-01-23,9.600000381469728,15.850000381469728,7.800000190734863,10.0,,10805860
2025-01-24,10.699999809265137,11.100000381469728,9.300000190734863,9.550000190734863,,746842
2025-01-27,9.0,9.199999809265137,7.800000190734863,8.25,,591322
2025-01-28,10.850000381469728,14.0,10.050000190734863,11.149999618530272,,6315868
2025-01-29,10.5,11.350000381469728,8.050000190734863,8.850000381469727,,557954
2025-01-30,9.350000381469728,10.0,9.25,9.350000381469728,,207786
2025-01-31,9.199999809265137,9.300000190734863,8.550000190734863,9.0,,153788
2025-02-03,8.050000190734863,8.75,7.449999809265137,8.100000381469727,,185152
2025-02-04,8.0,9.25,8.0,8.550000190734863,,168062
2025-02-05,8.399999618530273,8.600000381469727,8.0,8.149999618530273,,92170
2025-02-06,8.25,8.600000381469727,7.75,8.149999618530273,,155400
2025-02-07,8.850000381469727,8.850000381469727,8.25,8.449999809265137,,133756
2025-02-10,8.5,9.100000381469728,8.199999809265137,8.550000190734863,,347160
2025-02-11,8.5,10.449999809265137,8.25,9.949999809265137,,1156514
2025-02-12,9.300000190734863,10.5,9.0,10.050000190734863,,520668
2025-02-13,9.649999618530272,11.25,9.300000190734863,10.149999618530272,,456718
2025-02-14,10.0,10.25,9.0,9.149999618530272,,141142
2025-02-18,9.300000190734863,9.399999618530272,8.550000190734863,9.0,,146434
2025-02-19,8.949999809265137,9.100000381469728,8.300000190734863,8.699999809265137,,121452
2025-02-20,8.5,9.699999809265137,8.449999809265137,9.399999618530272,,232946
2025-02-21,8.75,8.949999809265137,8.350000381469727,8.550000190734863,,104948
2025-02-24,8.5,8.75,8.0,8.149999618530273,,62850
2025-02-25,8.0,8.100000381469727,7.150000095367432,7.650000095367432,,73926
2025-02-26,7.5,8.0,7.5,7.800000190734863,,32060
2025-02-27,7.75,7.800000190734863,7.0,7.099999904632568,,59500
2025-02-28,7.0,7.050000190734863,5.949999809265137,6.300000190734863,,104242
2025-03-03,6.400000095367432,6.599999904632568,5.0,5.650000095367432,,119276
2025-03-04,5.050000190734863,5.75,4.0,5.099999904632568,,152418
2025-03-05,4.849999904632568,5.349999904632568,4.25,4.449999809265137,,175340
2025-03-06,4.400000095367432,4.599999904632568,4.300000190734863,4.300000190734863,,73540
2025-03-07,4.300000190734863,4.550000190734863,3.849999904632568,4.25,,171178
2025-03-10,3.900000095367432,4.050000190734863,3.5999999046325684,3.5999999046325684,,126776
2025-03-11,3.5999999046325684,5.0,3.400000095367432,4.199999809265137,,1438430
2025-03-12,2.549999952316284,2.650000095367432,2.400000095367432,2.450000047683716,,1621756
2025-03-13,1.850000023841858,2.0,1.75,1.899999976158142,,1112924
2025-03-14,1.399999976158142,1.399999976158142,1.0499999523162842,1.149999976158142,,3230302
2025-03-17,1.100000023841858,1.149999976158142,1.0,1.0499999523162842,,1686974
2025-03-18,0.800000011920929,0.8999999761581421,0.6710000038146973,0.7820000052452087,,6451900
2025-03-19,0.7459999918937683,0.8399999737739563,0.7049999833106995,0.8199999928474426,,6101300
2025-03-20,0.8199999928474426,0.8899999856948853,0.7839999794960022,0.8289999961853027,,5106900
2025-03-21,0.781000018119812,0.8299999833106995,0.7200000286102295,0.800000011920929,,2888700
2025-03-24,0.8299999833106995,0.8500000238418579,0.7319999933242798,0.7419999837875366,,2563300
2025-03-25,0.7250000238418579,0.7400000095367432,0.550000011920929,0.7129999995231628,,3321100
2025-03-26,0.6380000114440918,0.7049999833106995,0.5669999718666077,0.6850000023841858,,2551000
2025-03-27,0.6100000143051147,0.6499999761581421,0.5839999914169312,0.6100000143051147,,1577400
2025-03-28,0.5699999928474426,0.6000000238418579,0.4749999940395355,0.4799999892711639,,1451700
2025-03-31,0.421999990940094,0.4600000083446502,0.4000000059604645,0.4300000071525574,,624100
2025-04-01,0.4300000071525574,0.9890000224113464,0.4300000071525574,0.4850000143051147,,51397200
2025-04-02,0.5899999737739563,0.699999988079071,0.4600000083446502,0.4779999852180481,,13107400
2025-04-03,0.4639999866485595,0.5090000033378601,0.4199999868869781,0.4839999973773956,,2450500
2025-04-04,0.4600000083446502,0.4740000069141388,0.421999990940094,0.4600000083446502,,1068900
2025-04-07,0.453000009059906,0.4589999914169311,0.3899999856948852,0.4399999976158142,,1360600
2025-04-08,0.4210000038146972,0.4600000083446502,0.4000000059604645,0.4099999964237213,,1179600
2025-04-09,0.449999988079071,0.7459999918937683,0.4099999964237213,0.4880000054836273,,84590500
2025-04-10,0.4199999868869781,0.4629999995231628,0.4189999997615814,0.4309999942779541,,3151300
2025-04-11,0.4230000078678131,0.6169999837875366,0.4020000100135803,0.421999990940094,,23794800
2025-04-14,0.421999990940094,0.4300000071525574,0.3709999918937683,0.3849999904632568,,2749500
2025-04-15,0.367000013589859,0.3790000081062317,0.3409999907016754,0.3499999940395355,,1274000
2025-04-16,0.3409999907016754,0.3729999959468841,0.3400000035762787,0.3429999947547912,,1047900
2025-04-17,0.3400000035762787,0.3449999988079071,0.3050000071525574,0.3219999969005584,,1263000
2025-04-21,0.2980000078678131,0.3000000119209289,0.270000010728836,0.270000010728836,,1196900
2025-04-22,0.2619999945163727,0.3059999942779541,0.25,0.2800000011920929,,1095600
2025-04-23,0.2809999883174896,0.3000000119209289,0.2630000114440918,0.2840000092983246,,1239100
2025-04-24,0.2759999930858612,0.3050000071525574,0.270000010728836,0.2899999916553497,,761100
2025-04-25,0.2910000085830688,0.3100000023841858,0.2809999883174896,0.2879999876022339,,546300
2025-04-28,0.2879999876022339,0.3000000119209289,0.2800000011920929,0.289000004529953,,359300
2025-04-29,0.2820000052452087,0.3490000069141388,0.2820000052452087,0.2939999997615814,,2661300
2025-04-30,0.2820000052452087,0.2960000038146972,0.270000010728836,0.289000004529953,,719200
2025-05-01,0.2800000011920929,0.3000000119209289,0.2720000147819519,0.2919999957084656,,700700
2025-05-02,0.296999990940094,0.449999988079071,0.2800000011920929,0.2849999964237213,,20383100
2025-05-05,0.2820000052452087,0.3400000035762787,0.2720000147819519,0.2980000078678131,,2902900
2025-05-06,0.3050000071525574,0.3650000095367431,0.2989999949932098,0.3240000009536743,,3461600
2025-05-07,0.328000009059906,0.4900000095367431,0.3120000064373016,0.3899999856948852,,20513400
2025-05-08,0.3799999952316284,0.4259999990463257,0.3659999966621399,0.3939999938011169,,2216700
2025-05-09,0.3980000019073486,0.4199999868869781,0.3849999904632568,0.3919999897480011,,906300
2025-05-12,0.3849999904632568,0.414000004529953,0.3100000023841858,0.3179999887943268,,4368900
2025-05-13,0.1500000059604644,0.2199999988079071,0.1080000028014183,0.135000005364418,,1907500
2025-05-14,0.1400000005960464,0.1439999938011169,0.1180000007152557,0.1220000013709068,,337300
2025-05-15,0.125,0.1400000005960464,0.1199999973177909,0.1270000040531158,,232400
2025-05-16,0.1230000033974647,0.135000005364418,0.1049999967217445,0.1099999994039535,,245600
2025-05-19,0.1180000007152557,0.1299999952316284,0.0930000022053718,0.0970000028610229,,214400
2025-05-20,0.0939999967813491,0.1000000014901161,0.0719999969005584,0.0810000002384185,,319700
2025-05-21,0.0820000022649765,0.0820000022649765,0.0729999989271164,0.0769999995827674,,201800
2025-05-22,0.0769999995827674,0.0810000002384185,0.0700000002980232,0.0810000002384185,,105200
2025-05-23,0.0729999989271164,0.0810000002384185,0.0700000002980232,0.0769999995827674,,148900
2025-05-27,0.0740000009536743,0.0810000002384185,0.0710000023245811,0.0710000023245811,,62500
2025-05-28,0.0710000023245811,0.0799999982118606,0.0529999993741512,0.0649999976158142,,234500
2025-05-29,0.0529999993741512,0.0649999976158142,0.0529999993741512,0.0599999986588954,,49700
2025-05-30,0.0599999986588954,0.0649999976158142,0.0549999997019767,0.0549999997019767,,65800
2025-06-02,0.0549999997019767,0.0599999986588954,0.0379999987781047,0.0399999991059303,,465000
2025-06-03,0.0399999991059303,0.0460000000894069,0.0399999991059303,0.0399999991059303,,99600
2025-06-04,0.0460000000894069,0.050000000745058,0.0399999991059303,0.0419999994337558,,104000
2025-06-05,0.0430000014603138,0.050000000745058,0.0410000011324882,0.0430000014603138,,38200
2025-06-06,0.050000000745058,0.0570000000298023,0.0399999991059303,0.0570000000298023,,100000
2025-06-09,0.0570000000298023,0.0769999995827674,0.0529999993741512,0.0630000010132789,,291500
2025-06-10,0.0750000029802322,0.0799999982118606,0.06700000166893,0.0719999969005584,,133500
2025-06-11,0.0799999982118606,0.0799999982118606,0.0649999976158142,0.0700000002980232,,93800
2025-06-12,0.0700000002980232,0.0700000002980232,0.050000000745058,0.0590000003576278,,279700
2025-06-13,0.050000000745058,0.0799999982118606,0.050000000745058,0.0700000002980232,,317300
2025-06-16,0.0799999982118606,0.0879999995231628,0.06700000166893,0.0769999995827674,,140300
2025-06-17,0.0879999995231628,0.0879999995231628,0.0649999976158142,0.0810000002384185,,52100
2025-06-18,0.0900000035762786,0.0900000035762786,0.0700000002980232,0.0879999995231628,,166800
2025-06-20,0.0930000022053718,0.0949999988079071,0.0719999969005584,0.0799999982118606,,27500
2025-06-23,0.0799999982118606,0.0799999982118606,0.0740000009536743,0.0740000009536743,,1300
2025-06-24,0.0729999989271164,0.0900000035762786,0.0710000023245811,0.0790000036358833,,11000
2025-06-25,0.0710000023245811,0.0799999982118606,0.0560000017285347,0.0780000016093254,,106700
2025-06-26,0.0659999996423721,0.0879999995231628,0.0659999996423721,0.0750000029802322,,29800
2025-06-27,0.0750000029802322,0.0949999988079071,0.0700000002980232,0.0700000002980232,,97600
2025-06-30,0.0700000002980232,0.1059999987483024,0.0700000002980232,0.0799999982118606,,55400
2025-07-01,0.0719999969005584,0.1000000014901161,0.0579999983310699,0.0680000036954879,,476000
2025-07-02,0.0630000010132789,0.0719999969005584,0.0630000010132789,0.0680000036954879,,49200
2025-07-03,0.0630000010132789,0.0719999969005584,0.0630000010132789,0.0680000036954879,,82800
2025-07-07,0.0719999969005584,0.0719999969005584,0.0630000010132789,0.0719999969005584,,14100
2025-07-08,0.0630000010132789,0.0799999982118606,0.0590000003576278,0.0599999986588954,,284800
2025-07-09,0.0560000017285347,0.0700000002980232,0.050000000745058,0.0520000010728836,,181800
2025-07-10,0.0520000010728836,0.0740000009536743,0.0520000010728836,0.0640000030398368,,18900
2025-07-11,0.0649999976158142,0.0700000002980232,0.0599999986588954,0.0599999986588954,,25400
2025-07-14,0.0599999986588954,0.0700000002980232,0.0520000010728836,0.0520000010728836,,198000
2025-07-15,0.0540000014007091,0.0579999983310699,0.0460000000894069,0.0480000004172325,,167700
2025-07-16,0.0460000000894069,0.050000000745058,0.0359999984502792,0.0379999987781047,,833200
2025-07-17,0.0399999991059303,0.0450000017881393,0.0399999991059303,0.0439999997615814,,108400
2025-07-18,0.0450000017881393,0.0450000017881393,0.0390000008046627,0.0419999994337558,,242400
2025-07-21,0.0439999997615814,0.25,0.0399999991059303,0.0560000017285347,,4683100
2025-07-22,0.0520000010728836,0.0700000002980232,0.0460000000894069,0.050000000745058,,223600
2025-07-23,0.0590000003576278,0.0640000030398368,0.0520000010728836,0.0640000030398368,,119000
2025-07-24,0.0689999982714653,0.0689999982714653,0.0579999983310699,0.0599999986588954,,54800
2025-07-25,0.0640000030398368,0.0700000002980232,0.0540000014007091,0.0610000006854534,,73600
2025-07-28,0.0630000010132789,0.0649999976158142,0.0529999993741512,0.0540000014007091,,126500
2025-07-29,0.0610000006854534,0.0649999976158142,0.0469999983906745,0.0480000004172325,,106100
2025-07-30,0.0460000000894069,0.050000000745058,0.0419999994337558,0.0419999994337558,,179100
2025-07-31,0.050000000745058,0.050000000745058,0.0410000011324882,0.0419999994337558,,178000
2025-08-01,0.0410000011324882,0.0439999997615814,0.032999999821186,0.0430000014603138,,399900
2025-08-04,0.0340000018477439,0.0419999994337558,0.0340000018477439,0.0419999994337558,,235600
2025-08-05,0.0399999991059303,0.0450000017881393,0.0359999984502792,0.0399999991059303,,152900
2025-08-06,0.0419999994337558,0.050000000745058,0.0399999991059303,0.0399999991059303,,293200
2025-08-07,0.0460000000894069,0.0799999982118606,0.0460000000894069,0.0579999983310699,,188400
2025-08-08,0.0599999986588954,0.0769999995827674,0.0549999997019767,0.0640000030398368,,118900
2025-08-11,0.0610000006854534,0.0700000002980232,0.0599999986588954,0.0599999986588954,,20500
2025-08-12,0.0599999986588954,0.0820000022649765,0.0599999986588954,0.0780000016093254,,25000
2025-08-13,0.0780000016093254,0.0780000016093254,0.0649999976158142,0.0649999976158142,,29600
2025-08-14,0.0680000036954879,0.0780000016093254,0.0590000003576278,0.0599999986588954,,45500
2025-08-15,0.0689999982714653,0.0769999995827674,0.0570000000298023,0.0630000010132789,,32800
2025-08-18,0.0529999993741512,0.0700000002980232,0.0529999993741512,0.0649999976158142,,25900
2025-08-19,0.0579999983310699,0.0590000003576278,0.0570000000298023,0.0570000000298023,,30100
2025-08-20,0.0729999989271164,0.0729999989271164,0.0520000010728836,0.0520000010728836,,73700
2025-08-21,0.0520000010728836,0.0579999983310699,0.050000000745058,0.0579999983310699,,84900
2025-08-22,0.0579999983310699,0.0649999976158142,0.0549999997019767,0.0549999997019767,,79700
2025-08-25,0.0549999997019767,0.0649999976158142,0.0549999997019767,0.0579999983310699,,86300
2025-08-26,0.0549999997019767,0.0659999996423721,0.0549999997019767,0.0659999996423721,,55100
2025-08-27,0.0719999969005584,0.0790000036358833,0.0599999986588954,0.0640000030398368,,284000
2025-08-28,0.0640000030398368,0.0810000002384185,0.0640000030398368,0.0810000002384185,,30800
2025-08-29,0.0810000002384185,0.0810000002384185,0.06700000166893,0.06700000166893,,36100
2025-09-02,0.06700000166893,0.0700000002980232,0.0659999996423721,0.0659999996423721,,7300
2025-09-03,0.0719999969005584,0.0719999969005584,0.0659999996423721,0.0659999996423721,,27400
2025-09-04,0.0659999996423721,0.0729999989271164,0.0659999996423721,0.0659999996423721,,53800
2025-09-05,0.0769999995827674,0.0790000036358833,0.0649999976158142,0.0780000016093254,,80600
2025-09-08,0.0680000036954879,0.0790000036358833,0.0680000036954879,0.0680000036954879,,36000
2025-09-09,0.0680000036954879,0.0799999982118606,0.0680000036954879,0.0680000036954879,,54100
2025-09-10,0.0780000016093254,0.0780000016093254,0.0780000016093254,0.0780000016093254,,11800
2025-09-11,0.0680000036954879,0.0710000023245811,0.0560000017285347,0.0560000017285347,,72500
2025-09-12,0.0560000017285347,0.0560000017285347,0.0560000017285347,0.0560000017285347,,4500
2025-09-15,0.0549999997019767,0.0570000000298023,0.0549999997019767,0.0549999997019767,,5600
2025-09-16,0.0649999976158142,0.0649999976158142,0.0549999997019767,0.0549999997019767,,31700
2025-09-17,0.0560000017285347,0.0640000030398368,0.0560000017285347,0.0599999986588954,,45300
2025-09-18,0.0560000017285347,0.0560000017285347,0.0560000017285347,0.0560000017285347,,4700
2025-09-19,0.0560000017285347,0.0599999986588954,0.0560000017285347,0.0560000017285347,,1400
2025-09-22,0.0560000017285347,0.0560000017285347,0.0549999997019767,0.0549999997019767,,10300
2025-09-23,0.0549999997019767,0.0649999976158142,0.0549999997019767,0.0599999986588954,,116500
2025-09-24,0.0549999997019767,0.0610000006854534,0.0480000004172325,0.0529999993741512,,183100
2025-09-25,0.0480000004172325,0.050000000745058,0.0480000004172325,0.0480000004172325,,2900
2025-09-26,0.0570000000298023,0.0659999996423721,0.0549999997019767,0.0549999997019767,,41200
2025-09-29,0.0460000000894069,0.0540000014007091,0.0460000000894069,0.0509999990463256,,6300
2025-09-30,0.0560000017285347,0.0560000017285347,0.050000000745058,0.050000000745058,,13200
2025-10-01,0.0460000000894069,0.0460000000894069,0.0460000000894069,0.0460000000894069,,2400
2025-10-02,0.0599999986588954,0.0949999988079071,0.0509999990463256,0.0659999996423721,,300100
2025-10-03,0.0599999986588954,0.0710000023245811,0.0599999986588954,0.0689999982714653,,1100
2025-10-06,0.06700000166893,0.0939999967813491,0.0579999983310699,0.0900000035762786,,28700
2025-10-07,0.0939999967813491,0.0939999967813491,0.0649999976158142,0.0649999976158142,,83500
2025-10-08,0.0769999995827674,0.0939999967813491,0.0659999996423721,0.0780000016093254,,58900
2025-10-09,0.0790000036358833,0.0790000036358833,0.06700000166893,0.0790000036358833,,33200
2025-10-10,0.0790000036358833,0.0790000036358833,0.0790000036358833,0.0790000036358833,,0
2025-10-13,0.0640000030398368,0.0920000001788139,0.0640000030398368,0.0799999982118606,,14600
2025-10-14,0.0640000030398368,0.0920000001788139,0.0640000030398368,0.0640000030398368,,10600
2025-10-15,0.0689999982714653,0.0900000035762786,0.0649999976158142,0.0850000008940696,,34500
2025-10-16,0.0790000036358833,0.0790000036358833,0.0649999976158142,0.0790000036358833,,23000
2025-10-17,0.0790000036358833,0.0900000035762786,0.0649999976158142,0.0710000023245811,,12600
2025-10-20,0.0710000023245811,0.0780000016093254,0.0640000030398368,0.0640000030398368,,38000
2025-10-21,0.0780000016093254,0.0860000029206276,0.0640000030398368,0.0780000016093254,,51900
2025-10-22,0.0640000030398368,0.0850000008940696,0.0640000030398368,0.0640000030398368,,19600
2025-10-23,0.0740000009536743,0.0839999988675117,0.0680000036954879,0.0680000036954879,,17800
2025-10-24,0.0860000029206276,0.0860000029206276,0.0700000002980232,0.0719999969005584,,30200
2025-10-27,0.0860000029206276,0.0860000029206276,0.0649999976158142,0.0649999976158142,,10500
2025-10-28,0.0860000029206276,0.0860000029206276,0.0649999976158142,0.0649999976158142,,26200
2025-10-29,0.0759999975562095,0.0759999975562095,0.0599999986588954,0.0719999969005584,,14300
2025-10-30,0.0769999995827674,0.0769999995827674,0.0599999986588954,0.0659999996423721,,5700
2025-10-31,0.0630000010132789,0.0790000036358833,0.0630000010132789,0.06700000166893,,17300
2025-11-03,0.0790000036358833,0.0920000001788139,0.0610000006854534,0.0890000015497207,,81800
2025-11-04,0.0710000023245811,0.0719999969005584,0.061999998986721,0.0700000002980232,,7700
2025-11-05,0.0710000023245811,0.0890000015497207,0.0649999976158142,0.0700000002980232,,54400
2025-11-06,0.0659999996423721,0.0890000015497207,0.0659999996423721,0.0850000008940696,,50000
2025-11-07,0.0850000008940696,0.0850000008940696,0.0689999982714653,0.0689999982714653,,19000
2025-11-10,0.0689999982714653,0.0810000002384185,0.0689999982714653,0.0740000009536743,,17400
2025-11-11,0.0869999974966049,0.0869999974966049,0.06700000166893,0.06700000166893,,15200
2025-11-12,0.06700000166893,0.06700000166893,0.06700000166893,0.06700000166893,,0
2025-11-13,0.0729999989271164,0.0740000009536743,0.0640000030398368,0.0719999969005584,,5200
2025-11-14,0.0860000029206276,0.0860000029206276,0.0659999996423721,0.0710000023245811,,9900
2025-11-17,0.0710000023245811,0.0710000023245811,0.06700000166893,0.0710000023245811,,18300
2025-11-18,0.0710000023245811,0.0860000029206276,0.0710000023245811,0.0729999989271164,,47000
2025-11-19,0.0719999969005584,0.0759999975562095,0.0719999969005584,0.0719999969005584,,15900
2025-11-20,0.0719999969005584,0.0729999989271164,0.0710000023245811,0.0710000023245811,,23700
2025-11-21,0.0860000029206276,0.0860000029206276,0.0750000029802322,0.0850000008940696,,37600
2025-11-24,0.0700000002980232,0.0700000002980232,0.0659999996423721,0.0659999996423721,,12800
2025-11-25,0.0850000008940696,0.0850000008940696,0.0649999976158142,0.0649999976158142,,11000
2025-11-26,0.0599999986588954,0.0750000029802322,0.0599999986588954,0.0599999986588954,,16000
2025-11-28,0.0649999976158142,0.0700000002980232,0.0649999976158142,0.0649999976158142,,13300
2025-12-01,0.0799999982118606,0.0799999982118606,0.0610000006854534,0.0750000029802322,,13300
2025-12-02,0.0700000002980232,0.0799999982118606,0.06700000166893,0.0799999982118606,,7800
2025-12-03,0.0630000010132789,0.0799999982118606,0.0630000010132789,0.0799999982118606,,5300
2025-12-04,0.0599999986588954,0.0599999986588954,0.0599999986588954,0.0599999986588954,,4500
2025-12-05,0.0599999986588954,0.0810000002384185,0.0599999986588954,0.0810000002384185,,19300
2025-12-08,0.0780000016093254,0.0780000016093254,0.0630000010132789,0.0630000010132789,,2900
2025-12-09,0.0630000010132789,0.0700000002980232,0.0599999986588954,0.0700000002980232,,4300
2025-12-10,0.0700000002980232,0.0799999982118606,0.0649999976158142,0.0799999982118606,,20300
2025-12-11,0.06700000166893,0.0900000035762786,0.0659999996423721,0.06700000166893,,14900
2025-12-12,0.0799999982118606,0.0799999982118606,0.06700000166893,0.0689999982714653,,32900
2025-12-15,0.0799999982118606,0.0799999982118606,0.0700000002980232,0.0799999982118606,,13600
2025-12-16,0.0689999982714653,0.0750000029802322,0.0689999982714653,0.0700000002980232,,10600
2025-12-17,0.0649999976158142,0.06700000166893,0.0649999976158142,0.06700000166893,,600
2025-12-18,0.0799999982118606,0.0799999982118606,0.0710000023245811,0.0710000023245811,,1400
2025-12-19,0.0659999996423721,0.0710000023245811,0.0659999996423721,0.0689999982714653,,8800
2025-12-22,0.0689999982714653,0.0700000002980232,0.0649999976158142,0.0649999976158142,,39100
2025-12-23,0.0649999976158142,0.0649999976158142,0.0649999976158142,0.0649999976158142,,6200
2025-12-24,0.06700000166893,0.0700000002980232,0.0649999976158142,0.0649999976158142,,45000
2025-12-26,0.0649999976158142,0.0719999969005584,0.0599999986588954,0.0719999969005584,,45700
2025-12-29,0.0599999986588954,0.0780000016093254,0.0599999986588954,0.0599999986588954,,16100
2025-12-30,0.0630000010132789,0.0780000016093254,0.0599999986588954,0.0599999986588954,,19300
2025-12-31,0.0599999986588954,0.0700000002980232,0.0599999986588954,0.0599999986588954,,112900
2026-01-02,0.0509999990463256,0.0610000006854534,0.0509999990463256,0.0599999986588954,,3800
2026-01-05,0.0680000036954879,0.0740000009536743,0.0599999986588954,0.0729999989271164,,20000
2026-01-06,0.0729999989271164,0.0869999974966049,0.0610000006854534,0.0610000006854534,,4300
2026-01-07,0.0599999986588954,0.0700000002980232,0.0529999993741512,0.0529999993741512,,3800
2026-01-08,0.0799999982118606,0.0820000022649765,0.0630000010132789,0.0640000030398368,,13000
2026-01-09,0.0520000010728836,0.0689999982714653,0.0520000010728836,0.0689999982714653,,1100
2026-01-12,0.0790000036358833,0.0790000036358833,0.0419999994337558,0.0610000006854534,,86100
2026-01-13,0.0680000036954879,0.0740000009536743,0.0599999986588954,0.0610000006854534,,22300
2026-01-14,0.0599999986588954,0.0599999986588954,0.0599999986588954,0.0599999986588954,,2100
2026-01-15,0.0630000010132789,0.0769999995827674,0.0599999986588954,0.0599999986588954,,3700
2026-01-16,0.0599999986588954,0.0599999986588954,0.0599999986588954,0.0599999986588954,,10300
2026-01-20,0.0769999995827674,0.0769999995827674,0.0599999986588954,0.0599999986588954,,8000
2026-01-21,0.0750000029802322,0.0769999995827674,0.050000000745058,0.0570000000298023,,30200
2026-01-22,0.0579999983310699,0.0579999983310699,0.0579999983310699,0.0579999983310699,,300
2026-01-23,0.0590000003576278,0.0590000003576278,0.0579999983310699,0.0579999983310699,,2100
2026-01-26,0.0509999990463256,0.0529999993741512,0.0509999990463256,0.0529999993741512,,1400
2026-01-27,0.0549999997019767,0.0549999997019767,0.0489999987185001,0.050000000745058,,24200
2026-01-28,0.0399999991059303,0.0480000004172325,0.0399999991059303,0.0439999997615814,,18500
2026-01-29,0.0399999991059303,0.0489999987185001,0.0399999991059303,0.0399999991059303,,44800
2026-01-30,0.0399999991059303,0.0399999991059303,0.0340000018477439,0.0350000001490116,,1300
2026-02-02,0.0350000001490116,0.0350000001490116,0.0350000001490116,0.0350000001490116,,4800
2026-02-03,0.0350000001490116,0.0570000000298023,0.0350000001490116,0.0570000000298023,,9400
2026-02-04,0.0570000000298023,0.0570000000298023,0.0399999991059303,0.0540000014007091,,8900
2026-02-05,0.0390000008046627,0.0570000000298023,0.0359999984502792,0.0570000000298023,,2700
2026-02-06,0.0460000000894069,0.0570000000298023,0.0460000000894069,0.0570000000298023,,1000
2026-02-09,0.0570000000298023,0.0570000000298023,0.0570000000298023,0.0570000000298023,,4000
2026-02-10,0.0399999991059303,0.0399999991059303,0.0359999984502792,0.0370000004768371,,5300
2026-02-11,0.0370000004768371,0.0370000004768371,0.0370000004768371,0.0370000004768371,,0
2026-02-12,0.0370000004768371,0.0370000004768371,0.0370000004768371,0.0370000004768371,,4200
2026-02-13,0.0370000004768371,0.0610000006854534,0.0359999984502792,0.0599999986588954,,15000
2026-02-17,0.0599999986588954,0.0599999986588954,0.0399999991059303,0.0399999991059303,,30900
2026-02-18,0.0579999983310699,0.0579999983310699,0.050000000745058,0.050000000745058,,2300
2026-02-19,0.0399999991059303,0.0399999991059303,0.0399999991059303,0.0399999991059303,,800
2026-02-20,0.0399999991059303,0.0399999991059303,0.0399999991059303,0.0399999991059303,,800
2026-02-23,0.0399999991059303,0.0399999991059303,0.0399999991059303,0.0399999991059303,,1800
2026-02-24,0.0410000011324882,0.0410000011324882,0.0399999991059303,0.0399999991059303,,1200
2026-02-25,0.0419999994337558,0.0419999994337558,0.0419999994337558,0.0419999994337558,,300
2026-02-26,0.0419999994337558,0.0570000000298023,0.0410000011324882,0.0410000011324882,,12800
2026-02-27,0.0410000011324882,0.0430000014603138,0.0399999991059303,0.0399999991059303,,9300
2026-03-02,0.0399999991059303,0.0399999991059303,0.0359999984502792,0.0370000004768371,,34300
2026-03-03,0.0460000000894069,0.0489999987185001,0.0399999991059303,0.0399999991059303,,12900
2026-03-04,0.0399999991059303,0.0399999991059303,0.0399999991059303,0.0399999991059303,,0
2026-03-05,0.0410000011324882,0.0579999983310699,0.0410000011324882,0.0430000014603138,,4200
2026-03-06,0.0419999994337558,0.0419999994337558,0.0419999994337558,0.0419999994337558,,400
2026-03-09,0.0359999984502792,0.0520000010728836,0.0359999984502792,0.0520000010728836,,45500
2026-03-10,0.0520000010728836,0.0630000010132789,0.0410000011324882,0.0579999983310699,,17400
2026-03-11,0.0549999997019767,0.0549999997019767,0.0450000017881393,0.0450000017881393,,3000
2026-03-12,0.0599999986588954,0.0599999986588954,0.0599999986588954,0.0599999986588954,,500
2026-03-13,0.04500000178813934,0.06400000303983688,0.04500000178813934,0.06199999898672104,,36164
