Date,open,high,low,close,adj close,volume
1980-03-17,0.0,11.75,11.375,11.5,0.8926140069961548,3200
1980-03-18,0.0,11.375,11.0,11.375,0.8829114437103271,4800
1980-03-19,0.0,11.5,11.125,11.25,0.8732094168663025,1900
1980-03-20,0.0,11.5,11.125,11.25,0.8732094168663025,4400
1980-03-21,0.0,11.625,11.25,11.5,0.8926140069961548,2600
1980-03-24,0.0,11.25,11.0,11.0,0.8538045883178711,6500
1980-03-25,0.0,11.0,10.875,11.0,0.8538045883178711,5000
1980-03-26,0.0,11.125,11.0,11.125,0.8635071516036987,2500
1980-03-27,0.0,11.125,10.875,10.875,0.8441020846366882,6900
1980-03-28,0.0,11.125,10.875,11.125,0.8635071516036987,2800
1980-03-31,0.0,11.375,11.0,11.125,0.8635071516036987,5000
1980-04-01,0.0,11.375,11.125,11.375,0.8829114437103271,2000
1980-04-02,0.0,11.75,11.375,11.75,0.9120191931724548,2300
1980-04-03,0.0,11.75,11.375,11.625,0.9023163318634032,3100
1980-04-07,0.0,11.75,11.375,11.375,0.8829114437103271,2000
1980-04-08,0.0,11.75,11.25,11.75,0.9120191931724548,5000
1980-04-09,0.0,11.625,11.375,11.625,0.9023163318634032,3600
1980-04-10,0.0,12.375,11.5,12.25,0.9508278965950012,29000
1980-04-11,0.0,12.375,12.125,12.375,0.9605302810668944,9500
1980-04-14,0.0,12.375,12.25,12.375,0.9605302810668944,4500
1980-04-15,0.0,12.5,12.25,12.5,0.9702324867248536,3900
1980-04-16,0.0,13.125,12.625,12.75,0.9896376132965088,22900
1980-04-17,0.0,13.25,12.875,13.25,1.0284467935562134,5700
1980-04-18,0.0,13.125,12.875,13.125,1.0187439918518066,2500
1980-04-21,0.0,13.25,13.0,13.0,1.009041666984558,3300
1980-04-22,0.0,13.5,13.125,13.375,1.0381485223770142,2800
1980-04-23,0.0,13.25,13.0,13.0,1.009041666984558,5200
1980-04-24,0.0,13.625,13.125,13.25,1.0284467935562134,23100
1980-04-25,0.0,13.5,13.125,13.5,1.047851324081421,5800
1980-04-28,0.0,13.5,13.375,13.375,1.0381485223770142,3200
1980-04-29,0.0,13.75,13.125,13.75,1.0672554969787598,5600
1980-04-30,0.0,13.75,13.5,13.5,1.047851324081421,1500
1980-05-01,0.0,13.625,13.375,13.375,1.0381485223770142,2200
1980-05-02,0.0,13.5,13.25,13.375,1.0381485223770142,3600
1980-05-05,0.0,13.75,13.375,13.75,1.0672554969787598,4900
1980-05-06,0.0,13.75,13.25,13.25,1.0284467935562134,3000
1980-05-07,0.0,14.0,13.625,13.75,1.0672554969787598,7400
1980-05-08,0.0,14.0,13.75,14.0,1.0866607427597046,4300
1980-05-09,0.0,13.75,13.375,13.625,1.0575541257858276,3400
1980-05-12,0.0,13.75,13.5,13.75,1.0672554969787598,2800
1980-05-13,0.0,14.0,13.875,14.0,1.0866607427597046,800
1980-05-14,0.0,14.0,13.75,14.0,1.0866607427597046,2100
1980-05-15,0.0,14.0,13.5,13.5,1.047851324081421,5800
1980-05-16,0.0,13.875,13.625,13.75,1.0672554969787598,1100
1980-05-19,0.0,13.75,13.625,13.625,1.0575541257858276,1900
1980-05-20,0.0,13.375,13.125,13.125,1.0187439918518066,4200
1980-05-21,0.0,13.125,12.875,13.0,1.009041666984558,8200
1980-05-22,0.0,13.125,13.0,13.0,1.009041666984558,3100
1980-05-23,0.0,13.375,12.5,12.5,0.9702324867248536,12800
1980-05-27,0.0,13.5,12.75,13.5,1.047851324081421,3700
1980-05-28,0.0,13.75,13.5,13.625,1.0575541257858276,1700
1980-05-29,0.0,13.625,13.625,13.625,1.0575541257858276,3700
1980-05-30,0.0,13.75,13.625,13.75,1.0672554969787598,2000
1980-06-02,0.0,13.875,13.25,13.25,1.0284467935562134,4500
1980-06-03,0.0,13.625,13.25,13.25,1.0284467935562134,2600
1980-06-04,0.0,13.5,13.25,13.25,1.0284467935562134,4000
1980-06-05,0.0,13.625,13.25,13.625,1.0575541257858276,1700
1980-06-06,0.0,13.875,13.5,13.75,1.0672554969787598,11400
1980-06-09,0.0,13.75,13.625,13.625,1.0575541257858276,1600
1980-06-10,0.0,13.875,13.625,13.875,1.076958179473877,5300
1980-06-11,0.0,13.75,13.625,13.75,1.0672554969787598,2300
1980-06-12,0.0,13.875,13.625,13.75,1.0672554969787598,1900
1980-06-13,0.0,13.75,13.625,13.75,1.0672554969787598,8400
1980-06-16,0.0,13.875,13.625,13.75,1.0672554969787598,1600
1980-06-17,0.0,13.875,13.75,13.75,1.0672554969787598,6600
1980-06-18,0.0,13.875,13.625,13.875,1.076958179473877,4400
1980-06-19,0.0,13.875,13.75,13.75,1.0672554969787598,2200
1980-06-20,0.0,14.0,13.75,14.0,1.0866607427597046,6200
1980-06-23,0.0,14.0,13.875,14.0,1.0866607427597046,7400
1980-06-24,0.0,14.5,14.125,14.5,1.1254700422286987,10200
1980-06-25,0.0,14.5,14.25,14.25,1.1060653924942017,4000
1980-06-26,0.0,14.375,14.125,14.125,1.096363186836243,5600
1980-06-27,0.0,14.375,14.0,14.125,1.096363186836243,2900
1980-06-30,0.0,14.125,13.75,13.875,1.076958179473877,6900
1980-07-01,0.0,14.125,14.0,14.125,1.096363186836243,3400
1980-07-02,0.0,14.125,14.125,14.125,1.096363186836243,2500
1980-07-03,0.0,14.125,14.0,14.0,1.0866607427597046,2700
1980-07-07,0.0,14.125,13.875,14.0,1.0866607427597046,5600
1980-07-08,0.0,14.125,14.0,14.0,1.0866607427597046,3100
1980-07-09,0.0,14.0,13.75,13.875,1.076958179473877,4800
1980-07-10,0.0,13.875,13.75,13.75,1.0672554969787598,3300
1980-07-11,0.0,13.5,13.375,13.5,1.047851324081421,1600
1980-07-14,0.0,13.75,13.5,13.5,1.047851324081421,2800
1980-07-15,0.0,13.875,13.625,13.625,1.0575541257858276,1800
1980-07-16,0.0,13.625,13.625,13.625,1.0575541257858276,5800
1980-07-17,0.0,13.75,13.625,13.625,1.0575541257858276,4800
1980-07-18,0.0,13.75,13.5,13.5,1.047851324081421,3700
1980-07-21,0.0,13.875,13.75,13.875,1.076958179473877,5100
1980-07-22,0.0,13.75,13.25,13.5,1.047851324081421,39700
1980-07-23,0.0,13.5,13.375,13.5,1.047851324081421,3500
1980-07-24,0.0,13.75,13.375,13.75,1.0672554969787598,6000
1980-07-25,0.0,13.5,13.25,13.5,1.047851324081421,38300
1980-07-28,0.0,13.375,13.125,13.25,1.0284467935562134,5000
1980-07-29,0.0,13.375,13.125,13.125,1.0187439918518066,2900
1980-07-30,0.0,13.5,13.0,13.0,1.009041666984558,5500
1980-07-31,0.0,13.0,12.625,13.0,1.009041666984558,5000
1980-08-01,0.0,13.125,12.75,12.75,0.9896376132965088,4500
1980-08-04,0.0,13.0,12.375,12.625,0.9799349904060364,8100
1980-08-05,0.0,12.875,12.75,12.875,0.9993395805358888,4400
1980-08-06,0.0,12.875,12.625,12.625,0.9799349904060364,4700
1980-08-07,0.0,12.875,12.625,12.875,0.9993395805358888,3600
1980-08-08,0.0,12.875,12.625,12.625,0.9799349904060364,2000
1980-08-11,0.0,12.75,12.625,12.625,0.9799349904060364,2700
1980-08-12,0.0,12.75,12.375,12.375,0.9605302810668944,3800
1980-08-13,0.0,12.5,12.375,12.5,0.9702324867248536,2900
1980-08-14,0.0,12.625,12.375,12.375,0.9605302810668944,6200
1980-08-15,0.0,12.625,12.5,12.5,0.9702324867248536,900
1980-08-18,0.0,12.625,12.5,12.5,0.9702324867248536,5900
1980-08-19,0.0,12.625,12.25,12.25,0.9508278965950012,6000
1980-08-20,0.0,12.375,12.25,12.375,0.9605302810668944,4600
1980-08-21,0.0,12.5,12.25,12.5,0.9702324867248536,3500
1980-08-22,0.0,12.5,12.375,12.375,0.9605302810668944,2900
1980-08-25,0.0,12.5,12.25,12.25,0.9508278965950012,7700
1980-08-26,0.0,12.25,12.25,12.25,0.9508278965950012,2200
1980-08-27,0.0,12.625,12.375,12.375,0.9605302810668944,2900
1980-08-28,0.0,12.5,12.375,12.5,0.9702324867248536,3700
1980-08-29,0.0,12.375,12.25,12.375,0.9605302810668944,2600
1980-09-02,0.0,12.5,12.375,12.375,0.9605302810668944,2200
1980-09-03,0.0,12.625,12.375,12.375,0.9605302810668944,4800
1980-09-04,0.0,12.5,12.375,12.375,0.9605302810668944,1900
1980-09-05,0.0,12.5,12.375,12.5,0.9702324867248536,2900
1980-09-08,0.0,12.75,12.375,12.375,0.9605302810668944,2500
1980-09-09,0.0,12.5,12.375,12.375,0.9605302810668944,6400
1980-09-10,0.0,12.625,12.375,12.5,0.9702324867248536,1500
1980-09-11,0.0,12.875,12.375,12.625,0.9799349904060364,6600
1980-09-12,0.0,12.75,12.375,12.375,0.9605302810668944,4500
1980-09-15,0.0,12.625,12.375,12.375,0.9605302810668944,3000
1980-09-16,0.0,12.375,12.25,12.375,0.9605302810668944,3100
1980-09-17,0.0,12.375,12.25,12.375,0.9605302810668944,2900
1980-09-18,0.0,12.375,12.25,12.25,0.9508278965950012,3900
1980-09-19,0.0,12.625,12.25,12.375,0.9605302810668944,7100
1980-09-22,0.0,12.5,12.375,12.375,0.9605302810668944,2300
1980-09-23,0.0,12.5,12.375,12.5,0.9702324867248536,5900
1980-09-24,0.0,12.375,12.125,12.25,0.9508278965950012,10300
1980-09-25,0.0,12.375,12.0,12.125,0.941125214099884,4800
1980-09-26,0.0,12.375,12.0,12.25,0.9508278965950012,4300
1980-09-29,0.0,12.125,11.875,11.875,0.9217206239700316,1600
1980-09-30,0.0,12.125,11.875,12.125,0.941125214099884,4300
1980-10-01,0.0,12.125,11.875,11.875,0.9217206239700316,3300
1980-10-02,0.0,12.125,11.875,11.875,0.9217206239700316,3200
1980-10-03,0.0,12.0,11.75,12.0,0.9314231276512146,5800
1980-10-06,0.0,12.125,11.875,12.0,0.9314231276512146,4800
1980-10-07,0.0,12.25,12.0,12.25,0.9508278965950012,3800
1980-10-08,0.0,12.375,12.125,12.25,0.9508278965950012,3300
1980-10-09,0.0,12.375,12.125,12.125,0.941125214099884,1700
1980-10-10,0.0,11.875,11.625,11.875,0.9217206239700316,6400
1980-10-13,0.0,11.75,11.75,11.75,0.9120191931724548,5800
1980-10-14,0.0,12.375,11.875,12.0,0.9314231276512146,8200
1980-10-15,0.0,12.25,12.125,12.125,0.941125214099884,4300
1980-10-16,0.0,12.25,12.125,12.125,0.941125214099884,2700
1980-10-17,0.0,12.125,11.875,11.875,0.9217206239700316,3000
1980-10-20,0.0,12.125,11.75,11.875,0.9217206239700316,9200
1980-10-21,0.0,12.0,11.875,11.875,0.9217206239700316,4800
1980-10-22,0.0,12.0,11.75,11.875,0.9217206239700316,2800
1980-10-23,0.0,12.0,11.75,12.0,0.9314231276512146,3800
1980-10-24,0.0,12.125,11.875,12.125,0.941125214099884,6500
1980-10-27,0.0,12.375,11.875,12.0,0.9314231276512146,38000
1980-10-28,0.0,11.75,11.625,11.625,0.9023163318634032,3300
1980-10-29,0.0,11.75,11.625,11.625,0.9023163318634032,3900
1980-10-30,0.0,11.75,11.5,11.5,0.8926140069961548,4800
1980-10-31,0.0,11.75,11.5,11.75,0.9120191931724548,1800
1980-11-03,0.0,11.625,11.5,11.625,0.9023163318634032,4600
1980-11-05,0.0,11.625,11.125,11.125,0.8635071516036987,10300
1980-11-06,0.0,11.25,11.125,11.25,0.8732094168663025,5900
1980-11-07,0.0,11.5,11.25,11.25,0.8732094168663025,4200
1980-11-10,0.0,11.25,11.25,11.25,0.8732094168663025,4000
1980-11-11,0.0,11.5,11.125,11.25,0.8732094168663025,8700
1980-11-12,0.0,11.5,11.25,11.5,0.8926140069961548,5700
1980-11-13,0.0,11.625,11.375,11.5,0.8926140069961548,8700
1980-11-14,0.0,11.75,11.375,11.5,0.8926140069961548,4200
1980-11-17,0.0,11.5,11.25,11.375,0.8829114437103271,4700
1980-11-18,0.0,11.375,11.25,11.25,0.8732094168663025,6500
1980-11-19,0.0,11.5,11.125,11.125,0.8635071516036987,10400
1980-11-20,0.0,11.375,11.125,11.25,0.8732094168663025,7600
1980-11-21,0.0,11.25,11.125,11.125,0.8635071516036987,7900
1980-11-24,0.0,11.25,11.0,11.0,0.8538045883178711,7100
1980-11-25,0.0,11.25,11.0,11.0,0.8538045883178711,9800
1980-11-26,0.0,11.125,11.0,11.125,0.8635071516036987,9500
1980-11-28,0.0,11.125,11.0,11.0,0.8538045883178711,5000
1980-12-01,0.0,11.25,11.0,11.0,0.8538045883178711,9600
1980-12-02,0.0,11.0,10.75,11.0,0.8538045883178711,5800
1980-12-03,0.0,11.125,11.0,11.0,0.8538045883178711,5400
1980-12-04,0.0,11.25,10.875,11.0,0.8538045883178711,7800
1980-12-05,0.0,11.25,10.875,10.875,0.8441020846366882,8200
1980-12-08,0.0,11.125,10.75,10.875,0.8441020846366882,9300
1980-12-09,0.0,11.0,10.875,10.875,0.8441020846366882,4500
1980-12-10,0.0,11.0,10.875,10.875,0.8441020846366882,9500
1980-12-11,0.0,10.875,10.75,10.75,0.8344005346298218,11700
1980-12-12,0.0,10.875,10.625,10.625,0.824697732925415,4900
1980-12-15,0.0,10.875,10.625,10.75,0.8344005346298218,6400
1980-12-16,0.0,10.75,10.625,10.625,0.824697732925415,4300
1980-12-17,0.0,10.875,10.625,10.75,0.8344005346298218,12500
1980-12-18,0.0,11.0,10.75,11.0,0.8538045883178711,8700
1980-12-19,0.0,11.375,10.75,11.125,0.8635071516036987,10400
1980-12-22,0.0,11.625,11.125,11.625,0.9023163318634032,12200
1980-12-23,0.0,11.875,11.5,11.5,0.8926140069961548,12700
1980-12-24,0.0,11.5,11.125,11.375,0.8829114437103271,10600
1980-12-26,0.0,11.5,11.375,11.5,0.8926140069961548,4500
1980-12-29,0.0,11.5,11.25,11.25,0.8732094168663025,13500
1980-12-30,0.0,11.375,11.125,11.125,0.8635071516036987,9200
1980-12-31,0.0,11.375,11.125,11.25,0.8732094168663025,8400
1981-01-02,0.0,11.75,11.5,11.5,0.8926140069961548,3800
1981-01-05,0.0,12.375,11.5,11.875,0.9217206239700316,22000
1981-01-06,0.0,12.25,11.625,12.25,0.9508278965950012,10700
1981-01-07,0.0,12.25,12.0,12.0,0.9314231276512146,3000
1981-01-08,0.0,12.125,11.875,12.125,0.941125214099884,3500
1981-01-09,0.0,12.25,12.125,12.125,0.941125214099884,3600
1981-01-12,0.0,11.875,11.625,11.625,0.9023163318634032,1400
1981-01-13,0.0,11.75,11.5,11.5,0.8926140069961548,2300
1981-01-14,0.0,11.75,11.5,11.75,0.9120191931724548,6400
1981-01-15,0.0,11.75,11.625,11.75,0.9120191931724548,2100
1981-01-16,0.0,11.875,11.625,11.75,0.9120191931724548,1000
1981-01-19,0.0,11.75,11.625,11.625,0.9023163318634032,2500
1981-01-20,0.0,11.75,11.5,11.75,0.9120191931724548,5300
1981-01-21,0.0,11.875,11.625,11.875,0.9217206239700316,4900
1981-01-22,0.0,11.875,11.625,11.75,0.9120191931724548,11800
1981-01-23,0.0,11.875,11.625,11.625,0.9023163318634032,10100
1981-01-26,0.0,12.0,11.5,11.5,0.8926140069961548,49800
1981-01-27,0.0,11.625,11.375,11.375,0.8829114437103271,1500
1981-01-28,0.0,11.625,11.25,11.25,0.8732094168663025,3200
1981-01-29,0.0,11.5,11.25,11.5,0.8926140069961548,1600
1981-01-30,0.0,11.75,11.5,11.5,0.8926140069961548,3200
1981-02-02,0.0,11.75,11.375,11.5,0.8926140069961548,2200
1981-02-03,0.0,11.75,11.5,11.5,0.8926140069961548,1700
1981-02-04,0.0,11.75,11.5,11.625,0.9023163318634032,4700
1981-02-05,0.0,11.625,11.375,11.5,0.8926140069961548,3700
1981-02-06,0.0,11.5,11.375,11.5,0.8926140069961548,2700
1981-02-09,0.0,11.5,11.25,11.25,0.8732094168663025,2500
1981-02-10,0.0,11.5,11.25,11.25,0.8732094168663025,1500
1981-02-11,0.0,11.5,11.25,11.25,0.8732094168663025,3000
1981-02-12,0.0,11.5,11.25,11.25,0.8732094168663025,2500
1981-02-13,0.0,11.25,11.25,11.25,0.8732094168663025,1400
1981-02-17,0.0,11.25,11.25,11.25,0.8732094168663025,2100
1981-02-18,0.0,11.25,11.125,11.25,0.8732094168663025,2100
1981-02-19,0.0,11.625,11.125,11.125,0.8635071516036987,3800
1981-02-20,0.0,11.5,11.125,11.125,0.8635071516036987,3500
1981-02-23,0.0,11.375,11.125,11.125,0.8635071516036987,3600
1981-02-24,0.0,11.375,11.125,11.25,0.8732094168663025,1800
1981-02-25,0.0,11.5,11.125,11.375,0.8829114437103271,2800
1981-02-26,0.0,11.5,11.25,11.25,0.8732094168663025,1600
1981-02-27,0.0,11.25,11.125,11.125,0.8635071516036987,4000
1981-03-02,0.0,11.25,11.125,11.125,0.8635071516036987,1500
1981-03-03,0.0,11.25,11.125,11.125,0.8635071516036987,2500
1981-03-04,0.0,11.375,11.125,11.25,0.8732094168663025,1800
1981-03-05,0.0,11.25,11.125,11.25,0.8732094168663025,1400
1981-03-06,0.0,11.375,11.125,11.375,0.8829114437103271,2500
1981-03-09,0.0,11.375,11.125,11.125,0.8635071516036987,2100
1981-03-10,0.0,11.375,11.125,11.375,0.8829114437103271,2700
1981-03-11,0.0,11.375,11.25,11.375,0.8829114437103271,5600
1981-03-12,0.0,11.5,11.25,11.375,0.8829114437103271,4500
1981-03-13,0.0,11.5,11.375,11.375,0.8829114437103271,1700
1981-03-16,0.0,11.75,11.5,11.625,0.9023163318634032,2600
1981-03-17,0.0,11.75,11.625,11.75,0.9120191931724548,1800
1981-03-18,0.0,11.75,11.625,11.625,0.9023163318634032,8400
1981-03-19,0.0,11.75,11.5,11.625,0.9023163318634032,8400
1981-03-20,0.0,11.75,11.625,11.625,0.9023163318634032,4100
1981-03-23,0.0,11.5,11.5,11.5,0.8926140069961548,1700
1981-03-24,0.0,11.625,11.375,11.375,0.8829114437103271,3200
1981-03-25,0.0,11.5,11.375,11.375,0.8829114437103271,4100
1981-03-26,0.0,11.5,11.375,11.5,0.8926140069961548,600
1981-03-27,0.0,11.5,11.25,11.375,0.8829114437103271,4200
1981-03-30,0.0,11.625,11.5,11.5,0.8926140069961548,2900
1981-03-31,0.0,11.625,11.375,11.5,0.8926140069961548,3200
1981-04-01,0.0,11.625,11.5,11.5,0.8926140069961548,3100
1981-04-02,0.0,11.75,11.5,11.5,0.8926140069961548,2700
1981-04-03,0.0,11.875,11.5,11.875,0.9217206239700316,5200
1981-04-06,0.0,11.75,11.625,11.625,0.9023163318634032,3300
1981-04-07,0.0,11.625,11.375,11.375,0.8829114437103271,7900
1981-04-08,0.0,11.625,11.375,11.625,0.9023163318634032,2000
1981-04-09,0.0,11.375,11.375,11.375,0.8829114437103271,900
1981-04-10,0.0,11.25,11.0,11.0,0.8538045883178711,2800
1981-04-13,0.0,11.125,11.0,11.0,0.8538045883178711,6700
1981-04-14,0.0,11.25,10.875,11.25,0.8732094168663025,4700
1981-04-15,0.0,11.25,11.0,11.0,0.8538045883178711,2800
1981-04-16,0.0,11.25,11.0,11.0,0.8538045883178711,3900
1981-04-20,0.0,11.0,10.875,11.0,0.8538045883178711,2300
1981-04-21,0.0,11.125,11.0,11.0,0.8538045883178711,3300
1981-04-22,0.0,11.0,11.0,11.0,0.8538045883178711,5400
1981-04-23,0.0,11.0,10.875,11.0,0.8538045883178711,2100
1981-04-24,0.0,11.25,11.125,11.25,0.8732094168663025,5800
1981-04-27,0.0,11.375,11.25,11.25,0.8732094168663025,10300
1981-04-28,0.0,11.375,11.125,11.125,0.8635071516036987,6900
1981-04-29,0.0,11.5,11.125,11.125,0.8635071516036987,20700
1981-04-30,0.0,11.375,11.125,11.125,0.8635071516036987,3600
1981-05-01,0.0,11.25,11.125,11.125,0.8635071516036987,4000
1981-05-04,0.0,11.125,11.125,11.125,0.8635071516036987,3900
1981-05-05,0.0,11.0,10.625,10.625,0.824697732925415,8100
1981-05-06,0.0,10.75,10.625,10.75,0.8344005346298218,5900
1981-05-07,0.0,10.875,10.625,10.875,0.8441020846366882,3800
1981-05-08,0.0,10.75,10.75,10.75,0.8344005346298218,2400
1981-05-11,0.0,10.875,10.625,10.625,0.824697732925415,2600
1981-05-12,0.0,10.75,10.625,10.625,0.824697732925415,2800
1981-05-13,0.0,11.0,10.625,10.75,0.8344005346298218,8700
1981-05-14,0.0,10.875,10.625,10.625,0.824697732925415,4700
1981-05-15,0.0,11.0,10.625,11.0,0.8538045883178711,5200
1981-05-18,0.0,11.125,11.0,11.125,0.8635071516036987,9400
1981-05-19,0.0,11.25,11.0,11.125,0.8635071516036987,2800
1981-05-20,0.0,11.125,11.0,11.125,0.8635071516036987,1300
1981-05-21,0.0,11.25,11.0,11.0,0.8538045883178711,5000
1981-05-22,0.0,11.25,11.0,11.125,0.8635071516036987,3200
1981-05-26,0.0,11.25,11.0,11.125,0.8635071516036987,3200
1981-05-27,0.0,11.25,11.0,11.25,0.8732094168663025,5200
1981-05-28,0.0,11.25,11.0,11.125,0.8635071516036987,3300
1981-05-29,0.0,11.125,11.125,11.125,0.8635071516036987,1500
1981-06-01,0.0,11.375,11.125,11.25,0.8732094168663025,5700
1981-06-02,0.0,11.375,11.25,11.25,0.8732094168663025,3600
1981-06-03,0.0,11.375,11.25,11.25,0.8732094168663025,2900
1981-06-04,0.0,11.25,11.25,11.25,0.8732094168663025,1300
1981-06-05,0.0,11.375,11.25,11.375,0.8829114437103271,2800
1981-06-08,0.0,11.375,11.25,11.25,0.8732094168663025,3400
1981-06-09,0.0,11.375,11.125,11.25,0.8732094168663025,5100
1981-06-10,0.0,11.25,11.0,11.0,0.8538045883178711,4000
1981-06-11,0.0,11.5,11.125,11.5,0.8926140069961548,4400
1981-06-12,0.0,11.5,11.125,11.125,0.8635071516036987,5300
1981-06-15,0.0,11.75,11.25,11.75,0.9120191931724548,9500
1981-06-16,0.0,11.75,11.5,11.5,0.8926140069961548,8500
1981-06-17,0.0,11.875,11.75,11.875,0.9217206239700316,5700
1981-06-18,0.0,11.75,11.5,11.5,0.8926140069961548,1700
1981-06-19,0.0,11.5,11.375,11.375,0.8829114437103271,1900
1981-06-22,0.0,11.5,11.25,11.5,0.8926140069961548,2200
1981-06-23,0.0,11.625,11.25,11.625,0.9023163318634032,2300
1981-06-24,0.0,11.875,11.625,11.875,0.9217206239700316,6600
1981-06-25,0.0,11.875,11.375,11.375,0.8829114437103271,3600
1981-06-26,0.0,11.75,11.5,11.625,0.9023163318634032,2300
1981-06-29,0.0,11.75,11.625,11.625,0.9023163318634032,2500
1981-06-30,0.0,11.75,11.5,11.625,0.9023163318634032,3100
1981-07-01,0.0,11.625,11.375,11.5,0.8926140069961548,3800
1981-07-02,0.0,11.625,11.375,11.5,0.8926140069961548,6900
1981-07-06,0.0,11.625,11.375,11.5,0.8926140069961548,5800
1981-07-07,0.0,11.5,11.375,11.5,0.8926140069961548,2700
1981-07-08,0.0,11.5,11.5,11.5,0.8926140069961548,2200
1981-07-09,0.0,11.625,11.375,11.625,0.9023163318634032,2200
1981-07-10,0.0,11.625,11.5,11.625,0.9023163318634032,1700
1981-07-13,0.0,11.0,10.875,10.875,0.8441020846366882,5200
1981-07-14,0.0,11.125,11.0,11.125,0.8635071516036987,3400
1981-07-15,0.0,11.375,11.125,11.25,0.8732094168663025,3100
1981-07-16,0.0,11.25,11.0,11.125,0.8635071516036987,5200
1981-07-17,0.0,11.375,11.0,11.375,0.8829114437103271,5500
1981-07-20,0.0,11.375,11.0,11.0,0.8538045883178711,8000
1981-07-21,0.0,11.125,11.0,11.0,0.8538045883178711,3200
1981-07-22,0.0,11.375,10.875,11.375,0.8829114437103271,6500
1981-07-23,0.0,11.25,11.125,11.125,0.8635071516036987,400
1981-07-24,0.0,11.25,11.125,11.125,0.8635071516036987,3100
1981-07-27,0.0,11.25,11.125,11.25,0.8732094168663025,45900
1981-07-28,0.0,11.25,11.0,11.0,0.8538045883178711,7300
1981-07-29,0.0,11.0,11.0,11.0,0.8538045883178711,2900
1981-07-30,0.0,11.0,10.875,10.875,0.8441020846366882,5900
1981-07-31,0.0,10.875,10.75,10.75,0.8344005346298218,4500
1981-08-03,0.0,10.875,10.625,10.875,0.8441020846366882,3500
1981-08-04,0.0,10.875,10.625,10.75,0.8344005346298218,7300
1981-08-05,0.0,10.875,10.625,10.75,0.8344005346298218,4200
1981-08-06,0.0,10.875,10.625,10.875,0.8441020846366882,2700
1981-08-07,0.0,11.0,10.75,10.75,0.8344005346298218,5900
1981-08-10,0.0,10.875,10.75,10.75,0.8344005346298218,4600
1981-08-11,0.0,10.75,10.625,10.75,0.8344005346298218,4100
1981-08-12,0.0,11.0,10.75,10.875,0.8441020846366882,3500
1981-08-13,0.0,11.0,10.75,10.75,0.8344005346298218,3100
1981-08-14,0.0,10.75,10.5,10.5,0.814995288848877,3800
1981-08-17,0.0,10.875,10.625,10.75,0.8344005346298218,7300
1981-08-18,0.0,10.75,10.625,10.75,0.8344005346298218,2900
1981-08-19,0.0,10.75,10.625,10.75,0.8344005346298218,2500
1981-08-20,0.0,10.75,10.5,10.625,0.824697732925415,2600
1981-08-21,0.0,10.75,10.5,10.75,0.8344005346298218,2800
1981-08-24,0.0,10.625,10.5,10.5,0.814995288848877,6200
1981-08-25,0.0,10.375,10.0,10.125,0.7858887910842896,5800
1981-08-26,0.0,10.375,10.125,10.125,0.7858887910842896,7000
1981-08-27,0.0,10.375,10.25,10.375,0.8052928447723389,4200
1981-08-28,0.0,10.5,10.25,10.375,0.8052928447723389,1600
1981-08-31,0.0,10.5,10.25,10.25,0.7955906987190247,5900
1981-09-01,0.0,10.375,10.25,10.25,0.7955906987190247,2800
1981-09-02,0.0,10.5,10.25,10.5,0.814995288848877,2100
1981-09-03,0.0,10.5,10.375,10.375,0.8052928447723389,1400
1981-09-04,0.0,10.5,10.25,10.25,0.7955906987190247,6700
1981-09-08,0.0,10.375,10.0,10.0,0.7761863470077515,5400
1981-09-09,0.0,10.25,10.0,10.125,0.7858887910842896,3300
1981-09-10,0.0,10.375,10.25,10.375,0.8052928447723389,3600
1981-09-11,0.0,10.375,10.125,10.25,0.7955906987190247,5100
1981-09-14,0.0,10.375,10.125,10.25,0.7955906987190247,4700
1981-09-15,0.0,10.375,10.25,10.375,0.8052928447723389,2900
1981-09-16,0.0,10.625,10.25,10.5,0.814995288848877,5400
1981-09-17,0.0,10.875,10.5,10.625,0.824697732925415,3000
1981-09-18,0.0,10.875,10.375,10.625,0.824697732925415,5400
1981-09-21,0.0,10.875,10.75,10.75,0.8344005346298218,1100
1981-09-22,0.0,11.125,10.875,11.125,0.8635071516036987,21600
1981-09-23,0.0,11.0,10.625,11.0,0.8538045883178711,3800
1981-09-24,0.0,11.0,10.625,10.625,0.824697732925415,12400
1981-09-25,0.0,10.75,10.5,10.625,0.824697732925415,4000
1981-09-28,0.0,10.75,10.625,10.625,0.824697732925415,2900
1981-09-29,0.0,10.625,10.25,10.375,0.8052928447723389,7200
1981-09-30,0.0,10.5,10.25,10.5,0.814995288848877,3600
1981-10-01,0.0,10.625,10.375,10.5,0.814995288848877,6000
1981-10-02,0.0,10.625,10.375,10.5,0.814995288848877,4100
1981-10-05,0.0,10.75,10.625,10.75,0.8344005346298218,11400
1981-10-06,0.0,10.875,10.625,10.875,0.8441020846366882,9200
1981-10-07,0.0,10.875,10.75,10.75,0.8344005346298218,5900
1981-10-08,0.0,10.875,10.75,10.875,0.8441020846366882,10900
1981-10-09,0.0,10.75,10.5,10.75,0.8344005346298218,6700
1981-10-12,0.0,11.0,10.875,10.875,0.8441020846366882,2800
1981-10-13,0.0,11.0,10.75,10.75,0.8344005346298218,1800
1981-10-14,0.0,10.75,10.625,10.75,0.8344005346298218,5600
1981-10-15,0.0,10.625,10.375,10.5,0.814995288848877,2300
1981-10-16,0.0,10.625,10.375,10.625,0.824697732925415,4200
1981-10-19,0.0,10.625,10.375,10.5,0.814995288848877,7700
1981-10-20,0.0,10.5,10.375,10.5,0.814995288848877,4800
1981-10-21,0.0,10.5,10.375,10.375,0.8052928447723389,1800
1981-10-22,0.0,10.5,10.375,10.375,0.8052928447723389,2200
1981-10-23,0.0,10.625,10.5,10.625,0.824697732925415,4100
1981-10-26,0.0,10.75,10.5,10.625,0.824697732925415,53300
1981-10-27,0.0,10.75,10.625,10.625,0.824697732925415,4100
1981-10-28,0.0,10.75,10.625,10.625,0.824697732925415,7100
1981-10-29,0.0,10.5,10.375,10.5,0.814995288848877,6500
1981-10-30,0.0,10.875,10.5,10.875,0.8441020846366882,4700
1981-11-02,0.0,10.875,10.75,10.75,0.8344005346298218,7300
1981-11-03,0.0,10.875,10.75,10.875,0.8441020846366882,4500
1981-11-04,0.0,11.0,10.5,10.5,0.814995288848877,4200
1981-11-05,0.0,11.125,11.0,11.125,0.8635071516036987,7500
1981-11-06,0.0,11.25,11.0,11.0,0.8538045883178711,5800
1981-11-09,0.0,11.25,11.0,11.125,0.8635071516036987,3100
1981-11-10,0.0,11.5,11.125,11.375,0.8829114437103271,9300
1981-11-11,0.0,11.375,11.375,11.375,0.8829114437103271,3700
1981-11-12,0.0,11.5,11.125,11.25,0.8732094168663025,7600
1981-11-13,0.0,11.625,11.125,11.625,0.9023163318634032,14800
1981-11-16,0.0,12.0,11.375,11.75,0.9120191931724548,7700
1981-11-17,0.0,11.5,11.25,11.375,0.8829114437103271,8200
1981-11-18,0.0,11.875,11.25,11.75,0.9120191931724548,9300
1981-11-19,0.0,11.875,11.375,11.75,0.9120191931724548,5700
1981-11-20,0.0,11.875,11.25,11.625,0.9023163318634032,9000
1981-11-23,0.0,11.75,11.5,11.625,0.9023163318634032,5000
1981-11-24,0.0,11.875,11.5,11.75,0.9120191931724548,3300
1981-11-25,0.0,11.875,11.625,11.625,0.9023163318634032,5200
1981-11-27,0.0,11.75,11.625,11.625,0.9023163318634032,1900
1981-11-30,0.0,11.875,11.75,11.75,0.9120191931724548,2300
1981-12-01,0.0,11.875,11.625,11.75,0.9120191931724548,6400
1981-12-02,0.0,11.875,11.625,11.75,0.9120191931724548,4700
1981-12-03,0.0,11.625,11.5,11.5,0.8926140069961548,10000
1981-12-04,0.0,11.75,11.5,11.625,0.9023163318634032,4900
1981-12-07,0.0,11.625,11.375,11.5,0.8926140069961548,7600
1981-12-08,0.0,11.5,11.25,11.375,0.8829114437103271,3700
1981-12-09,0.0,11.625,11.25,11.5,0.8926140069961548,5500
1981-12-10,0.0,11.625,11.5,11.5,0.8926140069961548,6100
1981-12-11,0.0,11.5,11.125,11.125,0.8635071516036987,6900
1981-12-14,0.0,11.25,11.0,11.0,0.8538045883178711,7500
1981-12-15,0.0,11.375,11.125,11.375,0.8829114437103271,7900
1981-12-16,0.0,11.375,11.125,11.125,0.8635071516036987,8500
1981-12-17,0.0,11.5,11.125,11.125,0.8635071516036987,8200
1981-12-18,0.0,11.375,11.0,11.125,0.8635071516036987,10300
1981-12-21,0.0,11.25,11.0,11.125,0.8635071516036987,8400
1981-12-22,0.0,11.25,11.0,11.0,0.8538045883178711,8900
1981-12-23,0.0,11.25,11.0,11.0,0.8538045883178711,4600
1981-12-24,0.0,11.375,11.0,11.375,0.8829114437103271,6700
1981-12-28,0.0,11.375,11.125,11.125,0.8635071516036987,6100
1981-12-29,0.0,11.25,11.0,11.125,0.8635071516036987,8800
1981-12-30,0.0,11.125,11.0,11.125,0.8635071516036987,8700
1981-12-31,0.0,11.125,11.0,11.125,0.8635071516036987,13500
1982-01-04,0.0,11.375,11.125,11.375,0.8829114437103271,4400
1982-01-05,0.0,11.375,11.125,11.25,0.8732094168663025,2900
1982-01-06,0.0,11.375,11.125,11.25,0.8732094168663025,2100
1982-01-07,0.0,11.375,11.125,11.25,0.8732094168663025,5000
1982-01-08,0.0,11.375,11.25,11.25,0.8732094168663025,5200
1982-01-11,0.0,11.25,10.875,11.125,0.8635071516036987,1200
1982-01-12,0.0,11.125,11.0,11.0,0.8538045883178711,3400
1982-01-13,0.0,11.0,10.875,11.0,0.8538045883178711,1200
1982-01-14,0.0,11.0,10.875,10.875,0.8441020846366882,1400
1982-01-15,0.0,11.0,10.875,10.875,0.8441020846366882,1100
1982-01-18,0.0,11.0,10.875,11.0,0.8538045883178711,3500
1982-01-19,0.0,11.125,11.0,11.125,0.8635071516036987,3100
1982-01-20,0.0,11.125,10.875,10.875,0.8441020846366882,2100
1982-01-21,0.0,11.0,10.875,11.0,0.8538045883178711,7500
1982-01-22,0.0,11.125,11.0,11.0,0.8538045883178711,3200
1982-01-25,0.0,11.0,10.875,11.0,0.8538045883178711,4100
1982-01-26,0.0,10.875,10.875,10.875,0.8441020846366882,1000
1982-01-27,0.0,11.0,10.875,10.875,0.8441020846366882,3300
1982-01-28,0.0,11.0,11.0,11.0,0.8538045883178711,2100
1982-01-29,0.0,11.125,11.0,11.125,0.8635071516036987,3200
1982-02-01,0.0,11.125,11.0,11.0,0.8538045883178711,2700
1982-02-02,0.0,11.125,11.0,11.0,0.8538045883178711,41800
1982-02-03,0.0,11.125,10.875,11.0,0.8538045883178711,700
1982-02-04,0.0,11.0,10.875,10.875,0.8441020846366882,2900
1982-02-05,0.0,11.0,10.75,10.875,0.8441020846366882,3200
1982-02-08,0.0,11.0,10.75,10.875,0.8441020846366882,2600
1982-02-09,0.0,10.875,10.625,10.625,0.824697732925415,7200
1982-02-10,0.0,10.875,10.75,10.875,0.8441020846366882,1800
1982-02-11,0.0,11.0,10.875,11.0,0.8538045883178711,400
1982-02-12,0.0,11.0,10.75,10.875,0.8441020846366882,2900
1982-02-16,0.0,10.75,10.625,10.625,0.824697732925415,1400
1982-02-17,0.0,10.875,10.625,10.625,0.824697732925415,4700
1982-02-18,0.0,10.75,10.625,10.75,0.8344005346298218,1600
1982-02-19,0.0,10.75,10.625,10.75,0.8344005346298218,3600
1982-02-22,0.0,10.875,10.75,10.875,0.8441020846366882,2100
1982-02-23,0.0,10.875,10.875,10.875,0.8441020846366882,2000
1982-02-24,0.0,11.0,10.875,11.0,0.8538045883178711,5600
1982-02-25,0.0,11.0,10.875,10.875,0.8441020846366882,3900
1982-02-26,0.0,11.125,10.875,11.0,0.8538045883178711,5100
1982-03-01,0.0,11.125,10.875,10.875,0.8441020846366882,2700
1982-03-02,0.0,11.0,10.875,10.875,0.8441020846366882,7800
1982-03-03,0.0,11.125,10.875,10.875,0.8441020846366882,4600
1982-03-04,0.0,11.125,11.0,11.125,0.8635071516036987,4000
1982-03-05,0.0,11.0,11.0,11.0,0.8538045883178711,800
1982-03-08,0.0,11.125,11.0,11.125,0.8635071516036987,5600
1982-03-09,0.0,11.25,11.0,11.25,0.8732094168663025,4300
1982-03-10,0.0,11.125,11.0,11.125,0.8635071516036987,6000
1982-03-11,0.0,11.125,11.0,11.0,0.8538045883178711,3300
1982-03-12,0.0,11.125,11.0,11.0,0.8538045883178711,1200
1982-03-15,0.0,11.0,11.0,11.0,0.8538045883178711,2100
1982-03-16,0.0,11.125,11.0,11.0,0.8538045883178711,3400
1982-03-17,0.0,11.125,11.0,11.125,0.8635071516036987,3400
1982-03-18,0.0,11.25,11.125,11.25,0.8732094168663025,9400
1982-03-19,0.0,11.25,11.125,11.25,0.8732094168663025,2100
1982-03-22,0.0,11.25,11.125,11.125,0.8635071516036987,2600
1982-03-23,0.0,11.25,11.125,11.125,0.8635071516036987,2000
1982-03-24,0.0,11.25,11.125,11.25,0.8732094168663025,7900
1982-03-25,0.0,11.125,11.125,11.125,0.8635071516036987,1700
1982-03-26,0.0,11.125,11.0,11.0,0.8538045883178711,4700
1982-03-29,0.0,11.125,11.0,11.0,0.8538045883178711,1700
1982-03-30,0.0,11.125,11.0,11.125,0.8635071516036987,3700
1982-03-31,0.0,11.25,11.0,11.25,0.8732094168663025,1000
1982-04-01,0.0,11.125,11.0,11.0,0.8538045883178711,500
1982-04-02,0.0,11.125,11.0,11.125,0.8635071516036987,3100
1982-04-05,0.0,11.375,11.125,11.25,0.8732094168663025,3800
1982-04-06,0.0,11.375,11.25,11.375,0.8829114437103271,500
1982-04-07,0.0,11.375,11.125,11.125,0.8635071516036987,4000
1982-04-08,0.0,11.375,11.125,11.125,0.8635071516036987,3400
1982-04-12,0.0,10.875,10.75,10.75,0.8344005346298218,2000
1982-04-13,0.0,11.0,10.75,11.0,0.8538045883178711,2200
1982-04-14,0.0,11.0,10.75,10.75,0.8344005346298218,4200
1982-04-15,0.0,11.0,10.875,10.875,0.8441020846366882,2700
1982-04-16,0.0,11.0,11.0,11.0,0.8538045883178711,1000
1982-04-19,0.0,11.125,11.0,11.125,0.8635071516036987,3400
1982-04-20,0.0,11.125,11.0,11.0,0.8538045883178711,3400
1982-04-21,0.0,11.25,11.0,11.25,0.8732094168663025,3000
1982-04-22,0.0,11.25,11.125,11.25,0.8732094168663025,8300
1982-04-23,0.0,11.375,11.125,11.375,0.8829114437103271,15500
1982-04-26,0.0,11.375,11.125,11.25,0.8732094168663025,14100
1982-04-27,0.0,11.375,11.25,11.375,0.8829114437103271,3800
1982-04-28,0.0,11.5,11.25,11.375,0.8829114437103271,2600
1982-04-29,0.0,11.375,11.25,11.375,0.8829114437103271,3400
1982-04-30,0.0,11.375,11.25,11.25,0.8732094168663025,41200
1982-05-03,0.0,11.25,11.125,11.125,0.8635071516036987,4600
1982-05-04,0.0,11.375,11.25,11.25,0.8732094168663025,3800
1982-05-05,0.0,11.375,11.125,11.25,0.8732094168663025,2900
1982-05-06,0.0,11.5,11.25,11.375,0.8829114437103271,5500
1982-05-07,0.0,11.5,11.25,11.25,0.8732094168663025,8900
1982-05-10,0.0,11.5,11.25,11.5,0.8926140069961548,2700
1982-05-11,0.0,11.375,11.375,11.375,0.8829114437103271,1800
1982-05-12,0.0,11.5,11.375,11.375,0.8829114437103271,5100
1982-05-13,0.0,11.5,11.25,11.25,0.8732094168663025,2100
1982-05-14,0.0,11.375,11.25,11.375,0.8829114437103271,800
1982-05-17,0.0,11.5,11.25,11.5,0.8926140069961548,1300
1982-05-18,0.0,11.5,11.375,11.375,0.8829114437103271,1700
1982-05-19,0.0,11.375,11.25,11.25,0.8732094168663025,5900
1982-05-20,0.0,11.375,11.25,11.375,0.8829114437103271,3200
1982-05-21,0.0,11.375,11.25,11.25,0.8732094168663025,2200
1982-05-24,0.0,11.375,11.25,11.375,0.8829114437103271,3100
1982-05-25,0.0,11.375,11.25,11.375,0.8829114437103271,4800
1982-05-26,0.0,11.5,11.25,11.5,0.8926140069961548,3100
1982-05-27,0.0,11.375,11.375,11.375,0.8829114437103271,900
1982-05-28,0.0,11.5,11.25,11.5,0.8926140069961548,1500
1982-06-01,0.0,11.375,11.25,11.375,0.8829114437103271,2300
1982-06-02,0.0,11.375,11.25,11.25,0.8732094168663025,2200
1982-06-03,0.0,11.5,11.375,11.375,0.8829114437103271,5400
1982-06-04,0.0,11.375,11.25,11.25,0.8732094168663025,3400
1982-06-07,0.0,11.25,11.125,11.125,0.8635071516036987,4700
1982-06-08,0.0,11.375,11.125,11.125,0.8635071516036987,1900
1982-06-09,0.0,11.5,11.125,11.25,0.8732094168663025,3600
1982-06-10,0.0,11.375,11.125,11.375,0.8829114437103271,2900
1982-06-11,0.0,11.5,11.25,11.25,0.8732094168663025,2800
1982-06-14,0.0,11.5,11.25,11.5,0.8926140069961548,5700
1982-06-15,0.0,11.375,11.125,11.375,0.8829114437103271,3000
1982-06-16,0.0,11.5,11.25,11.25,0.8732094168663025,6400
1982-06-17,0.0,11.375,11.125,11.125,0.8635071516036987,2800
1982-06-18,0.0,11.25,11.125,11.125,0.8635071516036987,2100
1982-06-21,0.0,11.125,11.125,11.125,0.8635071516036987,1000
1982-06-22,0.0,11.125,11.0,11.125,0.8635071516036987,2700
1982-06-23,0.0,11.125,11.0,11.0,0.8538045883178711,600
1982-06-24,0.0,11.125,11.125,11.125,0.8635071516036987,3200
1982-06-25,0.0,11.25,11.125,11.125,0.8635071516036987,3000
1982-06-28,0.0,11.25,11.0,11.25,0.8732094168663025,4700
1982-06-29,0.0,11.25,11.125,11.25,0.8732094168663025,3600
1982-06-30,0.0,11.375,11.25,11.25,0.8732094168663025,1100
1982-07-01,0.0,11.375,11.25,11.375,0.8829114437103271,1200
1982-07-02,0.0,11.375,11.25,11.25,0.8732094168663025,1900
1982-07-06,0.0,11.375,11.25,11.25,0.8732094168663025,4400
1982-07-07,0.0,11.25,11.125,11.125,0.8635071516036987,1300
1982-07-08,0.0,11.375,11.125,11.375,0.8829114437103271,4600
1982-07-09,0.0,11.375,11.25,11.375,0.8829114437103271,1500
1982-07-12,0.0,11.125,11.0,11.125,0.8635071516036987,3800
1982-07-13,0.0,11.25,11.0,11.25,0.8732094168663025,3000
1982-07-14,0.0,11.125,11.125,11.125,0.8635071516036987,1300
1982-07-15,0.0,11.25,11.125,11.125,0.8635071516036987,1100
1982-07-16,0.0,11.25,11.125,11.25,0.8732094168663025,2600
1982-07-19,0.0,11.25,11.125,11.25,0.8732094168663025,4100
1982-07-20,0.0,11.25,11.125,11.25,0.8732094168663025,1300
1982-07-21,0.0,11.25,11.125,11.25,0.8732094168663025,2500
1982-07-22,0.0,11.375,11.25,11.25,0.8732094168663025,3300
1982-07-23,0.0,11.375,11.25,11.375,0.8829114437103271,4000
1982-07-26,0.0,11.5,11.375,11.5,0.8926140069961548,7600
1982-07-27,0.0,11.5,11.375,11.5,0.8926140069961548,10400
1982-07-28,0.0,11.625,11.375,11.5,0.8926140069961548,5900
1982-07-29,0.0,11.625,11.375,11.5,0.8926140069961548,10200
1982-07-30,0.0,11.625,11.375,11.375,0.8829114437103271,37600
1982-08-02,0.0,11.5,11.25,11.5,0.8926140069961548,3400
1982-08-03,0.0,11.625,11.25,11.625,0.9023163318634032,7200
1982-08-04,0.0,11.5,11.375,11.5,0.8926140069961548,4600
1982-08-05,0.0,11.5,11.375,11.375,0.8829114437103271,1200
1982-08-06,0.0,11.375,11.25,11.25,0.8732094168663025,2900
1982-08-09,0.0,11.25,11.125,11.25,0.8732094168663025,3400
1982-08-10,0.0,11.5,11.375,11.5,0.8926140069961548,3000
1982-08-11,0.0,11.5,11.375,11.375,0.8829114437103271,2500
1982-08-12,0.0,11.5,11.375,11.375,0.8829114437103271,5400
1982-08-13,0.0,11.5,11.375,11.5,0.8926140069961548,3800
1982-08-16,0.0,11.875,11.625,11.875,0.9217206239700316,17400
1982-08-17,0.0,12.375,12.0,12.375,0.9605302810668944,20500
1982-08-18,0.0,13.0,12.5,12.75,0.9896376132965088,26100
1982-08-19,0.0,12.75,12.625,12.625,0.9799349904060364,5500
1982-08-20,0.0,12.875,12.5,12.625,0.9799349904060364,16500
1982-08-23,0.0,12.875,12.625,12.875,0.9993395805358888,7800
1982-08-24,0.0,12.875,12.5,12.75,0.9896376132965088,14500
1982-08-25,0.0,12.875,12.625,12.75,0.9896376132965088,5800
1982-08-26,0.0,12.875,12.5,12.5,0.9702324867248536,8200
1982-08-27,0.0,12.875,12.5,12.625,0.9799349904060364,4500
1982-08-30,0.0,13.0,12.75,13.0,1.009041666984558,4800
1982-08-31,0.0,13.0,12.75,12.875,0.9993395805358888,5900
1982-09-01,0.0,13.0,12.875,13.0,1.009041666984558,7500
1982-09-02,0.0,12.875,12.75,12.75,0.9896376132965088,3100
1982-09-03,0.0,12.875,12.75,12.75,0.9896376132965088,1900
1982-09-07,0.0,12.875,12.75,12.75,0.9896376132965088,3100
1982-09-08,0.0,12.875,12.625,12.75,0.9896376132965088,7000
1982-09-09,0.0,12.875,12.625,12.625,0.9799349904060364,3200
1982-09-10,0.0,12.875,12.75,12.75,0.9896376132965088,3000
1982-09-13,0.0,12.875,12.625,12.875,0.9993395805358888,6400
1982-09-14,0.0,12.875,12.75,12.875,0.9993395805358888,3600
1982-09-15,0.0,12.875,12.625,12.625,0.9799349904060364,9100
1982-09-16,0.0,12.875,12.375,12.5,0.9702324867248536,12700
1982-09-17,0.0,12.75,12.375,12.75,0.9896376132965088,4800
1982-09-20,0.0,12.625,12.5,12.5,0.9702324867248536,2100
1982-09-21,0.0,12.75,12.5,12.75,0.9896376132965088,3400
1982-09-22,0.0,13.0,12.625,12.625,0.9799349904060364,7300
1982-09-23,0.0,12.875,12.5,12.875,0.9993395805358888,5800
1982-09-24,0.0,13.0,12.625,12.875,0.9993395805358888,2000
1982-09-27,0.0,12.875,12.625,12.875,0.9993395805358888,2400
1982-09-28,0.0,12.875,12.625,12.625,0.9799349904060364,1000
1982-09-29,0.0,12.875,12.625,12.75,0.9896376132965088,2800
1982-09-30,0.0,12.875,12.75,12.75,0.9896376132965088,5300
1982-10-01,0.0,12.875,12.75,12.875,0.9993395805358888,4600
1982-10-04,0.0,13.0,12.75,12.75,0.9896376132965088,2600
1982-10-05,0.0,13.0,12.75,12.875,0.9993395805358888,5600
1982-10-06,0.0,13.25,12.625,13.25,1.0284467935562134,5700
1982-10-07,0.0,13.375,13.125,13.375,1.0381485223770142,9200
1982-10-08,0.0,13.25,12.875,13.125,1.0187439918518066,7800
1982-10-11,0.0,13.375,13.125,13.375,1.0381485223770142,6700
1982-10-12,0.0,13.5,13.25,13.5,1.047851324081421,21800
1982-10-13,0.0,13.75,13.5,13.5,1.047851324081421,6000
1982-10-14,0.0,13.75,13.375,13.625,1.0575541257858276,6100
1982-10-15,0.0,13.875,13.5,13.75,1.0672554969787598,12300
1982-10-18,0.0,13.875,13.375,13.375,1.0381485223770142,13400
1982-10-19,0.0,13.625,13.5,13.625,1.0575541257858276,4100
1982-10-20,0.0,13.75,13.5,13.5,1.047851324081421,6400
1982-10-21,0.0,13.875,13.5,13.5,1.047851324081421,5100
1982-10-22,0.0,13.75,13.25,13.75,1.0672554969787598,5200
1982-10-25,0.0,13.625,13.5,13.625,1.0575541257858276,4700
1982-10-26,0.0,13.625,13.25,13.5,1.047851324081421,6500
1982-10-27,0.0,13.5,13.5,13.5,1.047851324081421,6000
1982-10-28,0.0,13.75,13.625,13.75,1.0672554969787598,20700
1982-10-29,0.0,13.75,13.625,13.75,1.0672554969787598,1700
1982-11-01,0.0,13.75,13.375,13.5,1.047851324081421,9400
1982-11-02,0.0,13.75,13.5,13.625,1.0575541257858276,5400
1982-11-03,0.0,13.75,13.5,13.5,1.047851324081421,4300
1982-11-04,0.0,13.75,13.375,13.75,1.0672554969787598,10000
1982-11-05,0.0,13.75,13.5,13.75,1.0672554969787598,5600
1982-11-08,0.0,13.875,13.5,13.625,1.0575541257858276,8600
1982-11-09,0.0,13.75,13.5,13.75,1.0672554969787598,4500
1982-11-10,0.0,13.875,13.5,13.75,1.0672554969787598,7100
1982-11-11,0.0,13.625,13.5,13.5,1.047851324081421,3000
1982-11-12,0.0,13.625,13.5,13.5,1.047851324081421,2100
1982-11-15,0.0,13.625,13.5,13.5,1.047851324081421,2600
1982-11-16,0.0,13.75,13.375,13.625,1.0575541257858276,7200
1982-11-17,0.0,13.75,13.375,13.75,1.0672554969787598,6800
1982-11-18,0.0,13.625,13.375,13.625,1.0575541257858276,4400
1982-11-19,0.0,13.75,13.375,13.625,1.0575541257858276,5900
1982-11-22,0.0,13.625,13.375,13.375,1.0381485223770142,5000
1982-11-23,0.0,13.375,13.25,13.25,1.0284467935562134,2200
1982-11-24,0.0,13.375,13.125,13.25,1.0284467935562134,6600
1982-11-26,0.0,13.375,13.125,13.375,1.0381485223770142,2800
1982-11-29,0.0,13.5,13.125,13.25,1.0284467935562134,5800
1982-11-30,0.0,13.25,13.125,13.125,1.0187439918518066,9400
1982-12-01,0.0,13.25,13.125,13.25,1.0284467935562134,5400
1982-12-02,0.0,13.5,13.125,13.25,1.0284467935562134,5500
1982-12-03,0.0,13.25,13.0,13.0,1.009041666984558,9700
1982-12-06,0.0,13.125,13.0,13.125,1.0187439918518066,2100
1982-12-07,0.0,13.25,13.125,13.125,1.0187439918518066,10800
1982-12-08,0.0,13.25,13.0,13.125,1.0187439918518066,5900
1982-12-09,0.0,13.25,13.125,13.125,1.0187439918518066,1100
1982-12-10,0.0,13.25,13.0,13.125,1.0187439918518066,4200
1982-12-13,0.0,13.125,13.0,13.125,1.0187439918518066,5900
1982-12-14,0.0,13.125,13.0,13.125,1.0187439918518066,10100
1982-12-15,0.0,13.25,13.0,13.0,1.009041666984558,4300
1982-12-16,0.0,13.125,12.875,13.0,1.009041666984558,3300
1982-12-17,0.0,13.0,12.875,13.0,1.009041666984558,4300
1982-12-20,0.0,13.0,12.875,13.0,1.009041666984558,5900
1982-12-21,0.0,13.0,12.875,13.0,1.009041666984558,3500
1982-12-22,0.0,13.0,12.875,13.0,1.009041666984558,14900
1982-12-23,0.0,13.125,12.875,12.875,0.9993395805358888,2400
1982-12-27,0.0,13.125,13.0,13.0,1.009041666984558,5800
1982-12-28,0.0,13.125,13.0,13.125,1.0187439918518066,4200
1982-12-29,0.0,13.25,13.0,13.125,1.0187439918518066,5100
1982-12-30,0.0,13.25,13.0,13.125,1.0187439918518066,4500
1982-12-31,0.0,13.25,13.0,13.125,1.0187439918518066,4700
1983-01-03,0.0,13.25,13.125,13.125,1.0187439918518066,2000
1983-01-04,0.0,13.375,13.125,13.375,1.0381485223770142,5000
1983-01-05,0.0,13.5,13.25,13.25,1.0284467935562134,6700
1983-01-06,0.0,13.5,13.25,13.375,1.0381485223770142,9400
1983-01-07,0.0,13.625,13.375,13.5,1.047851324081421,25100
1983-01-10,0.0,13.75,13.375,13.375,1.0381485223770142,25700
1983-01-11,0.0,13.125,12.875,13.125,1.0187439918518066,12400
1983-01-12,0.0,13.25,13.0,13.0,1.009041666984558,8200
1983-01-13,0.0,13.125,13.0,13.125,1.0187439918518066,2600
1983-01-14,0.0,13.25,13.0,13.0,1.009041666984558,6400
1983-01-17,0.0,13.25,13.0,13.125,1.0187439918518066,11000
1983-01-18,0.0,13.375,13.125,13.25,1.0284467935562134,11700
1983-01-19,0.0,13.25,13.0,13.0,1.009041666984558,7100
1983-01-20,0.0,13.25,13.125,13.25,1.0284467935562134,2700
1983-01-21,0.0,13.25,13.125,13.25,1.0284467935562134,7300
1983-01-24,0.0,13.25,13.0,13.125,1.0187439918518066,24500
1983-01-25,0.0,13.25,13.0,13.25,1.0284467935562134,7000
1983-01-26,0.0,13.25,13.0,13.0,1.009041666984558,77000
1983-01-27,0.0,13.125,12.875,12.875,0.9993395805358888,12600
1983-01-28,0.0,13.125,13.0,13.0,1.009041666984558,14300
1983-01-31,0.0,13.125,12.875,13.0,1.009041666984558,7400
1983-02-01,0.0,13.0,12.875,12.875,0.9993395805358888,4500
1983-02-02,0.0,13.125,12.875,12.875,0.9993395805358888,8000
1983-02-03,0.0,13.125,12.875,13.0,1.009041666984558,7300
1983-02-04,0.0,13.0,12.75,12.875,0.9993395805358888,3300
1983-02-07,0.0,13.0,12.875,13.0,1.009041666984558,6900
1983-02-08,0.0,13.0,12.75,12.75,0.9896376132965088,14700
1983-02-09,0.0,12.875,12.625,12.625,0.9799349904060364,12000
1983-02-10,0.0,12.875,12.75,12.75,0.9896376132965088,4600
1983-02-11,0.0,13.0,12.875,12.875,0.9993395805358888,3100
1983-02-14,0.0,13.0,12.625,13.0,1.009041666984558,7900
1983-02-15,0.0,13.125,12.75,12.75,0.9896376132965088,2100
1983-02-16,0.0,13.0,12.75,12.75,0.9896376132965088,8900
1983-02-17,0.0,13.0,12.875,13.0,1.009041666984558,8200
1983-02-18,0.0,13.0,12.875,12.875,0.9993395805358888,6000
1983-02-22,0.0,13.125,12.875,13.0,1.009041666984558,15600
1983-02-23,0.0,13.125,13.0,13.125,1.0187439918518066,6700
1983-02-24,0.0,13.25,13.0,13.125,1.0187439918518066,11600
1983-02-25,0.0,13.25,13.125,13.25,1.0284467935562134,6400
1983-02-28,0.0,13.25,13.125,13.125,1.0187439918518066,3200
1983-03-01,0.0,13.5,13.25,13.375,1.0381485223770142,8200
1983-03-02,0.0,13.5,13.375,13.5,1.047851324081421,2000
1983-03-03,0.0,13.5,13.375,13.5,1.047851324081421,6100
1983-03-04,0.0,13.5,13.375,13.375,1.0381485223770142,6600
1983-03-07,0.0,13.625,13.375,13.625,1.0575541257858276,6600
1983-03-08,0.0,13.625,13.375,13.375,1.0381485223770142,9400
1983-03-09,0.0,13.5,13.375,13.5,1.047851324081421,5200
1983-03-10,0.0,13.625,13.5,13.5,1.047851324081421,6100
1983-03-11,0.0,13.625,13.5,13.5,1.047851324081421,3700
1983-03-14,0.0,13.625,13.625,13.625,1.0575541257858276,2700
1983-03-15,0.0,13.625,13.25,13.5,1.047851324081421,7800
1983-03-16,0.0,13.625,13.375,13.5,1.047851324081421,3400
1983-03-17,0.0,13.625,13.375,13.625,1.0575541257858276,5200
1983-03-18,0.0,13.625,13.375,13.375,1.0381485223770142,9500
1983-03-21,0.0,13.625,13.375,13.375,1.0381485223770142,2600
1983-03-22,0.0,13.625,13.375,13.375,1.0381485223770142,4200
1983-03-23,0.0,13.5,13.375,13.375,1.0381485223770142,3900
1983-03-24,0.0,13.625,13.375,13.625,1.0575541257858276,4600
1983-03-25,0.0,13.625,13.375,13.5,1.047851324081421,8600
1983-03-28,0.0,13.625,13.5,13.5,1.047851324081421,1700
1983-03-29,0.0,13.625,13.5,13.625,1.0575541257858276,4200
1983-03-30,0.0,13.625,13.5,13.5,1.047851324081421,3000
1983-03-31,0.0,13.5,13.375,13.5,1.047851324081421,7900
1983-04-04,0.0,13.5,13.375,13.375,1.0381485223770142,4500
1983-04-05,0.0,13.5,13.375,13.375,1.0381485223770142,4700
1983-04-06,0.0,13.5,13.375,13.375,1.0381485223770142,3000
1983-04-07,0.0,13.625,13.375,13.625,1.0575541257858276,5600
1983-04-08,0.0,13.625,13.375,13.625,1.0575541257858276,5400
1983-04-11,0.0,13.25,13.125,13.25,1.0284467935562134,8000
1983-04-12,0.0,13.375,13.25,13.375,1.0381485223770142,4000
1983-04-13,0.0,13.375,13.25,13.25,1.0284467935562134,1300
1983-04-14,0.0,13.375,13.25,13.25,1.0284467935562134,5200
1983-04-15,0.0,13.5,13.25,13.375,1.0381485223770142,10600
1983-04-18,0.0,13.5,13.25,13.25,1.0284467935562134,4500
1983-04-19,0.0,13.375,13.125,13.125,1.0187439918518066,4900
1983-04-20,0.0,13.5,13.25,13.25,1.0284467935562134,13800
1983-04-21,0.0,13.5,13.125,13.25,1.0284467935562134,12000
1983-04-22,0.0,13.5,13.25,13.25,1.0284467935562134,7300
1983-04-25,0.0,13.375,13.25,13.25,1.0284467935562134,3600
1983-04-26,0.0,13.375,13.25,13.375,1.0381485223770142,25700
1983-04-27,0.0,13.5,13.25,13.5,1.047851324081421,14300
1983-04-28,0.0,13.625,13.375,13.5,1.047851324081421,9600
1983-04-29,0.0,13.5,13.375,13.375,1.0381485223770142,9800
1983-05-02,0.0,13.5,13.375,13.375,1.0381485223770142,2400
1983-05-03,0.0,13.625,13.375,13.625,1.0575541257858276,6500
1983-05-04,0.0,13.625,13.5,13.5,1.047851324081421,17300
1983-05-05,0.0,13.875,13.625,13.875,1.076958179473877,21900
1983-05-06,0.0,13.875,13.75,13.875,1.076958179473877,10200
1983-05-09,0.0,13.875,13.75,13.875,1.076958179473877,18400
1983-05-10,0.0,13.875,13.75,13.75,1.0672554969787598,1000
1983-05-11,0.0,13.875,13.625,13.625,1.0575541257858276,8100
1983-05-12,0.0,13.875,13.75,13.875,1.076958179473877,4800
1983-05-13,0.0,13.875,13.75,13.75,1.0672554969787598,2200
1983-05-16,0.0,13.875,13.75,13.75,1.0672554969787598,17300
1983-05-17,0.0,13.875,13.75,13.75,1.0672554969787598,5300
1983-05-18,0.0,13.875,13.625,13.75,1.0672554969787598,6500
1983-05-19,0.0,13.875,13.75,13.75,1.0672554969787598,6200
1983-05-20,0.0,13.75,13.625,13.75,1.0672554969787598,23400
1983-05-23,0.0,13.875,13.625,13.875,1.076958179473877,5900
1983-05-24,0.0,13.875,13.625,13.625,1.0575541257858276,32100
1983-05-25,0.0,13.75,13.625,13.625,1.0575541257858276,3100
1983-05-26,0.0,13.75,13.5,13.75,1.0672554969787598,3500
1983-05-27,0.0,13.875,13.5,13.625,1.0575541257858276,38900
1983-05-31,0.0,13.625,13.375,13.375,1.0381485223770142,6300
1983-06-01,0.0,13.5,13.375,13.5,1.047851324081421,3000
1983-06-02,0.0,13.625,13.375,13.375,1.0381485223770142,3400
1983-06-03,0.0,13.625,13.375,13.375,1.0381485223770142,8100
1983-06-06,0.0,13.625,13.375,13.5,1.047851324081421,3700
1983-06-07,0.0,13.5,13.25,13.5,1.047851324081421,3000
1983-06-08,0.0,13.625,13.25,13.375,1.0381485223770142,3900
1983-06-09,0.0,13.375,13.25,13.375,1.0381485223770142,4500
1983-06-10,0.0,13.375,13.25,13.375,1.0381485223770142,3400
1983-06-13,0.0,13.375,13.375,13.375,1.0381485223770142,4400
1983-06-14,0.0,13.5,13.25,13.25,1.0284467935562134,14900
1983-06-15,0.0,13.5,13.25,13.375,1.0381485223770142,6400
1983-06-16,0.0,13.625,13.375,13.5,1.047851324081421,15500
1983-06-17,0.0,13.625,13.375,13.625,1.0575541257858276,4600
1983-06-20,0.0,13.5,13.375,13.375,1.0381485223770142,4300
1983-06-21,0.0,13.5,13.375,13.375,1.0381485223770142,4900
1983-06-22,0.0,13.5,13.375,13.375,1.0381485223770142,3500
1983-06-23,0.0,13.375,13.375,13.375,1.0381485223770142,2800
1983-06-24,0.0,13.5,13.375,13.5,1.047851324081421,3000
1983-06-27,0.0,13.5,13.375,13.375,1.0381485223770142,5100
1983-06-28,0.0,13.5,13.375,13.375,1.0381485223770142,1600
1983-06-29,0.0,13.375,13.25,13.375,1.0381485223770142,4000
1983-06-30,0.0,13.375,13.25,13.25,1.0284467935562134,3700
1983-07-01,0.0,13.375,13.375,13.375,1.0381485223770142,4400
1983-07-05,0.0,13.5,13.25,13.5,1.047851324081421,1400
1983-07-06,0.0,13.5,13.375,13.375,1.0381485223770142,6200
1983-07-07,0.0,13.375,13.25,13.375,1.0381485223770142,2400
1983-07-08,0.0,13.5,13.25,13.25,1.0284467935562134,16600
1983-07-11,0.0,13.25,13.0,13.0,1.009041666984558,11500
1983-07-12,0.0,13.0,12.75,12.875,0.9993395805358888,4200
1983-07-13,0.0,13.0,12.875,12.875,0.9993395805358888,1600
1983-07-14,0.0,13.125,13.0,13.0,1.009041666984558,3800
1983-07-15,0.0,13.0,12.875,13.0,1.009041666984558,1600
1983-07-18,0.0,13.0,13.0,13.0,1.009041666984558,4800
1983-07-19,0.0,13.125,13.0,13.0,1.009041666984558,7100
1983-07-20,0.0,13.125,13.0,13.0,1.009041666984558,11100
1983-07-21,0.0,13.125,13.0,13.0,1.009041666984558,3200
1983-07-22,0.0,13.25,12.875,13.25,1.0284467935562134,7000
1983-07-25,0.0,13.25,12.75,12.75,0.9896376132965088,60300
1983-07-26,0.0,13.0,12.75,12.875,0.9993395805358888,13000
1983-07-27,0.0,13.0,12.875,12.875,0.9993395805358888,700
1983-07-28,0.0,13.0,12.75,12.75,0.9896376132965088,6100
1983-07-29,0.0,12.875,12.75,12.75,0.9896376132965088,4300
1983-08-01,0.0,12.875,12.75,12.75,0.9896376132965088,1900
1983-08-02,0.0,13.0,12.75,12.75,0.9896376132965088,5600
1983-08-03,0.0,12.875,12.75,12.875,0.9993395805358888,1800
1983-08-04,0.0,12.875,12.75,12.875,0.9993395805358888,3200
1983-08-05,0.0,12.875,12.625,12.625,0.9799349904060364,8500
1983-08-08,0.0,12.75,12.625,12.625,0.9799349904060364,6100
1983-08-09,0.0,12.875,12.625,12.75,0.9896376132965088,10600
1983-08-10,0.0,12.875,12.75,12.875,0.9993395805358888,5800
1983-08-11,0.0,12.875,12.75,12.75,0.9896376132965088,5000
1983-08-12,0.0,12.875,12.75,12.75,0.9896376132965088,3100
1983-08-15,0.0,13.0,12.75,12.75,0.9896376132965088,4000
1983-08-16,0.0,13.0,12.75,13.0,1.009041666984558,2900
1983-08-17,0.0,12.875,12.875,12.875,0.9993395805358888,3800
1983-08-18,0.0,13.0,13.0,13.0,1.009041666984558,900
1983-08-19,0.0,13.0,12.875,12.875,0.9993395805358888,1700
1983-08-22,0.0,13.0,12.875,12.875,0.9993395805358888,2600
1983-08-23,0.0,13.0,12.875,12.875,0.9993395805358888,3100
1983-08-24,0.0,13.0,12.875,12.875,0.9993395805358888,5100
1983-08-25,0.0,12.875,12.875,12.875,0.9993395805358888,1700
1983-08-26,0.0,13.0,12.875,13.0,1.009041666984558,700
1983-08-29,0.0,13.0,12.875,12.875,0.9993395805358888,5800
1983-08-30,0.0,12.875,12.875,12.875,0.9993395805358888,600
1983-08-31,0.0,12.875,12.75,12.75,0.9896376132965088,2500
1983-09-01,0.0,12.875,12.75,12.75,0.9896376132965088,1600
1983-09-02,0.0,13.0,12.75,12.875,0.9993395805358888,4800
1983-09-06,0.0,13.0,12.875,12.875,0.9993395805358888,2500
1983-09-07,0.0,13.0,12.875,12.875,0.9993395805358888,4100
1983-09-08,0.0,13.125,13.0,13.0,1.009041666984558,1600
1983-09-09,0.0,13.125,13.0,13.125,1.0187439918518066,5800
1983-09-12,0.0,13.25,13.0,13.25,1.0284467935562134,7000
1983-09-13,0.0,13.125,13.125,13.125,1.0187439918518066,2400
1983-09-14,0.0,13.125,13.0,13.0,1.009041666984558,3000
1983-09-15,0.0,13.25,13.0,13.25,1.0284467935562134,1900
1983-09-16,0.0,13.25,13.125,13.125,1.0187439918518066,3700
1983-09-19,0.0,13.25,13.0,13.125,1.0187439918518066,2700
1983-09-20,0.0,13.25,13.125,13.25,1.0284467935562134,4800
1983-09-21,0.0,13.375,13.25,13.25,1.0284467935562134,2000
1983-09-22,0.0,13.375,13.25,13.25,1.0284467935562134,3000
1983-09-23,0.0,13.375,13.25,13.25,1.0284467935562134,6500
1983-09-26,0.0,13.375,13.25,13.25,1.0284467935562134,2700
1983-09-27,0.0,13.375,13.125,13.25,1.0284467935562134,1900
1983-09-28,0.0,13.375,13.125,13.375,1.0381485223770142,2900
1983-09-29,0.0,13.375,13.25,13.25,1.0284467935562134,2000
1983-09-30,0.0,13.375,13.25,13.25,1.0284467935562134,700
1983-10-03,0.0,13.5,13.375,13.5,1.047851324081421,8800
1983-10-04,0.0,13.5,13.375,13.5,1.047851324081421,3000
1983-10-05,0.0,13.5,13.375,13.5,1.047851324081421,6400
1983-10-06,0.0,13.5,13.375,13.5,1.047851324081421,4500
1983-10-07,0.0,13.625,13.375,13.625,1.0575541257858276,8100
1983-10-10,0.0,13.75,13.5,13.625,1.0575541257858276,3800
1983-10-11,0.0,13.5,13.125,13.125,1.0187439918518066,3400
1983-10-12,0.0,13.375,13.125,13.125,1.0187439918518066,7000
1983-10-13,0.0,13.375,13.25,13.25,1.0284467935562134,5400
1983-10-14,0.0,13.25,13.125,13.125,1.0187439918518066,3400
1983-10-17,0.0,13.25,13.125,13.125,1.0187439918518066,3100
1983-10-18,0.0,13.25,13.125,13.125,1.0187439918518066,4100
1983-10-19,0.0,13.25,13.125,13.125,1.0187439918518066,4500
1983-10-20,0.0,13.25,13.125,13.125,1.0187439918518066,11600
1983-10-21,0.0,13.5,13.125,13.5,1.047851324081421,10800
1983-10-24,0.0,13.5,13.25,13.5,1.047851324081421,3200
1983-10-25,0.0,13.5,13.375,13.5,1.047851324081421,3000
1983-10-26,0.0,13.625,13.375,13.5,1.047851324081421,24500
1983-10-27,0.0,13.5,13.375,13.375,1.0381485223770142,12000
1983-10-28,0.0,13.5,13.375,13.5,1.047851324081421,3500
1983-10-31,0.0,13.5,13.25,13.375,1.0381485223770142,42000
1983-11-01,0.0,13.5,13.375,13.5,1.047851324081421,6000
1983-11-02,0.0,13.5,13.25,13.25,1.0284467935562134,5200
1983-11-03,0.0,13.375,13.125,13.125,1.0187439918518066,10200
1983-11-04,0.0,13.375,13.125,13.125,1.0187439918518066,6200
1983-11-07,0.0,13.125,13.0,13.0,1.009041666984558,4900
1983-11-08,0.0,13.125,13.0,13.0,1.009041666984558,5300
1983-11-09,0.0,13.125,13.0,13.125,1.0187439918518066,3300
1983-11-10,0.0,13.125,13.0,13.0,1.009041666984558,6100
1983-11-11,0.0,13.125,13.0,13.125,1.0187439918518066,4900
1983-11-14,0.0,13.25,13.0,13.125,1.0187439918518066,4000
1983-11-15,0.0,13.125,13.0,13.0,1.009041666984558,5200
1983-11-16,0.0,13.125,12.75,13.0,1.009041666984558,17200
1983-11-17,0.0,13.25,13.0,13.25,1.0284467935562134,3700
1983-11-18,0.0,13.25,13.0,13.0,1.009041666984558,4200
1983-11-21,0.0,13.125,12.875,13.125,1.0187439918518066,10900
1983-11-22,0.0,13.125,13.0,13.0,1.009041666984558,4300
1983-11-23,0.0,13.125,13.0,13.125,1.0187439918518066,4000
1983-11-25,0.0,13.0,13.0,13.0,1.009041666984558,600
1983-11-28,0.0,13.125,13.0,13.125,1.0187439918518066,4200
1983-11-29,0.0,13.125,13.0,13.0,1.009041666984558,4800
1983-11-30,0.0,13.125,13.0,13.0,1.009041666984558,2000
1983-12-01,0.0,13.125,13.0,13.0,1.009041666984558,4000
1983-12-02,0.0,13.125,12.875,13.125,1.0187439918518066,6100
1983-12-05,0.0,13.125,12.875,13.0,1.009041666984558,8400
1983-12-06,0.0,13.0,12.875,13.0,1.009041666984558,6200
1983-12-07,0.0,13.0,12.875,12.875,0.9993395805358888,6100
1983-12-08,0.0,13.0,12.875,13.0,1.009041666984558,3000
1983-12-09,0.0,13.125,12.875,13.125,1.0187439918518066,11700
1983-12-12,0.0,13.0,12.75,12.875,0.9993395805358888,7300
1983-12-13,0.0,12.875,12.75,12.875,0.9993395805358888,3100
1983-12-14,0.0,12.875,12.75,12.875,0.9993395805358888,3600
1983-12-15,0.0,12.875,12.625,12.625,0.9799349904060364,4500
1983-12-16,0.0,12.75,12.625,12.75,0.9896376132965088,8700
1983-12-19,0.0,12.875,12.625,12.625,0.9799349904060364,5600
1983-12-20,0.0,12.75,12.625,12.625,0.9799349904060364,8800
1983-12-21,0.0,12.75,12.625,12.75,0.9896376132965088,6500
1983-12-22,0.0,12.875,12.625,12.75,0.9896376132965088,9400
1983-12-23,0.0,12.875,12.75,12.75,0.9896376132965088,1900
1983-12-27,0.0,12.875,12.75,12.875,0.9993395805358888,9100
1983-12-28,0.0,12.875,12.75,12.75,0.9896376132965088,11400
1983-12-29,0.0,12.875,12.75,12.75,0.9896376132965088,11500
1983-12-30,0.0,12.875,12.75,12.875,0.9993395805358888,8100
1984-01-03,0.0,12.875,12.75,12.875,0.9993395805358888,6100
1984-01-04,0.0,12.875,12.75,12.875,0.9993395805358888,10200
1984-01-05,0.0,13.0,12.75,13.0,1.009041666984558,14800
1984-01-06,0.0,13.125,12.875,13.125,1.0187439918518066,6700
1984-01-09,0.0,13.125,13.0,13.125,1.0187439918518066,3900
1984-01-10,0.0,13.25,13.125,13.125,1.0187439918518066,2600
1984-01-11,0.0,13.0,12.75,12.75,0.9896376132965088,9600
1984-01-12,0.0,12.875,12.75,12.75,0.9896376132965088,4000
1984-01-13,0.0,13.0,12.875,12.875,0.9993395805358888,4700
1984-01-16,0.0,13.0,12.875,12.875,0.9993395805358888,2300
1984-01-17,0.0,13.125,13.0,13.0,1.009041666984558,1700
1984-01-18,0.0,13.125,12.875,13.125,1.0187439918518066,2200
1984-01-19,0.0,13.25,13.125,13.125,1.0187439918518066,5600
1984-01-20,0.0,13.125,13.0,13.0,1.009041666984558,5300
1984-01-23,0.0,13.125,13.0,13.0,1.009041666984558,7900
1984-01-24,0.0,13.25,13.0,13.25,1.0284467935562134,7400
1984-01-25,0.0,13.125,13.0,13.125,1.0187439918518066,4500
1984-01-26,0.0,13.125,13.0,13.125,1.0187439918518066,37100
1984-01-27,0.0,13.25,13.0,13.0,1.009041666984558,5700
1984-01-30,0.0,13.125,13.0,13.0,1.009041666984558,3900
1984-01-31,0.0,13.125,13.0,13.125,1.0187439918518066,3900
1984-02-01,0.0,13.125,13.0,13.0,1.009041666984558,5700
1984-02-02,0.0,13.125,13.0,13.125,1.0187439918518066,18800
1984-02-03,0.0,13.125,12.875,12.875,0.9993395805358888,36200
1984-02-06,0.0,13.125,12.875,13.0,1.009041666984558,7500
1984-02-07,0.0,13.125,13.0,13.125,1.0187439918518066,7600
1984-02-08,0.0,13.0,12.875,12.875,0.9993395805358888,4700
1984-02-09,0.0,13.0,12.875,13.0,1.009041666984558,5200
1984-02-10,0.0,13.0,12.875,12.875,0.9993395805358888,6500
1984-02-13,0.0,12.875,12.875,12.875,0.9993395805358888,1900
1984-02-14,0.0,12.875,12.75,12.875,0.9993395805358888,1200
1984-02-15,0.0,12.875,12.75,12.875,0.9993395805358888,4700
1984-02-16,0.0,12.875,12.75,12.875,0.9993395805358888,3900
1984-02-17,0.0,12.875,12.625,12.75,0.9896376132965088,3100
1984-02-21,0.0,12.75,12.5,12.75,0.9896376132965088,4600
1984-02-22,0.0,12.875,12.5,12.875,0.9993395805358888,3100
1984-02-23,0.0,12.875,12.625,12.625,0.9799349904060364,5900
1984-02-24,0.0,12.875,12.625,12.75,0.9896376132965088,2300
1984-02-27,0.0,12.875,12.625,12.875,0.9993395805358888,1200
1984-02-28,0.0,12.875,12.625,12.625,0.9799349904060364,3600
1984-02-29,0.0,12.875,12.625,12.75,0.9896376132965088,2300
1984-03-01,0.0,12.875,12.75,12.875,0.9993395805358888,3900
1984-03-02,0.0,12.875,12.75,12.875,0.9993395805358888,2900
1984-03-05,0.0,12.875,12.75,12.875,0.9993395805358888,3500
1984-03-06,0.0,12.75,12.625,12.625,0.9799349904060364,6000
1984-03-07,0.0,12.75,12.625,12.625,0.9799349904060364,1900
1984-03-08,0.0,12.75,12.625,12.75,0.9896376132965088,800
1984-03-09,0.0,12.75,12.625,12.625,0.9799349904060364,3100
1984-03-12,0.0,12.625,12.625,12.625,0.9799349904060364,6000
1984-03-13,0.0,12.875,12.375,12.875,0.9993395805358888,3900
1984-03-14,0.0,12.75,12.625,12.625,0.9799349904060364,6700
1984-03-15,0.0,12.75,12.625,12.625,0.9799349904060364,2700
1984-03-16,0.0,12.875,12.625,12.875,0.9993395805358888,6800
1984-03-19,0.0,12.75,12.625,12.625,0.9799349904060364,4100
1984-03-20,0.0,12.75,12.625,12.625,0.9799349904060364,4200
1984-03-21,0.0,12.75,12.625,12.625,0.9799349904060364,1300
1984-03-22,0.0,12.75,12.625,12.625,0.9799349904060364,6300
1984-03-23,0.0,12.75,12.625,12.625,0.9799349904060364,5000
1984-03-26,0.0,12.75,12.5,12.75,0.9896376132965088,2500
1984-03-27,0.0,12.625,12.5,12.625,0.9799349904060364,4400
1984-03-28,0.0,12.75,12.5,12.75,0.9896376132965088,3400
1984-03-29,0.0,12.75,12.5,12.625,0.9799349904060364,3700
1984-03-30,0.0,12.625,12.5,12.625,0.9799349904060364,1900
1984-04-02,0.0,12.75,12.625,12.625,0.9799349904060364,2400
1984-04-03,0.0,12.75,12.5,12.625,0.9799349904060364,4200
1984-04-04,0.0,12.75,12.625,12.75,0.9896376132965088,3000
1984-04-05,0.0,12.75,12.625,12.625,0.9799349904060364,7400
1984-04-06,0.0,12.75,12.625,12.625,0.9799349904060364,4800
1984-04-09,0.0,12.75,12.5,12.75,0.9896376132965088,3600
1984-04-10,0.0,12.375,12.125,12.25,0.9508278965950012,9300
1984-04-11,0.0,12.375,12.25,12.375,0.9605302810668944,1200
1984-04-12,0.0,12.25,12.125,12.25,0.9508278965950012,6600
1984-04-13,0.0,12.25,12.125,12.25,0.9508278965950012,1900
1984-04-16,0.0,12.25,11.875,12.0,0.9314231276512146,6500
1984-04-17,0.0,12.25,12.0,12.125,0.941125214099884,1700
1984-04-18,0.0,12.375,12.125,12.375,0.9605302810668944,1500
1984-04-19,0.0,12.375,12.25,12.375,0.9605302810668944,4400
1984-04-23,0.0,12.375,12.25,12.375,0.9605302810668944,4400
1984-04-24,0.0,12.25,12.25,12.25,0.9508278965950012,5800
1984-04-25,0.0,12.5,12.125,12.375,0.9605302810668944,29900
1984-04-26,0.0,12.5,12.25,12.5,0.9702324867248536,9000
1984-04-27,0.0,12.5,12.375,12.375,0.9605302810668944,4100
1984-04-30,0.0,12.5,12.25,12.375,0.9605302810668944,5700
1984-05-01,0.0,12.375,12.25,12.25,0.9508278965950012,2300
1984-05-02,0.0,12.5,12.25,12.25,0.9508278965950012,6100
1984-05-03,0.0,12.5,12.25,12.5,0.9702324867248536,3900
1984-05-04,0.0,12.375,12.25,12.375,0.9605302810668944,2800
1984-05-07,0.0,12.25,12.25,12.25,0.9508278965950012,3000
1984-05-08,0.0,12.25,12.125,12.25,0.9508278965950012,11000
1984-05-09,0.0,12.25,12.125,12.125,0.941125214099884,2800
1984-05-10,0.0,12.25,12.125,12.125,0.941125214099884,2000
1984-05-11,0.0,12.25,12.125,12.125,0.941125214099884,6000
1984-05-14,0.0,12.25,12.125,12.125,0.941125214099884,5600
1984-05-15,0.0,12.25,12.125,12.125,0.941125214099884,5200
1984-05-16,0.0,12.125,12.0,12.125,0.941125214099884,3300
1984-05-17,0.0,12.25,12.0,12.125,0.941125214099884,3100
1984-05-18,0.0,12.125,12.0,12.0,0.9314231276512146,11800
1984-05-21,0.0,12.25,12.0,12.0,0.9314231276512146,6500
1984-05-22,0.0,12.125,12.0,12.0,0.9314231276512146,3600
1984-05-23,0.0,12.125,12.0,12.125,0.941125214099884,3100
1984-05-24,0.0,12.0,12.0,12.0,0.9314231276512146,3000
1984-05-25,0.0,12.125,12.0,12.0,0.9314231276512146,2000
1984-05-29,0.0,12.25,11.875,12.25,0.9508278965950012,7200
1984-05-30,0.0,11.875,11.875,11.875,0.9217206239700316,1900
1984-05-31,0.0,12.125,11.875,11.875,0.9217206239700316,6100
1984-06-01,0.0,12.0,11.875,11.875,0.9217206239700316,3600
1984-06-04,0.0,12.0,11.875,11.875,0.9217206239700316,2200
1984-06-05,0.0,12.125,11.875,11.875,0.9217206239700316,3700
1984-06-06,0.0,12.0,11.875,11.875,0.9217206239700316,6600
1984-06-07,0.0,12.0,11.875,11.875,0.9217206239700316,1100
1984-06-08,0.0,12.0,11.875,12.0,0.9314231276512146,2600
1984-06-11,0.0,11.875,11.875,11.875,0.9217206239700316,2200
1984-06-12,0.0,12.0,11.875,12.0,0.9314231276512146,3900
1984-06-13,0.0,12.125,12.0,12.125,0.941125214099884,10100
1984-06-14,0.0,12.125,12.0,12.125,0.941125214099884,1600
1984-06-15,0.0,12.125,12.0,12.0,0.9314231276512146,2100
1984-06-18,0.0,12.125,12.0,12.0,0.9314231276512146,1900
1984-06-19,0.0,12.125,11.875,12.0,0.9314231276512146,4700
1984-06-20,0.0,12.25,12.0,12.0,0.9314231276512146,2200
1984-06-21,0.0,12.25,12.0,12.0,0.9314231276512146,1000
1984-06-22,0.0,12.125,12.0,12.0,0.9314231276512146,1800
1984-06-25,0.0,12.125,11.875,11.875,0.9217206239700316,7100
1984-06-26,0.0,12.0,11.875,11.875,0.9217206239700316,2900
1984-06-27,0.0,11.875,11.875,11.875,0.9217206239700316,2900
1984-06-28,0.0,12.0,11.875,11.875,0.9217206239700316,1800
1984-06-29,0.0,12.125,12.0,12.0,0.9314231276512146,2200
1984-07-02,0.0,12.125,12.0,12.125,0.941125214099884,1900
1984-07-03,0.0,12.125,12.0,12.0,0.9314231276512146,4600
1984-07-05,0.0,12.25,12.0,12.25,0.9508278965950012,1300
1984-07-06,0.0,12.25,12.125,12.125,0.941125214099884,1600
1984-07-09,0.0,12.25,12.0,12.0,0.9314231276512146,5500
1984-07-10,0.0,12.125,12.0,12.125,0.941125214099884,1100
1984-07-11,0.0,11.875,11.5,11.625,0.9023163318634032,11200
1984-07-12,0.0,11.75,11.625,11.625,0.9023163318634032,4200
1984-07-13,0.0,11.75,11.625,11.75,0.9120191931724548,2700
1984-07-16,0.0,11.75,11.75,11.75,0.9120191931724548,500
1984-07-17,0.0,11.75,11.625,11.75,0.9120191931724548,400
1984-07-18,0.0,11.625,11.625,11.625,0.9023163318634032,600
1984-07-19,0.0,11.625,11.625,11.625,0.9023163318634032,200
1984-07-20,0.0,11.75,11.625,11.625,0.9023163318634032,5700
1984-07-23,0.0,11.75,11.625,11.625,0.9023163318634032,2300
1984-07-24,0.0,11.875,11.75,11.875,0.9217206239700316,3100
1984-07-25,0.0,11.875,11.75,11.75,0.9120191931724548,2600
1984-07-26,0.0,12.0,11.875,11.875,0.9217206239700316,9600
1984-07-27,0.0,12.0,11.875,12.0,0.9314231276512146,4400
1984-07-30,0.0,12.0,11.875,12.0,0.9314231276512146,30300
1984-07-31,0.0,12.125,11.875,11.875,0.9217206239700316,8700
1984-08-01,0.0,12.125,11.875,12.125,0.941125214099884,14400
1984-08-02,0.0,12.25,12.125,12.25,0.9508278965950012,3000
1984-08-03,0.0,12.375,12.125,12.125,0.941125214099884,11700
1984-08-06,0.0,12.25,12.0,12.0,0.9314231276512146,4800
1984-08-07,0.0,12.25,12.0,12.0,0.9314231276512146,4900
1984-08-08,0.0,12.125,12.0,12.0,0.9314231276512146,1200
1984-08-09,0.0,12.125,12.0,12.125,0.941125214099884,3500
1984-08-10,0.0,12.125,12.0,12.0,0.9314231276512146,3700
1984-08-13,0.0,12.0,11.875,12.0,0.9314231276512146,2400
1984-08-14,0.0,12.0,11.875,11.875,0.9217206239700316,2500
1984-08-15,0.0,12.0,11.875,11.875,0.9217206239700316,2400
1984-08-16,0.0,12.125,11.875,12.0,0.9314231276512146,9700
1984-08-17,0.0,12.125,12.0,12.125,0.941125214099884,2700
1984-08-20,0.0,12.125,12.0,12.0,0.9314231276512146,4800
1984-08-21,0.0,12.25,12.0,12.25,0.9508278965950012,5000
1984-08-22,0.0,12.375,12.125,12.125,0.941125214099884,5200
1984-08-23,0.0,12.25,12.125,12.125,0.941125214099884,1700
1984-08-24,0.0,12.25,12.125,12.125,0.941125214099884,4600
1984-08-27,0.0,12.25,12.125,12.25,0.9508278965950012,2600
1984-08-28,0.0,12.125,12.0,12.125,0.941125214099884,5200
1984-08-29,0.0,12.25,12.0,12.25,0.9508278965950012,4200
1984-08-30,0.0,12.25,12.125,12.125,0.941125214099884,1800
1984-08-31,0.0,12.25,12.0,12.0,0.9314231276512146,9900
1984-09-04,0.0,12.25,12.0,12.125,0.941125214099884,5900
1984-09-05,0.0,12.0,12.0,12.0,0.9314231276512146,1900
1984-09-06,0.0,12.125,12.0,12.125,0.941125214099884,2000
1984-09-07,0.0,12.25,12.125,12.125,0.941125214099884,6700
1984-09-10,0.0,12.25,12.125,12.125,0.941125214099884,3800
1984-09-11,0.0,12.25,12.125,12.25,0.9508278965950012,3300
1984-09-12,0.0,12.25,12.125,12.125,0.941125214099884,1900
1984-09-13,0.0,12.25,12.125,12.125,0.941125214099884,2400
1984-09-14,0.0,12.375,12.25,12.25,0.9508278965950012,2700
1984-09-17,0.0,12.375,12.25,12.25,0.9508278965950012,1600
1984-09-18,0.0,12.375,12.25,12.25,0.9508278965950012,700
1984-09-19,0.0,12.375,12.25,12.25,0.9508278965950012,7100
1984-09-20,0.0,12.375,12.25,12.375,0.9605302810668944,2900
1984-09-21,0.0,12.625,12.25,12.375,0.9605302810668944,3300
1984-09-24,0.0,12.625,12.375,12.625,0.9799349904060364,4400
1984-09-25,0.0,12.5,12.25,12.25,0.9508278965950012,6700
1984-09-26,0.0,12.5,12.375,12.375,0.9605302810668944,6100
1984-09-27,0.0,12.5,12.375,12.5,0.9702324867248536,5400
1984-09-28,0.0,12.5,12.375,12.375,0.9605302810668944,3700
1984-10-01,0.0,12.5,12.375,12.375,0.9605302810668944,2800
1984-10-02,0.0,12.5,12.375,12.375,0.9605302810668944,5800
1984-10-03,0.0,12.5,12.375,12.5,0.9702324867248536,5700
1984-10-04,0.0,12.5,12.375,12.375,0.9605302810668944,7400
1984-10-05,0.0,12.5,12.375,12.5,0.9702324867248536,2600
1984-10-08,0.0,12.5,12.5,12.5,0.9702324867248536,600
1984-10-09,0.0,12.5,12.375,12.5,0.9702324867248536,18100
1984-10-10,0.0,12.625,12.375,12.625,0.9799349904060364,6700
1984-10-11,0.0,12.25,12.0,12.125,0.941125214099884,9600
1984-10-12,0.0,12.25,12.125,12.25,0.9508278965950012,2800
1984-10-15,0.0,12.375,12.125,12.125,0.941125214099884,3300
1984-10-16,0.0,12.25,12.125,12.25,0.9508278965950012,4400
1984-10-17,0.0,12.25,12.125,12.25,0.9508278965950012,2100
1984-10-18,0.0,12.5,12.25,12.5,0.9702324867248536,10900
1984-10-19,0.0,12.75,12.375,12.625,0.9799349904060364,15000
1984-10-22,0.0,12.75,12.5,12.625,0.9799349904060364,7000
1984-10-23,0.0,12.875,12.5,12.75,0.9896376132965088,44900
1984-10-24,0.0,12.875,12.625,12.75,0.9896376132965088,22300
1984-10-25,0.0,13.0,12.75,12.875,0.9993395805358888,34200
1984-10-26,0.0,13.0,12.875,12.875,0.9993395805358888,23800
1984-10-29,0.0,12.875,12.875,12.875,0.9993395805358888,2000
1984-10-30,0.0,12.875,12.75,12.75,0.9896376132965088,6300
1984-10-31,0.0,12.875,12.625,12.875,0.9993395805358888,5200
1984-11-01,0.0,12.875,12.75,12.875,0.9993395805358888,3300
1984-11-02,0.0,12.875,12.75,12.875,0.9993395805358888,4600
1984-11-05,0.0,12.875,12.75,12.75,0.9896376132965088,6200
1984-11-06,0.0,12.875,12.625,12.75,0.9896376132965088,5100
1984-11-07,0.0,12.875,12.75,12.75,0.9896376132965088,4200
1984-11-08,0.0,12.875,12.625,12.625,0.9799349904060364,8900
1984-11-09,0.0,12.875,12.625,12.875,0.9993395805358888,8700
1984-11-12,0.0,13.0,12.875,13.0,1.009041666984558,28200
1984-11-13,0.0,13.0,12.75,12.75,0.9896376132965088,8000
1984-11-14,0.0,12.875,12.625,12.875,0.9993395805358888,4400
1984-11-15,0.0,12.875,12.625,12.75,0.9896376132965088,8700
1984-11-16,0.0,12.875,12.75,12.875,0.9993395805358888,4000
1984-11-19,0.0,12.875,12.75,12.75,0.9896376132965088,20500
1984-11-20,0.0,12.875,12.75,12.875,0.9993395805358888,10500
1984-11-21,0.0,13.0,12.875,13.0,1.009041666984558,7900
1984-11-23,0.0,13.0,12.875,13.0,1.009041666984558,11100
1984-11-26,0.0,13.125,13.0,13.0,1.009041666984558,7900
1984-11-27,0.0,13.25,13.0,13.0,1.009041666984558,17800
1984-11-28,0.0,13.125,13.0,13.0,1.009041666984558,5100
1984-11-29,0.0,13.125,13.0,13.125,1.0187439918518066,8700
1984-11-30,0.0,13.125,13.0,13.0,1.009041666984558,2300
1984-12-03,0.0,13.125,13.0,13.125,1.0187439918518066,5900
1984-12-04,0.0,13.125,13.0,13.125,1.0187439918518066,4800
1984-12-05,0.0,13.125,13.0,13.0,1.009041666984558,5000
1984-12-06,0.0,13.0,12.875,12.875,0.9993395805358888,4000
1984-12-07,0.0,13.125,12.875,13.125,1.0187439918518066,6200
1984-12-10,0.0,13.125,13.0,13.125,1.0187439918518066,4200
1984-12-11,0.0,13.25,13.125,13.125,1.0187439918518066,3900
1984-12-12,0.0,13.25,13.125,13.125,1.0187439918518066,2700
1984-12-13,0.0,13.25,13.125,13.125,1.0187439918518066,5400
1984-12-14,0.0,13.25,13.0,13.125,1.0187439918518066,6800
1984-12-17,0.0,13.25,13.125,13.25,1.0284467935562134,3200
1984-12-18,0.0,13.5,13.375,13.375,1.0381485223770142,6800
1984-12-19,0.0,13.375,13.125,13.25,1.0284467935562134,5400
1984-12-20,0.0,13.375,13.25,13.25,1.0284467935562134,5300
1984-12-21,0.0,13.375,13.25,13.25,1.0284467935562134,4800
1984-12-24,0.0,13.25,13.125,13.25,1.0284467935562134,4200
1984-12-26,0.0,13.25,13.125,13.25,1.0284467935562134,3500
1984-12-27,0.0,13.375,13.25,13.25,1.0284467935562134,4900
1984-12-28,0.0,13.5,13.25,13.375,1.0381485223770142,4300
1984-12-31,0.0,13.375,13.25,13.25,1.0284467935562134,8300
1985-01-02,0.0,13.375,13.25,13.25,1.0284467935562134,2700
1985-01-03,0.0,13.5,13.25,13.375,1.0381485223770142,6900
1985-01-04,0.0,13.375,13.25,13.375,1.0381485223770142,9300
1985-01-07,0.0,13.5,13.375,13.5,1.047851324081421,18900
1985-01-08,0.0,13.5,13.375,13.5,1.047851324081421,29500
1985-01-09,0.0,13.625,13.5,13.625,1.0575541257858276,9600
1985-01-10,0.0,13.625,13.5,13.5,1.047851324081421,5500
1985-01-11,0.0,13.375,13.0,13.375,1.0381485223770142,9000
1985-01-14,0.0,13.375,13.25,13.375,1.0381485223770142,6900
1985-01-15,0.0,13.375,13.125,13.25,1.0284467935562134,5500
1985-01-16,0.0,13.375,13.25,13.25,1.0284467935562134,18300
1985-01-17,0.0,13.625,13.375,13.375,1.0381485223770142,3900
1985-01-18,0.0,13.5,13.375,13.5,1.047851324081421,5400
1985-01-21,0.0,13.375,13.25,13.25,1.0284467935562134,7000
1985-01-22,0.0,13.5,13.375,13.5,1.047851324081421,9300
1985-01-23,0.0,13.5,13.375,13.5,1.047851324081421,24900
1985-01-24,0.0,13.5,13.375,13.5,1.047851324081421,11200
1985-01-25,0.0,13.5,13.375,13.5,1.047851324081421,10600
1985-01-28,0.0,13.625,13.375,13.5,1.047851324081421,44400
1985-01-29,0.0,13.625,13.5,13.5,1.047851324081421,4300
1985-01-30,0.0,13.625,13.5,13.625,1.0575541257858276,12400
1985-01-31,0.0,13.625,13.625,13.625,1.0575541257858276,3200
1985-02-01,0.0,13.625,13.5,13.5,1.047851324081421,8300
1985-02-04,0.0,13.5,13.375,13.5,1.047851324081421,1700
1985-02-05,0.0,13.5,13.375,13.5,1.047851324081421,9200
1985-02-06,0.0,13.5,13.375,13.375,1.0381485223770142,10600
1985-02-07,0.0,13.5,13.375,13.375,1.0381485223770142,7000
1985-02-08,0.0,13.375,13.25,13.25,1.0284467935562134,4600
1985-02-11,0.0,13.375,13.25,13.375,1.0381485223770142,16500
1985-02-12,0.0,13.375,13.25,13.375,1.0381485223770142,6400
1985-02-13,0.0,13.375,13.25,13.25,1.0284467935562134,4400
1985-02-14,0.0,13.375,13.25,13.25,1.0284467935562134,3300
1985-02-15,0.0,13.375,13.125,13.25,1.0284467935562134,9400
1985-02-19,0.0,13.375,13.25,13.25,1.0284467935562134,4500
1985-02-20,0.0,13.375,13.25,13.375,1.0381485223770142,6100
1985-02-21,0.0,13.375,13.125,13.25,1.0284467935562134,3200
1985-02-22,0.0,13.375,13.125,13.25,1.0284467935562134,9000
1985-02-25,0.0,13.25,13.125,13.25,1.0284467935562134,6900
1985-02-26,0.0,13.25,13.125,13.25,1.0284467935562134,8500
1985-02-27,0.0,13.25,13.125,13.125,1.0187439918518066,16800
1985-02-28,0.0,13.25,13.125,13.125,1.0187439918518066,2200
1985-03-01,0.0,13.25,13.0,13.0,1.009041666984558,7300
1985-03-04,0.0,13.125,13.0,13.0,1.009041666984558,4000
1985-03-05,0.0,13.125,13.0,13.125,1.0187439918518066,6600
1985-03-06,0.0,13.125,13.0,13.125,1.0187439918518066,4200
1985-03-07,0.0,13.125,13.0,13.125,1.0187439918518066,4900
1985-03-08,0.0,13.125,13.0,13.125,1.0187439918518066,2200
1985-03-11,0.0,13.125,13.0,13.0,1.009041666984558,2300
1985-03-12,0.0,13.125,13.0,13.0,1.009041666984558,7300
1985-03-13,0.0,13.125,13.0,13.0,1.009041666984558,5100
1985-03-14,0.0,13.25,13.0,13.25,1.0284467935562134,5900
1985-03-15,0.0,13.375,13.125,13.375,1.0381485223770142,18400
1985-03-18,0.0,13.25,13.125,13.125,1.0187439918518066,5900
1985-03-19,0.0,13.25,13.125,13.125,1.0187439918518066,2300
1985-03-20,0.0,13.375,13.25,13.25,1.0284467935562134,8700
1985-03-21,0.0,13.375,13.25,13.375,1.0381485223770142,6000
1985-03-22,0.0,13.375,13.25,13.25,1.0284467935562134,9100
1985-03-25,0.0,13.375,13.25,13.25,1.0284467935562134,4300
1985-03-26,0.0,13.375,13.25,13.25,1.0284467935562134,4800
1985-03-27,0.0,13.375,13.25,13.375,1.0381485223770142,2500
1985-03-28,0.0,13.375,13.25,13.375,1.0381485223770142,4900
1985-03-29,0.0,13.5,13.25,13.375,1.0381485223770142,4900
1985-04-01,0.0,13.5,13.375,13.375,1.0381485223770142,14800
1985-04-02,0.0,13.5,13.375,13.5,1.047851324081421,3700
1985-04-03,0.0,13.5,13.375,13.375,1.0381485223770142,11500
1985-04-04,0.0,13.5,13.375,13.5,1.047851324081421,11000
1985-04-08,0.0,13.5,13.25,13.375,1.0381485223770142,8000
1985-04-09,0.0,13.5,13.375,13.5,1.047851324081421,16500
1985-04-10,0.0,13.25,13.125,13.125,1.0187439918518066,1900
1985-04-11,0.0,13.375,13.125,13.125,1.0187439918518066,4400
1985-04-12,0.0,13.375,13.125,13.375,1.0381485223770142,2300
1985-04-15,0.0,13.5,13.25,13.25,1.0284467935562134,6300
1985-04-16,0.0,13.5,13.25,13.375,1.0381485223770142,8300
1985-04-17,0.0,13.5,13.375,13.375,1.0381485223770142,5000
1985-04-18,0.0,13.625,13.375,13.375,1.0381485223770142,6000
1985-04-19,0.0,13.5,13.375,13.5,1.047851324081421,10800
1985-04-22,0.0,13.625,13.5,13.5,1.047851324081421,5400
1985-04-23,0.0,13.625,13.5,13.625,1.0575541257858276,9500
1985-04-24,0.0,13.625,13.5,13.5,1.047851324081421,4400
1985-04-25,0.0,13.625,13.5,13.625,1.0575541257858276,48000
1985-04-26,0.0,13.625,13.5,13.5,1.047851324081421,7300
1985-04-29,0.0,13.625,13.5,13.5,1.047851324081421,16500
1985-04-30,0.0,13.625,13.5,13.5,1.047851324081421,5000
1985-05-01,0.0,13.5,13.375,13.375,1.0381485223770142,3000
1985-05-02,0.0,13.375,13.125,13.25,1.0284467935562134,7600
1985-05-03,0.0,13.375,13.25,13.375,1.0381485223770142,9100
1985-05-06,0.0,13.5,13.375,13.5,1.047851324081421,2100
1985-05-07,0.0,13.5,13.375,13.5,1.047851324081421,1800
1985-05-08,0.0,13.5,13.375,13.375,1.0381485223770142,7300
1985-05-09,0.0,13.625,13.375,13.625,1.0575541257858276,4200
1985-05-10,0.0,13.625,13.5,13.625,1.0575541257858276,4900
1985-05-13,0.0,13.75,13.625,13.75,1.0672554969787598,12100
1985-05-14,0.0,13.875,13.5,13.875,1.076958179473877,13400
1985-05-15,0.0,13.875,13.75,13.75,1.0672554969787598,3100
1985-05-16,0.0,13.875,13.75,13.75,1.0672554969787598,5100
1985-05-17,0.0,13.875,13.75,13.75,1.0672554969787598,6200
1985-05-20,0.0,14.125,14.0,14.125,1.096363186836243,10600
1985-05-21,0.0,14.125,13.875,14.0,1.0866607427597046,7500
1985-05-22,0.0,14.125,13.875,14.125,1.096363186836243,6000
1985-05-23,0.0,14.125,14.0,14.125,1.096363186836243,8200
1985-05-24,0.0,14.0,13.875,13.875,1.076958179473877,3200
1985-05-28,0.0,14.125,14.0,14.125,1.096363186836243,6500
1985-05-29,0.0,14.375,14.0,14.25,1.1060653924942017,8500
1985-05-30,0.0,14.5,14.25,14.25,1.1060653924942017,8600
1985-05-31,0.0,14.5,14.375,14.375,1.1157668828964231,8100
1985-06-03,0.0,14.375,14.25,14.25,1.1060653924942017,4300
1985-06-04,0.0,14.5,14.25,14.375,1.1157668828964231,8200
1985-06-05,0.0,15.125,14.5,14.625,1.135171890258789,12800
1985-06-06,0.0,14.875,14.75,14.75,1.1448745727539062,4600
1985-06-07,0.0,14.875,14.625,14.625,1.135171890258789,8500
1985-06-10,0.0,14.75,14.375,14.625,1.135171890258789,4700
1985-06-11,0.0,14.75,14.625,14.75,1.1448745727539062,7100
1985-06-12,0.0,14.75,14.625,14.625,1.135171890258789,2000
1985-06-13,0.0,14.875,14.75,14.75,1.1448745727539062,11500
1985-06-14,0.0,14.875,14.625,14.625,1.135171890258789,5800
1985-06-17,0.0,14.75,14.5,14.75,1.1448745727539062,2900
1985-06-18,0.0,15.0,14.75,14.875,1.154577136039734,8700
1985-06-19,0.0,15.0,14.75,14.75,1.1448745727539062,4900
1985-06-20,0.0,15.0,14.625,14.625,1.135171890258789,15800
1985-06-21,0.0,14.75,14.625,14.75,1.1448745727539062,3100
1985-06-24,0.0,14.625,14.5,14.5,1.1254700422286987,8200
1985-06-25,0.0,14.875,14.5,14.875,1.154577136039734,6000
1985-06-26,0.0,14.75,14.625,14.625,1.135171890258789,1800
1985-06-27,0.0,14.75,14.625,14.625,1.135171890258789,2100
1985-06-28,0.0,14.875,14.625,14.625,1.135171890258789,17600
1985-07-01,0.0,14.75,14.625,14.625,1.135171890258789,2900
1985-07-02,0.0,14.875,14.625,14.75,1.1448745727539062,3900
1985-07-03,0.0,14.875,14.75,14.75,1.1448745727539062,2100
1985-07-05,0.0,14.875,14.75,14.75,1.1448745727539062,5300
1985-07-08,0.0,14.875,14.625,14.875,1.154577136039734,4300
1985-07-09,0.0,15.0,14.75,15.0,1.1642786264419556,2900
1985-07-10,0.0,15.0,14.75,15.0,1.1642786264419556,3300
1985-07-11,0.0,14.5,14.25,14.375,1.1157668828964231,8500
1985-07-12,0.0,14.5,14.25,14.5,1.1254700422286987,7000
1985-07-15,0.0,14.5,14.25,14.5,1.1254700422286987,4300
1985-07-16,0.0,14.5,14.25,14.375,1.1157668828964231,11300
1985-07-17,0.0,14.5,14.375,14.5,1.1254700422286987,14100
1985-07-18,0.0,14.5,14.375,14.375,1.1157668828964231,3700
1985-07-19,0.0,14.5,14.375,14.375,1.1157668828964231,6100
1985-07-22,0.0,14.5,14.25,14.25,1.1060653924942017,8800
1985-07-23,0.0,14.375,14.25,14.375,1.1157668828964231,5800
1985-07-24,0.0,14.375,14.25,14.375,1.1157668828964231,9200
1985-07-25,0.0,14.5,14.25,14.5,1.1254700422286987,10700
1985-07-26,0.0,14.75,14.5,14.5,1.1254700422286987,38100
1985-07-29,0.0,14.5,14.375,14.375,1.1157668828964231,3200
1985-07-30,0.0,14.375,14.25,14.25,1.1060653924942017,5200
1985-07-31,0.0,14.375,14.25,14.25,1.1060653924942017,7000
1985-08-01,0.0,14.375,14.125,14.375,1.1157668828964231,15300
1985-08-02,0.0,14.375,14.25,14.375,1.1157668828964231,8100
1985-08-05,0.0,14.5,14.25,14.25,1.1060653924942017,3800
1985-08-06,0.0,14.375,14.25,14.25,1.1060653924942017,35700
1985-08-07,0.0,14.375,14.125,14.375,1.1157668828964231,5000
1985-08-08,0.0,14.5,14.25,14.375,1.1157668828964231,42000
1985-08-09,0.0,14.5,14.375,14.5,1.1254700422286987,1200
1985-08-12,0.0,14.5,14.375,14.375,1.1157668828964231,1000
1985-08-13,0.0,14.5,14.375,14.5,1.1254700422286987,12500
1985-08-14,0.0,14.5,14.375,14.375,1.1157668828964231,3300
1985-08-15,0.0,14.5,14.375,14.375,1.1157668828964231,7900
1985-08-16,0.0,14.375,14.25,14.375,1.1157668828964231,6100
1985-08-19,0.0,14.375,14.25,14.25,1.1060653924942017,2500
1985-08-20,0.0,14.25,14.125,14.25,1.1060653924942017,2900
1985-08-21,0.0,14.375,14.25,14.375,1.1157668828964231,3500
1985-08-22,0.0,14.375,14.25,14.375,1.1157668828964231,3300
1985-08-23,0.0,14.375,14.25,14.375,1.1157668828964231,4000
1985-08-26,0.0,14.5,14.25,14.5,1.1254700422286987,6400
1985-08-27,0.0,14.5,14.375,14.5,1.1254700422286987,5600
1985-08-28,0.0,14.5,14.375,14.5,1.1254700422286987,1100
1985-08-29,0.0,14.5,14.375,14.375,1.1157668828964231,4200
1985-08-30,0.0,14.5,14.25,14.5,1.1254700422286987,4800
1985-09-03,0.0,14.5,14.25,14.25,1.1060653924942017,4200
1985-09-04,0.0,14.5,14.25,14.375,1.1157668828964231,11300
1985-09-05,0.0,14.5,14.375,14.375,1.1157668828964231,4000
1985-09-06,0.0,14.5,14.25,14.375,1.1157668828964231,7300
1985-09-09,0.0,14.5,14.375,14.5,1.1254700422286987,3800
1985-09-10,0.0,14.625,14.375,14.375,1.1157668828964231,6800
1985-09-11,0.0,14.375,14.375,14.375,1.1157668828964231,1500
1985-09-12,0.0,14.375,14.25,14.375,1.1157668828964231,5400
1985-09-13,0.0,14.375,14.25,14.375,1.1157668828964231,3800
1985-09-16,0.0,14.5,14.375,14.5,1.1254700422286987,4500
1985-09-17,0.0,14.5,14.25,14.25,1.1060653924942017,7100
1985-09-18,0.0,14.375,14.25,14.25,1.1060653924942017,3400
1985-09-19,0.0,14.5,14.25,14.375,1.1157668828964231,6000
1985-09-20,0.0,14.5,14.5,14.5,1.1254700422286987,2600
1985-09-23,0.0,14.625,14.375,14.375,1.1157668828964231,4200
1985-09-24,0.0,14.625,14.375,14.5,1.1254700422286987,4500
1985-09-25,0.0,14.625,14.5,14.5,1.1254700422286987,4300
1985-09-26,0.0,14.625,14.375,14.5,1.1254700422286987,6300
1985-09-30,0.0,14.625,14.375,14.375,1.1157668828964231,11300
1985-10-01,0.0,14.625,14.375,14.375,1.1157668828964231,3400
1985-10-02,0.0,14.625,14.375,14.375,1.1157668828964231,4100
1985-10-03,0.0,14.625,14.375,14.375,1.1157668828964231,2300
1985-10-04,0.0,14.625,14.375,14.625,1.135171890258789,2100
1985-10-07,0.0,14.875,14.5,14.875,1.154577136039734,6200
1985-10-08,0.0,14.75,14.625,14.625,1.135171890258789,4100
1985-10-09,0.0,14.75,14.5,14.75,1.1448745727539062,9500
1985-10-10,0.0,14.25,14.125,14.125,1.096363186836243,9800
1985-10-11,0.0,14.25,14.125,14.25,1.1060653924942017,600
1985-10-14,0.0,14.25,14.125,14.125,1.096363186836243,3500
1985-10-15,0.0,14.25,14.125,14.125,1.096363186836243,2300
1985-10-16,0.0,14.25,14.125,14.25,1.1060653924942017,8300
1985-10-17,0.0,14.25,14.125,14.125,1.096363186836243,7700
1985-10-18,0.0,14.25,14.125,14.125,1.096363186836243,4900
1985-10-21,0.0,14.375,14.25,14.375,1.1157668828964231,6200
1985-10-22,0.0,14.375,14.25,14.25,1.1060653924942017,8600
1985-10-23,0.0,14.375,14.25,14.25,1.1060653924942017,3900
1985-10-24,0.0,14.5,14.25,14.25,1.1060653924942017,11000
1985-10-25,0.0,14.5,14.125,14.5,1.1254700422286987,19700
1985-10-28,0.0,14.375,14.25,14.25,1.1060653924942017,4900
1985-10-29,0.0,14.5,14.375,14.5,1.1254700422286987,34100
1985-10-30,0.0,14.625,14.5,14.625,1.135171890258789,10400
1985-10-31,0.0,14.625,14.5,14.5,1.1254700422286987,3600
1985-11-01,0.0,14.75,14.5,14.75,1.1448745727539062,14800
1985-11-04,0.0,14.75,14.625,14.625,1.135171890258789,4600
1985-11-05,0.0,14.75,14.5,14.5,1.1254700422286987,4000
1985-11-06,0.0,14.625,14.5,14.625,1.135171890258789,10000
1985-11-07,0.0,14.75,14.625,14.625,1.135171890258789,3800
1985-11-08,0.0,14.75,14.625,14.625,1.135171890258789,2400
1985-11-11,0.0,14.75,14.625,14.75,1.1448745727539062,3800
1985-11-12,0.0,15.0,14.625,14.875,1.154577136039734,18800
1985-11-13,0.0,15.0,14.875,14.875,1.154577136039734,4200
1985-11-14,0.0,15.0,14.875,14.875,1.154577136039734,2400
1985-11-15,0.0,15.0,14.875,15.0,1.1642786264419556,4900
1985-11-18,0.0,15.125,14.875,15.0,1.1642786264419556,8400
1985-11-19,0.0,15.125,15.0,15.0,1.1642786264419556,9100
1985-11-20,0.0,15.0,14.875,15.0,1.1642786264419556,3200
1985-11-21,0.0,15.0,14.875,15.0,1.1642786264419556,7700
1985-11-22,0.0,15.0,14.875,15.0,1.1642786264419556,5800
1985-11-25,0.0,15.0,14.875,14.875,1.154577136039734,2100
1985-11-26,0.0,15.0,14.875,14.875,1.154577136039734,3300
1985-11-27,0.0,15.0,14.875,15.0,1.1642786264419556,3600
1985-11-29,0.0,15.0,14.875,15.0,1.1642786264419556,3800
1985-12-02,0.0,15.0,14.875,15.0,1.1642786264419556,7600
1985-12-03,0.0,15.0,14.875,14.875,1.154577136039734,7300
1985-12-04,0.0,15.0,14.875,15.0,1.1642786264419556,9500
1985-12-05,0.0,15.0,14.875,15.0,1.1642786264419556,11100
1985-12-06,0.0,14.875,14.875,14.875,1.154577136039734,4500
1985-12-09,0.0,15.0,14.875,14.875,1.154577136039734,3500
1985-12-10,0.0,15.125,15.0,15.125,1.1739813089370728,7600
1985-12-11,0.0,15.25,15.0,15.125,1.1739813089370728,7000
1985-12-12,0.0,15.25,15.0,15.125,1.1739813089370728,6000
1985-12-13,0.0,15.25,15.0,15.0,1.1642786264419556,6100
1985-12-16,0.0,15.375,15.0,15.25,1.18368399143219,4400
1985-12-17,0.0,15.375,15.125,15.375,1.1933860778808594,9100
1985-12-18,0.0,15.375,15.25,15.25,1.18368399143219,7400
1985-12-19,0.0,15.375,15.25,15.25,1.18368399143219,4800
1985-12-20,0.0,15.375,15.25,15.25,1.18368399143219,7800
1985-12-23,0.0,15.375,15.25,15.25,1.18368399143219,2700
1985-12-24,0.0,15.5,15.25,15.25,1.18368399143219,7000
1985-12-26,0.0,15.5,15.375,15.5,1.2030885219573977,2300
1985-12-27,0.0,15.625,15.375,15.5,1.2030885219573977,6500
1985-12-30,0.0,15.75,15.375,15.75,1.222493052482605,12800
1985-12-31,0.0,15.75,15.625,15.75,1.222493052482605,7300
1986-01-02,0.0,15.875,15.625,15.875,1.232195258140564,9100
1986-01-03,0.0,16.0,15.75,16.0,1.2418980598449707,4400
1986-01-06,0.0,16.0,15.75,15.75,1.222493052482605,5600
1986-01-07,0.0,15.875,15.75,15.75,1.222493052482605,7900
1986-01-08,0.0,15.875,15.75,15.75,1.222493052482605,3600
1986-01-09,0.0,15.75,15.5,15.75,1.222493052482605,5100
1986-01-10,0.0,15.75,15.5,15.75,1.222493052482605,6300
1986-01-13,0.0,15.375,15.125,15.25,1.18368399143219,5800
1986-01-14,0.0,15.5,15.25,15.5,1.2030885219573977,2900
1986-01-15,0.0,15.625,15.375,15.5,1.2030885219573977,5600
1986-01-16,0.0,15.5,15.375,15.375,1.1933860778808594,18700
1986-01-17,0.0,15.5,15.25,15.5,1.2030885219573977,11200
1986-01-20,0.0,15.5,15.25,15.375,1.1933860778808594,10900
1986-01-21,0.0,15.5,15.375,15.5,1.2030885219573977,17800
1986-01-22,0.0,15.625,15.5,15.5,1.2030885219573977,5500
1986-01-23,0.0,15.5,15.375,15.5,1.2030885219573977,9200
1986-01-24,0.0,15.5,15.375,15.5,1.2030885219573977,8100
1986-01-27,0.0,15.625,15.5,15.5,1.2030885219573977,4700
1986-01-28,0.0,15.625,15.5,15.5,1.2030885219573977,6800
1986-01-29,0.0,15.75,15.5,15.75,1.222493052482605,3400
1986-01-30,0.0,15.75,15.625,15.75,1.222493052482605,6900
1986-01-31,0.0,15.75,15.625,15.625,1.2127907276153564,4800
1986-02-03,0.0,15.875,15.625,15.875,1.232195258140564,10800
1986-02-04,0.0,15.875,15.625,15.875,1.232195258140564,5300
1986-02-05,0.0,15.875,15.625,15.875,1.232195258140564,13500
1986-02-06,0.0,16.125,15.75,15.75,1.222493052482605,13900
1986-02-07,0.0,16.0,15.75,16.0,1.2418980598449707,5800
1986-02-10,0.0,16.125,16.0,16.125,1.251599907875061,5500
1986-02-11,0.0,16.125,15.875,16.0,1.2418980598449707,13100
1986-02-12,0.0,16.0,15.75,15.875,1.232195258140564,3200
1986-02-13,0.0,16.0,15.875,15.875,1.232195258140564,3000
1986-02-14,0.0,16.0,15.875,16.0,1.2418980598449707,4800
1986-02-18,0.0,16.125,15.875,16.125,1.251599907875061,5400
1986-02-19,0.0,16.125,16.0,16.125,1.251599907875061,3200
1986-02-20,0.0,16.125,16.0,16.0,1.2418980598449707,9500
1986-02-21,0.0,16.25,16.0,16.25,1.261302471160889,11900
1986-02-24,0.0,16.375,16.125,16.25,1.261302471160889,13600
1986-02-25,0.0,16.5,16.125,16.25,1.261302471160889,5100
1986-02-26,0.0,16.5,16.25,16.5,1.2807070016860962,4900
1986-02-27,0.0,16.5,16.375,16.375,1.2710046768188477,6700
1986-02-28,0.0,16.5,16.125,16.125,1.251599907875061,16300
1986-03-03,0.0,16.375,16.25,16.375,1.2710046768188477,4700
1986-03-04,0.0,16.625,16.375,16.625,1.2904093265533447,6700
1986-03-05,0.0,16.5,16.375,16.375,1.2710046768188477,6200
1986-03-06,0.0,16.625,16.5,16.5,1.2807070016860962,6900
1986-03-07,0.0,16.625,16.5,16.625,1.2904093265533447,7600
1986-03-10,0.0,16.75,16.625,16.75,1.3001115322113037,5900
1986-03-11,0.0,16.875,16.625,16.75,1.3001115322113037,5700
1986-03-12,0.0,16.875,16.75,16.75,1.3001115322113037,8200
1986-03-13,0.0,16.875,16.5,16.625,1.2904093265533447,4700
1986-03-14,0.0,16.75,16.375,16.625,1.2904093265533447,11800
1986-03-17,0.0,16.75,16.5,16.625,1.2904093265533447,5400
1986-03-18,0.0,16.875,16.5,16.75,1.3001115322113037,9100
1986-03-19,0.0,16.875,16.625,16.625,1.2904093265533447,6400
1986-03-20,0.0,16.875,16.625,16.875,1.3098138570785522,7100
1986-03-21,0.0,16.75,16.625,16.75,1.3001115322113037,3000
1986-03-24,0.0,16.875,16.625,16.75,1.3001115322113037,3700
1986-03-25,0.0,16.75,16.625,16.75,1.3001115322113037,2400
1986-03-26,0.0,16.875,16.625,16.875,1.3098138570785522,2300
1986-03-27,0.0,17.0,16.75,17.0,1.3195165395736694,5400
1986-03-31,0.0,17.125,16.875,17.125,1.329218506813049,12300
1986-04-01,0.0,17.25,17.0,17.0,1.3195165395736694,10000
1986-04-02,0.0,17.125,16.75,17.125,1.329218506813049,9100
1986-04-03,0.0,17.125,16.75,16.75,1.3001115322113037,14100
1986-04-04,0.0,16.875,16.625,16.75,1.3001115322113037,6900
1986-04-07,0.0,16.875,16.5,16.5,1.2807070016860962,10700
1986-04-08,0.0,16.875,16.5,16.75,1.3001115322113037,3500
1986-04-09,0.0,16.875,16.5,16.875,1.3098138570785522,8000
1986-04-10,0.0,16.5,16.125,16.25,1.261302471160889,1800
1986-04-11,0.0,16.375,16.25,16.25,1.261302471160889,2500
1986-04-14,0.0,16.5,16.25,16.375,1.2710046768188477,4000
1986-04-15,0.0,16.625,16.25,16.375,1.2710046768188477,6900
1986-04-16,0.0,16.625,16.375,16.5,1.2807070016860962,5300
1986-04-17,0.0,16.625,16.375,16.625,1.2904093265533447,4400
1986-04-18,0.0,16.625,16.375,16.5,1.2807070016860962,4000
1986-04-21,0.0,16.75,16.5,16.625,1.2904093265533447,5900
1986-04-22,0.0,16.75,16.5,16.625,1.2904093265533447,7600
1986-04-23,0.0,16.625,16.375,16.375,1.2710046768188477,5000
1986-04-24,0.0,16.625,16.25,16.625,1.2904093265533447,4900
1986-04-25,0.0,16.625,16.375,16.375,1.2710046768188477,9100
1986-04-28,0.0,16.75,16.375,16.625,1.2904093265533447,16500
1986-04-29,0.0,16.75,16.375,16.5,1.2807070016860962,16300
1986-04-30,0.0,16.75,16.25,16.625,1.2904093265533447,16400
1986-05-01,0.0,16.625,16.375,16.625,1.2904093265533447,7300
1986-05-02,0.0,16.625,16.25,16.375,1.2710046768188477,4200
1986-05-05,0.0,16.375,16.25,16.25,1.261302471160889,5700
1986-05-06,0.0,16.5,16.25,16.5,1.2807070016860962,7100
1986-05-07,0.0,16.5,16.375,16.375,1.2710046768188477,4800
1986-05-08,0.0,16.625,16.375,16.625,1.2904093265533447,9300
1986-05-09,0.0,16.5,16.375,16.5,1.2807070016860962,5100
1986-05-12,0.0,16.625,16.5,16.625,1.2904093265533447,9700
1986-05-13,0.0,16.875,16.625,16.75,1.3001115322113037,13700
1986-05-14,0.0,16.875,16.5,16.5,1.2807070016860962,15500
1986-05-15,0.0,16.75,16.5,16.625,1.2904093265533447,7500
1986-05-16,0.0,16.875,16.625,16.75,1.3001115322113037,4600
1986-05-19,0.0,17.0,16.75,16.875,1.3098138570785522,9700
1986-05-20,0.0,16.875,16.75,16.75,1.3001115322113037,8700
1986-05-21,0.0,17.0,16.75,16.875,1.3098138570785522,7700
1986-05-22,0.0,16.875,16.625,16.625,1.2904093265533447,15100
1986-05-23,0.0,16.875,16.75,16.75,1.3001115322113037,1100
1986-05-27,0.0,16.875,16.75,16.75,1.3001115322113037,4700
1986-05-28,0.0,16.875,16.625,16.625,1.2904093265533447,3700
1986-05-29,0.0,16.75,16.5,16.5,1.2807070016860962,7900
1986-05-30,0.0,16.625,16.375,16.5,1.2807070016860962,5700
1986-06-02,0.0,16.625,16.375,16.625,1.2904093265533447,7100
1986-06-03,0.0,16.625,16.25,16.25,1.261302471160889,20900
1986-06-04,0.0,16.75,16.125,16.5,1.2807070016860962,14200
1986-06-05,0.0,16.5,16.125,16.125,1.251599907875061,5300
1986-06-06,0.0,16.375,16.125,16.25,1.261302471160889,5800
1986-06-09,0.0,16.375,16.125,16.375,1.2710046768188477,9200
1986-06-10,0.0,16.375,16.125,16.25,1.261302471160889,3300
1986-06-11,0.0,16.5,16.25,16.375,1.2710046768188477,8600
1986-06-12,0.0,16.625,16.25,16.625,1.2904093265533447,8000
1986-06-13,0.0,16.875,16.5,16.75,1.3001115322113037,4000
1986-06-16,0.0,16.75,16.375,16.5,1.2807070016860962,35400
1986-06-17,0.0,16.625,16.375,16.375,1.2710046768188477,8300
1986-06-18,0.0,16.625,16.25,16.375,1.2710046768188477,5400
1986-06-19,0.0,16.5,16.375,16.5,1.2807070016860962,5700
1986-06-20,0.0,16.625,16.5,16.5,1.2807070016860962,5400
1986-06-23,0.0,16.625,16.5,16.5,1.2807070016860962,4500
1986-06-24,0.0,16.625,16.375,16.375,1.2710046768188477,2200
1986-06-25,0.0,16.5,16.25,16.5,1.2807070016860962,8000
1986-06-26,0.0,16.625,16.5,16.625,1.2904093265533447,2900
1986-06-27,0.0,16.625,16.5,16.5,1.2807070016860962,6200
1986-06-30,0.0,16.625,16.5,16.5,1.2807070016860962,6300
1986-07-01,0.0,16.625,16.5,16.5,1.2807070016860962,5900
1986-07-02,0.0,16.625,16.5,16.625,1.2904093265533447,11400
1986-07-03,0.0,16.75,16.625,16.75,1.3001115322113037,3900
1986-07-07,0.0,16.75,16.5,16.625,1.2904093265533447,10800
1986-07-08,0.0,16.75,16.625,16.75,1.3001115322113037,3000
1986-07-09,0.0,16.875,16.625,16.75,1.3001115322113037,6700
1986-07-10,0.0,16.875,16.75,16.875,1.3098138570785522,8300
1986-07-11,0.0,16.625,16.25,16.5,1.2807070016860962,7300
1986-07-14,0.0,16.5,16.25,16.25,1.261302471160889,22500
1986-07-15,0.0,16.5,16.25,16.5,1.2807070016860962,2200
1986-07-16,0.0,16.5,16.375,16.5,1.2807070016860962,5000
1986-07-17,0.0,16.5,16.375,16.375,1.2710046768188477,4000
1986-07-18,0.0,16.625,16.25,16.375,1.2710046768188477,6500
1986-07-21,0.0,16.75,16.5,16.75,1.3001115322113037,4400
1986-07-22,0.0,16.75,16.625,16.75,1.3001115322113037,6500
1986-07-23,0.0,16.875,16.625,16.875,1.3098138570785522,11900
1986-07-24,0.0,16.75,16.5,16.75,1.3001115322113037,15600
1986-07-25,0.0,16.875,16.625,16.625,1.2904093265533447,10200
1986-07-28,0.0,16.75,16.625,16.75,1.3001115322113037,7500
1986-07-29,0.0,16.75,16.625,16.625,1.2904093265533447,4500
1986-07-30,0.0,16.75,16.625,16.75,1.3001115322113037,3000
1986-07-31,0.0,16.75,16.625,16.625,1.2904093265533447,5000
1986-08-01,0.0,17.0,16.75,16.875,1.3098138570785522,11500
1986-08-04,0.0,17.0,16.875,17.0,1.3195165395736694,7300
1986-08-05,0.0,17.0,16.75,17.0,1.3195165395736694,4000
1986-08-06,0.0,17.125,17.0,17.125,1.329218506813049,23300
1986-08-07,0.0,17.125,17.0,17.125,1.329218506813049,3200
1986-08-08,0.0,17.125,17.0,17.0,1.3195165395736694,7100
1986-08-11,0.0,17.125,16.875,17.125,1.329218506813049,6600
1986-08-12,0.0,17.0,16.875,17.0,1.3195165395736694,6200
1986-08-13,0.0,17.125,16.875,17.0,1.3195165395736694,7400
1986-08-14,0.0,17.125,17.0,17.125,1.329218506813049,4400
1986-08-15,0.0,17.125,16.875,17.0,1.3195165395736694,5900
1986-08-18,0.0,17.125,17.0,17.0,1.3195165395736694,3100
1986-08-19,0.0,17.125,17.0,17.125,1.329218506813049,5400
1986-08-20,0.0,17.25,17.0,17.25,1.3389217853546145,11000
1986-08-21,0.0,17.375,17.125,17.125,1.329218506813049,16200
1986-08-22,0.0,17.375,17.0,17.0,1.3195165395736694,16800
1986-08-25,0.0,17.375,17.125,17.25,1.3389217853546145,6400
1986-08-26,0.0,17.375,17.125,17.375,1.3486231565475464,8100
1986-08-27,0.0,17.5,17.25,17.25,1.3389217853546145,5200
1986-08-28,0.0,17.375,17.25,17.375,1.3486231565475464,4000
1986-08-29,0.0,17.375,17.25,17.375,1.3486231565475464,1100
1986-09-02,0.0,17.5,17.375,17.375,1.3486231565475464,4600
1986-09-03,0.0,17.625,17.375,17.5,1.3583256006240845,16900
1986-09-04,0.0,17.5,17.25,17.25,1.3389217853546145,7300
1986-09-05,0.0,17.5,17.25,17.375,1.3486231565475464,4400
1986-09-08,0.0,17.5,17.25,17.375,1.3486231565475464,7600
1986-09-09,0.0,17.625,17.25,17.25,1.3389217853546145,8300
1986-09-10,0.0,17.375,17.25,17.25,1.3389217853546145,4100
1986-09-11,0.0,17.375,16.875,16.875,1.3098138570785522,25400
1986-09-12,0.0,17.125,16.5,16.625,1.2904093265533447,24700
1986-09-15,0.0,16.75,16.5,16.5,1.2807070016860962,3300
1986-09-16,0.0,16.875,16.75,16.875,1.3098138570785522,5800
1986-09-17,0.0,17.0,16.625,17.0,1.3195165395736694,6100
1986-09-18,0.0,17.0,16.75,17.0,1.3195165395736694,6100
1986-09-19,0.0,17.0,16.75,17.0,1.3195165395736694,9100
1986-09-22,0.0,17.0,16.875,16.875,1.3098138570785522,5400
1986-09-23,0.0,16.875,16.75,16.875,1.3098138570785522,6200
1986-09-24,0.0,16.875,16.75,16.875,1.3098138570785522,4700
1986-09-25,0.0,16.875,16.75,16.875,1.3098138570785522,6600
1986-09-26,0.0,16.875,16.75,16.875,1.3098138570785522,1100
1986-09-29,0.0,16.875,16.75,16.875,1.3098138570785522,9100
1986-09-30,0.0,17.0,16.75,17.0,1.3195165395736694,7100
1986-10-01,0.0,17.0,16.875,16.875,1.3098138570785522,16100
1986-10-02,0.0,17.125,17.0,17.125,1.329218506813049,12600
1986-10-03,0.0,17.125,17.0,17.0,1.3195165395736694,6900
1986-10-06,0.0,17.125,17.0,17.125,1.329218506813049,3700
1986-10-07,0.0,17.125,17.0,17.125,1.329218506813049,8600
1986-10-08,0.0,17.25,16.875,17.125,1.329218506813049,10100
1986-10-09,0.0,17.25,17.125,17.125,1.329218506813049,6600
1986-10-10,0.0,16.875,16.625,16.875,1.3098138570785522,2500
1986-10-13,0.0,16.875,16.75,16.875,1.3098138570785522,5900
1986-10-14,0.0,16.875,16.75,16.75,1.3001115322113037,15100
1986-10-15,0.0,16.875,16.75,16.75,1.3001115322113037,7900
1986-10-16,0.0,16.875,16.75,16.75,1.3001115322113037,9700
1986-10-17,0.0,16.875,16.75,16.875,1.3098138570785522,7200
1986-10-20,0.0,17.0,16.75,17.0,1.3195165395736694,6000
1986-10-21,0.0,17.0,16.875,17.0,1.3195165395736694,3800
1986-10-22,0.0,17.0,16.875,17.0,1.3195165395736694,5900
1986-10-23,0.0,17.0,16.875,17.0,1.3195165395736694,4400
1986-10-24,0.0,17.0,16.75,16.875,1.3098138570785522,9500
1986-10-27,0.0,16.875,16.5,16.625,1.2904093265533447,24300
1986-10-28,0.0,16.875,16.75,16.75,1.3001115322113037,3800
1986-10-29,0.0,16.875,16.75,16.75,1.3001115322113037,5200
1986-10-30,0.0,16.875,16.75,16.75,1.3001115322113037,11400
1986-10-31,0.0,16.875,16.75,16.75,1.3001115322113037,8500
1986-11-03,0.0,16.875,16.75,16.75,1.3001115322113037,6400
1986-11-04,0.0,17.0,16.75,17.0,1.3195165395736694,7800
1986-11-05,0.0,17.0,16.75,17.0,1.3195165395736694,6400
1986-11-06,0.0,17.0,16.75,16.875,1.3098138570785522,10800
1986-11-07,0.0,17.0,16.875,16.875,1.3098138570785522,8100
1986-11-10,0.0,17.0,16.875,17.0,1.3195165395736694,8000
1986-11-11,0.0,17.0,16.875,17.0,1.3195165395736694,1500
1986-11-12,0.0,17.125,16.875,16.875,1.3098138570785522,8000
1986-11-13,0.0,17.125,16.875,17.0,1.3195165395736694,7800
1986-11-14,0.0,17.25,17.0,17.25,1.3389217853546145,13400
1986-11-17,0.0,17.375,17.0,17.0,1.3195165395736694,18700
1986-11-18,0.0,17.375,17.0,17.125,1.329218506813049,13800
1986-11-19,0.0,17.125,16.875,17.0,1.3195165395736694,12500
1986-11-20,0.0,17.125,16.875,17.125,1.329218506813049,8100
1986-11-21,0.0,17.125,17.0,17.0,1.3195165395736694,2900
1986-11-24,0.0,17.25,16.875,17.25,1.3389217853546145,9100
1986-11-25,0.0,17.375,17.0,17.0,1.3195165395736694,14000
1986-11-26,0.0,17.25,17.0,17.0,1.3195165395736694,5300
1986-11-28,0.0,17.25,17.0,17.0,1.3195165395736694,4300
1986-12-01,0.0,17.25,17.0,17.0,1.3195165395736694,2100
1986-12-02,0.0,17.25,17.0,17.125,1.329218506813049,4700
1986-12-03,0.0,17.125,17.0,17.0,1.3195165395736694,8600
1986-12-04,0.0,17.125,17.0,17.125,1.329218506813049,6900
1986-12-05,0.0,17.375,17.125,17.375,1.3486231565475464,7900
1986-12-08,0.0,17.375,17.125,17.125,1.329218506813049,9400
1986-12-09,0.0,17.25,17.125,17.25,1.3389217853546145,10000
1986-12-10,0.0,17.25,17.125,17.125,1.329218506813049,4100
1986-12-11,0.0,17.25,17.125,17.25,1.3389217853546145,4900
1986-12-12,0.0,17.25,17.125,17.125,1.329218506813049,8700
1986-12-15,0.0,17.375,17.125,17.125,1.329218506813049,4400
1986-12-16,0.0,17.25,17.125,17.125,1.329218506813049,6400
1986-12-17,0.0,17.25,17.0,17.125,1.329218506813049,7900
1986-12-18,0.0,17.25,17.125,17.25,1.3389217853546145,4500
1986-12-19,0.0,17.125,17.0,17.125,1.329218506813049,12700
1986-12-22,0.0,17.125,17.0,17.0,1.3195165395736694,5400
1986-12-23,0.0,17.125,17.0,17.0,1.3195165395736694,14800
1986-12-24,0.0,17.125,16.75,17.125,1.329218506813049,3300
1986-12-26,0.0,17.125,17.0,17.125,1.329218506813049,500
1986-12-29,0.0,17.125,17.0,17.0,1.3195165395736694,13500
1986-12-30,0.0,17.0,16.875,17.0,1.3195165395736694,9900
1986-12-31,0.0,17.0,16.875,16.875,1.3098138570785522,4600
1987-01-02,0.0,17.0,16.875,17.0,1.3195165395736694,2300
1987-01-05,0.0,17.25,17.0,17.0,1.3195165395736694,5900
1987-01-06,0.0,17.375,17.125,17.25,1.3389217853546145,12300
1987-01-07,0.0,17.5,17.375,17.5,1.3583256006240845,8200
1987-01-08,0.0,17.5,17.25,17.5,1.3583256006240845,8900
1987-01-09,0.0,17.625,17.375,17.625,1.3680284023284912,13000
1987-01-12,0.0,17.25,16.875,17.125,1.3575639724731443,10700
1987-01-13,0.0,17.125,16.875,16.875,1.3377455472946167,11400
1987-01-14,0.0,17.125,16.875,17.125,1.3575639724731443,10600
1987-01-15,0.0,17.125,17.0,17.125,1.3575639724731443,13200
1987-01-16,0.0,17.125,16.875,16.875,1.3377455472946167,8900
1987-01-19,0.0,17.125,16.875,17.125,1.3575639724731443,4800
1987-01-20,0.0,17.25,17.0,17.125,1.3575639724731443,9500
1987-01-21,0.0,17.5,17.25,17.375,1.3773821592330933,24700
1987-01-22,0.0,17.5,17.25,17.25,1.3674734830856323,6800
1987-01-23,0.0,17.5,17.25,17.25,1.3674734830856323,6300
1987-01-26,0.0,17.5,17.25,17.5,1.3872921466827393,3400
1987-01-27,0.0,17.5,17.25,17.5,1.3872921466827393,6200
1987-01-28,0.0,17.5,17.25,17.25,1.3674734830856323,12900
1987-01-29,0.0,17.5,17.25,17.5,1.3872921466827393,7200
1987-01-30,0.0,17.625,17.375,17.5,1.3872921466827393,22900
1987-02-02,0.0,17.5,17.375,17.5,1.3872921466827393,5700
1987-02-03,0.0,17.625,17.375,17.375,1.3773821592330933,10300
1987-02-04,0.0,17.625,17.375,17.5,1.3872921466827393,4100
1987-02-05,0.0,17.625,17.25,17.625,1.397200584411621,20500
1987-02-06,0.0,17.75,17.375,17.625,1.397200584411621,3200
1987-02-09,0.0,17.75,17.5,17.5,1.3872921466827393,8400
1987-02-10,0.0,17.75,17.375,17.5,1.3872921466827393,7100
1987-02-11,0.0,17.625,17.375,17.625,1.397200584411621,1800
1987-02-12,0.0,17.625,17.375,17.625,1.397200584411621,4400
1987-02-13,0.0,17.75,17.375,17.5,1.3872921466827393,4800
1987-02-17,0.0,17.75,17.5,17.625,1.397200584411621,6300
1987-02-18,0.0,17.75,17.5,17.625,1.397200584411621,13400
1987-02-19,0.0,17.75,17.5,17.5,1.3872921466827393,7800
1987-02-20,0.0,17.75,17.5,17.5,1.3872921466827393,4200
1987-02-23,0.0,17.625,17.375,17.5,1.3872921466827393,15900
1987-02-24,0.0,17.75,17.625,17.625,1.397200584411621,5300
1987-02-25,0.0,17.75,17.625,17.75,1.4071099758148191,5200
1987-02-26,0.0,17.75,17.5,17.75,1.4071099758148191,12400
1987-02-27,0.0,17.875,17.625,17.75,1.4071099758148191,10800
1987-03-02,0.0,17.875,17.625,17.75,1.4071099758148191,6400
1987-03-03,0.0,17.875,17.75,17.875,1.4170191287994385,3000
1987-03-04,0.0,17.875,17.5,17.625,1.397200584411621,19800
1987-03-05,0.0,17.75,17.5,17.625,1.397200584411621,4400
1987-03-06,0.0,17.875,17.5,17.875,1.4170191287994385,8400
1987-03-09,0.0,17.875,17.5,17.875,1.4170191287994385,6500
1987-03-10,0.0,18.0,17.625,18.0,1.4269284009933472,7600
1987-03-11,0.0,17.875,17.75,17.75,1.4071099758148191,6300
1987-03-12,0.0,17.875,17.625,17.75,1.4071099758148191,11500
1987-03-13,0.0,17.875,17.625,17.75,1.4071099758148191,9100
1987-03-16,0.0,17.875,17.625,17.875,1.4170191287994385,7200
1987-03-17,0.0,17.875,17.625,17.75,1.4071099758148191,10300
1987-03-18,0.0,17.875,17.875,17.875,1.4170191287994385,1800
1987-03-19,0.0,18.0,17.75,18.0,1.4269284009933472,5500
1987-03-20,0.0,17.875,17.75,17.75,1.4071099758148191,4500
1987-03-23,0.0,17.875,17.625,17.875,1.4170191287994385,8700
1987-03-24,0.0,17.875,17.75,17.875,1.4170191287994385,4300
1987-03-25,0.0,17.875,17.75,17.75,1.4071099758148191,7700
1987-03-26,0.0,17.875,17.625,17.75,1.4071099758148191,3300
1987-03-27,0.0,17.875,17.75,17.875,1.4170191287994385,4200
1987-03-30,0.0,17.75,17.625,17.75,1.4071099758148191,3500
1987-03-31,0.0,17.75,17.625,17.625,1.397200584411621,4300
1987-04-01,0.0,17.5,17.25,17.375,1.3773821592330933,12800
1987-04-02,0.0,17.5,17.25,17.375,1.3773821592330933,11500
1987-04-03,0.0,17.5,17.375,17.5,1.3872921466827393,10000
1987-04-06,0.0,17.625,17.375,17.375,1.3773821592330933,4900
1987-04-07,0.0,17.5,17.375,17.375,1.3773821592330933,9300
1987-04-08,0.0,17.5,17.375,17.375,1.3773821592330933,6500
1987-04-09,0.0,17.5,17.0,17.0,1.3476550579071045,9200
1987-04-10,0.0,16.75,16.25,16.5,1.3369591236114502,5200
1987-04-13,0.0,16.5,15.875,16.5,1.3369591236114502,12800
1987-04-14,0.0,16.25,15.0,15.0,1.215417504310608,13400
1987-04-15,0.0,15.625,15.0,15.5,1.2559309005737305,9000
1987-04-16,0.0,15.625,15.25,15.625,1.2660589218139648,4000
1987-04-20,0.0,16.25,15.625,15.625,1.2660589218139648,6900
1987-04-21,0.0,16.0,15.625,15.625,1.2660589218139648,5500
1987-04-22,0.0,15.75,15.375,15.5,1.2559309005737305,6200
1987-04-23,0.0,15.75,15.375,15.5,1.2559309005737305,7300
1987-04-24,0.0,15.5,15.25,15.375,1.2458032369613647,5200
1987-04-27,0.0,15.625,15.25,15.625,1.2660589218139648,7200
1987-04-28,0.0,15.5,15.0,15.125,1.2255460023880005,11300
1987-04-29,0.0,15.625,15.25,15.375,1.2458032369613647,7200
1987-04-30,0.0,15.375,15.25,15.25,1.235674500465393,1600
1987-05-01,0.0,15.5,15.25,15.25,1.235674500465393,18400
1987-05-04,0.0,15.5,15.25,15.5,1.2559309005737305,9200
1987-05-05,0.0,15.625,15.375,15.625,1.2660589218139648,4700
1987-05-06,0.0,15.625,15.375,15.5,1.2559309005737305,4600
1987-05-07,0.0,15.625,15.375,15.5,1.2559309005737305,3500
1987-05-08,0.0,15.625,15.5,15.5,1.2559309005737305,7800
1987-05-11,0.0,15.75,15.5,15.75,1.2761881351470947,1700
1987-05-12,0.0,15.625,15.375,15.625,1.2660589218139648,7600
1987-05-13,0.0,15.625,15.375,15.375,1.2458032369613647,6000
1987-05-14,0.0,15.625,15.375,15.5,1.2559309005737305,5800
1987-05-15,0.0,15.5,15.25,15.375,1.2458032369613647,5700
1987-05-18,0.0,15.375,15.25,15.375,1.2458032369613647,5500
1987-05-19,0.0,15.375,15.25,15.25,1.235674500465393,4400
1987-05-20,0.0,15.25,15.25,15.25,1.235674500465393,4400
1987-05-21,0.0,15.5,15.25,15.5,1.2559309005737305,4300
1987-05-22,0.0,15.625,15.5,15.5,1.2559309005737305,5200
1987-05-26,0.0,15.5,15.25,15.25,1.235674500465393,5600
1987-05-27,0.0,15.5,15.25,15.25,1.235674500465393,6100
1987-05-28,0.0,15.375,15.25,15.375,1.2458032369613647,4600
1987-05-29,0.0,15.375,15.25,15.25,1.235674500465393,8000
1987-06-01,0.0,15.5,15.25,15.25,1.235674500465393,4600
1987-06-02,0.0,15.625,15.25,15.625,1.2660589218139648,3900
1987-06-03,0.0,15.5,15.25,15.5,1.2559309005737305,2000
1987-06-04,0.0,15.5,15.25,15.375,1.2458032369613647,6300
1987-06-05,0.0,15.5,15.25,15.25,1.235674500465393,2800
1987-06-08,0.0,15.625,15.375,15.625,1.2660589218139648,2400
1987-06-09,0.0,15.5,15.375,15.375,1.2458032369613647,3400
1987-06-10,0.0,15.625,15.25,15.375,1.2458032369613647,7700
1987-06-11,0.0,15.5,15.25,15.375,1.2458032369613647,2300
1987-06-12,0.0,15.5,15.375,15.375,1.2458032369613647,9300
1987-06-15,0.0,15.5,15.375,15.375,1.2458032369613647,2500
1987-06-16,0.0,15.625,15.375,15.625,1.2660589218139648,3900
1987-06-17,0.0,15.625,15.5,15.5,1.2559309005737305,8100
1987-06-18,0.0,15.625,15.5,15.625,1.2660589218139648,8200
1987-06-19,0.0,15.625,15.5,15.625,1.2660589218139648,4200
1987-06-22,0.0,15.625,15.375,15.625,1.2660589218139648,4100
1987-06-23,0.0,15.75,15.5,15.75,1.2761881351470947,6100
1987-06-24,0.0,15.75,15.5,15.625,1.2660589218139648,2700
1987-06-25,0.0,15.625,15.5,15.625,1.2660589218139648,800
1987-06-26,0.0,15.75,15.625,15.75,1.2761881351470947,1600
1987-06-29,0.0,15.875,15.625,15.625,1.2660589218139648,11700
1987-06-30,0.0,15.875,15.75,15.75,1.2761881351470947,12700
1987-07-01,0.0,16.0,15.75,15.875,1.2863167524337769,6700
1987-07-02,0.0,16.0,15.75,15.75,1.2761881351470947,1200
1987-07-06,0.0,16.0,15.75,16.0,1.2964450120925903,1600
1987-07-07,0.0,16.0,15.875,16.0,1.2964450120925903,2100
1987-07-08,0.0,16.0,15.875,16.0,1.2964450120925903,4900
1987-07-09,0.0,16.125,15.875,16.125,1.3065742254257202,3700
1987-07-10,0.0,16.125,16.0,16.125,1.3065742254257202,8600
1987-07-13,0.0,16.0,15.625,15.625,1.2956273555755615,7100
1987-07-14,0.0,15.875,15.625,15.625,1.2956273555755615,5800
1987-07-15,0.0,15.875,15.375,15.5,1.2852628231048584,4800
1987-07-16,0.0,15.875,15.5,15.5,1.2852628231048584,3900
1987-07-17,0.0,15.75,15.5,15.75,1.3059933185577393,6300
1987-07-20,0.0,15.75,15.375,15.75,1.3059933185577393,6400
1987-07-21,0.0,15.875,15.625,15.625,1.2956273555755615,4400
1987-07-22,0.0,15.875,15.625,15.625,1.2956273555755615,2900
1987-07-23,0.0,15.75,15.625,15.625,1.2956273555755615,2900
1987-07-24,0.0,15.75,15.625,15.625,1.2956273555755615,2000
1987-07-27,0.0,15.875,15.625,15.625,1.2956273555755615,6500
1987-07-28,0.0,15.875,15.625,15.875,1.3163585662841797,2900
1987-07-29,0.0,15.875,15.625,15.875,1.3163585662841797,11300
1987-07-30,0.0,15.75,15.625,15.625,1.2956273555755615,1300
1987-07-31,0.0,15.75,15.625,15.625,1.2956273555755615,1200
1987-08-03,0.0,15.75,15.5,15.75,1.3059933185577393,8600
1987-08-04,0.0,15.75,15.5,15.5,1.2852628231048584,6200
1987-08-05,0.0,15.5,15.5,15.5,1.2852628231048584,1200
1987-08-06,0.0,15.75,15.5,15.5,1.2852628231048584,6000
1987-08-07,0.0,15.75,15.625,15.625,1.2956273555755615,4800
1987-08-10,0.0,15.625,15.5,15.5,1.2852628231048584,1400
1987-08-11,0.0,15.75,15.25,15.5,1.2852628231048584,6000
1987-08-12,0.0,15.75,15.375,15.625,1.2956273555755615,5700
1987-08-13,0.0,15.75,15.375,15.375,1.2748985290527344,4700
1987-08-14,0.0,15.5,15.125,15.125,1.2541682720184326,7100
1987-08-17,0.0,15.5,15.125,15.375,1.2748985290527344,4900
1987-08-18,0.0,15.5,15.0,15.5,1.2852628231048584,8200
1987-08-19,0.0,15.625,15.25,15.375,1.2748985290527344,2000
1987-08-20,0.0,15.625,15.25,15.625,1.2956273555755615,2400
1987-08-21,0.0,15.75,15.5,15.75,1.3059933185577393,2800
1987-08-24,0.0,15.75,15.5,15.5,1.2852628231048584,900
1987-08-25,0.0,15.75,15.5,15.5,1.2852628231048584,2600
1987-08-26,0.0,15.75,15.5,15.5,1.2852628231048584,3700
1987-08-27,0.0,15.625,15.5,15.5,1.2852628231048584,2000
1987-08-28,0.0,15.625,15.5,15.5,1.2852628231048584,4700
1987-08-31,0.0,15.625,15.375,15.375,1.2748985290527344,3300
1987-09-01,0.0,15.625,15.25,15.25,1.264533281326294,9900
1987-09-02,0.0,15.25,15.0,15.0,1.2438032627105713,4000
1987-09-03,0.0,15.25,14.875,15.0,1.2438032627105713,2500
1987-09-04,0.0,15.25,14.875,15.125,1.2541682720184326,5800
1987-09-08,0.0,15.375,14.875,14.875,1.2334376573562622,6800
1987-09-09,0.0,15.25,14.75,14.875,1.2334376573562622,5400
1987-09-10,0.0,15.0,14.75,15.0,1.2438032627105713,4800
1987-09-11,0.0,15.125,14.875,14.875,1.2334376573562622,6800
1987-09-14,0.0,15.125,14.75,15.0,1.2438032627105713,6300
1987-09-15,0.0,15.625,15.0,15.625,1.2956273555755615,4900
1987-09-16,0.0,15.375,15.0,15.0,1.2438032627105713,7200
1987-09-17,0.0,15.0,14.875,14.875,1.2334376573562622,5700
1987-09-18,0.0,15.0,14.875,14.875,1.2334376573562622,3900
1987-09-21,0.0,14.875,14.625,14.875,1.2334376573562622,6400
1987-09-22,0.0,15.0,14.75,14.875,1.2334376573562622,3400
1987-09-23,0.0,15.125,14.75,14.875,1.2334376573562622,16000
1987-09-24,0.0,15.125,14.875,14.875,1.2334376573562622,1900
1987-09-25,0.0,15.0,14.75,15.0,1.2438032627105713,5100
1987-09-28,0.0,14.75,14.625,14.625,1.2127081155776978,6700
1987-09-29,0.0,14.75,14.5,14.5,1.2023427486419678,4700
1987-09-30,0.0,14.75,14.375,14.75,1.2230727672576904,3700
1987-10-01,0.0,15.0,14.75,14.875,1.2334376573562622,2900
1987-10-02,0.0,15.0,14.75,14.75,1.2230727672576904,5700
1987-10-05,0.0,14.625,14.5,14.5,1.2023427486419678,6400
1987-10-06,0.0,14.5,14.375,14.5,1.2023427486419678,1100
1987-10-07,0.0,14.875,14.5,14.75,1.2230727672576904,6500
1987-10-08,0.0,14.75,14.5,14.75,1.2230727672576904,3400
1987-10-09,0.0,14.25,14.125,14.125,1.2012168169021606,1400
1987-10-12,0.0,14.375,13.375,13.875,1.1799567937850952,14300
1987-10-13,0.0,14.0,13.625,13.625,1.1586962938308716,9300
1987-10-14,0.0,13.875,13.625,13.625,1.1586962938308716,4300
1987-10-15,0.0,13.875,13.25,13.75,1.169326901435852,14800
1987-10-16,0.0,13.75,13.375,13.75,1.169326901435852,12800
1987-10-19,0.0,13.375,12.75,12.75,1.0842845439910889,13600
1987-10-20,0.0,13.0,12.5,13.0,1.1055454015731812,8700
1987-10-21,0.0,14.0,13.125,14.0,1.1905871629714966,18300
1987-10-22,0.0,13.75,13.125,13.625,1.1586962938308716,17100
1987-10-23,0.0,14.25,13.625,14.25,1.2118470668792725,28500
1987-10-26,0.0,14.125,13.75,13.75,1.169326901435852,7600
1987-10-27,0.0,14.125,14.0,14.0,1.1905871629714966,5200
1987-10-28,0.0,14.125,14.0,14.0,1.1905871629714966,1900
1987-10-29,0.0,14.125,13.875,14.125,1.2012168169021606,5100
1987-10-30,0.0,14.125,14.0,14.125,1.2012168169021606,4500
1987-11-02,0.0,14.25,14.0,14.125,1.2012168169021606,5200
1987-11-03,0.0,14.25,14.0,14.125,1.2012168169021606,4300
1987-11-04,0.0,14.375,14.125,14.375,1.222477912902832,5600
1987-11-05,0.0,14.5,14.25,14.5,1.2331078052520752,4600
1987-11-06,0.0,14.625,14.5,14.625,1.243738293647766,7300
1987-11-09,0.0,14.75,14.375,14.625,1.243738293647766,9700
1987-11-10,0.0,14.875,14.5,14.5,1.2331078052520752,6700
1987-11-11,0.0,14.875,14.625,14.625,1.243738293647766,4100
1987-11-12,0.0,15.25,14.75,15.0,1.2756290435791016,8100
1987-11-13,0.0,15.375,14.875,15.375,1.3075191974639893,4500
1987-11-16,0.0,15.25,15.0,15.25,1.2968897819519043,3400
1987-11-17,0.0,15.375,15.125,15.125,1.2862586975097656,6400
1987-11-18,0.0,15.375,15.0,15.375,1.3075191974639893,9200
1987-11-19,0.0,15.5,15.25,15.5,1.318149447441101,7200
1987-11-20,0.0,15.5,15.25,15.5,1.318149447441101,4600
1987-11-23,0.0,15.375,15.125,15.125,1.2862586975097656,5100
1987-11-24,0.0,15.5,15.125,15.25,1.2968897819519043,10100
1987-11-25,0.0,15.625,15.25,15.25,1.2968897819519043,1800
1987-11-27,0.0,15.5,15.25,15.375,1.3075191974639893,1500
1987-11-30,0.0,15.375,15.125,15.25,1.2968897819519043,6500
1987-12-01,0.0,15.25,15.0,15.0,1.2756290435791016,4200
1987-12-02,0.0,15.0,14.75,15.0,1.2756290435791016,3200
1987-12-03,0.0,14.75,14.625,14.75,1.2543684244155884,3200
1987-12-04,0.0,14.5,14.25,14.375,1.222477912902832,7000
1987-12-07,0.0,14.75,14.375,14.5,1.2331078052520752,6100
1987-12-08,0.0,14.75,14.375,14.75,1.2543684244155884,2300
1987-12-09,0.0,15.375,14.75,15.25,1.2968897819519043,18200
1987-12-10,0.0,15.25,14.875,14.875,1.264998197555542,2100
1987-12-11,0.0,14.375,14.125,14.375,1.2553917169570925,2500
1987-12-14,0.0,14.625,14.125,14.25,1.244476318359375,5200
1987-12-15,0.0,14.5,14.25,14.5,1.2663085460662842,3300
1987-12-16,0.0,14.5,14.25,14.25,1.244476318359375,3200
1987-12-17,0.0,14.5,14.25,14.5,1.2663085460662842,3300
1987-12-18,0.0,14.625,14.25,14.25,1.244476318359375,5300
1987-12-21,0.0,14.5,14.25,14.25,1.244476318359375,22600
1987-12-22,0.0,14.375,14.125,14.125,1.2335593700408936,6000
1987-12-23,0.0,14.625,14.125,14.375,1.2553917169570925,9000
1987-12-24,0.0,14.5,14.25,14.25,1.244476318359375,1400
1987-12-28,0.0,14.25,14.125,14.125,1.2335593700408936,5100
1987-12-29,0.0,14.375,14.0,14.125,1.2335593700408936,9100
1987-12-30,0.0,14.375,14.125,14.25,1.244476318359375,5200
1987-12-31,0.0,14.25,14.125,14.125,1.2335593700408936,3700
1988-01-04,0.0,14.625,14.125,14.25,1.244476318359375,8700
1988-01-05,14.5,14.625,14.25,14.375,1.2553917169570925,3800
1988-01-06,14.25,14.5,14.25,14.25,1.244476318359375,2900
1988-01-07,14.375,14.875,14.375,14.875,1.2990578413009644,7700
1988-01-08,14.875,14.875,14.625,14.625,1.2772247791290283,1700
1988-01-11,14.375,14.375,14.25,14.25,1.244476318359375,2800
1988-01-12,14.5,14.5,14.25,14.375,1.2553917169570925,5500
1988-01-13,14.375,14.625,14.375,14.375,1.2553917169570925,22800
1988-01-14,14.375,14.625,14.375,14.5,1.2663085460662842,3600
1988-01-15,14.875,14.875,14.5,14.625,1.2772247791290283,8300
1988-01-18,14.875,14.875,14.625,14.625,1.2772247791290283,3600
1988-01-19,14.75,14.875,14.625,14.875,1.2990578413009644,2800
1988-01-20,14.875,15.0,14.625,14.625,1.2772247791290283,10800
1988-01-21,14.625,15.0,14.625,14.875,1.2990578413009644,6600
1988-01-22,15.0,15.125,14.875,15.0,1.3099735975265503,7300
1988-01-25,15.25,15.25,15.0,15.0,1.3099735975265503,4100
1988-01-26,15.0,15.625,15.0,15.625,1.3645570278167725,10900
1988-01-27,15.5,15.875,15.5,15.625,1.3645570278167725,12000
1988-01-28,15.5,15.75,15.375,15.75,1.3754725456237793,4000
1988-01-29,15.875,15.875,15.625,15.875,1.3863893747329712,7300
1988-02-01,15.625,15.875,15.625,15.75,1.3754725456237793,3100
1988-02-02,15.875,16.0,15.625,15.875,1.3863893747329712,7400
1988-02-03,16.0,16.0,15.75,16.0,1.397305965423584,4300
1988-02-04,15.875,15.875,15.75,15.75,1.3754725456237793,2800
1988-02-05,15.875,15.875,15.375,15.75,1.3754725456237793,26600
1988-02-08,15.75,15.875,15.625,15.875,1.3863893747329712,8600
1988-02-09,15.875,16.0,15.75,16.0,1.397305965423584,7400
1988-02-10,16.0,16.0,16.0,16.0,1.397305965423584,2600
1988-02-11,16.0,16.0,15.75,15.75,1.3754725456237793,5000
1988-02-12,15.875,16.0,15.75,15.75,1.3754725456237793,8600
1988-02-16,15.75,15.875,15.5,15.625,1.3645570278167725,8800
1988-02-17,15.875,15.875,15.5,15.75,1.3754725456237793,9600
1988-02-18,15.5,15.625,15.5,15.5,1.3536405563354492,2100
1988-02-19,15.75,15.75,15.5,15.5,1.3536405563354492,4200
1988-02-22,15.5,15.75,15.5,15.625,1.3645570278167725,6500
1988-02-23,15.75,15.875,15.625,15.625,1.3645570278167725,4300
1988-02-24,15.75,15.875,15.625,15.875,1.3863893747329712,6100
1988-02-25,15.625,15.875,15.625,15.625,1.3645570278167725,3400
1988-02-26,15.625,15.875,15.625,15.625,1.3645570278167725,600
1988-02-29,15.875,15.875,15.625,15.625,1.3645570278167725,1600
1988-03-01,15.625,15.75,15.625,15.625,1.3645570278167725,2700
1988-03-02,15.875,16.0,15.75,16.0,1.397305965423584,9100
1988-03-03,16.0,16.0,15.875,16.0,1.397305965423584,800
1988-03-04,16.0,16.0,15.75,16.0,1.397305965423584,5600
1988-03-07,15.75,15.75,15.75,15.75,1.3754725456237793,2400
1988-03-08,16.0,16.0,15.75,15.75,1.3754725456237793,3700
1988-03-09,15.75,15.875,15.75,15.875,1.3863893747329712,5100
1988-03-10,15.75,15.875,15.625,15.625,1.3645570278167725,5100
1988-03-11,15.625,15.75,15.625,15.75,1.3754725456237793,3700
1988-03-14,15.625,15.875,15.625,15.875,1.3863893747329712,3700
1988-03-15,15.25,15.25,15.0,15.0,1.3409745693206787,4100
1988-03-16,15.375,15.5,15.125,15.375,1.3744994401931765,5800
1988-03-17,15.5,15.625,15.5,15.625,1.396849513053894,1400
1988-03-18,15.625,15.625,15.5,15.5,1.3856745958328247,1100
1988-03-21,15.625,15.75,15.5,15.75,1.4080229997634888,7900
1988-03-22,15.75,15.75,15.5,15.5,1.3856745958328247,1300
1988-03-23,15.5,15.75,15.5,15.75,1.4080229997634888,4500
1988-03-24,15.75,15.875,15.625,15.625,1.396849513053894,3900
1988-03-25,15.875,15.875,15.5,15.5,1.3856745958328247,4600
1988-03-28,15.5,15.5,15.375,15.375,1.3744994401931765,4000
1988-03-29,15.375,15.625,15.375,15.625,1.396849513053894,5800
1988-03-30,15.5,15.625,15.5,15.625,1.396849513053894,1300
1988-03-31,15.75,15.75,15.375,15.375,1.3744994401931765,8000
1988-04-04,15.5,15.625,15.25,15.25,1.3633246421813965,15000
1988-04-05,15.25,15.5,15.25,15.375,1.3744994401931765,2200
1988-04-06,15.625,15.625,15.5,15.625,1.396849513053894,13300
1988-04-07,15.625,15.625,15.5,15.5,1.3856745958328247,5300
1988-04-08,15.5,15.75,15.5,15.625,1.396849513053894,4500
1988-04-11,15.625,15.75,15.25,15.5,1.3856745958328247,5400
1988-04-12,15.5,15.5,15.25,15.375,1.3744994401931765,3600
1988-04-13,15.125,15.5,15.125,15.5,1.3856745958328247,4000
1988-04-14,15.25,15.5,15.125,15.125,1.3521496057510376,2000
1988-04-15,15.0,15.5,15.0,15.5,1.3856745958328247,5500
1988-04-18,15.25,15.25,15.125,15.125,1.3521496057510376,3700
1988-04-19,15.125,15.125,14.75,15.125,1.3521496057510376,5800
1988-04-20,15.0,15.125,14.625,14.875,1.329800367355347,7200
1988-04-21,14.875,15.0,14.625,15.0,1.3409745693206787,8900
1988-04-22,14.75,14.75,14.5,14.625,1.307450532913208,5100
1988-04-25,14.75,14.875,14.625,14.875,1.329800367355347,2700
1988-04-26,14.625,14.875,14.625,14.75,1.3186259269714355,2500
1988-04-27,15.0,15.0,14.75,14.75,1.3186259269714355,3000
1988-04-28,14.75,15.0,14.75,15.0,1.3409745693206787,2200
1988-04-29,14.75,15.0,14.75,14.875,1.329800367355347,2100
1988-05-02,15.0,15.0,14.75,14.75,1.3186259269714355,3500
1988-05-03,14.75,15.0,14.625,15.0,1.3409745693206787,4700
1988-05-04,14.875,14.875,14.625,14.625,1.307450532913208,2800
1988-05-05,14.75,14.875,14.75,14.75,1.3186259269714355,2100
1988-05-06,14.875,15.0,14.875,14.875,1.329800367355347,3200
1988-05-09,15.0,15.125,14.875,15.0,1.3409745693206787,3200
1988-05-10,14.875,15.125,14.75,14.875,1.329800367355347,3400
1988-05-11,14.75,14.75,14.625,14.625,1.307450532913208,2500
1988-05-12,14.75,14.875,14.5,14.75,1.3186259269714355,3800
1988-05-13,14.875,14.875,14.75,14.75,1.3186259269714355,3200
1988-05-16,14.75,15.0,14.5,14.5,1.2962760925292969,4400
1988-05-17,14.625,14.875,14.625,14.875,1.329800367355347,900
1988-05-18,15.0,15.0,14.5,14.5,1.2962760925292969,4300
1988-05-19,14.5,14.75,14.5,14.5,1.2962760925292969,1300
1988-05-20,14.5,15.125,14.5,15.125,1.3521496057510376,5000
1988-05-23,14.875,14.875,14.625,14.875,1.329800367355347,2800
1988-05-24,14.625,14.875,14.625,14.625,1.307450532913208,2000
1988-05-25,14.75,15.0,14.625,14.75,1.3186259269714355,4600
1988-05-26,14.75,15.0,14.625,14.75,1.3186259269714355,8300
1988-05-27,14.75,14.75,14.625,14.75,1.3186259269714355,1600
1988-05-31,14.875,14.875,14.75,14.875,1.329800367355347,3400
1988-06-01,14.75,15.0,14.625,15.0,1.3409745693206787,7000
1988-06-02,14.875,15.25,14.875,15.125,1.3521496057510376,13100
1988-06-03,15.125,15.25,15.0,15.125,1.3521496057510376,4800
1988-06-06,14.875,15.125,14.875,15.0,1.3409745693206787,2400
1988-06-07,15.0,15.0,14.875,14.875,1.329800367355347,2500
1988-06-08,15.0,15.25,15.0,15.0,1.3409745693206787,6200
1988-06-09,15.0,15.25,15.0,15.25,1.3633246421813965,1800
1988-06-10,15.375,15.375,15.375,15.375,1.3744994401931765,1400
1988-06-13,15.125,15.5,15.0,15.0,1.3409745693206787,5000
1988-06-14,14.625,14.875,14.5,14.5,1.328787088394165,5000
1988-06-15,14.75,15.0,14.5,14.875,1.3631521463394165,7300
1988-06-16,14.75,15.0,14.75,14.75,1.3516974449157717,2000
1988-06-17,15.125,15.5,15.0,15.5,1.4204277992248535,9400
1988-06-20,15.25,15.375,15.0,15.125,1.3860619068145752,3200
1988-06-21,15.125,15.125,15.0,15.0,1.3746066093444824,5600
1988-06-22,15.25,15.25,15.0,15.0,1.3746066093444824,6000
1988-06-23,15.0,15.0,14.625,14.625,1.34024178981781,5700
1988-06-24,14.875,15.25,14.75,15.0,1.3746066093444824,3200
1988-06-27,15.25,15.25,14.75,14.75,1.3516974449157717,2900
1988-06-28,15.0,15.25,14.75,15.0,1.3746066093444824,1800
1988-06-29,15.0,15.0,15.0,15.0,1.3746066093444824,800
1988-06-30,14.875,15.0,14.5,14.625,1.34024178981781,37900
1988-07-01,14.75,14.875,14.75,14.875,1.3631521463394165,5600
1988-07-05,14.75,14.75,14.625,14.625,1.34024178981781,5000
1988-07-06,14.75,14.75,14.5,14.5,1.328787088394165,4900
1988-07-07,14.625,14.75,14.5,14.5,1.328787088394165,3300
1988-07-08,14.5,14.625,14.5,14.625,1.34024178981781,2100
1988-07-11,14.75,14.75,14.625,14.75,1.3516974449157717,4400
1988-07-12,14.75,14.875,14.625,14.875,1.3631521463394165,1900
1988-07-13,14.875,14.875,14.75,14.875,1.3631521463394165,3500
1988-07-14,14.625,15.0,14.625,15.0,1.3746066093444824,3000
1988-07-15,15.0,15.0,14.625,14.625,1.34024178981781,7600
1988-07-18,14.625,14.625,14.5,14.5,1.328787088394165,6300
1988-07-19,14.5,14.625,14.375,14.5,1.328787088394165,7000
1988-07-20,14.5,14.5,14.25,14.5,1.328787088394165,2900
1988-07-21,14.375,14.5,14.375,14.5,1.328787088394165,3200
1988-07-22,14.5,14.5,14.375,14.375,1.3173319101333618,2400
1988-07-25,14.5,14.625,14.5,14.625,1.34024178981781,5300
1988-07-26,14.5,14.625,14.5,14.5,1.328787088394165,3600
1988-07-27,14.375,14.75,14.375,14.5,1.328787088394165,5500
1988-07-28,14.625,14.875,14.625,14.875,1.3631521463394165,1900
1988-07-29,14.875,14.875,14.5,14.875,1.3631521463394165,8100
1988-08-01,14.875,15.125,14.75,14.75,1.3516974449157717,6600
1988-08-02,14.75,14.75,14.75,14.75,1.3516974449157717,900
1988-08-03,15.0,15.0,14.625,14.625,1.34024178981781,4400
1988-08-04,14.625,14.75,14.625,14.75,1.3516974449157717,2100
1988-08-05,14.875,15.0,14.875,14.875,1.3631521463394165,1600
1988-08-08,14.625,15.0,14.625,14.875,1.3631521463394165,4000
1988-08-09,14.875,14.875,14.625,14.625,1.34024178981781,5800
1988-08-10,14.625,14.75,14.625,14.75,1.3516974449157717,2400
1988-08-11,14.5,14.625,14.5,14.625,1.34024178981781,2600
1988-08-12,14.625,14.75,14.625,14.625,1.34024178981781,5000
1988-08-15,14.75,14.75,14.5,14.5,1.328787088394165,2500
1988-08-16,14.5,14.75,14.5,14.75,1.3516974449157717,2700
1988-08-17,14.75,14.875,14.625,14.875,1.3631521463394165,3100
1988-08-18,14.75,15.0,14.75,15.0,1.3746066093444824,5400
1988-08-19,15.0,15.0,14.625,14.75,1.3516974449157717,12100
1988-08-22,14.75,14.75,14.625,14.625,1.34024178981781,3400
1988-08-23,14.625,14.875,14.625,14.75,1.3516974449157717,4300
1988-08-24,14.625,14.875,14.625,14.875,1.3631521463394165,4200
1988-08-25,14.875,14.875,14.75,14.875,1.3631521463394165,1500
1988-08-26,14.75,14.875,14.75,14.875,1.3631521463394165,1500
1988-08-29,14.875,14.875,14.75,14.875,1.3631521463394165,2300
1988-08-30,15.0,15.0,14.75,14.75,1.3516974449157717,2600
1988-08-31,14.875,15.0,14.75,14.75,1.3516974449157717,1900
1988-09-01,14.75,15.0,14.75,15.0,1.3746066093444824,2800
1988-09-02,14.875,15.0,14.875,14.875,1.3631521463394165,3200
1988-09-06,15.0,15.125,14.875,15.125,1.3860619068145752,2700
1988-09-07,15.25,15.375,15.25,15.375,1.4089723825454712,3800
1988-09-08,15.375,15.375,15.25,15.25,1.3975173234939575,5400
1988-09-09,15.125,15.125,15.0,15.125,1.3860619068145752,3400
1988-09-12,15.125,15.25,15.0,15.25,1.3975173234939575,3100
1988-09-13,14.875,15.125,14.75,14.875,1.398175597190857,4100
1988-09-14,15.0,15.0,14.75,14.75,1.3864264488220217,6400
1988-09-15,14.875,14.875,14.75,14.75,1.3864264488220217,7600
1988-09-16,14.875,14.875,14.75,14.875,1.398175597190857,2100
1988-09-19,14.75,15.0,14.75,14.75,1.3864264488220217,3300
1988-09-20,14.75,15.125,14.75,15.125,1.4216737747192385,3500
1988-09-21,15.0,15.0,15.0,15.0,1.4099241495132446,1300
1988-09-22,14.875,15.125,14.875,15.0,1.4099241495132446,1700
1988-09-23,15.0,15.0,14.875,14.875,1.398175597190857,1400
1988-09-26,14.75,14.875,14.75,14.875,1.398175597190857,1800
1988-09-27,14.75,15.125,14.75,15.125,1.4216737747192385,4200
1988-09-28,14.875,15.25,14.875,14.875,1.398175597190857,3600
1988-09-29,14.75,15.125,14.75,15.125,1.4216737747192385,1400
1988-09-30,15.125,15.25,14.875,14.875,1.398175597190857,3200
1988-10-03,15.0,15.25,15.0,15.25,1.4334230422973633,4700
1988-10-04,15.125,15.125,14.875,14.875,1.398175597190857,6000
1988-10-05,14.875,15.0,14.875,15.0,1.4099241495132446,3700
1988-10-06,15.0,15.0,14.875,14.875,1.398175597190857,3100
1988-10-07,15.0,15.125,15.0,15.125,1.4216737747192385,4300
1988-10-10,15.125,15.25,15.0,15.25,1.4334230422973633,1300
1988-10-11,15.125,15.25,15.0,15.0,1.4099241495132446,1600
1988-10-12,15.0,15.0,14.875,14.875,1.398175597190857,2000
1988-10-13,15.0,15.0,14.875,14.875,1.398175597190857,14700
1988-10-14,14.875,15.125,14.875,15.0,1.4099241495132446,5200
1988-10-17,15.125,15.125,15.0,15.0,1.4099241495132446,2800
1988-10-18,15.0,15.25,15.0,15.125,1.4216737747192385,6000
1988-10-19,15.0,15.625,15.0,15.0,1.4099241495132446,6800
1988-10-20,14.875,14.875,14.875,14.875,1.398175597190857,800
1988-10-21,14.875,15.125,14.875,14.875,1.398175597190857,10300
1988-10-24,15.0,15.125,15.0,15.0,1.4099241495132446,1400
1988-10-25,15.0,15.0,14.875,15.0,1.4099241495132446,2100
1988-10-26,14.875,15.125,14.875,14.875,1.398175597190857,2400
1988-10-27,15.125,15.125,14.875,14.875,1.398175597190857,4700
1988-10-28,14.875,15.125,14.875,14.875,1.398175597190857,1200
1988-10-31,15.0,15.125,15.0,15.125,1.4216737747192385,700
1988-11-01,15.125,15.5,15.125,15.375,1.4451731443405151,5200
1988-11-02,15.5,15.5,15.375,15.375,1.4451731443405151,3100
1988-11-03,15.625,15.625,15.125,15.125,1.4216737747192385,5300
1988-11-04,15.25,15.375,15.0,15.125,1.4216737747192385,4500
1988-11-07,15.0,15.0,15.0,15.0,1.4099241495132446,3400
1988-11-08,15.0,15.25,15.0,15.0,1.4099241495132446,3900
1988-11-09,15.125,15.125,15.0,15.125,1.4216737747192385,3500
1988-11-10,15.0,15.125,15.0,15.0,1.4099241495132446,4500
1988-11-11,15.125,15.125,15.0,15.0,1.4099241495132446,3700
1988-11-14,14.875,15.25,14.875,15.125,1.4216737747192385,2800
1988-11-15,15.25,15.25,14.875,14.875,1.398175597190857,8200
1988-11-16,14.875,15.125,14.875,14.875,1.398175597190857,4100
1988-11-17,14.875,15.0,14.875,15.0,1.4099241495132446,3900
1988-11-18,15.0,15.0,14.75,15.0,1.4099241495132446,3500
1988-11-21,15.125,15.125,14.875,15.0,1.4099241495132446,4700
1988-11-22,15.0,15.375,14.875,15.125,1.4216737747192385,3300
1988-11-23,15.125,15.375,14.875,15.0,1.4099241495132446,3900
1988-11-25,14.875,15.25,14.875,15.25,1.4334230422973633,2100
1988-11-28,15.0,15.0,14.75,14.75,1.3864264488220217,6800
1988-11-29,14.75,15.0,14.75,15.0,1.4099241495132446,3500
1988-11-30,14.875,15.0,14.875,15.0,1.4099241495132446,3600
1988-12-01,14.875,15.0,14.875,14.875,1.398175597190857,4700
1988-12-02,14.75,14.875,14.625,14.625,1.3746765851974487,5500
1988-12-05,14.625,15.0,14.625,14.875,1.398175597190857,4900
1988-12-06,14.875,15.0,14.75,15.0,1.4099241495132446,2600
1988-12-07,15.0,15.125,14.875,15.125,1.4216737747192385,2500
1988-12-08,14.875,15.375,14.875,15.0,1.4099241495132446,8000
1988-12-09,15.375,15.375,14.875,15.0,1.4099241495132446,8000
1988-12-12,15.125,15.25,14.875,15.125,1.4216737747192385,6600
1988-12-13,15.0,15.0,14.75,14.875,1.4344024658203125,9200
1988-12-14,15.0,15.0,14.75,14.75,1.4223483800888062,2200
1988-12-15,14.75,14.75,14.625,14.75,1.4223483800888062,3300
1988-12-16,14.75,15.0,14.75,14.75,1.4223483800888062,5400
1988-12-19,14.75,14.875,14.75,14.75,1.4223483800888062,5300
1988-12-20,14.75,14.875,14.75,14.875,1.4344024658203125,3400
1988-12-21,15.0,15.0,14.625,14.625,1.410296082496643,6900
1988-12-22,14.625,14.75,14.5,14.625,1.410296082496643,2200
1988-12-23,14.5,14.5,14.5,14.5,1.3982417583465576,600
1988-12-27,14.625,14.875,14.5,14.625,1.410296082496643,1500
1988-12-28,14.625,14.75,14.375,14.5,1.3982417583465576,7100
1988-12-29,14.5,14.625,14.375,14.625,1.410296082496643,3500
1988-12-30,14.625,14.75,14.375,14.5,1.3982417583465576,8400
1989-01-03,14.625,14.625,14.5,14.5,1.3982417583465576,4300
1989-01-04,14.5,14.625,14.375,14.625,1.410296082496643,2100
1989-01-05,14.75,14.875,14.625,14.75,1.4223483800888062,5300
1989-01-06,14.625,14.75,14.5,14.5,1.3982417583465576,3200
1989-01-09,14.625,14.75,14.375,14.75,1.4223483800888062,2400
1989-01-10,14.625,14.875,14.625,14.875,1.4344024658203125,3400
1989-01-11,14.625,14.875,14.625,14.875,1.4344024658203125,4700
1989-01-12,14.625,14.625,14.5,14.5,1.3982417583465576,2000
1989-01-13,14.5,14.625,14.5,14.5,1.3982417583465576,2200
1989-01-16,14.5,14.75,14.5,14.5,1.3982417583465576,900
1989-01-17,14.5,14.625,14.5,14.625,1.410296082496643,2200
1989-01-18,14.5,14.625,14.5,14.625,1.410296082496643,1200
1989-01-19,14.625,14.75,14.625,14.625,1.410296082496643,5400
1989-01-20,14.5,14.875,14.5,14.5,1.3982417583465576,5600
1989-01-23,14.625,14.75,14.5,14.625,1.410296082496643,5200
1989-01-24,14.75,14.75,14.625,14.75,1.4223483800888062,3500
1989-01-25,14.875,15.125,14.75,15.0,1.446455955505371,6500
1989-01-26,15.25,15.25,14.625,14.625,1.410296082496643,8900
1989-01-27,14.75,14.875,14.625,14.75,1.4223483800888062,7400
1989-01-30,14.75,14.875,14.75,14.75,1.4223483800888062,4000
1989-01-31,14.625,14.875,14.625,14.625,1.410296082496643,9600
1989-02-01,14.75,14.875,14.5,14.5,1.3982417583465576,3600
1989-02-02,14.5,14.75,14.5,14.75,1.4223483800888062,6700
1989-02-03,14.625,14.75,14.5,14.625,1.410296082496643,5200
1989-02-06,14.75,14.75,14.625,14.625,1.410296082496643,4000
1989-02-07,14.75,15.0,14.75,14.75,1.4223483800888062,4200
1989-02-08,14.75,14.75,14.625,14.625,1.410296082496643,1600
1989-02-09,14.75,15.0,14.75,14.75,1.4223483800888062,1000
1989-02-10,14.75,15.0,14.75,14.75,1.4223483800888062,4400
1989-02-13,14.75,14.75,14.625,14.625,1.410296082496643,4100
1989-02-14,14.625,14.75,14.625,14.75,1.4223483800888062,3800
1989-02-15,14.75,14.875,14.625,14.875,1.4344024658203125,800
1989-02-16,14.75,14.75,14.625,14.625,1.410296082496643,3100
1989-02-17,14.625,14.75,14.625,14.625,1.410296082496643,6200
1989-02-21,14.625,14.75,14.5,14.75,1.4223483800888062,2700
1989-02-22,14.875,14.875,14.75,14.75,1.4223483800888062,7100
1989-02-23,14.5,14.75,14.5,14.625,1.410296082496643,4900
1989-02-24,14.5,14.75,14.5,14.5,1.3982417583465576,4100
1989-02-27,14.5,14.5,14.5,14.5,1.3982417583465576,4200
1989-02-28,14.5,14.625,14.5,14.5,1.3982417583465576,5800
1989-03-01,14.5,14.625,14.5,14.5,1.3982417583465576,3300
1989-03-02,14.5,14.625,14.5,14.625,1.410296082496643,1300
1989-03-03,14.75,14.75,14.625,14.625,1.410296082496643,4300
1989-03-06,14.625,14.625,14.625,14.625,1.410296082496643,1000
1989-03-07,14.625,14.625,14.5,14.5,1.3982417583465576,4200
1989-03-08,14.625,14.75,14.5,14.75,1.4223483800888062,6400
1989-03-09,14.625,14.875,14.625,14.875,1.4344024658203125,2400
1989-03-10,14.75,14.75,14.625,14.625,1.410296082496643,5300
1989-03-13,14.625,14.75,14.5,14.625,1.410296082496643,5500
1989-03-14,14.25,14.375,14.125,14.25,1.4095042943954468,11500
1989-03-15,14.25,14.25,14.25,14.25,1.4095042943954468,1200
1989-03-16,14.375,14.375,14.25,14.25,1.4095042943954468,5000
1989-03-17,14.25,14.375,14.25,14.25,1.4095042943954468,2600
1989-03-20,14.25,14.375,14.25,14.375,1.4218684434890747,2300
1989-03-21,14.25,14.25,14.125,14.25,1.4095042943954468,3700
1989-03-22,14.25,14.25,14.25,14.25,1.4095042943954468,5900
1989-03-23,14.25,14.5,14.25,14.5,1.434232473373413,12700
1989-03-27,14.375,14.5,14.25,14.375,1.4218684434890747,2400
1989-03-28,14.25,14.25,14.125,14.25,1.4095042943954468,4000
1989-03-29,14.25,14.5,14.25,14.5,1.434232473373413,1100
1989-03-30,14.625,14.625,14.375,14.625,1.44659686088562,5500
1989-03-31,14.5,14.5,14.25,14.375,1.4218684434890747,3400
1989-04-03,14.375,14.375,14.25,14.25,1.4095042943954468,5300
1989-04-04,14.125,14.25,14.125,14.125,1.3971401453018188,10500
1989-04-05,14.125,14.375,14.125,14.25,1.4095042943954468,2700
1989-04-06,14.125,14.5,14.125,14.5,1.434232473373413,2800
1989-04-07,14.375,14.375,14.125,14.125,1.3971401453018188,2900
1989-04-10,14.375,14.375,14.125,14.375,1.4218684434890747,11500
1989-04-11,14.25,14.5,14.25,14.375,1.4218684434890747,3100
1989-04-12,14.25,14.375,14.125,14.125,1.3971401453018188,8000
1989-04-13,14.25,14.25,14.125,14.125,1.3971401453018188,3300
1989-04-14,14.25,14.5,14.125,14.25,1.4095042943954468,8400
1989-04-17,14.375,14.375,14.25,14.25,1.4095042943954468,3100
1989-04-18,14.5,14.625,14.5,14.625,1.44659686088562,5600
1989-04-19,14.375,14.5,14.375,14.5,1.434232473373413,5500
1989-04-20,14.375,14.625,14.375,14.625,1.44659686088562,3300
1989-04-21,14.625,14.625,14.375,14.375,1.4218684434890747,2600
1989-04-24,14.375,14.5,14.25,14.5,1.434232473373413,2700
1989-04-25,14.375,14.625,14.375,14.625,1.44659686088562,3600
1989-04-26,14.5,14.5,14.375,14.5,1.434232473373413,2800
1989-04-27,14.5,14.5,14.5,14.5,1.434232473373413,1000
1989-04-28,14.5,14.625,14.5,14.5,1.434232473373413,3200
1989-05-01,14.375,14.5,14.375,14.375,1.4218684434890747,3900
1989-05-02,14.625,14.625,14.375,14.375,1.4218684434890747,1800
1989-05-03,14.5,14.5,14.25,14.5,1.434232473373413,4400
1989-05-04,14.625,14.625,14.625,14.625,1.44659686088562,1800
1989-05-05,14.5,14.625,14.375,14.5,1.434232473373413,8000
1989-05-08,14.625,14.625,14.375,14.375,1.4218684434890747,2200
1989-05-09,14.625,14.625,14.375,14.375,1.4218684434890747,4800
1989-05-10,14.375,14.625,14.375,14.5,1.434232473373413,800
1989-05-11,14.625,14.75,14.5,14.75,1.4589602947235107,9400
1989-05-12,14.875,14.875,14.625,14.75,1.4589602947235107,7300
1989-05-15,14.625,14.75,14.625,14.625,1.44659686088562,1700
1989-05-16,14.75,14.75,14.625,14.625,1.44659686088562,5200
1989-05-17,14.75,14.75,14.625,14.625,1.44659686088562,3400
1989-05-18,14.625,14.875,14.625,14.875,1.47132408618927,3000
1989-05-19,14.875,15.0,14.875,14.875,1.47132408618927,10500
1989-05-22,15.0,15.0,14.875,14.875,1.47132408618927,8600
1989-05-23,14.875,15.0,14.75,14.875,1.47132408618927,4100
1989-05-24,14.875,15.0,14.875,14.875,1.47132408618927,5500
1989-05-25,15.0,15.0,15.0,15.0,1.4836875200271606,1700
1989-05-26,14.75,15.0,14.75,14.875,1.47132408618927,3400
1989-05-30,14.875,15.125,14.75,15.125,1.4960520267486572,3600
1989-05-31,15.25,15.25,14.875,14.875,1.47132408618927,4400
1989-06-01,14.875,15.125,14.875,15.0,1.4836875200271606,2000
1989-06-02,15.0,15.125,14.875,15.125,1.4960520267486572,4200
1989-06-05,15.125,15.375,15.125,15.25,1.5084174871444702,7700
1989-06-06,15.25,15.375,15.125,15.125,1.4960520267486572,5300
1989-06-07,15.375,15.375,15.0,15.125,1.4960520267486572,11100
1989-06-08,15.125,15.125,15.0,15.125,1.4960520267486572,3400
1989-06-09,15.125,15.25,15.125,15.25,1.5084174871444702,3900
1989-06-12,15.25,15.375,15.125,15.125,1.4960520267486572,6600
1989-06-13,14.75,15.0,14.75,15.0,1.5205833911895752,4300
1989-06-14,14.75,15.0,14.75,14.75,1.4952415227890017,3700
1989-06-15,14.75,15.0,14.75,15.0,1.5205833911895752,12700
1989-06-16,15.0,15.0,14.875,15.0,1.5205833911895752,6500
1989-06-19,14.875,15.0,14.875,14.875,1.5079126358032229,3400
1989-06-20,15.0,15.125,14.875,15.0,1.5205833911895752,4600
1989-06-21,15.0,15.0,14.875,14.875,1.5079126358032229,4400
1989-06-22,14.875,15.125,14.875,15.0,1.5205833911895752,4800
1989-06-23,15.0,15.125,14.875,15.125,1.5332554578781128,900
1989-06-26,15.0,15.125,14.875,14.875,1.5079126358032229,1500
1989-06-27,15.0,15.0,14.875,14.875,1.5079126358032229,3500
1989-06-28,15.125,15.125,15.0,15.0,1.5205833911895752,2100
1989-06-29,15.0,15.125,15.0,15.0,1.5205833911895752,2100
1989-06-30,15.0,15.125,15.0,15.0,1.5205833911895752,3100
1989-07-03,15.125,15.125,15.0,15.0,1.5205833911895752,4800
1989-07-05,15.125,15.125,15.0,15.0,1.5205833911895752,5000
1989-07-06,15.0,15.0,14.875,14.875,1.5079126358032229,2200
1989-07-07,14.875,15.0,14.875,15.0,1.5205833911895752,3400
1989-07-10,14.875,15.375,14.875,15.25,1.5459284782409668,11300
1989-07-11,15.5,15.625,15.5,15.625,1.583943247795105,2300
1989-07-12,15.75,15.875,15.75,15.875,1.609285593032837,14400
1989-07-13,15.875,16.125,15.875,16.0,1.6219569444656372,10500
1989-07-14,16.0,16.125,15.75,15.875,1.609285593032837,8200
1989-07-17,15.875,16.0,15.75,15.75,1.5966140031814575,4100
1989-07-18,15.75,15.75,15.25,15.375,1.5585989952087402,9500
1989-07-19,15.375,15.5,15.375,15.5,1.5712711811065674,5200
1989-07-20,15.25,15.5,15.125,15.25,1.5459284782409668,5200
1989-07-21,15.125,15.5,15.125,15.5,1.5712711811065674,5600
1989-07-24,15.25,15.375,15.25,15.25,1.5459284782409668,5700
1989-07-25,15.125,15.375,15.0,15.125,1.5332554578781128,3600
1989-07-26,15.125,15.5,15.125,15.5,1.5712711811065674,3000
1989-07-27,15.5,15.625,15.5,15.5,1.5712711811065674,4500
1989-07-28,15.5,15.875,15.5,15.875,1.609285593032837,2500
1989-07-31,15.75,15.875,15.75,15.875,1.609285593032837,3500
1989-08-01,15.75,16.0,15.75,15.75,1.5966140031814575,5800
1989-08-02,15.875,16.0,15.875,16.0,1.6219569444656372,2900
1989-08-03,15.875,16.0,15.875,15.875,1.609285593032837,2800
1989-08-04,15.75,15.875,15.75,15.875,1.609285593032837,3500
1989-08-07,15.875,15.875,15.625,15.75,1.5966140031814575,2300
1989-08-08,15.75,16.0,15.75,15.75,1.5966140031814575,3700
1989-08-09,15.875,15.875,15.75,15.875,1.609285593032837,5300
1989-08-10,15.75,15.875,15.5,15.625,1.583943247795105,5600
1989-08-11,15.75,15.875,15.75,15.75,1.5966140031814575,4500
1989-08-14,15.75,15.875,15.625,15.625,1.583943247795105,3400
1989-08-15,15.75,15.75,15.625,15.625,1.583943247795105,5100
1989-08-16,15.625,15.625,15.5,15.5,1.5712711811065674,4000
1989-08-17,15.625,15.625,15.25,15.25,1.5459284782409668,3600
1989-08-18,15.25,15.5,15.125,15.5,1.5712711811065674,15500
1989-08-21,15.5,15.625,15.375,15.375,1.5585989952087402,4500
1989-08-22,15.375,15.5,15.375,15.375,1.5585989952087402,1800
1989-08-23,15.5,15.75,15.5,15.5,1.5712711811065674,4000
1989-08-24,15.5,15.75,15.5,15.75,1.5966140031814575,2900
1989-08-25,15.75,15.75,15.625,15.625,1.583943247795105,2200
1989-08-28,15.5,15.5,15.375,15.375,1.5585989952087402,5200
1989-08-29,15.25,15.5,15.25,15.25,1.5459284782409668,4300
1989-08-30,15.25,15.5,15.25,15.25,1.5459284782409668,900
1989-08-31,15.25,15.5,15.25,15.375,1.5585989952087402,4500
1989-09-01,15.625,15.625,15.375,15.375,1.5585989952087402,2100
1989-09-05,15.5,15.625,15.375,15.625,1.583943247795105,5500
1989-09-06,15.625,15.625,15.5,15.625,1.583943247795105,3600
1989-09-07,15.5,15.625,15.5,15.5,1.5712711811065674,2300
1989-09-08,15.5,15.5,15.375,15.375,1.5585989952087402,5000
1989-09-11,15.25,15.5,15.25,15.5,1.5712711811065674,1100
1989-09-12,14.875,15.0,14.875,14.875,1.5444822311401367,2000
1989-09-13,14.875,15.0,14.875,14.875,1.5444822311401367,6900
1989-09-14,15.0,15.0,14.75,14.875,1.5444822311401367,5900
1989-09-15,14.875,14.875,14.875,14.875,1.5444822311401367,3100
1989-09-18,14.75,15.0,14.75,14.75,1.5315033197402954,4100
1989-09-19,15.0,15.0,14.75,14.875,1.5444822311401367,3800
1989-09-20,14.875,15.25,14.875,15.25,1.5834192037582395,11600
1989-09-21,15.25,15.25,15.125,15.25,1.5834192037582395,2900
1989-09-22,15.25,15.625,15.25,15.625,1.6223561763763428,6900
1989-09-25,15.625,15.625,15.375,15.375,1.596397876739502,6100
1989-09-26,15.5,15.5,15.25,15.25,1.5834192037582395,5200
1989-09-27,15.5,15.5,15.375,15.5,1.6093769073486328,2500
1989-09-28,15.5,15.5,15.375,15.375,1.596397876739502,2100
1989-09-29,15.125,15.375,15.125,15.375,1.596397876739502,3200
1989-10-02,15.5,15.625,15.375,15.625,1.6223561763763428,7800
1989-10-03,15.5,15.625,15.375,15.5,1.6093769073486328,4200
1989-10-04,15.375,15.625,15.375,15.625,1.6223561763763428,1300
1989-10-05,15.5,15.625,15.5,15.625,1.6223561763763428,3000
1989-10-06,15.5,15.5,15.375,15.5,1.6093769073486328,3000
1989-10-09,15.5,15.75,15.5,15.5,1.6093769073486328,4300
1989-10-10,15.75,15.875,15.625,15.75,1.6353343725204468,8100
1989-10-11,15.75,15.875,15.75,15.75,1.6353343725204468,3700
1989-10-12,15.75,15.875,15.625,15.625,1.6223561763763428,2700
1989-10-13,15.625,15.625,15.375,15.375,1.596397876739502,8100
1989-10-16,15.125,15.25,15.0,15.25,1.5834192037582395,4500
1989-10-17,15.25,15.375,15.0,15.125,1.5704395771026611,8200
1989-10-18,15.125,15.375,15.0,15.375,1.596397876739502,1700
1989-10-19,15.0,15.25,15.0,15.125,1.5704395771026611,3500
1989-10-20,15.0,15.375,15.0,15.375,1.596397876739502,7100
1989-10-23,15.125,15.625,15.125,15.375,1.596397876739502,4100
1989-10-24,15.25,15.375,15.0,15.0,1.5574601888656616,6700
1989-10-25,15.0,15.125,14.75,15.125,1.5704395771026611,4200
1989-10-26,15.0,15.375,15.0,15.375,1.596397876739502,5300
1989-10-27,15.25,15.375,15.125,15.375,1.596397876739502,1700
1989-10-30,15.5,15.5,15.25,15.5,1.6093769073486328,6500
1989-10-31,15.375,15.5,15.375,15.5,1.6093769073486328,3800
1989-11-01,15.375,15.5,15.375,15.375,1.596397876739502,2600
1989-11-02,15.5,15.5,15.375,15.5,1.6093769073486328,1300
1989-11-03,15.5,15.5,15.25,15.25,1.5834192037582395,1800
1989-11-06,15.25,15.5,15.25,15.5,1.6093769073486328,3100
1989-11-07,15.25,15.5,15.25,15.5,1.6093769073486328,9000
1989-11-08,15.375,15.5,15.25,15.375,1.596397876739502,8800
1989-11-09,15.5,15.5,15.25,15.5,1.6093769073486328,7200
1989-11-10,15.375,15.5,15.375,15.375,1.596397876739502,4200
1989-11-13,15.375,15.5,15.375,15.375,1.596397876739502,7100
1989-11-14,15.375,15.5,15.25,15.25,1.5834192037582395,15800
1989-11-15,15.25,15.375,15.25,15.25,1.5834192037582395,3500
1989-11-16,15.25,15.375,15.25,15.25,1.5834192037582395,1500
1989-11-17,15.25,15.25,15.25,15.25,1.5834192037582395,7300
1989-11-20,15.25,15.375,15.25,15.25,1.5834192037582395,1600
1989-11-21,15.375,15.375,15.25,15.25,1.5834192037582395,3500
1989-11-22,15.375,15.375,15.25,15.25,1.5834192037582395,4400
1989-11-24,15.375,15.5,15.375,15.375,1.596397876739502,3500
1989-11-27,15.375,15.5,15.375,15.375,1.596397876739502,2500
1989-11-28,15.375,15.5,15.375,15.375,1.596397876739502,7700
1989-11-29,15.5,15.5,15.25,15.375,1.596397876739502,7500
1989-11-30,15.25,15.375,15.25,15.375,1.596397876739502,9800
1989-12-01,15.25,15.5,15.25,15.375,1.596397876739502,8800
1989-12-04,15.25,15.5,15.25,15.5,1.6093769073486328,5900
1989-12-05,15.625,15.75,15.5,15.75,1.6353343725204468,6000
1989-12-06,15.625,15.625,15.5,15.5,1.6093769073486328,6800
1989-12-07,15.625,15.625,15.625,15.625,1.6223561763763428,1200
1989-12-08,15.5,15.625,15.5,15.5,1.6093769073486328,3600
1989-12-11,15.5,15.875,15.5,15.875,1.6483135223388672,11500
1989-12-12,15.5,15.75,15.5,15.625,1.6607496738433838,5700
1989-12-13,15.75,15.75,15.5,15.625,1.6607496738433838,5400
1989-12-14,15.625,15.625,15.5,15.5,1.6474629640579224,8300
1989-12-15,15.625,15.625,15.375,15.375,1.6341767311096191,3000
1989-12-18,15.375,15.5,15.375,15.375,1.6341767311096191,6600
1989-12-19,15.5,15.875,15.375,15.875,1.6873210668563845,4800
1989-12-20,15.875,15.875,15.625,15.625,1.6607496738433838,5500
1989-12-21,15.625,15.75,15.5,15.5,1.6474629640579224,4000
1989-12-22,15.5,15.75,15.5,15.625,1.6607496738433838,1500
1989-12-26,15.625,15.625,15.5,15.5,1.6474629640579224,3100
1989-12-27,15.5,15.625,15.5,15.5,1.6474629640579224,6500
1989-12-28,15.625,15.625,15.625,15.625,1.6607496738433838,2900
1989-12-29,15.625,15.625,15.5,15.5,1.6474629640579224,5100
1990-01-02,15.625,15.625,15.5,15.625,1.6607496738433838,2700
1990-01-03,15.5,15.625,15.375,15.5,1.6474629640579224,5500
1990-01-04,15.5,15.625,15.5,15.5,1.6474629640579224,3900
1990-01-05,15.5,15.5,15.5,15.5,1.6474629640579224,3000
1990-01-08,15.5,15.75,15.5,15.5,1.6474629640579224,11700
1990-01-09,15.625,15.75,15.625,15.75,1.6740353107452393,13500
1990-01-10,15.625,15.75,15.625,15.75,1.6740353107452393,5400
1990-01-11,15.625,15.75,15.625,15.75,1.6740353107452393,7900
1990-01-12,15.5,15.75,15.5,15.75,1.6740353107452393,2400
1990-01-15,15.625,15.75,15.625,15.625,1.6607496738433838,6200
1990-01-16,15.625,15.625,15.5,15.625,1.6607496738433838,2300
1990-01-17,15.5,15.625,15.5,15.625,1.6607496738433838,3000
1990-01-18,15.5,15.75,15.5,15.625,1.6607496738433838,8400
1990-01-19,15.625,15.625,15.5,15.5,1.6474629640579224,1500
1990-01-22,15.5,15.625,15.5,15.5,1.6474629640579224,8800
1990-01-23,15.5,15.5,15.375,15.375,1.6341767311096191,2100
1990-01-24,15.5,15.625,15.5,15.625,1.6607496738433838,1800
1990-01-25,15.625,15.625,15.5,15.5,1.6474629640579224,3300
1990-01-26,15.5,15.625,15.5,15.5,1.6474629640579224,3500
1990-01-29,15.5,15.5,15.375,15.375,1.6341767311096191,3300
1990-01-30,15.375,15.5,15.375,15.375,1.6341767311096191,9200
1990-01-31,15.375,15.375,15.25,15.25,1.6208914518356323,2600
1990-02-01,15.25,15.375,15.25,15.375,1.6341767311096191,6900
1990-02-02,15.25,15.25,15.25,15.25,1.6208914518356323,5800
1990-02-05,15.25,15.375,15.125,15.25,1.6208914518356323,4300
1990-02-06,15.25,15.375,15.25,15.25,1.6208914518356323,4500
1990-02-07,15.25,15.25,15.25,15.25,1.6208914518356323,300
1990-02-08,15.25,15.5,15.25,15.375,1.6341767311096191,5700
1990-02-09,15.625,15.625,15.25,15.25,1.6208914518356323,4900
1990-02-12,15.25,15.25,15.0,15.125,1.6076041460037231,5400
1990-02-13,15.125,15.25,15.0,15.125,1.6076041460037231,3000
1990-02-14,15.125,15.375,15.125,15.375,1.6341767311096191,1300
1990-02-15,15.375,15.5,15.25,15.25,1.6208914518356323,3900
1990-02-16,15.125,15.375,15.125,15.25,1.6208914518356323,2800
1990-02-20,15.125,15.125,14.875,15.125,1.6076041460037231,6400
1990-02-21,14.875,14.875,14.875,14.875,1.5810327529907229,600
1990-02-22,15.0,15.125,14.875,15.0,1.5943180322647097,2800
1990-02-23,15.125,15.25,15.125,15.125,1.6076041460037231,6300
1990-02-26,15.25,15.25,15.125,15.25,1.6208914518356323,1600
1990-02-27,15.125,15.125,15.0,15.125,1.6076041460037231,2700
1990-02-28,15.125,15.375,15.125,15.25,1.6208914518356323,5000
1990-03-01,15.25,15.25,15.125,15.125,1.6076041460037231,1000
1990-03-02,15.25,15.25,15.125,15.125,1.6076041460037231,3500
1990-03-05,15.125,15.25,15.125,15.125,1.6076041460037231,6200
1990-03-06,15.125,15.25,15.0,15.0,1.5943180322647097,4300
1990-03-07,15.25,15.25,15.125,15.125,1.6076041460037231,3500
1990-03-08,15.125,15.25,15.125,15.25,1.6208914518356323,2500
1990-03-09,15.25,15.25,15.125,15.25,1.6208914518356323,4400
1990-03-12,15.25,15.25,15.125,15.125,1.6076041460037231,4300
1990-03-13,14.875,15.0,14.875,15.0,1.6339651346206665,5600
1990-03-14,15.125,15.125,14.875,15.0,1.6339651346206665,5400
1990-03-15,15.0,15.0,14.875,15.0,1.6339651346206665,2700
1990-03-16,15.0,15.125,14.875,14.875,1.620349407196045,5600
1990-03-19,15.0,15.0,14.75,15.0,1.6339651346206665,6700
1990-03-20,14.875,15.0,14.75,14.875,1.620349407196045,5900
1990-03-21,14.875,14.875,14.75,14.875,1.620349407196045,3900
1990-03-22,14.875,15.0,14.875,14.875,1.620349407196045,2400
1990-03-23,15.0,15.125,15.0,15.125,1.6475826501846311,2200
1990-03-26,15.125,15.125,15.0,15.0,1.6339651346206665,1600
1990-03-27,14.875,15.125,14.875,15.125,1.6475826501846311,3200
1990-03-28,15.0,15.0,14.875,14.875,1.620349407196045,2900
1990-03-29,14.875,15.125,14.875,15.0,1.6339651346206665,3500
1990-03-30,14.875,15.0,14.875,15.0,1.6339651346206665,2200
1990-04-02,15.0,15.0,14.875,15.0,1.6339651346206665,3800
1990-04-03,14.875,15.0,14.75,14.875,1.620349407196045,7900
1990-04-04,15.0,15.0,14.875,14.875,1.620349407196045,2900
1990-04-05,15.0,15.0,14.875,14.875,1.620349407196045,2400
1990-04-06,14.875,14.875,14.875,14.875,1.620349407196045,6000
1990-04-09,14.875,14.875,14.75,14.75,1.606732964515686,4000
1990-04-10,14.875,14.875,14.75,14.75,1.606732964515686,2500
1990-04-11,14.875,14.875,14.75,14.75,1.606732964515686,5500
1990-04-12,14.75,15.0,14.75,15.0,1.6339651346206665,1700
1990-04-16,14.875,15.0,14.875,15.0,1.6339651346206665,2800
1990-04-17,15.0,15.0,14.875,14.875,1.620349407196045,3900
1990-04-18,14.875,15.0,14.875,15.0,1.6339651346206665,2200
1990-04-19,15.0,15.0,14.875,15.0,1.6339651346206665,4900
1990-04-20,14.875,15.0,14.875,15.0,1.6339651346206665,6100
1990-04-23,14.875,15.0,14.875,15.0,1.6339651346206665,2400
1990-04-24,14.875,14.875,14.75,14.875,1.620349407196045,5500
1990-04-25,14.75,14.875,14.75,14.875,1.620349407196045,2900
1990-04-26,14.75,14.75,14.75,14.75,1.606732964515686,6600
1990-04-27,14.75,14.75,14.625,14.625,1.593117594718933,1700
1990-04-30,14.75,14.75,14.375,14.375,1.565884351730347,3200
1990-05-01,14.5,14.5,14.25,14.5,1.5795007944107056,5100
1990-05-02,14.5,14.625,14.375,14.5,1.5795007944107056,3400
1990-05-03,14.5,14.5,14.375,14.5,1.5795007944107056,3800
1990-05-04,14.5,14.625,14.5,14.5,1.5795007944107056,3000
1990-05-07,14.5,14.75,14.375,14.5,1.5795007944107056,10900
1990-05-08,14.625,14.75,14.5,14.5,1.5795007944107056,4600
1990-05-09,14.5,14.75,14.5,14.75,1.606732964515686,1900
1990-05-10,14.75,15.0,14.75,14.875,1.620349407196045,5400
1990-05-11,14.75,14.875,14.75,14.75,1.606732964515686,8800
1990-05-14,14.75,15.0,14.75,14.875,1.620349407196045,2500
1990-05-15,15.0,15.0,14.875,14.875,1.620349407196045,4900
1990-05-16,14.75,14.875,14.75,14.875,1.620349407196045,3900
1990-05-17,14.875,14.875,14.75,14.75,1.606732964515686,1600
1990-05-18,14.75,14.875,14.375,14.5,1.5795007944107056,8100
1990-05-21,14.625,14.625,14.625,14.625,1.593117594718933,1900
1990-05-22,14.75,14.75,14.5,14.5,1.5795007944107056,3400
1990-05-23,14.5,14.5,14.5,14.5,1.5795007944107056,2700
1990-05-24,14.5,14.625,14.375,14.375,1.565884351730347,5100
1990-05-25,14.375,14.5,14.375,14.375,1.565884351730347,2700
1990-05-29,14.375,14.875,14.375,14.75,1.606732964515686,15600
1990-05-30,14.625,14.75,14.625,14.75,1.606732964515686,5100
1990-05-31,14.625,14.75,14.625,14.75,1.606732964515686,1300
1990-06-01,14.875,15.0,14.75,14.875,1.620349407196045,5200
1990-06-04,15.0,15.0,14.875,14.875,1.620349407196045,2600
1990-06-05,15.125,15.125,15.0,15.0,1.6339651346206665,1000
1990-06-06,15.125,15.125,14.875,15.125,1.6475826501846311,9700
1990-06-07,15.25,15.25,15.0,15.25,1.6611994504928589,3500
1990-06-08,15.375,15.375,15.125,15.25,1.6611994504928589,4200
1990-06-11,15.25,15.375,15.125,15.125,1.6475826501846311,5700
1990-06-12,15.0,15.0,14.625,14.625,1.6327346563339231,3400
1990-06-13,14.5,14.875,14.5,14.625,1.6327346563339231,3900
1990-06-14,14.5,14.875,14.5,14.875,1.6606435775756836,3000
1990-06-15,14.75,14.75,14.75,14.75,1.6466890573501587,1900
1990-06-18,14.875,14.875,14.75,14.75,1.6466890573501587,1800
1990-06-19,14.625,14.875,14.625,14.75,1.6466890573501587,4800
1990-06-20,14.625,14.75,14.5,14.5,1.6187798976898191,5600
1990-06-21,14.625,14.625,14.375,14.5,1.6187798976898191,6900
1990-06-22,14.375,14.75,14.375,14.625,1.6327346563339231,10000
1990-06-25,14.625,14.75,14.5,14.75,1.6466890573501587,5300
1990-06-26,14.75,15.0,14.75,14.75,1.6466890573501587,5200
1990-06-27,14.875,14.875,14.625,14.75,1.6466890573501587,4700
1990-06-28,14.75,14.875,14.75,14.875,1.6606435775756836,2500
1990-06-29,14.75,15.0,14.75,14.75,1.6466890573501587,5900
1990-07-02,14.5,14.5,14.375,14.375,1.604824423789978,3200
1990-07-03,14.375,14.625,14.25,14.375,1.604824423789978,5700
1990-07-05,14.375,14.5,14.375,14.375,1.604824423789978,3500
1990-07-06,14.625,14.625,14.5,14.5,1.6187798976898191,4300
1990-07-09,14.625,14.625,14.375,14.5,1.6187798976898191,4100
1990-07-10,14.625,14.625,14.5,14.5,1.6187798976898191,3800
1990-07-11,14.5,14.625,14.375,14.5,1.6187798976898191,3900
1990-07-12,14.5,14.625,14.5,14.5,1.6187798976898191,4400
1990-07-13,14.5,14.625,14.5,14.625,1.6327346563339231,7900
1990-07-16,14.625,14.875,14.625,14.875,1.6606435775756836,7100
1990-07-17,14.875,15.125,14.875,15.125,1.688554286956787,4800
1990-07-18,15.0,15.125,14.875,15.125,1.688554286956787,7400
1990-07-19,15.0,15.25,15.0,15.25,1.702509880065918,1100
1990-07-20,15.25,15.25,14.875,14.875,1.6606435775756836,7000
1990-07-23,14.75,15.0,14.75,14.875,1.6606435775756836,2300
1990-07-24,14.75,15.0,14.625,14.625,1.6327346563339231,4700
1990-07-25,14.5,14.875,14.5,14.625,1.6327346563339231,5100
1990-07-26,14.625,14.75,14.625,14.75,1.6466890573501587,1500
1990-07-27,14.75,14.875,14.75,14.875,1.6606435775756836,1500
1990-07-30,15.0,15.0,14.875,14.875,1.6606435775756836,600
1990-07-31,15.0,15.0,14.75,14.75,1.6466890573501587,2700
1990-08-01,14.875,15.125,14.875,14.875,1.6606435775756836,6400
1990-08-02,14.875,15.0,14.875,15.0,1.6745985746383667,1700
1990-08-03,15.0,15.0,15.0,15.0,1.6745985746383667,600
1990-08-06,15.0,15.125,14.875,15.125,1.688554286956787,3600
1990-08-07,15.0,15.125,15.0,15.0,1.6745985746383667,2100
1990-08-08,15.0,15.0,14.75,14.75,1.6466890573501587,4700
1990-08-09,14.875,14.875,14.875,14.875,1.6606435775756836,1200
1990-08-10,14.875,14.875,14.75,14.75,1.6466890573501587,5500
1990-08-13,14.75,15.0,14.75,15.0,1.6745985746383667,3200
1990-08-14,14.75,14.75,14.625,14.75,1.6466890573501587,2600
1990-08-15,14.625,14.625,14.375,14.5,1.6187798976898191,6000
1990-08-16,14.5,14.5,14.375,14.5,1.6187798976898191,4300
1990-08-17,14.5,14.5,14.375,14.375,1.604824423789978,4000
1990-08-20,14.25,14.25,14.25,14.25,1.5908697843551636,2900
1990-08-21,14.375,14.375,14.0,14.0,1.5629594326019287,6200
1990-08-22,14.0,14.25,14.0,14.0,1.5629594326019287,3700
1990-08-23,13.875,14.0,13.375,13.5,1.5071394443511963,7300
1990-08-24,13.75,14.0,13.5,14.0,1.5629594326019287,2800
1990-08-27,14.375,14.5,14.125,14.125,1.57691490650177,4600
1990-08-28,14.25,14.5,14.25,14.25,1.5908697843551636,3400
1990-08-29,14.125,14.375,14.125,14.25,1.5908697843551636,3000
1990-08-30,14.25,14.25,14.25,14.25,1.5908697843551636,2000
1990-08-31,14.125,14.25,14.125,14.25,1.5908697843551636,1200
1990-09-04,14.25,14.5,14.25,14.25,1.5908697843551636,4200
1990-09-05,14.125,14.5,14.125,14.375,1.604824423789978,3500
1990-09-06,14.5,14.5,14.0,14.0,1.5629594326019287,8000
1990-09-07,13.875,14.75,13.75,14.75,1.6466890573501587,5700
1990-09-10,14.625,14.75,14.625,14.625,1.6327346563339231,3100
1990-09-11,14.375,14.375,13.875,14.0,1.603190302848816,3100
1990-09-12,14.0,14.125,13.75,14.125,1.6175047159194946,3600
1990-09-13,14.125,14.375,14.125,14.25,1.631818771362305,1700
1990-09-14,14.375,14.5,14.25,14.25,1.631818771362305,600
1990-09-17,14.25,14.375,14.0,14.125,1.6175047159194946,4100
1990-09-18,14.125,14.25,14.125,14.125,1.6175047159194946,5100
1990-09-19,14.125,14.125,14.125,14.125,1.6175047159194946,600
1990-09-20,14.25,14.25,13.875,13.875,1.5888760089874268,4000
1990-09-21,14.0,14.0,13.75,13.875,1.5888760089874268,3900
1990-09-24,13.75,13.75,13.0,13.125,1.5029898881912231,12100
1990-09-25,13.375,13.5,13.25,13.5,1.5459328889846802,2700
1990-09-26,13.625,13.75,13.625,13.75,1.5745621919631958,2800
1990-09-27,13.75,13.75,13.5,13.625,1.5602478981018066,3500
1990-09-28,13.625,13.625,13.5,13.625,1.5602478981018066,2700
1990-10-01,13.875,14.25,13.75,14.0,1.603190302848816,7800
1990-10-02,13.875,14.125,13.875,14.0,1.603190302848816,3400
1990-10-03,14.25,14.375,14.125,14.375,1.6461325883865356,4500
1990-10-04,14.125,14.125,14.125,14.125,1.6175047159194946,5000
1990-10-05,14.25,14.25,14.125,14.25,1.631818771362305,900
1990-10-08,14.375,14.375,14.125,14.375,1.6461325883865356,3900
1990-10-09,14.25,14.25,14.125,14.125,1.6175047159194946,2800
1990-10-10,14.125,14.125,14.0,14.125,1.6175047159194946,4400
1990-10-11,14.25,14.25,14.125,14.25,1.631818771362305,4100
1990-10-12,14.125,14.25,14.125,14.125,1.6175047159194946,2400
1990-10-15,14.125,14.375,14.125,14.125,1.6175047159194946,3500
1990-10-16,14.125,14.375,14.125,14.375,1.6461325883865356,3100
1990-10-17,14.375,14.375,14.25,14.25,1.631818771362305,3400
1990-10-18,14.25,14.375,14.25,14.25,1.631818771362305,7300
1990-10-19,14.25,14.5,14.25,14.25,1.631818771362305,7300
1990-10-22,14.25,14.375,14.25,14.25,1.631818771362305,1800
1990-10-23,14.25,14.25,14.25,14.25,1.631818771362305,600
1990-10-24,14.0,14.25,13.875,14.0,1.603190302848816,3500
1990-10-25,14.0,14.125,14.0,14.0,1.603190302848816,2000
1990-10-26,14.125,14.125,14.0,14.0,1.603190302848816,3000
1990-10-29,14.125,14.125,14.0,14.125,1.6175047159194946,3400
1990-10-30,14.25,14.25,14.125,14.25,1.631818771362305,2100
1990-10-31,14.125,14.375,14.125,14.375,1.6461325883865356,9000
1990-11-01,14.25,14.375,14.25,14.375,1.6461325883865356,1000
1990-11-02,14.375,14.5,14.375,14.375,1.6461325883865356,1800
1990-11-05,14.375,14.375,14.375,14.375,1.6461325883865356,7000
1990-11-06,14.375,14.5,14.375,14.375,1.6461325883865356,5900
1990-11-07,14.5,14.5,14.375,14.375,1.6461325883865356,3000
1990-11-08,14.375,14.5,14.375,14.375,1.6461325883865356,1900
1990-11-09,14.375,14.375,14.25,14.25,1.631818771362305,4500
1990-11-12,14.375,14.375,14.125,14.125,1.6175047159194946,7000
1990-11-13,14.25,14.5,14.25,14.5,1.6604466438293457,5700
1990-11-14,14.5,14.875,14.5,14.875,1.7033884525299072,6500
1990-11-15,14.625,14.875,14.625,14.625,1.6747615337371826,3700
1990-11-16,14.75,14.75,14.5,14.5,1.6604466438293457,1400
1990-11-19,14.5,14.625,14.5,14.5,1.6604466438293457,4000
1990-11-20,14.5,14.625,14.5,14.625,1.6747615337371826,3700
1990-11-21,14.5,14.625,14.5,14.5,1.6604466438293457,2400
1990-11-23,14.375,14.625,14.375,14.375,1.6461325883865356,2300
1990-11-26,14.5,14.625,14.5,14.625,1.6747615337371826,1100
1990-11-27,14.5,14.75,14.375,14.625,1.6747615337371826,9100
1990-11-28,14.75,14.875,14.625,14.875,1.7033884525299072,7800
1990-11-29,14.75,15.0,14.75,15.0,1.7177023887634275,4200
1990-11-30,14.875,14.875,14.5,14.5,1.6604466438293457,3500
1990-12-03,14.5,14.75,14.5,14.5,1.6604466438293457,2400
1990-12-04,14.625,14.875,14.625,14.625,1.6747615337371826,3500
1990-12-05,14.75,15.0,14.75,15.0,1.7177023887634275,2600
1990-12-06,15.0,15.0,14.875,14.875,1.7033884525299072,3800
1990-12-07,15.0,15.25,15.0,15.0,1.7177023887634275,1900
1990-12-10,15.0,15.375,15.0,15.375,1.7606459856033323,4000
1990-12-11,14.75,15.0,14.625,14.875,1.7450432777404783,5600
1990-12-12,14.875,15.125,14.875,15.125,1.7743715047836304,2900
1990-12-13,15.25,15.25,14.875,15.0,1.7597063779830933,6700
1990-12-14,15.25,15.25,15.0,15.25,1.7890363931655884,3200
1990-12-17,15.125,15.125,14.75,14.75,1.7303787469863892,4500
1990-12-18,14.875,14.875,14.75,14.75,1.7303787469863892,3200
1990-12-19,14.875,15.25,14.875,15.125,1.7743715047836304,7200
1990-12-20,15.125,15.25,15.0,15.25,1.7890363931655884,2300
1990-12-21,15.0,15.0,14.75,14.875,1.7450432777404783,7400
1990-12-24,14.875,14.875,14.875,14.875,1.7450432777404783,400
1990-12-26,14.875,15.0,14.875,15.0,1.7597063779830933,4100
1990-12-27,15.0,15.0,14.875,15.0,1.7597063779830933,3000
1990-12-28,15.0,15.125,14.875,14.875,1.7450432777404783,8000
1990-12-31,15.0,15.0,14.875,15.0,1.7597063779830933,2800
1991-01-02,15.0,15.125,14.875,15.125,1.7743715047836304,2400
1991-01-03,15.125,15.125,15.0,15.0,1.7597063779830933,3500
1991-01-04,15.0,15.125,15.0,15.125,1.7743715047836304,2300
1991-01-07,15.125,15.125,15.0,15.0,1.7597063779830933,5800
1991-01-08,15.0,15.0,14.875,14.875,1.7450432777404783,2400
1991-01-09,14.875,15.125,14.875,15.0,1.7597063779830933,6700
1991-01-10,14.875,15.0,14.875,14.875,1.7450432777404783,2100
1991-01-11,15.0,15.0,14.875,14.875,1.7450432777404783,3200
1991-01-14,14.75,15.0,14.75,14.875,1.7450432777404783,2100
1991-01-15,14.875,14.875,14.875,14.875,1.7450432777404783,1900
1991-01-16,14.875,15.0,14.875,14.875,1.7450432777404783,2500
1991-01-17,15.0,15.0,15.0,15.0,1.7597063779830933,2000
1991-01-18,15.0,15.0,14.875,14.875,1.7450432777404783,4200
1991-01-21,14.875,15.0,14.875,14.875,1.7450432777404783,3900
1991-01-22,15.0,15.0,14.875,15.0,1.7597063779830933,2500
1991-01-23,14.875,15.0,14.875,15.0,1.7597063779830933,2000
1991-01-24,15.0,15.0,14.875,14.875,1.7450432777404783,6700
1991-01-25,14.875,15.0,14.875,15.0,1.7597063779830933,9500
1991-01-28,15.0,15.0,14.75,15.0,1.7597063779830933,1900
1991-01-29,14.875,15.0,14.875,14.875,1.7450432777404783,5800
1991-01-30,15.0,15.0,14.875,14.875,1.7450432777404783,20300
1991-01-31,14.875,14.875,14.875,14.875,1.7450432777404783,1300
1991-02-01,15.0,15.25,14.875,15.25,1.7890363931655884,4800
1991-02-04,15.125,15.5,15.125,15.125,1.7743715047836304,10400
1991-02-05,15.375,15.875,15.375,15.75,1.8476933240890503,4300
1991-02-06,15.625,15.625,15.25,15.375,1.803699970245361,9300
1991-02-07,15.625,15.625,15.5,15.5,1.81836485862732,6100
1991-02-08,15.625,15.625,15.625,15.625,1.8330293893814087,1700
1991-02-11,15.5,15.625,15.25,15.25,1.7890363931655884,7600
1991-02-12,15.75,15.75,15.375,15.625,1.8330293893814087,11400
1991-02-13,15.5,15.75,15.5,15.75,1.8476933240890503,6600
1991-02-14,15.5,15.75,15.5,15.75,1.8476933240890503,5900
1991-02-15,15.625,15.875,15.625,15.875,1.8623573780059808,4800
1991-02-19,15.625,15.625,15.625,15.625,1.8330293893814087,3300
1991-02-20,15.75,15.75,15.375,15.5,1.81836485862732,7200
1991-02-21,15.625,16.25,15.625,16.125,1.891686201095581,10900
1991-02-22,15.875,15.875,15.625,15.625,1.8330293893814087,2300
1991-02-25,15.625,15.875,15.5,15.5,1.81836485862732,4100
1991-02-26,15.375,15.625,15.375,15.375,1.803699970245361,3300
1991-02-27,15.25,15.75,15.25,15.75,1.8476933240890503,6700
1991-02-28,15.75,15.875,15.75,15.75,1.8476933240890503,3100
1991-03-01,16.0,16.0,15.75,15.75,1.8476933240890503,1300
1991-03-04,15.75,16.0,15.75,16.0,1.87702214717865,2300
1991-03-05,15.875,16.0,15.75,16.0,1.87702214717865,900
1991-03-06,16.125,16.125,16.0,16.125,1.891686201095581,1900
1991-03-07,16.125,16.125,15.75,15.75,1.8476933240890503,2100
1991-03-08,15.5,15.625,15.5,15.625,1.8330293893814087,4400
1991-03-11,15.75,15.75,15.75,15.75,1.8476933240890503,1700
1991-03-12,15.75,15.75,15.5,15.625,1.8330293893814087,5300
1991-03-13,15.25,15.5,15.25,15.5,1.862102746963501,6900
1991-03-14,15.5,15.75,15.25,15.25,1.8320682048797607,9500
1991-03-15,15.5,15.5,15.125,15.125,1.81705105304718,6300
1991-03-18,15.125,15.75,15.125,15.375,1.847084879875183,6300
1991-03-19,15.5,15.5,15.125,15.375,1.847084879875183,4500
1991-03-20,15.625,15.75,15.5,15.75,1.892135977745056,2700
1991-03-21,15.5,15.625,15.25,15.25,1.8320682048797607,4800
1991-03-22,15.25,15.75,15.25,15.75,1.892135977745056,2800
1991-03-25,15.5,15.75,15.25,15.25,1.8320682048797607,11600
1991-03-26,15.25,15.625,15.25,15.375,1.847084879875183,5500
1991-03-27,15.625,15.625,15.375,15.625,1.8771179914474487,1300
1991-03-28,15.5,15.75,15.5,15.75,1.892135977745056,1600
1991-04-01,15.75,15.75,15.5,15.625,1.8771179914474487,4300
1991-04-02,15.375,15.75,15.375,15.625,1.8771179914474487,12000
1991-04-03,15.75,15.875,15.75,15.875,1.9071530103683472,4600
1991-04-04,15.875,15.875,15.625,15.625,1.8771179914474487,3800
1991-04-05,15.625,16.0,15.625,15.75,1.892135977745056,8100
1991-04-08,15.75,15.875,15.5,15.75,1.892135977745056,13100
1991-04-09,15.75,15.875,15.75,15.75,1.892135977745056,2200
1991-04-10,15.75,15.875,15.75,15.875,1.9071530103683472,2900
1991-04-11,15.75,15.875,15.75,15.875,1.9071530103683472,5900
1991-04-12,16.0,16.0,15.75,15.75,1.892135977745056,3600
1991-04-15,15.75,15.875,15.625,15.875,1.9071530103683472,5100
1991-04-16,15.75,16.0,15.625,16.0,1.922170162200928,5900
1991-04-17,16.0,16.125,16.0,16.125,1.9371860027313232,5100
1991-04-18,16.0,16.0,15.875,16.0,1.922170162200928,2700
1991-04-19,16.0,16.0,15.875,15.875,1.9071530103683472,2700
1991-04-22,15.75,16.0,15.75,15.875,1.9071530103683472,2400
1991-04-23,16.0,16.0,15.875,15.875,1.9071530103683472,2100
1991-04-24,15.75,16.0,15.75,16.0,1.922170162200928,1900
1991-04-25,15.75,15.875,15.75,15.875,1.9071530103683472,1900
1991-04-26,16.0,16.0,15.625,15.625,1.8771179914474487,10500
1991-04-29,15.5,15.625,15.5,15.5,1.862102746963501,9700
1991-04-30,15.5,15.875,15.5,15.875,1.9071530103683472,7400
1991-05-01,15.875,16.0,15.75,15.75,1.892135977745056,3700
1991-05-02,15.875,15.875,15.625,15.75,1.892135977745056,9000
1991-05-03,15.75,16.0,15.75,16.0,1.922170162200928,5900
1991-05-06,15.875,16.0,15.75,15.75,1.892135977745056,6900
1991-05-07,15.875,16.0,15.75,15.75,1.892135977745056,1700
1991-05-08,15.75,15.875,15.625,15.875,1.9071530103683472,5900
1991-05-09,15.75,15.875,15.75,15.75,1.892135977745056,4500
1991-05-10,15.75,15.75,15.625,15.75,1.892135977745056,5200
1991-05-13,16.0,16.125,15.75,16.0,1.922170162200928,8100
1991-05-14,15.625,15.75,15.625,15.75,1.892135977745056,6000
1991-05-15,15.875,16.0,15.75,15.875,1.9071530103683472,2000
1991-05-16,15.875,16.0,15.625,15.75,1.892135977745056,3400
1991-05-17,15.75,15.75,15.625,15.75,1.892135977745056,2200
1991-05-20,15.625,15.875,15.5,15.5,1.862102746963501,11000
1991-05-21,15.75,16.0,15.75,15.875,1.9071530103683472,3700
1991-05-22,15.75,16.0,15.75,15.875,1.9071530103683472,4200
1991-05-23,16.0,16.125,15.75,15.875,1.9071530103683472,4700
1991-05-24,15.875,16.0,15.75,15.875,1.9071530103683472,4100
1991-05-28,16.0,16.125,16.0,16.0,1.922170162200928,2400
1991-05-29,16.0,16.125,16.0,16.125,1.9371860027313232,2900
1991-05-30,16.125,16.25,16.0,16.0,1.922170162200928,9200
1991-05-31,16.125,16.25,16.0,16.25,1.9522035121917725,3100
1991-06-03,16.125,16.125,16.0,16.0,1.922170162200928,3800
1991-06-04,16.125,16.25,16.0,16.25,1.9522035121917725,10600
1991-06-05,16.125,16.25,16.0,16.0,1.922170162200928,6700
1991-06-06,16.0,16.125,15.875,16.125,1.9371860027313232,1400
1991-06-07,16.125,16.125,16.0,16.0,1.922170162200928,1400
1991-06-10,16.0,16.25,16.0,16.25,1.9522035121917725,3800
1991-06-11,16.125,16.125,15.75,16.0,1.9665844440460205,8200
1991-06-12,16.0,16.0,15.75,15.75,1.935855746269226,2600
1991-06-13,15.625,16.125,15.625,16.125,1.9819477796554563,5200
1991-06-14,16.0,16.0,15.875,16.0,1.9665844440460205,7100
1991-06-17,15.75,16.0,15.625,15.625,1.9204920530319207,8000
1991-06-18,15.875,16.125,15.875,15.875,1.9512202739715576,7900
1991-06-19,16.0,16.125,15.875,15.875,1.9512202739715576,5500
1991-06-20,15.875,16.0,15.75,15.75,1.935855746269226,2800
1991-06-21,15.875,16.0,15.75,15.875,1.9512202739715576,5300
1991-06-24,15.75,16.0,15.75,16.0,1.9665844440460205,1800
1991-06-25,16.0,16.25,15.75,16.0,1.9665844440460205,7800
1991-06-26,16.125,16.125,16.0,16.0,1.9665844440460205,3500
1991-06-27,16.0,16.0,15.75,15.75,1.935855746269226,3800
1991-06-28,15.75,15.75,15.75,15.75,1.935855746269226,1900
1991-07-01,16.0,16.25,16.0,16.25,1.997312307357788,6200
1991-07-02,16.125,16.25,15.875,16.0,1.9665844440460205,5300
1991-07-03,16.125,16.125,15.875,15.875,1.9512202739715576,2300
1991-07-05,15.875,16.0,15.75,15.75,1.935855746269226,3900
1991-07-08,15.875,16.25,15.875,16.125,1.9819477796554563,9700
1991-07-09,16.0,16.125,15.875,15.875,1.9512202739715576,4700
1991-07-10,16.0,16.0,15.875,16.0,1.9665844440460205,3900
1991-07-11,15.875,16.125,15.875,16.125,1.9819477796554563,2100
1991-07-12,16.0,16.0,15.875,16.0,1.9665844440460205,2800
1991-07-15,16.125,16.25,16.125,16.25,1.997312307357788,6800
1991-07-16,16.25,16.5,16.25,16.25,1.997312307357788,6200
1991-07-17,16.25,16.375,16.125,16.375,2.0126760005950928,3200
1991-07-18,16.25,16.25,16.0,16.0,1.9665844440460205,5600
1991-07-19,16.0,16.0,16.0,16.0,1.9665844440460205,800
1991-07-22,16.0,16.25,16.0,16.25,1.997312307357788,4600
1991-07-23,16.375,16.375,16.0,16.375,2.0126760005950928,7800
1991-07-24,16.5,16.5,16.0,16.25,1.997312307357788,3900
1991-07-25,16.125,16.125,16.125,16.125,1.9819477796554563,1600
1991-07-26,16.0,16.0,16.0,16.0,1.9665844440460205,5900
1991-07-29,16.0,16.125,15.875,16.0,1.9665844440460205,7100
1991-07-30,16.0,16.25,16.0,16.0,1.9665844440460205,9200
1991-07-31,15.875,16.125,15.875,16.125,1.9819477796554563,12000
1991-08-01,16.125,16.125,15.875,16.125,1.9819477796554563,5200
1991-08-02,16.25,16.25,16.0,16.25,1.997312307357788,2700
1991-08-05,16.25,16.375,16.0,16.125,1.9819477796554563,1900
1991-08-06,16.25,16.375,16.125,16.125,1.9819477796554563,2600
1991-08-07,16.375,16.5,16.375,16.5,2.028040170669556,1000
1991-08-08,16.5,16.5,16.25,16.25,1.997312307357788,1700
1991-08-09,16.5,16.5,16.25,16.25,1.997312307357788,1600
1991-08-12,16.5,16.5,16.25,16.25,1.997312307357788,3900
1991-08-13,16.375,16.375,16.125,16.125,1.9819477796554563,6200
1991-08-14,16.25,16.375,16.25,16.375,2.0126760005950928,2400
1991-08-15,16.25,16.5,16.125,16.375,2.0126760005950928,1900
1991-08-16,16.25,16.375,16.125,16.125,1.9819477796554563,2100
1991-08-19,16.125,16.375,16.0,16.0,1.9665844440460205,4000
1991-08-20,16.0,16.5,16.0,16.25,1.997312307357788,3400
1991-08-21,16.25,16.5,16.25,16.5,2.028040170669556,1600
1991-08-22,16.5,16.5,16.25,16.25,1.997312307357788,6700
1991-08-23,16.25,16.5,16.25,16.5,2.028040170669556,2200
1991-08-26,16.375,16.5,16.25,16.5,2.028040170669556,1400
1991-08-27,16.375,16.5,16.25,16.5,2.028040170669556,5200
1991-08-28,16.25,16.5,16.25,16.25,1.997312307357788,3700
1991-08-29,16.5,16.625,16.375,16.375,2.0126760005950928,2400
1991-08-30,16.25,16.5,16.25,16.375,2.0126760005950928,1800
1991-09-03,16.375,16.5,16.375,16.5,2.028040170669556,1700
1991-09-04,16.5,16.625,16.375,16.625,2.043403625488281,5300
1991-09-05,16.75,16.75,16.75,16.75,2.058768510818481,700
1991-09-06,16.5,16.5,16.5,16.5,2.028040170669556,500
1991-09-09,16.625,16.625,16.375,16.625,2.043403625488281,7200
1991-09-10,16.375,16.375,16.0,16.25,2.04239821434021,6200
1991-09-11,16.25,16.25,16.125,16.25,2.04239821434021,4900
1991-09-12,16.25,16.25,16.0,16.0,2.010977506637573,6100
1991-09-13,16.125,16.25,16.125,16.25,2.04239821434021,4800
1991-09-16,16.25,16.25,16.0,16.0,2.010977506637573,2900
1991-09-17,16.0,16.25,16.0,16.125,2.0266880989074707,5700
1991-09-18,16.25,16.25,16.0,16.0,2.010977506637573,6400
1991-09-19,16.25,16.25,16.0,16.25,2.04239821434021,6800
1991-09-20,16.125,16.375,16.125,16.375,2.0581090450286865,8700
1991-09-23,16.25,16.375,16.25,16.25,2.04239821434021,6900
1991-09-24,16.25,16.375,16.125,16.25,2.04239821434021,7100
1991-09-25,16.25,16.375,16.125,16.375,2.0581090450286865,8500
1991-09-26,16.375,16.5,16.25,16.5,2.073819875717163,10200
1991-09-27,16.5,16.5,16.25,16.375,2.0581090450286865,2900
1991-09-30,16.5,16.5,16.25,16.375,2.0581090450286865,4800
1991-10-01,16.25,16.5,16.25,16.25,2.04239821434021,6200
1991-10-02,16.5,16.5,16.125,16.375,2.0581090450286865,5500
1991-10-03,16.5,16.5,16.25,16.25,2.04239821434021,2500
1991-10-04,16.25,16.5,16.125,16.125,2.0266880989074707,7800
1991-10-07,16.375,16.5,16.375,16.5,2.073819875717163,2400
1991-10-08,16.625,16.75,16.5,16.625,2.0895304679870605,4000
1991-10-09,16.75,16.75,16.625,16.625,2.0895304679870605,1200
1991-10-10,16.75,16.75,16.625,16.75,2.1052420139312744,5600
1991-10-11,16.75,16.75,16.5,16.5,2.073819875717163,7900
1991-10-14,16.5,16.5,16.25,16.5,2.073819875717163,3000
1991-10-15,16.5,16.75,16.375,16.625,2.0895304679870605,8600
1991-10-16,16.75,16.75,16.5,16.75,2.1052420139312744,3300
1991-10-17,16.5,16.75,16.25,16.25,2.04239821434021,6400
1991-10-18,16.125,16.75,16.125,16.75,2.1052420139312744,7900
1991-10-21,16.5,16.75,16.25,16.5,2.073819875717163,7800
1991-10-22,16.25,16.75,16.25,16.5,2.073819875717163,3300
1991-10-23,16.5,16.625,16.375,16.5,2.073819875717163,8000
1991-10-24,16.5,16.75,16.5,16.625,2.0895304679870605,4200
1991-10-25,16.625,16.75,16.625,16.625,2.0895304679870605,4500
1991-10-28,16.75,16.75,16.625,16.625,2.0895304679870605,3600
1991-10-29,16.75,16.875,16.625,16.75,2.1052420139312744,3400
1991-10-30,16.75,16.75,16.625,16.625,2.0895304679870605,2000
1991-10-31,16.75,17.0,16.75,16.75,2.1052420139312744,7800
1991-11-01,16.75,16.75,16.75,16.75,2.1052420139312744,2000
1991-11-04,16.75,16.875,16.625,16.875,2.1209511756896973,8800
1991-11-05,16.75,16.875,16.625,16.875,2.1209511756896973,7600
1991-11-06,16.75,16.875,16.75,16.875,2.1209511756896973,2900
1991-11-07,16.75,16.875,16.75,16.875,2.1209511756896973,4800
1991-11-08,16.75,17.0,16.75,16.875,2.1209511756896973,4600
1991-11-11,17.0,17.0,16.75,16.75,2.1052420139312744,7800
1991-11-12,16.875,17.25,16.875,17.25,2.168084621429444,5600
1991-11-13,17.25,17.25,16.625,16.875,2.1209511756896973,8800
1991-11-14,16.875,17.125,16.75,17.0,2.1366634368896484,4500
1991-11-15,17.125,17.125,16.625,16.625,2.0895304679870605,3900
1991-11-18,16.625,16.875,16.5,16.75,2.1052420139312744,9800
1991-11-19,16.5,16.875,16.5,16.875,2.1209511756896973,4900
1991-11-20,16.625,17.0,16.625,17.0,2.1366634368896484,5000
1991-11-21,17.0,17.0,17.0,17.0,2.1366634368896484,900
1991-11-22,17.0,17.0,16.875,16.875,2.1209511756896973,3500
1991-11-25,17.0,17.0,16.875,16.875,2.1209511756896973,1300
1991-11-26,16.875,17.0,16.875,16.875,2.1209511756896973,4100
1991-11-27,16.875,17.0,16.875,16.875,2.1209511756896973,1900
1991-11-29,16.875,17.0,16.875,17.0,2.1366634368896484,400
1991-12-02,17.0,17.0,16.75,16.75,2.1052420139312744,7600
1991-12-03,16.875,17.125,16.75,17.125,2.152373790740967,2500
1991-12-04,16.875,17.125,16.875,16.875,2.1209511756896973,8000
1991-12-05,17.0,17.0,16.75,16.75,2.1052420139312744,5800
1991-12-06,16.75,16.75,16.375,16.375,2.0581090450286865,5400
1991-12-09,16.5,16.625,16.375,16.5,2.073819875717163,4200
1991-12-10,16.0,16.375,16.0,16.375,2.1037542819976807,3900
1991-12-11,16.375,16.5,16.25,16.5,2.1198134422302246,3200
1991-12-12,16.25,16.625,16.25,16.375,2.1037542819976807,8000
1991-12-13,16.5,16.75,16.5,16.5,2.1198134422302246,3100
1991-12-16,16.75,16.75,16.375,16.75,2.1519322395324707,10000
1991-12-17,16.75,16.75,16.5,16.5,2.1198134422302246,2300
1991-12-18,16.75,16.875,16.5,16.5,2.1198134422302246,10800
1991-12-19,16.75,17.0,16.625,17.0,2.1840507984161377,3200
1991-12-20,16.875,17.125,16.875,17.0,2.1840507984161377,6400
1991-12-23,17.0,17.25,16.875,17.0,2.1840507984161377,7000
1991-12-24,17.0,17.375,17.0,17.125,2.2001094818115234,14000
1991-12-26,17.125,17.375,17.125,17.125,2.2001094818115234,3800
1991-12-27,17.125,17.375,17.0,17.0,2.1840507984161377,6300
1991-12-30,17.0,17.25,17.0,17.125,2.2001094818115234,2800
1991-12-31,17.0,17.0,17.0,17.0,2.1840507984161377,5000
1992-01-02,17.125,17.125,16.625,17.0,2.1840507984161377,13300
1992-01-03,16.75,17.0,16.75,16.875,2.16798996925354,5600
1992-01-06,16.75,17.0,16.75,16.875,2.16798996925354,4300
1992-01-07,16.875,17.0,16.75,17.0,2.1840507984161377,12600
1992-01-08,17.125,17.375,16.875,17.25,2.2161688804626465,7300
1992-01-09,17.375,17.375,17.0,17.125,2.2001094818115234,4800
1992-01-10,16.875,17.25,16.875,17.125,2.2001094818115234,3600
1992-01-13,17.125,17.375,17.125,17.375,2.232227087020874,5200
1992-01-14,17.375,17.5,17.125,17.125,2.2001094818115234,9600
1992-01-15,17.375,17.5,17.25,17.25,2.2161688804626465,3300
1992-01-16,17.25,17.25,16.75,16.75,2.1519322395324707,11700
1992-01-17,16.75,17.0,16.5,17.0,2.1840507984161377,14500
1992-01-20,17.0,17.25,16.875,16.875,2.16798996925354,8800
1992-01-21,16.75,17.0,16.5,16.875,2.16798996925354,8400
1992-01-22,17.25,17.25,16.75,17.0,2.1840507984161377,3800
1992-01-23,17.0,17.25,17.0,17.0,2.1840507984161377,3000
1992-01-24,17.0,17.0,17.0,17.0,2.1840507984161377,800
1992-01-27,16.875,16.875,16.625,16.625,2.135872364044189,11200
1992-01-28,16.875,17.0,16.75,17.0,2.1840507984161377,4500
1992-01-29,16.875,16.875,16.75,16.75,2.1519322395324707,3000
1992-01-30,16.75,16.75,16.625,16.625,2.135872364044189,5800
1992-01-31,16.625,16.75,16.625,16.75,2.1519322395324707,3900
1992-02-03,16.625,16.75,16.625,16.75,2.1519322395324707,6400
1992-02-04,16.625,16.875,16.625,16.875,2.16798996925354,5100
1992-02-05,17.0,17.0,16.875,17.0,2.1840507984161377,2800
1992-02-06,16.875,17.0,16.75,16.875,2.16798996925354,6000
1992-02-07,17.0,17.125,16.875,16.875,2.16798996925354,4900
1992-02-10,17.0,17.125,16.75,17.125,2.2001094818115234,4800
1992-02-11,17.25,17.25,16.875,17.0,2.1840507984161377,4900
1992-02-12,17.0,17.0,17.0,17.0,2.1840507984161377,700
1992-02-13,16.75,17.0,16.75,17.0,2.1840507984161377,3800
1992-02-14,17.125,17.375,17.125,17.125,2.2001094818115234,1800
1992-02-18,17.375,17.375,17.125,17.125,2.2001094818115234,5100
1992-02-19,17.125,17.25,17.125,17.125,2.2001094818115234,1300
1992-02-20,17.125,17.375,17.125,17.125,2.2001094818115234,3500
1992-02-21,17.25,17.375,17.125,17.125,2.2001094818115234,5500
1992-02-24,17.375,17.375,17.125,17.375,2.232227087020874,2700
1992-02-25,17.25,17.25,16.875,17.0,2.1840507984161377,6700
1992-02-26,17.0,17.0,16.75,16.875,2.16798996925354,2700
1992-02-27,16.875,17.0,16.875,16.875,2.16798996925354,900
1992-02-28,16.875,17.0,16.75,16.75,2.1519322395324707,10300
1992-03-02,16.875,16.875,16.75,16.875,2.16798996925354,10300
1992-03-03,16.75,17.0,16.75,17.0,2.1840507984161377,3200
1992-03-04,16.875,17.0,16.875,16.875,2.16798996925354,7100
1992-03-05,16.875,17.0,16.875,17.0,2.1840507984161377,4900
1992-03-06,17.0,17.0,17.0,17.0,2.1840507984161377,1700
1992-03-09,17.0,17.0,16.875,17.0,2.1840507984161377,8600
1992-03-10,17.0,17.0,16.875,16.875,2.16798996925354,4900
1992-03-11,16.875,16.875,16.75,16.75,2.1519322395324707,1900
1992-03-12,16.75,17.0,16.75,17.0,2.1840507984161377,4800
1992-03-13,17.0,17.25,17.0,17.25,2.2161688804626465,3400
1992-03-16,16.625,16.625,16.625,16.625,2.1801066398620605,7200
1992-03-17,16.75,16.875,16.625,16.625,2.1801066398620605,3800
1992-03-18,16.75,16.75,16.5,16.5,2.163713932037353,3700
1992-03-19,16.5,16.875,16.375,16.5,2.163713932037353,6600
1992-03-20,16.75,16.875,16.5,16.5,2.163713932037353,4700
1992-03-23,16.375,16.625,16.375,16.625,2.1801066398620605,12700
1992-03-24,16.5,16.625,16.375,16.625,2.1801066398620605,8300
1992-03-25,16.625,16.625,16.5,16.5,2.163713932037353,4300
1992-03-26,16.5,16.75,16.5,16.5,2.163713932037353,1800
1992-03-27,16.75,16.75,16.625,16.75,2.1964995861053467,1400
1992-03-30,16.75,16.75,16.375,16.75,2.1964995861053467,4300
1992-03-31,16.75,16.875,16.625,16.625,2.1801066398620605,2700
1992-04-01,16.625,16.625,16.375,16.625,2.1801066398620605,7200
1992-04-02,16.375,16.625,16.375,16.375,2.1473228931427,6800
1992-04-03,16.625,16.625,16.375,16.5,2.163713932037353,2700
1992-04-06,16.5,16.5,16.375,16.375,2.1473228931427,3900
1992-04-07,16.75,16.75,16.625,16.625,2.1801066398620605,10800
1992-04-08,16.625,16.75,16.5,16.5,2.163713932037353,8500
1992-04-09,16.5,16.625,16.375,16.625,2.1801066398620605,3800
1992-04-10,16.5,16.625,16.5,16.625,2.1801066398620605,5700
1992-04-13,16.625,16.75,16.625,16.625,2.1801066398620605,4100
1992-04-14,16.5,16.75,16.375,16.625,2.1801066398620605,1400
1992-04-15,16.75,16.75,16.375,16.375,2.1473228931427,5300
1992-04-16,16.5,16.625,16.5,16.5,2.163713932037353,4300
1992-04-20,16.625,16.75,16.375,16.5,2.163713932037353,5200
1992-04-21,16.375,16.625,16.375,16.375,2.1473228931427,3400
1992-04-22,16.5,16.625,16.5,16.5,2.163713932037353,1500
1992-04-23,16.5,16.5,16.375,16.375,2.1473228931427,1200
1992-04-24,16.5,16.625,16.125,16.25,2.130931615829468,23500
1992-04-27,16.125,16.375,16.125,16.125,2.114539384841919,4500
1992-04-28,16.125,16.375,16.125,16.375,2.1473228931427,3900
1992-04-29,16.25,16.5,16.25,16.5,2.163713932037353,3500
1992-04-30,16.375,16.5,16.25,16.375,2.1473228931427,5300
1992-05-01,16.375,16.625,16.25,16.625,2.1801066398620605,8000
1992-05-04,16.75,16.875,16.75,16.75,2.1964995861053467,5100
1992-05-05,16.625,16.875,16.625,16.75,2.1964995861053467,2700
1992-05-06,16.75,16.875,16.5,16.875,2.2128899097442627,3300
1992-05-07,16.75,16.875,16.75,16.75,2.1964995861053467,7400
1992-05-08,16.875,16.875,16.75,16.875,2.2128899097442627,4800
1992-05-11,16.75,16.875,16.75,16.875,2.2128899097442627,7500
1992-05-12,16.75,17.0,16.75,16.75,2.1964995861053467,5000
1992-05-13,16.75,16.75,16.75,16.75,2.1964995861053467,900
1992-05-14,16.75,17.0,16.75,16.75,2.1964995861053467,4200
1992-05-15,16.75,17.0,16.75,16.75,2.1964995861053467,1600
1992-05-18,16.75,17.0,16.75,16.75,2.1964995861053467,4700
1992-05-19,16.75,17.0,16.75,17.0,2.2292821407318115,4000
1992-05-20,17.0,17.125,16.75,16.75,2.1964995861053467,3500
1992-05-21,16.75,17.0,16.75,17.0,2.2292821407318115,7100
1992-05-22,16.875,17.0,16.75,16.75,2.1964995861053467,1300
1992-05-26,17.0,17.0,16.625,16.75,2.1964995861053467,2200
1992-05-27,16.75,16.75,16.625,16.75,2.1964995861053467,3100
1992-05-28,16.875,17.0,16.75,17.0,2.2292821407318115,1900
1992-05-29,16.75,17.0,16.75,16.75,2.1964995861053467,7600
1992-06-01,16.75,16.875,16.75,16.875,2.2128899097442627,10700
1992-06-02,17.125,17.125,16.875,17.0,2.2292821407318115,4000
1992-06-03,16.875,16.875,16.75,16.875,2.2128899097442627,2500
1992-06-04,17.0,17.0,16.625,16.625,2.1801066398620605,3100
1992-06-05,16.75,16.875,16.75,16.75,2.1964995861053467,5300
1992-06-08,16.875,17.0,16.875,17.0,2.2292821407318115,6900
1992-06-09,16.875,17.125,16.75,16.75,2.1964995861053467,7200
1992-06-10,17.0,17.0,17.0,17.0,2.2292821407318115,1000
1992-06-11,17.0,17.125,16.875,17.0,2.2292821407318115,2200
1992-06-12,16.875,17.0,16.75,17.0,2.2292821407318115,6900
1992-06-15,16.875,16.875,16.625,16.75,2.1964995861053467,7200
1992-06-16,16.75,16.875,16.75,16.75,2.1964995861053467,4300
1992-06-17,16.625,16.875,16.625,16.75,2.1964995861053467,3200
1992-06-18,16.75,16.75,16.5,16.625,2.1801066398620605,7400
1992-06-19,16.5,16.75,16.5,16.75,2.1964995861053467,8800
1992-06-22,16.375,16.625,16.125,16.5,2.209487199783325,3400
1992-06-23,16.375,16.75,16.375,16.75,2.242964506149292,5600
1992-06-24,16.75,16.75,16.5,16.625,2.226226329803467,4000
1992-06-25,16.75,16.75,16.5,16.75,2.242964506149292,2700
1992-06-26,16.75,16.75,16.5,16.5,2.209487199783325,2000
1992-06-29,16.5,16.75,16.5,16.75,2.242964506149292,3500
1992-06-30,16.75,16.75,16.625,16.625,2.226226329803467,4700
1992-07-01,16.75,16.75,16.5,16.625,2.226226329803467,4800
1992-07-02,16.75,16.875,16.625,16.75,2.242964506149292,8400
1992-07-06,16.625,16.875,16.625,16.875,2.2597029209136963,4800
1992-07-07,16.625,16.875,16.625,16.875,2.2597029209136963,5300
1992-07-08,16.875,16.875,16.625,16.875,2.2597029209136963,3500
1992-07-09,16.875,16.875,16.625,16.875,2.2597029209136963,3900
1992-07-10,16.875,17.0,16.875,17.0,2.27644157409668,4000
1992-07-13,16.875,17.0,16.75,17.0,2.27644157409668,5500
1992-07-14,17.0,17.0,16.75,17.0,2.27644157409668,10200
1992-07-15,16.875,17.0,16.875,17.0,2.27644157409668,3800
1992-07-16,17.125,17.125,16.75,17.0,2.27644157409668,5300
1992-07-17,16.75,17.0,16.75,16.875,2.2597029209136963,3400
1992-07-20,16.75,16.875,16.625,16.875,2.2597029209136963,4700
1992-07-21,16.75,17.125,16.75,16.875,2.2597029209136963,4400
1992-07-22,16.875,17.125,16.75,17.125,2.293179988861084,11500
1992-07-23,16.875,17.25,16.875,17.125,2.293179988861084,5000
1992-07-24,17.125,17.125,16.75,16.75,2.242964506149292,4200
1992-07-27,16.875,17.0,16.875,16.875,2.2597029209136963,1900
1992-07-28,17.0,17.125,17.0,17.125,2.293179988861084,3400
1992-07-29,17.25,17.5,17.25,17.5,2.3433964252471924,4200
1992-07-30,17.375,17.375,17.0,17.375,2.326655864715576,3200
1992-07-31,17.125,17.25,17.125,17.25,2.3099186420440674,3200
1992-08-03,17.25,17.5,17.25,17.375,2.326655864715576,4600
1992-08-04,17.25,17.5,17.25,17.375,2.326655864715576,1900
1992-08-05,17.375,17.375,17.25,17.375,2.326655864715576,5500
1992-08-06,17.25,17.375,17.25,17.25,2.3099186420440674,4200
1992-08-07,17.25,17.375,17.0,17.375,2.326655864715576,2100
1992-08-10,17.375,17.5,17.125,17.25,2.3099186420440674,5300
1992-08-11,17.0,17.25,17.0,17.25,2.3099186420440674,6500
1992-08-12,17.125,17.25,17.0,17.25,2.3099186420440674,3700
1992-08-13,17.25,17.5,17.25,17.375,2.326655864715576,5700
1992-08-14,17.625,17.625,17.625,17.625,2.360135078430176,900
1992-08-17,17.5,17.625,17.5,17.5,2.3433964252471924,8000
1992-08-18,17.75,17.875,17.375,17.75,2.376872301101685,3400
1992-08-19,17.5,17.5,17.375,17.375,2.326655864715576,4400
1992-08-20,17.375,17.375,17.25,17.375,2.326655864715576,2100
1992-08-21,17.375,17.375,17.125,17.125,2.293179988861084,2900
1992-08-24,17.0,17.25,17.0,17.25,2.3099186420440674,7300
1992-08-25,17.5,17.625,17.25,17.375,2.326655864715576,2300
1992-08-26,17.5,17.75,17.25,17.5,2.3433964252471924,4000
1992-08-27,17.5,17.625,17.5,17.5,2.3433964252471924,4100
1992-08-28,17.75,17.75,17.375,17.375,2.326655864715576,2600
1992-08-31,17.625,17.75,17.25,17.25,2.3099186420440674,5500
1992-09-01,17.25,17.375,17.25,17.25,2.3099186420440674,5800
1992-09-02,17.25,17.375,17.25,17.25,2.3099186420440674,1700
1992-09-03,17.25,17.5,17.25,17.375,2.326655864715576,4200
1992-09-04,17.5,17.5,17.25,17.25,2.3099186420440674,6800
1992-09-08,17.375,17.625,17.375,17.625,2.360135078430176,3200
1992-09-09,17.625,17.75,17.375,17.75,2.376872301101685,7800
1992-09-10,17.75,17.75,17.5,17.625,2.360135078430176,4900
1992-09-11,17.5,17.75,17.5,17.625,2.360135078430176,6000
1992-09-14,17.5,17.75,17.375,17.625,2.360135078430176,5700
1992-09-15,17.625,17.75,17.375,17.625,2.360135078430176,6300
1992-09-16,17.5,17.625,17.5,17.625,2.360135078430176,3700
1992-09-17,17.75,17.75,17.5,17.5,2.3433964252471924,7900
1992-09-18,17.625,17.75,17.5,17.625,2.360135078430176,4900
1992-09-21,17.625,17.625,17.375,17.375,2.3726985454559326,2800
1992-09-22,17.375,17.375,17.25,17.25,2.3556277751922607,3600
1992-09-23,17.375,17.375,17.125,17.25,2.3556277751922607,7000
1992-09-24,17.375,17.375,17.25,17.25,2.3556277751922607,6900
1992-09-25,17.25,17.25,17.125,17.125,2.3385584354400635,900
1992-09-28,17.25,17.25,17.0,17.25,2.3556277751922607,2800
1992-09-29,17.0,17.125,17.0,17.0,2.321489095687866,2200
1992-09-30,17.125,17.25,16.875,17.125,2.3385584354400635,5500
1992-10-01,17.25,17.375,17.125,17.25,2.3556277751922607,3600
1992-10-02,17.125,17.25,17.125,17.25,2.3556277751922607,2100
1992-10-05,17.0,17.125,17.0,17.0,2.321489095687866,6100
1992-10-06,17.25,17.25,16.875,16.875,2.3044188022613525,11100
1992-10-07,17.0,17.0,16.75,16.875,2.3044188022613525,6600
1992-10-08,16.875,17.125,16.875,17.0,2.321489095687866,4800
1992-10-09,16.75,17.125,16.75,17.125,2.3385584354400635,2300
1992-10-12,17.0,17.25,16.875,17.0,2.321489095687866,2900
1992-10-13,17.0,17.375,17.0,17.375,2.3726985454559326,3500
1992-10-14,17.5,17.5,17.375,17.5,2.389768600463867,4100
1992-10-15,17.375,17.5,17.375,17.375,2.3726985454559326,1500
1992-10-16,17.625,17.625,17.375,17.375,2.3726985454559326,1900
1992-10-19,17.375,17.5,17.375,17.5,2.389768600463867,2200
1992-10-20,17.5,17.5,17.25,17.25,2.3556277751922607,3100
1992-10-21,17.25,17.375,17.125,17.25,2.3556277751922607,2400
1992-10-22,17.125,17.25,16.75,16.75,2.287348747253418,4400
1992-10-23,16.75,16.875,16.75,16.75,2.287348747253418,1100
1992-10-26,16.75,17.375,16.75,17.375,2.3726985454559326,7900
1992-10-27,17.5,17.5,17.5,17.5,2.389768600463867,4400
1992-10-28,17.5,17.625,17.25,17.25,2.3556277751922607,6100
1992-10-29,17.0,17.0,16.5,16.5,2.2532098293304443,8300
1992-10-30,16.625,16.75,16.375,16.625,2.270280361175537,3700
1992-11-02,16.625,16.75,16.375,16.375,2.236139297485352,5300
1992-11-03,16.625,16.625,16.25,16.25,2.219069242477417,4900
1992-11-04,16.5,16.5,16.25,16.25,2.219069242477417,2800
1992-11-05,16.125,16.375,16.125,16.375,2.236139297485352,3800
1992-11-06,16.5,16.625,16.25,16.25,2.219069242477417,2900
1992-11-09,16.125,16.375,16.125,16.125,2.202000617980957,1800
1992-11-10,16.125,16.625,16.125,16.5,2.2532098293304443,7800
1992-11-11,16.75,17.0,16.75,17.0,2.321489095687866,2200
1992-11-12,17.0,17.0,16.625,17.0,2.321489095687866,3600
1992-11-13,17.0,17.25,16.75,16.875,2.3044188022613525,2800
1992-11-16,16.875,17.0,16.75,16.75,2.287348747253418,4400
1992-11-17,16.875,17.0,16.75,16.875,2.3044188022613525,3600
1992-11-18,16.625,17.25,16.625,17.25,2.3556277751922607,2400
1992-11-19,17.0,17.25,16.75,17.125,2.3385584354400635,7200
1992-11-20,17.25,17.375,17.125,17.25,2.3556277751922607,3400
1992-11-23,17.375,17.375,16.875,16.875,2.3044188022613525,5700
1992-11-24,16.875,17.0,16.875,17.0,2.321489095687866,2100
1992-11-25,17.0,17.0,16.875,16.875,2.3044188022613525,5200
1992-11-27,16.875,17.0,16.75,16.75,2.287348747253418,2200
1992-11-30,16.75,17.0,16.75,17.0,2.321489095687866,4900
1992-12-01,17.125,17.125,16.875,16.875,2.3044188022613525,4300
1992-12-02,16.875,17.0,16.75,17.0,2.321489095687866,8600
1992-12-03,16.875,16.875,16.75,16.875,2.3044188022613525,4600
1992-12-04,16.75,16.875,16.625,16.875,2.3044188022613525,7100
1992-12-07,17.0,17.0,16.5,16.875,2.3044188022613525,5100
1992-12-08,16.625,16.875,16.625,16.75,2.287348747253418,4100
1992-12-09,16.75,16.75,16.375,16.5,2.2532098293304443,16000
1992-12-10,16.25,16.875,16.25,16.75,2.287348747253418,5600
1992-12-11,17.0,17.125,16.875,16.875,2.3044188022613525,5200
1992-12-14,16.875,16.875,16.75,16.75,2.287348747253418,4700
1992-12-15,16.875,16.875,16.625,16.75,2.287348747253418,4500
1992-12-16,16.75,17.0,16.75,17.0,2.321489095687866,3300
1992-12-17,16.875,16.875,16.75,16.75,2.287348747253418,5000
1992-12-18,17.0,17.0,16.75,17.0,2.321489095687866,3000
1992-12-21,16.75,16.75,16.375,16.5,2.2985026836395264,5400
1992-12-22,16.25,16.5,16.125,16.125,2.246264934539795,6300
1992-12-23,16.5,16.75,16.125,16.25,2.26367712020874,18700
1992-12-24,16.5,16.75,16.5,16.75,2.333329916000366,3200
1992-12-28,16.75,16.75,16.5,16.5,2.2985026836395264,1800
1992-12-29,16.75,16.75,16.5,16.5,2.2985026836395264,2200
1992-12-30,16.75,16.75,16.5,16.75,2.333329916000366,700
1992-12-31,16.5,16.75,16.5,16.75,2.333329916000366,1100
1993-01-04,16.75,16.875,16.5,16.5,2.2985026836395264,5800
1993-01-05,16.75,16.75,16.5,16.75,2.333329916000366,3200
1993-01-06,16.625,16.875,16.625,16.75,2.333329916000366,2300
1993-01-07,16.5,16.875,16.375,16.875,2.350742816925049,9400
1993-01-08,16.875,16.875,16.625,16.625,2.3159172534942627,9500
1993-01-11,16.375,16.5,16.0,16.25,2.26367712020874,21700
1993-01-12,16.375,16.5,16.25,16.5,2.2985026836395264,4600
1993-01-13,16.5,16.625,16.5,16.5,2.2985026836395264,1400
1993-01-14,16.625,16.625,16.375,16.5,2.2985026836395264,4700
1993-01-15,16.375,16.75,16.375,16.625,2.3159172534942627,4500
1993-01-18,16.5,16.75,16.5,16.75,2.333329916000366,10700
1993-01-19,16.5,16.875,16.5,16.625,2.3159172534942627,4300
1993-01-20,16.75,16.75,16.5,16.5,2.2985026836395264,2000
1993-01-21,16.75,16.75,16.75,16.75,2.333329916000366,1700
1993-01-22,16.75,16.75,16.75,16.75,2.333329916000366,100
1993-01-25,16.875,17.0,16.75,16.875,2.350742816925049,6700
1993-01-26,17.0,17.0,16.75,16.875,2.350742816925049,2200
1993-01-27,16.625,16.875,16.625,16.875,2.350742816925049,2200
1993-01-28,17.0,17.0,16.75,16.875,2.350742816925049,2600
1993-01-29,16.875,16.875,16.625,16.625,2.3159172534942627,2000
1993-02-01,16.625,16.75,16.625,16.75,2.333329916000366,3200
1993-02-02,16.875,17.0,16.75,16.75,2.333329916000366,6800
1993-02-03,16.875,17.0,16.875,16.875,2.350742816925049,2900
1993-02-04,16.75,17.125,16.75,17.125,2.3855671882629395,3500
1993-02-05,16.875,17.125,16.875,17.125,2.3855671882629395,7900
1993-02-08,16.875,17.375,16.875,17.375,2.420393228530884,2200
1993-02-09,17.375,17.375,17.25,17.25,2.402980327606201,2500
1993-02-10,17.0,17.25,16.875,17.0,2.368154764175415,6700
1993-02-11,17.0,17.0,16.875,16.875,2.350742816925049,2000
1993-02-12,16.75,17.0,16.75,17.0,2.368154764175415,2700
1993-02-16,16.875,17.0,16.75,16.875,2.350742816925049,4900
1993-02-17,16.875,17.25,16.875,17.25,2.402980327606201,4900
1993-02-18,17.125,17.25,17.0,17.25,2.402980327606201,4400
1993-02-19,17.25,17.375,17.25,17.375,2.420393228530884,900
1993-02-22,17.375,17.375,17.0,17.0,2.368154764175415,5800
1993-02-23,17.0,17.375,17.0,17.375,2.420393228530884,2200
1993-02-24,17.25,17.25,17.0,17.25,2.402980327606201,2300
1993-02-25,17.125,17.5,17.125,17.5,2.4378066062927246,1600
1993-02-26,17.5,17.5,17.0,17.0,2.368154764175415,6200
1993-03-01,17.125,17.125,17.0,17.0,2.368154764175415,8000
1993-03-02,17.125,17.25,17.125,17.125,2.3855671882629395,4200
1993-03-03,17.0,17.25,17.0,17.125,2.3855671882629395,5700
1993-03-04,17.25,17.375,17.25,17.25,2.402980327606201,1800
1993-03-05,17.375,17.75,17.25,17.5,2.4378066062927246,4700
1993-03-08,18.0,18.0,17.625,17.625,2.455219984054565,7900
1993-03-09,17.5,17.625,17.25,17.25,2.402980327606201,6400
1993-03-10,17.5,17.5,17.0,17.125,2.3855671882629395,16600
1993-03-11,17.125,17.375,17.125,17.375,2.420393228530884,7400
1993-03-12,17.625,17.75,17.25,17.375,2.420393228530884,7500
1993-03-15,17.25,17.25,17.125,17.25,2.402980327606201,4300
1993-03-16,17.25,17.25,17.25,17.25,2.402980327606201,4300
1993-03-17,17.25,17.375,17.125,17.25,2.402980327606201,7600
1993-03-18,17.25,17.75,17.25,17.5,2.4378066062927246,5700
1993-03-19,17.625,17.625,17.5,17.5,2.4378066062927246,2800
1993-03-22,17.125,17.375,17.0,17.0,2.4143733978271484,14900
1993-03-23,17.0,17.125,16.875,16.875,2.396620512008667,2400
1993-03-24,16.875,17.125,16.875,16.875,2.396620512008667,5300
1993-03-25,16.875,17.125,16.75,16.875,2.396620512008667,8200
1993-03-26,16.75,17.125,16.75,16.875,2.396620512008667,4600
1993-03-29,17.0,17.125,16.875,17.0,2.4143733978271484,6000
1993-03-30,17.125,17.375,17.0,17.375,2.4676311016082764,9300
1993-03-31,17.375,17.375,17.125,17.25,2.449877977371216,5500
1993-04-01,17.375,17.375,17.0,17.375,2.4676311016082764,4700
1993-04-02,17.25,17.25,17.25,17.25,2.449877977371216,600
1993-04-05,17.125,17.25,17.125,17.25,2.449877977371216,2400
1993-04-06,17.125,17.25,17.0,17.25,2.449877977371216,1300
1993-04-07,17.375,17.375,17.0,17.0,2.4143733978271484,3800
1993-04-08,16.875,17.125,16.875,17.0,2.4143733978271484,4100
1993-04-12,17.25,17.5,17.125,17.375,2.4676311016082764,7000
1993-04-13,17.375,17.5,17.0,17.25,2.449877977371216,7600
1993-04-14,17.0,17.25,17.0,17.125,2.432125806808472,5700
1993-04-15,17.0,17.0,16.875,17.0,2.4143733978271484,10700
1993-04-16,17.0,17.25,17.0,17.25,2.449877977371216,6800
1993-04-19,17.25,17.375,17.0,17.25,2.449877977371216,3600
1993-04-20,17.125,17.375,17.125,17.375,2.4676311016082764,3000
1993-04-21,17.5,17.5,17.375,17.5,2.485384225845337,3400
1993-04-22,17.375,17.5,17.25,17.25,2.449877977371216,2100
1993-04-23,17.5,17.5,17.25,17.5,2.485384225845337,6400
1993-04-26,17.25,17.5,17.25,17.375,2.4676311016082764,3300
1993-04-27,17.375,17.375,17.25,17.25,2.449877977371216,3700
1993-04-28,17.375,17.75,17.375,17.625,2.50313663482666,9500
1993-04-29,17.5,17.75,17.375,17.375,2.4676311016082764,9900
1993-04-30,17.5,17.875,17.5,17.75,2.520888566970825,9200
1993-05-03,17.875,17.875,17.625,17.625,2.50313663482666,4900
1993-05-04,17.625,17.75,17.625,17.625,2.50313663482666,7900
1993-05-05,17.625,17.875,17.625,17.75,2.520888566970825,6300
1993-05-06,17.75,18.0,17.5,17.5,2.485384225845337,6900
1993-05-07,17.75,18.0,17.5,17.5,2.485384225845337,3700
1993-05-10,18.0,18.0,17.75,18.0,2.55639386177063,4800
1993-05-11,18.0,18.0,17.75,17.75,2.520888566970825,2900
1993-05-12,17.75,18.0,17.75,18.0,2.55639386177063,1800
1993-05-13,17.75,17.75,17.625,17.625,2.50313663482666,1600
1993-05-14,17.875,17.875,17.625,17.625,2.50313663482666,3000
1993-05-17,17.5,17.75,17.375,17.625,2.50313663482666,3000
1993-05-18,17.5,17.5,17.25,17.25,2.449877977371216,7000
1993-05-19,17.125,17.375,17.0,17.125,2.432125806808472,8100
1993-05-20,16.875,17.25,16.875,17.125,2.432125806808472,2600
1993-05-21,17.125,17.25,17.0,17.125,2.432125806808472,2800
1993-05-24,17.25,17.375,17.0,17.0,2.4143733978271484,8600
1993-05-25,17.0,17.25,17.0,17.125,2.432125806808472,2300
1993-05-26,17.0,17.0,17.0,17.0,2.4143733978271484,3400
1993-05-27,17.0,17.25,17.0,17.0,2.4143733978271484,1700
1993-05-28,17.0,17.125,17.0,17.0,2.4143733978271484,4600
1993-06-01,17.0,17.25,17.0,17.25,2.449877977371216,6400
1993-06-02,17.125,17.25,17.0,17.125,2.432125806808472,5300
1993-06-03,17.25,17.25,17.125,17.125,2.432125806808472,5300
1993-06-04,17.25,17.25,17.125,17.125,2.432125806808472,1700
1993-06-07,17.25,17.375,17.125,17.125,2.432125806808472,5900
1993-06-08,17.125,17.375,17.125,17.125,2.432125806808472,4200
1993-06-09,17.25,17.375,17.25,17.25,2.449877977371216,3200
1993-06-10,17.375,17.375,17.125,17.25,2.449877977371216,4700
1993-06-11,17.125,17.5,17.125,17.375,2.4676311016082764,6400
1993-06-14,17.25,17.375,17.25,17.25,2.449877977371216,2600
1993-06-15,17.375,17.375,17.25,17.25,2.449877977371216,2600
1993-06-16,17.375,17.375,17.25,17.25,2.449877977371216,1300
1993-06-17,17.375,17.375,17.375,17.375,2.4676311016082764,1400
1993-06-18,17.5,17.625,17.375,17.625,2.50313663482666,6800
1993-06-21,17.25,17.375,17.125,17.125,2.4792487621307373,6200
1993-06-22,17.0,17.25,16.875,17.0,2.461151599884033,8800
1993-06-23,17.0,17.25,17.0,17.25,2.4973464012146,1600
1993-06-24,17.25,17.25,17.125,17.125,2.4792487621307373,5200
1993-06-25,17.375,17.375,17.375,17.375,2.515442371368408,2700
1993-06-28,17.5,17.5,17.375,17.5,2.5335397720336914,2600
1993-06-29,17.375,17.375,17.25,17.375,2.515442371368408,3000
1993-06-30,17.25,17.5,17.25,17.5,2.5335397720336914,5300
1993-07-01,17.5,17.5,17.25,17.25,2.4973464012146,8700
1993-07-02,17.25,17.25,17.125,17.25,2.4973464012146,3800
1993-07-06,17.25,17.375,17.125,17.375,2.515442371368408,4600
1993-07-07,17.25,17.5,17.25,17.375,2.515442371368408,4300
1993-07-08,17.5,17.5,17.5,17.5,2.5335397720336914,2000
1993-07-09,17.625,17.75,17.5,17.5,2.5335397720336914,4700
1993-07-12,17.375,17.5,17.375,17.375,2.515442371368408,3500
1993-07-13,17.5,17.625,17.5,17.5,2.5335397720336914,8700
1993-07-14,17.625,17.75,17.625,17.625,2.551635980606079,1800
1993-07-15,17.625,17.75,17.5,17.5,2.5335397720336914,3600
1993-07-16,17.5,17.75,17.375,17.625,2.551635980606079,5900
1993-07-19,17.75,17.75,17.5,17.75,2.569731950759888,6000
1993-07-20,17.625,17.75,17.5,17.5,2.5335397720336914,2400
1993-07-21,17.5,17.75,17.5,17.5,2.5335397720336914,2200
1993-07-22,17.5,17.75,17.375,17.375,2.515442371368408,5700
1993-07-23,17.375,17.5,17.375,17.5,2.5335397720336914,2200
1993-07-26,17.25,17.875,17.25,17.875,2.587829113006592,7600
1993-07-27,17.625,17.75,17.625,17.75,2.569731950759888,2600
1993-07-28,17.625,17.625,17.5,17.5,2.5335397720336914,4000
1993-07-29,17.5,17.5,17.375,17.375,2.515442371368408,6200
1993-07-30,17.25,17.375,17.125,17.25,2.4973464012146,4000
1993-08-02,17.25,17.25,17.125,17.125,2.4792487621307373,1800
1993-08-03,17.25,17.375,17.125,17.375,2.515442371368408,12600
1993-08-04,17.5,17.75,17.5,17.625,2.551635980606079,3400
1993-08-05,17.875,18.0,17.875,18.0,2.6059255599975586,3600
1993-08-06,18.0,18.125,17.75,18.0,2.6059255599975586,2400
1993-08-09,17.875,18.25,17.875,18.125,2.624022483825684,6000
1993-08-10,18.0,18.375,17.75,18.0,2.6059255599975586,10300
1993-08-11,18.0,18.0,17.625,17.625,2.551635980606079,3700
1993-08-12,17.625,18.0,17.625,17.875,2.587829113006592,8000
1993-08-13,18.0,18.0,17.875,17.875,2.587829113006592,1500
1993-08-16,17.75,18.0,17.625,18.0,2.6059255599975586,2400
1993-08-17,17.875,18.125,17.875,18.0,2.6059255599975586,4100
1993-08-18,17.875,17.875,17.75,17.75,2.569731950759888,5800
1993-08-19,17.75,18.0,17.75,17.75,2.569731950759888,3400
1993-08-20,17.625,17.75,17.5,17.5,2.5335397720336914,2700
1993-08-23,17.5,18.0,17.5,17.75,2.569731950759888,8100
1993-08-24,17.625,17.75,17.625,17.625,2.551635980606079,2900
1993-08-25,17.625,17.875,17.625,17.625,2.551635980606079,4900
1993-08-26,17.625,17.75,17.625,17.625,2.551635980606079,3600
1993-08-27,17.625,17.625,17.5,17.5,2.5335397720336914,2200
1993-08-30,17.75,17.875,17.5,17.5,2.5335397720336914,6000
1993-08-31,17.625,17.625,17.5,17.5,2.5335397720336914,3800
1993-09-01,17.625,17.625,17.5,17.5,2.5335397720336914,4000
1993-09-02,17.625,17.75,17.5,17.75,2.569731950759888,11000
1993-09-03,17.5,17.75,17.5,17.5,2.5335397720336914,4700
1993-09-07,17.625,17.75,17.5,17.5,2.5335397720336914,6300
1993-09-08,17.625,17.75,17.5,17.5,2.5335397720336914,2400
1993-09-09,17.625,17.625,17.625,17.625,2.551635980606079,2200
1993-09-10,17.875,17.875,17.75,17.75,2.569731950759888,3300
1993-09-13,17.625,17.625,17.625,17.625,2.551635980606079,4000
1993-09-14,17.5,17.875,17.5,17.75,2.569731950759888,8000
1993-09-15,17.875,17.875,17.625,17.875,2.587829113006592,4300
1993-09-16,17.875,17.875,17.625,17.625,2.551635980606079,1300
1993-09-17,17.625,17.75,17.625,17.75,2.569731950759888,10400
1993-09-20,17.625,17.625,17.375,17.375,2.5630943775177,4400
1993-09-21,17.25,17.375,17.25,17.25,2.544655561447144,3100
1993-09-22,17.5,17.5,17.25,17.25,2.544655561447144,7500
1993-09-23,17.25,17.25,17.25,17.25,2.544655561447144,1300
1993-09-24,17.375,17.375,17.25,17.375,2.5630943775177,4300
1993-09-27,17.375,17.625,17.25,17.5,2.5815348625183105,8600
1993-09-28,17.5,17.75,17.5,17.5,2.5815348625183105,6400
1993-09-29,17.375,17.75,17.375,17.75,2.618412494659424,11400
1993-09-30,17.5,17.5,17.25,17.25,2.544655561447144,6400
1993-10-01,17.5,17.625,17.375,17.625,2.599973201751709,2800
1993-10-04,17.5,17.625,17.5,17.5,2.5815348625183105,1800
1993-10-05,17.25,17.5,17.125,17.25,2.544655561447144,3900
1993-10-06,17.5,17.5,17.375,17.375,2.5630943775177,3400
1993-10-07,17.375,17.5,17.25,17.25,2.544655561447144,6700
1993-10-08,17.375,17.5,17.25,17.375,2.5630943775177,3800
1993-10-11,17.375,17.625,17.375,17.5,2.5815348625183105,3800
1993-10-12,17.375,17.5,17.375,17.5,2.5815348625183105,2500
1993-10-13,17.5,17.625,17.5,17.625,2.599973201751709,1200
1993-10-14,17.5,17.625,17.375,17.375,2.5630943775177,15500
1993-10-15,17.625,17.625,17.5,17.5,2.5815348625183105,4300
1993-10-18,17.375,17.625,17.375,17.625,2.599973201751709,8200
1993-10-19,17.75,17.75,17.5,17.5,2.5815348625183105,4300
1993-10-20,17.5,17.75,17.5,17.5,2.5815348625183105,7000
1993-10-21,17.5,17.75,17.5,17.5,2.5815348625183105,5700
1993-10-22,17.5,17.75,17.375,17.375,2.5630943775177,6900
1993-10-25,17.625,17.75,17.5,17.5,2.5815348625183105,4100
1993-10-26,17.375,17.375,17.25,17.25,2.544655561447144,8000
1993-10-27,17.25,17.5,17.25,17.25,2.544655561447144,1700
1993-10-28,17.375,17.375,17.125,17.375,2.5630943775177,6800
1993-10-29,17.5,17.5,17.125,17.25,2.544655561447144,4200
1993-11-01,17.125,17.375,17.0,17.375,2.5630943775177,7700
1993-11-02,17.375,17.375,17.375,17.375,2.5630943775177,1200
1993-11-03,17.25,17.375,17.125,17.25,2.544655561447144,5400
1993-11-04,17.375,17.5,17.125,17.125,2.526215076446533,4700
1993-11-05,17.0,17.25,17.0,17.25,2.544655561447144,3400
1993-11-08,17.5,17.5,17.25,17.5,2.5815348625183105,2600
1993-11-09,17.25,17.5,17.125,17.5,2.5815348625183105,2800
1993-11-10,17.5,17.625,17.5,17.625,2.599973201751709,4600
1993-11-11,17.75,17.75,17.5,17.5,2.5815348625183105,2400
1993-11-12,17.75,17.75,17.5,17.5,2.5815348625183105,5000
1993-11-15,17.625,17.75,17.5,17.75,2.618412494659424,4900
1993-11-16,17.5,17.75,17.5,17.5,2.5815348625183105,2900
1993-11-17,17.75,17.75,17.25,17.25,2.544655561447144,6600
1993-11-18,17.125,17.375,17.125,17.25,2.544655561447144,3500
1993-11-19,17.375,17.375,17.125,17.25,2.544655561447144,1600
1993-11-22,17.25,17.25,17.125,17.125,2.526215076446533,2900
1993-11-23,17.25,17.25,16.875,16.875,2.4893360137939453,2700
1993-11-24,16.625,16.875,16.625,16.875,2.4893360137939453,10300
1993-11-26,16.625,17.125,16.625,17.125,2.526215076446533,1700
1993-11-29,17.25,17.25,17.0,17.25,2.544655561447144,1100
1993-11-30,17.25,17.375,17.125,17.125,2.526215076446533,3100
1993-12-01,17.25,17.25,17.0,17.0,2.50777530670166,2000
1993-12-02,16.75,17.0,16.625,17.0,2.50777530670166,3100
1993-12-03,16.75,16.875,16.75,16.875,2.4893360137939453,5800
1993-12-06,16.875,17.0,16.75,16.875,2.4893360137939453,7100
1993-12-07,17.0,17.0,16.625,16.625,2.452457904815674,4000
1993-12-08,16.875,16.875,16.75,16.875,2.4893360137939453,1100
1993-12-09,17.0,17.375,17.0,17.0,2.50777530670166,8300
1993-12-10,17.0,17.25,17.0,17.25,2.544655561447144,3200
1993-12-13,17.125,17.375,17.0,17.375,2.5630943775177,3100
1993-12-14,17.125,17.125,16.625,17.0,2.50777530670166,6700
1993-12-15,17.125,17.25,17.0,17.0,2.50777530670166,4700
1993-12-16,17.0,17.0,17.0,17.0,2.50777530670166,5100
1993-12-17,16.75,16.75,16.5,16.5,2.4807140827178955,3900
1993-12-20,16.75,16.875,16.625,16.625,2.499506950378418,5400
1993-12-21,16.625,16.625,16.625,16.625,2.499506950378418,100
1993-12-22,16.75,16.75,16.625,16.75,2.518300294876098,4500
1993-12-23,16.875,17.125,16.875,16.875,2.537093162536621,5200
1993-12-27,16.875,17.0,16.625,16.875,2.537093162536621,4100
1993-12-28,16.625,16.75,16.625,16.75,2.518300294876098,3500
1993-12-29,16.5,16.5,16.5,16.5,2.4807140827178955,5300
1993-12-30,16.25,16.5,16.25,16.25,2.443126916885376,7000
1993-12-31,16.25,16.5,16.25,16.5,2.4807140827178955,4000
1994-01-03,16.75,16.75,16.5,16.75,2.518300294876098,4400
1994-01-04,17.25,17.25,16.5,16.5,2.4807140827178955,7300
1994-01-05,16.375,17.0,16.25,16.75,2.518300294876098,11100
1994-01-06,16.5,17.0,16.5,17.0,2.55588698387146,8500
1994-01-07,17.0,17.0,16.875,16.875,2.537093162536621,1200
1994-01-10,17.0,17.25,16.75,17.0,2.55588698387146,3400
1994-01-11,17.125,17.375,17.125,17.375,2.612265586853028,2800
1994-01-12,17.125,17.25,17.0,17.125,2.574679613113404,3400
1994-01-13,17.0,17.5,17.0,17.375,2.612265586853028,9600
1994-01-14,17.125,17.25,17.0,17.25,2.5934736728668213,3600
1994-01-17,17.0,17.25,17.0,17.0,2.55588698387146,7200
1994-01-18,17.0,17.125,16.875,17.125,2.574679613113404,3000
1994-01-19,17.125,17.125,16.875,17.0,2.55588698387146,3900
1994-01-20,17.0,17.0,16.625,16.625,2.499506950378418,2700
1994-01-21,16.875,17.0,16.625,16.75,2.518300294876098,3800
1994-01-24,16.75,17.375,16.75,17.375,2.612265586853028,12000
1994-01-25,17.25,17.375,17.25,17.25,2.5934736728668213,3900
1994-01-26,17.25,17.25,16.75,17.25,2.5934736728668213,3600
1994-01-27,17.0,17.125,16.875,17.125,2.574679613113404,3000
1994-01-28,16.875,17.125,16.75,16.875,2.537093162536621,6800
1994-01-31,16.75,17.125,16.75,16.75,2.518300294876098,10500
1994-02-01,16.625,16.875,16.625,16.875,2.537093162536621,4400
1994-02-02,16.625,17.125,16.625,17.125,2.574679613113404,3000
1994-02-03,16.875,17.125,16.875,17.125,2.574679613113404,2800
1994-02-04,17.125,17.375,16.75,17.0,2.55588698387146,9500
1994-02-07,17.25,17.375,16.75,16.75,2.518300294876098,8300
1994-02-08,16.75,16.875,16.75,16.875,2.537093162536621,1700
1994-02-09,16.875,17.0,16.75,16.75,2.518300294876098,5400
1994-02-10,16.625,17.25,16.625,17.25,2.5934736728668213,2800
1994-02-11,17.0,17.0,16.75,16.875,2.537093162536621,1300
1994-02-14,16.625,17.0,16.625,17.0,2.55588698387146,3600
1994-02-15,16.75,17.0,16.75,16.875,2.537093162536621,3300
1994-02-16,17.0,17.0,16.5,16.5,2.4807140827178955,6800
1994-02-17,16.625,17.0,16.625,16.75,2.518300294876098,3700
1994-02-18,16.5,16.75,16.5,16.625,2.499506950378418,3300
1994-02-22,16.875,16.875,16.375,16.375,2.461920022964477,8700
1994-02-23,16.5,16.75,16.5,16.5,2.4807140827178955,5900
1994-02-24,16.25,16.375,15.75,16.0,2.4055404663085938,11700
1994-02-25,16.0,16.25,16.0,16.0,2.4055404663085938,6500
1994-02-28,16.25,16.375,16.25,16.25,2.443126916885376,1500
1994-03-01,16.5,16.5,16.0,16.0,2.4055404663085938,6600
1994-03-02,15.75,15.75,15.25,15.75,2.3679537773132324,10900
1994-03-03,15.5,16.25,15.5,15.875,2.3867459297180176,5300
1994-03-04,15.75,16.25,15.75,16.0,2.4055404663085938,4500
1994-03-07,16.25,16.25,16.0,16.125,2.4243342876434326,1700
1994-03-08,16.375,16.5,16.125,16.375,2.461920022964477,9300
1994-03-09,16.125,16.5,16.125,16.5,2.4807140827178955,1000
1994-03-10,16.625,16.625,16.125,16.125,2.4243342876434326,1800
1994-03-11,15.875,16.0,15.75,15.75,2.3679537773132324,3000
1994-03-14,16.0,16.25,16.0,16.0,2.4055404663085938,3700
1994-03-15,16.25,16.875,16.125,16.875,2.537093162536621,9000
1994-03-16,16.625,16.875,16.5,16.75,2.518300294876098,3500
1994-03-17,16.625,16.625,16.5,16.5,2.4807140827178955,1500
1994-03-18,16.125,17.0,16.0,16.125,2.4243342876434326,10800
1994-03-21,15.5,15.875,15.5,15.875,2.4463703632354736,2300
1994-03-22,15.625,15.875,15.625,15.875,2.4463703632354736,2200
1994-03-23,16.0,16.0,15.875,16.0,2.465632677078247,2300
1994-03-24,16.0,16.0,15.5,15.5,2.388582229614258,8400
1994-03-25,15.75,16.125,15.25,15.875,2.4463703632354736,10700
1994-03-28,16.125,16.125,15.5,15.75,2.427107810974121,4000
1994-03-29,15.75,16.0,15.5,16.0,2.465632677078247,3500
1994-03-30,16.0,16.25,16.0,16.25,2.5041582584381104,800
1994-03-31,16.0,16.0,15.125,15.25,2.350055694580078,8400
1994-04-04,15.5,15.5,15.125,15.25,2.350055694580078,6100
1994-04-05,15.5,15.625,15.375,15.5,2.388582229614258,3200
1994-04-06,15.375,15.5,15.375,15.5,2.388582229614258,600
1994-04-07,15.75,15.875,15.5,15.5,2.388582229614258,1500
1994-04-08,15.5,15.625,15.125,15.5,2.388582229614258,8500
1994-04-11,15.5,15.875,15.5,15.875,2.4463703632354736,7200
1994-04-12,15.75,15.75,15.625,15.625,2.407843828201294,1700
1994-04-13,15.5,15.75,15.25,15.5,2.388582229614258,8200
1994-04-14,15.5,15.75,15.5,15.5,2.388582229614258,3400
1994-04-15,15.75,15.75,15.5,15.5,2.388582229614258,1700
1994-04-18,15.375,15.625,15.375,15.625,2.407843828201294,2200
1994-04-19,15.375,15.5,15.25,15.5,2.388582229614258,7900
1994-04-20,15.5,15.625,15.25,15.25,2.350055694580078,3800
1994-04-21,15.25,15.625,15.25,15.625,2.407843828201294,2400
1994-04-22,15.5,15.625,15.25,15.375,2.369319200515747,6000
1994-04-25,15.25,15.375,15.25,15.25,2.350055694580078,3600
1994-04-26,15.25,15.25,15.125,15.25,2.350055694580078,4600
1994-04-28,15.0,15.375,14.75,15.0,2.311530590057373,11400
1994-04-29,15.25,15.25,15.0,15.0,2.311530590057373,5800
1994-05-02,15.0,15.0,14.75,14.75,2.2730047702789307,5900
1994-05-03,14.875,15.0,14.75,14.75,2.2730047702789307,6400
1994-05-04,14.75,15.0,14.625,14.625,2.253741979598999,7000
1994-05-05,14.625,14.875,14.625,14.875,2.2922675609588623,5400
1994-05-06,14.625,14.75,14.5,14.75,2.2730047702789307,5400
1994-05-09,14.5,15.0,14.25,14.875,2.2922675609588623,13600
1994-05-10,15.25,15.25,14.5,14.625,2.253741979598999,5900
1994-05-11,14.75,14.875,14.5,14.875,2.2922675609588623,8800
1994-05-12,15.0,15.125,14.625,15.125,2.3307945728302,4100
1994-05-13,14.875,14.875,14.625,14.625,2.253741979598999,5700
1994-05-16,14.625,14.875,14.625,14.875,2.2922675609588623,2900
1994-05-17,14.625,15.125,14.5,15.125,2.3307945728302,10700
1994-05-18,15.0,15.25,15.0,15.25,2.350055694580078,3500
1994-05-19,15.0,15.0,14.75,14.75,2.2730047702789307,3300
1994-05-20,14.75,15.0,14.5,14.5,2.2344794273376465,6300
1994-05-23,14.375,14.75,14.125,14.625,2.253741979598999,18800
1994-05-24,14.5,15.0,14.5,15.0,2.311530590057373,22500
1994-05-25,14.75,15.125,14.75,15.0,2.311530590057373,8300
1994-05-26,15.125,15.125,14.875,15.125,2.3307945728302,6600
1994-05-27,14.875,14.875,14.625,14.75,2.2730047702789307,5700
1994-05-31,14.875,14.875,14.625,14.625,2.253741979598999,2100
1994-06-01,14.625,15.0,14.625,14.625,2.253741979598999,15700
1994-06-02,14.75,15.0,14.75,14.875,2.2922675609588623,3600
1994-06-03,15.0,15.125,14.875,15.125,2.3307945728302,2100
1994-06-06,15.125,15.125,14.875,14.875,2.2922675609588623,3500
1994-06-07,14.625,15.25,14.625,15.25,2.350055694580078,6700
1994-06-08,15.125,15.125,14.875,15.125,2.3307945728302,10800
1994-06-09,15.125,15.125,15.0,15.125,2.3307945728302,3200
1994-06-10,15.125,15.125,15.0,15.0,2.311530590057373,2300
1994-06-13,15.125,15.25,15.0,15.25,2.350055694580078,4200
1994-06-14,15.25,15.375,15.25,15.375,2.369319200515747,3200
1994-06-15,15.375,15.375,15.0,15.0,2.311530590057373,4000
1994-06-16,14.875,15.25,14.875,14.875,2.2922675609588623,4000
1994-06-17,15.0,15.0,14.75,14.875,2.2922675609588623,3700
1994-06-20,14.625,14.875,14.5,14.625,2.3032917976379395,7900
1994-06-21,14.5,14.75,14.375,14.75,2.3229780197143555,3600
1994-06-22,14.5,15.0,14.5,14.625,2.3032917976379395,9300
1994-06-23,15.0,15.125,14.75,15.125,2.3820388317108154,6500
1994-06-24,15.0,15.0,14.625,14.625,2.3032917976379395,1700
1994-06-27,14.75,15.0,14.625,15.0,2.362351179122925,2500
1994-06-28,14.875,14.875,14.625,14.625,2.3032917976379395,6600
1994-06-29,14.625,14.875,14.5,14.625,2.3032917976379395,6900
1994-06-30,14.625,14.625,14.5,14.5,2.28360652923584,2200
1994-07-01,14.75,15.0,14.75,15.0,2.362351179122925,6600
1994-07-05,14.875,14.875,14.625,14.75,2.3229780197143555,2400
1994-07-06,14.75,14.75,14.625,14.75,2.3229780197143555,6200
1994-07-07,14.75,15.0,14.625,15.0,2.362351179122925,8100
1994-07-08,14.75,15.125,14.75,14.75,2.3229780197143555,5400
1994-07-11,14.75,15.125,14.75,14.75,2.3229780197143555,3700
1994-07-12,14.75,15.125,14.75,15.125,2.3820388317108154,2300
1994-07-13,15.125,15.375,14.875,15.375,2.421409845352173,2600
1994-07-14,15.375,15.375,15.375,15.375,2.421409845352173,1700
1994-07-15,15.25,15.75,15.25,15.5,2.4410972595214844,5900
1994-07-18,15.25,15.5,15.25,15.5,2.4410972595214844,1900
1994-07-19,15.375,15.5,15.25,15.25,2.401723623275757,4100
1994-07-20,15.125,15.375,15.0,15.0,2.362351179122925,5000
1994-07-21,14.875,15.125,14.75,14.875,2.3426647186279297,1800
1994-07-22,15.125,15.375,14.875,15.125,2.3820388317108154,9400
1994-07-25,15.25,15.375,15.0,15.0,2.362351179122925,3300
1994-07-26,14.875,14.875,14.875,14.875,2.3426647186279297,200
1994-07-27,15.0,15.375,15.0,15.375,2.421409845352173,1200
1994-07-28,15.125,15.25,15.0,15.0,2.362351179122925,4300
1994-07-29,15.0,15.375,15.0,15.25,2.401723623275757,2800
1994-08-01,15.125,15.375,15.0,15.0,2.362351179122925,4700
1994-08-02,15.25,15.375,15.0,15.375,2.421409845352173,2400
1994-08-03,15.0,15.25,14.875,15.25,2.401723623275757,2500
1994-08-04,15.25,15.375,15.25,15.25,2.401723623275757,1700
1994-08-05,15.25,15.25,15.0,15.0,2.362351179122925,3500
1994-08-08,15.0,15.375,15.0,15.375,2.421409845352173,2400
1994-08-09,15.25,15.25,15.0,15.0,2.362351179122925,2400
1994-08-10,15.25,15.25,14.75,14.75,2.3229780197143555,4100
1994-08-11,14.75,15.0,14.75,15.0,2.362351179122925,5000
1994-08-12,15.0,15.25,15.0,15.0,2.362351179122925,8400
1994-08-15,14.875,14.875,14.625,14.75,2.3229780197143555,4600
1994-08-16,14.875,14.875,14.625,14.625,2.3032917976379395,6800
1994-08-17,14.625,14.875,14.625,14.875,2.3426647186279297,3600
1994-08-18,14.875,15.25,14.625,14.75,2.3229780197143555,9200
1994-08-19,14.625,14.625,14.625,14.625,2.3032917976379395,1500
1994-08-22,14.625,14.875,14.625,14.75,2.3229780197143555,2800
1994-08-23,14.75,14.875,14.5,14.5,2.28360652923584,9600
1994-08-24,14.625,15.0,14.625,15.0,2.362351179122925,7600
1994-08-25,15.25,15.25,15.0,15.25,2.401723623275757,7400
1994-08-26,15.25,15.5,15.25,15.25,2.401723623275757,8900
1994-08-29,15.0,15.875,15.0,15.5,2.4410972595214844,11700
1994-08-30,15.625,15.625,15.25,15.5,2.4410972595214844,4600
1994-08-31,15.75,15.75,15.375,15.5,2.4410972595214844,7700
1994-09-01,15.375,15.75,15.375,15.75,2.480469226837158,3300
1994-09-02,15.625,15.625,15.375,15.375,2.421409845352173,2000
1994-09-06,15.625,15.875,15.625,15.625,2.4607818126678467,3200
1994-09-07,15.375,15.375,15.375,15.375,2.421409845352173,300
1994-09-08,15.125,15.375,15.125,15.25,2.401723623275757,4600
1994-09-09,15.125,15.25,15.0,15.25,2.401723623275757,11000
1994-09-12,15.0,15.25,14.875,15.25,2.401723623275757,4200
1994-09-13,15.25,15.625,15.25,15.5,2.4410972595214844,4300
1994-09-14,15.0,15.125,15.0,15.125,2.3820388317108154,5600
1994-09-15,15.375,15.5,15.25,15.375,2.421409845352173,5300
1994-09-16,15.25,15.5,15.25,15.5,2.4410972595214844,5500
1994-09-19,15.375,15.625,15.125,15.5,2.4410972595214844,7500
1994-09-20,14.875,15.125,14.75,15.0,2.41215181350708,3900
1994-09-21,15.0,15.0,14.875,15.0,2.41215181350708,2100
1994-09-22,15.0,15.125,15.0,15.125,2.432252883911133,4900
1994-09-23,15.0,15.0,14.75,14.75,2.371947288513184,3100
1994-09-26,14.75,14.875,14.75,14.875,2.3920490741729736,6600
1994-09-27,14.75,14.875,14.625,14.625,2.35184645652771,7100
1994-09-28,14.75,14.875,14.75,14.875,2.3920490741729736,2800
1994-09-29,14.75,14.875,14.625,14.625,2.35184645652771,6400
1994-09-30,14.625,14.75,14.5,14.5,2.3317463397979736,8700
1994-10-03,14.5,14.75,14.25,14.625,2.35184645652771,7200
1994-10-04,14.75,14.75,14.125,14.5,2.3317463397979736,1800
1994-10-05,14.375,14.5,14.375,14.5,2.3317463397979736,2800
1994-10-06,14.375,14.375,14.25,14.25,2.2915425300598145,3100
1994-10-07,14.625,14.625,14.375,14.375,2.311643600463867,6800
1994-10-10,14.375,14.375,14.25,14.25,2.2915425300598145,1200
1994-10-11,14.375,15.0,14.25,15.0,2.41215181350708,9100
1994-10-12,15.0,15.0,14.625,14.875,2.3920490741729736,2000
1994-10-13,15.0,15.125,14.75,14.875,2.3920490741729736,6000
1994-10-14,14.875,14.875,14.5,14.625,2.35184645652771,5800
1994-10-17,14.625,14.625,14.625,14.625,2.35184645652771,0
1994-10-18,14.75,15.125,14.5,15.0,2.41215181350708,12400
1994-10-19,14.75,14.875,14.75,14.75,2.371947288513184,5400
1994-10-20,14.75,15.0,14.75,15.0,2.41215181350708,7900
1994-10-21,15.0,15.0,14.625,14.625,2.35184645652771,6700
1994-10-24,14.5,14.5,14.0,14.25,2.2915425300598145,9900
1994-10-25,14.5,14.625,14.25,14.25,2.2915425300598145,4700
1994-10-26,14.125,14.25,14.125,14.125,2.271442174911499,2500
1994-10-27,14.25,14.5,14.25,14.5,2.3317463397979736,1200
1994-10-28,14.25,14.4375,14.125,14.25,2.2915425300598145,8800
1994-10-31,14.375,14.375,14.125,14.125,2.271442174911499,10400
1994-11-01,14.125,14.125,14.0,14.125,2.271442174911499,6000
1994-11-02,14.125,14.25,14.0,14.25,2.2915425300598145,10700
1994-11-03,14.125,14.125,13.875,14.125,2.271442174911499,7300
1994-11-04,14.125,14.125,13.5,13.875,2.231238842010498,3600
1994-11-07,14.0,14.0,13.375,13.5,2.1709353923797607,6800
1994-11-08,13.5,13.5,13.125,13.375,2.150834083557129,5000
1994-11-09,13.375,13.625,13.25,13.5,2.1709353923797607,5500
1994-11-10,13.375,13.875,13.375,13.625,2.191036939620972,5400
1994-11-11,13.625,13.625,13.5,13.5,2.1709353923797607,4000
1994-11-14,13.5,14.125,13.5,13.75,2.211137294769287,6600
1994-11-15,13.75,14.0,13.75,13.75,2.211137294769287,8900
1994-11-16,13.875,14.0,13.875,13.875,2.231238842010498,3300
1994-11-17,13.875,14.125,13.75,14.0,2.251340627670288,11000
1994-11-18,14.0,14.125,13.75,14.0,2.251340627670288,7500
1994-11-21,14.0,14.0,13.875,13.875,2.231238842010498,6500
1994-11-22,13.75,14.125,13.75,14.125,2.271442174911499,6900
1994-11-23,14.125,14.875,14.0,14.875,2.3920490741729736,14800
1994-11-25,14.875,14.875,14.75,14.75,2.371947288513184,1500
1994-11-28,14.75,15.0,14.75,15.0,2.41215181350708,3200
1994-11-29,14.875,15.0,14.75,14.75,2.371947288513184,12500
1994-11-30,14.75,15.125,14.375,14.375,2.311643600463867,14000
1994-12-01,14.5,14.75,14.5,14.75,2.371947288513184,4300
1994-12-02,14.5,14.75,14.375,14.75,2.371947288513184,3100
1994-12-05,14.875,14.875,14.625,14.625,2.35184645652771,1100
1994-12-06,14.875,15.125,14.625,15.0,2.41215181350708,12600
1994-12-07,15.0,15.0,14.625,14.875,2.3920490741729736,4500
1994-12-08,14.625,14.875,14.375,14.875,2.3920490741729736,14200
1994-12-09,14.75,15.0,14.5,14.5,2.3317463397979736,10400
1994-12-12,14.375,14.5,14.25,14.25,2.2915425300598145,5500
1994-12-13,14.25,14.5,14.125,14.375,2.311643600463867,20800
1994-12-14,14.25,14.5,14.125,14.5,2.3317463397979736,10400
1994-12-15,14.375,14.625,14.25,14.625,2.35184645652771,3900
1994-12-16,14.625,14.75,14.125,14.125,2.271442174911499,12000
1994-12-19,13.875,14.25,13.5,14.0,2.303527355194092,14900
1994-12-20,14.0,14.25,13.875,14.0,2.303527355194092,12600
1994-12-21,14.25,14.375,14.125,14.125,2.3240950107574463,10800
1994-12-22,14.125,14.375,14.125,14.375,2.365228176116944,16100
1994-12-23,14.25,14.25,14.125,14.125,2.3240950107574463,1000
1994-12-27,14.125,14.125,14.0,14.125,2.3240950107574463,4000
1994-12-28,14.125,14.125,13.75,14.125,2.3240950107574463,8400
1994-12-29,13.875,14.125,13.75,13.875,2.282959461212158,9400
1994-12-30,13.875,14.0,13.75,13.75,2.2623915672302246,15600
1995-01-03,14.125,14.25,13.875,14.25,2.344661235809326,5600
1995-01-04,14.375,14.375,14.0,14.25,2.344661235809326,3100
1995-01-05,14.125,14.25,14.0,14.25,2.344661235809326,5200
1995-01-06,14.375,14.625,14.125,14.25,2.344661235809326,6800
1995-01-09,14.375,14.625,14.375,14.5,2.385796308517456,1700
1995-01-10,14.625,14.75,14.5,14.5,2.385796308517456,4600
1995-01-11,14.375,14.75,14.375,14.5,2.385796308517456,2800
1995-01-12,14.75,14.75,14.625,14.625,2.406362295150757,3300
1995-01-13,14.75,15.0,14.75,14.75,2.426929473876953,9800
1995-01-16,14.75,15.0,14.75,15.0,2.468064546585083,5700
1995-01-17,14.875,15.0,14.875,14.875,2.4474966526031494,3400
1995-01-18,14.875,15.0,14.625,15.0,2.468064546585083,11100
1995-01-19,14.625,15.0,14.625,14.625,2.406362295150757,6800
1995-01-20,14.75,14.75,14.5,14.5,2.385796308517456,2600
1995-01-23,14.625,14.75,14.5,14.5,2.385796308517456,1100
1995-01-24,14.75,14.75,14.5,14.75,2.426929473876953,2400
1995-01-25,14.875,15.0,14.75,14.75,2.426929473876953,6000
1995-01-26,14.875,15.0,14.75,15.0,2.468064546585083,4400
1995-01-27,14.75,15.125,14.75,14.75,2.426929473876953,7700
1995-01-30,15.0,15.25,14.875,15.0,2.468064546585083,6800
1995-01-31,15.25,15.25,14.875,15.0,2.468064546585083,3300
1995-02-01,14.875,15.0,14.875,14.875,2.4474966526031494,6700
1995-02-02,14.875,15.25,14.875,15.25,2.509199380874634,6000
1995-02-03,15.25,15.375,15.0,15.375,2.5297646522521973,1400
1995-02-06,15.125,15.375,15.0,15.375,2.5297646522521973,6300
1995-02-07,15.5,15.5,15.125,15.25,2.509199380874634,3000
1995-02-08,15.25,15.5,15.25,15.375,2.5297646522521973,1900
1995-02-09,15.125,15.625,15.125,15.375,2.5297646522521973,12600
1995-02-10,15.5,15.625,15.375,15.625,2.57089900970459,6500
1995-02-13,15.5,15.5,15.125,15.5,2.550333023071289,9400
1995-02-14,15.5,15.5,15.125,15.125,2.4886324405670166,3400
1995-02-15,15.125,15.5,15.125,15.5,2.550333023071289,8300
1995-02-16,15.25,15.625,15.125,15.5,2.550333023071289,11000
1995-02-17,15.25,15.375,15.125,15.125,2.4886324405670166,5100
1995-02-21,15.375,15.375,15.0,15.25,2.509199380874634,9300
1995-02-22,15.125,15.5,14.875,15.125,2.4886324405670166,23200
1995-02-23,15.375,15.375,15.125,15.25,2.509199380874634,9600
1995-02-24,15.25,15.375,15.125,15.375,2.5297646522521973,5200
1995-02-27,15.5,15.5,15.5,15.5,2.550333023071289,2600
1995-02-28,15.75,15.75,15.375,15.375,2.5297646522521973,8900
1995-03-01,15.5,15.5,15.25,15.25,2.509199380874634,800
1995-03-02,15.5,15.625,15.25,15.625,2.57089900970459,4400
1995-03-03,15.5,15.625,15.25,15.25,2.509199380874634,8600
1995-03-06,15.5,15.625,15.25,15.5,2.550333023071289,3000
1995-03-07,15.25,15.5,15.125,15.125,2.4886324405670166,4000
1995-03-08,15.25,15.5,15.125,15.25,2.509199380874634,7300
1995-03-09,15.375,15.5,15.375,15.5,2.550333023071289,3500
1995-03-10,15.375,15.5,15.375,15.375,2.5297646522521973,3100
1995-03-13,15.375,15.375,15.375,15.375,2.5297646522521973,900
1995-03-14,15.25,15.875,15.25,15.875,2.6120338439941406,10500
1995-03-15,15.5,15.75,15.5,15.625,2.57089900970459,4200
1995-03-16,15.75,15.875,15.75,15.875,2.6120338439941406,9600
1995-03-17,15.875,15.875,15.625,15.875,2.6120338439941406,1700
1995-03-20,15.25,15.5,15.25,15.25,2.559995412826538,2800
1995-03-21,15.125,15.625,15.125,15.25,2.559995412826538,13900
1995-03-22,15.25,15.25,15.0,15.0,2.518028497695923,6000
1995-03-23,15.125,15.25,15.0,15.0,2.518028497695923,5500
1995-03-24,15.0,15.375,15.0,15.375,2.5809783935546875,3000
1995-03-27,15.5,15.5,15.25,15.25,2.559995412826538,2900
1995-03-28,15.5,15.5,15.125,15.125,2.539013147354126,8000
1995-03-29,15.0,15.25,15.0,15.125,2.539013147354126,3000
1995-03-30,15.5,15.5,15.25,15.25,2.559995412826538,9500
1995-03-31,15.25,15.25,14.875,14.875,2.497044563293457,10400
1995-04-03,15.25,15.375,14.625,14.625,2.4550769329071045,12100
1995-04-04,14.625,15.0,14.625,15.0,2.518028497695923,9200
1995-04-05,14.875,15.0,14.625,14.75,2.476060390472412,3700
1995-04-06,14.75,15.0,14.75,15.0,2.518028497695923,5400
1995-04-07,15.0,15.0,14.625,14.625,2.4550769329071045,5400
1995-04-10,14.625,14.625,14.375,14.375,2.4131107330322266,16000
1995-04-11,14.625,14.75,14.375,14.375,2.4131107330322266,11900
1995-04-12,14.5,14.5,14.25,14.5,2.4340951442718506,6100
1995-04-13,14.5,14.625,14.375,14.5,2.4340951442718506,4900
1995-04-17,14.75,14.75,14.5,14.75,2.476060390472412,13000
1995-04-18,14.75,14.75,14.5,14.5,2.4340951442718506,2600
1995-04-19,14.5,14.75,14.5,14.5,2.4340951442718506,5500
1995-04-20,14.5,14.5,14.375,14.375,2.4131107330322266,5500
1995-04-21,14.375,14.75,14.375,14.75,2.476060390472412,4600
1995-04-24,14.5,14.875,14.5,14.5,2.4340951442718506,6100
1995-04-25,14.625,14.75,14.5,14.75,2.476060390472412,14200
1995-04-26,14.625,14.75,14.5,14.5,2.4340951442718506,6400
1995-04-27,14.625,14.875,14.625,14.875,2.497044563293457,12700
1995-04-28,14.625,14.75,14.625,14.625,2.4550769329071045,5300
1995-05-01,14.5,14.625,14.5,14.625,2.4550769329071045,6200
1995-05-02,14.625,14.75,14.625,14.625,2.4550769329071045,6500
1995-05-03,14.75,14.875,14.625,14.875,2.497044563293457,2500
1995-05-04,14.875,15.0,14.5,14.5,2.4340951442718506,11200
1995-05-05,14.625,15.0,14.625,15.0,2.518028497695923,7100
1995-05-08,14.875,15.0,14.75,15.0,2.518028497695923,7800
1995-05-09,14.875,15.125,14.875,14.875,2.497044563293457,11800
1995-05-10,15.25,15.375,15.0,15.25,2.559995412826538,18500
1995-05-11,15.25,15.5,15.25,15.5,2.6019625663757324,22200
1995-05-12,15.5,15.5,15.25,15.5,2.6019625663757324,7800
1995-05-15,15.5,15.5,15.25,15.5,2.6019625663757324,5900
1995-05-16,15.5,15.75,15.375,15.375,2.5809783935546875,10400
1995-05-17,15.625,15.75,15.375,15.75,2.643929481506348,10700
1995-05-18,15.75,15.75,15.375,15.375,2.5809783935546875,8100
1995-05-19,15.375,15.5,15.375,15.375,2.5809783935546875,6900
1995-05-22,15.375,15.5,15.25,15.25,2.559995412826538,2800
1995-05-23,15.375,15.75,15.25,15.75,2.643929481506348,12700
1995-05-24,15.625,15.75,15.25,15.375,2.5809783935546875,8500
1995-05-25,15.5,15.5,15.25,15.5,2.6019625663757324,5400
1995-05-26,15.5,15.5,15.125,15.25,2.559995412826538,14200
1995-05-30,15.375,15.5,15.125,15.375,2.5809783935546875,13700
1995-05-31,15.5,15.625,15.375,15.625,2.622944593429565,9000
1995-06-01,15.5,16.0,15.5,15.75,2.643929481506348,10800
1995-06-02,16.25,16.25,15.875,15.875,2.664912700653076,14400
1995-06-05,15.875,16.125,15.75,16.0,2.68589735031128,5800
1995-06-06,15.875,16.125,15.875,15.875,2.664912700653076,4000
1995-06-07,15.875,16.125,15.875,16.125,2.706880807876587,6500
1995-06-08,16.0,16.25,15.875,16.0,2.68589735031128,7500
1995-06-09,15.875,16.125,15.75,15.875,2.664912700653076,4100
1995-06-12,15.75,15.875,15.75,15.875,2.664912700653076,3000
1995-06-13,15.75,16.0,15.75,15.875,2.664912700653076,5700
1995-06-14,15.75,15.875,15.75,15.875,2.664912700653076,1700
1995-06-15,15.875,15.875,15.625,15.875,2.664912700653076,8900
1995-06-16,15.75,15.875,15.625,15.75,2.643929481506348,11500
1995-06-19,15.75,16.125,15.75,16.0,2.68589735031128,5500
1995-06-20,16.0,16.25,16.0,16.0,2.68589735031128,5300
1995-06-21,15.625,16.0,15.5,16.0,2.739837169647217,5700
1995-06-22,15.875,16.25,15.625,15.625,2.675620555877685,5700
1995-06-23,15.625,15.625,15.375,15.375,2.632812023162842,5900
1995-06-26,15.625,15.625,15.25,15.25,2.6114065647125244,9200
1995-06-27,15.25,15.75,15.25,15.625,2.675620555877685,14900
1995-06-28,15.875,16.125,15.75,16.0,2.739837169647217,11900
1995-06-29,16.125,16.125,15.875,16.0,2.739837169647217,2000
1995-06-30,16.0,16.0,15.75,16.0,2.739837169647217,11000
1995-07-03,16.125,16.25,16.0,16.125,2.7612428665161133,5600
1995-07-05,16.125,16.125,16.0,16.0,2.739837169647217,2700
1995-07-06,16.125,16.125,15.625,15.625,2.675620555877685,12900
1995-07-07,15.75,16.0,15.625,15.75,2.6970276832580566,8300
1995-07-10,16.0,16.0,15.875,16.0,2.739837169647217,6000
1995-07-11,15.75,16.0,15.75,15.75,2.6970276832580566,3400
1995-07-12,16.0,16.125,16.0,16.0,2.739837169647217,4400
1995-07-13,15.875,16.0,15.75,16.0,2.739837169647217,2100
1995-07-14,16.0,16.125,15.875,16.0,2.739837169647217,8900
1995-07-17,15.875,15.875,15.75,15.875,2.7184324264526367,2400
1995-07-18,15.75,16.0,15.75,16.0,2.739837169647217,8300
1995-07-19,15.875,16.125,15.75,16.0,2.739837169647217,14400
1995-07-20,16.125,16.125,16.0,16.0,2.739837169647217,6100
1995-07-21,16.0,16.0,15.75,16.0,2.739837169647217,2800
1995-07-24,16.0,16.125,15.75,15.75,2.6970276832580566,6000
1995-07-25,15.75,15.875,15.625,15.875,2.7184324264526367,4900
1995-07-26,15.75,16.0,15.75,15.875,2.7184324264526367,11300
1995-07-27,15.875,15.875,15.625,15.875,2.7184324264526367,7400
1995-07-28,15.75,15.875,15.625,15.625,2.675620555877685,4100
1995-07-31,15.875,16.0,15.75,15.875,2.7184324264526367,4000
1995-08-01,16.0,16.0,15.75,15.75,2.6970276832580566,4000
1995-08-02,15.75,15.875,15.75,15.75,2.6970276832580566,6700
1995-08-03,15.625,15.75,15.5,15.75,2.6970276832580566,4200
1995-08-04,15.75,15.75,15.5,15.625,2.675620555877685,2300
1995-08-07,15.375,15.875,15.375,15.75,2.6970276832580566,6500
1995-08-08,15.875,15.875,15.625,15.75,2.6970276832580566,7500
1995-08-09,15.75,15.875,15.5,15.875,2.7184324264526367,3600
1995-08-10,15.625,15.75,15.5,15.5,2.6542179584503174,3000
1995-08-11,15.5,15.875,15.5,15.625,2.675620555877685,2600
1995-08-14,15.625,15.75,15.5,15.5,2.6542179584503174,3800
1995-08-15,15.25,15.5,15.25,15.25,2.6114065647125244,10100
1995-08-16,15.5,15.5,15.375,15.5,2.6542179584503174,4100
1995-08-17,15.75,15.75,15.375,15.5,2.6542179584503174,6100
1995-08-18,15.75,15.75,15.375,15.375,2.632812023162842,3600
1995-08-21,15.5,15.625,15.375,15.375,2.632812023162842,4000
1995-08-22,15.5,15.75,15.375,15.5,2.6542179584503174,3500
1995-08-23,15.375,15.75,15.375,15.625,2.675620555877685,5300
1995-08-24,15.5,15.75,15.5,15.625,2.675620555877685,3700
1995-08-25,15.5,15.875,15.5,15.75,2.6970276832580566,6500
1995-08-28,15.875,15.875,15.75,15.75,2.6970276832580566,5700
1995-08-29,16.0,16.125,16.0,16.0,2.739837169647217,12000
1995-08-30,16.125,16.125,16.0,16.0,2.739837169647217,10800
1995-08-31,16.125,16.125,16.0,16.125,2.7612428665161133,6000
1995-09-01,16.25,16.25,16.0,16.125,2.7612428665161133,3800
1995-09-05,16.0,16.125,16.0,16.125,2.7612428665161133,7700
1995-09-06,16.0,16.0,15.875,15.875,2.7184324264526367,10500
1995-09-07,15.875,16.125,15.875,16.125,2.7612428665161133,10200
1995-09-08,16.25,16.375,15.875,16.375,2.8040521144866943,19000
1995-09-11,16.5,16.5,16.0,16.25,2.782647132873535,9800
1995-09-12,16.375,16.375,16.0,16.25,2.782647132873535,7100
1995-09-13,16.25,16.375,16.0,16.125,2.7612428665161133,11200
1995-09-14,16.0,16.25,16.0,16.25,2.782647132873535,5500
1995-09-15,16.25,16.25,16.0,16.125,2.7612428665161133,3200
1995-09-18,16.25,16.25,16.0,16.125,2.7612428665161133,9400
1995-09-19,16.0,16.25,15.875,15.875,2.7184324264526367,7400
1995-09-20,15.375,15.75,15.125,15.75,2.75162672996521,8300
1995-09-21,15.75,15.75,15.25,15.375,2.6861112117767334,11100
1995-09-22,15.375,15.5,15.25,15.375,2.6861112117767334,3500
1995-09-25,15.25,15.5,15.25,15.25,2.664272785186768,4300
1995-09-26,15.375,15.5,15.25,15.375,2.6861112117767334,11500
1995-09-27,15.375,15.5,15.375,15.375,2.6861112117767334,3600
1995-09-28,15.5,15.625,15.5,15.5,2.707950592041016,4100
1995-09-29,15.375,15.625,15.375,15.5,2.707950592041016,3900
1995-10-02,15.625,15.625,15.5,15.5,2.707950592041016,11700
1995-10-03,15.5,15.75,15.5,15.5,2.707950592041016,4400
1995-10-04,15.625,15.625,15.5,15.625,2.729787826538086,5300
1995-10-05,15.5,15.75,15.5,15.625,2.729787826538086,8500
1995-10-06,15.625,15.75,15.625,15.625,2.729787826538086,2400
1995-10-09,15.75,15.75,15.5,15.625,2.729787826538086,2600
1995-10-10,15.5,15.75,15.5,15.5,2.707950592041016,6900
1995-10-11,15.5,15.75,15.5,15.625,2.729787826538086,5300
1995-10-12,15.5,15.75,15.5,15.625,2.729787826538086,5900
1995-10-13,15.5,15.625,15.5,15.625,2.729787826538086,1200
1995-10-16,15.75,15.75,15.5,15.625,2.729787826538086,2400
1995-10-17,15.75,15.75,15.5,15.5,2.707950592041016,4500
1995-10-18,15.625,15.75,15.5,15.625,2.729787826538086,4200
1995-10-19,15.5,15.75,15.5,15.625,2.729787826538086,2900
1995-10-20,15.5,15.75,15.5,15.5,2.707950592041016,8100
1995-10-23,15.5,15.875,15.5,15.75,2.75162672996521,8500
1995-10-24,15.875,15.875,15.5,15.625,2.729787826538086,7600
1995-10-25,15.875,15.875,15.625,15.75,2.75162672996521,16800
1995-10-26,15.625,15.75,15.5,15.5,2.707950592041016,5500
1995-10-27,15.625,15.875,15.5,15.625,2.729787826538086,6900
1995-10-30,15.875,15.875,15.625,15.625,2.729787826538086,4100
1995-10-31,15.625,15.875,15.625,15.75,2.75162672996521,6200
1995-11-01,15.625,15.875,15.625,15.875,2.7734649181365967,3600
1995-11-02,15.875,16.0,15.75,15.75,2.75162672996521,5200
1995-11-03,15.75,16.0,15.75,15.875,2.7734649181365967,11500
1995-11-06,15.875,16.125,15.75,15.75,2.75162672996521,12200
1995-11-07,15.875,16.0,15.625,15.875,2.7734649181365967,9500
1995-11-08,16.125,16.25,15.875,16.25,2.838979721069336,13800
1995-11-09,16.25,16.375,16.125,16.25,2.838979721069336,8200
1995-11-10,16.0,16.375,16.0,16.375,2.86081862449646,4800
1995-11-13,16.125,16.25,16.125,16.125,2.8171422481536865,4100
1995-11-14,16.375,16.375,16.0,16.25,2.838979721069336,61400
1995-11-15,16.375,16.375,16.125,16.25,2.838979721069336,9100
1995-11-16,16.0,16.25,15.75,16.125,2.8171422481536865,7900
1995-11-17,16.25,16.25,16.0,16.0,2.795305013656616,5100
1995-11-20,16.125,16.25,15.875,15.875,2.7734649181365967,8900
1995-11-21,16.125,16.625,16.125,16.5,2.8826558589935303,22600
1995-11-22,16.375,16.5,16.125,16.125,2.8171422481536865,23100
1995-11-24,16.0,16.125,15.875,15.875,2.7734649181365967,3400
1995-11-27,16.0,16.125,16.0,16.125,2.8171422481536865,2800
1995-11-28,16.0,16.0,15.875,16.0,2.795305013656616,7400
1995-11-29,16.125,16.25,15.875,16.125,2.8171422481536865,17800
1995-11-30,16.0,16.25,15.875,16.125,2.8171422481536865,8700
1995-12-01,15.875,16.25,15.875,16.125,2.8171422481536865,3300
1995-12-04,16.0,16.25,16.0,16.125,2.8171422481536865,5800
1995-12-05,16.125,16.375,16.125,16.375,2.86081862449646,12400
1995-12-06,16.25,16.5,16.25,16.25,2.838979721069336,11700
1995-12-07,16.375,16.375,16.0,16.125,2.8171422481536865,5300
1995-12-08,16.25,16.25,16.125,16.125,2.8171422481536865,5800
1995-12-11,16.0,16.125,15.875,16.0,2.795305013656616,8900
1995-12-12,16.0,16.0,15.875,16.0,2.795305013656616,4200
1995-12-13,16.0,16.125,15.875,16.0,2.795305013656616,11300
1995-12-14,15.875,16.125,15.875,16.125,2.8171422481536865,10400
1995-12-15,15.875,16.125,15.875,16.0,2.795305013656616,4000
1995-12-18,15.875,15.875,15.75,15.75,2.75162672996521,5200
1995-12-19,15.625,15.875,15.625,15.75,2.75162672996521,8700
1995-12-20,15.5,15.625,15.5,15.625,2.784595251083374,8800
1995-12-21,15.5,15.625,15.375,15.5,2.762319564819336,6700
1995-12-22,15.375,15.625,15.375,15.5,2.762319564819336,5900
1995-12-26,15.625,15.625,15.25,15.5,2.762319564819336,10500
1995-12-27,15.375,15.625,15.375,15.5,2.762319564819336,14300
1995-12-28,15.5,15.75,15.375,15.75,2.806873321533203,4400
1995-12-29,15.75,15.75,15.625,15.75,2.806873321533203,7800
1996-01-02,15.625,15.75,15.5,15.625,2.784595251083374,11800
1996-01-03,15.75,15.875,15.625,15.875,2.829149007797241,10200
1996-01-04,15.875,16.0,15.875,15.875,2.829149007797241,3900
1996-01-05,16.0,16.125,15.875,16.125,2.873704195022583,4900
1996-01-08,16.0,16.125,16.0,16.125,2.873704195022583,2500
1996-01-09,16.125,16.125,16.0,16.0,2.8514273166656494,2000
1996-01-10,16.0,16.125,16.0,16.0,2.8514273166656494,12900
1996-01-11,16.0,16.125,16.0,16.0,2.8514273166656494,4200
1996-01-12,15.875,16.125,15.875,15.875,2.829149007797241,9400
1996-01-15,16.125,16.125,15.875,15.875,2.829149007797241,2400
1996-01-16,16.0,16.0,15.875,15.875,2.829149007797241,6400
1996-01-17,16.0,16.0,15.75,15.875,2.829149007797241,9800
1996-01-18,16.0,16.0,15.875,16.0,2.8514273166656494,3000
1996-01-19,16.0,16.125,16.0,16.125,2.873704195022583,4200
1996-01-22,16.125,16.125,15.875,15.875,2.829149007797241,1200
1996-01-23,15.875,16.0,15.875,15.875,2.829149007797241,4800
1996-01-24,15.875,15.875,15.75,15.875,2.829149007797241,7300
1996-01-25,15.875,16.0,15.875,16.0,2.8514273166656494,6200
1996-01-26,15.875,16.0,15.75,16.0,2.8514273166656494,15200
1996-01-29,16.0,16.125,15.875,16.0,2.8514273166656494,11300
1996-01-30,16.0,16.125,16.0,16.0,2.8514273166656494,3400
1996-01-31,16.125,16.125,15.875,16.125,2.873704195022583,9000
1996-02-01,16.0,16.375,16.0,16.25,2.8959805965423584,13800
1996-02-02,16.375,16.375,16.25,16.25,2.8959805965423584,8000
1996-02-05,16.25,16.375,16.25,16.25,2.8959805965423584,3500
1996-02-06,16.375,16.375,16.25,16.375,2.9182562828063965,8700
1996-02-07,16.375,16.375,16.125,16.25,2.8959805965423584,8800
1996-02-08,16.25,16.25,16.125,16.125,2.873704195022583,5900
1996-02-09,16.25,16.25,16.125,16.125,2.873704195022583,6300
1996-02-12,16.125,16.25,16.0,16.125,2.873704195022583,5700
1996-02-13,16.125,16.25,16.125,16.125,2.873704195022583,7300
1996-02-14,16.125,16.25,16.125,16.25,2.8959805965423584,7300
1996-02-15,16.25,16.375,16.125,16.125,2.873704195022583,6800
1996-02-16,16.125,16.375,16.125,16.25,2.8959805965423584,3600
1996-02-20,16.125,16.25,16.125,16.25,2.8959805965423584,5700
1996-02-21,16.25,16.25,16.125,16.125,2.873704195022583,5700
1996-02-22,16.125,16.25,16.0,16.25,2.8959805965423584,6500
1996-02-23,16.125,16.125,16.0,16.0,2.8514273166656494,14800
1996-02-26,16.0,16.125,15.875,16.125,2.873704195022583,8800
1996-02-27,16.0,16.125,16.0,16.0,2.8514273166656494,5100
1996-02-28,16.125,16.25,16.0,16.25,2.8959805965423584,5400
1996-02-29,16.25,16.25,16.125,16.125,2.873704195022583,3100
1996-03-01,16.125,16.25,16.125,16.125,2.873704195022583,6900
1996-03-04,16.25,16.375,16.125,16.25,2.8959805965423584,9300
1996-03-05,16.375,16.375,16.25,16.25,2.8959805965423584,5700
1996-03-06,16.375,16.375,16.25,16.25,2.8959805965423584,8500
1996-03-07,16.25,16.375,16.25,16.375,2.9182562828063965,4500
1996-03-08,16.25,16.25,16.0,16.0,2.8514273166656494,7000
1996-03-11,16.125,16.125,15.625,15.625,2.784595251083374,6600
1996-03-12,15.625,15.625,15.5,15.5,2.762319564819336,11400
1996-03-13,15.625,15.75,15.5,15.75,2.806873321533203,9500
1996-03-14,15.875,15.875,15.625,15.625,2.784595251083374,6300
1996-03-15,15.75,15.875,15.625,15.875,2.829149007797241,8100
1996-03-18,15.875,15.875,15.75,15.75,2.806873321533203,6000
1996-03-19,15.75,15.875,15.75,15.875,2.829149007797241,4000
1996-03-20,15.625,15.625,15.5,15.625,2.839141368865967,1600
1996-03-21,15.5,15.625,15.5,15.5,2.81643009185791,1800
1996-03-22,15.5,15.625,15.5,15.625,2.839141368865967,5600
1996-03-25,15.5,15.625,15.5,15.625,2.839141368865967,11500
1996-03-26,15.5,15.625,15.375,15.625,2.839141368865967,10000
1996-03-27,15.5,15.5,15.25,15.375,2.7937169075012207,12400
1996-03-28,15.375,15.375,15.25,15.375,2.7937169075012207,14300
1996-03-29,15.25,15.375,15.25,15.375,2.7937169075012207,7100
1996-04-01,15.25,15.375,15.25,15.25,2.7710039615631104,8900
1996-04-02,15.375,15.375,15.25,15.25,2.7710039615631104,6300
1996-04-03,15.375,15.375,15.25,15.375,2.7937169075012207,6100
1996-04-04,15.25,15.375,15.25,15.25,2.7710039615631104,4700
1996-04-08,15.0,15.25,15.0,15.0,2.7255778312683105,23800
1996-04-09,15.0,15.125,15.0,15.0,2.7255778312683105,9600
1996-04-10,15.0,15.25,14.875,14.875,2.702864170074463,7500
1996-04-11,15.0,15.125,14.875,15.0,2.7255778312683105,3900
1996-04-12,15.0,15.25,15.0,15.125,2.7482922077178955,8500
1996-04-15,15.25,15.25,15.125,15.125,2.7482922077178955,4700
1996-04-16,15.25,15.25,15.0,15.0,2.7255778312683105,7900
1996-04-17,15.125,15.125,15.0,15.125,2.7482922077178955,3000
1996-04-18,15.0,15.125,15.0,15.125,2.7482922077178955,6600
1996-04-19,15.125,15.25,15.0,15.0,2.7255778312683105,4400
1996-04-22,15.125,15.125,15.0,15.0,2.7255778312683105,3900
1996-04-23,15.0,15.125,15.0,15.0,2.7255778312683105,4400
1996-04-24,15.125,15.125,15.0,15.125,2.7482922077178955,4800
1996-04-25,15.125,15.125,15.0,15.125,2.7482922077178955,6000
1996-04-26,15.125,15.25,15.0,15.25,2.7710039615631104,2900
1996-04-29,15.25,15.25,15.0,15.125,2.7482922077178955,2500
1996-04-30,15.0,15.125,15.0,15.0,2.7255778312683105,4100
1996-05-01,15.125,15.125,14.875,15.0,2.7255778312683105,7500
1996-05-02,15.0,15.0,14.75,14.875,2.702864170074463,12100
1996-05-03,14.75,15.0,14.75,14.875,2.702864170074463,8200
1996-05-06,15.0,15.0,14.875,14.875,2.702864170074463,6200
1996-05-07,15.0,15.125,14.875,15.0,2.7255778312683105,6200
1996-05-08,15.0,15.0,14.75,14.75,2.680150985717773,8000
1996-05-09,14.625,14.75,14.625,14.625,2.657438278198242,20400
1996-05-10,14.75,15.0,14.75,15.0,2.7255778312683105,10200
1996-05-13,15.0,15.125,15.0,15.0,2.7255778312683105,6700
1996-05-14,15.0,15.125,15.0,15.0,2.7255778312683105,6200
1996-05-15,15.0,15.25,15.0,15.125,2.7482922077178955,7100
1996-05-16,15.125,15.25,15.0,15.25,2.7710039615631104,8600
1996-05-17,15.25,15.375,15.125,15.25,2.7710039615631104,9400
1996-05-20,15.25,15.25,15.125,15.25,2.7710039615631104,7000
1996-05-21,15.25,15.25,15.125,15.25,2.7710039615631104,3800
1996-05-22,15.125,15.375,15.125,15.125,2.7482922077178955,13300
1996-05-23,15.125,15.25,15.125,15.25,2.7710039615631104,11500
1996-05-24,15.125,15.25,15.125,15.125,2.7482922077178955,6500
1996-05-28,15.125,15.25,15.125,15.25,2.7710039615631104,1800
1996-05-29,15.25,15.25,15.125,15.125,2.7482922077178955,2300
1996-05-30,15.25,15.25,15.0,15.125,2.7482922077178955,13300
1996-05-31,15.125,15.25,15.125,15.125,2.7482922077178955,4100
1996-06-03,15.0,15.0,15.0,15.0,2.7255778312683105,600
1996-06-04,15.0,15.125,15.0,15.0,2.7255778312683105,10200
1996-06-05,15.125,15.25,15.0,15.0,2.7255778312683105,17900
1996-06-06,15.125,15.125,15.0,15.125,2.7482922077178955,4900
1996-06-07,15.0,15.125,15.0,15.0,2.7255778312683105,900
1996-06-10,15.0,15.125,15.0,15.125,2.7482922077178955,4800
1996-06-11,15.0,15.125,15.0,15.0,2.7255778312683105,3100
1996-06-12,15.0,15.125,15.0,15.0,2.7255778312683105,8900
1996-06-13,15.125,15.125,15.125,15.125,2.7482922077178955,3000
1996-06-14,15.0,15.125,15.0,15.0,2.7255778312683105,11800
1996-06-17,15.0,15.125,15.0,15.125,2.7482922077178955,9000
1996-06-18,15.0,15.125,15.0,15.0,2.7255778312683105,4100
1996-06-19,15.0,15.0,14.625,14.75,2.735779285430908,8600
1996-06-20,14.625,14.75,14.625,14.625,2.7125940322875977,4700
1996-06-21,14.625,14.875,14.625,14.875,2.7589640617370605,3800
1996-06-24,14.875,14.875,14.875,14.875,2.7589640617370605,1100
1996-06-25,14.75,14.875,14.75,14.75,2.735779285430908,6500
1996-06-26,14.875,14.875,14.875,14.875,2.7589640617370605,5700
1996-06-27,15.0,15.0,14.875,15.0,2.7821483612060547,3600
1996-06-28,15.0,15.125,14.875,14.875,2.7589640617370605,15500
1996-07-01,15.0,15.0,14.875,15.0,2.7821483612060547,4800
1996-07-02,14.875,15.0,14.875,14.875,2.7589640617370605,6400
1996-07-03,15.0,15.0,14.875,15.0,2.7821483612060547,2500
1996-07-05,14.75,14.75,14.625,14.625,2.7125940322875977,4000
1996-07-08,14.875,14.875,14.625,14.625,2.7125940322875977,6000
1996-07-09,14.75,14.875,14.625,14.875,2.7589640617370605,9700
1996-07-10,14.625,14.875,14.625,14.625,2.7125940322875977,10000
1996-07-11,14.625,14.75,14.625,14.75,2.735779285430908,8000
1996-07-12,14.75,14.75,14.625,14.75,2.735779285430908,11600
1996-07-15,14.625,14.625,14.5,14.625,2.7125940322875977,3800
1996-07-16,14.5,14.625,14.5,14.625,2.7125940322875977,10200
1996-07-17,14.625,14.75,14.625,14.75,2.735779285430908,8700
1996-07-18,14.625,14.875,14.625,14.875,2.7589640617370605,9800
1996-07-19,14.75,14.875,14.75,14.875,2.7589640617370605,1800
1996-07-22,14.75,15.0,14.75,14.875,2.7589640617370605,10100
1996-07-23,14.875,14.875,14.875,14.875,2.7589640617370605,700
1996-07-24,14.75,14.75,14.75,14.75,2.735779285430908,1100
1996-07-25,14.875,15.0,14.75,14.875,2.7589640617370605,7400
1996-07-26,14.875,14.875,14.75,14.75,2.735779285430908,4000
1996-07-29,14.875,14.875,14.75,14.875,2.7589640617370605,6600
1996-07-30,14.875,14.875,14.625,14.625,2.7125940322875977,3600
1996-07-31,14.625,14.75,14.625,14.625,2.7125940322875977,6700
1996-08-01,14.75,15.0,14.75,14.875,2.7589640617370605,8900
1996-08-02,14.875,15.0,14.875,14.875,2.7589640617370605,6000
1996-08-05,14.875,15.0,14.875,15.0,2.7821483612060547,5600
1996-08-06,14.875,15.0,14.875,14.875,2.7589640617370605,5800
1996-08-07,15.0,15.125,15.0,15.125,2.8053324222564697,6900
1996-08-08,15.125,15.25,15.0,15.25,2.82851791381836,8700
1996-08-09,15.25,15.25,15.125,15.125,2.8053324222564697,4600
1996-08-12,15.125,15.125,15.0,15.0,2.7821483612060547,3200
1996-08-13,15.25,15.25,15.125,15.25,2.82851791381836,2700
1996-08-14,15.25,15.25,15.125,15.25,2.82851791381836,3900
1996-08-15,15.25,15.25,15.125,15.125,2.8053324222564697,5900
1996-08-16,15.125,15.25,15.0,15.0,2.7821483612060547,4200
1996-08-19,15.0,15.0,14.875,14.875,2.7589640617370605,9500
1996-08-20,14.875,15.125,14.875,15.125,2.8053324222564697,7600
1996-08-21,15.125,15.25,15.0,15.125,2.8053324222564697,5000
1996-08-22,15.0,15.25,15.0,15.25,2.82851791381836,14200
1996-08-23,15.125,15.25,15.125,15.125,2.8053324222564697,10200
1996-08-26,15.0,15.125,15.0,15.125,2.8053324222564697,1600
1996-08-27,15.125,15.125,15.0,15.0,2.7821483612060547,3500
1996-08-28,15.0,15.125,15.0,15.125,2.8053324222564697,7100
1996-08-29,15.125,15.125,15.0,15.0,2.7821483612060547,2700
1996-08-30,15.125,15.125,15.0,15.0,2.7821483612060547,3500
1996-09-03,15.0,15.125,15.0,15.125,2.8053324222564697,7200
1996-09-04,15.0,15.125,15.0,15.0,2.7821483612060547,2800
1996-09-05,15.0,15.125,15.0,15.125,2.8053324222564697,5400
1996-09-06,15.125,15.125,15.0,15.125,2.8053324222564697,5600
1996-09-09,15.125,15.125,15.0,15.0,2.7821483612060547,7900
1996-09-10,15.0,15.125,15.0,15.125,2.8053324222564697,4400
1996-09-11,15.0,15.125,15.0,15.0,2.7821483612060547,6400
1996-09-12,15.0,15.0,14.875,14.875,2.7589640617370605,5200
1996-09-13,15.0,15.25,15.0,15.25,2.82851791381836,10900
1996-09-16,15.125,15.25,15.125,15.125,2.8053324222564697,5700
1996-09-17,15.125,15.25,15.125,15.25,2.82851791381836,22800
1996-09-18,15.25,15.25,15.125,15.25,2.82851791381836,8100
1996-09-19,15.0,15.0,14.875,14.875,2.8152687549591064,14400
1996-09-20,14.875,14.875,14.75,14.875,2.8152687549591064,5700
1996-09-23,14.875,15.0,14.75,15.0,2.838925361633301,8100
1996-09-24,14.875,15.0,14.875,15.0,2.838925361633301,8400
1996-09-25,14.875,15.0,14.875,15.0,2.838925361633301,7700
1996-09-26,15.0,15.0,14.875,15.0,2.838925361633301,9500
1996-09-27,15.125,15.125,14.875,14.875,2.8152687549591064,4800
1996-09-30,14.875,15.0,14.875,15.0,2.838925361633301,4600
1996-10-01,15.0,15.0,14.875,14.875,2.8152687549591064,3700
1996-10-02,14.875,15.0,14.875,14.875,2.8152687549591064,5500
1996-10-03,15.0,15.0,14.875,14.875,2.8152687549591064,3300
1996-10-04,15.0,15.125,15.0,15.125,2.862583875656128,9000
1996-10-07,15.125,15.125,15.0,15.125,2.862583875656128,1600
1996-10-08,15.125,15.125,15.0,15.125,2.862583875656128,4800
1996-10-09,15.0,15.125,15.0,15.125,2.862583875656128,4200
1996-10-10,15.0,15.0,14.875,14.875,2.8152687549591064,3700
1996-10-11,14.875,15.0,14.875,15.0,2.838925361633301,3300
1996-10-14,14.875,15.0,14.875,14.875,2.8152687549591064,6500
1996-10-15,14.875,15.0,14.875,14.875,2.8152687549591064,7800
1996-10-16,15.0,15.0,14.875,14.875,2.8152687549591064,3700
1996-10-17,14.875,15.0,14.875,14.875,2.8152687549591064,6300
1996-10-18,14.875,15.125,14.875,15.0,2.838925361633301,8200
1996-10-21,15.0,15.125,15.0,15.0,2.838925361633301,6500
1996-10-22,14.875,15.0,14.875,14.875,2.8152687549591064,5400
1996-10-23,15.0,15.0,14.875,14.875,2.8152687549591064,4100
1996-10-24,14.875,15.0,14.875,15.0,2.838925361633301,6900
1996-10-25,14.875,15.0,14.875,14.875,2.8152687549591064,10400
1996-10-28,15.0,15.125,15.0,15.125,2.862583875656128,10900
1996-10-29,15.0,15.0,14.875,15.0,2.838925361633301,16300
1996-10-30,14.875,15.0,14.875,15.0,2.838925361633301,7900
1996-10-31,15.0,15.125,14.875,15.125,2.862583875656128,11500
1996-11-01,15.0,15.125,15.0,15.125,2.862583875656128,8200
1996-11-04,15.0,15.125,15.0,15.0,2.838925361633301,5600
1996-11-05,15.0,15.125,15.0,15.0,2.838925361633301,4800
1996-11-06,15.125,15.125,15.0,15.0,2.838925361633301,6100
1996-11-07,15.0,15.0,15.0,15.0,2.838925361633301,5600
1996-11-08,15.125,15.125,14.875,14.875,2.8152687549591064,12500
1996-11-11,14.875,15.125,14.875,15.0,2.838925361633301,7000
1996-11-12,15.0,15.125,14.875,15.125,2.862583875656128,10300
1996-11-13,15.0,15.125,15.0,15.125,2.862583875656128,8600
1996-11-14,15.0,15.125,15.0,15.125,2.862583875656128,4600
1996-11-15,15.0,15.125,15.0,15.125,2.862583875656128,8800
1996-11-18,15.125,15.125,15.0,15.0,2.838925361633301,7800
1996-11-19,15.0,15.25,15.0,15.125,2.862583875656128,20800
1996-11-20,15.125,15.25,15.125,15.25,2.886242151260376,5900
1996-11-21,15.25,15.25,15.125,15.25,2.886242151260376,13000
1996-11-22,15.125,15.375,15.125,15.375,2.9098992347717285,8200
1996-11-25,15.375,15.375,15.25,15.375,2.9098992347717285,3000
1996-11-26,15.375,15.5,15.375,15.375,2.9098992347717285,3900
1996-11-27,15.375,15.375,15.375,15.375,2.9098992347717285,6500
1996-11-29,15.5,15.5,15.375,15.375,2.9098992347717285,1300
1996-12-02,15.375,15.5,15.375,15.375,2.9098992347717285,7500
1996-12-03,15.5,15.5,15.25,15.25,2.886242151260376,9300
1996-12-04,15.25,15.5,15.25,15.375,2.9098992347717285,5400
1996-12-05,15.25,15.5,15.25,15.5,2.933557510375977,7300
1996-12-06,15.375,15.375,15.25,15.375,2.9098992347717285,7100
1996-12-09,15.375,15.5,15.25,15.25,2.886242151260376,11700
1996-12-10,15.25,15.375,15.25,15.25,2.886242151260376,7300
1996-12-11,15.25,15.375,15.25,15.25,2.886242151260376,6300
1996-12-12,15.25,15.25,15.0,15.125,2.862583875656128,7700
1996-12-13,15.125,15.25,15.0,15.25,2.886242151260376,14200
1996-12-16,15.125,15.25,15.125,15.25,2.886242151260376,9100
1996-12-17,15.25,15.25,15.0,15.125,2.862583875656128,9200
1996-12-18,15.25,15.25,15.0,15.125,2.862583875656128,18700
1996-12-19,14.875,15.0,14.875,15.0,2.8973517417907715,11000
1996-12-20,14.875,15.0,14.75,14.75,2.8490633964538574,11500
1996-12-23,14.75,14.875,14.625,14.75,2.8490633964538574,16600
1996-12-24,14.75,15.0,14.75,14.875,2.8732078075408936,13400
1996-12-26,14.75,15.0,14.75,15.0,2.8973517417907715,9700
1996-12-27,15.0,15.0,14.75,14.75,2.8490633964538574,10700
1996-12-30,14.75,14.875,14.75,14.75,2.8490633964538574,12000
1996-12-31,14.875,15.0,14.75,14.875,2.8732078075408936,9900
1997-01-02,14.875,14.875,14.75,14.75,2.8490633964538574,7700
1997-01-03,14.75,14.875,14.75,14.875,2.8732078075408936,13000
1997-01-06,14.875,14.875,14.75,14.875,2.8732078075408936,8600
1997-01-07,14.75,14.75,14.625,14.75,2.8490633964538574,12800
1997-01-08,14.75,14.875,14.625,14.875,2.8732078075408936,9200
1997-01-09,14.875,14.875,14.75,14.75,2.8490633964538574,10100
1997-01-10,14.75,14.75,14.75,14.75,2.8490633964538574,5200
1997-01-13,14.875,14.875,14.75,14.875,2.8732078075408936,11400
1997-01-14,14.75,14.875,14.75,14.875,2.8732078075408936,20200
1997-01-15,15.0,15.0,14.75,15.0,2.8973517417907715,12700
1997-01-16,15.0,15.0,14.875,15.0,2.8973517417907715,13800
1997-01-17,15.0,15.0,14.875,15.0,2.8973517417907715,12200
1997-01-20,14.875,15.0,14.875,14.875,2.8732078075408936,4400
1997-01-21,14.875,15.0,14.875,15.0,2.8973517417907715,5800
1997-01-22,14.875,15.0,14.875,15.0,2.8973517417907715,11600
1997-01-23,15.0,15.125,14.875,15.0,2.8973517417907715,16600
1997-01-24,15.125,15.125,14.875,14.875,2.8732078075408936,6700
1997-01-27,14.875,15.125,14.875,15.0,2.8973517417907715,5600
1997-01-28,15.125,15.125,14.875,15.125,2.9214963912963867,6600
1997-01-29,15.0,15.125,14.875,14.875,2.8732078075408936,7100
1997-01-30,14.875,15.125,14.875,15.125,2.9214963912963867,8400
1997-01-31,15.125,15.125,15.0,15.125,2.9214963912963867,4300
1997-02-03,15.0,15.125,15.0,15.125,2.9214963912963867,4800
1997-02-04,15.0,15.125,15.0,15.0,2.8973517417907715,9300
1997-02-05,15.0,15.125,15.0,15.0,2.8973517417907715,7100
1997-02-06,15.0,15.125,15.0,15.125,2.9214963912963867,10000
1997-02-07,15.0,15.125,15.0,15.125,2.9214963912963867,11000
1997-02-10,15.0,15.125,15.0,15.0,2.8973517417907715,12100
1997-02-11,15.0,15.125,15.0,15.0,2.8973517417907715,14700
1997-02-12,15.0,15.25,15.0,15.25,2.94564151763916,6900
1997-02-13,15.25,15.25,15.125,15.125,2.9214963912963867,4700
1997-02-14,15.125,15.25,15.125,15.25,2.94564151763916,10500
1997-02-18,15.125,15.25,15.125,15.25,2.94564151763916,16500
1997-02-19,15.25,15.25,15.125,15.25,2.94564151763916,9500
1997-02-20,15.25,15.25,15.125,15.25,2.94564151763916,11700
1997-02-21,15.375,15.375,15.125,15.375,2.9697859287261963,5100
1997-02-24,15.5,15.5,15.375,15.375,2.9697859287261963,9900
1997-02-25,15.5,15.5,15.375,15.5,2.9939301013946533,9200
1997-02-26,15.5,15.5,15.25,15.5,2.9939301013946533,6900
1997-02-27,15.375,15.375,15.25,15.25,2.94564151763916,3900
1997-02-28,15.25,15.375,15.125,15.125,2.9214963912963867,8400
1997-03-03,15.125,15.25,15.125,15.125,2.9214963912963867,9900
1997-03-04,15.25,15.375,15.25,15.375,2.9697859287261963,4900
1997-03-05,15.25,15.375,15.25,15.375,2.9697859287261963,10300
1997-03-06,15.25,15.375,15.25,15.375,2.9697859287261963,7500
1997-03-07,15.25,15.375,15.125,15.375,2.9697859287261963,8100
1997-03-10,15.25,15.375,15.25,15.375,2.9697859287261963,12100
1997-03-11,15.25,15.375,15.125,15.125,2.9214963912963867,10700
1997-03-12,15.25,15.375,15.25,15.375,2.9697859287261963,5400
1997-03-13,15.25,15.375,15.25,15.25,2.94564151763916,8300
1997-03-14,15.25,15.375,15.25,15.25,2.94564151763916,2500
1997-03-17,15.25,15.375,15.25,15.375,2.9697859287261963,8400
1997-03-18,15.25,15.375,15.25,15.375,2.9697859287261963,2900
1997-03-19,15.125,15.25,15.125,15.25,3.0046603679656982,7100
1997-03-20,15.25,15.25,15.0,15.0,2.955402135848999,12000
1997-03-21,15.125,15.125,14.875,14.875,2.930774688720703,4700
1997-03-24,14.875,15.0,14.75,14.75,2.906146764755249,13300
1997-03-25,14.875,15.0,14.875,15.0,2.955402135848999,7400
1997-03-26,14.875,14.875,14.75,14.875,2.930774688720703,2800
1997-03-27,15.0,15.0,14.875,15.0,2.955402135848999,11500
1997-03-31,15.0,15.0,14.875,14.875,2.930774688720703,9800
1997-04-01,15.0,15.0,14.875,15.0,2.955402135848999,5600
1997-04-02,14.75,15.0,14.75,14.875,2.930774688720703,11800
1997-04-03,14.875,15.0,14.875,14.875,2.930774688720703,5800
1997-04-04,14.875,14.875,14.75,14.75,2.906146764755249,6300
1997-04-07,14.75,15.0,14.75,14.875,2.930774688720703,7600
1997-04-08,14.875,14.875,14.75,14.875,2.930774688720703,12400
1997-04-09,14.75,15.0,14.75,14.875,2.930774688720703,4500
1997-04-10,14.75,14.875,14.75,14.875,2.930774688720703,2600
1997-04-11,15.0,15.0,14.625,14.625,2.8815174102783203,6900
1997-04-14,14.625,14.75,14.625,14.75,2.906146764755249,2200
1997-04-15,14.875,15.0,14.625,15.0,2.955402135848999,18100
1997-04-16,15.0,15.125,14.875,14.875,2.930774688720703,4400
1997-04-17,15.0,15.0,14.875,14.875,2.930774688720703,4900
1997-04-18,14.875,15.0,14.75,15.0,2.955402135848999,6300
1997-04-21,14.875,14.875,14.75,14.875,2.930774688720703,5100
1997-04-22,14.875,15.0,14.875,15.0,2.955402135848999,1900
1997-04-23,14.875,15.0,14.75,15.0,2.955402135848999,7400
1997-04-24,14.875,15.0,14.875,14.875,2.930774688720703,1600
1997-04-25,14.875,15.0,14.75,14.875,2.930774688720703,7600
1997-04-28,14.75,14.875,14.625,14.75,2.906146764755249,11700
1997-04-29,14.875,14.875,14.875,14.875,2.930774688720703,8200
1997-04-30,14.875,15.0,14.875,14.875,2.930774688720703,6900
1997-05-01,15.0,15.0,14.875,14.875,2.930774688720703,5600
1997-05-02,15.0,15.0,14.875,14.875,2.930774688720703,4300
1997-05-05,15.0,15.0,14.875,14.875,2.930774688720703,10200
1997-05-06,14.875,15.0,14.875,14.875,2.930774688720703,8400
1997-05-07,15.0,15.0,14.875,15.0,2.955402135848999,7200
1997-05-08,15.0,15.0,14.75,14.875,2.930774688720703,12700
1997-05-09,14.75,15.0,14.75,15.0,2.955402135848999,7800
1997-05-12,14.875,15.0,14.875,15.0,2.955402135848999,6000
1997-05-13,14.875,15.0,14.875,15.0,2.955402135848999,2700
1997-05-14,14.875,15.0,14.875,14.875,2.930774688720703,6600
1997-05-15,15.0,15.0,14.875,15.0,2.955402135848999,6800
1997-05-16,14.875,14.875,14.875,14.875,2.930774688720703,6000
1997-05-19,14.875,15.0,14.875,15.0,2.955402135848999,15300
1997-05-20,15.0,15.0,14.875,15.0,2.955402135848999,3600
1997-05-21,14.875,15.0,14.875,15.0,2.955402135848999,5400
1997-05-22,15.0,15.125,14.875,15.125,2.980031013488769,7700
1997-05-23,15.125,15.125,15.0,15.0,2.955402135848999,4600
1997-05-27,15.0,15.125,15.0,15.0,2.955402135848999,6000
1997-05-28,15.125,15.25,15.0,15.0,2.955402135848999,10100
1997-05-29,15.125,15.125,15.0,15.0,2.955402135848999,10300
1997-05-30,15.125,15.125,15.0,15.0,2.955402135848999,2500
1997-06-02,15.125,15.125,15.0,15.125,2.980031013488769,6400
1997-06-03,15.0,15.125,15.0,15.125,2.980031013488769,13600
1997-06-04,15.125,15.125,15.0,15.0,2.955402135848999,8500
1997-06-05,15.125,15.25,15.125,15.125,2.980031013488769,11400
1997-06-06,15.125,15.25,15.125,15.125,2.980031013488769,10600
1997-06-09,15.125,15.25,15.125,15.125,2.980031013488769,8900
1997-06-10,15.25,15.375,15.125,15.25,3.0046603679656982,11100
1997-06-11,15.375,15.375,15.25,15.375,3.029287099838257,4700
1997-06-12,15.375,15.5,15.375,15.375,3.029287099838257,10000
1997-06-13,15.5,15.5,15.375,15.375,3.029287099838257,1300
1997-06-16,15.375,15.5,15.375,15.5,3.053915977478028,4500
1997-06-17,15.375,15.5,15.25,15.5,3.053915977478028,14400
1997-06-18,15.125,15.25,15.125,15.25,3.06396222114563,9300
1997-06-19,15.125,15.125,15.125,15.125,3.0388474464416504,6400
1997-06-20,15.125,15.25,15.125,15.25,3.06396222114563,5600
1997-06-23,15.125,15.25,15.125,15.125,3.0388474464416504,6000
1997-06-24,15.125,15.25,15.125,15.25,3.06396222114563,5100
1997-06-25,15.25,15.25,15.125,15.25,3.06396222114563,6400
1997-06-26,15.1875,15.3125,15.125,15.25,3.06396222114563,8200
1997-06-27,15.3125,15.3125,15.125,15.125,3.0388474464416504,6900
1997-06-30,15.125,15.3125,15.125,15.25,3.06396222114563,8600
1997-07-01,15.3125,15.3125,15.125,15.1875,3.051405668258667,9200
1997-07-02,15.25,15.3125,15.125,15.25,3.06396222114563,7600
1997-07-03,15.1875,15.25,15.1875,15.25,3.06396222114563,3400
1997-07-07,15.1875,15.5,15.1875,15.5,3.1141915321350098,14800
1997-07-08,15.5,15.5,15.375,15.5,3.1141915321350098,10200
1997-07-09,15.5,15.5,15.3125,15.3125,3.0765202045440674,12900
1997-07-10,15.3125,15.5,15.25,15.5,3.1141915321350098,6200
1997-07-11,15.5,15.625,15.3125,15.4375,3.1016340255737305,9300
1997-07-14,15.375,15.4375,15.3125,15.3125,3.0765202045440674,11500
1997-07-15,15.3125,15.4375,15.25,15.3125,3.0765202045440674,18900
1997-07-16,15.25,15.3125,15.25,15.3125,3.0765202045440674,11600
1997-07-17,15.3125,15.4375,15.3125,15.4375,3.1016340255737305,11700
1997-07-18,15.375,15.4375,15.3125,15.4375,3.1016340255737305,8400
1997-07-21,15.375,15.375,15.25,15.25,3.06396222114563,13700
1997-07-22,15.25,15.375,15.25,15.375,3.089076280593872,12700
1997-07-23,15.4375,15.5,15.25,15.5,3.1141915321350098,9600
1997-07-24,15.5,15.5,15.3125,15.4375,3.1016340255737305,7900
1997-07-25,15.4375,15.5,15.3125,15.3125,3.0765202045440674,9700
1997-07-28,15.4375,15.5,15.375,15.5,3.1141915321350098,14500
1997-07-29,15.4375,15.5,15.375,15.5,3.1141915321350098,16500
1997-07-30,15.4375,15.625,15.4375,15.625,3.1393046379089355,7700
1997-07-31,15.625,15.625,15.5,15.625,3.1393046379089355,10500
1997-08-01,15.625,15.625,15.5625,15.625,3.1393046379089355,10000
1997-08-04,15.5,15.75,15.5,15.625,3.1393046379089355,20200
1997-08-05,15.5625,15.5625,15.4375,15.4375,3.1016340255737305,6600
1997-08-06,15.625,15.625,15.5,15.5,3.1141915321350098,1600
1997-08-07,15.4375,15.5625,15.4375,15.5,3.1141915321350098,7900
1997-08-08,15.4375,15.4375,15.375,15.375,3.089076280593872,6700
1997-08-11,15.5,15.5,15.4375,15.4375,3.1016340255737305,6700
1997-08-12,15.375,15.5,15.375,15.4375,3.1016340255737305,7700
1997-08-13,15.375,15.6875,15.375,15.6875,3.151861906051636,11400
1997-08-14,15.5,15.6875,15.4375,15.625,3.1393046379089355,7100
1997-08-15,15.5625,15.5625,15.4375,15.5625,3.1267478466033936,3300
1997-08-18,15.4375,15.625,15.375,15.625,3.1393046379089355,9200
1997-08-19,15.6875,15.6875,15.4375,15.625,3.1393046379089355,13300
1997-08-20,15.5625,15.625,15.4375,15.625,3.1393046379089355,5800
1997-08-21,15.6875,15.6875,15.4375,15.4375,3.1016340255737305,13400
1997-08-22,15.375,15.5,15.3125,15.5,3.1141915321350098,5300
1997-08-25,15.4375,15.5,15.3125,15.5,3.1141915321350098,13800
1997-08-26,15.375,15.375,15.375,15.375,3.089076280593872,2300
1997-08-27,15.375,15.5625,15.3125,15.5,3.1141915321350098,6500
1997-08-28,15.375,15.5,15.3125,15.4375,3.1016340255737305,3600
1997-08-29,15.375,15.4375,15.3125,15.4375,3.1016340255737305,7000
1997-09-02,15.5,15.5,15.375,15.375,3.089076280593872,6400
1997-09-03,15.4375,15.5,15.375,15.375,3.089076280593872,7100
1997-09-04,15.375,15.5,15.3125,15.375,3.089076280593872,9400
1997-09-05,15.5,15.5,15.4375,15.4375,3.1016340255737305,8200
1997-09-08,15.5,15.5625,15.5,15.5625,3.1267478466033936,7000
1997-09-09,15.5,15.625,15.4375,15.5625,3.1267478466033936,22000
1997-09-10,15.5625,15.5625,15.5,15.5625,3.1267478466033936,11200
1997-09-11,15.5625,15.5625,15.4375,15.5,3.1141915321350098,8400
1997-09-12,15.5625,15.5625,15.5,15.5625,3.1267478466033936,8200
1997-09-15,15.5625,15.625,15.5,15.5625,3.1267478466033936,7100
1997-09-16,15.625,15.625,15.5625,15.625,3.1393046379089355,5000
1997-09-17,15.75,15.75,15.625,15.625,3.1393046379089355,9400
1997-09-18,15.625,15.6875,15.5625,15.6875,3.151861906051636,17900
1997-09-19,15.375,15.375,15.3125,15.375,3.1493024826049805,9000
1997-09-22,15.375,15.4375,15.375,15.375,3.1493024826049805,9200
1997-09-23,15.4375,15.5625,15.375,15.5,3.174905776977539,10300
1997-09-24,15.5,15.625,15.5,15.5625,3.187707901000977,7000
1997-09-25,15.625,15.6875,15.625,15.6875,3.213312864303589,10600
1997-09-26,15.6875,15.6875,15.625,15.625,3.200510263442993,1900
1997-09-29,15.6875,15.6875,15.625,15.625,3.200510263442993,14100
1997-09-30,15.6875,15.6875,15.5625,15.5625,3.187707901000977,20200
1997-10-01,15.625,15.625,15.5625,15.5625,3.187707901000977,7700
1997-10-02,15.625,15.6875,15.5625,15.6875,3.213312864303589,4700
1997-10-03,15.6875,15.8125,15.6875,15.75,3.226115465164185,7300
1997-10-06,15.6875,15.75,15.6875,15.6875,3.213312864303589,6200
1997-10-07,15.75,15.75,15.6875,15.6875,3.213312864303589,6100
1997-10-08,15.75,15.75,15.625,15.6875,3.213312864303589,11700
1997-10-09,15.625,15.625,15.5,15.5625,3.187707901000977,6500
1997-10-10,15.625,15.625,15.5,15.625,3.200510263442993,5500
1997-10-13,15.5625,15.6875,15.5625,15.6875,3.213312864303589,4000
1997-10-14,15.625,15.6875,15.625,15.625,3.200510263442993,11300
1997-10-15,15.625,15.625,15.625,15.625,3.200510263442993,2900
1997-10-16,15.5625,15.6875,15.5625,15.6875,3.213312864303589,7500
1997-10-17,15.6875,15.6875,15.5625,15.5625,3.187707901000977,6700
1997-10-20,15.5625,15.625,15.5,15.625,3.200510263442993,9000
1997-10-21,15.5625,15.6875,15.5625,15.625,3.200510263442993,8200
1997-10-22,15.6875,15.6875,15.625,15.6875,3.213312864303589,14300
1997-10-23,15.6875,15.6875,15.5625,15.5625,3.187707901000977,17400
1997-10-24,15.5625,15.75,15.5625,15.75,3.226115465164185,7600
1997-10-27,15.75,15.75,15.6875,15.6875,3.213312864303589,4000
1997-10-28,15.4375,15.5,15.375,15.5,3.174905776977539,2100
1997-10-29,15.5625,15.625,15.5,15.5625,3.187707901000977,6900
1997-10-30,15.5625,15.75,15.5,15.625,3.200510263442993,10200
1997-10-31,15.625,15.75,15.625,15.75,3.226115465164185,9100
1997-11-03,15.8125,15.875,15.75,15.875,3.251718044281006,10900
1997-11-04,15.8125,15.875,15.8125,15.875,3.251718044281006,1800
1997-11-05,15.8125,16.0,15.8125,15.9375,3.26452112197876,7900
1997-11-06,15.875,16.375,15.875,16.125,3.302927017211914,17100
1997-11-07,16.125,16.375,16.0625,16.1875,3.3157293796539307,10400
1997-11-10,16.125,16.125,16.0625,16.0625,3.2901253700256348,3900
1997-11-11,16.0625,16.1875,16.0625,16.125,3.302927017211914,5000
1997-11-12,16.125,16.4375,16.0625,16.0625,3.2901253700256348,11000
1997-11-13,16.1875,16.3125,16.0625,16.25,3.328530788421631,9500
1997-11-14,16.125,16.375,16.125,16.1875,3.3157293796539307,13500
1997-11-17,16.1875,16.3125,16.125,16.125,3.302927017211914,7600
1997-11-18,16.125,16.25,16.125,16.25,3.328530788421631,11800
1997-11-19,16.1875,16.25,16.1875,16.25,3.328530788421631,3700
1997-11-20,16.1875,16.4375,16.1875,16.3125,3.341331720352173,9700
1997-11-21,16.3125,16.375,16.3125,16.375,3.3541347980499268,1200
1997-11-24,16.3125,16.4375,16.25,16.3125,3.341331720352173,7500
1997-11-25,16.3125,16.5,16.3125,16.5,3.3797388076782227,9500
1997-11-26,16.5,16.6875,16.5,16.6875,3.418144941329956,12300
1997-11-28,16.9375,16.9375,16.75,16.75,3.430948495864868,900
1997-12-01,16.625,16.6875,16.125,16.25,3.328530788421631,8700
1997-12-02,16.3125,16.5625,16.3125,16.5625,3.3925414085388184,13200
1997-12-03,16.4375,16.5625,16.375,16.5,3.3797388076782227,8600
1997-12-04,16.375,16.5,16.3125,16.4375,3.366936683654785,6600
1997-12-05,16.5,16.75,16.5,16.625,3.405344009399414,11800
1997-12-08,16.6875,16.75,16.5,16.5,3.3797388076782227,6900
1997-12-09,16.5625,16.6875,16.5,16.5625,3.3925414085388184,10300
1997-12-10,16.5625,16.75,16.5,16.5,3.3797388076782227,8600
1997-12-11,16.625,16.625,16.4375,16.4375,3.366936683654785,4700
1997-12-12,16.5625,16.5625,16.5,16.5,3.3797388076782227,4700
1997-12-15,16.5,16.5625,16.5,16.5,3.3797388076782227,4900
1997-12-16,16.625,16.625,16.5625,16.625,3.405344009399414,3800
1997-12-17,16.5625,16.625,16.5625,16.5625,3.3925414085388184,7400
1997-12-18,16.625,16.6875,16.5625,16.6875,3.418144941329956,5500
1997-12-19,16.25,16.5,16.25,16.375,3.4155383110046387,7700
1997-12-22,16.375,16.75,16.375,16.75,3.4937570095062256,12200
1997-12-23,16.625,16.75,16.4375,16.4375,3.4285733699798584,11300
1997-12-24,16.5625,16.5625,16.4375,16.5,3.441610813140869,700
1997-12-26,16.5,16.5,16.375,16.375,3.4155383110046387,3000
1997-12-29,16.5,16.6875,16.4375,16.625,3.467684268951416,14300
1997-12-30,16.5,16.625,16.5,16.5,3.441610813140869,6200
1997-12-31,16.625,16.75,16.5,16.75,3.4937570095062256,16400
1998-01-02,16.625,16.75,16.625,16.6875,3.480719566345215,2400
1998-01-05,16.875,16.9375,16.75,16.9375,3.532865762710572,26300
1998-01-06,17.0,17.125,17.0,17.125,3.571974515914917,15600
1998-01-07,17.0625,17.125,17.0,17.0,3.5459024906158447,10100
1998-01-08,17.0625,17.0625,17.0,17.0,3.5459024906158447,2900
1998-01-09,17.0,17.0,16.875,16.9375,3.532865762710572,7800
1998-01-12,16.875,17.0,16.8125,16.9375,3.532865762710572,6100
1998-01-13,17.0,17.0625,16.8125,16.8125,3.506791830062866,20700
1998-01-14,16.875,16.875,16.8125,16.875,3.5198304653167725,4200
1998-01-15,16.875,17.125,16.875,17.0,3.5459024906158447,10800
1998-01-16,17.0,17.0,16.9375,17.0,3.5459024906158447,4500
1998-01-20,17.0,17.125,17.0,17.0625,3.558938980102539,2400
1998-01-21,17.0,17.125,17.0,17.0625,3.558938980102539,16600
1998-01-22,17.0625,17.125,16.9375,17.0,3.5459024906158447,8800
1998-01-23,17.0,17.0625,16.875,16.875,3.5198304653167725,4200
1998-01-26,16.875,16.9375,16.5,16.5,3.441610813140869,7200
1998-01-27,16.5,16.5625,16.4375,16.5,3.441610813140869,4200
1998-01-28,16.5,16.625,16.5,16.5,3.441610813140869,4600
1998-01-29,16.5,16.6875,16.5,16.625,3.467684268951416,11500
1998-01-30,16.5625,16.625,16.5,16.625,3.467684268951416,11900
1998-02-02,16.5,16.625,16.5,16.625,3.467684268951416,6500
1998-02-03,16.5625,16.6875,16.5625,16.5625,3.454648494720459,5800
1998-02-04,16.5625,16.875,16.5625,16.8125,3.506791830062866,7400
1998-02-05,16.8125,16.875,16.6875,16.8125,3.506791830062866,7300
1998-02-06,16.8125,16.8125,16.6875,16.75,3.4937570095062256,6600
1998-02-09,16.6875,16.8125,16.5625,16.5625,3.454648494720459,11800
1998-02-10,16.5,16.625,16.5,16.625,3.467684268951416,7400
1998-02-11,16.625,16.75,16.5625,16.6875,3.480719566345215,10500
1998-02-12,16.625,16.75,16.5625,16.625,3.467684268951416,12000
1998-02-13,16.5625,16.625,16.5,16.625,3.467684268951416,6300
1998-02-17,16.5,16.6875,16.5,16.625,3.467684268951416,3100
1998-02-18,16.6875,16.75,16.625,16.75,3.4937570095062256,3300
1998-02-19,16.6875,16.8125,16.625,16.6875,3.480719566345215,8200
1998-02-20,16.625,16.9375,16.625,16.6875,3.480719566345215,14900
1998-02-23,16.6875,16.75,16.625,16.75,3.4937570095062256,5600
1998-02-24,16.8125,16.875,16.6875,16.875,3.5198304653167725,6200
1998-02-25,16.75,16.9375,16.75,16.75,3.4937570095062256,11400
1998-02-26,16.75,16.75,16.625,16.75,3.4937570095062256,5600
1998-02-27,16.6875,16.75,16.625,16.625,3.467684268951416,6500
1998-03-02,16.625,16.6875,16.625,16.6875,3.480719566345215,8900
1998-03-03,16.6875,16.8125,16.5625,16.8125,3.506791830062866,9600
1998-03-04,16.75,16.8125,16.5625,16.625,3.467684268951416,8300
1998-03-05,16.5625,16.6875,16.5,16.6875,3.480719566345215,8800
1998-03-06,16.625,16.625,16.625,16.625,3.467684268951416,2800
1998-03-09,16.6875,16.75,16.625,16.625,3.467684268951416,4500
1998-03-10,16.6875,16.8125,16.6875,16.6875,3.480719566345215,3200
1998-03-11,16.6875,16.75,16.6875,16.75,3.4937570095062256,7000
1998-03-12,16.875,16.875,16.75,16.75,3.4937570095062256,14100
1998-03-13,16.8125,16.875,16.8125,16.8125,3.506791830062866,1800
1998-03-16,16.8125,16.8125,16.6875,16.6875,3.480719566345215,8500
1998-03-17,16.75,16.875,16.625,16.875,3.5198304653167725,5600
1998-03-18,16.8125,16.875,16.6875,16.6875,3.480719566345215,10500
1998-03-19,16.375,16.375,16.125,16.1875,3.437190294265747,16400
1998-03-20,16.25,16.3125,16.125,16.3125,3.4637341499328613,7800
1998-03-23,16.25,16.25,16.0,16.0,3.3973774909973145,4400
1998-03-24,16.0625,16.25,16.0625,16.25,3.4504623413085938,7700
1998-03-25,16.1875,16.1875,16.0,16.0,3.3973774909973145,3300
1998-03-26,16.0,16.125,15.9375,16.125,3.423919200897217,10100
1998-03-27,16.0,16.125,15.75,15.875,3.370835781097412,7700
1998-03-30,16.0,16.125,15.875,16.0,3.3973774909973145,6800
1998-03-31,16.0625,16.125,16.0,16.0625,3.41064977645874,6000
1998-04-01,16.125,16.1875,16.0,16.1875,3.437190294265747,9900
1998-04-02,16.25,16.3125,16.1875,16.3125,3.4637341499328613,12100
1998-04-03,16.25,16.25,16.1875,16.1875,3.437190294265747,7300
1998-04-06,16.25,16.3125,16.25,16.25,3.4504623413085938,4500
1998-04-07,16.125,16.125,16.0,16.0,3.3973774909973145,8400
1998-04-08,16.0625,16.125,15.9375,15.9375,3.384108304977417,9500
1998-04-09,16.0,16.0625,15.9375,15.9375,3.384108304977417,4700
1998-04-13,15.9375,15.9375,15.875,15.875,3.370835781097412,5100
1998-04-14,16.0,16.0625,15.875,15.9375,3.384108304977417,9300
1998-04-15,15.9375,16.0,15.875,15.9375,3.384108304977417,7800
1998-04-16,15.875,16.0,15.875,15.9375,3.384108304977417,12700
1998-04-17,16.0,16.0,15.75,15.75,3.3442933559417725,13900
1998-04-20,15.8125,15.875,15.75,15.75,3.3442933559417725,4900
1998-04-21,15.875,15.9375,15.75,15.875,3.370835781097412,10600
1998-04-22,15.9375,16.0,15.875,16.0,3.3973774909973145,5900
1998-04-23,15.875,15.9375,15.75,15.875,3.370835781097412,13000
1998-04-24,15.875,15.9375,15.8125,15.9375,3.384108304977417,4300
1998-04-27,15.75,15.75,15.375,15.375,3.2646677494049072,8400
1998-04-28,15.375,15.5625,15.375,15.375,3.2646677494049072,9800
1998-04-29,15.375,15.5625,15.375,15.5625,3.3044819831848145,9400
1998-04-30,15.5625,15.875,15.5625,15.875,3.370835781097412,14600
1998-05-01,15.875,16.0625,15.75,15.9375,3.384108304977417,18500
1998-05-04,16.0625,16.0625,15.8125,15.8125,3.3575644493103027,6800
1998-05-05,15.75,15.8125,15.5625,15.5625,3.3044819831848145,9000
1998-05-06,15.625,15.8125,15.5625,15.625,3.3177521228790283,9100
1998-05-07,15.75,15.8125,15.625,15.8125,3.3575644493103027,5500
1998-05-08,15.875,16.125,15.875,15.9375,3.384108304977417,6700
1998-05-11,16.0,16.125,15.9375,16.0,3.3973774909973145,5000
1998-05-12,15.9375,15.9375,15.75,15.9375,3.384108304977417,8300
1998-05-13,16.0,16.0625,15.8125,15.8125,3.3575644493103027,12000
1998-05-14,15.8125,15.8125,15.6875,15.6875,3.3310232162475586,6000
1998-05-15,15.8125,15.8125,15.6875,15.75,3.3442933559417725,7200
1998-05-18,15.75,15.8125,15.625,15.8125,3.3575644493103027,8100
1998-05-19,15.75,15.8125,15.625,15.8125,3.3575644493103027,9600
1998-05-20,15.6875,15.8125,15.625,15.625,3.3177521228790283,4600
1998-05-21,15.75,15.8125,15.5625,15.6875,3.3310232162475586,14700
1998-05-22,15.5625,15.6875,15.5625,15.5625,3.3044819831848145,8200
1998-05-26,15.5625,15.75,15.5625,15.625,3.3177521228790283,11500
1998-05-27,15.625,15.8125,15.625,15.75,3.3442933559417725,6200
1998-05-28,15.75,15.8125,15.75,15.75,3.3442933559417725,3100
1998-05-29,15.75,16.125,15.75,16.0,3.3973774909973145,19400
1998-06-01,15.9375,16.1875,15.875,16.0,3.3973774909973145,11600
1998-06-02,16.0,16.125,15.9375,15.9375,3.384108304977417,6300
1998-06-03,16.0625,16.25,15.9375,16.25,3.4504623413085938,15900
1998-06-04,16.125,16.1875,16.0625,16.1875,3.437190294265747,8000
1998-06-05,16.0625,16.25,16.0625,16.25,3.4504623413085938,7400
1998-06-08,16.25,16.25,16.125,16.125,3.423919200897217,2700
1998-06-09,16.1875,16.375,16.125,16.125,3.423919200897217,18200
1998-06-10,16.1875,16.5,16.0625,16.5,3.503544807434082,10800
1998-06-11,16.4375,16.5,16.3125,16.3125,3.4637341499328613,9100
1998-06-12,16.3125,16.375,16.0625,16.125,3.423919200897217,9700
1998-06-15,16.125,16.375,16.125,16.125,3.423919200897217,12200
1998-06-16,16.125,16.375,16.0625,16.375,3.4770050048828125,18900
1998-06-17,16.375,16.375,16.0625,16.125,3.423919200897217,13900
1998-06-18,16.0,16.0,15.875,15.875,3.432134866714477,4700
1998-06-19,15.875,15.875,15.75,15.75,3.4051108360290527,8800
1998-06-22,15.6875,15.875,15.625,15.875,3.432134866714477,8600
1998-06-23,15.875,16.0,15.75,15.875,3.432134866714477,7300
1998-06-24,15.8125,15.8125,15.75,15.75,3.4051108360290527,2900
1998-06-25,15.75,15.8125,15.625,15.625,3.378087043762207,12500
1998-06-26,15.75,15.8125,15.75,15.8125,3.4186229705810547,3500
1998-06-29,15.875,15.875,15.75,15.875,3.432134866714477,7200
1998-06-30,15.875,15.875,15.625,15.75,3.4051108360290527,8500
1998-07-01,15.875,15.9375,15.75,15.875,3.432134866714477,12200
1998-07-02,15.9375,15.9375,15.6875,15.6875,3.391597986221313,8400
1998-07-06,15.6875,15.8125,15.6875,15.8125,3.4186229705810547,7100
1998-07-07,15.75,15.875,15.6875,15.875,3.432134866714477,6200
1998-07-08,15.9375,16.125,15.875,16.125,3.486183881759644,6900
1998-07-09,16.1875,16.1875,16.0,16.0,3.459160089492798,8200
1998-07-10,16.125,16.125,15.75,15.9375,3.4456493854522705,14500
1998-07-13,15.8125,15.875,15.75,15.75,3.4051108360290527,13700
1998-07-14,15.8125,15.875,15.75,15.75,3.4051108360290527,8100
1998-07-15,15.8125,16.0,15.8125,15.8125,3.4186229705810547,11200
1998-07-16,15.9375,15.9375,15.8125,15.9375,3.4456493854522705,7000
1998-07-17,15.9375,16.0,15.875,15.875,3.432134866714477,8400
1998-07-20,16.0,16.0,15.6875,15.875,3.432134866714477,18100
1998-07-21,15.875,15.9375,15.6875,15.75,3.4051108360290527,17600
1998-07-22,15.9375,15.9375,15.75,15.875,3.432134866714477,3300
1998-07-23,15.75,15.75,15.6875,15.6875,3.391597986221313,8000
1998-07-24,15.625,15.8125,15.625,15.6875,3.391597986221313,9200
1998-07-27,15.8125,15.8125,15.6875,15.75,3.4051108360290527,4700
1998-07-28,15.75,15.8125,15.6875,15.75,3.4051108360290527,9800
1998-07-29,15.8125,15.9375,15.8125,15.875,3.432134866714477,11400
1998-07-30,15.8125,16.0,15.8125,16.0,3.459160089492798,6100
1998-07-31,15.875,16.0625,15.875,16.0625,3.472672462463379,7000
1998-08-03,15.875,16.0,15.8125,16.0,3.459160089492798,7200
1998-08-04,16.0,16.0625,15.75,15.75,3.4051108360290527,15600
1998-08-05,15.8125,16.0,15.75,15.9375,3.4456493854522705,6400
1998-08-06,15.9375,16.0,15.8125,15.8125,3.4186229705810547,12600
1998-08-07,15.8125,15.9375,15.8125,15.9375,3.4456493854522705,5500
1998-08-10,15.9375,16.0,15.875,16.0,3.459160089492798,6200
1998-08-11,16.0625,16.0625,15.9375,15.9375,3.4456493854522705,3800
1998-08-12,15.9375,16.0,15.875,16.0,3.459160089492798,7200
1998-08-13,15.9375,16.0625,15.875,15.875,3.432134866714477,3700
1998-08-14,16.0,16.0625,15.9375,16.0625,3.472672462463379,5300
1998-08-17,15.9375,16.125,15.9375,16.0625,3.472672462463379,12200
1998-08-18,16.0,16.1875,16.0,16.1875,3.499697685241699,8700
1998-08-19,16.0625,16.0625,16.0,16.0,3.459160089492798,6000
1998-08-20,15.9375,16.0625,15.875,15.875,3.432134866714477,15700
1998-08-21,15.8125,15.9375,15.8125,15.875,3.432134866714477,7300
1998-08-24,15.8125,15.9375,15.8125,15.8125,3.4186229705810547,3700
1998-08-25,15.875,15.9375,15.8125,15.8125,3.4186229705810547,3100
1998-08-26,15.8125,15.9375,15.8125,15.8125,3.4186229705810547,10800
1998-08-27,15.8125,15.875,15.75,15.875,3.432134866714477,6600
1998-08-28,15.875,15.875,15.75,15.75,3.4051108360290527,4100
1998-08-31,15.75,16.0,15.75,15.875,3.432134866714477,9100
1998-09-01,16.0,16.0625,15.8125,15.8125,3.4186229705810547,11500
1998-09-02,16.0,16.0,15.8125,15.8125,3.4186229705810547,6900
1998-09-03,15.8125,15.9375,15.8125,15.9375,3.4456493854522705,3700
1998-09-04,15.875,16.0,15.875,16.0,3.459160089492798,8300
1998-09-08,15.9375,16.1875,15.9375,16.1875,3.499697685241699,11200
1998-09-09,16.0625,16.25,16.0,16.125,3.486183881759644,4100
1998-09-10,16.0,16.125,15.875,15.875,3.432134866714477,11400
1998-09-11,15.9375,16.0,15.9375,16.0,3.459160089492798,3600
1998-09-14,15.875,16.0625,15.875,16.0625,3.472672462463379,16300
1998-09-15,16.0625,16.0625,16.0,16.0,3.459160089492798,2900
1998-09-16,16.125,16.125,15.9375,16.0625,3.472672462463379,2700
1998-09-17,15.625,15.8125,15.625,15.8125,3.479714155197144,2300
1998-09-18,15.75,15.875,15.75,15.875,3.4934685230255127,2500
1998-09-21,15.75,15.875,15.75,15.75,3.465961456298828,12500
1998-09-22,15.8125,15.875,15.75,15.75,3.465961456298828,6400
1998-09-23,15.875,15.875,15.8125,15.875,3.4934685230255127,5400
1998-09-24,15.75,15.8125,15.6875,15.6875,3.452207565307617,10800
1998-09-25,15.625,15.8125,15.625,15.6875,3.452207565307617,7900
1998-09-28,15.625,15.8125,15.625,15.75,3.465961456298828,4600
1998-09-29,15.8125,15.8125,15.6875,15.75,3.465961456298828,5000
1998-09-30,15.8125,15.875,15.75,15.875,3.4934685230255127,5500
1998-10-01,16.0,16.3125,16.0,16.125,3.548483371734619,23700
1998-10-02,16.0625,16.125,16.0,16.0,3.5209758281707764,10300
1998-10-05,16.125,16.1875,16.0,16.0625,3.534729242324829,28600
1998-10-06,16.0,16.0,15.9375,16.0,3.5209758281707764,8300
1998-10-07,15.9375,16.0,15.9375,16.0,3.5209758281707764,5000
1998-10-08,15.875,15.875,15.6875,15.6875,3.452207565307617,4900
1998-10-09,15.75,15.8125,14.0,14.875,3.273407220840454,48800
1998-10-12,14.9375,15.25,14.8125,15.125,3.3284225463867188,9400
1998-10-13,15.125,15.25,15.0625,15.25,3.355930089950561,7100
1998-10-14,15.25,15.375,15.125,15.25,3.355930089950561,8300
1998-10-15,15.3125,15.5,15.25,15.375,3.3834378719329834,9200
1998-10-16,15.3125,15.5,15.1875,15.3125,3.369684219360352,17500
1998-10-19,15.3125,15.4375,15.25,15.375,3.3834378719329834,7500
1998-10-20,15.25,15.375,15.25,15.3125,3.369684219360352,8900
1998-10-21,15.25,15.4375,15.1875,15.375,3.3834378719329834,11600
1998-10-22,15.3125,15.4375,15.3125,15.3125,3.369684219360352,5600
1998-10-23,15.3125,15.5,15.25,15.5,3.410944938659668,8300
1998-10-26,15.375,15.5625,15.375,15.5,3.410944938659668,3900
1998-10-27,15.4375,15.625,15.3125,15.5,3.410944938659668,8600
1998-10-28,15.5,15.5,15.125,15.1875,3.3421778678894043,12400
1998-10-29,15.25,15.4375,15.25,15.4375,3.3971922397613525,8700
1998-10-30,15.4375,15.4375,15.25,15.375,3.3834378719329834,8200
1998-11-02,15.25,15.375,15.25,15.25,3.355930089950561,4700
1998-11-03,15.3125,15.375,15.25,15.375,3.3834378719329834,5700
1998-11-04,15.3125,15.5625,15.3125,15.5625,3.4247000217437744,13600
1998-11-05,15.4375,15.5625,15.3125,15.5,3.410944938659668,15400
1998-11-06,15.4375,15.5,15.375,15.5,3.410944938659668,4100
1998-11-09,15.375,15.5,15.375,15.5,3.410944938659668,4000
1998-11-10,15.5,15.6875,15.4375,15.6875,3.452207565307617,6700
1998-11-11,15.75,15.8125,15.625,15.75,3.465961456298828,5400
1998-11-12,15.75,15.8125,15.625,15.8125,3.479714155197144,8300
1998-11-13,15.6875,15.875,15.625,15.875,3.4934685230255127,11000
1998-11-16,15.8125,15.9375,15.625,15.75,3.465961456298828,19600
1998-11-17,15.6875,15.9375,15.6875,15.8125,3.479714155197144,7400
1998-11-18,15.9375,15.9375,15.8125,15.9375,3.507223129272461,11500
1998-11-19,15.8125,15.9375,15.75,15.8125,3.479714155197144,5900
1998-11-20,15.8125,15.875,15.75,15.8125,3.479714155197144,2800
1998-11-23,15.875,15.9375,15.75,15.875,3.4934685230255127,11100
1998-11-24,15.75,15.9375,15.75,15.8125,3.479714155197144,9000
1998-11-25,15.8125,15.9375,15.8125,15.875,3.4934685230255127,6900
1998-11-27,15.875,15.9375,15.75,15.9375,3.507223129272461,12500
1998-11-30,15.75,15.875,15.75,15.8125,3.479714155197144,9600
1998-12-01,15.75,16.125,15.6875,15.9375,3.507223129272461,25900
1998-12-02,15.8125,16.125,15.8125,16.125,3.548483371734619,12300
1998-12-03,16.0,16.1875,15.9375,16.0,3.5209758281707764,15600
1998-12-04,16.0,16.0625,15.875,15.875,3.4934685230255127,6200
1998-12-07,15.875,16.125,15.875,16.0,3.5209758281707764,4600
1998-12-08,16.0,16.125,15.9375,16.0,3.5209758281707764,6100
1998-12-09,16.0625,16.0625,16.0,16.0625,3.534729242324829,2900
1998-12-10,16.0,16.25,16.0,16.125,3.548483371734619,11300
1998-12-11,16.125,16.25,16.0,16.125,3.548483371734619,13200
1998-12-14,16.1875,16.25,16.0625,16.25,3.575990676879883,4000
1998-12-15,16.125,16.125,16.0625,16.0625,3.534729242324829,3600
1998-12-16,16.0625,16.25,16.0625,16.0625,3.534729242324829,8700
1998-12-17,15.8125,16.0,15.75,15.875,3.553194522857666,9900
1998-12-18,15.8125,16.0,15.75,15.75,3.525216579437256,9400
1998-12-21,15.8125,16.0625,15.8125,15.9375,3.5671842098236084,17700
1998-12-22,16.0,16.0,15.8125,15.9375,3.5671842098236084,8600
1998-12-23,15.875,15.9375,15.8125,15.875,3.553194522857666,1800
1998-12-24,15.9375,15.9375,15.75,15.8125,3.5392065048217773,4700
1998-12-28,15.75,15.875,15.6875,15.8125,3.5392065048217773,7400
1998-12-29,15.875,15.9375,15.75,15.75,3.525216579437256,5200
1998-12-30,15.75,15.8125,15.6875,15.75,3.525216579437256,8500
1998-12-31,15.875,15.9375,15.875,15.875,3.553194522857666,5700
1999-01-04,15.8125,15.9375,15.75,15.875,3.553194522857666,5200
1999-01-05,15.9375,15.9375,15.8125,15.875,3.553194522857666,10400
1999-01-06,15.9375,15.9375,15.8125,15.875,3.553194522857666,5600
1999-01-07,15.8125,16.0,15.8125,16.0,3.5811729431152344,15400
1999-01-08,15.9375,16.0,15.8125,15.875,3.553194522857666,6900
1999-01-11,15.875,15.875,15.8125,15.8125,3.5392065048217773,3900
1999-01-12,15.75,15.75,15.625,15.6875,3.5112287998199463,7500
1999-01-13,15.75,15.8125,15.5625,15.8125,3.5392065048217773,11600
1999-01-14,15.6875,15.6875,15.5,15.5625,3.483250379562378,7900
1999-01-15,15.5625,15.875,15.5625,15.8125,3.5392065048217773,13400
1999-01-19,15.875,15.875,15.6875,15.6875,3.5112287998199463,13000
1999-01-20,15.75,15.875,15.6875,15.75,3.525216579437256,12400
1999-01-21,15.6875,15.8125,15.6875,15.6875,3.5112287998199463,3100
1999-01-22,15.75,15.9375,15.6875,15.875,3.553194522857666,10100
1999-01-25,15.8125,15.8125,15.75,15.75,3.525216579437256,5400
1999-01-26,15.75,15.9375,15.75,15.875,3.553194522857666,14400
1999-01-27,15.8125,16.0,15.8125,15.875,3.553194522857666,15300
1999-01-28,15.9375,16.0,15.8125,16.0,3.5811729431152344,17200
1999-01-29,15.875,16.0,15.875,16.0,3.5811729431152344,7200
1999-02-01,15.9375,16.0,15.75,15.75,3.525216579437256,12300
1999-02-02,15.75,15.875,15.75,15.8125,3.5392065048217773,6700
1999-02-03,15.75,15.9375,15.75,15.8125,3.5392065048217773,8100
1999-02-04,15.875,16.1875,15.875,15.875,3.553194522857666,16400
1999-02-05,15.875,15.9375,15.75,15.9375,3.5671842098236084,12800
1999-02-08,15.8125,16.0625,15.8125,16.0625,3.595160961151123,21800
1999-02-09,16.0625,16.0625,15.9375,15.9375,3.5671842098236084,5700
1999-02-10,15.875,16.0625,15.8125,15.9375,3.5671842098236084,6800
1999-02-11,15.9375,16.0625,15.75,15.75,3.525216579437256,11600
1999-02-12,15.8125,15.9375,15.6875,15.6875,3.5112287998199463,7900
1999-02-16,15.75,15.9375,15.75,15.8125,3.5392065048217773,3400
1999-02-17,15.9375,15.9375,15.6875,15.6875,3.5112287998199463,4000
1999-02-18,15.6875,15.8125,15.6875,15.75,3.525216579437256,3100
1999-02-19,15.8125,15.875,15.625,15.625,3.497239112854004,10500
1999-02-22,15.625,15.8125,15.625,15.625,3.497239112854004,16200
1999-02-23,15.6875,15.8125,15.6875,15.6875,3.5112287998199463,9200
1999-02-24,15.6875,15.75,15.5625,15.75,3.525216579437256,17900
1999-02-25,15.75,15.75,15.1875,15.1875,3.399317502975464,12100
1999-02-26,15.1875,15.1875,15.125,15.1875,3.399317502975464,6100
1999-03-01,15.25,15.375,15.1875,15.25,3.4133071899414062,10300
1999-03-02,15.25,15.5,15.25,15.3125,3.427295684814453,15500
1999-03-03,15.375,15.5,15.3125,15.3125,3.427295684814453,7300
1999-03-04,15.3125,15.3125,15.25,15.25,3.4133071899414062,3800
1999-03-05,15.25,15.375,15.1875,15.1875,3.399317502975464,5600
1999-03-08,15.25,15.375,15.1875,15.25,3.4133071899414062,11400
1999-03-09,15.1875,15.5,15.1875,15.5,3.4692625999450684,12000
1999-03-10,15.3125,15.4375,15.3125,15.4375,3.455273389816284,10800
1999-03-11,15.3125,15.5625,15.3125,15.4375,3.455273389816284,13200
1999-03-12,15.4375,15.5625,15.4375,15.4375,3.455273389816284,8800
1999-03-15,15.5625,15.625,15.4375,15.5,3.4692625999450684,3000
1999-03-16,15.5625,15.625,15.5,15.5,3.4692625999450684,4000
1999-03-17,15.5,15.625,15.4375,15.5,3.4692625999450684,7700
1999-03-18,15.3125,15.3125,15.125,15.25,3.4742748737335205,7700
1999-03-19,15.1875,15.3125,15.0625,15.3125,3.488512754440308,7000
1999-03-22,15.3125,15.3125,15.25,15.25,3.4742748737335205,9500
1999-03-23,15.1875,15.375,15.125,15.1875,3.460035562515259,12600
1999-03-24,15.1875,15.3125,15.1875,15.25,3.4742748737335205,1700
1999-03-25,15.3125,15.3125,15.1875,15.25,3.4742748737335205,3700
1999-03-26,15.3125,15.375,15.1875,15.1875,3.460035562515259,7300
1999-03-29,15.375,15.375,15.0625,15.0625,3.431556940078736,7000
1999-03-30,15.0625,15.3125,15.0625,15.3125,3.488512754440308,4200
1999-03-31,15.3125,15.3125,15.0,15.0,3.41731858253479,10100
1999-04-01,14.875,14.9375,14.75,14.75,3.3603639602661133,9700
1999-04-05,14.75,14.875,14.75,14.75,3.3603639602661133,10500
1999-04-06,14.875,14.875,14.75,14.875,3.388840913772583,5700
1999-04-07,14.75,14.875,14.75,14.75,3.3603639602661133,19900
1999-04-08,14.875,14.875,14.75,14.875,3.388840913772583,7700
1999-04-09,14.8125,14.875,14.6875,14.8125,3.3746016025543213,11700
1999-04-12,14.8125,14.8125,14.6875,14.75,3.3603639602661133,10500
1999-04-13,14.6875,14.75,14.625,14.625,3.331884860992432,12400
1999-04-14,14.625,14.6875,14.5,14.6875,3.346123695373535,3900
1999-04-15,14.625,14.625,14.5625,14.5625,3.317647218704224,8000
1999-04-16,14.5625,14.6875,14.4375,14.5,3.303407907485962,16300
1999-04-19,14.5,14.6875,14.5,14.6875,3.346123695373535,13600
1999-04-20,14.6875,14.75,14.625,14.75,3.3603639602661133,21500
1999-04-21,14.75,14.8125,14.6875,14.75,3.3603639602661133,11000
1999-04-22,14.6875,14.875,14.5625,14.5625,3.317647218704224,20400
1999-04-23,14.5625,14.625,14.5,14.5,3.303407907485962,900
1999-04-26,14.6875,14.6875,14.5625,14.5625,3.317647218704224,12900
1999-04-27,14.5,14.8125,14.5,14.625,3.331884860992432,25700
1999-04-28,14.625,14.875,14.5625,14.875,3.388840913772583,17000
1999-04-29,14.8125,14.8125,14.625,14.75,3.3603639602661133,13700
1999-04-30,14.75,14.9375,14.75,14.75,3.3603639602661133,14200
1999-05-03,14.75,14.9375,14.75,14.875,3.388840913772583,10900
1999-05-04,14.8125,15.0,14.8125,14.9375,3.4030792713165283,10900
1999-05-05,14.875,15.0,14.875,14.875,3.388840913772583,9100
1999-05-06,14.9375,15.0,14.875,15.0,3.41731858253479,12900
1999-05-07,14.9375,15.0,14.6875,14.875,3.388840913772583,23100
1999-05-10,14.8125,14.9375,14.6875,14.6875,3.346123695373535,10500
1999-05-11,14.6875,14.8125,14.6875,14.75,3.3603639602661133,7000
1999-05-12,14.6875,14.875,14.6875,14.8125,3.3746016025543213,11100
1999-05-13,14.8125,14.8125,14.75,14.75,3.3603639602661133,6900
1999-05-14,14.6875,14.8125,14.6875,14.6875,3.346123695373535,5600
1999-05-17,14.8125,14.8125,14.6875,14.8125,3.3746016025543213,18200
1999-05-18,14.6875,14.875,14.625,14.6875,3.346123695373535,13700
1999-05-19,14.75,14.875,14.6875,14.6875,3.346123695373535,12500
1999-05-20,14.75,14.875,14.6875,14.875,3.388840913772583,11900
1999-05-21,14.875,14.875,14.6875,14.75,3.3603639602661133,9900
1999-05-24,14.6875,14.75,14.5625,14.5625,3.317647218704224,11300
1999-05-25,14.5625,14.75,14.5625,14.625,3.331884860992432,5400
1999-05-26,14.625,14.6875,14.5625,14.5625,3.317647218704224,11200
1999-05-27,14.625,14.6875,14.5625,14.5625,3.317647218704224,13300
1999-05-28,14.5,14.6875,14.5,14.625,3.331884860992432,9600
1999-06-01,14.5625,14.625,14.5,14.5,3.303407907485962,7500
1999-06-02,14.5,14.5625,14.4375,14.5,3.303407907485962,10500
1999-06-03,14.5625,14.625,14.4375,14.5,3.303407907485962,14000
1999-06-04,14.625,14.625,14.5,14.5,3.303407907485962,5600
1999-06-07,14.5,14.5625,14.4375,14.5625,3.317647218704224,12600
1999-06-08,14.4375,14.4375,14.3125,14.3125,3.2606916427612305,8700
1999-06-09,14.3125,14.375,14.3125,14.375,3.274930953979492,9100
1999-06-10,14.3125,14.375,14.3125,14.375,3.274930953979492,2900
1999-06-11,14.3125,14.375,14.25,14.375,3.274930953979492,5000
1999-06-14,14.375,14.375,14.25,14.3125,3.2606916427612305,7600
1999-06-15,14.375,14.4375,14.25,14.25,3.246453046798706,8200
1999-06-16,14.375,14.4375,14.25,14.375,3.274930953979492,16900
1999-06-17,14.0,14.125,13.9375,14.0625,3.2657573223114014,13500
1999-06-18,14.1875,14.1875,14.0625,14.0625,3.2657573223114014,3700
1999-06-21,14.0625,14.1875,13.9375,14.0,3.251241445541382,4500
1999-06-22,13.9375,14.0,13.875,14.0,3.251241445541382,10800
1999-06-23,13.875,14.0625,13.75,13.875,3.222212791442871,19700
1999-06-24,14.0625,14.0625,13.875,13.875,3.222212791442871,2900
1999-06-25,14.0,14.0625,13.9375,13.9375,3.2367284297943115,6600
1999-06-28,13.9375,13.9375,13.875,13.875,3.222212791442871,2000
1999-06-29,14.0,14.0,13.75,13.9375,3.2367284297943115,12200
1999-06-30,13.875,14.0,13.75,13.875,3.222212791442871,17600
1999-07-01,14.0,14.125,13.8125,13.8125,3.2077009677886963,20800
1999-07-02,13.9375,13.9375,13.75,13.875,3.222212791442871,16600
1999-07-06,13.9375,13.9375,13.75,13.8125,3.2077009677886963,15400
1999-07-07,13.75,13.875,13.75,13.75,3.193182468414306,15500
1999-07-08,13.75,13.9375,13.75,13.875,3.222212791442871,31500
1999-07-09,13.9375,14.0,13.8125,13.875,3.222212791442871,14000
1999-07-12,13.9375,14.0,13.875,13.875,3.222212791442871,16100
1999-07-13,13.875,14.0,13.875,13.875,3.222212791442871,18900
1999-07-14,14.0,14.0,13.875,14.0,3.251241445541382,20300
1999-07-15,13.875,14.0,13.875,14.0,3.251241445541382,14600
1999-07-16,14.0,14.375,14.0,14.25,3.309300661087036,14600
1999-07-19,14.125,14.375,14.125,14.125,3.2802727222442627,9700
1999-07-20,14.1875,14.25,14.125,14.25,3.309300661087036,11300
1999-07-21,14.125,14.25,14.125,14.25,3.309300661087036,6300
1999-07-22,14.125,14.25,14.0,14.25,3.309300661087036,10800
1999-07-23,14.1875,14.375,14.1875,14.3125,3.32381558418274,9800
1999-07-26,14.1875,14.5,14.1875,14.3125,3.32381558418274,15200
1999-07-27,14.5,14.5,14.375,14.4375,3.352844476699829,16900
1999-07-28,14.5,14.5,13.875,13.9375,3.2367284297943115,22900
1999-07-29,13.8125,13.9375,13.75,13.9375,3.2367284297943115,9200
1999-07-30,14.0,14.0,13.8125,14.0,3.251241445541382,3300
1999-08-02,13.8125,13.9375,13.4375,13.625,3.164153814315796,34000
1999-08-03,13.5,13.625,13.5,13.5625,3.14964246749878,8400
1999-08-04,13.5,13.5625,13.25,13.4375,3.120612621307373,63000
1999-08-05,13.5,13.5,13.375,13.4375,3.120612621307373,23700
1999-08-06,13.4375,13.5,13.4375,13.5,3.1351263523101807,5100
1999-08-09,13.5,13.5,13.375,13.4375,3.120612621307373,22100
1999-08-10,13.375,13.4375,13.375,13.375,3.106096744537353,3700
1999-08-11,13.375,13.6875,13.375,13.625,3.164153814315796,28900
1999-08-12,13.5625,13.6875,13.5625,13.6875,3.17866849899292,6100
1999-08-13,13.75,14.125,13.75,14.0,3.251241445541382,4200
1999-08-16,13.875,13.875,13.625,13.75,3.193182468414306,16100
1999-08-17,13.625,13.75,13.5,13.5,3.1351263523101807,16300
1999-08-18,13.5625,13.6875,13.5625,13.5625,3.14964246749878,9800
1999-08-19,13.5625,13.875,13.5625,13.625,3.164153814315796,12500
1999-08-20,13.5625,13.9375,13.5625,13.75,3.193182468414306,8900
1999-08-23,13.75,13.9375,13.5625,13.5625,3.14964246749878,7300
1999-08-24,13.625,13.75,13.5,13.75,3.193182468414306,12000
1999-08-25,13.75,13.75,13.5625,13.625,3.164153814315796,17300
1999-08-26,13.5625,13.8125,13.5625,13.8125,3.2077009677886963,16300
1999-08-27,13.8125,13.875,13.6875,13.6875,3.17866849899292,10800
1999-08-30,13.625,13.75,13.5625,13.5625,3.14964246749878,5200
1999-08-31,13.5625,13.625,13.375,13.625,3.164153814315796,9000
1999-09-01,13.5,13.625,13.4375,13.4375,3.120612621307373,5500
1999-09-02,13.4375,13.5,13.375,13.5,3.1351263523101807,3200
1999-09-03,13.625,13.625,13.625,13.625,3.164153814315796,400
1999-09-07,13.625,13.625,13.5625,13.5625,3.14964246749878,12200
1999-09-08,13.5625,13.5625,13.5,13.5,3.1351263523101807,3800
1999-09-09,13.5,13.6875,13.5,13.625,3.164153814315796,8000
1999-09-10,13.5625,13.5625,13.5,13.5,3.1351263523101807,3800
1999-09-13,13.625,13.75,13.5,13.5,3.1351263523101807,10600
1999-09-14,13.5,13.5,13.5,13.5,3.1351263523101807,17500
1999-09-15,13.5,13.5,13.25,13.25,3.077068567276001,30100
1999-09-16,13.0625,13.3125,13.0625,13.25,3.1430132389068604,24500
1999-09-17,13.1875,13.375,13.1875,13.25,3.1430132389068604,18800
1999-09-20,13.25,13.3125,13.0,13.25,3.1430132389068604,30900
1999-09-21,13.25,13.3125,13.1875,13.25,3.1430132389068604,15000
1999-09-22,13.25,13.3125,13.1875,13.25,3.1430132389068604,14400
1999-09-23,13.1875,13.3125,13.125,13.125,3.113361120223999,12800
1999-09-24,13.125,13.25,13.125,13.125,3.113361120223999,3000
1999-09-27,13.25,13.25,13.125,13.25,3.1430132389068604,24500
1999-09-28,13.125,13.25,13.125,13.1875,3.1281867027282715,8000
1999-09-29,13.25,13.3125,13.125,13.125,3.113361120223999,12400
1999-09-30,13.1875,13.3125,13.125,13.25,3.1430132389068604,17000
1999-10-01,13.3125,13.375,13.25,13.25,3.1430132389068604,8700
1999-10-04,13.3125,13.3125,13.1875,13.25,3.1430132389068604,17900
1999-10-05,13.25,13.375,13.25,13.375,3.172663450241089,2900
1999-10-06,13.25,13.3125,13.125,13.125,3.113361120223999,7700
1999-10-07,13.0625,13.1875,13.0,13.125,3.113361120223999,8200
1999-10-08,13.125,13.125,13.0625,13.0625,3.098536252975464,4300
1999-10-11,13.0625,13.1875,13.0625,13.0625,3.098536252975464,4900
1999-10-12,13.0625,13.3125,13.0625,13.125,3.113361120223999,9400
1999-10-13,13.125,13.3125,13.125,13.125,3.113361120223999,11500
1999-10-14,13.1875,13.1875,13.0625,13.0625,3.098536252975464,15400
1999-10-15,13.0625,13.0625,12.9375,12.9375,3.0688838958740234,4700
1999-10-18,13.0625,13.125,13.0,13.0,3.0837104320526123,6400
1999-10-19,13.0625,13.125,12.9375,13.0,3.0837104320526123,14000
1999-10-20,12.9375,13.0,12.9375,12.9375,3.0688838958740234,9400
1999-10-21,13.0,13.0,12.9375,12.9375,3.0688838958740234,8600
1999-10-22,12.875,13.0,12.8125,13.0,3.0837104320526123,16200
1999-10-25,12.875,13.0625,12.875,12.9375,3.0688838958740234,9000
1999-10-26,12.9375,13.0625,12.9375,13.0,3.0837104320526123,9100
1999-10-27,13.125,13.1875,13.0,13.0,3.0837104320526123,3700
1999-10-28,13.125,13.3125,13.125,13.25,3.1430132389068604,13100
1999-10-29,13.25,13.25,13.125,13.25,3.1430132389068604,9700
1999-11-01,13.3125,13.5,13.25,13.375,3.172663450241089,25000
1999-11-02,13.4375,13.5,13.375,13.5,3.2023143768310547,10000
1999-11-03,13.5,13.5,13.4375,13.4375,3.187489748001098,5100
1999-11-04,13.5,13.5,13.4375,13.5,3.2023143768310547,5700
1999-11-05,13.5,13.5,13.1875,13.25,3.1430132389068604,22200
1999-11-08,13.375,13.5,13.3125,13.5,3.2023143768310547,16300
1999-11-09,13.4375,13.4375,13.3125,13.4375,3.187489748001098,7500
1999-11-10,13.4375,13.4375,13.0625,13.125,3.113361120223999,16700
1999-11-11,13.0625,13.3125,13.0625,13.3125,3.1578381061553955,9600
1999-11-12,13.25,13.3125,13.1875,13.3125,3.1578381061553955,12100
1999-11-15,13.3125,13.4375,13.25,13.3125,3.1578381061553955,36800
1999-11-16,13.3125,13.375,13.3125,13.375,3.172663450241089,8700
1999-11-17,13.3125,13.375,13.3125,13.3125,3.1578381061553955,5000
1999-11-18,13.375,13.5,13.375,13.5,3.2023143768310547,11100
1999-11-19,13.5,13.5625,13.3125,13.3125,3.1578381061553955,20300
1999-11-22,13.3125,13.375,12.75,13.0,3.0837104320526123,27400
1999-11-23,12.875,13.0625,12.875,12.875,3.0540592670440674,13000
1999-11-24,13.0,13.0625,12.875,13.0625,3.098536252975464,7100
1999-11-26,13.0625,13.125,13.0,13.0625,3.098536252975464,5700
1999-11-29,13.0625,13.125,13.0,13.0625,3.098536252975464,28200
1999-11-30,13.0,13.0625,13.0,13.0,3.0837104320526123,13600
1999-12-01,12.9375,13.0,12.9375,12.9375,3.0688838958740234,8400
1999-12-02,12.9375,13.0,12.875,12.875,3.0540592670440674,20400
1999-12-03,12.875,13.125,12.8125,13.0625,3.098536252975464,17300
1999-12-06,13.0,13.0625,12.875,13.0,3.0837104320526123,12500
1999-12-07,13.0,13.0625,13.0,13.0,3.0837104320526123,20400
1999-12-08,13.0,13.125,12.875,12.875,3.0540592670440674,21900
1999-12-09,12.875,13.0,12.875,12.875,3.0540592670440674,16300
1999-12-10,12.875,13.0,12.875,13.0,3.0837104320526123,23400
1999-12-13,13.0,13.0625,12.9375,13.0,3.0837104320526123,17500
1999-12-14,13.0,13.125,12.9375,13.0,3.0837104320526123,42100
1999-12-15,13.0625,13.1875,13.0,13.0625,3.098536252975464,23000
1999-12-16,13.0,13.0,12.75,12.875,3.120470762252808,13000
1999-12-17,12.875,13.0,12.6875,12.6875,3.075026750564575,15700
1999-12-20,12.875,12.875,12.625,12.6875,3.075026750564575,27600
1999-12-21,12.75,12.8125,12.6875,12.6875,3.075026750564575,18000
1999-12-22,12.6875,12.8125,12.6875,12.6875,3.075026750564575,22800
1999-12-23,12.8125,12.8125,12.5625,12.5625,3.0447306632995605,24800
1999-12-27,12.625,12.6875,12.5625,12.5625,3.0447306632995605,25600
1999-12-28,12.5625,12.6875,12.4375,12.5625,3.0447306632995605,21000
1999-12-29,12.625,12.6875,12.5,12.5625,3.0447306632995605,13700
1999-12-30,12.5625,12.6875,12.5,12.5,3.029582500457764,28600
1999-12-31,12.5625,12.75,12.5625,12.6875,3.075026750564575,11300
2000-01-03,12.75,12.875,12.5625,12.5625,3.0447306632995605,3200
2000-01-04,12.6875,12.6875,12.4375,12.4375,3.0144357681274414,11200
2000-01-05,12.4375,12.5625,12.4375,12.4375,3.0144357681274414,16100
2000-01-06,12.4375,12.5625,12.4375,12.5,3.029582500457764,9500
2000-01-07,12.5,12.625,12.5,12.5625,3.0447306632995605,5000
2000-01-10,12.625,12.75,12.5625,12.5625,3.0447306632995605,16500
2000-01-11,12.5625,12.625,12.5625,12.5625,3.0447306632995605,15100
2000-01-12,12.625,12.625,12.4375,12.4375,3.0144357681274414,29600
2000-01-13,12.5,12.5625,12.5,12.5625,3.0447306632995605,5300
2000-01-14,12.5,12.625,12.4375,12.5,3.029582500457764,5400
2000-01-18,12.4375,12.625,12.4375,12.5,3.029582500457764,20200
2000-01-19,12.5,12.625,12.4375,12.5,3.029582500457764,7200
2000-01-20,12.5,12.625,12.4375,12.5,3.029582500457764,9000
2000-01-21,12.5,12.5625,12.5,12.5,3.029582500457764,4100
2000-01-24,12.625,12.625,12.5,12.5,3.029582500457764,15700
2000-01-25,12.5,12.625,12.5,12.625,3.05987811088562,11900
2000-01-26,12.6875,12.75,12.5625,12.5625,3.0447306632995605,14400
2000-01-27,12.4375,13.375,12.4375,13.375,3.24165415763855,71000
2000-01-28,13.25,13.3125,13.0,13.0,3.150765180587769,21800
2000-01-31,12.9375,12.9375,12.75,12.8125,3.1053221225738525,14100
2000-02-01,12.8125,12.875,12.4375,12.5,3.029582500457764,16400
2000-02-02,12.5,13.375,12.5,13.375,3.24165415763855,40000
2000-02-03,13.25,13.5,13.25,13.4375,3.2568023204803467,14200
2000-02-04,13.4375,13.5,13.25,13.3125,3.226505756378174,21500
2000-02-07,13.4375,13.4375,13.0,13.0,3.150765180587769,12500
2000-02-08,13.0625,13.1875,12.9375,12.9375,3.135617971420288,9200
2000-02-09,12.9375,13.125,12.875,13.0,3.150765180587769,6100
2000-02-10,13.0,13.1875,13.0,13.1875,3.196209192276001,16700
2000-02-11,13.0,13.25,12.875,13.0,3.150765180587769,37000
2000-02-14,13.0,13.25,13.0,13.125,3.1810624599456787,19500
2000-02-15,13.0625,13.125,13.0,13.0,3.150765180587769,8600
2000-02-16,13.0,13.3125,13.0,13.25,3.211358070373535,10200
2000-02-17,13.1875,13.25,13.1875,13.25,3.211358070373535,17100
2000-02-18,13.25,13.25,13.1875,13.25,3.211358070373535,13400
2000-02-22,13.375,13.5625,13.375,13.5,3.27194881439209,28400
2000-02-23,13.4375,13.5625,13.3125,13.4375,3.2568023204803467,10300
2000-02-24,13.375,13.4375,13.25,13.375,3.24165415763855,8500
2000-02-25,13.3125,13.3125,13.25,13.25,3.211358070373535,4400
2000-02-28,13.375,13.5,13.125,13.3125,3.226505756378174,7200
2000-02-29,13.4375,13.4375,13.1875,13.1875,3.196209192276001,6300
2000-03-01,13.375,13.375,13.0,13.0,3.150765180587769,13200
2000-03-02,12.875,12.9375,12.75,12.875,3.120470762252808,15200
2000-03-03,12.9375,12.9375,12.875,12.875,3.120470762252808,6400
2000-03-06,12.9375,13.0625,12.875,12.875,3.120470762252808,9500
2000-03-07,12.75,13.0,12.75,12.75,3.0901741981506348,35400
2000-03-08,12.8125,13.125,12.75,13.125,3.1810624599456787,21600
2000-03-09,13.25,13.25,12.9375,12.9375,3.135617971420288,9800
2000-03-10,12.9375,12.9375,12.625,12.6875,3.075026750564575,11400
2000-03-13,12.6875,12.8125,12.6875,12.75,3.0901741981506348,9700
2000-03-14,13.125,13.25,12.75,12.75,3.0901741981506348,50200
2000-03-15,12.6875,12.9375,12.6875,12.75,3.0901741981506348,16000
2000-03-16,12.625,12.8125,12.625,12.6875,3.1415536403656006,7300
2000-03-17,12.75,12.8125,12.6875,12.6875,3.1415536403656006,12800
2000-03-20,12.6875,12.875,12.6875,12.75,3.157029390335083,13100
2000-03-21,12.75,12.8125,12.6875,12.6875,3.1415536403656006,8400
2000-03-22,12.6875,12.75,12.6875,12.75,3.157029390335083,10300
2000-03-23,12.875,12.875,12.75,12.75,3.157029390335083,20800
2000-03-24,12.75,12.75,12.6875,12.6875,3.1415536403656006,17400
2000-03-27,12.6875,12.875,12.6875,12.75,3.157029390335083,12300
2000-03-28,12.875,12.9375,12.6875,12.8125,3.172505140304565,19800
2000-03-29,12.75,12.9375,12.75,12.8125,3.172505140304565,4500
2000-03-30,12.9375,13.0625,12.75,12.75,3.157029390335083,15100
2000-03-31,12.875,13.0625,12.6875,12.875,3.187981605529785,11000
2000-04-03,13.0,13.0625,13.0,13.0625,3.234407424926758,4500
2000-04-04,13.0,13.375,12.75,12.75,3.157029390335083,14100
2000-04-05,12.875,13.0625,12.875,13.0,3.2189321517944336,11600
2000-04-06,13.0,13.0625,12.8125,12.8125,3.172505140304565,5600
2000-04-07,12.8125,12.9375,12.6875,12.9375,3.203455924987793,10300
2000-04-10,12.8125,13.0625,12.8125,12.8125,3.172505140304565,9800
2000-04-11,12.8125,12.875,12.8125,12.8125,3.172505140304565,7500
2000-04-12,12.8125,12.8125,12.75,12.75,3.157029390335083,9600
2000-04-13,12.75,12.875,12.75,12.875,3.187981605529785,8400
2000-04-14,12.8125,12.8125,12.75,12.8125,3.172505140304565,3600
2000-04-17,12.75,12.8125,12.75,12.75,3.157029390335083,1800
2000-04-18,12.75,12.875,12.75,12.875,3.187981605529785,4400
2000-04-19,12.8125,12.9375,12.8125,12.9375,3.203455924987793,3000
2000-04-20,12.875,13.0,12.875,12.875,3.187981605529785,4600
2000-04-24,13.0,13.0,12.875,13.0,3.2189321517944336,10700
2000-04-25,12.9375,13.0,12.875,12.875,3.187981605529785,13200
2000-04-26,13.0,13.0,12.8125,12.875,3.187981605529785,9600
2000-04-27,12.875,13.0,12.875,12.875,3.187981605529785,5400
2000-04-28,12.875,12.875,12.8125,12.8125,3.172505140304565,5700
2000-05-01,12.8125,12.9375,12.8125,12.875,3.187981605529785,14500
2000-05-02,12.875,13.0,12.875,13.0,3.2189321517944336,5200
2000-05-03,12.9375,12.9375,12.875,12.875,3.187981605529785,4500
2000-05-04,12.875,12.875,12.75,12.8125,3.172505140304565,12000
2000-05-05,12.75,12.8125,12.75,12.75,3.157029390335083,6500
2000-05-08,12.75,12.75,12.625,12.625,3.1260781288146973,6500
2000-05-09,12.5,12.5,12.3125,12.375,3.0641744136810303,4700
2000-05-10,12.375,12.5,12.375,12.5,3.0951273441314697,12600
2000-05-11,12.4375,12.5,12.4375,12.5,3.0951273441314697,2700
2000-05-12,12.4375,12.5,12.4375,12.5,3.0951273441314697,10100
2000-05-15,12.5,12.625,12.4375,12.5625,3.110602140426636,13800
2000-05-16,12.5,12.625,12.5,12.625,3.1260781288146973,7700
2000-05-17,12.6875,12.75,12.6875,12.6875,3.1415536403656006,2300
2000-05-18,12.6875,12.75,12.5625,12.5625,3.110602140426636,19000
2000-05-19,12.5625,12.6875,12.5625,12.6875,3.1415536403656006,12000
2000-05-22,12.625,12.875,12.625,12.75,3.157029390335083,13300
2000-05-23,12.75,12.8125,12.625,12.625,3.1260781288146973,9700
2000-05-24,12.6875,12.75,12.625,12.75,3.157029390335083,18300
2000-05-25,12.625,12.75,12.625,12.6875,3.1415536403656006,6900
2000-05-26,12.6875,12.6875,12.6875,12.6875,3.1415536403656006,3900
2000-05-30,12.6875,12.75,12.625,12.6875,3.1415536403656006,7100
2000-05-31,12.8125,12.875,12.75,12.875,3.187981605529785,3400
2000-06-01,12.9375,13.125,12.875,13.125,3.24988341331482,8700
2000-06-02,13.0,13.0625,12.75,13.0,3.2189321517944336,6300
2000-06-05,12.875,13.0625,12.8125,13.0625,3.234407424926758,15900
2000-06-06,13.0625,13.125,13.0625,13.0625,3.234407424926758,5800
2000-06-07,13.0625,13.0625,13.0625,13.0625,3.234407424926758,3300
2000-06-08,13.0625,13.125,13.0625,13.0625,3.234407424926758,10200
2000-06-09,13.0625,13.25,13.0625,13.1875,3.265357255935669,13400
2000-06-12,13.125,13.1875,13.0625,13.125,3.24988341331482,7100
2000-06-13,13.0625,13.25,13.0625,13.25,3.280833959579468,11600
2000-06-14,13.1875,13.25,13.125,13.125,3.24988341331482,16400
2000-06-15,13.0,13.125,13.0,13.0625,3.301056385040283,4700
2000-06-16,13.0625,13.1875,13.0625,13.1875,3.3326449394226074,16300
2000-06-19,13.125,13.25,13.125,13.125,3.31685209274292,8300
2000-06-20,13.0625,13.1875,13.0625,13.1875,3.3326449394226074,14400
2000-06-21,13.125,13.25,13.0625,13.0625,3.301056385040283,6900
2000-06-22,13.0625,13.1875,13.0625,13.1875,3.3326449394226074,6800
2000-06-23,13.0625,13.1875,13.0625,13.0625,3.301056385040283,5800
2000-06-26,13.0625,13.1875,13.0625,13.125,3.31685209274292,12800
2000-06-27,13.1875,13.3125,13.1875,13.3125,3.3642354011535645,11900
2000-06-28,13.25,13.25,13.125,13.25,3.3484411239624023,6200
2000-06-29,13.25,13.3125,13.125,13.25,3.3484411239624023,8000
2000-06-30,13.3125,13.375,13.25,13.3125,3.3642354011535645,7500
2000-07-03,13.375,13.375,13.25,13.25,3.3484411239624023,8800
2000-07-05,13.25,13.3125,13.25,13.3125,3.3642354011535645,8800
2000-07-06,13.3125,13.5625,13.3125,13.5625,3.4274134635925293,14200
2000-07-07,13.5,13.5,13.4375,13.4375,3.395824670791626,1600
2000-07-10,13.5,13.5625,13.4375,13.4375,3.395824670791626,7800
2000-07-11,13.4375,13.5,13.375,13.5,3.411618709564209,7400
2000-07-12,13.625,13.625,13.5,13.5,3.411618709564209,18800
2000-07-13,13.5,13.5,13.375,13.5,3.411618709564209,9500
2000-07-14,13.5625,13.5625,13.25,13.25,3.3484411239624023,24500
2000-07-17,13.25,13.25,13.125,13.125,3.31685209274292,5600
2000-07-18,13.1875,13.25,13.125,13.25,3.3484411239624023,8500
2000-07-19,13.25,13.3125,13.1875,13.25,3.3484411239624023,4800
2000-07-20,13.1875,13.3125,13.1875,13.25,3.3484411239624023,7800
2000-07-21,13.25,13.3125,13.25,13.3125,3.3642354011535645,8300
2000-07-24,13.375,13.4375,13.3125,13.375,3.3800296783447266,7500
2000-07-25,13.375,13.375,13.375,13.375,3.3800296783447266,1000
2000-07-26,13.4375,13.625,13.4375,13.5625,3.4274134635925293,13200
2000-07-27,13.5625,13.625,13.5,13.5,3.411618709564209,6800
2000-07-28,13.5,13.6875,13.5,13.6875,3.4590017795562744,11000
2000-07-31,13.625,13.6875,13.625,13.6875,3.4590017795562744,7400
2000-08-01,13.625,13.6875,13.625,13.625,3.443206787109375,15000
2000-08-02,13.625,13.6875,13.625,13.6875,3.4590017795562744,10900
2000-08-03,13.8125,13.8125,13.625,13.625,3.443206787109375,6100
2000-08-04,13.625,13.625,13.625,13.625,3.443206787109375,1600
2000-08-07,13.625,13.75,13.625,13.625,3.443206787109375,8400
2000-08-08,13.625,13.75,13.625,13.75,3.474797010421753,8100
2000-08-09,13.8125,13.875,13.625,13.6875,3.4590017795562744,15900
2000-08-10,13.6875,13.75,13.6875,13.6875,3.4590017795562744,6800
2000-08-11,13.75,13.9375,13.6875,13.8125,3.4905927181243896,10300
2000-08-14,13.75,13.75,13.75,13.75,3.474797010421753,4600
2000-08-15,13.75,13.8125,13.75,13.8125,3.4905927181243896,13400
2000-08-16,13.75,13.8125,13.75,13.75,3.474797010421753,7100
2000-08-17,13.875,13.875,13.8125,13.8125,3.4905927181243896,6400
2000-08-18,13.8125,13.875,13.8125,13.8125,3.4905927181243896,4100
2000-08-21,13.8125,14.0,13.8125,14.0,3.5379741191864014,7200
2000-08-22,14.0,14.0,13.75,13.8125,3.4905927181243896,11100
2000-08-23,13.8125,13.8125,13.75,13.8125,3.4905927181243896,12700
2000-08-24,13.75,13.8125,13.75,13.8125,3.4905927181243896,7600
2000-08-25,13.75,13.875,13.75,13.75,3.474797010421753,4800
2000-08-28,13.75,13.875,13.75,13.75,3.474797010421753,14100
2000-08-29,13.75,13.875,13.75,13.875,3.5063865184783936,11800
2000-08-30,13.8125,13.875,13.8125,13.8125,3.4905927181243896,2000
2000-08-31,13.875,13.9375,13.8125,13.875,3.5063865184783936,9500
2000-09-01,13.875,13.875,13.875,13.875,3.5063865184783936,2400
2000-09-05,13.875,13.9375,13.75,13.75,3.474797010421753,10300
2000-09-06,13.8125,13.8125,13.8125,13.8125,3.4905927181243896,8500
2000-09-07,13.875,13.875,13.8125,13.8125,3.4905927181243896,10100
2000-09-08,13.75,13.75,13.75,13.75,3.474797010421753,3800
2000-09-11,13.75,13.8125,13.75,13.75,3.474797010421753,10500
2000-09-12,13.8125,13.875,13.8125,13.8125,3.4905927181243896,4600
2000-09-13,13.8125,13.875,13.8125,13.875,3.5063865184783936,10600
2000-09-14,13.8125,13.9375,13.75,13.875,3.5063865184783936,10200
2000-09-15,13.875,13.9375,13.8125,13.8125,3.4905927181243896,6800
2000-09-18,13.8125,13.9375,13.8125,13.875,3.5063865184783936,10900
2000-09-19,13.8125,13.875,13.75,13.8125,3.4905927181243896,16900
2000-09-20,13.5,13.625,13.5,13.625,3.5118567943573,5200
2000-09-21,13.5625,13.6875,13.5625,13.625,3.5118567943573,12100
2000-09-22,13.625,13.75,13.5,13.625,3.5118567943573,12100
2000-09-25,13.5,13.5,13.5,13.5,3.4796359539031982,6000
2000-09-26,13.5625,13.5625,13.5,13.5,3.4796359539031982,16400
2000-09-27,13.5,13.8125,13.5,13.5625,3.4957470893859863,16000
2000-09-28,13.6875,13.75,13.6875,13.75,3.544074296951294,1600
2000-09-29,13.75,13.75,13.6875,13.6875,3.527965784072876,5500
2000-10-02,13.8125,13.8125,13.6875,13.6875,3.527965784072876,7800
2000-10-03,13.6875,13.75,13.625,13.75,3.544074296951294,6400
2000-10-04,13.6875,13.6875,13.625,13.625,3.5118567943573,4900
2000-10-05,13.625,13.625,13.625,13.625,3.5118567943573,2800
2000-10-06,13.6875,13.6875,13.5625,13.625,3.5118567943573,5800
2000-10-09,13.5625,13.6875,13.5625,13.625,3.5118567943573,13400
2000-10-10,13.625,13.6875,13.625,13.6875,3.527965784072876,2800
2000-10-11,13.6875,13.6875,13.5625,13.625,3.5118567943573,10400
2000-10-12,13.5625,13.6875,13.5625,13.5625,3.4957470893859863,7300
2000-10-13,13.625,13.625,13.5625,13.5625,3.4957470893859863,9500
2000-10-16,13.625,13.6875,13.5625,13.5625,3.4957470893859863,5000
2000-10-17,13.625,13.6875,13.5625,13.625,3.5118567943573,6700
2000-10-18,13.625,13.6875,13.5625,13.5625,3.4957470893859863,2000
2000-10-19,13.5625,13.5625,13.5625,13.5625,3.4957470893859863,13800
2000-10-20,13.5625,13.6875,13.5625,13.5625,3.4957470893859863,6100
2000-10-23,13.5625,13.75,13.5625,13.75,3.544074296951294,14300
2000-10-24,13.75,14.0,13.75,13.9375,3.59240198135376,24700
2000-10-25,13.875,14.0625,13.6875,13.75,3.544074296951294,8700
2000-10-26,13.75,13.875,13.6875,13.8125,3.5601844787597656,14200
2000-10-27,13.75,14.1875,13.6875,13.9375,3.59240198135376,12700
2000-10-30,14.0,14.375,13.875,14.3125,3.6890602111816406,15100
2000-10-31,14.3125,14.3125,14.0,14.0,3.608513116836548,9600
2000-11-01,13.875,14.0625,13.6875,13.9375,3.59240198135376,7300
2000-11-02,13.875,13.875,13.6875,13.6875,3.527965784072876,5400
2000-11-03,13.6875,13.75,13.6875,13.6875,3.527965784072876,3300
2000-11-06,13.75,13.8125,13.6875,13.75,3.544074296951294,6000
2000-11-07,13.75,13.8125,13.6875,13.75,3.544074296951294,6500
2000-11-08,13.8125,14.3125,13.75,14.3125,3.6890602111816406,8600
2000-11-09,14.25,14.25,13.6875,13.875,3.5762939453125,19500
2000-11-10,14.0,14.0,14.0,14.0,3.608513116836548,1000
2000-11-13,13.9375,14.0,13.875,13.9375,3.59240198135376,8400
2000-11-14,13.9375,13.9375,13.75,13.75,3.544074296951294,2300
2000-11-15,13.75,13.75,13.75,13.75,3.544074296951294,500
2000-11-16,13.75,13.8125,13.75,13.8125,3.5601844787597656,5000
2000-11-17,13.75,13.8125,13.75,13.75,3.544074296951294,2000
2000-11-20,13.75,13.75,13.75,13.75,3.544074296951294,4000
2000-11-21,13.75,14.0,13.75,14.0,3.608513116836548,11000
2000-11-22,13.875,14.0,13.875,13.875,3.5762939453125,5800
2000-11-24,13.875,13.875,13.875,13.875,3.5762939453125,0
2000-11-27,14.0,14.0625,13.875,14.0625,3.6246213912963854,10000
2000-11-28,14.0625,14.0625,13.875,13.875,3.5762939453125,7900
2000-11-29,13.9375,13.9375,13.875,13.875,3.5762939453125,2800
2000-11-30,13.8125,14.1875,13.8125,14.0625,3.6246213912963854,19000
2000-12-01,14.0,14.1875,14.0,14.1875,3.656842231750488,8200
2000-12-04,14.0,14.125,14.0,14.0625,3.6246213912963854,2900
2000-12-05,14.0,14.125,13.875,14.0,3.608513116836548,11600
2000-12-06,14.0625,14.0625,13.875,13.875,3.5762939453125,5600
2000-12-07,13.875,13.9375,13.875,13.875,3.5762939453125,4500
2000-12-08,13.9375,14.0,13.875,13.9375,3.59240198135376,20000
2000-12-11,14.0,14.0625,13.875,13.875,3.5762939453125,12100
2000-12-12,13.875,14.0625,13.875,14.0625,3.6246213912963854,10100
2000-12-13,14.0,14.125,14.0,14.125,3.640730857849121,8500
2000-12-14,14.0625,14.25,14.0625,14.1875,3.656842231750488,8800
2000-12-15,14.1875,14.1875,14.1875,14.1875,3.656842231750488,2100
2000-12-18,14.1875,14.625,14.125,14.4375,3.721279382705689,12000
2000-12-19,14.625,15.0,14.625,14.9375,3.8501534461975098,18800
2000-12-20,14.75,14.75,14.3125,14.3125,3.7556891441345215,4900
2000-12-21,14.25,14.6875,14.25,14.5,3.80488920211792,10000
2000-12-22,14.4375,14.5,14.4375,14.4375,3.788489580154419,1400
2000-12-26,14.5,14.625,14.375,14.375,3.772089719772339,10200
2000-12-27,14.375,14.375,14.125,14.3125,3.7556891441345215,7100
2000-12-28,14.375,14.4375,14.25,14.375,3.772089719772339,15600
2000-12-29,14.375,14.4375,14.25,14.4375,3.788489580154419,6200
2001-01-02,14.5,14.625,14.4375,14.625,3.837690353393554,4800
2001-01-03,14.9375,14.9375,14.75,14.9375,3.919692039489746,15600
2001-01-04,14.9375,15.0,14.8125,14.8125,3.8868932723999023,28600
2001-01-05,14.75,14.9375,14.625,14.75,3.870490074157715,17700
2001-01-08,14.875,15.0,14.75,15.0,3.936091661453247,20500
2001-01-09,14.8125,14.9375,14.75,14.9375,3.919692039489746,6700
2001-01-10,15.0,15.0,14.9375,15.0,3.936091661453247,5500
2001-01-11,15.0,15.0,14.8125,14.8125,3.8868932723999023,13800
2001-01-12,14.875,14.875,14.75,14.75,3.870490074157715,4300
2001-01-16,14.75,14.8125,14.5625,14.75,3.870490074157715,4100
2001-01-17,14.8125,14.8125,14.625,14.75,3.870490074157715,11600
2001-01-18,14.9375,14.9375,14.75,14.75,3.870490074157715,6800
2001-01-19,14.75,15.0,14.75,15.0,3.936091661453247,6900
2001-01-22,14.9375,14.9375,14.75,14.875,3.9032912254333496,8000
2001-01-23,14.875,15.0,14.8125,14.9375,3.919692039489746,6300
2001-01-24,15.0,15.0,14.8125,14.8125,3.8868932723999023,5100
2001-01-25,14.75,14.8125,14.75,14.75,3.870490074157715,900
2001-01-26,14.875,14.875,14.625,14.625,3.837690353393554,11000
2001-01-29,14.579999923706056,14.59000015258789,14.449999809265137,14.5,3.80488920211792,18800
2001-01-30,14.5,14.5600004196167,14.43000030517578,14.5600004196167,3.8206324577331534,20400
2001-01-31,14.5600004196167,14.600000381469728,14.510000228881836,14.600000381469728,3.831129550933838,9700
2001-02-01,14.670000076293944,14.899999618530272,14.600000381469728,14.899999618530272,3.909852743148804,6600
2001-02-02,14.800000190734863,14.9399995803833,14.710000038146973,14.920000076293944,3.9150991439819336,8000
2001-02-05,14.859999656677246,14.9399995803833,14.8100004196167,14.850000381469728,3.8967325687408447,8900
2001-02-06,14.84000015258789,14.850000381469728,14.800000190734863,14.81999969482422,3.888858795166016,4700
2001-02-07,14.850000381469728,14.90999984741211,14.720000267028809,14.90999984741211,3.912475109100342,13800
2001-02-08,14.859999656677246,14.9399995803833,14.859999656677246,14.869999885559082,3.9019815921783447,12200
2001-02-09,14.850000381469728,14.9399995803833,14.8100004196167,14.890000343322754,3.9072282314300537,17100
2001-02-12,14.890000343322754,14.9399995803833,14.859999656677246,14.9399995803833,3.920347213745117,5200
2001-02-13,14.9399995803833,15.100000381469728,14.880000114440918,15.050000190734863,3.94921350479126,6200
2001-02-14,15.0,15.09000015258789,14.949999809265137,15.020000457763672,3.941339731216431,7300
2001-02-15,15.149999618530272,15.25,15.0600004196167,15.210000038146973,3.991198062896729,9700
2001-02-16,15.050000190734863,15.149999618530272,15.0,15.0,3.936091661453247,7800
2001-02-20,15.050000190734863,15.239999771118164,15.020000457763672,15.020000457763672,3.941339731216431,8600
2001-02-21,15.050000190734863,15.100000381469728,15.0,15.050000190734863,3.94921350479126,10700
2001-02-22,15.010000228881836,15.149999618530272,15.010000228881836,15.0600004196167,3.951836347579956,6500
2001-02-23,15.020000457763672,15.130000114440918,15.0,15.0,3.936091661453247,6600
2001-02-26,15.050000190734863,15.199999809265137,15.020000457763672,15.199999809265137,3.988572120666504,3300
2001-02-27,15.100000381469728,15.199999809265137,15.020000457763672,15.100000381469728,3.962333202362061,5400
2001-02-28,15.050000190734863,15.149999618530272,15.020000457763672,15.050000190734863,3.94921350479126,8400
2001-03-01,15.020000457763672,15.109999656677246,15.010000228881836,15.010000228881836,3.9387173652648926,13200
2001-03-02,15.050000190734863,15.199999809265137,15.050000190734863,15.149999618530272,3.975452661514282,7000
2001-03-05,15.06999969482422,15.170000076293944,15.0600004196167,15.0600004196167,3.951836347579956,5300
2001-03-06,15.0600004196167,15.100000381469728,15.0600004196167,15.100000381469728,3.962333202362061,2000
2001-03-07,15.119999885559082,15.119999885559082,15.0,15.050000190734863,3.94921350479126,17300
2001-03-08,14.890000343322754,14.899999618530272,14.649999618530272,14.699999809265137,3.924650430679321,6000
2001-03-09,14.699999809265137,14.699999809265137,14.65999984741211,14.699999809265137,3.924650430679321,4000
2001-03-12,14.699999809265137,14.739999771118164,14.199999809265137,14.489999771118164,3.8685836791992174,20900
2001-03-13,14.489999771118164,14.729999542236328,14.40999984741211,14.600000381469728,3.8979525566101074,15900
2001-03-14,14.699999809265137,14.949999809265137,14.699999809265137,14.949999809265137,3.9913952350616455,15300
2001-03-15,14.850000381469728,15.0,14.850000381469728,15.0,4.004745006561279,15500
2001-03-16,14.899999618530272,14.949999809265137,14.850000381469728,14.899999618530272,3.978046417236328,9900
2001-03-19,14.899999618530272,15.050000190734863,14.800000190734863,15.050000190734863,4.01809549331665,12200
2001-03-20,15.0,15.029999732971191,14.899999618530272,14.899999618530272,3.978046417236328,3800
2001-03-21,15.0,15.0,14.899999618530272,14.979999542236328,3.999406337738037,2600
2001-03-22,14.949999809265137,14.979999542236328,14.850000381469728,14.979999542236328,3.999406337738037,7400
2001-03-23,14.979999542236328,14.979999542236328,14.949999809265137,14.949999809265137,3.9913952350616455,7300
2001-03-26,14.960000038146973,14.970000267028809,14.81999969482422,14.829999923706056,3.9593563079833984,9100
2001-03-27,14.899999618530272,14.960000038146973,14.829999923706056,14.960000038146973,3.994065761566162,10800
2001-03-28,14.920000076293944,14.979999542236328,14.920000076293944,14.920000076293944,3.983386516571045,4900
2001-03-29,14.949999809265137,14.979999542236328,14.899999618530272,14.949999809265137,3.9913952350616455,6900
2001-03-30,14.979999542236328,15.0,14.960000038146973,15.0,4.004745006561279,4600
2001-04-02,15.0,15.050000190734863,14.899999618530272,15.050000190734863,4.01809549331665,9100
2001-04-03,14.949999809265137,15.100000381469728,14.949999809265137,15.0,4.004745006561279,6800
2001-04-04,15.100000381469728,15.199999809265137,15.0,15.100000381469728,4.031444072723389,16100
2001-04-05,15.149999618530272,15.18000030517578,15.0,15.18000030517578,4.05280065536499,7300
2001-04-06,15.149999618530272,15.199999809265137,15.050000190734863,15.100000381469728,4.031444072723389,5300
2001-04-09,15.239999771118164,15.25,15.0,15.0,4.004745006561279,13100
2001-04-10,15.199999809265137,15.239999771118164,14.949999809265137,14.949999809265137,3.9913952350616455,16400
2001-04-11,15.050000190734863,15.050000190734863,14.800000190734863,15.0,4.004745006561279,8000
2001-04-12,14.949999809265137,15.0,14.800000190734863,14.949999809265137,3.9913952350616455,4100
2001-04-16,14.800000190734863,14.800000190734863,14.520000457763672,14.779999732971191,3.9460084438323975,11700
2001-04-17,14.720000267028809,14.720000267028809,14.5,14.630000114440918,3.905961751937866,3800
2001-04-18,14.649999618530272,14.699999809265137,14.100000381469728,14.350000381469728,3.831205368041992,23900
2001-04-19,14.350000381469728,14.399999618530272,14.350000381469728,14.350000381469728,3.831205368041992,7100
2001-04-20,14.380000114440918,14.5,14.369999885559082,14.5,3.871253967285156,12100
2001-04-23,14.550000190734863,14.640000343322754,14.399999618530272,14.640000343322754,3.908632755279541,6700
2001-04-24,14.600000381469728,14.779999732971191,14.600000381469728,14.75,3.937999248504639,7900
2001-04-25,14.649999618530272,14.649999618530272,14.550000190734863,14.550000190734863,3.884602308273315,5500
2001-04-26,14.649999618530272,14.649999618530272,14.550000190734863,14.649999618530272,3.911300659179688,12000
2001-04-27,14.619999885559082,14.630000114440918,14.619999885559082,14.619999885559082,3.9032912254333496,5900
2001-04-30,14.619999885559082,14.6899995803833,14.600000381469728,14.649999618530272,3.911300659179688,5600
2001-05-01,14.600000381469728,14.729999542236328,14.600000381469728,14.729999542236328,3.93265962600708,4800
2001-05-02,14.630000114440918,14.649999618530272,14.420000076293944,14.640000343322754,3.908632755279541,17800
2001-05-03,14.5,14.699999809265137,14.5,14.600000381469728,3.8979525566101074,15800
2001-05-04,14.56999969482422,14.699999809265137,14.550000190734863,14.699999809265137,3.924650430679321,7100
2001-05-07,14.579999923706056,14.68000030517578,14.5600004196167,14.59000015258789,3.895280361175537,5000
2001-05-08,14.59000015258789,14.699999809265137,14.59000015258789,14.600000381469728,3.8979525566101074,8600
2001-05-09,14.600000381469728,14.699999809265137,14.600000381469728,14.699999809265137,3.924650430679321,9500
2001-05-10,14.710000038146973,14.710000038146973,14.56999969482422,14.59000015258789,3.895280361175537,5400
2001-05-11,14.609999656677246,14.699999809265137,14.609999656677246,14.670000076293944,3.916640758514404,4600
2001-05-14,14.699999809265137,14.710000038146973,14.600000381469728,14.710000038146973,3.92732048034668,5800
2001-05-15,14.720000267028809,14.720000267028809,14.56999969482422,14.699999809265137,3.924650430679321,18000
2001-05-16,14.699999809265137,14.699999809265137,14.600000381469728,14.640000343322754,3.908632755279541,1300
2001-05-17,14.640000343322754,14.699999809265137,14.609999656677246,14.630000114440918,3.905961751937866,12500
2001-05-18,14.630000114440918,14.699999809265137,14.630000114440918,14.630000114440918,3.905961751937866,8900
2001-05-21,14.619999885559082,14.6899995803833,14.609999656677246,14.68000030517578,3.919310808181762,9700
2001-05-22,14.670000076293944,14.699999809265137,14.619999885559082,14.699999809265137,3.924650430679321,9400
2001-05-23,14.649999618530272,14.699999809265137,14.609999656677246,14.699999809265137,3.924650430679321,6500
2001-05-24,14.649999618530272,14.699999809265137,14.640000343322754,14.640000343322754,3.908632755279541,8100
2001-05-25,14.630000114440918,14.710000038146973,14.619999885559082,14.649999618530272,3.911300659179688,8600
2001-05-29,14.699999809265137,14.720000267028809,14.649999618530272,14.720000267028809,3.929989099502564,7300
2001-05-30,14.449999809265137,14.649999618530272,14.449999809265137,14.5600004196167,3.955800294876098,7800
2001-05-31,14.5,14.800000190734863,14.40999984741211,14.529999732971191,3.947648763656616,51700
2001-06-01,14.470000267028809,14.600000381469728,14.470000267028809,14.600000381469728,3.9666693210601807,9300
2001-06-04,14.600000381469728,14.880000114440918,14.600000381469728,14.859999656677246,4.037307262420654,14000
2001-06-05,14.760000228881836,14.800000190734863,14.65999984741211,14.65999984741211,3.982968330383301,7900
2001-06-06,14.649999618530272,14.6899995803833,14.600000381469728,14.600000381469728,3.9666693210601807,7100
2001-06-07,14.600000381469728,14.68000030517578,14.520000457763672,14.68000030517578,3.9884018898010254,13000
2001-06-08,14.56999969482422,14.68000030517578,14.56999969482422,14.600000381469728,3.9666693210601807,9600
2001-06-11,14.619999885559082,14.619999885559082,14.56999969482422,14.600000381469728,3.9666693210601807,5100
2001-06-12,14.56999969482422,14.68000030517578,14.56999969482422,14.68000030517578,3.9884018898010254,9200
2001-06-13,14.619999885559082,14.68000030517578,14.600000381469728,14.68000030517578,3.9884018898010254,2600
2001-06-14,14.670000076293944,14.68000030517578,14.600000381469728,14.619999885559082,3.972100973129273,8500
2001-06-15,14.670000076293944,14.670000076293944,14.619999885559082,14.649999618530272,3.980252265930176,2000
2001-06-18,14.649999618530272,14.6899995803833,14.649999618530272,14.670000076293944,3.985687494277954,3200
2001-06-19,14.6899995803833,14.739999771118164,14.6899995803833,14.720000267028809,3.999271869659424,10900
2001-06-20,14.68000030517578,14.739999771118164,14.68000030517578,14.739999771118164,4.00470495223999,6300
2001-06-21,14.739999771118164,14.75,14.649999618530272,14.65999984741211,3.982968330383301,9400
2001-06-22,14.739999771118164,14.739999771118164,14.670000076293944,14.699999809265137,3.9938387870788574,2500
2001-06-25,14.739999771118164,14.75,14.710000038146973,14.75,4.007421016693115,5600
2001-06-26,14.75,14.899999618530272,14.75,14.899999618530272,4.048173427581787,6700
2001-06-27,14.829999923706056,14.890000343322754,14.6899995803833,14.6899995803833,3.991118669509888,10000
2001-06-28,14.779999732971191,14.84000015258789,14.75,14.84000015258789,4.031873226165772,10500
2001-06-29,14.890000343322754,15.0,14.770000457763672,15.0,4.075342655181885,9300
2001-07-02,15.0,15.050000190734863,15.0,15.0,4.075342655181885,3200
2001-07-03,15.0,15.18000030517578,15.0,15.18000030517578,4.12424898147583,5100
2001-07-05,15.100000381469728,15.140000343322754,14.800000190734863,14.800000190734863,4.021004676818848,10000
2001-07-06,14.949999809265137,14.949999809265137,14.949999809265137,14.949999809265137,4.061760902404785,3800
2001-07-09,14.899999618530272,14.970000267028809,14.800000190734863,14.850000381469728,4.034589767456055,13700
2001-07-10,14.880000114440918,14.890000343322754,14.84000015258789,14.880000114440918,4.0427422523498535,10900
2001-07-11,14.850000381469728,14.850000381469728,14.760000228881836,14.800000190734863,4.021004676818848,9600
2001-07-12,14.84000015258789,14.869999885559082,14.84000015258789,14.869999885559082,4.040024280548096,3100
2001-07-13,14.800000190734863,14.890000343322754,14.779999732971191,14.800000190734863,4.021004676818848,8300
2001-07-16,14.800000190734863,14.869999885559082,14.779999732971191,14.81999969482422,4.026439666748047,17200
2001-07-17,14.81999969482422,14.81999969482422,14.75,14.75,4.007421016693115,4100
2001-07-18,14.75,14.800000190734863,14.75,14.760000228881836,4.010138034820557,12200
2001-07-19,14.760000228881836,14.800000190734863,14.760000228881836,14.789999961853027,4.018289566040039,13600
2001-07-20,14.84000015258789,14.869999885559082,14.81999969482422,14.869999885559082,4.040024280548096,5900
2001-07-23,14.859999656677246,14.859999656677246,14.770000457763672,14.800000190734863,4.021004676818848,7800
2001-07-24,14.800000190734863,14.859999656677246,14.770000457763672,14.770000457763672,4.012856960296631,10600
2001-07-25,14.800000190734863,14.850000381469728,14.800000190734863,14.850000381469728,4.034589767456055,4300
2001-07-26,14.850000381469728,14.899999618530272,14.850000381469728,14.890000343322754,4.04545783996582,5300
2001-07-27,14.899999618530272,14.920000076293944,14.850000381469728,14.920000076293944,4.0536088943481445,10700
2001-07-30,14.920000076293944,14.920000076293944,14.850000381469728,14.859999656677246,4.037307262420654,5800
2001-07-31,14.859999656677246,15.100000381469728,14.829999923706056,14.880000114440918,4.0427422523498535,25400
2001-08-01,14.899999618530272,15.149999618530272,14.899999618530272,15.0,4.075342655181885,12500
2001-08-02,15.100000381469728,15.199999809265137,14.899999618530272,14.899999618530272,4.048173427581787,20100
2001-08-03,15.010000228881836,15.010000228881836,14.899999618530272,14.960000038146973,4.06447696685791,8200
2001-08-06,14.90999984741211,15.050000190734863,14.899999618530272,14.90999984741211,4.050891399383545,6900
2001-08-07,14.90999984741211,14.90999984741211,14.869999885559082,14.869999885559082,4.040024280548096,4400
2001-08-08,14.880000114440918,14.9399995803833,14.880000114440918,14.9399995803833,4.059042453765869,3100
2001-08-09,14.890000343322754,14.949999809265137,14.890000343322754,14.899999618530272,4.048173427581787,13200
2001-08-10,14.899999618530272,14.9399995803833,14.880000114440918,14.9399995803833,4.059042453765869,10600
2001-08-13,14.949999809265137,14.989999771118164,14.9399995803833,14.989999771118164,4.072625637054443,5500
2001-08-14,14.949999809265137,14.949999809265137,14.899999618530272,14.899999618530272,4.048173427581787,8400
2001-08-15,14.899999618530272,14.989999771118164,14.899999618530272,14.989999771118164,4.072625637054443,10000
2001-08-16,14.989999771118164,15.0,14.899999618530272,15.0,4.075342655181885,13800
2001-08-17,15.0,15.09000015258789,14.989999771118164,15.09000015258789,4.099795341491699,6700
2001-08-20,15.0,15.199999809265137,15.0,15.109999656677246,4.105230331420898,17800
2001-08-21,15.100000381469728,15.18000030517578,14.970000267028809,15.100000381469728,4.102512836456299,12700
2001-08-22,15.119999885559082,15.140000343322754,15.010000228881836,15.029999732971191,4.083495140075684,7000
2001-08-23,15.130000114440918,15.140000343322754,15.050000190734863,15.100000381469728,4.102512836456299,5900
2001-08-24,15.0600004196167,15.0600004196167,15.0600004196167,15.0600004196167,4.091646671295166,7100
2001-08-27,15.149999618530272,15.149999618530272,15.0600004196167,15.06999969482422,4.094361305236816,18000
2001-08-28,15.100000381469728,15.220000267028809,15.0600004196167,15.199999809265137,4.129680633544922,8800
2001-08-29,15.199999809265137,15.220000267028809,15.170000076293944,15.170000076293944,4.121531009674072,9400
2001-08-30,15.15999984741211,15.239999771118164,15.149999618530272,15.170000076293944,4.121531009674072,20300
2001-08-31,15.149999618530272,15.149999618530272,15.050000190734863,15.06999969482422,4.094361305236816,14100
2001-09-04,15.100000381469728,15.149999618530272,15.0,15.09000015258789,4.099795341491699,12900
2001-09-05,15.010000228881836,15.100000381469728,14.960000038146973,15.09000015258789,4.099795341491699,6700
2001-09-06,15.0,15.09000015258789,14.949999809265137,15.050000190734863,4.088927745819092,8100
2001-09-07,15.09000015258789,15.100000381469728,14.949999809265137,15.100000381469728,4.102512836456299,10700
2001-09-10,15.010000228881836,15.100000381469728,15.0,15.0,4.075342655181885,8700
2001-09-17,14.9399995803833,15.0,14.550000190734863,14.600000381469728,3.9666693210601807,21300
2001-09-18,14.550000190734863,14.699999809265137,14.5,14.699999809265137,3.9938387870788574,11600
2001-09-19,14.699999809265137,14.699999809265137,14.5,14.600000381469728,3.9666693210601807,12100
2001-09-20,14.399999618530272,14.449999809265137,14.100000381469728,14.100000381469728,3.900280237197876,11900
2001-09-21,14.109999656677246,14.300000190734863,13.949999809265137,14.100000381469728,3.900280237197876,19100
2001-09-24,13.949999809265137,14.050000190734863,13.899999618530272,13.899999618530272,3.844957590103149,27900
2001-09-25,13.949999809265137,14.149999618530272,13.829999923706056,14.149999618530272,3.914109945297241,19400
2001-09-26,14.050000190734863,14.25,14.050000190734863,14.25,3.941771745681762,14800
2001-09-27,14.300000190734863,14.449999809265137,14.300000190734863,14.449999809265137,3.997094631195069,9900
2001-09-28,14.5,14.6899995803833,14.449999809265137,14.600000381469728,4.038589954376221,10300
2001-10-01,14.699999809265137,14.850000381469728,14.699999809265137,14.850000381469728,4.107740879058838,5000
2001-10-02,14.949999809265137,15.050000190734863,14.850000381469728,15.0,4.149233818054199,14600
2001-10-03,15.0,15.050000190734863,14.90999984741211,15.039999961853027,4.160298824310303,6400
2001-10-04,15.039999961853027,15.039999961853027,14.949999809265137,14.949999809265137,4.13540506362915,900
2001-10-05,14.90999984741211,15.039999961853027,14.90999984741211,15.039999961853027,4.160298824310303,5200
2001-10-08,15.0,15.039999961853027,14.899999618530272,15.039999961853027,4.160298824310303,6300
2001-10-09,14.920000076293944,15.0,14.800000190734863,14.949999809265137,4.13540506362915,6400
2001-10-10,14.949999809265137,15.050000190734863,14.949999809265137,15.050000190734863,4.163066387176514,12800
2001-10-11,15.050000190734863,15.050000190734863,14.800000190734863,15.0,4.149233818054199,14800
2001-10-12,15.039999961853027,15.050000190734863,15.0,15.050000190734863,4.163066387176514,7600
2001-10-15,15.0,15.0,14.899999618530272,14.949999809265137,4.13540506362915,15100
2001-10-16,15.0,15.050000190734863,14.970000267028809,15.039999961853027,4.160298824310303,13900
2001-10-17,15.020000457763672,15.050000190734863,15.010000228881836,15.020000457763672,4.154767990112305,13500
2001-10-18,15.039999961853027,15.079999923706056,15.0,15.0600004196167,4.165831089019775,11700
2001-10-19,15.039999961853027,15.079999923706056,14.989999771118164,15.039999961853027,4.160298824310303,8100
2001-10-22,15.039999961853027,15.079999923706056,14.899999618530272,15.020000457763672,4.154767990112305,14900
2001-10-23,15.020000457763672,15.020000457763672,14.649999618530272,14.899999618530272,4.121571063995361,8300
2001-10-24,14.989999771118164,15.06999969482422,14.949999809265137,15.0600004196167,4.165831089019775,7200
2001-10-25,15.0,15.0,14.800000190734863,14.960000038146973,4.138169765472412,11800
2001-10-26,14.9399995803833,14.989999771118164,14.81999969482422,14.899999618530272,4.121571063995361,12700
2001-10-29,14.989999771118164,15.06999969482422,14.859999656677246,14.90999984741211,4.124338150024414,10000
2001-10-30,14.899999618530272,15.06999969482422,14.899999618530272,14.979999542236328,4.143700122833252,7700
2001-10-31,14.979999542236328,15.0,14.869999885559082,15.0,4.149233818054199,15000
2001-11-01,14.880000114440918,14.979999542236328,14.880000114440918,14.979999542236328,4.143700122833252,17100
2001-11-02,15.0,15.100000381469728,14.960000038146973,15.020000457763672,4.154767990112305,20100
2001-11-05,15.010000228881836,15.09000015258789,14.869999885559082,15.050000190734863,4.163066387176514,18300
2001-11-06,14.949999809265137,15.079999923706056,14.949999809265137,14.979999542236328,4.143700122833252,20400
2001-11-07,15.09000015258789,15.100000381469728,14.970000267028809,15.09000015258789,4.174129009246826,12800
2001-11-08,15.09000015258789,15.100000381469728,14.979999542236328,15.100000381469728,4.176896095275879,10900
2001-11-09,15.09000015258789,15.100000381469728,15.050000190734863,15.100000381469728,4.176896095275879,13100
2001-11-12,15.140000343322754,15.149999618530272,15.100000381469728,15.130000114440918,4.185194969177246,15200
2001-11-13,15.0600004196167,15.140000343322754,15.050000190734863,15.140000343322754,4.187961578369141,11300
2001-11-14,15.109999656677246,15.199999809265137,15.100000381469728,15.149999618530272,4.1907267570495605,7200
2001-11-15,15.149999618530272,15.199999809265137,15.0,15.0600004196167,4.165831089019775,13300
2001-11-16,14.960000038146973,15.0,14.800000190734863,15.0,4.149233818054199,13500
2001-11-19,15.050000190734863,15.050000190734863,14.850000381469728,14.899999618530272,4.121571063995361,13700
2001-11-20,14.920000076293944,15.039999961853027,14.920000076293944,15.0,4.149233818054199,18300
2001-11-21,15.050000190734863,15.050000190734863,15.0,15.0,4.149233818054199,17500
2001-11-23,14.949999809265137,15.0,14.859999656677246,14.90999984741211,4.124338150024414,8300
2001-11-26,14.949999809265137,14.949999809265137,14.84000015258789,14.84000015258789,4.104975700378418,12400
2001-11-27,14.850000381469728,14.949999809265137,14.850000381469728,14.949999809265137,4.13540506362915,20800
2001-11-28,14.649999618530272,14.81999969482422,14.649999618530272,14.760000228881836,4.152281761169434,43700
2001-11-29,14.800000190734863,14.800000190734863,14.65999984741211,14.699999809265137,4.135404109954834,14100
2001-11-30,14.800000190734863,14.8100004196167,14.710000038146973,14.800000190734863,4.163535118103027,12000
2001-12-03,14.800000190734863,14.8100004196167,14.729999542236328,14.760000228881836,4.152281761169434,5600
2001-12-04,14.760000228881836,14.84000015258789,14.670000076293944,14.800000190734863,4.163535118103027,11900
2001-12-05,14.699999809265137,14.75,14.449999809265137,14.550000190734863,4.093204021453857,13000
2001-12-06,14.600000381469728,14.600000381469728,14.350000381469728,14.550000190734863,4.093204021453857,11800
2001-12-07,14.539999961853027,14.539999961853027,14.279999732971191,14.350000381469728,4.036941051483154,5800
2001-12-10,14.350000381469728,14.539999961853027,14.15999984741211,14.529999732971191,4.087578773498535,19000
2001-12-11,14.510000228881836,14.510000228881836,14.350000381469728,14.5,4.079140186309815,9000
2001-12-12,14.5,14.699999809265137,14.470000267028809,14.600000381469728,4.107271671295166,9200
2001-12-13,14.699999809265137,14.699999809265137,14.510000228881836,14.649999618530272,4.121335983276367,9800
2001-12-14,14.609999656677246,14.829999923706056,14.5600004196167,14.699999809265137,4.135404109954834,10000
2001-12-17,14.600000381469728,14.720000267028809,14.550000190734863,14.600000381469728,4.107271671295166,4600
2001-12-18,14.699999809265137,14.720000267028809,14.369999885559082,14.600000381469728,4.107271671295166,11300
2001-12-19,14.699999809265137,14.729999542236328,14.529999732971191,14.640000343322754,4.118524074554443,7600
2001-12-20,14.5,14.600000381469728,14.380000114440918,14.43000030517578,4.059447765350342,16400
2001-12-21,14.449999809265137,14.59000015258789,14.449999809265137,14.579999923706056,4.101644992828369,5400
2001-12-24,14.59000015258789,14.59000015258789,14.390000343322754,14.399999618530272,4.05100679397583,3900
2001-12-26,14.449999809265137,14.5,14.369999885559082,14.369999885559082,4.042567729949951,4200
2001-12-27,14.489999771118164,14.539999961853027,14.359999656677246,14.460000038146973,4.067886829376221,27900
2001-12-28,14.470000267028809,14.720000267028809,14.449999809265137,14.470000267028809,4.070699691772461,14600
2001-12-31,14.470000267028809,14.649999618530272,14.470000267028809,14.649999618530272,4.121335983276367,16700
2002-01-02,14.550000190734863,14.899999618530272,14.4399995803833,14.470000267028809,4.070699691772461,11900
2002-01-03,14.56999969482422,14.720000267028809,14.5,14.710000038146973,4.138216018676758,8700
2002-01-04,14.710000038146973,14.710000038146973,14.5,14.600000381469728,4.107271671295166,11300
2002-01-07,14.550000190734863,14.75,14.539999961853027,14.75,4.14946985244751,3200
2002-01-08,14.75,14.760000228881836,14.600000381469728,14.760000228881836,4.152281761169434,5800
2002-01-09,14.770000457763672,14.770000457763672,14.65999984741211,14.65999984741211,4.124151229858398,12400
2002-01-10,14.699999809265137,14.800000190734863,14.649999618530272,14.800000190734863,4.163535118103027,13000
2002-01-11,14.800000190734863,14.899999618530272,14.710000038146973,14.800000190734863,4.163535118103027,9800
2002-01-14,14.899999618530272,14.899999618530272,14.75,14.800000190734863,4.163535118103027,7000
2002-01-15,14.899999618530272,14.9399995803833,14.760000228881836,14.93000030517578,4.200106620788574,10300
2002-01-16,14.899999618530272,14.9399995803833,14.859999656677246,14.899999618530272,4.191668510437012,13800
2002-01-17,14.859999656677246,14.899999618530272,14.75,14.850000381469728,4.177600860595703,11400
2002-01-18,14.760000228881836,14.899999618530272,14.699999809265137,14.899999618530272,4.191668510437012,8500
2002-01-22,14.920000076293944,15.449999809265137,14.859999656677246,15.199999809265137,4.27606201171875,41100
2002-01-23,15.100000381469728,15.100000381469728,14.899999618530272,14.949999809265137,4.205733776092529,25500
2002-01-24,15.0,15.039999961853027,14.850000381469728,14.859999656677246,4.180416107177734,8600
2002-01-25,14.859999656677246,15.050000190734863,14.859999656677246,15.039999961853027,4.231051921844482,11900
2002-01-28,15.0,15.050000190734863,14.899999618530272,15.0,4.2197980880737305,9400
2002-01-29,15.050000190734863,15.130000114440918,14.949999809265137,15.020000457763672,4.225424766540527,6400
2002-01-30,15.0,15.130000114440918,15.0,15.100000381469728,4.2479329109191895,3400
2002-01-31,15.100000381469728,15.100000381469728,14.899999618530272,14.899999618530272,4.191668510437012,5800
2002-02-01,14.859999656677246,15.0,14.850000381469728,15.0,4.2197980880737305,11000
2002-02-04,14.899999618530272,14.989999771118164,14.8100004196167,14.850000381469728,4.177600860595703,14200
2002-02-05,14.899999618530272,15.050000190734863,14.850000381469728,15.0,4.2197980880737305,5700
2002-02-06,15.050000190734863,15.149999618530272,14.850000381469728,14.859999656677246,4.180416107177734,20200
2002-02-07,15.0,15.0,14.850000381469728,14.850000381469728,4.177600860595703,9300
2002-02-08,14.93000030517578,15.050000190734863,14.899999618530272,15.0,4.2197980880737305,12600
2002-02-11,14.90999984741211,15.039999961853027,14.899999618530272,15.039999961853027,4.231051921844482,12000
2002-02-12,14.960000038146973,15.039999961853027,14.960000038146973,15.020000457763672,4.225424766540527,5000
2002-02-13,15.0,15.039999961853027,15.0,15.0,4.2197980880737305,5800
2002-02-14,15.039999961853027,15.140000343322754,15.029999732971191,15.029999732971191,4.228240966796875,6100
2002-02-15,15.0,15.149999618530272,15.0,15.100000381469728,4.2479329109191895,10100
2002-02-19,15.149999618530272,15.1899995803833,15.050000190734863,15.119999885559082,4.253558158874512,6900
2002-02-20,15.199999809265137,15.239999771118164,15.100000381469728,15.149999618530272,4.261995315551758,10400
2002-02-21,15.25,15.25,15.050000190734863,15.050000190734863,4.23386812210083,12600
2002-02-22,15.109999656677246,15.289999961853027,15.109999656677246,15.149999618530272,4.261995315551758,7900
2002-02-25,15.300000190734863,15.34000015258789,15.100000381469728,15.239999771118164,4.287315368652344,10000
2002-02-26,15.25,15.300000190734863,15.06999969482422,15.300000190734863,4.304195880889893,5800
2002-02-27,15.34000015258789,15.34000015258789,15.199999809265137,15.199999809265137,4.27606201171875,11200
2002-02-28,15.100000381469728,15.1899995803833,15.050000190734863,15.050000190734863,4.23386812210083,5900
2002-03-01,15.050000190734863,15.300000190734863,15.050000190734863,15.199999809265137,4.27606201171875,13500
2002-03-04,15.149999618530272,15.239999771118164,15.119999885559082,15.119999885559082,4.253558158874512,9400
2002-03-05,15.079999923706056,15.149999618530272,15.020000457763672,15.130000114440918,4.25637149810791,13600
2002-03-06,14.899999618530272,15.09000015258789,14.899999618530272,15.0,4.285799980163574,8400
2002-03-07,15.029999732971191,15.029999732971191,14.899999618530272,14.899999618530272,4.257227420806885,13200
2002-03-08,14.859999656677246,14.9399995803833,14.800000190734863,14.9399995803833,4.268655776977539,9300
2002-03-11,14.899999618530272,14.899999618530272,14.770000457763672,14.81999969482422,4.234369277954102,21400
2002-03-12,14.800000190734863,14.880000114440918,14.75,14.75,4.214369773864746,13700
2002-03-13,14.800000190734863,14.899999618530272,14.710000038146973,14.899999618530272,4.257227420806885,11200
2002-03-14,14.880000114440918,14.899999618530272,14.710000038146973,14.850000381469728,4.24294376373291,12500
2002-03-15,14.880000114440918,14.880000114440918,14.6899995803833,14.699999809265137,4.200085639953613,9100
2002-03-18,14.649999618530272,14.789999961853027,14.600000381469728,14.600000381469728,4.171511173248291,12400
2002-03-19,14.600000381469728,14.699999809265137,14.520000457763672,14.520000457763672,4.148656368255615,8200
2002-03-20,14.510000228881836,14.729999542236328,14.329999923706056,14.449999809265137,4.128653526306152,15500
2002-03-21,14.449999809265137,14.539999961853027,14.300000190734863,14.539999961853027,4.1543684005737305,10700
2002-03-22,14.5,14.579999923706056,14.350000381469728,14.380000114440918,4.108654499053955,7300
2002-03-25,14.479999542236328,14.600000381469728,14.350000381469728,14.399999618530272,4.114367961883545,9200
2002-03-26,14.380000114440918,14.619999885559082,14.350000381469728,14.449999809265137,4.128653526306152,12400
2002-03-27,14.550000190734863,14.619999885559082,14.399999618530272,14.5,4.142939567565918,14100
2002-03-28,14.600000381469728,14.600000381469728,14.350000381469728,14.5,4.142939567565918,12700
2002-04-01,14.600000381469728,14.600000381469728,14.380000114440918,14.380000114440918,4.108654499053955,6500
2002-04-02,14.300000190734863,14.399999618530272,14.25,14.399999618530272,4.114367961883545,11400
2002-04-03,14.399999618530272,14.5,14.260000228881836,14.449999809265137,4.128653526306152,12500
2002-04-04,14.40999984741211,14.539999961853027,14.300000190734863,14.399999618530272,4.114367961883545,10000
2002-04-05,14.460000038146973,14.649999618530272,14.449999809265137,14.630000114440918,4.180082321166992,9900
2002-04-08,14.600000381469728,14.75,14.5,14.5,4.142939567565918,7700
2002-04-09,14.600000381469728,14.68000030517578,14.449999809265137,14.5,4.142939567565918,9500
2002-04-10,14.550000190734863,14.649999618530272,14.5,14.5,4.142939567565918,12200
2002-04-11,14.550000190734863,14.68000030517578,14.550000190734863,14.68000030517578,4.194370269775391,4700
2002-04-12,14.600000381469728,14.649999618530272,14.420000076293944,14.529999732971191,4.151512622833252,19000
2002-04-15,14.43000030517578,14.68000030517578,14.43000030517578,14.550000190734863,4.157227039337158,20000
2002-04-16,14.600000381469728,14.600000381469728,14.449999809265137,14.550000190734863,4.157227039337158,6600
2002-04-17,14.460000038146973,14.68000030517578,14.460000038146973,14.600000381469728,4.171511173248291,6600
2002-04-18,14.5,14.539999961853027,14.5,14.539999961853027,4.1543684005737305,6800
2002-04-19,14.600000381469728,14.68000030517578,14.5,14.600000381469728,4.171511173248291,11200
2002-04-22,14.600000381469728,14.619999885559082,14.510000228881836,14.619999885559082,4.177226066589356,5900
2002-04-23,14.520000457763672,14.619999885559082,14.5,14.520000457763672,4.148656368255615,13900
2002-04-24,14.510000228881836,14.600000381469728,14.4399995803833,14.579999923706056,4.165796279907227,13900
2002-04-25,14.609999656677246,14.65999984741211,14.609999656677246,14.65999984741211,4.188653469085693,6100
2002-04-26,14.600000381469728,14.65999984741211,14.529999732971191,14.600000381469728,4.171511173248291,7500
2002-04-29,14.609999656677246,14.670000076293944,14.600000381469728,14.670000076293944,4.191511154174805,14900
2002-04-30,14.699999809265137,14.699999809265137,14.600000381469728,14.699999809265137,4.200085639953613,1300
2002-05-01,14.739999771118164,14.800000190734863,14.649999618530272,14.800000190734863,4.22865629196167,12600
2002-05-02,14.75,14.899999618530272,14.75,14.760000228881836,4.217227935791016,8200
2002-05-03,14.609999656677246,14.989999771118164,14.609999656677246,14.949999809265137,4.271512985229492,11800
2002-05-06,14.899999618530272,15.0,14.800000190734863,14.989999771118164,4.282942771911621,17500
2002-05-07,14.970000267028809,14.970000267028809,14.949999809265137,14.960000038146973,4.274370193481445,45100
2002-05-08,14.960000038146973,15.0,14.960000038146973,14.960000038146973,4.274370193481445,29900
2002-05-09,15.0,15.0,14.970000267028809,14.970000267028809,4.277228832244873,22000
2002-05-10,15.06999969482422,15.06999969482422,14.960000038146973,14.960000038146973,4.274370193481445,27000
2002-05-13,14.970000267028809,15.15999984741211,14.970000267028809,15.15999984741211,4.331516265869141,14100
2002-05-14,15.100000381469728,15.100000381469728,15.020000457763672,15.050000190734863,4.300086498260498,7700
2002-05-15,15.029999732971191,15.079999923706056,15.010000228881836,15.029999732971191,4.294371604919434,11400
2002-05-16,15.020000457763672,15.020000457763672,15.020000457763672,15.020000457763672,4.291514873504639,100
2002-05-17,15.079999923706056,15.079999923706056,15.010000228881836,15.020000457763672,4.291514873504639,6700
2002-05-20,15.020000457763672,15.130000114440918,15.010000228881836,15.050000190734863,4.300086498260498,5900
2002-05-21,15.050000190734863,15.140000343322754,15.020000457763672,15.050000190734863,4.300086498260498,9400
2002-05-22,15.140000343322754,15.140000343322754,15.020000457763672,15.119999885559082,4.320087909698486,9300
2002-05-23,15.15999984741211,15.199999809265137,15.130000114440918,15.149999618530272,4.328657627105713,9700
2002-05-24,15.149999618530272,15.149999618530272,15.0600004196167,15.0600004196167,4.30294132232666,12300
2002-05-28,15.0600004196167,15.199999809265137,15.0600004196167,15.199999809265137,4.342942237854004,15100
2002-05-29,15.199999809265137,15.199999809265137,15.100000381469728,15.199999809265137,4.342942237854004,7300
2002-05-30,15.0600004196167,15.06999969482422,14.899999618530272,14.970000267028809,4.345846176147461,95900
2002-05-31,15.010000228881836,15.010000228881836,14.81999969482422,14.899999618530272,4.325525283813477,4400
2002-06-03,15.0,15.0,14.81999969482422,14.81999969482422,4.302300930023193,7500
2002-06-04,14.8100004196167,15.0,14.800000190734863,15.0,4.354555606842041,16500
2002-06-05,15.010000228881836,15.010000228881836,14.850000381469728,14.859999656677246,4.313912868499756,7400
2002-06-06,14.960000038146973,14.960000038146973,14.850000381469728,14.9399995803833,4.3371357917785645,5300
2002-06-07,14.84000015258789,14.880000114440918,14.760000228881836,14.8100004196167,4.299400329589844,9800
2002-06-10,14.850000381469728,14.949999809265137,14.850000381469728,14.949999809265137,4.34004020690918,1600
2002-06-11,14.960000038146973,15.0,14.90999984741211,14.989999771118164,4.351653575897217,5100
2002-06-12,14.890000343322754,15.010000228881836,14.81999969482422,15.0,4.354555606842041,11500
2002-06-13,14.899999618530272,15.0,14.899999618530272,14.949999809265137,4.34004020690918,4600
2002-06-14,14.90999984741211,15.010000228881836,14.90999984741211,15.010000228881836,4.357460498809815,9400
2002-06-17,15.020000457763672,15.100000381469728,14.949999809265137,15.06999969482422,4.374875545501709,12400
2002-06-18,15.079999923706056,15.079999923706056,15.0,15.0600004196167,4.371972560882568,47900
2002-06-19,15.06999969482422,15.06999969482422,15.0,15.050000190734863,4.369072914123535,5400
2002-06-20,15.020000457763672,15.050000190734863,15.0,15.050000190734863,4.369072914123535,3900
2002-06-21,15.0600004196167,15.149999618530272,15.0,15.079999923706056,4.377780914306641,31900
2002-06-24,15.050000190734863,15.09000015258789,15.0,15.010000228881836,4.357460498809815,3800
2002-06-25,15.09000015258789,15.09000015258789,14.949999809265137,14.949999809265137,4.34004020690918,25500
2002-06-26,14.970000267028809,15.0,14.899999618530272,14.949999809265137,4.34004020690918,7600
2002-06-27,14.989999771118164,14.989999771118164,14.800000190734863,14.899999618530272,4.325525283813477,9100
2002-06-28,15.0,15.0,14.829999923706056,14.899999618530272,4.325525283813477,2900
2002-07-01,15.0,15.039999961853027,14.850000381469728,14.899999618530272,4.325525283813477,7100
2002-07-02,15.0,15.0,14.829999923706056,14.949999809265137,4.34004020690918,5200
2002-07-03,14.899999618530272,14.949999809265137,14.850000381469728,14.850000381469728,4.311009883880615,5000
2002-07-05,14.800000190734863,14.899999618530272,14.800000190734863,14.899999618530272,4.325525283813477,1700
2002-07-08,14.800000190734863,14.850000381469728,14.6899995803833,14.829999923706056,4.305205345153809,6300
2002-07-09,14.850000381469728,14.949999809265137,14.760000228881836,14.93000030517578,4.33423376083374,7900
2002-07-10,14.9399995803833,14.9399995803833,14.800000190734863,14.800000190734863,4.296494960784912,5700
2002-07-11,14.75,14.800000190734863,14.6899995803833,14.800000190734863,4.296494960784912,8600
2002-07-12,14.75,14.789999961853027,14.65999984741211,14.789999961853027,4.29359245300293,3100
2002-07-15,14.890000343322754,15.029999732971191,14.850000381469728,14.90999984741211,4.32843017578125,6900
2002-07-16,14.8100004196167,14.899999618530272,14.800000190734863,14.800000190734863,4.296494960784912,7000
2002-07-17,14.75,14.880000114440918,14.649999618530272,14.649999618530272,4.252950668334961,22300
2002-07-18,14.600000381469728,14.68000030517578,14.399999618530272,14.600000381469728,4.238434791564941,22300
2002-07-19,14.649999618530272,14.779999732971191,14.539999961853027,14.640000343322754,4.25004768371582,11800
2002-07-22,14.739999771118164,14.75,14.600000381469728,14.75,4.281979560852051,9000
2002-07-23,14.699999809265137,14.699999809265137,14.520000457763672,14.600000381469728,4.238434791564941,10100
2002-07-24,14.5,14.5,14.210000038146973,14.350000381469728,4.165858745574951,23400
2002-07-25,14.25,14.550000190734863,14.25,14.350000381469728,4.165858745574951,15200
2002-07-26,14.380000114440918,14.5,14.300000190734863,14.5,4.2094035148620605,11500
2002-07-29,14.449999809265137,14.520000457763672,14.380000114440918,14.520000457763672,4.215209484100342,9100
2002-07-30,14.489999771118164,14.899999618530272,14.479999542236328,14.890000343322754,4.32262134552002,20900
2002-07-31,14.84000015258789,14.93000030517578,14.699999809265137,14.869999885559082,4.3168158531188965,15000
2002-08-01,14.770000457763672,14.9399995803833,14.649999618530272,14.75,4.281979560852051,6700
2002-08-02,14.760000228881836,14.93000030517578,14.699999809265137,14.710000038146973,4.270368099212647,8500
2002-08-05,14.720000267028809,14.899999618530272,14.710000038146973,14.770000457763672,4.28778600692749,9700
2002-08-06,14.770000457763672,14.850000381469728,14.75,14.850000381469728,4.311009883880615,3200
2002-08-07,14.850000381469728,14.850000381469728,14.75,14.75,4.281979560852051,4200
2002-08-08,14.800000190734863,14.899999618530272,14.75,14.899999618530272,4.325525283813477,8200
2002-08-09,14.899999618530272,14.93000030517578,14.75,14.93000030517578,4.33423376083374,9400
2002-08-12,14.850000381469728,14.949999809265137,14.800000190734863,14.800000190734863,4.296494960784912,4900
2002-08-13,14.850000381469728,14.899999618530272,14.710000038146973,14.899999618530272,4.325525283813477,4600
2002-08-14,14.899999618530272,14.949999809265137,14.75,14.899999618530272,4.325525283813477,11600
2002-08-15,14.800000190734863,14.899999618530272,14.600000381469728,14.899999618530272,4.325525283813477,26700
2002-08-16,14.800000190734863,14.8100004196167,14.760000228881836,14.8100004196167,4.299400329589844,4500
2002-08-19,14.75,14.899999618530272,14.75,14.850000381469728,4.311009883880615,14000
2002-08-20,14.8100004196167,14.93000030517578,14.8100004196167,14.850000381469728,4.311009883880615,3000
2002-08-21,14.8100004196167,14.949999809265137,14.8100004196167,14.949999809265137,4.34004020690918,8500
2002-08-22,14.899999618530272,14.970000267028809,14.899999618530272,14.920000076293944,4.331331253051758,4900
2002-08-23,14.979999542236328,14.979999542236328,14.9399995803833,14.9399995803833,4.3371357917785645,1000
2002-08-26,14.989999771118164,15.0,14.9399995803833,15.0,4.354555606842041,15800
2002-08-27,14.949999809265137,15.050000190734863,14.899999618530272,15.0,4.354555606842041,18800
2002-08-28,14.960000038146973,15.010000228881836,14.960000038146973,15.0,4.354555606842041,7000
2002-08-29,14.899999618530272,15.010000228881836,14.899999618530272,15.0,4.354555606842041,8400
2002-08-30,14.90999984741211,15.050000190734863,14.90999984741211,15.050000190734863,4.369072914123535,11500
2002-09-03,15.039999961853027,15.039999961853027,14.90999984741211,15.039999961853027,4.36616849899292,18300
2002-09-04,14.899999618530272,15.0,14.710000038146973,14.800000190734863,4.361747741699219,22600
2002-09-05,14.81999969482422,14.989999771118164,14.8100004196167,14.899999618530272,4.391218185424805,9400
2002-09-06,14.859999656677246,15.020000457763672,14.859999656677246,15.0,4.420689582824707,5900
2002-09-09,14.899999618530272,15.039999961853027,14.890000343322754,15.029999732971191,4.429531574249268,7500
2002-09-10,15.0,15.029999732971191,14.829999923706056,14.829999923706056,4.370588779449463,17500
2002-09-11,14.800000190734863,14.899999618530272,14.800000190734863,14.880000114440918,4.3853254318237305,5400
2002-09-12,14.949999809265137,14.949999809265137,14.859999656677246,14.899999618530272,4.391218185424805,3000
2002-09-13,14.859999656677246,15.0,14.859999656677246,14.9399995803833,4.403005123138428,5700
2002-09-16,14.890000343322754,15.039999961853027,14.890000343322754,15.029999732971191,4.429531574249268,7500
2002-09-17,14.949999809265137,15.039999961853027,14.800000190734863,14.8100004196167,4.364696025848389,21600
2002-09-18,14.75,14.800000190734863,14.699999809265137,14.779999732971191,4.355852127075195,8400
2002-09-19,14.779999732971191,14.949999809265137,14.720000267028809,14.850000381469728,4.376482963562012,7300
2002-09-20,14.75,14.979999542236328,14.75,14.800000190734863,4.361747741699219,18500
2002-09-23,14.800000190734863,14.949999809265137,14.800000190734863,14.800000190734863,4.361747741699219,13200
2002-09-24,14.850000381469728,15.0,14.800000190734863,14.899999618530272,4.391218185424805,43600
2002-09-25,15.0,15.039999961853027,15.0,15.0,4.420689582824707,4900
2002-09-26,14.949999809265137,15.050000190734863,14.949999809265137,15.039999961853027,4.432478904724121,5700
2002-09-27,15.039999961853027,15.039999961853027,15.0,15.039999961853027,4.432478904724121,7700
2002-09-30,14.9399995803833,15.029999732971191,14.859999656677246,15.029999732971191,4.429531574249268,12700
2002-10-01,15.039999961853027,15.039999961853027,14.949999809265137,14.949999809265137,4.405953407287598,10200
2002-10-02,14.949999809265137,15.039999961853027,14.949999809265137,15.039999961853027,4.432478904724121,26300
2002-10-03,15.0,15.029999732971191,14.899999618530272,15.029999732971191,4.429531574249268,26400
2002-10-04,15.029999732971191,15.029999732971191,14.90999984741211,14.989999771118164,4.41774320602417,7000
2002-10-07,14.949999809265137,15.020000457763672,14.899999618530272,14.899999618530272,4.391218185424805,6000
2002-10-08,15.039999961853027,15.039999961853027,14.920000076293944,14.920000076293944,4.397112846374512,17000
2002-10-09,14.899999618530272,15.0,14.880000114440918,14.880000114440918,4.3853254318237305,9600
2002-10-10,14.869999885559082,14.880000114440918,14.800000190734863,14.800000190734863,4.361747741699219,22600
2002-10-11,14.800000190734863,14.899999618530272,14.800000190734863,14.800000190734863,4.361747741699219,11500
2002-10-14,14.800000190734863,14.869999885559082,14.760000228881836,14.869999885559082,4.3823771476745605,3700
2002-10-15,14.869999885559082,14.869999885559082,14.43000030517578,14.5,4.2733330726623535,11400
2002-10-16,14.600000381469728,14.619999885559082,14.460000038146973,14.479999542236328,4.267439842224121,8000
2002-10-17,14.550000190734863,14.59000015258789,14.380000114440918,14.380000114440918,4.237969398498535,16600
2002-10-18,14.300000190734863,14.350000381469728,14.270000457763672,14.300000190734863,4.214391231536865,5300
2002-10-21,14.279999732971191,14.5,14.279999732971191,14.350000381469728,4.229126453399658,24800
2002-10-22,14.300000190734863,14.380000114440918,14.15999984741211,14.210000038146973,4.187866687774658,18800
2002-10-23,14.239999771118164,14.350000381469728,14.199999809265137,14.350000381469728,4.229126453399658,12100
2002-10-24,14.25,14.350000381469728,14.210000038146973,14.350000381469728,4.229126453399658,16100
2002-10-25,14.300000190734863,14.350000381469728,14.279999732971191,14.350000381469728,4.229126453399658,10200
2002-10-28,14.350000381469728,14.550000190734863,14.220000267028809,14.229999542236328,4.193761348724365,12000
2002-10-29,14.229999542236328,14.390000343322754,14.229999542236328,14.350000381469728,4.229126453399658,13900
2002-10-30,14.25,14.390000343322754,14.25,14.350000381469728,4.229126453399658,8500
2002-10-31,14.4399995803833,14.550000190734863,14.399999618530272,14.5,4.2733330726623535,11500
2002-11-01,14.399999618530272,14.5,14.359999656677246,14.449999809265137,4.258598804473877,3100
2002-11-04,14.399999618530272,14.489999771118164,14.350000381469728,14.489999771118164,4.270386219024658,5000
2002-11-05,14.489999771118164,14.729999542236328,14.460000038146973,14.729999542236328,4.341115951538086,11100
2002-11-06,14.699999809265137,14.84000015258789,14.600000381469728,14.84000015258789,4.373538017272949,15100
2002-11-07,14.800000190734863,14.800000190734863,14.619999885559082,14.619999885559082,4.308699131011963,6400
2002-11-08,14.619999885559082,14.739999771118164,14.619999885559082,14.739999771118164,4.344064712524414,8300
2002-11-11,14.699999809265137,14.699999809265137,14.5600004196167,14.6899995803833,4.329331398010254,5400
2002-11-12,14.699999809265137,14.699999809265137,14.579999923706056,14.68000030517578,4.326382637023926,8200
2002-11-13,14.600000381469728,14.600000381469728,14.56999969482422,14.56999969482422,4.293962001800537,3000
2002-11-14,14.670000076293944,14.6899995803833,14.56999969482422,14.649999618530272,4.317541122436523,6700
2002-11-15,14.6899995803833,14.6899995803833,14.550000190734863,14.550000190734863,4.2880706787109375,8500
2002-11-18,14.649999618530272,14.699999809265137,14.5600004196167,14.640000343322754,4.314594745635986,5200
2002-11-19,14.649999618530272,14.6899995803833,14.619999885559082,14.6899995803833,4.329331398010254,4100
2002-11-20,14.699999809265137,15.0,14.649999618530272,14.649999618530272,4.317541122436523,18500
2002-11-21,14.640000343322754,14.65999984741211,14.640000343322754,14.649999618530272,4.317541122436523,5400
2002-11-22,14.649999618530272,14.65999984741211,14.640000343322754,14.640000343322754,4.314594745635986,6600
2002-11-25,14.68000030517578,14.68000030517578,14.609999656677246,14.609999656677246,4.305751323699951,15100
2002-11-26,14.520000457763672,14.520000457763672,14.300000190734863,14.399999618530272,4.308144569396973,34800
2002-11-27,14.390000343322754,14.399999618530272,14.31999969482422,14.369999885559082,4.299170970916748,4900
2002-11-29,14.390000343322754,14.390000343322754,14.350000381469728,14.350000381469728,4.293186187744141,800
2002-12-02,14.359999656677246,14.470000267028809,14.359999656677246,14.420000076293944,4.314127445220947,70700
2002-12-03,14.369999885559082,14.489999771118164,14.369999885559082,14.399999618530272,4.308144569396973,8500
2002-12-04,14.420000076293944,14.420000076293944,14.399999618530272,14.399999618530272,4.308144569396973,6700
2002-12-05,14.380000114440918,14.479999542236328,14.380000114440918,14.43000030517578,4.317120552062988,10100
2002-12-06,14.479999542236328,14.600000381469728,14.420000076293944,14.5,4.3380632400512695,11100
2002-12-09,14.520000457763672,14.550000190734863,14.380000114440918,14.5,4.3380632400512695,16300
2002-12-10,14.449999809265137,14.640000343322754,14.449999809265137,14.640000343322754,4.37994909286499,10800
2002-12-11,14.640000343322754,14.640000343322754,14.56999969482422,14.56999969482422,4.359004497528076,3000
2002-12-12,14.640000343322754,14.649999618530272,14.550000190734863,14.579999923706056,4.361995697021484,6900
2002-12-13,14.68000030517578,14.68000030517578,14.56999969482422,14.56999969482422,4.359004497528076,5800
2002-12-16,14.59000015258789,14.699999809265137,14.579999923706056,14.649999618530272,4.382940292358398,4400
2002-12-17,14.699999809265137,14.789999961853027,14.600000381469728,14.600000381469728,4.36798095703125,4700
2002-12-18,14.550000190734863,14.550000190734863,14.510000228881836,14.510000228881836,4.341055393218994,2400
2002-12-19,14.520000457763672,14.68000030517578,14.510000228881836,14.649999618530272,4.382940292358398,3900
2002-12-20,14.619999885559082,14.699999809265137,14.619999885559082,14.699999809265137,4.397899627685547,5600
2002-12-23,14.710000038146973,14.75,14.670000076293944,14.699999809265137,4.397899627685547,7400
2002-12-24,14.699999809265137,14.699999809265137,14.699999809265137,14.699999809265137,4.397899627685547,500
2002-12-26,14.720000267028809,14.779999732971191,14.600000381469728,14.68000030517578,4.391916275024414,5100
2002-12-27,14.65999984741211,14.699999809265137,14.609999656677246,14.640000343322754,4.37994909286499,2500
2002-12-30,14.739999771118164,14.770000457763672,14.649999618530272,14.699999809265137,4.397899627685547,2700
2002-12-31,14.800000190734863,14.800000190734863,14.649999618530272,14.65999984741211,4.38593053817749,8500
2003-01-02,14.65999984741211,14.770000457763672,14.65999984741211,14.720000267028809,4.4038825035095215,5500
2003-01-03,14.81999969482422,14.949999809265137,14.729999542236328,14.770000457763672,4.418841361999512,10900
2003-01-06,14.770000457763672,14.850000381469728,14.770000457763672,14.81999969482422,4.4337992668151855,1200
2003-01-07,14.8100004196167,14.979999542236328,14.770000457763672,14.960000038146973,4.475683212280273,8000
2003-01-08,14.899999618530272,14.949999809265137,14.81999969482422,14.949999809265137,4.472692012786865,5900
2003-01-09,14.899999618530272,14.960000038146973,14.890000343322754,14.93000030517578,4.466708660125732,6000
2003-01-10,14.850000381469728,14.90999984741211,14.84000015258789,14.84000015258789,4.439785480499268,4200
2003-01-13,14.899999618530272,14.9399995803833,14.800000190734863,14.890000343322754,4.45474100112915,18300
2003-01-14,14.899999618530272,15.25,14.899999618530272,15.25,4.562445163726807,25700
2003-01-15,15.149999618530272,15.25,15.029999732971191,15.220000267028809,4.553471565246582,9400
2003-01-16,15.1899995803833,15.1899995803833,15.0,15.100000381469728,4.517569541931152,4600
2003-01-17,15.0,15.18000030517578,15.0,15.18000030517578,4.541502475738525,13000
2003-01-21,15.199999809265137,15.199999809265137,15.100000381469728,15.100000381469728,4.517569541931152,12200
2003-01-22,15.100000381469728,15.25,15.100000381469728,15.229999542236328,4.556461334228516,13300
2003-01-23,15.199999809265137,15.25,15.109999656677246,15.149999618530272,4.532527923583984,5600
2003-01-24,15.149999618530272,15.279999732971191,15.149999618530272,15.199999809265137,4.547485828399658,28600
2003-01-27,15.199999809265137,15.199999809265137,15.199999809265137,15.199999809265137,4.547485828399658,3300
2003-01-28,15.199999809265137,15.270000457763672,15.199999809265137,15.270000457763672,4.568427085876465,11900
2003-01-29,15.229999542236328,15.279999732971191,15.199999809265137,15.199999809265137,4.547485828399658,6100
2003-01-30,15.270000457763672,15.270000457763672,15.199999809265137,15.199999809265137,4.547485828399658,14400
2003-01-31,15.149999618530272,15.199999809265137,15.06999969482422,15.18000030517578,4.541502475738525,6000
2003-02-03,15.109999656677246,15.239999771118164,15.039999961853027,15.239999771118164,4.559453964233398,6800
2003-02-04,15.220000267028809,15.220000267028809,15.010000228881836,15.119999885559082,4.523553371429443,13100
2003-02-05,15.130000114440918,15.25,15.100000381469728,15.149999618530272,4.532527923583984,10200
2003-02-06,15.15999984741211,15.239999771118164,15.100000381469728,15.100000381469728,4.517569541931152,9300
2003-02-07,15.119999885559082,15.239999771118164,15.029999732971191,15.140000343322754,4.529536724090576,12700
2003-02-10,15.100000381469728,15.119999885559082,15.029999732971191,15.09000015258789,4.5145792961120605,4700
2003-02-11,15.020000457763672,15.25,15.020000457763672,15.220000267028809,4.553471565246582,17200
2003-02-12,15.149999618530272,15.239999771118164,15.140000343322754,15.239999771118164,4.559453964233398,17700
2003-02-13,15.199999809265137,15.239999771118164,15.149999618530272,15.1899995803833,4.54449462890625,4900
2003-02-14,15.210000038146973,15.43000030517578,15.149999618530272,15.199999809265137,4.547485828399658,8900
2003-02-18,15.210000038146973,15.25,15.149999618530272,15.25,4.562445163726807,17000
2003-02-19,15.18000030517578,15.210000038146973,15.15999984741211,15.199999809265137,4.547485828399658,16100
2003-02-20,15.199999809265137,15.300000190734863,15.149999618530272,15.18000030517578,4.541502475738525,19200
2003-02-21,15.25,15.279999732971191,15.15999984741211,15.210000038146973,4.55048131942749,6300
2003-02-24,15.220000267028809,15.380000114440918,15.220000267028809,15.229999542236328,4.556461334228516,16700
2003-02-25,15.210000038146973,15.25,15.149999618530272,15.149999618530272,4.532527923583984,20900
2003-02-26,15.25,15.399999618530272,15.170000076293944,15.399999618530272,4.607321739196777,16700
2003-02-27,15.3100004196167,15.40999984741211,15.300000190734863,15.300000190734863,4.577404499053955,11400
2003-02-28,15.31999969482422,15.449999809265137,15.31999969482422,15.380000114440918,4.601337909698486,4600
2003-03-03,15.479999542236328,15.5,15.34000015258789,15.5,4.6372389793396,16300
2003-03-04,15.399999618530272,15.550000190734863,15.399999618530272,15.470000267028809,4.628264427185059,12900
2003-03-05,15.359999656677246,15.529999732971191,15.199999809265137,15.3100004196167,4.6489129066467285,12800
2003-03-06,15.390000343322754,15.43000030517578,15.260000228881836,15.43000030517578,4.68535041809082,11700
2003-03-07,15.43000030517578,15.550000190734863,15.260000228881836,15.5,4.706605911254883,18100
2003-03-10,15.5,15.5,15.270000457763672,15.300000190734863,4.645877361297607,8600
2003-03-11,15.170000076293944,15.479999542236328,15.170000076293944,15.420000076293944,4.682313442230225,9600
2003-03-12,15.350000381469728,15.399999618530272,15.170000076293944,15.25,4.630692958831787,20300
2003-03-13,15.210000038146973,15.5,15.210000038146973,15.3100004196167,4.6489129066467285,7700
2003-03-14,15.40999984741211,15.460000038146973,15.220000267028809,15.220000267028809,4.621584415435791,10700
2003-03-17,15.170000076293944,15.18000030517578,15.149999618530272,15.18000030517578,4.609435558319092,12600
2003-03-18,15.15999984741211,15.15999984741211,15.130000114440918,15.140000343322754,4.597291946411133,16300
2003-03-19,15.18000030517578,15.18000030517578,15.130000114440918,15.149999618530272,4.6003289222717285,19800
2003-03-20,15.149999618530272,15.1899995803833,15.06999969482422,15.140000343322754,4.597291946411133,9400
2003-03-21,15.18000030517578,15.18000030517578,15.130000114440918,15.18000030517578,4.609435558319092,7300
2003-03-24,15.1899995803833,15.1899995803833,15.09000015258789,15.130000114440918,4.594255447387695,8900
2003-03-25,15.130000114440918,15.18000030517578,15.050000190734863,15.0600004196167,4.572999000549316,18100
2003-03-26,15.050000190734863,15.25,15.050000190734863,15.199999809265137,4.615511417388916,8100
2003-03-27,15.25,15.25,15.149999618530272,15.149999618530272,4.6003289222717285,4000
2003-03-28,15.229999542236328,15.229999542236328,15.130000114440918,15.18000030517578,4.609435558319092,8100
2003-03-31,15.229999542236328,15.270000457763672,15.15999984741211,15.15999984741211,4.603364944458008,3500
2003-04-01,15.300000190734863,15.43000030517578,15.270000457763672,15.270000457763672,4.636765480041504,10900
2003-04-02,15.279999732971191,15.420000076293944,15.279999732971191,15.3100004196167,4.6489129066467285,9200
2003-04-03,15.369999885559082,15.449999809265137,15.359999656677246,15.359999656677246,4.664095878601074,8600
2003-04-04,15.300000190734863,15.390000343322754,15.300000190734863,15.380000114440918,4.670169353485107,5400
2003-04-07,15.380000114440918,15.380000114440918,15.25,15.380000114440918,4.670169353485107,3900
2003-04-08,15.300000190734863,15.3100004196167,15.25,15.300000190734863,4.645877361297607,5100
2003-04-09,15.239999771118164,15.300000190734863,15.239999771118164,15.300000190734863,4.645877361297607,3200
2003-04-10,15.25,15.260000228881836,15.229999542236328,15.260000228881836,4.633729934692383,1500
2003-04-11,15.350000381469728,15.4399995803833,15.229999542236328,15.289999961853027,4.642840385437012,11500
2003-04-14,15.25,15.399999618530272,15.210000038146973,15.390000343322754,4.67320728302002,11500
2003-04-15,15.479999542236328,15.489999771118164,15.329999923706056,15.329999923706056,4.654984951019287,9200
2003-04-16,15.489999771118164,15.5,15.399999618530272,15.460000038146973,4.694459438323975,5800
2003-04-17,15.399999618530272,15.489999771118164,15.399999618530272,15.399999618530272,4.676241397857666,7800
2003-04-21,15.4399995803833,15.4399995803833,15.399999618530272,15.40999984741211,4.679277420043945,5500
2003-04-22,15.489999771118164,15.5,15.40999984741211,15.43000030517578,4.68535041809082,8200
2003-04-23,15.40999984741211,15.4399995803833,15.229999542236328,15.25,4.630692958831787,21800
2003-04-24,15.260000228881836,15.380000114440918,15.260000228881836,15.300000190734863,4.645877361297607,9300
2003-04-25,15.25,15.380000114440918,15.25,15.380000114440918,4.670169353485107,4400
2003-04-28,15.350000381469728,15.4399995803833,15.350000381469728,15.350000381469728,4.661058902740479,3300
2003-04-29,15.479999542236328,15.479999542236328,15.369999885559082,15.369999885559082,4.667132377624512,8000
2003-04-30,15.40999984741211,15.420000076293944,15.359999656677246,15.380000114440918,4.670169353485107,4200
2003-05-01,15.380000114440918,15.550000190734863,15.380000114440918,15.449999809265137,4.691423416137695,12100
2003-05-02,15.420000076293944,15.550000190734863,15.420000076293944,15.550000190734863,4.721789360046387,8700
2003-05-05,15.5,15.75,15.5,15.75,4.782520294189453,14400
2003-05-06,15.5,15.68000030517578,15.449999809265137,15.600000381469728,4.736973285675049,16700
2003-05-07,15.68000030517578,15.68000030517578,15.539999961853027,15.68000030517578,4.761265277862549,5100
2003-05-08,15.550000190734863,15.6899995803833,15.520000457763672,15.6899995803833,4.764300346374512,5900
2003-05-09,15.619999885559082,15.6899995803833,15.600000381469728,15.65999984741211,4.755192279815674,4700
2003-05-12,15.65999984741211,15.699999809265137,15.649999618530272,15.65999984741211,4.755192279815674,6200
2003-05-13,15.619999885559082,15.68000030517578,15.619999885559082,15.68000030517578,4.761265277862549,6300
2003-05-14,15.670000076293944,15.880000114440918,15.649999618530272,15.880000114440918,4.821994781494141,9800
2003-05-15,15.699999809265137,15.8100004196167,15.699999809265137,15.800000190734863,4.797702312469482,7600
2003-05-16,15.800000190734863,15.850000381469728,15.68000030517578,15.779999732971191,4.791628837585449,12600
2003-05-19,15.699999809265137,15.800000190734863,15.670000076293944,15.75,4.782520294189453,11800
2003-05-20,15.710000038146973,15.850000381469728,15.699999809265137,15.81999969482422,4.803775310516357,13600
2003-05-21,15.8100004196167,15.970000267028809,15.8100004196167,15.960000038146973,4.846286296844482,7700
2003-05-22,16.0,16.0,15.899999618530272,15.90999984741211,4.831104278564453,14500
2003-05-23,15.899999618530272,16.030000686645508,15.850000381469728,16.030000686645508,4.867542266845703,13200
2003-05-27,16.030000686645508,16.030000686645508,15.8100004196167,15.949999809265137,4.843249797821045,14700
2003-05-28,15.770000457763672,15.880000114440918,15.649999618530272,15.649999618530272,4.821070671081543,10300
2003-05-29,15.710000038146973,15.789999961853027,15.710000038146973,15.75,4.851876258850098,8700
2003-05-30,15.75,15.949999809265137,15.75,15.880000114440918,4.891926288604736,6000
2003-06-02,15.869999885559082,15.93000030517578,15.850000381469728,15.93000030517578,4.907327175140381,8700
2003-06-03,15.899999618530272,15.93000030517578,15.81999969482422,15.920000076293944,4.904246807098389,12000
2003-06-04,15.850000381469728,15.890000343322754,15.75,15.760000228881836,4.854956150054932,13000
2003-06-05,15.75,15.850000381469728,15.75,15.75,4.851876258850098,6700
2003-06-06,15.729999542236328,15.859999656677246,15.699999809265137,15.699999809265137,4.8364739418029785,16600
2003-06-09,15.720000267028809,15.760000228881836,15.710000038146973,15.739999771118164,4.8487958908081055,6100
2003-06-10,15.699999809265137,15.760000228881836,15.699999809265137,15.760000228881836,4.854956150054932,5500
2003-06-11,15.779999732971191,15.829999923706056,15.75,15.779999732971191,4.861117362976074,15000
2003-06-12,15.789999961853027,15.880000114440918,15.699999809265137,15.710000038146973,4.839555263519287,12300
2003-06-13,15.800000190734863,15.890000343322754,15.770000457763672,15.770000457763672,4.858036994934082,9000
2003-06-16,15.779999732971191,15.859999656677246,15.699999809265137,15.699999809265137,4.8364739418029785,23300
2003-06-17,15.850000381469728,15.880000114440918,15.760000228881836,15.770000457763672,4.858036994934082,25600
2003-06-18,15.869999885559082,15.880000114440918,15.789999961853027,15.880000114440918,4.891926288604736,11400
2003-06-19,15.899999618530272,15.920000076293944,15.75,15.75,4.851876258850098,34700
2003-06-20,15.75,15.84000015258789,15.710000038146973,15.720000267028809,4.842634677886963,17300
2003-06-23,15.699999809265137,15.779999732971191,15.699999809265137,15.699999809265137,4.8364739418029785,5200
2003-06-24,15.649999618530272,15.779999732971191,15.649999618530272,15.760000228881836,4.854956150054932,6400
2003-06-25,15.800000190734863,15.949999809265137,15.6899995803833,15.800000190734863,4.867279052734375,18500
2003-06-26,15.880000114440918,15.880000114440918,15.710000038146973,15.81999969482422,4.873441219329834,10200
2003-06-27,15.869999885559082,15.869999885559082,15.720000267028809,15.779999732971191,4.861117362976074,9500
2003-06-30,15.859999656677246,15.859999656677246,15.699999809265137,15.699999809265137,4.8364739418029785,12000
2003-07-01,15.770000457763672,15.779999732971191,15.649999618530272,15.649999618530272,4.821070671081543,8600
2003-07-02,15.710000038146973,15.779999732971191,15.710000038146973,15.720000267028809,4.842634677886963,3900
2003-07-03,15.770000457763672,15.770000457763672,15.670000076293944,15.670000076293944,4.827231407165527,8500
2003-07-07,15.579999923706056,15.649999618530272,15.5,15.5,4.7748613357543945,16400
2003-07-08,15.579999923706056,15.579999923706056,15.510000228881836,15.520000457763672,4.7810235023498535,7600
2003-07-09,15.600000381469728,15.630000114440918,15.510000228881836,15.510000228881836,4.777942657470703,7200
2003-07-10,15.609999656677246,15.630000114440918,15.550000190734863,15.630000114440918,4.814907073974609,4400
2003-07-11,15.550000190734863,15.75,15.550000190734863,15.699999809265137,4.8364739418029785,6600
2003-07-14,15.699999809265137,15.699999809265137,15.630000114440918,15.68000030517578,4.830310821533203,4500
2003-07-15,15.600000381469728,15.6899995803833,15.5600004196167,15.59000015258789,4.802587032318115,43200
2003-07-16,15.520000457763672,15.520000457763672,15.369999885559082,15.369999885559082,4.734816551208496,18600
2003-07-17,15.399999618530272,15.399999618530272,15.140000343322754,15.199999809265137,4.6824445724487305,17300
2003-07-18,15.220000267028809,15.220000267028809,15.15999984741211,15.15999984741211,4.670122623443604,7300
2003-07-21,15.020000457763672,15.109999656677246,15.0,15.100000381469728,4.651640892028809,14200
2003-07-22,15.0,15.06999969482422,14.949999809265137,14.949999809265137,4.60543155670166,9800
2003-07-23,14.949999809265137,15.039999961853027,14.949999809265137,14.989999771118164,4.617753505706787,4500
2003-07-24,15.029999732971191,15.100000381469728,15.010000228881836,15.050000190734863,4.636237144470215,8800
2003-07-25,15.079999923706056,15.149999618530272,15.020000457763672,15.029999732971191,4.630076885223389,6400
2003-07-28,15.130000114440918,15.149999618530272,14.899999618530272,14.979999542236328,4.614672660827637,62400
2003-07-29,15.0,15.0,14.859999656677246,14.899999618530272,4.590027809143066,16300
2003-07-30,14.949999809265137,14.949999809265137,14.850000381469728,14.899999618530272,4.590027809143066,29300
2003-07-31,14.899999618530272,14.899999618530272,14.75,14.75,4.543818950653076,25000
2003-08-01,14.75,14.75,14.630000114440918,14.630000114440918,4.506854057312012,14300
2003-08-04,14.640000343322754,14.84000015258789,14.600000381469728,14.609999656677246,4.500691890716553,21300
2003-08-05,14.699999809265137,14.81999969482422,14.649999618530272,14.81999969482422,4.5653839111328125,15600
2003-08-06,14.720000267028809,14.800000190734863,14.699999809265137,14.720000267028809,4.534578800201416,10800
2003-08-07,14.720000267028809,14.829999923706056,14.710000038146973,14.800000190734863,4.559225082397461,10600
2003-08-08,14.729999542236328,14.970000267028809,14.729999542236328,14.800000190734863,4.559225082397461,12100
2003-08-11,14.850000381469728,14.880000114440918,14.800000190734863,14.850000381469728,4.57462739944458,12000
2003-08-12,14.8100004196167,14.890000343322754,14.8100004196167,14.890000343322754,4.586947441101074,9000
2003-08-13,14.949999809265137,14.949999809265137,14.760000228881836,14.789999961853027,4.556143760681152,6700
2003-08-14,14.789999961853027,14.890000343322754,14.739999771118164,14.770000457763672,4.549980640411377,16500
2003-08-15,14.869999885559082,14.869999885559082,14.600000381469728,14.65999984741211,4.5160956382751465,3400
2003-08-18,14.760000228881836,14.8100004196167,14.670000076293944,14.779999732971191,4.553062438964844,14100
2003-08-19,14.880000114440918,14.890000343322754,14.779999732971191,14.869999885559082,4.58078670501709,8400
2003-08-20,14.890000343322754,14.890000343322754,14.779999732971191,14.84000015258789,4.57154655456543,5600
2003-08-21,14.859999656677246,14.899999618530272,14.779999732971191,14.800000190734863,4.559225082397461,6800
2003-08-22,14.899999618530272,14.899999618530272,14.8100004196167,14.899999618530272,4.590027809143066,8000
2003-08-25,14.949999809265137,14.949999809265137,14.800000190734863,14.800000190734863,4.559225082397461,7400
2003-08-26,14.899999618530272,14.899999618530272,14.770000457763672,14.859999656677246,4.577705383300781,12400
2003-08-27,14.9399995803833,14.9399995803833,14.829999923706056,14.829999923706056,4.568463802337647,4200
2003-08-28,14.880000114440918,15.0,14.84000015258789,14.989999771118164,4.617753505706787,10600
2003-08-29,14.890000343322754,14.949999809265137,14.850000381469728,14.949999809265137,4.60543155670166,14200
2003-09-02,14.850000381469728,14.949999809265137,14.850000381469728,14.899999618530272,4.590027809143066,5900
2003-09-03,14.710000038146973,14.710000038146973,14.609999656677246,14.609999656677246,4.571254730224609,7400
2003-09-04,14.65999984741211,14.800000190734863,14.600000381469728,14.68000030517578,4.5931596755981445,19200
2003-09-05,14.75,14.789999961853027,14.630000114440918,14.699999809265137,4.599415302276611,12700
2003-09-08,14.779999732971191,14.800000190734863,14.720000267028809,14.779999732971191,4.624445915222168,10000
2003-09-09,14.800000190734863,14.800000190734863,14.75,14.789999961853027,4.627575397491455,7100
2003-09-10,14.760000228881836,14.800000190734863,14.760000228881836,14.800000190734863,4.6307053565979,7500
2003-09-11,14.84000015258789,14.890000343322754,14.779999732971191,14.890000343322754,4.658862590789795,8300
2003-09-12,14.890000343322754,15.029999732971191,14.850000381469728,15.029999732971191,4.702669143676758,7100
2003-09-15,15.0,15.0,14.81999969482422,14.829999923706056,4.640089511871338,9500
2003-09-16,14.859999656677246,14.989999771118164,14.850000381469728,14.859999656677246,4.649475574493408,14900
2003-09-17,14.920000076293944,14.989999771118164,14.869999885559082,14.890000343322754,4.658862590789795,3400
2003-09-18,14.989999771118164,15.010000228881836,14.920000076293944,15.010000228881836,4.696409702301025,14800
2003-09-19,15.06999969482422,15.130000114440918,15.0,15.0,4.693280220031738,5500
2003-09-22,15.06999969482422,15.119999885559082,14.970000267028809,15.039999961853027,4.705796241760254,6700
2003-09-23,15.06999969482422,15.079999923706056,15.0,15.079999923706056,4.718310832977295,6000
2003-09-24,15.149999618530272,15.149999618530272,14.989999771118164,15.0,4.693280220031738,6700
2003-09-25,15.050000190734863,15.06999969482422,14.970000267028809,15.020000457763672,4.699540615081787,8500
2003-09-26,15.100000381469728,15.199999809265137,15.100000381469728,15.1899995803833,4.752727031707764,6900
2003-09-29,15.1899995803833,15.350000381469728,15.15999984741211,15.350000381469728,4.802793025970459,13500
2003-09-30,15.4399995803833,15.4399995803833,15.31999969482422,15.34000015258789,4.799662113189697,5400
2003-10-01,15.539999961853027,15.539999961853027,15.399999618530272,15.470000267028809,4.840337753295898,19500
2003-10-02,15.529999732971191,15.529999732971191,15.300000190734863,15.300000190734863,4.78714656829834,14700
2003-10-03,15.199999809265137,15.199999809265137,15.0600004196167,15.109999656677246,4.727698802947998,13200
2003-10-06,15.130000114440918,15.1899995803833,15.06999969482422,15.06999969482422,4.715181827545166,4600
2003-10-07,15.06999969482422,15.18000030517578,15.050000190734863,15.18000030517578,4.749600410461426,3100
2003-10-08,15.079999923706056,15.149999618530272,14.949999809265137,15.010000228881836,4.696409702301025,8800
2003-10-09,15.09000015258789,15.149999618530272,15.010000228881836,15.109999656677246,4.727698802947998,4800
2003-10-10,15.100000381469728,15.18000030517578,15.100000381469728,15.109999656677246,4.727698802947998,4300
2003-10-13,15.199999809265137,15.210000038146973,15.010000228881836,15.050000190734863,4.708926677703857,5900
2003-10-14,15.0600004196167,15.1899995803833,15.0,15.149999618530272,4.740214347839356,5500
2003-10-15,15.09000015258789,15.100000381469728,15.029999732971191,15.09000015258789,4.721440315246582,12100
2003-10-16,15.0600004196167,15.170000076293944,15.0600004196167,15.0600004196167,4.712052822113037,4000
2003-10-17,15.0600004196167,15.18000030517578,15.0600004196167,15.06999969482422,4.715181827545166,5700
2003-10-20,15.06999969482422,15.100000381469728,15.06999969482422,15.06999969482422,4.715181827545166,5300
2003-10-21,15.079999923706056,15.149999618530272,15.0600004196167,15.0600004196167,4.712052822113037,14200
2003-10-22,15.149999618530272,15.18000030517578,15.09000015258789,15.09000015258789,4.721440315246582,5100
2003-10-23,15.1899995803833,15.1899995803833,14.93000030517578,15.119999885559082,4.7308268547058105,19800
2003-10-24,15.149999618530272,15.149999618530272,15.100000381469728,15.100000381469728,4.724570274353027,2900
2003-10-27,15.130000114440918,15.130000114440918,15.010000228881836,15.050000190734863,4.708926677703857,3700
2003-10-28,15.0600004196167,15.15999984741211,15.0600004196167,15.15999984741211,4.74334192276001,8600
2003-10-29,15.15999984741211,15.289999961853027,15.039999961853027,15.09000015258789,4.721440315246582,13000
2003-10-30,15.050000190734863,15.170000076293944,15.029999732971191,15.100000381469728,4.724570274353027,6800
2003-10-31,15.100000381469728,15.170000076293944,15.100000381469728,15.100000381469728,4.724570274353027,8400
2003-11-03,15.079999923706056,15.15999984741211,15.079999923706056,15.079999923706056,4.718310832977295,17200
2003-11-04,15.100000381469728,15.1899995803833,15.050000190734863,15.18000030517578,4.749600410461426,22800
2003-11-05,15.210000038146973,15.210000038146973,15.039999961853027,15.06999969482422,4.715181827545166,9000
2003-11-06,15.050000190734863,15.119999885559082,15.029999732971191,15.06999969482422,4.715181827545166,3900
2003-11-07,15.119999885559082,15.119999885559082,15.0,15.079999923706056,4.718310832977295,10000
2003-11-10,15.039999961853027,15.149999618530272,15.0,15.0,4.693280220031738,8900
2003-11-11,15.06999969482422,15.170000076293944,15.029999732971191,15.039999961853027,4.705796241760254,11000
2003-11-12,15.140000343322754,15.15999984741211,15.09000015258789,15.15999984741211,4.74334192276001,5800
2003-11-13,15.18000030517578,15.239999771118164,15.170000076293944,15.170000076293944,4.7464704513549805,2200
2003-11-14,15.229999542236328,15.229999542236328,15.140000343322754,15.140000343322754,4.737083435058594,1600
2003-11-17,15.15999984741211,15.15999984741211,15.140000343322754,15.15999984741211,4.74334192276001,8300
2003-11-18,15.199999809265137,15.3100004196167,15.100000381469728,15.3100004196167,4.790275573730469,14700
2003-11-19,15.350000381469728,15.350000381469728,15.199999809265137,15.260000228881836,4.774632930755615,7900
2003-11-20,15.359999656677246,15.489999771118164,15.25,15.399999618530272,4.818437099456787,8000
2003-11-21,15.489999771118164,15.489999771118164,15.100000381469728,15.130000114440918,4.733956813812256,12700
2003-11-24,15.229999542236328,15.229999542236328,15.15999984741211,15.15999984741211,4.74334192276001,6400
2003-11-25,15.329999923706056,15.350000381469728,15.199999809265137,15.239999771118164,4.768373012542725,4900
2003-11-26,15.34000015258789,15.34000015258789,15.199999809265137,15.199999809265137,4.755857944488525,2400
2003-11-28,15.300000190734863,15.300000190734863,15.130000114440918,15.149999618530272,4.740214347839356,1700
2003-12-01,15.25,15.43000030517578,15.06999969482422,15.18000030517578,4.749600410461426,17900
2003-12-02,15.279999732971191,15.380000114440918,15.109999656677246,15.18000030517578,4.749600410461426,10800
2003-12-03,15.25,15.34000015258789,15.170000076293944,15.3100004196167,4.790275573730469,7000
2003-12-04,15.380000114440918,15.399999618530272,15.199999809265137,15.390000343322754,4.815305233001709,9100
2003-12-05,15.289999961853027,15.359999656677246,15.239999771118164,15.239999771118164,4.768373012542725,7400
2003-12-08,15.34000015258789,15.350000381469728,15.100000381469728,15.270000457763672,4.777760028839111,18800
2003-12-09,15.31999969482422,15.34000015258789,15.300000190734863,15.329999923706056,4.79653263092041,3900
2003-12-10,15.43000030517578,15.579999923706056,15.420000076293944,15.420000076293944,4.824692249298096,7600
2003-12-11,15.329999923706056,15.479999542236328,15.25,15.350000381469728,4.802793025970459,17600
2003-12-12,15.399999618530272,15.5,15.399999618530272,15.40999984741211,4.821563720703125,6300
2003-12-15,15.420000076293944,15.670000076293944,15.380000114440918,15.5600004196167,4.8684983253479,9200
2003-12-16,15.460000038146973,15.670000076293944,15.460000038146973,15.470000267028809,4.840337753295898,13700
2003-12-17,15.029999732971191,15.260000228881836,15.029999732971191,15.199999809265137,4.925891876220703,10500
2003-12-18,15.300000190734863,15.300000190734863,15.119999885559082,15.119999885559082,4.899966716766357,13200
2003-12-19,15.220000267028809,15.350000381469728,15.18000030517578,15.300000190734863,4.9583001136779785,21000
2003-12-22,15.5,15.5,15.199999809265137,15.300000190734863,4.9583001136779785,18400
2003-12-23,15.18000030517578,15.399999618530272,15.149999618530272,15.300000190734863,4.9583001136779785,16300
2003-12-24,15.289999961853027,15.289999961853027,15.170000076293944,15.289999961853027,4.95505952835083,2700
2003-12-26,15.399999618530272,15.420000076293944,15.399999618530272,15.420000076293944,4.99718713760376,6600
2003-12-29,15.420000076293944,15.479999542236328,15.279999732971191,15.359999656677246,4.977743625640869,15400
2003-12-30,15.300000190734863,15.390000343322754,15.25,15.359999656677246,4.977743625640869,17900
2003-12-31,15.5,15.5,15.380000114440918,15.390000343322754,4.987465858459473,25500
2004-01-02,15.489999771118164,15.489999771118164,15.210000038146973,15.220000267028809,4.932374477386475,19900
2004-01-05,15.470000267028809,15.470000267028809,15.239999771118164,15.31999969482422,4.964780330657959,15300
2004-01-06,15.34000015258789,15.34000015258789,15.220000267028809,15.300000190734863,4.9583001136779785,29500
2004-01-07,15.350000381469728,15.350000381469728,15.239999771118164,15.34000015258789,4.971261978149414,20600
2004-01-08,15.350000381469728,15.359999656677246,15.260000228881836,15.270000457763672,4.948576927185059,9200
2004-01-09,15.350000381469728,15.369999885559082,15.3100004196167,15.350000381469728,4.974505424499512,8200
2004-01-12,15.449999809265137,15.5,15.270000457763672,15.34000015258789,4.971261978149414,13400
2004-01-13,15.4399995803833,15.489999771118164,15.199999809265137,15.239999771118164,4.938855171203613,14100
2004-01-14,15.25,15.34000015258789,15.199999809265137,15.229999542236328,4.93561315536499,15200
2004-01-15,15.270000457763672,15.550000190734863,15.270000457763672,15.460000038146973,5.010150909423828,17800
2004-01-16,15.460000038146973,15.600000381469728,15.399999618530272,15.529999732971191,5.032835006713867,12500
2004-01-20,15.550000190734863,15.600000381469728,15.520000457763672,15.600000381469728,5.055521011352539,10400
2004-01-21,15.579999923706056,15.640000343322754,15.579999923706056,15.619999885559082,5.062000274658203,22000
2004-01-22,15.5600004196167,15.649999618530272,15.5,15.630000114440918,5.06524133682251,22100
2004-01-23,15.630000114440918,15.670000076293944,15.550000190734863,15.56999969482422,5.04580020904541,15200
2004-01-26,15.600000381469728,15.699999809265137,15.550000190734863,15.6899995803833,5.084686279296875,17300
2004-01-27,15.640000343322754,15.649999618530272,15.520000457763672,15.649999618530272,5.07172441482544,8300
2004-01-28,15.630000114440918,15.649999618530272,15.56999969482422,15.649999618530272,5.07172441482544,16300
2004-01-29,15.65999984741211,15.65999984741211,15.529999732971191,15.550000190734863,5.039316654205322,21500
2004-01-30,15.56999969482422,15.579999923706056,15.460000038146973,15.550000190734863,5.039316654205322,28000
2004-02-02,15.489999771118164,15.539999961853027,15.489999771118164,15.539999961853027,5.036078929901123,7500
2004-02-03,15.539999961853027,15.68000030517578,15.449999809265137,15.510000228881836,5.02635383605957,22400
2004-02-04,15.479999542236328,15.579999923706056,15.460000038146973,15.470000267028809,5.013391494750977,10700
2004-02-05,15.449999809265137,15.5,15.40999984741211,15.5,5.0231122970581055,5700
2004-02-06,15.460000038146973,15.479999542236328,15.399999618530272,15.470000267028809,5.013391494750977,10400
2004-02-09,15.399999618530272,15.5,15.399999618530272,15.470000267028809,5.013391494750977,7300
2004-02-10,15.470000267028809,15.539999961853027,15.470000267028809,15.520000457763672,5.029595851898193,7000
2004-02-11,15.5,15.609999656677246,15.5,15.5600004196167,5.042558670043945,13200
2004-02-12,15.550000190734863,15.59000015258789,15.489999771118164,15.56999969482422,5.04580020904541,11800
2004-02-13,15.5,15.550000190734863,15.460000038146973,15.510000228881836,5.02635383605957,13500
2004-02-17,15.5600004196167,15.59000015258789,15.460000038146973,15.550000190734863,5.039316654205322,15800
2004-02-18,15.5,15.59000015258789,15.359999656677246,15.390000343322754,4.987465858459473,37700
2004-02-19,15.4399995803833,15.6899995803833,15.4399995803833,15.670000076293944,5.078206062316895,26100
2004-02-20,15.619999885559082,15.6899995803833,15.609999656677246,15.670000076293944,5.078206062316895,10200
2004-02-23,15.6899995803833,15.6899995803833,15.600000381469728,15.68000030517578,5.08144474029541,21700
2004-02-24,15.68000030517578,15.68000030517578,15.539999961853027,15.539999961853027,5.036078929901123,14900
2004-02-25,15.59000015258789,15.649999618530272,15.510000228881836,15.539999961853027,5.036078929901123,9300
2004-02-26,15.640000343322754,15.649999618530272,15.550000190734863,15.649999618530272,5.07172441482544,7600
2004-02-27,15.609999656677246,15.640000343322754,15.56999969482422,15.609999656677246,5.058760166168213,2500
2004-03-01,15.609999656677246,15.6899995803833,15.539999961853027,15.6899995803833,5.084686279296875,8800
2004-03-02,15.68000030517578,15.68000030517578,15.630000114440918,15.630000114440918,5.06524133682251,1700
2004-03-03,15.609999656677246,15.670000076293944,15.600000381469728,15.670000076293944,5.078206062316895,9400
2004-03-04,15.649999618530272,15.670000076293944,15.600000381469728,15.600000381469728,5.055521011352539,7600
2004-03-05,15.68000030517578,15.699999809265137,15.600000381469728,15.649999618530272,5.07172441482544,12800
2004-03-08,15.649999618530272,15.6899995803833,15.600000381469728,15.68000030517578,5.08144474029541,11800
2004-03-09,15.6899995803833,15.699999809265137,15.609999656677246,15.68000030517578,5.08144474029541,8400
2004-03-10,15.6899995803833,15.989999771118164,15.68000030517578,15.989999771118164,5.181907653808594,25000
2004-03-11,15.989999771118164,16.010000228881836,15.859999656677246,16.010000228881836,5.188391208648682,31400
2004-03-12,16.0,16.010000228881836,15.880000114440918,15.90999984741211,5.155981540679932,30300
2004-03-15,15.90999984741211,16.079999923706055,15.90999984741211,16.010000228881836,5.188391208648682,21500
2004-03-16,15.979999542236328,16.110000610351562,15.960000038146973,16.09000015258789,5.214317321777344,20500
2004-03-17,16.0,16.0,15.779999732971191,15.859999656677246,5.240751266479492,17800
2004-03-18,15.899999618530272,16.020000457763672,15.880000114440918,15.880000114440918,5.247360706329346,22000
2004-03-19,15.949999809265137,16.100000381469727,15.949999809265137,15.989999771118164,5.283708095550537,8600
2004-03-22,15.979999542236328,15.979999542236328,15.8100004196167,15.9399995803833,5.267184257507324,9900
2004-03-23,15.84000015258789,16.149999618530273,15.8100004196167,16.149999618530273,5.33657693862915,25700
2004-03-24,16.25,16.25,16.06999969482422,16.149999618530273,5.33657693862915,18300
2004-03-25,16.190000534057617,16.229999542236328,16.049999237060547,16.190000534057617,5.349794864654541,10500
2004-03-26,16.229999542236328,16.229999542236328,16.059999465942383,16.149999618530273,5.33657693862915,14000
2004-03-29,16.190000534057617,16.219999313354492,16.030000686645508,16.149999618530273,5.33657693862915,14500
2004-03-30,16.200000762939453,16.239999771118164,16.049999237060547,16.079999923706055,5.313445091247559,18800
2004-03-31,16.170000076293945,16.200000762939453,16.030000686645508,16.110000610351562,5.323360919952393,13500
2004-04-01,16.18000030517578,16.200000762939453,16.06999969482422,16.079999923706055,5.313445091247559,14900
2004-04-02,16.040000915527344,16.06999969482422,15.859999656677246,15.880000114440918,5.247360706329346,21600
2004-04-05,15.800000190734863,15.800000190734863,15.40999984741211,15.529999732971191,5.131704330444336,10800
2004-04-06,15.529999732971191,15.550000190734863,15.479999542236328,15.510000228881836,5.125097274780273,8100
2004-04-07,15.510000228881836,15.649999618530272,15.4399995803833,15.649999618530272,5.171360492706299,10600
2004-04-08,15.75,15.779999732971191,15.470000267028809,15.600000381469728,5.154836654663086,9800
2004-04-12,15.600000381469728,15.600000381469728,15.4399995803833,15.5,5.121792316436768,19300
2004-04-13,15.399999618530272,15.399999618530272,15.149999618530272,15.239999771118164,5.035879135131836,14700
2004-04-14,15.140000343322754,15.140000343322754,14.899999618530272,14.899999618530272,4.923530101776123,26900
2004-04-15,14.90999984741211,14.920000076293944,14.350000381469728,14.619999885559082,4.831006050109863,49100
2004-04-16,14.649999618530272,14.899999618530272,14.649999618530272,14.8100004196167,4.893791198730469,15900
2004-04-19,14.899999618530272,15.100000381469728,14.800000190734863,14.850000381469728,4.907008647918701,17400
2004-04-20,14.899999618530272,14.949999809265137,14.75,14.949999809265137,4.940052032470703,20200
2004-04-21,14.989999771118164,14.989999771118164,14.670000076293944,14.84000015258789,4.9037041664123535,12800
2004-04-22,14.850000381469728,14.850000381469728,14.600000381469728,14.75,4.873963356018066,20500
2004-04-23,14.649999618530272,14.81999969482422,14.630000114440918,14.739999771118164,4.870659351348877,8900
2004-04-26,14.699999809265137,14.699999809265137,14.510000228881836,14.640000343322754,4.837616443634033,18900
2004-04-27,14.600000381469728,14.649999618530272,14.550000190734863,14.630000114440918,4.834311008453369,24700
2004-04-28,14.699999809265137,14.699999809265137,14.550000190734863,14.65999984741211,4.84422492980957,13000
2004-04-29,14.670000076293944,14.670000076293944,14.56999969482422,14.649999618530272,4.840921878814697,5500
2004-04-30,14.649999618530272,14.649999618530272,14.5,14.649999618530272,4.840921878814697,40200
2004-05-03,14.550000190734863,14.800000190734863,14.550000190734863,14.649999618530272,4.840921878814697,11000
2004-05-04,14.699999809265137,14.710000038146973,14.600000381469728,14.600000381469728,4.824398040771484,11000
2004-05-05,14.609999656677246,14.710000038146973,14.550000190734863,14.649999618530272,4.840921878814697,14500
2004-05-06,14.640000343322754,14.75,14.550000190734863,14.56999969482422,4.814484596252441,16700
2004-05-07,14.5600004196167,14.5600004196167,14.449999809265137,14.460000038146973,4.778136253356934,19700
2004-05-10,14.449999809265137,14.460000038146973,14.199999809265137,14.260000228881836,4.712049961090088,22600
2004-05-11,14.300000190734863,14.300000190734863,14.15999984741211,14.199999809265137,4.692224025726318,12700
2004-05-12,14.199999809265137,14.220000267028809,14.119999885559082,14.119999885559082,4.665788650512695,16100
2004-05-13,14.109999656677246,14.199999809265137,14.029999732971191,14.039999961853027,4.639352798461914,12200
2004-05-14,14.010000228881836,14.300000190734863,14.010000228881836,14.210000038146973,4.695528030395508,14000
2004-05-17,14.149999618530272,14.260000228881836,14.100000381469728,14.130000114440918,4.669093132019043,10000
2004-05-18,14.199999809265137,14.289999961853027,14.050000190734863,14.210000038146973,4.695528030395508,17000
2004-05-19,14.25,14.449999809265137,14.25,14.300000190734863,4.725266456604004,17700
2004-05-20,14.399999618530272,14.539999961853027,14.31999969482422,14.520000457763672,4.797963619232178,19300
2004-05-21,14.449999809265137,14.5,14.350000381469728,14.449999809265137,4.774831771850586,20500
2004-05-24,14.5,14.609999656677246,14.470000267028809,14.520000457763672,4.797963619232178,16100
2004-05-25,14.600000381469728,14.600000381469728,14.369999885559082,14.399999618530272,4.758312225341797,16900
2004-05-26,14.399999618530272,14.640000343322754,14.399999618530272,14.550000190734863,4.807874202728272,19200
2004-05-27,14.550000190734863,14.75,14.550000190734863,14.739999771118164,4.870659351348877,22600
2004-05-28,14.75,14.890000343322754,14.600000381469728,14.800000190734863,4.890486240386963,18400
2004-06-01,14.75,14.800000190734863,14.609999656677246,14.670000076293944,4.84752893447876,12800
2004-06-02,14.770000457763672,14.899999618530272,14.770000457763672,14.869999885559082,4.9136152267456055,11700
2004-06-03,14.869999885559082,14.90999984741211,14.850000381469728,14.899999618530272,4.923530101776123,9800
2004-06-04,14.949999809265137,14.949999809265137,14.9399995803833,14.949999809265137,4.940052032470703,4000
2004-06-07,14.949999809265137,14.949999809265137,14.800000190734863,14.800000190734863,4.890486240386963,12100
2004-06-08,14.800000190734863,14.800000190734863,14.5600004196167,14.65999984741211,4.84422492980957,14300
2004-06-09,14.65999984741211,14.800000190734863,14.649999618530272,14.770000457763672,4.880570888519287,18400
2004-06-10,14.699999809265137,14.760000228881836,14.65999984741211,14.75,4.873963356018066,14700
2004-06-14,14.75,14.800000190734863,14.65999984741211,14.65999984741211,4.84422492980957,11000
2004-06-15,14.65999984741211,14.800000190734863,14.65999984741211,14.760000228881836,4.8772687911987305,8000
2004-06-16,14.850000381469728,14.890000343322754,14.699999809265137,14.84000015258789,4.9037041664123535,11000
2004-06-17,14.84000015258789,14.84000015258789,14.81999969482422,14.84000015258789,4.9037041664123535,10500
2004-06-18,14.869999885559082,14.869999885559082,14.81999969482422,14.829999923706056,4.900398254394531,9200
2004-06-21,14.829999923706056,14.869999885559082,14.699999809265137,14.8100004196167,4.893791198730469,13200
2004-06-22,14.8100004196167,14.899999618530272,14.5600004196167,14.600000381469728,4.824398040771484,30800
2004-06-23,14.300000190734863,14.550000190734863,14.199999809265137,14.510000228881836,4.898672580718994,39000
2004-06-24,14.40999984741211,14.5,14.40999984741211,14.420000076293944,4.868289947509766,20700
2004-06-25,14.359999656677246,14.539999961853027,14.229999542236328,14.5,4.8952956199646,10100
2004-06-28,14.600000381469728,14.600000381469728,14.350000381469728,14.479999542236328,4.888544082641602,15000
2004-06-29,14.479999542236328,14.550000190734863,14.399999618530272,14.460000038146973,4.881791591644287,9000
2004-06-30,14.5600004196167,14.600000381469728,14.510000228881836,14.56999969482422,4.9189276695251465,6900
2004-07-01,14.670000076293944,14.739999771118164,14.56999969482422,14.640000343322754,4.94256067276001,10300
2004-07-02,14.600000381469728,14.710000038146973,14.600000381469728,14.68000030517578,4.956065654754639,6200
2004-07-06,14.699999809265137,14.75,14.600000381469728,14.720000267028809,4.969571113586426,7700
2004-07-07,14.75,14.75,14.65999984741211,14.739999771118164,4.976320743560791,10500
2004-07-08,14.729999542236328,14.84000015258789,14.65999984741211,14.800000190734863,4.996579170227051,19000
2004-07-09,14.850000381469728,14.899999618530272,14.739999771118164,14.899999618530272,5.030339241027832,14300
2004-07-12,14.9399995803833,14.9399995803833,14.850000381469728,14.850000381469728,5.0134596824646,6000
2004-07-13,14.9399995803833,14.9399995803833,14.869999885559082,14.880000114440918,5.023586750030518,7100
2004-07-14,14.920000076293944,14.9399995803833,14.859999656677246,14.899999618530272,5.030339241027832,5900
2004-07-15,14.920000076293944,14.979999542236328,14.890000343322754,14.949999809265137,5.047219276428223,19900
2004-07-16,14.970000267028809,14.979999542236328,14.859999656677246,14.90999984741211,5.033715724945068,10200
2004-07-19,14.93000030517578,15.029999732971191,14.920000076293944,15.029999732971191,5.074227809906006,15900
2004-07-20,15.039999961853027,15.039999961853027,14.93000030517578,14.93000030517578,5.040465831756592,9400
2004-07-21,15.0,15.029999732971191,14.90999984741211,15.029999732971191,5.074227809906006,8800
2004-07-22,15.039999961853027,15.039999961853027,14.960000038146973,14.960000038146973,5.050596714019775,5100
2004-07-23,15.020000457763672,15.029999732971191,14.949999809265137,15.029999732971191,5.074227809906006,13600
2004-07-26,14.829999923706056,15.020000457763672,14.81999969482422,14.989999771118164,5.0607218742370605,21700
2004-07-27,15.0,15.0,14.9399995803833,14.989999771118164,5.0607218742370605,5700
2004-07-28,15.0,15.0,14.9399995803833,14.970000267028809,5.05397367477417,9900
2004-07-29,14.970000267028809,14.970000267028809,14.850000381469728,14.960000038146973,5.050596714019775,11500
2004-07-30,14.970000267028809,14.979999542236328,14.8100004196167,14.9399995803833,5.043844223022461,34400
2004-08-02,14.970000267028809,14.970000267028809,14.850000381469728,14.850000381469728,5.0134596824646,10300
2004-08-03,14.81999969482422,14.970000267028809,14.81999969482422,14.859999656677246,5.016834259033203,19600
2004-08-04,14.93000030517578,14.979999542236328,14.850000381469728,14.960000038146973,5.050596714019775,9200
2004-08-05,14.979999542236328,15.020000457763672,14.899999618530272,14.979999542236328,5.057347297668457,10800
2004-08-06,15.0,15.0,14.93000030517578,15.0,5.064098358154297,25000
2004-08-09,15.0,15.09000015258789,15.0,15.09000015258789,5.094485282897949,9600
2004-08-10,15.029999732971191,15.1899995803833,15.029999732971191,15.1899995803833,5.128243923187256,3300
2004-08-11,15.1899995803833,15.1899995803833,15.100000381469728,15.15999984741211,5.11811637878418,9600
2004-08-12,15.18000030517578,15.289999961853027,15.140000343322754,15.289999961853027,5.162006855010986,7000
2004-08-13,15.34000015258789,15.5,15.220000267028809,15.420000076293944,5.205894470214844,9700
2004-08-16,15.470000267028809,15.579999923706056,15.329999923706056,15.520000457763672,5.239655494689941,14300
2004-08-17,15.470000267028809,15.520000457763672,15.449999809265137,15.520000457763672,5.239655494689941,15100
2004-08-18,15.460000038146973,15.59000015258789,15.460000038146973,15.59000015258789,5.26328706741333,6200
2004-08-19,15.59000015258789,15.600000381469728,15.550000190734863,15.5600004196167,5.253159523010254,11500
2004-08-20,15.59000015258789,15.800000190734863,15.489999771118164,15.739999771118164,5.313927173614502,14000
2004-08-23,15.899999618530272,15.899999618530272,15.649999618530272,15.75,5.317305564880371,9500
2004-08-24,15.699999809265137,15.699999809265137,15.460000038146973,15.649999618530272,5.283545017242432,8400
2004-08-25,15.649999618530272,15.75,15.649999618530272,15.649999618530272,5.283545017242432,10300
2004-08-26,15.699999809265137,15.699999809265137,15.640000343322754,15.699999809265137,5.300422668457031,2600
2004-08-27,15.600000381469728,15.649999618530272,15.539999961853027,15.59000015258789,5.26328706741333,8000
2004-08-30,15.600000381469728,15.600000381469728,15.600000381469728,15.600000381469728,5.266662120819092,500
2004-08-31,15.630000114440918,15.789999961853027,15.630000114440918,15.789999961853027,5.330809116363525,15700
2004-09-01,15.800000190734863,16.0,15.670000076293944,15.800000190734863,5.334184169769287,21000
2004-09-02,15.850000381469728,15.850000381469728,15.670000076293944,15.710000038146973,5.3038010597229,4700
2004-09-03,15.800000190734863,15.899999618530272,15.520000457763672,15.520000457763672,5.239655494689941,11400
2004-09-07,15.529999732971191,15.640000343322754,15.520000457763672,15.640000343322754,5.280168056488037,11200
2004-09-08,15.699999809265137,15.800000190734863,15.699999809265137,15.710000038146973,5.3038010597229,7000
2004-09-09,15.75,15.850000381469728,15.710000038146973,15.84000015258789,5.347690582275391,11700
2004-09-10,15.850000381469728,15.890000343322754,15.760000228881836,15.789999961853027,5.330809116363525,19700
2004-09-13,15.81999969482422,15.880000114440918,15.8100004196167,15.829999923706056,5.344310760498047,8100
2004-09-14,15.829999923706056,15.890000343322754,15.800000190734863,15.890000343322754,5.36457109451294,12700
2004-09-15,15.890000343322754,15.899999618530272,15.8100004196167,15.859999656677246,5.354441642761231,14900
2004-09-16,15.859999656677246,15.899999618530272,15.760000228881836,15.899999618530272,5.367948055267334,12400
2004-09-17,15.899999618530272,15.899999618530272,15.760000228881836,15.770000457763672,5.3240580558776855,22100
2004-09-20,15.789999961853027,15.850000381469728,15.729999542236328,15.75,5.317305564880371,7900
2004-09-21,15.800000190734863,15.8100004196167,15.550000190734863,15.56999969482422,5.256534576416016,15100
2004-09-22,15.279999732971191,15.449999809265137,15.130000114440918,15.210000038146973,5.232454299926758,24200
2004-09-23,15.199999809265137,15.289999961853027,15.199999809265137,15.239999771118164,5.242774963378906,2900
2004-09-24,15.25,15.350000381469728,15.25,15.260000228881836,5.2496538162231445,8900
2004-09-27,15.300000190734863,15.399999618530272,15.279999732971191,15.279999732971191,5.256536960601807,11500
2004-09-28,15.329999923706056,15.34000015258789,15.279999732971191,15.279999732971191,5.256536960601807,17100
2004-09-29,15.270000457763672,15.420000076293944,15.270000457763672,15.350000381469728,5.280618190765381,31900
2004-09-30,15.350000381469728,15.350000381469728,15.25,15.31999969482422,5.270294666290283,18000
2004-10-01,15.40999984741211,15.40999984741211,15.25,15.329999923706056,5.273736476898193,12000
2004-10-04,15.399999618530272,15.399999618530272,15.329999923706056,15.380000114440918,5.290937900543213,4100
2004-10-05,15.380000114440918,15.380000114440918,15.239999771118164,15.369999885559082,5.287497043609619,12800
2004-10-06,15.350000381469728,15.399999618530272,15.350000381469728,15.399999618530272,5.297816276550293,5300
2004-10-07,15.420000076293944,15.420000076293944,15.25,15.25,5.246214389801025,11600
2004-10-08,15.300000190734863,15.34000015258789,15.260000228881836,15.34000015258789,5.277176856994629,7100
2004-10-11,15.380000114440918,15.380000114440918,15.31999969482422,15.350000381469728,5.280618190765381,10300
2004-10-12,15.380000114440918,15.380000114440918,15.329999923706056,15.369999885559082,5.287497043609619,8000
2004-10-13,15.359999656677246,15.4399995803833,15.359999656677246,15.43000030517578,5.308138370513916,13100
2004-10-14,15.40999984741211,15.4399995803833,15.399999618530272,15.4399995803833,5.311575412750244,9500
2004-10-15,15.399999618530272,15.4399995803833,15.380000114440918,15.4399995803833,5.311575412750244,7600
2004-10-18,15.4399995803833,15.4399995803833,15.369999885559082,15.369999885559082,5.287497043609619,13400
2004-10-19,15.420000076293944,15.43000030517578,15.350000381469728,15.390000343322754,5.294377326965332,20700
2004-10-20,15.43000030517578,15.4399995803833,15.420000076293944,15.43000030517578,5.308138370513916,10100
2004-10-21,15.4399995803833,15.4399995803833,15.380000114440918,15.380000114440918,5.290937900543213,13500
2004-10-22,15.43000030517578,15.4399995803833,15.390000343322754,15.43000030517578,5.308138370513916,3600
2004-10-25,15.4399995803833,15.4399995803833,15.380000114440918,15.390000343322754,5.294377326965332,11800
2004-10-26,15.399999618530272,15.43000030517578,15.390000343322754,15.390000343322754,5.294377326965332,23700
2004-10-27,15.43000030517578,15.43000030517578,15.350000381469728,15.369999885559082,5.287497043609619,7600
2004-10-28,15.399999618530272,15.420000076293944,15.390000343322754,15.420000076293944,5.304697036743164,6000
2004-10-29,15.470000267028809,15.699999809265137,15.4399995803833,15.520000457763672,5.339098930358887,24400
2004-11-01,15.600000381469728,15.600000381469728,15.460000038146973,15.550000190734863,5.349418640136719,8300
2004-11-02,15.600000381469728,15.600000381469728,15.460000038146973,15.5,5.332217216491699,15300
2004-11-03,15.550000190734863,15.600000381469728,15.470000267028809,15.510000228881836,5.335658073425293,16400
2004-11-04,15.600000381469728,15.619999885559082,15.510000228881836,15.609999656677246,5.370060443878174,14900
2004-11-05,15.699999809265137,15.699999809265137,15.5,15.510000228881836,5.335658073425293,14700
2004-11-08,15.510000228881836,15.579999923706056,15.359999656677246,15.369999885559082,5.287497043609619,16100
2004-11-09,15.3100004196167,15.460000038146973,15.3100004196167,15.399999618530272,5.297816276550293,8400
2004-11-10,15.449999809265137,15.5,15.369999885559082,15.380000114440918,5.290937900543213,11000
2004-11-11,15.399999618530272,15.43000030517578,15.3100004196167,15.3100004196167,5.2668561935424805,14000
2004-11-12,15.300000190734863,15.420000076293944,15.25,15.399999618530272,5.297816276550293,17100
2004-11-15,15.40999984741211,15.470000267028809,15.350000381469728,15.449999809265137,5.3150177001953125,21100
2004-11-16,15.399999618530272,15.449999809265137,15.34000015258789,15.350000381469728,5.280618190765381,12300
2004-11-17,15.399999618530272,15.479999542236328,15.270000457763672,15.390000343322754,5.294377326965332,26200
2004-11-18,15.399999618530272,15.579999923706056,15.399999618530272,15.449999809265137,5.3150177001953125,22400
2004-11-19,15.40999984741211,15.640000343322754,15.399999618530272,15.640000343322754,5.380381107330322,8200
2004-11-22,15.729999542236328,15.729999542236328,15.600000381469728,15.649999618530272,5.383821964263916,9200
2004-11-23,15.600000381469728,15.649999618530272,15.510000228881836,15.600000381469728,5.36661958694458,9700
2004-11-24,15.550000190734863,15.619999885559082,15.449999809265137,15.609999656677246,5.370060443878174,13100
2004-11-26,15.609999656677246,15.729999542236328,15.609999656677246,15.720000267028809,5.407903671264648,4200
2004-11-29,15.619999885559082,15.720000267028809,15.619999885559082,15.670000076293944,5.39069938659668,23700
2004-11-30,15.550000190734863,15.65999984741211,15.460000038146973,15.510000228881836,5.335658073425293,19500
2004-12-01,15.609999656677246,15.609999656677246,15.550000190734863,15.5600004196167,5.3528594970703125,5300
2004-12-02,15.550000190734863,15.579999923706056,15.510000228881836,15.56999969482422,5.356298446655273,6900
2004-12-03,15.649999618530272,15.710000038146973,15.649999618530272,15.699999809265137,5.401020050048828,6900
2004-12-06,15.649999618530272,15.779999732971191,15.600000381469728,15.779999732971191,5.428541660308838,9400
2004-12-07,15.68000030517578,15.699999809265137,15.579999923706056,15.579999923706056,5.359740734100342,14300
2004-12-08,15.630000114440918,15.779999732971191,15.630000114440918,15.6899995803833,5.397579193115234,10200
2004-12-09,15.770000457763672,15.899999618530272,15.649999618530272,15.899999618530272,5.469826698303223,15900
2004-12-10,15.970000267028809,16.010000228881836,15.8100004196167,15.9399995803833,5.483583450317383,14900
2004-12-13,16.0,16.040000915527344,15.949999809265137,16.0,5.504226207733154,8000
2004-12-14,16.040000915527344,16.049999237060547,16.010000228881836,16.040000915527344,5.517985820770264,6600
2004-12-15,16.040000915527344,16.040000915527344,15.989999771118164,15.989999771118164,5.500785827636719,7300
2004-12-16,16.0,16.149999618530273,16.0,16.100000381469727,5.538626194000244,12700
2004-12-17,16.170000076293945,16.170000076293945,15.949999809265137,15.960000038146973,5.490464210510254,9300
2004-12-20,16.030000686645508,16.049999237060547,15.979999542236328,16.0,5.504226207733154,14700
2004-12-21,16.06999969482422,16.100000381469727,15.979999542236328,16.040000915527344,5.517985820770264,19700
2004-12-22,15.850000381469728,15.899999618530272,15.800000190734863,15.880000114440918,5.558238983154297,16400
2004-12-23,15.829999923706056,15.970000267028809,15.800000190734863,15.880000114440918,5.558238983154297,7200
2004-12-27,15.829999923706056,15.899999618530272,15.800000190734863,15.81999969482422,5.537238597869873,3700
2004-12-28,15.869999885559082,15.93000030517578,15.649999618530272,15.75,5.512735843658447,25600
2004-12-29,15.850000381469728,15.880000114440918,15.649999618530272,15.8100004196167,5.533735275268555,17700
2004-12-30,15.890000343322754,15.899999618530272,15.640000343322754,15.68000030517578,5.488234519958496,10900
2004-12-31,15.829999923706056,15.869999885559082,15.649999618530272,15.68000030517578,5.488234519958496,7500
2005-01-03,15.68000030517578,15.68000030517578,15.449999809265137,15.65999984741211,5.481233596801758,34000
2005-01-04,15.6899995803833,15.779999732971191,15.670000076293944,15.670000076293944,5.4847331047058105,13300
2005-01-05,15.770000457763672,15.789999961853027,15.619999885559082,15.649999618530272,5.477736473083496,7500
2005-01-06,15.75,15.779999732971191,15.600000381469728,15.670000076293944,5.4847331047058105,4300
2005-01-07,15.75,15.770000457763672,15.670000076293944,15.720000267028809,5.502236366271973,7000
2005-01-10,15.800000190734863,15.850000381469728,15.800000190734863,15.829999923706056,5.540737152099609,7100
2005-01-11,15.899999618530272,15.949999809265137,15.760000228881836,15.800000190734863,5.530236721038818,21000
2005-01-12,15.81999969482422,15.81999969482422,15.710000038146973,15.760000228881836,5.516232967376709,5000
2005-01-13,15.899999618530272,15.93000030517578,15.800000190734863,15.850000381469728,5.547736167907715,14700
2005-01-14,15.899999618530272,15.970000267028809,15.75,15.770000457763672,5.519735336303711,14400
2005-01-18,15.850000381469728,15.869999885559082,15.770000457763672,15.770000457763672,5.519735336303711,16900
2005-01-19,15.899999618530272,15.9399995803833,15.760000228881836,15.800000190734863,5.530236721038818,13400
2005-01-20,15.829999923706056,15.829999923706056,15.630000114440918,15.630000114440918,5.470734119415283,19100
2005-01-21,15.68000030517578,15.710000038146973,15.529999732971191,15.649999618530272,5.477736473083496,20000
2005-01-24,15.649999618530272,15.829999923706056,15.520000457763672,15.720000267028809,5.502236366271973,22000
2005-01-25,15.770000457763672,15.81999969482422,15.710000038146973,15.75,5.512735843658447,12600
2005-01-26,15.850000381469728,15.90999984741211,15.789999961853027,15.8100004196167,5.533735275268555,34400
2005-01-27,15.899999618530272,15.9399995803833,15.829999923706056,15.84000015258789,5.5442376136779785,8800
2005-01-28,15.9399995803833,15.9399995803833,15.850000381469728,15.859999656677246,5.551238059997559,3900
2005-01-31,15.9399995803833,16.06999969482422,15.9399995803833,15.970000267028809,5.589738845825195,30300
2005-02-01,15.960000038146973,15.960000038146973,15.789999961853027,15.850000381469728,5.547736167907715,8000
2005-02-02,15.779999732971191,15.9399995803833,15.770000457763672,15.93000030517578,5.575738430023193,10100
2005-02-03,15.93000030517578,15.9399995803833,15.729999542236328,15.800000190734863,5.530236721038818,14400
2005-02-04,15.949999809265137,16.020000457763672,15.949999809265137,15.979999542236328,5.593236923217773,17000
2005-02-07,16.0,16.100000381469727,16.0,16.010000228881836,5.603740215301514,15100
2005-02-08,16.010000228881836,16.010000228881836,15.829999923706056,15.829999923706056,5.540737152099609,24900
2005-02-09,15.869999885559082,16.010000228881836,15.869999885559082,16.010000228881836,5.603740215301514,22800
2005-02-10,16.079999923706055,16.110000610351562,15.90999984741211,15.960000038146973,5.586238861083984,16400
2005-02-11,16.0,16.049999237060547,15.960000038146973,15.960000038146973,5.586238861083984,12900
2005-02-14,16.0,16.0,15.920000076293944,15.9399995803833,5.579236507415772,29500
2005-02-15,15.850000381469728,16.010000228881836,15.850000381469728,15.970000267028809,5.589738845825195,19400
2005-02-16,15.979999542236328,16.030000686645508,15.979999542236328,16.0,5.600240230560303,18200
2005-02-17,15.880000114440918,15.949999809265137,15.859999656677246,15.949999809265137,5.582736492156982,29400
2005-02-18,16.049999237060547,16.1299991607666,15.920000076293944,15.920000076293944,5.572238922119141,6000
2005-02-22,15.90999984741211,15.989999771118164,15.869999885559082,15.880000114440918,5.558238983154297,9500
2005-02-23,15.9399995803833,15.9399995803833,15.829999923706056,15.829999923706056,5.540737152099609,13600
2005-02-24,15.9399995803833,15.9399995803833,15.75,15.829999923706056,5.540737152099609,17300
2005-02-25,15.899999618530272,15.899999618530272,15.829999923706056,15.829999923706056,5.540737152099609,11200
2005-02-28,15.859999656677246,15.920000076293944,15.779999732971191,15.800000190734863,5.530236721038818,9800
2005-03-01,15.75,15.93000030517578,15.720000267028809,15.93000030517578,5.575738430023193,15800
2005-03-02,15.93000030517578,15.93000030517578,15.779999732971191,15.920000076293944,5.572238922119141,12400
2005-03-03,15.949999809265137,15.949999809265137,15.890000343322754,15.890000343322754,5.561739444732666,19600
2005-03-04,15.800000190734863,15.850000381469728,15.789999961853027,15.8100004196167,5.533735275268555,21800
2005-03-07,15.789999961853027,15.869999885559082,15.779999732971191,15.84000015258789,5.5442376136779785,20600
2005-03-08,15.899999618530272,15.920000076293944,15.800000190734863,15.850000381469728,5.547736167907715,15600
2005-03-09,15.90999984741211,15.90999984741211,15.739999771118164,15.739999771118164,5.5092363357543945,10900
2005-03-10,15.65999984741211,15.869999885559082,15.56999969482422,15.56999969482422,5.449731826782227,27200
2005-03-11,15.619999885559082,15.800000190734863,15.619999885559082,15.68000030517578,5.488234519958496,14700
2005-03-14,15.75,15.800000190734863,15.670000076293944,15.729999542236328,5.505735397338867,13200
2005-03-15,15.739999771118164,15.760000228881836,15.600000381469728,15.600000381469728,5.460233211517334,26900
2005-03-16,15.25,15.359999656677246,15.18000030517578,15.260000228881836,5.438851356506348,19400
2005-03-17,15.210000038146973,15.25,15.170000076293944,15.199999809265137,5.417463302612305,8000
2005-03-18,15.140000343322754,15.260000228881836,15.010000228881836,15.010000228881836,5.349747657775879,12200
2005-03-21,15.0600004196167,15.06999969482422,14.960000038146973,14.979999542236328,5.339053630828857,16900
2005-03-22,14.979999542236328,14.979999542236328,14.609999656677246,14.619999885559082,5.2107462882995605,22200
2005-03-23,14.699999809265137,14.699999809265137,14.31999969482422,14.31999969482422,5.103820323944092,13800
2005-03-24,14.399999618530272,14.550000190734863,14.34000015258789,14.380000114440918,5.1252055168151855,10100
2005-03-28,14.399999618530272,14.56999969482422,14.380000114440918,14.390000343322754,5.128771781921387,23500
2005-03-29,14.380000114440918,14.4399995803833,14.380000114440918,14.43000030517578,5.143025875091553,6500
2005-03-30,14.460000038146973,14.56999969482422,14.460000038146973,14.529999732971191,5.178669452667236,12400
2005-03-31,14.600000381469728,14.800000190734863,14.5,14.789999961853027,5.271337509155273,15500
2005-04-01,14.8100004196167,14.869999885559082,14.75,14.800000190734863,5.274900436401367,11300
2005-04-04,14.789999961853027,14.829999923706056,14.729999542236328,14.729999542236328,5.249949455261231,10600
2005-04-05,14.800000190734863,14.800000190734863,14.649999618530272,14.720000267028809,5.2463884353637695,15000
2005-04-06,14.699999809265137,14.869999885559082,14.699999809265137,14.720000267028809,5.2463884353637695,11000
2005-04-07,14.739999771118164,14.890000343322754,14.710000038146973,14.800000190734863,5.274900436401367,14000
2005-04-08,14.699999809265137,14.739999771118164,14.699999809265137,14.739999771118164,5.25351619720459,2800
2005-04-11,14.800000190734863,14.949999809265137,14.760000228881836,14.90999984741211,5.314104080200195,21000
2005-04-12,14.859999656677246,14.869999885559082,14.850000381469728,14.850000381469728,5.292720794677734,5000
2005-04-13,14.850000381469728,14.93000030517578,14.760000228881836,14.789999961853027,5.271337509155273,17800
2005-04-14,14.6899995803833,14.81999969482422,14.6899995803833,14.720000267028809,5.2463884353637695,4000
2005-04-15,14.949999809265137,15.09000015258789,14.84000015258789,14.850000381469728,5.292720794677734,21200
2005-04-18,14.850000381469728,14.93000030517578,14.800000190734863,14.869999885559082,5.299849987030029,9000
2005-04-19,14.899999618530272,14.949999809265137,14.890000343322754,14.899999618530272,5.310540676116943,10600
2005-04-20,14.81999969482422,14.979999542236328,14.81999969482422,14.920000076293944,5.317669868469238,8300
2005-04-21,14.9399995803833,14.949999809265137,14.81999969482422,14.949999809265137,5.328361988067627,13600
2005-04-22,14.899999618530272,14.9399995803833,14.800000190734863,14.81999969482422,5.282027721405029,4400
2005-04-25,14.850000381469728,14.949999809265137,14.789999961853027,14.949999809265137,5.328361988067627,11600
2005-04-26,14.850000381469728,15.0,14.829999923706056,14.899999618530272,5.310540676116943,6900
2005-04-27,15.0,15.0,14.859999656677246,14.859999656677246,5.296283721923828,8200
2005-04-28,15.0,15.029999732971191,14.920000076293944,14.920000076293944,5.317669868469238,11000
2005-04-29,14.949999809265137,14.979999542236328,14.81999969482422,14.960000038146973,5.3319244384765625,16800
2005-05-02,15.029999732971191,15.050000190734863,14.949999809265137,15.010000228881836,5.349747657775879,12100
2005-05-03,15.050000190734863,15.06999969482422,14.970000267028809,14.979999542236328,5.339053630828857,10800
2005-05-04,15.050000190734863,15.15999984741211,15.050000190734863,15.109999656677246,5.385385990142822,13300
2005-05-05,14.970000267028809,15.15999984741211,14.970000267028809,15.100000381469728,5.381823539733887,14100
2005-05-06,15.100000381469728,15.25,14.920000076293944,15.15999984741211,5.403207302093506,14800
2005-05-09,15.0600004196167,15.18000030517578,15.0600004196167,15.0600004196167,5.367566585540772,6900
2005-05-10,15.0600004196167,15.220000267028809,15.0600004196167,15.149999618530272,5.399642467498779,6600
2005-05-11,15.140000343322754,15.140000343322754,15.06999969482422,15.079999923706056,5.374694347381592,6700
2005-05-12,15.079999923706056,15.100000381469728,15.050000190734863,15.0600004196167,5.367566585540772,5600
2005-05-13,15.100000381469728,15.109999656677246,15.0600004196167,15.109999656677246,5.385385990142822,3400
2005-05-16,15.1899995803833,15.199999809265137,15.100000381469728,15.100000381469728,5.381823539733887,6700
2005-05-17,15.130000114440918,15.149999618530272,15.0,15.050000190734863,5.364002704620361,13700
2005-05-18,15.140000343322754,15.149999618530272,15.010000228881836,15.0600004196167,5.367566585540772,12300
2005-05-19,14.960000038146973,15.140000343322754,14.93000030517578,15.039999961853027,5.360436916351318,10900
2005-05-20,15.0,15.100000381469728,15.0,15.029999732971191,5.356873035430908,6400
2005-05-23,15.029999732971191,15.149999618530272,15.029999732971191,15.140000343322754,5.396079063415527,16800
2005-05-24,15.140000343322754,15.149999618530272,15.050000190734863,15.0600004196167,5.367566585540772,12700
2005-05-25,15.0600004196167,15.149999618530272,15.010000228881836,15.140000343322754,5.396079063415527,5900
2005-05-26,15.020000457763672,15.119999885559082,14.989999771118164,15.020000457763672,5.353310585021973,8500
2005-05-27,15.029999732971191,15.149999618530272,15.029999732971191,15.149999618530272,5.399642467498779,6800
2005-05-31,15.100000381469728,15.210000038146973,15.100000381469728,15.100000381469728,5.381823539733887,13000
2005-06-01,15.079999923706056,15.289999961853027,15.079999923706056,15.289999961853027,5.449543476104736,7000
2005-06-02,15.100000381469728,15.25,15.100000381469728,15.229999542236328,5.428157806396484,9900
2005-06-03,15.239999771118164,15.300000190734863,15.18000030517578,15.210000038146973,5.421029090881348,10000
2005-06-06,15.270000457763672,15.399999618530272,15.229999542236328,15.300000190734863,5.453104496002197,14300
2005-06-07,15.300000190734863,15.449999809265137,15.300000190734863,15.380000114440918,5.481617450714111,13000
2005-06-08,15.380000114440918,15.460000038146973,15.31999969482422,15.420000076293944,5.495873928070068,7600
2005-06-09,15.43000030517578,15.510000228881836,15.40999984741211,15.40999984741211,5.492310523986816,9700
2005-06-10,15.40999984741211,15.510000228881836,15.210000038146973,15.210000038146973,5.421029090881348,11000
2005-06-13,15.199999809265137,15.420000076293944,15.199999809265137,15.229999542236328,5.428157806396484,15600
2005-06-14,15.279999732971191,15.380000114440918,15.260000228881836,15.289999961853027,5.449543476104736,11500
2005-06-15,15.079999923706056,15.149999618530272,14.970000267028809,15.06999969482422,5.464043617248535,10100
2005-06-16,14.970000267028809,15.260000228881836,14.960000038146973,15.100000381469728,5.47491979598999,14800
2005-06-17,15.100000381469728,15.100000381469728,15.029999732971191,15.029999732971191,5.449541568756104,12000
2005-06-20,14.949999809265137,15.130000114440918,14.9399995803833,15.039999961853027,5.453165531158447,13100
2005-06-21,15.050000190734863,15.050000190734863,14.850000381469728,14.949999809265137,5.420535087585449,11100
2005-06-22,14.949999809265137,15.050000190734863,14.949999809265137,14.949999809265137,5.420535087585449,8800
2005-06-23,14.899999618530272,15.050000190734863,14.890000343322754,15.039999961853027,5.453165531158447,6400
2005-06-24,15.039999961853027,15.050000190734863,14.949999809265137,14.979999542236328,5.431413173675537,8000
2005-06-27,15.050000190734863,15.149999618530272,15.050000190734863,15.0600004196167,5.460418224334717,6000
2005-06-28,14.960000038146973,15.25,14.899999618530272,15.130000114440918,5.485797882080078,5000
2005-06-29,15.199999809265137,15.289999961853027,15.010000228881836,15.010000228881836,5.442288875579834,11600
2005-06-30,15.199999809265137,15.239999771118164,14.979999542236328,15.119999885559082,5.482173919677734,13900
2005-07-01,15.220000267028809,15.229999542236328,15.100000381469728,15.220000267028809,5.518431186676025,8000
2005-07-05,15.220000267028809,15.239999771118164,15.020000457763672,15.020000457763672,5.445916175842285,9800
2005-07-06,15.079999923706056,15.18000030517578,14.869999885559082,14.960000038146973,5.424159526824951,15500
2005-07-07,15.149999618530272,15.229999542236328,15.020000457763672,15.18000030517578,5.5039262771606445,10000
2005-07-08,15.149999618530272,15.220000267028809,15.010000228881836,15.100000381469728,5.47491979598999,11400
2005-07-11,15.0,15.239999771118164,15.0,15.239999771118164,5.525681018829346,24000
2005-07-12,15.25,15.25,15.149999618530272,15.25,5.529306888580322,10600
2005-07-13,15.18000030517578,15.25,15.100000381469728,15.199999809265137,5.511178970336914,8800
2005-07-14,15.239999771118164,15.239999771118164,15.119999885559082,15.199999809265137,5.511178970336914,15100
2005-07-15,15.149999618530272,15.25,15.109999656677246,15.199999809265137,5.511178970336914,18600
2005-07-18,15.100000381469728,15.25,15.100000381469728,15.220000267028809,5.518431186676025,19600
2005-07-19,15.149999618530272,15.199999809265137,15.0,15.1899995803833,5.507554054260254,13000
2005-07-20,15.25,15.25,15.039999961853027,15.140000343322754,5.489425182342529,8000
2005-07-21,15.100000381469728,15.289999961853027,15.029999732971191,15.149999618530272,5.493049144744873,8800
2005-07-22,15.149999618530272,15.199999809265137,15.010000228881836,15.199999809265137,5.511178970336914,11200
2005-07-25,15.1899995803833,15.1899995803833,15.050000190734863,15.149999618530272,5.493049144744873,5800
2005-07-26,15.149999618530272,15.220000267028809,15.0,15.210000038146973,5.514807224273682,9100
2005-07-27,15.220000267028809,15.220000267028809,15.15999984741211,15.170000076293944,5.500301361083984,8800
2005-07-28,15.220000267028809,15.220000267028809,15.050000190734863,15.149999618530272,5.493049144744873,15200
2005-07-29,15.100000381469728,15.1899995803833,15.06999969482422,15.1899995803833,5.507554054260254,10000
2005-08-01,15.100000381469728,15.199999809265137,15.079999923706056,15.100000381469728,5.47491979598999,7700
2005-08-02,15.020000457763672,15.18000030517578,15.020000457763672,15.18000030517578,5.5039262771606445,18900
2005-08-03,15.1899995803833,15.220000267028809,15.100000381469728,15.109999656677246,5.478546619415283,6900
2005-08-04,15.0600004196167,15.170000076293944,15.0600004196167,15.170000076293944,5.500301361083984,8300
2005-08-05,15.050000190734863,15.130000114440918,15.020000457763672,15.029999732971191,5.449541568756104,4500
2005-08-08,15.100000381469728,15.140000343322754,14.949999809265137,14.960000038146973,5.424159526824951,9600
2005-08-09,15.0,15.0600004196167,14.949999809265137,14.949999809265137,5.420535087585449,2700
2005-08-10,15.0,15.0,14.880000114440918,14.90999984741211,5.406032085418701,8300
2005-08-11,14.920000076293944,14.949999809265137,14.899999618530272,14.949999809265137,5.420535087585449,7400
2005-08-12,14.989999771118164,15.100000381469728,14.899999618530272,15.029999732971191,5.449541568756104,9500
2005-08-15,15.0,15.100000381469728,14.989999771118164,15.079999923706056,5.467670440673828,9200
2005-08-16,15.18000030517578,15.18000030517578,15.020000457763672,15.06999969482422,5.464043617248535,10300
2005-08-17,15.039999961853027,15.100000381469728,14.979999542236328,15.0,5.438663005828857,5500
2005-08-18,15.0,15.130000114440918,14.989999771118164,15.06999969482422,5.464043617248535,6700
2005-08-19,15.109999656677246,15.109999656677246,15.0,15.0600004196167,5.460418224334717,5900
2005-08-22,15.100000381469728,15.199999809265137,15.050000190734863,15.0600004196167,5.460418224334717,14300
2005-08-23,15.020000457763672,15.199999809265137,15.020000457763672,15.020000457763672,5.445916175842285,14900
2005-08-24,15.149999618530272,15.199999809265137,15.010000228881836,15.06999969482422,5.464043617248535,17600
2005-08-25,15.0600004196167,15.15999984741211,15.0600004196167,15.079999923706056,5.467670440673828,17300
2005-08-26,15.18000030517578,15.25,15.109999656677246,15.109999656677246,5.478546619415283,13900
2005-08-29,15.029999732971191,15.1899995803833,15.029999732971191,15.170000076293944,5.500301361083984,7900
2005-08-30,15.220000267028809,15.25,15.100000381469728,15.15999984741211,5.496676921844482,10500
2005-08-31,15.199999809265137,15.25,15.130000114440918,15.199999809265137,5.511178970336914,12700
2005-09-01,15.199999809265137,15.279999732971191,15.140000343322754,15.199999809265137,5.511178970336914,5200
2005-09-02,15.149999618530272,15.279999732971191,15.149999618530272,15.270000457763672,5.536558151245117,3400
2005-09-06,15.279999732971191,15.329999923706056,15.260000228881836,15.260000228881836,5.532933235168457,7400
2005-09-07,15.15999984741211,15.300000190734863,15.15999984741211,15.1899995803833,5.507554054260254,4200
2005-09-08,15.18000030517578,15.350000381469728,15.18000030517578,15.350000381469728,5.565565586090088,11100
2005-09-09,15.350000381469728,15.399999618530272,15.220000267028809,15.25,5.529306888580322,15700
2005-09-12,15.350000381469728,15.350000381469728,15.130000114440918,15.130000114440918,5.485797882080078,8000
2005-09-13,15.119999885559082,15.260000228881836,15.119999885559082,15.140000343322754,5.489425182342529,11800
2005-09-14,15.199999809265137,15.260000228881836,15.010000228881836,15.010000228881836,5.442288875579834,13400
2005-09-15,15.010000228881836,15.210000038146973,15.010000228881836,15.039999961853027,5.453165531158447,14000
2005-09-16,15.0,15.100000381469728,14.949999809265137,14.970000267028809,5.427788257598877,14800
2005-09-19,14.979999542236328,15.0600004196167,14.880000114440918,14.970000267028809,5.427788257598877,11600
2005-09-20,15.020000457763672,15.020000457763672,14.84000015258789,14.899999618530272,5.402406215667725,16100
2005-09-21,14.75,14.81999969482422,14.619999885559082,14.779999732971191,5.448485374450684,12900
2005-09-22,14.68000030517578,14.890000343322754,14.649999618530272,14.779999732971191,5.448485374450684,11300
2005-09-23,14.84000015258789,15.0,14.670000076293944,14.670000076293944,5.407937526702881,16200
2005-09-26,14.56999969482422,14.65999984741211,14.43000030517578,14.5,5.3452653884887695,8000
2005-09-27,14.600000381469728,15.0,14.600000381469728,14.949999809265137,5.511155128479004,24100
2005-09-28,14.899999618530272,14.90999984741211,14.720000267028809,14.720000267028809,5.426367282867432,7700
2005-09-29,14.800000190734863,14.899999618530272,14.600000381469728,14.899999618530272,5.492722034454346,8800
2005-09-30,14.90999984741211,14.90999984741211,14.65999984741211,14.670000076293944,5.407937526702881,11600
2005-10-03,14.869999885559082,15.0,14.739999771118164,15.0,5.529584884643555,22600
2005-10-04,15.0,15.029999732971191,14.800000190734863,14.859999656677246,5.477976799011231,3300
2005-10-05,14.899999618530272,15.029999732971191,14.869999885559082,14.93000030517578,5.503780841827393,3800
2005-10-06,14.93000030517578,15.0,14.859999656677246,15.0,5.529584884643555,12300
2005-10-07,14.899999618530272,15.0,14.899999618530272,14.949999809265137,5.511155128479004,1900
2005-10-10,14.869999885559082,15.029999732971191,14.859999656677246,14.9399995803833,5.507467746734619,8500
2005-10-11,14.869999885559082,14.880000114440918,14.600000381469728,14.6899995803833,5.415307521820068,16300
2005-10-12,14.6899995803833,14.75,14.489999771118164,14.739999771118164,5.433740139007568,14800
2005-10-13,14.600000381469728,14.600000381469728,14.489999771118164,14.600000381469728,5.382132530212402,16500
2005-10-14,14.5,14.56999969482422,14.40999984741211,14.449999809265137,5.326834201812744,10500
2005-10-17,14.550000190734863,14.550000190734863,14.399999618530272,14.399999618530272,5.308402061462402,9200
2005-10-18,14.5,14.640000343322754,14.25,14.25,5.253107070922852,11800
2005-10-19,14.350000381469728,14.380000114440918,14.199999809265137,14.199999809265137,5.234673976898193,8300
2005-10-20,14.25,14.289999961853027,14.140000343322754,14.220000267028809,5.242049217224121,17500
2005-10-21,14.149999618530272,14.239999771118164,14.140000343322754,14.18000030517578,5.227301120758057,5500
2005-10-24,14.25,14.350000381469728,14.100000381469728,14.149999618530272,5.216244220733643,19600
2005-10-25,14.119999885559082,14.34000015258789,14.109999656677246,14.239999771118164,5.249421119689941,15500
2005-10-26,14.0,14.0,13.800000190734863,13.949999809265137,5.142515182495117,20300
2005-10-27,13.970000267028809,14.0,13.890000343322754,13.90999984741211,5.1277689933776855,10100
2005-10-28,13.949999809265137,13.989999771118164,13.920000076293944,13.979999542236328,5.153574466705322,7400
2005-10-31,13.970000267028809,13.970000267028809,13.800000190734863,13.949999809265137,5.142515182495117,9100
2005-11-01,13.970000267028809,13.979999542236328,13.699999809265137,13.779999732971191,5.079846382141113,14700
2005-11-02,13.75,13.979999542236328,13.619999885559082,13.979999542236328,5.153574466705322,12200
2005-11-03,13.899999618530272,13.949999809265137,13.75,13.850000381469728,5.105650424957275,7100
2005-11-04,13.84000015258789,13.9399995803833,13.8100004196167,13.93000030517578,5.135143280029297,8900
2005-11-07,13.899999618530272,13.93000030517578,13.760000228881836,13.779999732971191,5.079846382141113,12000
2005-11-08,13.789999961853027,13.850000381469728,13.760000228881836,13.770000457763672,5.076159477233887,9500
2005-11-09,13.779999732971191,13.920000076293944,13.760000228881836,13.760000228881836,5.07247257232666,10100
2005-11-10,13.770000457763672,13.850000381469728,13.550000190734863,13.649999618530272,5.031923770904541,16400
2005-11-11,13.640000343322754,13.899999618530272,13.640000343322754,13.899999618530272,5.124082565307617,10800
2005-11-14,13.800000190734863,13.890000343322754,13.75,13.760000228881836,5.07247257232666,9700
2005-11-15,13.699999809265137,13.829999923706056,13.65999984741211,13.75,5.068787097930908,12600
2005-11-16,13.75,13.899999618530272,13.670000076293944,13.710000038146973,5.054041385650635,8000
2005-11-17,13.65999984741211,13.75,13.649999618530272,13.720000267028809,5.057729721069336,8500
2005-11-18,13.649999618530272,13.800000190734863,13.649999618530272,13.710000038146973,5.054041385650635,6700
2005-11-21,13.649999618530272,13.739999771118164,13.579999923706056,13.609999656677246,5.017179012298584,17000
2005-11-22,13.710000038146973,13.710000038146973,13.550000190734863,13.649999618530272,5.031923770904541,20300
2005-11-23,13.600000381469728,13.75,13.600000381469728,13.710000038146973,5.054041385650635,2600
2005-11-25,13.649999618530272,13.770000457763672,13.600000381469728,13.770000457763672,5.076159477233887,13900
2005-11-28,13.699999809265137,13.899999618530272,13.699999809265137,13.75,5.068787097930908,28900
2005-11-29,13.720000267028809,13.9399995803833,13.720000267028809,13.829999923706056,5.098277568817139,14200
2005-11-30,13.93000030517578,13.93000030517578,13.800000190734863,13.859999656677246,5.109338760375977,14100
2005-12-01,13.81999969482422,13.859999656677246,13.800000190734863,13.800000190734863,5.087220668792725,24700
2005-12-02,13.800000190734863,13.8100004196167,13.670000076293944,13.75,5.068787097930908,25000
2005-12-05,13.56999969482422,13.729999542236328,13.56999969482422,13.720000267028809,5.057729721069336,19200
2005-12-06,13.800000190734863,13.800000190734863,13.5600004196167,13.600000381469728,5.013491153717041,24600
2005-12-07,13.699999809265137,13.729999542236328,13.550000190734863,13.649999618530272,5.031923770904541,18600
2005-12-08,13.699999809265137,13.699999809265137,13.600000381469728,13.68000030517578,5.042981147766113,19600
2005-12-09,13.619999885559082,13.699999809265137,13.609999656677246,13.619999885559082,5.02086353302002,7900
2005-12-12,13.710000038146973,13.710000038146973,13.5600004196167,13.699999809265137,5.050354957580566,20500
2005-12-13,13.670000076293944,13.890000343322754,13.600000381469728,13.68000030517578,5.042981147766113,20500
2005-12-14,13.529999732971191,13.529999732971191,13.300000190734863,13.399999618530272,5.029098510742188,13000
2005-12-15,13.5,13.5,13.25,13.390000343322754,5.025343894958496,34700
2005-12-16,13.34000015258789,13.470000267028809,13.300000190734863,13.420000076293944,5.036602020263672,38100
2005-12-19,13.31999969482422,13.449999809265137,13.300000190734863,13.359999656677246,5.014084339141846,38500
2005-12-20,13.399999618530272,13.600000381469728,13.3100004196167,13.600000381469728,5.104157447814941,16800
2005-12-21,13.479999542236328,13.550000190734863,13.350000381469728,13.529999732971191,5.077886581420898,21600
2005-12-22,13.550000190734863,13.5600004196167,13.3100004196167,13.5600004196167,5.089146137237549,24800
2005-12-23,13.65999984741211,13.65999984741211,13.399999618530272,13.479999542236328,5.059120655059815,19800
2005-12-27,13.550000190734863,13.640000343322754,13.3100004196167,13.43000030517578,5.040355205535889,24400
2005-12-28,13.449999809265137,13.5,13.399999618530272,13.5,5.06662654876709,21200
2005-12-29,13.460000038146973,13.649999618530272,13.460000038146973,13.470000267028809,5.055367946624756,24600
2005-12-30,13.529999732971191,13.68000030517578,13.529999732971191,13.68000030517578,5.134181499481201,16600
2006-01-03,13.68000030517578,13.84000015258789,13.579999923706056,13.770000457763672,5.167959213256836,9500
2006-01-04,13.920000076293944,13.970000267028809,13.850000381469728,13.970000267028809,5.243020534515381,19900
2006-01-05,13.899999618530272,13.970000267028809,13.899999618530272,13.970000267028809,5.243020534515381,8200
2006-01-06,14.0,14.010000228881836,13.920000076293944,14.0,5.254280090332031,14700
2006-01-09,13.899999618530272,14.079999923706056,13.850000381469728,14.079999923706056,5.284304618835449,9000
2006-01-10,14.050000190734863,14.15999984741211,13.949999809265137,14.15999984741211,5.314326763153076,26500
2006-01-11,14.15999984741211,14.15999984741211,13.75,13.880000114440918,5.209244728088379,19700
2006-01-12,13.949999809265137,13.989999771118164,13.850000381469728,13.90999984741211,5.220500946044922,16500
2006-01-13,13.989999771118164,13.989999771118164,13.920000076293944,13.979999542236328,5.246773719787598,5400
2006-01-17,13.949999809265137,13.989999771118164,13.93000030517578,13.989999771118164,5.250526905059815,15100
2006-01-18,13.970000267028809,13.989999771118164,13.90999984741211,13.989999771118164,5.250526905059815,8300
2006-01-19,13.920000076293944,14.0,13.920000076293944,13.979999542236328,5.246773719787598,8800
2006-01-20,14.0,14.010000228881836,13.93000030517578,14.010000228881836,5.2580342292785645,13900
2006-01-23,13.920000076293944,13.979999542236328,13.920000076293944,13.979999542236328,5.246773719787598,14300
2006-01-24,14.0,14.09000015258789,13.920000076293944,14.050000190734863,5.273044586181641,15700
2006-01-25,14.079999923706056,14.25,14.079999923706056,14.210000038146973,5.333094120025635,19500
2006-01-26,14.199999809265137,14.199999809265137,14.140000343322754,14.149999618530272,5.31057596206665,7000
2006-01-27,14.300000190734863,14.300000190734863,14.170000076293944,14.289999961853027,5.363117694854736,12300
2006-01-30,14.350000381469728,14.43000030517578,14.0600004196167,14.15999984741211,5.314326763153076,16000
2006-01-31,14.300000190734863,14.600000381469728,14.260000228881836,14.380000114440918,5.396896362304688,25400
2006-02-01,14.5,14.5,14.300000190734863,14.43000030517578,5.41566276550293,22100
2006-02-02,14.5,14.5,14.350000381469728,14.479999542236328,5.434426307678223,8500
2006-02-03,14.479999542236328,14.479999542236328,14.100000381469728,14.199999809265137,5.329339981079102,14900
2006-02-06,14.300000190734863,14.31999969482422,14.0,14.199999809265137,5.329339981079102,20100
2006-02-07,14.0600004196167,14.199999809265137,14.0600004196167,14.18000030517578,5.321835994720459,22000
2006-02-08,14.199999809265137,14.329999923706056,14.18000030517578,14.329999923706056,5.378129959106445,6500
2006-02-09,14.449999809265137,14.449999809265137,14.18000030517578,14.199999809265137,5.329339981079102,20400
2006-02-10,14.199999809265137,14.199999809265137,14.100000381469728,14.109999656677246,5.295562267303467,13100
2006-02-13,14.210000038146973,14.300000190734863,14.109999656677246,14.220000267028809,5.336846828460693,17200
2006-02-14,14.279999732971191,14.43000030517578,14.25,14.329999923706056,5.378129959106445,17600
2006-02-15,14.40999984741211,14.68000030517578,14.34000015258789,14.68000030517578,5.509487628936768,15900
2006-02-16,14.720000267028809,14.720000267028809,14.510000228881836,14.550000190734863,5.460697650909424,8000
2006-02-17,14.699999809265137,14.760000228881836,14.600000381469728,14.739999771118164,5.532005310058594,10300
2006-02-21,14.75,14.770000457763672,14.600000381469728,14.6899995803833,5.513239860534668,10500
2006-02-22,14.729999542236328,14.800000190734863,14.619999885559082,14.720000267028809,5.524501323699951,11800
2006-02-23,14.550000190734863,14.600000381469728,14.399999618530272,14.479999542236328,5.434426307678223,27000
2006-02-24,14.479999542236328,14.5,14.420000076293944,14.479999542236328,5.434426307678223,23100
2006-02-27,14.5,14.5,14.390000343322754,14.4399995803833,5.419413566589356,15000
2006-02-28,14.489999771118164,14.489999771118164,14.4399995803833,14.479999542236328,5.434426307678223,19400
2006-03-01,14.5,14.600000381469728,14.5,14.579999923706056,5.471957206726074,28100
2006-03-02,14.640000343322754,14.640000343322754,14.520000457763672,14.600000381469728,5.479465007781982,11900
2006-03-03,14.619999885559082,14.619999885559082,14.100000381469728,14.239999771118164,5.344353675842285,19200
2006-03-06,14.279999732971191,14.289999961853027,14.109999656677246,14.15999984741211,5.314326763153076,16500
2006-03-07,14.100000381469728,14.25,14.0600004196167,14.239999771118164,5.344353675842285,13000
2006-03-08,14.279999732971191,14.289999961853027,14.09000015258789,14.1899995803833,5.325586318969727,10700
2006-03-09,14.239999771118164,14.399999618530272,14.199999809265137,14.399999618530272,5.404402256011963,6000
2006-03-10,14.420000076293944,14.5,14.350000381469728,14.350000381469728,5.385637283325195,7000
2006-03-13,14.449999809265137,14.520000457763672,14.3100004196167,14.3100004196167,5.37062406539917,7300
2006-03-14,14.270000457763672,14.350000381469728,14.220000267028809,14.329999923706056,5.378129959106445,9000
2006-03-15,14.100000381469728,14.239999771118164,13.81999969482422,13.90999984741211,5.311309337615967,27700
2006-03-16,13.859999656677246,13.989999771118164,13.850000381469728,13.989999771118164,5.341856479644775,10700
2006-03-17,13.949999809265137,14.029999732971191,13.850000381469728,14.029999732971191,5.3571295738220215,15300
2006-03-20,13.93000030517578,13.93000030517578,13.75,13.890000343322754,5.303674221038818,12900
2006-03-21,13.899999618530272,14.010000228881836,13.899999618530272,14.010000228881836,5.349493980407715,13300
2006-03-22,13.93000030517578,14.100000381469728,13.93000030517578,13.970000267028809,5.334218978881836,18300
2006-03-23,13.90999984741211,13.920000076293944,13.800000190734863,13.90999984741211,5.311309337615967,25800
2006-03-24,13.899999618530272,14.0,13.84000015258789,13.899999618530272,5.307491779327393,13600
2006-03-27,13.90999984741211,13.9399995803833,13.720000267028809,13.720000267028809,5.238762378692627,12700
2006-03-28,13.81999969482422,14.050000190734863,13.720000267028809,13.869999885559082,5.296035289764404,33700
2006-03-29,13.850000381469728,13.899999618530272,13.6899995803833,13.720000267028809,5.238762378692627,15500
2006-03-30,13.779999732971191,13.84000015258789,13.670000076293944,13.670000076293944,5.219668865203857,15800
2006-03-31,13.649999618530272,13.850000381469728,13.649999618530272,13.699999809265137,5.231124877929688,15000
2006-04-03,13.800000190734863,13.880000114440918,13.65999984741211,13.720000267028809,5.238762378692627,13000
2006-04-04,13.65999984741211,13.890000343322754,13.649999618530272,13.869999885559082,5.296035289764404,9000
2006-04-05,13.850000381469728,13.9399995803833,13.800000190734863,13.920000076293944,5.315128326416016,7200
2006-04-06,13.920000076293944,13.949999809265137,13.770000457763672,13.9399995803833,5.322763919830322,12000
2006-04-07,13.899999618530272,13.93000030517578,13.68000030517578,13.800000190734863,5.269308090209961,21700
2006-04-10,13.720000267028809,13.75,13.65999984741211,13.699999809265137,5.231124877929688,9900
2006-04-11,13.75,13.75,13.65999984741211,13.739999771118164,5.246396541595459,10000
2006-04-12,13.670000076293944,13.770000457763672,13.65999984741211,13.75,5.250214576721191,10100
2006-04-13,13.65999984741211,13.800000190734863,13.65999984741211,13.720000267028809,5.238762378692627,10800
2006-04-17,13.649999618530272,13.800000190734863,13.649999618530272,13.760000228881836,5.254034996032715,9200
2006-04-18,13.65999984741211,13.789999961853027,13.649999618530272,13.789999961853027,5.265490531921387,11500
2006-04-19,13.720000267028809,13.800000190734863,13.65999984741211,13.65999984741211,5.215851306915283,10500
2006-04-20,13.649999618530272,13.75,13.649999618530272,13.649999618530272,5.212032318115234,15200
2006-04-21,13.65999984741211,13.739999771118164,13.59000015258789,13.609999656677246,5.1967597007751465,24500
2006-04-24,13.579999923706056,13.640000343322754,13.510000228881836,13.550000190734863,5.173850059509277,11700
2006-04-25,13.5,13.609999656677246,13.489999771118164,13.579999923706056,5.185306072235107,9600
2006-04-26,13.510000228881836,13.6899995803833,13.510000228881836,13.550000190734863,5.173850059509277,8700
2006-04-27,13.5,13.5600004196167,13.5,13.510000228881836,5.158576488494873,11300
2006-04-28,13.510000228881836,13.59000015258789,13.510000228881836,13.59000015258789,5.189120769500732,7000
2006-05-01,13.739999771118164,13.739999771118164,13.5,13.520000457763672,5.1623945236206055,17500
2006-05-02,13.510000228881836,13.600000381469728,13.510000228881836,13.550000190734863,5.173850059509277,9100
2006-05-03,13.529999732971191,13.800000190734863,13.529999732971191,13.5600004196167,5.17766809463501,23100
2006-05-04,13.550000190734863,13.699999809265137,13.529999732971191,13.5600004196167,5.17766809463501,9600
2006-05-05,13.550000190734863,13.59000015258789,13.520000457763672,13.520000457763672,5.1623945236206055,6800
2006-05-08,13.520000457763672,13.699999809265137,13.510000228881836,13.520000457763672,5.1623945236206055,12000
2006-05-09,13.520000457763672,13.550000190734863,13.510000228881836,13.510000228881836,5.158576488494873,8400
2006-05-10,13.510000228881836,13.609999656677246,13.449999809265137,13.5,5.154759407043457,15000
2006-05-11,13.550000190734863,13.550000190734863,13.470000267028809,13.470000267028809,5.143302917480469,6700
2006-05-12,13.5,13.579999923706056,13.460000038146973,13.550000190734863,5.173850059509277,9600
2006-05-15,13.579999923706056,13.579999923706056,13.270000457763672,13.350000381469728,5.0974836349487305,10000
2006-05-16,13.359999656677246,13.5,13.359999656677246,13.449999809265137,5.135666370391846,13500
2006-05-17,13.350000381469728,13.550000190734863,13.350000381469728,13.5,5.154759407043457,6700
2006-05-18,13.399999618530272,13.699999809265137,13.399999618530272,13.640000343322754,5.20821475982666,27400
2006-05-19,13.579999923706056,13.75,13.579999923706056,13.68000030517578,5.223487377166748,14700
2006-05-22,13.65999984741211,13.670000076293944,13.56999969482422,13.59000015258789,5.189120769500732,14700
2006-05-23,13.56999969482422,13.729999542236328,13.56999969482422,13.600000381469728,5.192942142486572,25900
2006-05-24,13.550000190734863,13.699999809265137,13.510000228881836,13.640000343322754,5.20821475982666,9000
2006-05-25,13.739999771118164,13.739999771118164,13.5,13.65999984741211,5.215851306915283,22400
2006-05-26,13.699999809265137,13.699999809265137,13.600000381469728,13.600000381469728,5.192942142486572,8700
2006-05-30,13.600000381469728,13.75,13.600000381469728,13.670000076293944,5.219668865203857,12500
2006-05-31,13.609999656677246,13.6899995803833,13.529999732971191,13.670000076293944,5.219668865203857,16800
2006-06-01,13.600000381469728,13.68000030517578,13.600000381469728,13.630000114440918,5.2043962478637695,14300
2006-06-02,13.550000190734863,13.65999984741211,13.550000190734863,13.550000190734863,5.173850059509277,17900
2006-06-05,13.529999732971191,13.630000114440918,13.520000457763672,13.529999732971191,5.166214466094971,16100
2006-06-06,13.539999961853027,13.619999885559082,13.520000457763672,13.579999923706056,5.185306072235107,17800
2006-06-07,13.579999923706056,13.600000381469728,13.520000457763672,13.520000457763672,5.1623945236206055,11300
2006-06-08,13.510000228881836,13.59000015258789,13.510000228881836,13.510000228881836,5.158576488494873,8900
2006-06-09,13.510000228881836,13.600000381469728,13.5,13.5600004196167,5.17766809463501,11700
2006-06-12,13.5600004196167,13.649999618530272,13.510000228881836,13.510000228881836,5.158576488494873,11700
2006-06-13,13.510000228881836,13.600000381469728,13.449999809265137,13.520000457763672,5.1623945236206055,13500
2006-06-14,13.390000343322754,13.449999809265137,13.289999961853027,13.289999961853027,5.161619186401367,19900
2006-06-15,13.260000228881836,13.380000114440918,13.260000228881836,13.34000015258789,5.181037425994873,8000
2006-06-16,13.380000114440918,13.380000114440918,13.25,13.270000457763672,5.1538496017456055,19100
2006-06-19,13.220000267028809,13.300000190734863,13.199999809265137,13.199999809265137,5.126662254333496,6500
2006-06-20,13.350000381469728,13.350000381469728,13.220000267028809,13.300000190734863,5.165501117706299,23500
2006-06-21,13.300000190734863,13.420000076293944,13.300000190734863,13.3100004196167,5.16938591003418,23800
2006-06-22,13.3100004196167,13.350000381469728,13.229999542236328,13.289999961853027,5.161619186401367,9500
2006-06-23,13.25,13.289999961853027,13.210000038146973,13.270000457763672,5.1538496017456055,8200
2006-06-26,13.220000267028809,13.279999732971191,13.210000038146973,13.25,5.146082878112793,11300
2006-06-27,13.210000038146973,13.260000228881836,13.199999809265137,13.239999771118164,5.142198085784912,17800
2006-06-28,13.199999809265137,13.329999923706056,13.199999809265137,13.270000457763672,5.1538496017456055,13300
2006-06-29,13.300000190734863,13.329999923706056,13.210000038146973,13.300000190734863,5.165501117706299,9100
2006-06-30,13.399999618530272,13.449999809265137,13.199999809265137,13.239999771118164,5.142198085784912,17800
2006-07-03,13.34000015258789,13.4399995803833,13.34000015258789,13.369999885559082,5.192688941955566,7100
2006-07-05,13.300000190734863,13.329999923706056,13.25,13.329999923706056,5.177152156829834,4800
2006-07-06,13.300000190734863,13.390000343322754,13.25,13.390000343322754,5.200455188751221,10500
2006-07-07,13.300000190734863,13.390000343322754,13.279999732971191,13.380000114440918,5.196570873260498,10800
2006-07-10,13.399999618530272,13.399999618530272,13.300000190734863,13.3100004196167,5.16938591003418,9100
2006-07-11,13.289999961853027,13.390000343322754,13.25,13.25,5.146082878112793,6900
2006-07-12,13.220000267028809,13.279999732971191,13.210000038146973,13.210000038146973,5.130548477172852,7600
2006-07-13,13.229999542236328,13.34000015258789,13.229999542236328,13.34000015258789,5.181037425994873,9700
2006-07-14,13.34000015258789,13.34000015258789,13.229999542236328,13.239999771118164,5.142198085784912,7100
2006-07-17,13.229999542236328,13.369999885559082,13.109999656677246,13.369999885559082,5.192688941955566,22900
2006-07-18,13.369999885559082,13.369999885559082,13.260000228881836,13.3100004196167,5.16938591003418,11700
2006-07-19,13.279999732971191,13.369999885559082,13.260000228881836,13.270000457763672,5.1538496017456055,15800
2006-07-20,13.270000457763672,13.390000343322754,13.270000457763672,13.380000114440918,5.196570873260498,18800
2006-07-21,13.350000381469728,13.380000114440918,13.300000190734863,13.350000381469728,5.184920787811279,8000
2006-07-24,13.329999923706056,13.489999771118164,13.31999969482422,13.489999771118164,5.239294528961182,17900
2006-07-25,13.449999809265137,13.699999809265137,13.420000076293944,13.6899995803833,5.316972732543945,19600
2006-07-26,13.640000343322754,13.640000343322754,13.479999542236328,13.5,5.243180274963379,18900
2006-07-27,13.510000228881836,13.649999618530272,13.4399995803833,13.5,5.243180274963379,9200
2006-07-28,13.59000015258789,13.59000015258789,13.5,13.579999923706056,5.274249076843262,14600
2006-07-31,13.510000228881836,13.760000228881836,13.510000228881836,13.760000228881836,5.344157695770264,78100
2006-08-01,13.699999809265137,13.770000457763672,13.68000030517578,13.729999542236328,5.332505226135254,17900
2006-08-02,13.699999809265137,13.729999542236328,13.65999984741211,13.729999542236328,5.332505226135254,14900
2006-08-03,13.720000267028809,13.720000267028809,13.609999656677246,13.699999809265137,5.32085657119751,6200
2006-08-04,13.75,13.850000381469728,13.699999809265137,13.800000190734863,5.35969352722168,8600
2006-08-07,13.75,13.899999618530272,13.699999809265137,13.800000190734863,5.35969352722168,16200
2006-08-08,13.699999809265137,13.970000267028809,13.699999809265137,13.699999809265137,5.32085657119751,12100
2006-08-09,13.699999809265137,13.770000457763672,13.65999984741211,13.710000038146973,5.3247389793396,9600
2006-08-10,13.65999984741211,13.899999618530272,13.65999984741211,13.829999923706056,5.371345520019531,16300
2006-08-11,13.779999732971191,13.899999618530272,13.729999542236328,13.81999969482422,5.36746072769165,8900
2006-08-14,13.899999618530272,13.949999809265137,13.710000038146973,13.720000267028809,5.328623294830322,15300
2006-08-15,13.720000267028809,13.859999656677246,13.699999809265137,13.800000190734863,5.35969352722168,12400
2006-08-16,13.770000457763672,13.850000381469728,13.720000267028809,13.850000381469728,5.379112243652344,15800
2006-08-17,13.800000190734863,13.970000267028809,13.800000190734863,13.920000076293944,5.406301021575928,8300
2006-08-18,13.9399995803833,13.9399995803833,13.770000457763672,13.869999885559082,5.386880397796631,13800
2006-08-21,13.869999885559082,13.869999885559082,13.75,13.8100004196167,5.363576412200928,7500
2006-08-22,13.880000114440918,13.90999984741211,13.8100004196167,13.899999618530272,5.398531913757324,11200
2006-08-23,13.899999618530272,13.9399995803833,13.739999771118164,13.869999885559082,5.386880397796631,17500
2006-08-24,13.920000076293944,14.010000228881836,13.850000381469728,14.0,5.4373698234558105,17700
2006-08-25,13.949999809265137,14.359999656677246,13.949999809265137,14.279999732971191,5.546117305755615,32400
2006-08-28,14.260000228881836,14.289999961853027,14.199999809265137,14.289999961853027,5.550001621246338,26100
2006-08-29,14.270000457763672,14.270000457763672,14.149999618530272,14.25,5.53446626663208,17100
2006-08-30,14.239999771118164,14.239999771118164,14.170000076293944,14.199999809265137,5.515047073364258,7500
2006-08-31,14.220000267028809,14.229999542236328,14.140000343322754,14.140000343322754,5.491744041442871,6700
2006-09-01,14.199999809265137,14.229999542236328,14.15999984741211,14.15999984741211,5.499509334564209,2900
2006-09-05,14.100000381469728,14.199999809265137,14.100000381469728,14.170000076293944,5.503393173217773,19400
2006-09-06,14.130000114440918,14.199999809265137,14.079999923706056,14.119999885559082,5.4839768409729,9600
2006-09-07,14.020000457763672,14.09000015258789,14.020000457763672,14.050000190734863,5.456789493560791,18300
2006-09-08,14.079999923706056,14.079999923706056,13.90999984741211,13.93000030517578,5.410182952880859,11400
2006-09-11,13.949999809265137,14.010000228881836,13.920000076293944,13.920000076293944,5.406301021575928,17300
2006-09-12,14.0,14.0,13.9399995803833,13.989999771118164,5.433485507965088,13800
2006-09-13,14.0,14.050000190734863,13.989999771118164,13.989999771118164,5.433485507965088,5500
2006-09-14,14.039999961853027,14.1899995803833,14.039999961853027,14.130000114440918,5.487860202789307,10500
2006-09-15,14.199999809265137,14.210000038146973,14.0,14.010000228881836,5.441254615783691,7700
2006-09-18,14.109999656677246,14.149999618530272,13.93000030517578,14.149999618530272,5.495626449584961,10100
2006-09-19,14.100000381469728,14.199999809265137,14.020000457763672,14.18000030517578,5.507279872894287,13900
2006-09-20,14.039999961853027,14.039999961853027,13.729999542236328,13.899999618530272,5.488718986511231,14000
2006-09-21,13.800000190734863,13.970000267028809,13.800000190734863,13.970000267028809,5.516362190246582,10500
2006-09-22,13.949999809265137,13.949999809265137,13.869999885559082,13.9399995803833,5.504514694213867,12900
2006-09-25,13.899999618530272,13.9399995803833,13.859999656677246,13.90999984741211,5.492667198181152,11900
2006-09-26,13.90999984741211,14.050000190734863,13.90999984741211,13.949999809265137,5.508464336395264,17900
2006-09-27,13.949999809265137,13.979999542236328,13.869999885559082,13.970000267028809,5.516362190246582,13700
2006-09-28,13.979999542236328,14.100000381469728,13.890000343322754,14.100000381469728,5.567693710327148,18500
2006-09-29,14.100000381469728,14.15999984741211,14.0,14.119999885559082,5.575591087341309,20300
2006-10-02,14.100000381469728,14.300000190734863,14.020000457763672,14.109999656677246,5.5716423988342285,30100
2006-10-03,14.029999732971191,14.199999809265137,14.029999732971191,14.130000114440918,5.579541206359863,10800
2006-10-04,14.199999809265137,14.25,14.100000381469728,14.140000343322754,5.583487987518311,9700
2006-10-05,14.100000381469728,14.369999885559082,14.100000381469728,14.1899995803833,5.6032328605651855,27500
2006-10-06,14.109999656677246,14.279999732971191,14.050000190734863,14.279999732971191,5.63877010345459,19000
2006-10-09,14.279999732971191,14.279999732971191,14.130000114440918,14.1899995803833,5.6032328605651855,11900
2006-10-10,14.199999809265137,14.25,14.149999618530272,14.15999984741211,5.5913848876953125,5800
2006-10-11,14.199999809265137,14.239999771118164,14.100000381469728,14.130000114440918,5.579541206359863,8500
2006-10-12,14.170000076293944,14.210000038146973,14.119999885559082,14.149999618530272,5.587438106536865,15100
2006-10-13,14.140000343322754,14.210000038146973,14.010000228881836,14.100000381469728,5.567693710327148,16400
2006-10-16,14.100000381469728,14.100000381469728,14.0,14.050000190734863,5.547952175140381,14900
2006-10-17,14.050000190734863,14.050000190734863,13.90999984741211,13.989999771118164,5.524257183074951,15700
2006-10-18,13.960000038146973,14.020000457763672,13.880000114440918,13.979999542236328,5.520308971405029,17000
2006-10-19,13.960000038146973,14.09000015258789,13.949999809265137,14.0600004196167,5.551898956298828,15600
2006-10-20,14.100000381469728,14.229999542236328,13.989999771118164,14.149999618530272,5.587438106536865,20800
2006-10-23,14.210000038146973,14.25,14.050000190734863,14.100000381469728,5.567693710327148,28300
2006-10-24,14.020000457763672,14.239999771118164,14.020000457763672,14.239999771118164,5.6229777336120605,17000
2006-10-25,14.239999771118164,14.239999771118164,14.15999984741211,14.239999771118164,5.6229777336120605,13000
2006-10-26,14.239999771118164,14.350000381469728,14.149999618530272,14.350000381469728,5.666412830352783,18300
2006-10-27,14.369999885559082,14.489999771118164,14.369999885559082,14.479999542236328,5.71774435043335,9900
2006-10-30,14.5,14.5,14.420000076293944,14.460000038146973,5.709846496582031,9500
2006-10-31,14.5,14.5,14.300000190734863,14.31999969482422,5.654563903808594,13700
2006-11-01,14.31999969482422,14.420000076293944,14.239999771118164,14.34000015258789,5.662463188171387,29200
2006-11-02,14.300000190734863,14.369999885559082,14.220000267028809,14.279999732971191,5.63877010345459,15000
2006-11-03,14.380000114440918,14.380000114440918,14.270000457763672,14.270000457763672,5.634822368621826,10500
2006-11-06,14.359999656677246,14.449999809265137,14.300000190734863,14.359999656677246,5.670359611511231,13500
2006-11-07,14.5,14.5,14.380000114440918,14.399999618530272,5.686155319213867,13400
2006-11-08,14.449999809265137,14.460000038146973,14.380000114440918,14.460000038146973,5.709846496582031,10600
2006-11-09,14.420000076293944,14.5,14.40999984741211,14.489999771118164,5.721693515777588,19800
2006-11-10,14.5,14.550000190734863,14.300000190734863,14.5,5.725643634796143,16600
2006-11-13,14.399999618530272,14.5,14.3100004196167,14.4399995803833,5.70195198059082,23600
2006-11-14,14.5,14.529999732971191,14.399999618530272,14.489999771118164,5.721693515777588,7600
2006-11-15,14.489999771118164,14.489999771118164,14.390000343322754,14.479999542236328,5.71774435043335,14100
2006-11-16,14.4399995803833,14.5,14.25,14.260000228881836,5.630874156951904,21200
2006-11-17,14.300000190734863,14.5,14.289999961853027,14.449999809265137,5.705897808074951,18400
2006-11-20,14.489999771118164,14.489999771118164,14.25,14.489999771118164,5.721693515777588,31300
2006-11-21,14.489999771118164,14.489999771118164,14.350000381469728,14.489999771118164,5.721693515777588,17200
2006-11-22,14.489999771118164,14.489999771118164,14.359999656677246,14.489999771118164,5.721693515777588,25400
2006-11-24,14.5,14.5,14.399999618530272,14.5,5.725643634796143,7400
2006-11-27,14.449999809265137,14.5,14.390000343322754,14.470000267028809,5.713797569274902,13500
2006-11-28,14.470000267028809,14.75,14.40999984741211,14.75,5.824361801147461,40300
2006-11-29,14.699999809265137,14.989999771118164,14.699999809265137,14.699999809265137,5.804616928100586,31500
2006-11-30,14.899999618530272,14.920000076293944,14.75,14.75,5.824361801147461,23800
2006-12-01,14.899999618530272,14.899999618530272,14.75,14.850000381469728,5.863850116729736,12100
2006-12-04,14.81999969482422,14.970000267028809,14.75,14.880000114440918,5.875694751739502,14300
2006-12-05,14.9399995803833,14.979999542236328,14.84000015258789,14.9399995803833,5.899385452270508,15900
2006-12-06,15.010000228881836,15.010000228881836,14.739999771118164,14.829999923706056,5.85595178604126,27100
2006-12-07,14.829999923706056,14.829999923706056,14.699999809265137,14.800000190734863,5.8441033363342285,20200
2006-12-08,14.81999969482422,14.850000381469728,14.720000267028809,14.84000015258789,5.859899520874023,12600
2006-12-11,14.739999771118164,14.859999656677246,14.699999809265137,14.859999656677246,5.867795944213867,17700
2006-12-12,14.859999656677246,14.9399995803833,14.829999923706056,14.93000030517578,5.895437717437744,17000
2006-12-13,14.829999923706056,14.850000381469728,14.640000343322754,14.829999923706056,5.943937301635742,26200
2006-12-14,14.84000015258789,14.84000015258789,14.539999961853027,14.6899995803833,5.88782262802124,15600
2006-12-15,14.75,14.75,14.510000228881836,14.59000015258789,5.84774112701416,15300
2006-12-18,14.6899995803833,14.760000228881836,14.56999969482422,14.670000076293944,5.879806518554688,16900
2006-12-19,14.739999771118164,14.739999771118164,14.600000381469728,14.65999984741211,5.87579870223999,13300
2006-12-20,14.710000038146973,14.739999771118164,14.609999656677246,14.699999809265137,5.891831398010254,13100
2006-12-21,14.710000038146973,14.789999961853027,14.710000038146973,14.789999961853027,5.927903652191162,6800
2006-12-22,14.75,14.829999923706056,14.729999542236328,14.75,5.911871910095215,18800
2006-12-26,14.779999732971191,14.800000190734863,14.720000267028809,14.75,5.911871910095215,16600
2006-12-27,14.739999771118164,14.800000190734863,14.670000076293944,14.739999771118164,5.907863616943359,13700
2006-12-28,14.779999732971191,14.789999961853027,14.649999618530272,14.710000038146973,5.895840167999268,15400
2006-12-29,14.8100004196167,14.850000381469728,14.75,14.75,5.911871910095215,15300
2007-01-03,14.699999809265137,14.8100004196167,14.68000030517578,14.75,5.911871910095215,13100
2007-01-04,14.850000381469728,14.850000381469728,14.56999969482422,14.56999969482422,5.839727401733398,13800
2007-01-05,14.670000076293944,14.670000076293944,14.479999542236328,14.640000343322754,5.867781639099121,12100
2007-01-08,14.739999771118164,14.739999771118164,14.520000457763672,14.600000381469728,5.851750373840332,8400
2007-01-09,14.6899995803833,14.6899995803833,14.5600004196167,14.640000343322754,5.867781639099121,8100
2007-01-10,14.59000015258789,14.649999618530272,14.5600004196167,14.56999969482422,5.839727401733398,16900
2007-01-11,14.56999969482422,14.600000381469728,14.520000457763672,14.539999961853027,5.827702522277832,14800
2007-01-12,14.510000228881836,14.630000114440918,14.479999542236328,14.579999923706056,5.84373140335083,12600
2007-01-16,14.609999656677246,14.649999618530272,14.529999732971191,14.600000381469728,5.851750373840332,16900
2007-01-17,14.56999969482422,14.720000267028809,14.56999969482422,14.600000381469728,5.851750373840332,10800
2007-01-18,14.579999923706056,14.609999656677246,14.56999969482422,14.579999923706056,5.84373140335083,9300
2007-01-19,14.56999969482422,14.720000267028809,14.56999969482422,14.640000343322754,5.867781639099121,18300
2007-01-22,14.640000343322754,14.65999984741211,14.56999969482422,14.579999923706056,5.84373140335083,15700
2007-01-23,14.579999923706056,14.59000015258789,14.520000457763672,14.520000457763672,5.819685935974121,11600
2007-01-24,14.489999771118164,14.59000015258789,14.489999771118164,14.550000190734863,5.831710338592529,18000
2007-01-25,14.579999923706056,14.579999923706056,14.399999618530272,14.4399995803833,5.787621021270752,14900
2007-01-26,14.399999618530272,14.479999542236328,14.399999618530272,14.4399995803833,5.787621021270752,14800
2007-01-29,14.510000228881836,14.510000228881836,14.380000114440918,14.420000076293944,5.779605388641357,9400
2007-01-30,14.390000343322754,14.4399995803833,14.380000114440918,14.43000030517578,5.783613681793213,9800
2007-01-31,14.380000114440918,14.539999961853027,14.380000114440918,14.520000457763672,5.819685935974121,16000
2007-02-01,14.550000190734863,14.600000381469728,14.43000030517578,14.5600004196167,5.835719108581543,11100
2007-02-02,14.5,14.649999618530272,14.489999771118164,14.649999618530272,5.871791362762451,5500
2007-02-05,14.600000381469728,14.699999809265137,14.59000015258789,14.699999809265137,5.891831398010254,12000
2007-02-06,14.630000114440918,14.6899995803833,14.579999923706056,14.649999618530272,5.871791362762451,12800
2007-02-07,14.5600004196167,14.649999618530272,14.520000457763672,14.59000015258789,5.84774112701416,14000
2007-02-08,14.510000228881836,14.609999656677246,14.460000038146973,14.520000457763672,5.819685935974121,20300
2007-02-09,14.470000267028809,14.529999732971191,14.460000038146973,14.470000267028809,5.79964542388916,13000
2007-02-12,14.449999809265137,14.510000228881836,14.420000076293944,14.479999542236328,5.803653240203857,15100
2007-02-13,14.40999984741211,14.5,14.399999618530272,14.5,5.811669826507568,15100
2007-02-14,14.43000030517578,14.520000457763672,14.40999984741211,14.510000228881836,5.815678119659424,8300
2007-02-15,14.420000076293944,14.529999732971191,14.420000076293944,14.529999732971191,5.823695182800293,8800
2007-02-16,14.449999809265137,14.529999732971191,14.4399995803833,14.510000228881836,5.815678119659424,7800
2007-02-20,14.420000076293944,14.59000015258789,14.380000114440918,14.5600004196167,5.835719108581543,12500
2007-02-21,14.489999771118164,14.600000381469728,14.420000076293944,14.56999969482422,5.839727401733398,16800
2007-02-22,14.5,14.59000015258789,14.449999809265137,14.539999961853027,5.827702522277832,10000
2007-02-23,14.460000038146973,14.600000381469728,14.43000030517578,14.539999961853027,5.827702522277832,19600
2007-02-26,14.510000228881836,14.619999885559082,14.460000038146973,14.5,5.811669826507568,19300
2007-02-27,14.399999618530272,14.5,14.390000343322754,14.390000343322754,5.767579555511475,13100
2007-02-28,14.380000114440918,14.59000015258789,14.380000114440918,14.479999542236328,5.803653240203857,14300
2007-03-01,14.380000114440918,14.550000190734863,14.380000114440918,14.460000038146973,5.79563570022583,11800
2007-03-02,14.399999618530272,14.59000015258789,14.399999618530272,14.510000228881836,5.815678119659424,15300
2007-03-05,14.40999984741211,14.479999542236328,14.399999618530272,14.460000038146973,5.79563570022583,11000
2007-03-06,14.4399995803833,14.460000038146973,14.31999969482422,14.31999969482422,5.739523887634277,14900
2007-03-07,14.329999923706056,14.5,14.3100004196167,14.390000343322754,5.767579555511475,11900
2007-03-08,14.380000114440918,14.479999542236328,14.380000114440918,14.420000076293944,5.779605388641357,12000
2007-03-09,14.4399995803833,14.489999771118164,14.359999656677246,14.460000038146973,5.79563570022583,15000
2007-03-12,14.390000343322754,14.5,14.390000343322754,14.449999809265137,5.791628360748291,7100
2007-03-13,14.359999656677246,14.510000228881836,14.359999656677246,14.510000228881836,5.815678119659424,9600
2007-03-14,14.470000267028809,14.5600004196167,14.470000267028809,14.550000190734863,5.831710338592529,7700
2007-03-15,14.520000457763672,14.59000015258789,14.520000457763672,14.579999923706056,5.84373140335083,10300
2007-03-16,14.520000457763672,14.56999969482422,14.5,14.5600004196167,5.835719108581543,7200
2007-03-19,14.529999732971191,14.59000015258789,14.460000038146973,14.470000267028809,5.79964542388916,16800
2007-03-20,14.40999984741211,14.640000343322754,14.399999618530272,14.529999732971191,5.823695182800293,30900
2007-03-21,14.550000190734863,14.640000343322754,14.460000038146973,14.56999969482422,5.839727401733398,17000
2007-03-22,14.539999961853027,14.6899995803833,14.539999961853027,14.600000381469728,5.851750373840332,10200
2007-03-23,14.699999809265137,14.699999809265137,14.600000381469728,14.609999656677246,5.855758666992188,8300
2007-03-26,14.350000381469728,14.75,14.350000381469728,14.65999984741211,5.966873645782471,18200
2007-03-27,14.5600004196167,14.5600004196167,14.380000114440918,14.5,5.9017510414123535,21800
2007-03-28,14.420000076293944,14.75,14.420000076293944,14.609999656677246,5.946524620056152,35300
2007-03-29,14.699999809265137,14.880000114440918,14.619999885559082,14.649999618530272,5.962803363800049,26500
2007-03-30,14.770000457763672,14.770000457763672,14.699999809265137,14.699999809265137,5.983153820037842,18400
2007-04-02,14.75,14.829999923706056,14.699999809265137,14.710000038146973,5.98722505569458,21600
2007-04-03,14.75,14.829999923706056,14.699999809265137,14.720000267028809,5.991295337677002,10900
2007-04-04,14.699999809265137,14.739999771118164,14.56999969482422,14.56999969482422,5.930241584777832,23700
2007-04-05,14.579999923706056,14.649999618530272,14.4399995803833,14.470000267028809,5.889540195465088,31500
2007-04-09,14.470000267028809,14.789999961853027,14.40999984741211,14.630000114440918,5.954664707183838,34900
2007-04-10,14.550000190734863,14.899999618530272,14.550000190734863,14.890000343322754,6.060487747192383,23500
2007-04-11,14.890000343322754,14.890000343322754,14.65999984741211,14.6899995803833,5.97908353805542,11500
2007-04-12,14.59000015258789,14.850000381469728,14.550000190734863,14.850000381469728,6.044208526611328,18000
2007-04-13,14.850000381469728,14.850000381469728,14.699999809265137,14.699999809265137,5.983153820037842,16600
2007-04-16,14.630000114440918,14.800000190734863,14.5600004196167,14.5600004196167,5.926173210144043,9300
2007-04-17,14.609999656677246,14.699999809265137,14.550000190734863,14.640000343322754,5.958733558654785,13100
2007-04-18,14.600000381469728,14.739999771118164,14.5600004196167,14.720000267028809,5.991295337677002,15200
2007-04-19,14.640000343322754,14.739999771118164,14.600000381469728,14.739999771118164,5.999435901641846,9700
2007-04-20,14.739999771118164,14.81999969482422,14.65999984741211,14.729999542236328,5.995364665985107,9400
2007-04-23,14.729999542236328,14.75,14.609999656677246,14.75,6.003505706787109,15500
2007-04-24,14.670000076293944,14.75,14.600000381469728,14.65999984741211,5.966873645782471,11600
2007-04-25,14.619999885559082,14.800000190734863,14.619999885559082,14.6899995803833,5.97908353805542,12200
2007-04-26,14.720000267028809,14.800000190734863,14.710000038146973,14.800000190734863,6.0238566398620605,7000
2007-04-27,14.75,14.899999618530272,14.75,14.8100004196167,6.027924537658691,13100
2007-04-30,14.760000228881836,14.84000015258789,14.739999771118164,14.739999771118164,5.999435901641846,6000
2007-05-01,14.729999542236328,14.84000015258789,14.670000076293944,14.8100004196167,6.027924537658691,20200
2007-05-02,14.770000457763672,14.920000076293944,14.770000457763672,14.859999656677246,6.048276424407959,9300
2007-05-03,14.890000343322754,14.890000343322754,14.739999771118164,14.81999969482422,6.031996250152588,14500
2007-05-04,14.739999771118164,14.859999656677246,14.739999771118164,14.789999961853027,6.0197834968566895,9900
2007-05-07,14.699999809265137,14.890000343322754,14.699999809265137,14.800000190734863,6.0238566398620605,16100
2007-05-08,14.720000267028809,14.970000267028809,14.710000038146973,14.720000267028809,5.991295337677002,14500
2007-05-09,14.649999618530272,14.779999732971191,14.609999656677246,14.779999732971191,6.0157151222229,17000
2007-05-10,14.6899995803833,14.829999923706056,14.670000076293944,14.739999771118164,5.999435901641846,10600
2007-05-11,14.640000343322754,14.760000228881836,14.600000381469728,14.670000076293944,5.970942974090576,15900
2007-05-14,14.600000381469728,14.75,14.600000381469728,14.729999542236328,5.995364665985107,12800
2007-05-15,14.649999618530272,14.949999809265137,14.649999618530272,14.779999732971191,6.0157151222229,5700
2007-05-16,14.710000038146973,14.84000015258789,14.710000038146973,14.739999771118164,5.999435901641846,6700
2007-05-17,14.65999984741211,14.970000267028809,14.65999984741211,14.65999984741211,5.966873645782471,24200
2007-05-18,14.670000076293944,14.75,14.619999885559082,14.699999809265137,5.983153820037842,16800
2007-05-21,14.619999885559082,14.68000030517578,14.539999961853027,14.640000343322754,5.958733558654785,29200
2007-05-22,14.579999923706056,14.619999885559082,14.550000190734863,14.56999969482422,5.930241584777832,18000
2007-05-23,14.520000457763672,14.550000190734863,14.510000228881836,14.550000190734863,5.922102928161621,14800
2007-05-24,14.550000190734863,14.600000381469728,14.510000228881836,14.579999923706056,5.9343109130859375,11600
2007-05-25,14.520000457763672,14.710000038146973,14.520000457763672,14.56999969482422,5.930241584777832,15000
2007-05-29,14.539999961853027,14.710000038146973,14.539999961853027,14.65999984741211,5.966873645782471,6400
2007-05-30,14.699999809265137,14.880000114440918,14.649999618530272,14.859999656677246,6.048276424407959,12900
2007-05-31,14.760000228881836,14.979999542236328,14.739999771118164,14.859999656677246,6.048276424407959,13900
2007-06-01,14.800000190734863,14.989999771118164,14.800000190734863,14.920000076293944,6.072697639465332,4700
2007-06-04,14.979999542236328,15.199999809265137,14.90999984741211,14.90999984741211,6.06862735748291,21700
2007-06-05,14.850000381469728,15.170000076293944,14.850000381469728,15.020000457763672,6.113400936126709,12900
2007-06-06,14.869999885559082,15.020000457763672,14.699999809265137,14.84000015258789,6.040135383605957,18200
2007-06-07,14.770000457763672,14.850000381469728,14.510000228881836,14.800000190734863,6.0238566398620605,16300
2007-06-08,14.699999809265137,14.829999923706056,14.609999656677246,14.739999771118164,5.999435901641846,12100
2007-06-11,14.640000343322754,14.6899995803833,14.640000343322754,14.640000343322754,5.958733558654785,2500
2007-06-12,14.640000343322754,14.699999809265137,14.300000190734863,14.300000190734863,5.820348262786865,13300
2007-06-13,14.260000228881836,14.300000190734863,14.09000015258789,14.210000038146973,5.878260135650635,12100
2007-06-14,14.210000038146973,14.300000190734863,14.210000038146973,14.260000228881836,5.8989458084106445,19400
2007-06-15,14.229999542236328,14.34000015258789,14.220000267028809,14.34000015258789,5.932038307189941,9900
2007-06-18,14.25,14.399999618530272,14.25,14.399999618530272,5.956857204437256,12000
2007-06-19,14.350000381469728,14.5,14.25,14.34000015258789,5.932038307189941,11600
2007-06-20,14.239999771118164,14.279999732971191,14.199999809265137,14.199999809265137,5.8741230964660645,16200
2007-06-21,14.119999885559082,14.279999732971191,14.029999732971191,14.109999656677246,5.836894035339356,14800
2007-06-22,13.979999542236328,14.050000190734863,13.869999885559082,13.899999618530272,5.750022411346436,33700
2007-06-25,13.81999969482422,14.029999732971191,13.81999969482422,13.93000030517578,5.762433052062988,17400
2007-06-26,14.020000457763672,14.050000190734863,13.859999656677246,13.93000030517578,5.762433052062988,12700
2007-06-27,13.869999885559082,13.970000267028809,13.869999885559082,13.9399995803833,5.766570091247559,9900
2007-06-28,13.90999984741211,14.09000015258789,13.90999984741211,14.029999732971191,5.803799629211426,17100
2007-06-29,14.130000114440918,14.130000114440918,13.960000038146973,14.09000015258789,5.828619480133057,13800
2007-07-02,14.170000076293944,14.170000076293944,13.989999771118164,13.989999771118164,5.787252426147461,15800
2007-07-03,14.06999969482422,14.06999969482422,13.979999542236328,14.0,5.791391372680664,5600
2007-07-05,14.029999732971191,14.100000381469728,14.0,14.0,5.791391372680664,6500
2007-07-06,14.0,14.0,13.869999885559082,13.880000114440918,5.7417497634887695,9000
2007-07-09,13.899999618530272,13.90999984741211,13.880000114440918,13.880000114440918,5.7417497634887695,3900
2007-07-10,13.880000114440918,13.949999809265137,13.880000114440918,13.9399995803833,5.766570091247559,8500
2007-07-11,13.789999961853027,13.93000030517578,13.789999961853027,13.90999984741211,5.754161357879639,10500
2007-07-12,13.920000076293944,14.06999969482422,13.920000076293944,13.949999809265137,5.770705223083496,11000
2007-07-13,13.859999656677246,14.050000190734863,13.859999656677246,14.050000190734863,5.812075614929199,15400
2007-07-16,13.9399995803833,13.9399995803833,13.789999961853027,13.859999656677246,5.733477115631104,22200
2007-07-17,13.739999771118164,13.8100004196167,13.699999809265137,13.770000457763672,5.696247577667236,21300
2007-07-18,13.649999618530272,13.989999771118164,13.640000343322754,13.81999969482422,5.716928958892822,10700
2007-07-19,13.710000038146973,13.789999961853027,13.6899995803833,13.779999732971191,5.700382709503174,12700
2007-07-20,13.649999618530272,13.770000457763672,13.630000114440918,13.6899995803833,5.663150787353516,17500
2007-07-23,13.619999885559082,13.739999771118164,13.619999885559082,13.699999809265137,5.667288780212402,11200
2007-07-24,13.59000015258789,13.68000030517578,13.59000015258789,13.609999656677246,5.630061149597168,11300
2007-07-25,13.43000030517578,13.59000015258789,13.43000030517578,13.5600004196167,5.609374046325684,25100
2007-07-26,13.420000076293944,13.470000267028809,13.350000381469728,13.359999656677246,5.526640892028809,19800
2007-07-27,13.350000381469728,13.460000038146973,13.350000381469728,13.449999809265137,5.563872337341309,7000
2007-07-30,13.539999961853027,13.699999809265137,13.380000114440918,13.470000267028809,5.572144985198975,18000
2007-07-31,13.359999656677246,13.550000190734863,13.359999656677246,13.489999771118164,5.580419063568115,12300
2007-08-01,13.470000267028809,13.520000457763672,13.350000381469728,13.449999809265137,5.563872337341309,13400
2007-08-02,13.59000015258789,13.68000030517578,13.390000343322754,13.40999984741211,5.547325134277344,23400
2007-08-03,13.390000343322754,13.510000228881836,13.380000114440918,13.380000114440918,5.534914493560791,17600
2007-08-06,13.380000114440918,13.489999771118164,13.380000114440918,13.390000343322754,5.539050579071045,22000
2007-08-07,13.380000114440918,13.489999771118164,13.350000381469728,13.4399995803833,5.55973482131958,14200
2007-08-08,13.350000381469728,13.479999542236328,13.350000381469728,13.4399995803833,5.55973482131958,14400
2007-08-09,13.359999656677246,13.489999771118164,13.359999656677246,13.420000076293944,5.551461696624756,14900
2007-08-10,13.369999885559082,13.579999923706056,13.350000381469728,13.369999885559082,5.530778884887695,10000
2007-08-13,13.390000343322754,13.4399995803833,13.369999885559082,13.369999885559082,5.530778884887695,17500
2007-08-14,13.350000381469728,13.369999885559082,13.18000030517578,13.1899995803833,5.456316947937012,21000
2007-08-15,13.18000030517578,13.18000030517578,11.9399995803833,12.859999656677246,5.3198065757751465,370000
2007-08-16,12.859999656677246,12.859999656677246,12.729999542236328,12.779999732971191,5.286713123321533,36200
2007-08-17,12.850000381469728,13.039999961853027,12.800000190734863,12.84000015258789,5.311532497406006,29100
2007-08-20,12.850000381469728,13.279999732971191,12.850000381469728,13.25,5.481136798858643,22900
2007-08-21,13.199999809265137,13.449999809265137,13.1899995803833,13.449999809265137,5.563872337341309,11400
2007-08-22,13.420000076293944,13.75,13.420000076293944,13.68000030517578,5.659014225006104,13500
2007-08-23,13.529999732971191,13.9399995803833,13.449999809265137,13.75,5.6879730224609375,24300
2007-08-24,13.75,13.9399995803833,13.600000381469728,13.800000190734863,5.70865535736084,20600
2007-08-27,13.699999809265137,13.859999656677246,13.600000381469728,13.649999618530272,5.646605491638184,8500
2007-08-28,13.6899995803833,13.6899995803833,13.550000190734863,13.649999618530272,5.646605491638184,11500
2007-08-29,13.550000190734863,13.649999618530272,13.479999542236328,13.649999618530272,5.646605491638184,21600
2007-08-30,13.649999618530272,13.699999809265137,13.609999656677246,13.699999809265137,5.667288780212402,19200
2007-08-31,13.649999618530272,13.84000015258789,13.649999618530272,13.699999809265137,5.667288780212402,7300
2007-09-04,13.8100004196167,13.979999542236328,13.739999771118164,13.789999961853027,5.7045207023620605,16800
2007-09-05,13.670000076293944,13.850000381469728,13.630000114440918,13.779999732971191,5.700382709503174,16500
2007-09-06,13.699999809265137,13.890000343322754,13.699999809265137,13.800000190734863,5.70865535736084,18200
2007-09-07,13.699999809265137,14.020000457763672,13.699999809265137,13.84000015258789,5.7252044677734375,5300
2007-09-10,13.920000076293944,14.029999732971191,13.8100004196167,13.9399995803833,5.766570091247559,13600
2007-09-11,13.859999656677246,13.9399995803833,13.800000190734863,13.920000076293944,5.75829553604126,12100
2007-09-12,13.9399995803833,14.100000381469728,13.920000076293944,14.050000190734863,5.812075614929199,20800
2007-09-13,14.100000381469728,14.170000076293944,13.93000030517578,13.93000030517578,5.762433052062988,5800
2007-09-14,13.829999923706056,14.0600004196167,13.8100004196167,13.90999984741211,5.754161357879639,6400
2007-09-17,13.90999984741211,13.970000267028809,13.899999618530272,13.90999984741211,5.754161357879639,10400
2007-09-18,13.970000267028809,14.149999618530272,13.890000343322754,13.920000076293944,5.75829553604126,15400
2007-09-19,13.829999923706056,13.920000076293944,13.800000190734863,13.859999656677246,5.831932544708252,27600
2007-09-20,13.859999656677246,13.899999618530272,13.619999885559082,13.6899995803833,5.760398387908936,7700
2007-09-21,13.6899995803833,14.0,13.670000076293944,13.789999961853027,5.802478790283203,18900
2007-09-24,13.789999961853027,13.899999618530272,13.5600004196167,13.609999656677246,5.726740837097168,9300
2007-09-25,13.65999984741211,13.850000381469728,13.56999969482422,13.850000381469728,5.827724933624268,14400
2007-09-26,14.0,14.0600004196167,13.720000267028809,13.739999771118164,5.78143835067749,8500
2007-09-27,13.81999969482422,13.970000267028809,13.789999961853027,13.899999618530272,5.848762512207031,15400
2007-09-28,13.989999771118164,14.020000457763672,13.81999969482422,13.970000267028809,5.878217697143555,13500
2007-10-01,14.109999656677246,14.109999656677246,13.789999961853027,14.0,5.890841484069824,16700
2007-10-02,13.949999809265137,13.989999771118164,13.850000381469728,13.880000114440918,5.840347766876221,9700
2007-10-03,13.90999984741211,13.949999809265137,13.720000267028809,13.93000030517578,5.861386299133301,31900
2007-10-04,13.899999618530272,13.949999809265137,13.739999771118164,13.880000114440918,5.840347766876221,5000
2007-10-05,14.039999961853027,14.039999961853027,13.75,13.84000015258789,5.8235182762146,6700
2007-10-08,13.880000114440918,13.970000267028809,13.479999542236328,13.800000190734863,5.806684494018555,38600
2007-10-09,13.75,13.93000030517578,13.75,13.93000030517578,5.861386299133301,16700
2007-10-10,13.880000114440918,13.920000076293944,13.84000015258789,13.90999984741211,5.852972030639648,6600
2007-10-11,13.81999969482422,13.9399995803833,13.779999732971191,13.789999961853027,5.802478790283203,8600
2007-10-12,13.65999984741211,13.770000457763672,13.65999984741211,13.739999771118164,5.78143835067749,16500
2007-10-15,13.720000267028809,13.760000228881836,13.720000267028809,13.739999771118164,5.78143835067749,3900
2007-10-16,13.699999809265137,13.789999961853027,13.699999809265137,13.699999809265137,5.764607906341553,13900
2007-10-17,13.710000038146973,13.800000190734863,13.600000381469728,13.640000343322754,5.739362239837647,12600
2007-10-18,13.600000381469728,13.6899995803833,13.550000190734863,13.579999923706056,5.714117050170898,21100
2007-10-19,13.5,13.619999885559082,13.399999618530272,13.5,5.680454254150391,21400
2007-10-22,13.5,13.5600004196167,13.5,13.5600004196167,5.705698490142822,12800
2007-10-23,13.609999656677246,13.649999618530272,13.550000190734863,13.609999656677246,5.726740837097168,18900
2007-10-24,13.5600004196167,13.619999885559082,13.460000038146973,13.600000381469728,5.722531318664551,11200
2007-10-25,13.600000381469728,13.619999885559082,13.449999809265137,13.550000190734863,5.701491832733154,9400
2007-10-26,13.609999656677246,13.609999656677246,13.460000038146973,13.510000228881836,5.684660911560059,6600
2007-10-29,13.460000038146973,13.5600004196167,13.31999969482422,13.380000114440918,5.629960060119629,19200
2007-10-30,13.25,13.43000030517578,13.149999618530272,13.220000267028809,5.562636852264404,26500
2007-10-31,13.119999885559082,13.289999961853027,13.0600004196167,13.289999961853027,5.592089653015137,36000
2007-11-01,13.1899995803833,13.270000457763672,13.130000114440918,13.199999809265137,5.554221630096436,14700
2007-11-02,13.100000381469728,13.289999961853027,13.100000381469728,13.170000076293944,5.541598320007324,17200
2007-11-05,13.15999984741211,13.279999732971191,13.15999984741211,13.220000267028809,5.562636852264404,16000
2007-11-06,13.210000038146973,13.239999771118164,13.15999984741211,13.199999809265137,5.554221630096436,10400
2007-11-07,13.140000343322754,13.289999961853027,13.140000343322754,13.210000038146973,5.55842924118042,11000
2007-11-08,13.15999984741211,13.199999809265137,13.050000190734863,13.100000381469728,5.51214599609375,19400
2007-11-09,13.140000343322754,13.260000228881836,13.039999961853027,13.09000015258789,5.5079345703125,12400
2007-11-12,13.149999618530272,13.170000076293944,13.050000190734863,13.050000190734863,5.491105079650879,17300
2007-11-13,13.289999961853027,13.289999961853027,13.020000457763672,13.09000015258789,5.5079345703125,13200
2007-11-14,13.0,13.100000381469728,13.0,13.010000228881836,5.474274158477783,20200
2007-11-15,13.0,13.06999969482422,12.949999809265137,12.979999542236328,5.461651802062988,23100
2007-11-16,12.949999809265137,13.109999656677246,12.949999809265137,13.010000228881836,5.474274158477783,17600
2007-11-19,13.109999656677246,13.109999656677246,12.890000343322754,12.949999809265137,5.449029445648193,8800
2007-11-20,12.869999885559082,12.989999771118164,12.829999923706056,12.90999984741211,5.432196140289307,13100
2007-11-21,12.90999984741211,13.010000228881836,12.8100004196167,12.899999618530272,5.427988529205322,19600
2007-11-23,13.0,13.119999885559082,12.90999984741211,12.90999984741211,5.432196140289307,6200
2007-11-26,12.850000381469728,12.93000030517578,12.850000381469728,12.869999885559082,5.415366172790527,16700
2007-11-27,12.81999969482422,13.369999885559082,12.789999961853027,13.149999618530272,5.533182621002197,18600
2007-11-28,13.119999885559082,13.199999809265137,12.949999809265137,12.970000267028809,5.457443237304688,25300
2007-11-29,13.1899995803833,13.1899995803833,12.979999542236328,13.0,5.470065593719482,16600
2007-11-30,12.960000038146973,13.199999809265137,12.949999809265137,13.149999618530272,5.533182621002197,19600
2007-12-03,13.149999618530272,13.199999809265137,13.029999732971191,13.119999885559082,5.5205583572387695,24000
2007-12-04,13.15999984741211,13.199999809265137,13.039999961853027,13.119999885559082,5.5205583572387695,12300
2007-12-05,13.119999885559082,13.300000190734863,13.109999656677246,13.260000228881836,5.579468727111816,18300
2007-12-06,13.210000038146973,13.210000038146973,13.0600004196167,13.06999969482422,5.4995198249816895,17700
2007-12-07,13.06999969482422,13.25,13.050000190734863,13.199999809265137,5.554221630096436,14800
2007-12-10,13.149999618530272,13.210000038146973,13.149999618530272,13.149999618530272,5.533182621002197,4400
2007-12-11,13.119999885559082,13.31999969482422,13.119999885559082,13.229999542236328,5.566843509674072,24200
2007-12-12,13.020000457763672,13.149999618530272,13.020000457763672,13.09000015258789,5.60667610168457,10300
2007-12-13,13.149999618530272,13.149999618530272,13.029999732971191,13.06999969482422,5.598111152648926,22600
2007-12-14,13.010000228881836,13.029999732971191,12.739999771118164,12.789999961853027,5.478182792663574,14600
2007-12-17,12.829999923706056,12.949999809265137,12.789999961853027,12.93000030517578,5.538146495819092,30900
2007-12-18,12.880000114440918,13.0,12.8100004196167,12.949999809265137,5.546715259552002,41800
2007-12-19,12.899999618530272,13.050000190734863,12.899999618530272,13.050000190734863,5.589545249938965,46300
2007-12-20,12.979999542236328,13.140000343322754,12.720000267028809,12.760000228881836,5.465333938598633,46800
2007-12-21,12.760000228881836,12.890000343322754,12.699999809265137,12.739999771118164,5.456766605377197,21000
2007-12-24,12.710000038146973,12.9399995803833,12.5,12.90999984741211,5.529581069946289,20200
2007-12-26,12.81999969482422,12.9399995803833,12.779999732971191,12.779999732971191,5.473901748657227,33800
2007-12-27,12.779999732971191,12.899999618530272,12.68000030517578,12.770000457763672,5.469616889953613,29100
2007-12-28,12.890000343322754,13.0,12.699999809265137,12.81999969482422,5.491031169891357,26400
2007-12-31,12.920000076293944,12.920000076293944,12.710000038146973,12.850000381469728,5.50388240814209,48700
2008-01-02,12.779999732971191,13.119999885559082,12.779999732971191,13.0600004196167,5.593831062316895,17400
2008-01-03,13.0600004196167,13.239999771118164,13.020000457763672,13.15999984741211,5.636661052703857,10200
2008-01-04,13.06999969482422,13.289999961853027,13.06999969482422,13.289999961853027,5.6923418045043945,11500
2008-01-07,13.1899995803833,13.489999771118164,13.1899995803833,13.479999542236328,5.773723602294922,44500
2008-01-08,13.43000030517578,13.529999732971191,13.369999885559082,13.5,5.782288551330566,54200
2008-01-09,13.399999618530272,13.5600004196167,13.25,13.460000038146973,5.765154838562012,39000
2008-01-10,13.539999961853027,13.539999961853027,13.350000381469728,13.489999771118164,5.778006076812744,29700
2008-01-11,13.489999771118164,13.5,13.350000381469728,13.460000038146973,5.765154838562012,39500
2008-01-14,13.399999618530272,13.520000457763672,13.289999961853027,13.5,5.782288551330566,26200
2008-01-15,13.350000381469728,13.479999542236328,13.300000190734863,13.449999809265137,5.760872840881348,17400
2008-01-16,13.31999969482422,13.600000381469728,13.300000190734863,13.600000381469728,5.825120449066162,32700
2008-01-17,13.539999961853027,13.579999923706056,13.3100004196167,13.470000267028809,5.769439220428467,24700
2008-01-18,13.369999885559082,13.43000030517578,13.300000190734863,13.350000381469728,5.718040943145752,16800
2008-01-22,13.0,13.510000228881836,13.0,13.1899995803833,5.649509429931641,41200
2008-01-23,13.100000381469728,13.5,13.100000381469728,13.420000076293944,5.748023986816406,17300
2008-01-24,13.329999923706056,13.489999771118164,13.329999923706056,13.489999771118164,5.778006076812744,2800
2008-01-25,13.510000228881836,13.579999923706056,13.4399995803833,13.489999771118164,5.778006076812744,22100
2008-01-28,13.390000343322754,13.539999961853027,13.380000114440918,13.489999771118164,5.778006076812744,12300
2008-01-29,13.59000015258789,13.59000015258789,13.25,13.40999984741211,5.743741035461426,25000
2008-01-30,13.34000015258789,13.609999656677246,13.31999969482422,13.550000190734863,5.803704261779785,22000
2008-01-31,13.399999618530272,13.6899995803833,13.350000381469728,13.6899995803833,5.8636674880981445,13600
2008-02-01,13.59000015258789,13.729999542236328,13.5,13.649999618530272,5.846535682678223,18200
2008-02-04,13.770000457763672,13.770000457763672,13.600000381469728,13.640000343322754,5.842251777648926,9700
2008-02-05,13.59000015258789,13.739999771118164,13.489999771118164,13.68000030517578,5.859384059906006,13900
2008-02-06,13.619999885559082,13.68000030517578,13.510000228881836,13.649999618530272,5.846535682678223,19500
2008-02-07,13.649999618530272,13.739999771118164,13.359999656677246,13.359999656677246,5.722323894500732,24000
2008-02-08,13.350000381469728,13.4399995803833,13.18000030517578,13.350000381469728,5.718040943145752,19900
2008-02-11,13.279999732971191,13.300000190734863,13.149999618530272,13.25,5.675208568572998,4200
2008-02-12,13.300000190734863,13.300000190734863,13.210000038146973,13.229999542236328,5.666641712188721,10700
2008-02-13,13.350000381469728,13.350000381469728,13.199999809265137,13.199999809265137,5.653794288635254,13800
2008-02-14,13.15999984741211,13.18000030517578,12.81999969482422,12.81999969482422,5.491031169891357,39500
2008-02-15,12.720000267028809,12.979999542236328,12.699999809265137,12.829999923706056,5.495315074920654,23700
2008-02-19,13.0,13.100000381469728,12.800000190734863,12.890000343322754,5.521014213562012,10100
2008-02-20,12.899999618530272,13.0,12.899999618530272,12.970000267028809,5.555278778076172,10500
2008-02-21,12.8100004196167,13.0,12.8100004196167,12.899999618530272,5.525298118591309,22100
2008-02-22,13.020000457763672,13.029999732971191,12.920000076293944,12.979999542236328,5.559563159942627,16600
2008-02-25,13.050000190734863,13.050000190734863,12.93000030517578,13.0,5.568128108978272,8400
2008-02-26,12.949999809265137,13.029999732971191,12.949999809265137,13.0,5.568128108978272,16700
2008-02-27,12.920000076293944,13.15999984741211,12.920000076293944,13.15999984741211,5.636661052703857,10800
2008-02-28,13.300000190734863,13.300000190734863,13.06999969482422,13.140000343322754,5.628093719482422,14000
2008-02-29,13.300000190734863,13.300000190734863,12.979999542236328,13.239999771118164,5.670924663543701,23600
2008-03-03,13.289999961853027,13.289999961853027,12.739999771118164,13.050000190734863,5.589545249938965,13800
2008-03-04,13.029999732971191,13.1899995803833,13.029999732971191,13.1899995803833,5.649509429931641,10400
2008-03-05,13.06999969482422,13.15999984741211,13.050000190734863,13.100000381469728,5.610962867736816,7400
2008-03-06,13.1899995803833,13.1899995803833,12.770000457763672,13.010000228881836,5.572413444519043,28300
2008-03-07,13.050000190734863,13.050000190734863,12.829999923706056,12.93000030517578,5.538146495819092,6600
2008-03-10,12.880000114440918,12.880000114440918,12.710000038146973,12.829999923706056,5.495315074920654,5200
2008-03-11,12.729999542236328,13.0,12.710000038146973,12.869999885559082,5.512448787689209,6100
2008-03-12,12.75,12.869999885559082,12.75,12.770000457763672,5.469616889953613,6000
2008-03-13,12.779999732971191,13.0600004196167,12.65999984741211,12.869999885559082,5.512448787689209,13100
2008-03-14,13.020000457763672,13.020000457763672,12.550000190734863,12.710000038146973,5.443917751312256,10500
2008-03-17,12.710000038146973,12.710000038146973,12.5,12.710000038146973,5.443917751312256,4000
2008-03-18,12.850000381469728,12.869999885559082,12.75,12.760000228881836,5.465333938598633,16900
2008-03-19,12.600000381469728,12.630000114440918,12.479999542236328,12.630000114440918,5.519964694976807,31400
2008-03-20,12.770000457763672,12.770000457763672,12.5600004196167,12.600000381469728,5.506851673126221,9000
2008-03-24,12.56999969482422,12.729999542236328,12.550000190734863,12.720000267028809,5.559299945831299,13900
2008-03-25,12.75,12.770000457763672,12.739999771118164,12.739999771118164,5.568040370941162,3800
2008-03-26,13.5,13.5,12.68000030517578,12.770000457763672,5.581151485443115,17100
2008-03-27,12.619999885559082,12.760000228881836,12.579999923706056,12.720000267028809,5.559299945831299,22400
2008-03-28,12.81999969482422,12.81999969482422,12.649999618530272,12.779999732971191,5.585524559020996,10700
2008-03-31,12.989999771118164,12.989999771118164,12.65999984741211,12.84000015258789,5.6117448806762695,22700
2008-04-01,12.920000076293944,12.920000076293944,12.779999732971191,12.789999961853027,5.589893341064453,15000
2008-04-02,12.890000343322754,12.949999809265137,12.789999961853027,12.800000190734863,5.594263553619385,9700
2008-04-03,12.9399995803833,12.9399995803833,12.8100004196167,12.8100004196167,5.598635673522949,27700
2008-04-04,12.720000267028809,12.899999618530272,12.710000038146973,12.81999969482422,5.60300350189209,27300
2008-04-07,12.800000190734863,13.0,12.800000190734863,12.960000038146973,5.664191246032715,16800
2008-04-08,12.899999618530272,13.100000381469728,12.899999618530272,12.90999984741211,5.642339706420898,11300
2008-04-09,12.899999618530272,12.989999771118164,12.75,12.829999923706056,5.6073737144470215,13800
2008-04-10,12.760000228881836,12.9399995803833,12.760000228881836,12.850000381469728,5.616116523742676,13100
2008-04-11,12.81999969482422,12.989999771118164,12.81999969482422,12.899999618530272,5.63796854019165,11700
2008-04-14,12.829999923706056,13.050000190734863,12.829999923706056,12.859999656677246,5.620487213134766,20600
2008-04-15,12.84000015258789,13.0,12.84000015258789,12.90999984741211,5.642339706420898,6300
2008-04-16,12.880000114440918,12.970000267028809,12.850000381469728,12.880000114440918,5.629228591918945,15100
2008-04-17,12.850000381469728,12.850000381469728,12.789999961853027,12.8100004196167,5.598635673522949,4900
2008-04-18,12.829999923706056,13.0,12.800000190734863,12.920000076293944,5.646709442138672,13900
2008-04-21,12.890000343322754,12.949999809265137,12.75,12.859999656677246,5.620487213134766,11800
2008-04-22,12.829999923706056,12.899999618530272,12.829999923706056,12.890000343322754,5.633596897125244,7400
2008-04-23,12.789999961853027,13.130000114440918,12.789999961853027,13.0,5.681673526763916,16500
2008-04-24,13.100000381469728,13.119999885559082,13.010000228881836,13.119999885559082,5.734119415283203,5200
2008-04-25,13.119999885559082,13.119999885559082,13.0,13.050000190734863,5.703526496887207,9000
2008-04-28,13.130000114440918,13.220000267028809,13.010000228881836,13.039999961853027,5.699156284332275,6300
2008-04-29,13.18000030517578,13.18000030517578,13.029999732971191,13.170000076293944,5.7559733390808105,15200
2008-04-30,13.31999969482422,13.31999969482422,13.079999923706056,13.1899995803833,5.764713287353516,16400
2008-05-01,13.0600004196167,13.25,13.0600004196167,13.100000381469728,5.725381374359131,13800
2008-05-02,13.050000190734863,13.260000228881836,13.050000190734863,13.199999809265137,5.769084453582764,5600
2008-05-05,13.06999969482422,13.260000228881836,13.0,13.010000228881836,5.686044692993164,13300
2008-05-06,13.029999732971191,13.09000015258789,13.0,13.010000228881836,5.686044692993164,8800
2008-05-07,13.0,13.25,13.0,13.109999656677246,5.729750633239746,13600
2008-05-08,13.210000038146973,13.210000038146973,13.0,13.15999984741211,5.751603126525879,9900
2008-05-09,13.170000076293944,13.380000114440918,13.149999618530272,13.369999885559082,5.8433837890625,9200
2008-05-12,13.270000457763672,13.65999984741211,13.270000457763672,13.460000038146973,5.882716178894043,34300
2008-05-13,13.359999656677246,13.649999618530272,13.359999656677246,13.399999618530272,5.856494426727295,11100
2008-05-14,13.489999771118164,13.489999771118164,13.260000228881836,13.359999656677246,5.839012622833252,9000
2008-05-15,13.359999656677246,13.43000030517578,13.350000381469728,13.359999656677246,5.839012622833252,7500
2008-05-16,13.350000381469728,13.420000076293944,13.350000381469728,13.420000076293944,5.865235805511475,50400
2008-05-19,13.420000076293944,13.43000030517578,13.359999656677246,13.369999885559082,5.8433837890625,16800
2008-05-20,13.470000267028809,13.640000343322754,13.399999618530272,13.4399995803833,5.873976707458496,20400
2008-05-21,13.539999961853027,13.699999809265137,13.350000381469728,13.359999656677246,5.839012622833252,40900
2008-05-22,13.460000038146973,13.460000038146973,13.380000114440918,13.380000114440918,5.847754001617432,29400
2008-05-23,13.3100004196167,13.4399995803833,13.3100004196167,13.380000114440918,5.847754001617432,7400
2008-05-27,13.3100004196167,13.470000267028809,13.3100004196167,13.43000030517578,5.869606971740723,5500
2008-05-28,13.529999732971191,13.5600004196167,13.31999969482422,13.380000114440918,5.847754001617432,10600
2008-05-29,13.449999809265137,13.539999961853027,13.329999923706056,13.369999885559082,5.8433837890625,12400
2008-05-30,13.460000038146973,13.460000038146973,13.359999656677246,13.359999656677246,5.839012622833252,10300
2008-06-02,13.359999656677246,13.380000114440918,13.329999923706056,13.359999656677246,5.839012622833252,33000
2008-06-03,13.390000343322754,13.5,13.390000343322754,13.43000030517578,5.869606971740723,9000
2008-06-04,13.43000030517578,13.850000381469728,13.40999984741211,13.510000228881836,5.90457010269165,42400
2008-06-05,13.550000190734863,13.550000190734863,13.34000015258789,13.390000343322754,5.852123260498047,13600
2008-06-06,13.40999984741211,13.4399995803833,13.359999656677246,13.359999656677246,5.839012622833252,13500
2008-06-09,13.220000267028809,13.31999969482422,13.149999618530272,13.170000076293944,5.882787704467773,25900
2008-06-10,13.210000038146973,13.369999885559082,13.0600004196167,13.119999885559082,5.860453128814697,9600
2008-06-11,13.239999771118164,13.25,12.890000343322754,13.020000457763672,5.815784931182861,10500
2008-06-12,12.65999984741211,12.949999809265137,12.65999984741211,12.93000030517578,5.775584697723389,13000
2008-06-13,12.93000030517578,12.93000030517578,12.75,12.8100004196167,5.721981525421143,12700
2008-06-16,12.949999809265137,13.149999618530272,12.789999961853027,12.859999656677246,5.744317054748535,6800
2008-06-17,12.760000228881836,13.050000190734863,12.760000228881836,12.779999732971191,5.708582401275635,10700
2008-06-18,12.760000228881836,12.93000030517578,12.710000038146973,12.710000038146973,5.677313327789307,10900
2008-06-19,12.710000038146973,12.899999618530272,12.550000190734863,12.699999809265137,5.672848224639893,17900
2008-06-20,12.600000381469728,12.84000015258789,12.600000381469728,12.84000015258789,5.735383033752441,12600
2008-06-23,12.899999618530272,13.0,12.880000114440918,12.90999984741211,5.766651630401611,17600
2008-06-24,12.800000190734863,13.010000228881836,12.6899995803833,12.739999771118164,5.690713882446289,9500
2008-06-25,12.9399995803833,13.0,12.75,12.760000228881836,5.699649810791016,21000
2008-06-26,12.850000381469728,12.850000381469728,12.65999984741211,12.65999984741211,5.654980659484863,9500
2008-06-27,12.8100004196167,12.9399995803833,12.670000076293944,12.800000190734863,5.717515468597412,23300
2008-06-30,13.050000190734863,13.0600004196167,12.710000038146973,12.720000267028809,5.6817827224731445,20800
2008-07-01,12.970000267028809,12.970000267028809,12.520000457763672,12.56999969482422,5.614778518676758,15500
2008-07-02,12.5,12.550000190734863,12.350000381469728,12.529999732971191,5.596912384033203,11900
2008-07-03,12.399999618530272,12.420000076293944,12.300000190734863,12.300000190734863,5.494176387786865,9000
2008-07-07,12.25,12.300000190734863,12.100000381469728,12.149999618530272,5.427173137664795,16000
2008-07-08,12.020000457763672,12.149999618530272,11.979999542236328,12.109999656677246,5.409306049346924,17400
2008-07-09,12.0,12.09000015258789,11.920000076293944,12.079999923706056,5.395905017852783,22800
2008-07-10,11.880000114440918,12.140000343322754,11.880000114440918,12.050000190734863,5.382504463195801,20500
2008-07-11,11.920000076293944,12.06999969482422,11.800000190734863,12.020000457763672,5.36910343170166,16400
2008-07-14,11.899999618530272,12.06999969482422,11.529999732971191,11.729999542236328,5.239565849304199,49300
2008-07-15,11.579999923706056,11.84000015258789,11.229999542236328,11.699999809265137,5.226166725158691,30300
2008-07-16,11.619999885559082,11.880000114440918,11.619999885559082,11.859999656677246,5.297635078430176,18400
2008-07-17,11.760000228881836,12.0600004196167,11.760000228881836,12.029999732971191,5.373570442199707,14500
2008-07-18,12.0,12.010000228881836,11.84000015258789,11.970000267028809,5.346770286560059,4800
2008-07-21,11.890000343322754,11.899999618530272,11.859999656677246,11.890000343322754,5.311036109924316,6400
2008-07-22,11.800000190734863,12.09000015258789,11.800000190734863,12.029999732971191,5.373570442199707,12900
2008-07-23,12.029999732971191,12.210000038146973,12.029999732971191,12.210000038146973,5.45397424697876,13600
2008-07-24,12.18000030517578,12.199999809265137,12.020000457763672,12.09000015258789,5.400373458862305,20000
2008-07-25,11.970000267028809,12.079999923706056,11.869999885559082,12.079999923706056,5.395905017852783,10700
2008-07-28,11.989999771118164,12.15999984741211,11.989999771118164,11.989999771118164,5.355704307556152,11700
2008-07-29,11.960000038146973,12.31999969482422,11.960000038146973,12.170000076293944,5.436105251312256,8500
2008-07-30,12.029999732971191,12.15999984741211,12.029999732971191,12.079999923706056,5.395905017852783,4500
2008-07-31,12.029999732971191,12.119999885559082,11.949999809265137,12.0,5.360170841217041,11000
2008-08-01,11.93000030517578,12.170000076293944,11.93000030517578,12.149999618530272,5.427173137664795,8500
2008-08-04,12.119999885559082,12.119999885559082,11.6899995803833,12.100000381469728,5.404839515686035,17600
2008-08-05,12.050000190734863,12.210000038146973,12.050000190734863,12.170000076293944,5.436105251312256,10600
2008-08-06,12.15999984741211,12.18000030517578,12.050000190734863,12.100000381469728,5.404839515686035,8000
2008-08-07,12.06999969482422,12.40999984741211,12.020000457763672,12.06999969482422,5.391438961029053,14500
2008-08-08,12.100000381469728,12.15999984741211,12.0600004196167,12.079999923706056,5.395905017852783,6500
2008-08-11,12.109999656677246,12.25,12.0,12.119999885559082,5.413773059844971,11800
2008-08-12,12.100000381469728,12.18000030517578,12.050000190734863,12.149999618530272,5.427173137664795,6800
2008-08-13,12.119999885559082,12.210000038146973,12.06999969482422,12.09000015258789,5.400373458862305,5900
2008-08-14,12.050000190734863,12.130000114440918,12.020000457763672,12.06999969482422,5.391438961029053,6200
2008-08-15,12.050000190734863,12.170000076293944,12.050000190734863,12.15999984741211,5.431639671325684,7700
2008-08-18,12.100000381469728,12.140000343322754,12.020000457763672,12.140000343322754,5.422706604003906,11800
2008-08-19,12.109999656677246,12.130000114440918,11.920000076293944,12.119999885559082,5.413773059844971,8300
2008-08-20,12.119999885559082,12.149999618530272,12.09000015258789,12.130000114440918,5.418239593505859,10000
2008-08-21,12.130000114440918,12.1899995803833,12.0,12.18000030517578,5.440573692321777,7200
2008-08-22,12.149999618530272,12.149999618530272,12.0,12.100000381469728,5.404839515686035,8100
2008-08-25,12.06999969482422,12.25,12.020000457763672,12.15999984741211,5.431639671325684,34800
2008-08-26,12.020000457763672,12.289999961853027,12.020000457763672,12.18000030517578,5.440573692321777,58200
2008-08-27,12.149999618530272,12.220000267028809,12.130000114440918,12.18000030517578,5.440573692321777,7500
2008-08-28,12.18000030517578,12.229999542236328,12.140000343322754,12.210000038146973,5.45397424697876,24800
2008-08-29,12.109999656677246,12.220000267028809,12.09000015258789,12.220000267028809,5.458441257476807,8200
2008-09-02,12.220000267028809,12.31999969482422,12.220000267028809,12.300000190734863,5.494176387786865,7900
2008-09-03,12.25,12.43000030517578,12.149999618530272,12.43000030517578,5.552243709564209,4500
2008-09-04,12.399999618530272,12.399999618530272,12.279999732971191,12.279999732971191,5.485242366790772,5000
2008-09-05,12.18000030517578,12.350000381469728,12.15999984741211,12.279999732971191,5.485242366790772,16800
2008-09-08,12.300000190734863,12.520000457763672,12.289999961853027,12.489999771118164,5.579045295715332,13500
2008-09-09,12.399999618530272,12.6899995803833,12.380000114440918,12.56999969482422,5.614778518676758,14700
2008-09-10,12.5,12.640000343322754,12.380000114440918,12.390000343322754,5.534377574920654,19800
2008-09-11,12.390000343322754,12.390000343322754,12.079999923706056,12.100000381469728,5.404839515686035,10600
2008-09-12,11.899999618530272,11.899999618530272,11.479999542236328,11.760000228881836,5.3860602378845215,24800
2008-09-15,11.5,11.510000228881836,11.380000114440918,11.460000038146973,5.248660564422607,25800
2008-09-16,11.449999809265137,11.649999618530272,11.199999809265137,11.4399995803833,5.239500999450684,50700
2008-09-17,11.399999618530272,11.399999618530272,10.199999809265137,10.81999969482422,4.955541133880615,60100
2008-09-18,10.800000190734863,10.84000015258789,10.619999885559082,10.789999961853027,4.941802024841309,30300
2008-09-19,10.869999885559082,11.289999961853027,10.859999656677246,11.199999809265137,5.129580974578857,16800
2008-09-22,11.199999809265137,11.199999809265137,11.0,11.0,5.0379838943481445,17100
2008-09-23,10.81999969482422,11.119999885559082,10.81999969482422,11.119999885559082,5.092941284179688,12100
2008-09-24,11.06999969482422,11.06999969482422,10.920000076293944,11.010000228881836,5.042562007904053,19200
2008-09-25,11.210000038146973,11.3100004196167,11.149999618530272,11.1899995803833,5.125001430511475,13100
2008-09-26,11.210000038146973,11.210000038146973,10.899999618530272,11.109999656677246,5.0883612632751465,30600
2008-09-29,11.109999656677246,11.109999656677246,10.449999809265137,10.710000038146973,4.905163288116455,46500
2008-09-30,11.109999656677246,11.109999656677246,10.1899995803833,10.31999969482422,4.726544380187988,21400
2008-10-01,10.399999618530272,11.739999771118164,10.31999969482422,11.489999771118164,5.262401580810547,43000
2008-10-02,11.109999656677246,11.260000228881836,10.350000381469728,10.93000030517578,5.005921840667725,27000
2008-10-03,10.9399995803833,11.329999923706056,10.93000030517578,11.15999984741211,5.111262321472168,16800
2008-10-06,10.890000343322754,11.279999732971191,10.399999618530272,10.399999618530272,4.763184070587158,67700
2008-10-07,10.300000190734863,10.369999885559082,9.770000457763672,10.0,4.57998514175415,46200
2008-10-08,9.90999984741211,9.920000076293944,8.739999771118164,9.300000190734863,4.259385585784912,50600
2008-10-09,9.75,9.75,9.100000381469728,9.279999732971191,4.250223159790039,32900
2008-10-10,7.75,9.239999771118164,7.639999866485596,9.020000457763672,4.1311469078063965,93600
2008-10-13,9.09000015258789,10.43000030517578,8.420000076293945,9.649999618530272,4.41968297958374,81200
2008-10-14,9.699999809265137,10.550000190734863,9.59000015258789,9.979999542236328,4.570823192596436,37800
2008-10-15,9.800000190734863,9.800000190734863,9.399999618530272,9.449999809265137,4.328084468841553,20900
2008-10-16,9.449999809265137,9.949999809265137,9.449999809265137,9.850000381469728,4.511284828186035,18500
2008-10-17,9.699999809265137,9.960000038146973,8.600000381469727,9.960000038146973,4.5616631507873535,31600
2008-10-20,9.899999618530272,10.720000267028809,9.800000190734863,10.25,4.694482803344727,43300
2008-10-21,10.050000190734863,10.15999984741211,9.59000015258789,9.949999809265137,4.5570831298828125,28900
2008-10-22,9.859999656677246,10.15999984741211,9.859999656677246,10.039999961853027,4.598303318023682,14000
2008-10-23,10.25,10.25,9.149999618530272,9.25,4.236485958099365,33300
2008-10-24,9.0,10.029999732971191,9.0,9.8100004196167,4.492964267730713,33900
2008-10-27,9.800000190734863,9.869999885559082,9.279999732971191,9.56999969482422,4.383042812347412,26700
2008-10-28,9.56999969482422,10.56999969482422,9.489999771118164,9.699999809265137,4.442584037780762,18200
2008-10-29,9.600000381469728,10.199999809265137,9.0,9.470000267028809,4.33724308013916,59500
2008-10-30,9.550000190734863,9.56999969482422,9.489999771118164,9.550000190734863,4.373884201049805,10200
2008-10-31,9.630000114440918,9.779999732971191,9.529999732971191,9.670000076293944,4.4288434982299805,14700
2008-11-03,9.800000190734863,9.8100004196167,9.600000381469728,9.8100004196167,4.492964267730713,24700
2008-11-04,9.800000190734863,10.149999618530272,9.800000190734863,10.09000015258789,4.621203899383545,23100
2008-11-05,10.039999961853027,10.140000343322754,9.9399995803833,9.9399995803833,4.552504539489746,37900
2008-11-06,9.9399995803833,10.0600004196167,9.9399995803833,10.010000228881836,4.584564685821533,7800
2008-11-07,10.100000381469728,10.170000076293944,9.850000381469728,9.970000267028809,4.566244602203369,17800
2008-11-10,10.220000267028809,10.369999885559082,9.9399995803833,10.130000114440918,4.639523983001709,38100
2008-11-11,10.1899995803833,10.390000343322754,10.0,10.050000190734863,4.602884769439697,13300
2008-11-12,10.029999732971191,10.149999618530272,10.0,10.039999961853027,4.598303318023682,25800
2008-11-13,9.899999618530272,10.4399995803833,9.859999656677246,10.079999923706056,4.616623878479004,23000
2008-11-14,10.100000381469728,10.350000381469728,9.75,10.100000381469728,4.625783920288086,31900
2008-11-17,10.020000457763672,10.170000076293944,9.779999732971191,9.899999618530272,4.534182548522949,14100
2008-11-18,10.0,10.100000381469728,9.75,9.90999984741211,4.538763999938965,32200
2008-11-19,9.850000381469728,9.970000267028809,9.34000015258789,9.34000015258789,4.277705192565918,13300
2008-11-20,9.25,9.350000381469728,8.819999694824219,8.949999809265137,4.099085807800293,13800
2008-11-21,8.649999618530273,8.930000305175781,8.130000114440918,8.449999809265137,3.87008547782898,39700
2008-11-24,8.390000343322754,9.670000076293944,8.390000343322754,8.829999923706055,4.044125556945801,30700
2008-11-25,9.0,9.09000015258789,8.539999961853027,8.930000305175781,4.089926719665527,36300
2008-11-26,8.930000305175781,9.18000030517578,8.479999542236328,8.899999618530273,4.07618522644043,28100
2008-11-28,9.020000457763672,9.25,8.970000267028809,9.1899995803833,4.209004878997803,5100
2008-12-01,9.229999542236328,9.25,8.8100004196167,9.0,4.12198543548584,20300
2008-12-02,8.850000381469727,9.149999618530272,8.850000381469727,9.140000343322754,4.186105251312256,12200
2008-12-03,9.140000343322754,9.449999809265137,8.6899995803833,9.4399995803833,4.323505401611328,17400
2008-12-04,9.399999618530272,9.920000076293944,9.399999618530272,9.81999969482422,4.497543811798096,31700
2008-12-05,9.8100004196167,9.8100004196167,9.279999732971191,9.579999923706056,4.387624740600586,29800
2008-12-08,9.59000015258789,9.800000190734863,9.399999618530272,9.420000076293944,4.314345836639404,21000
2008-12-09,9.40999984741211,9.510000228881836,9.149999618530272,9.390000343322754,4.300604820251465,13300
2008-12-10,9.380000114440918,9.380000114440918,8.9399995803833,9.380000114440918,4.296023845672607,19700
2008-12-11,9.149999618530272,9.369999885559082,9.0600004196167,9.25,4.360609531402588,26100
2008-12-12,9.25,9.31999969482422,8.859999656677246,9.0,4.242754936218262,32700
2008-12-15,9.029999732971191,9.130000114440918,8.899999618530273,8.920000076293945,4.20504093170166,15100
2008-12-16,9.050000190734863,9.050000190734863,8.90999984741211,8.960000038146973,4.223898410797119,12400
2008-12-17,8.920000076293945,9.029999732971191,8.920000076293945,8.9399995803833,4.214468955993652,26000
2008-12-18,9.0,9.34000015258789,8.920000076293945,9.149999618530272,4.313467979431152,49800
2008-12-19,9.350000381469728,10.0,9.100000381469728,9.210000038146973,4.341751575469971,163800
2008-12-22,9.25,9.899999618530272,9.25,9.75,4.596316814422607,102100
2008-12-23,9.75,10.6899995803833,9.470000267028809,10.3100004196167,4.860312461853027,179700
2008-12-24,10.420000076293944,10.470000267028809,9.920000076293944,10.199999809265137,4.808454990386963,44200
2008-12-26,10.300000190734863,10.649999618530272,10.140000343322754,10.279999732971191,4.8461689949035645,39800
2008-12-29,10.0,10.199999809265137,9.739999771118164,9.760000228881836,4.601032257080078,54400
2008-12-30,9.899999618530272,9.90999984741211,9.699999809265137,9.90999984741211,4.671743392944336,31700
2008-12-31,9.899999618530272,10.25,9.699999809265137,9.770000457763672,4.605746269226074,54900
2009-01-02,9.770000457763672,9.899999618530272,9.770000457763672,9.899999618530272,4.667029857635498,29200
2009-01-05,10.0600004196167,10.40999984741211,10.0600004196167,10.239999771118164,4.8273115158081055,43300
2009-01-06,10.239999771118164,10.25,10.210000038146973,10.210000038146973,4.813169002532959,21900
2009-01-07,10.25,10.25,10.149999618530272,10.149999618530272,4.784883975982666,17800
2009-01-08,10.199999809265137,10.300000190734863,9.789999961853027,10.199999809265137,4.808454990386963,49200
2009-01-09,10.199999809265137,10.350000381469728,9.8100004196167,10.1899995803833,4.803740978240967,28100
2009-01-12,10.25,10.670000076293944,10.25,10.5,4.9498796463012695,39300
2009-01-13,10.75,10.989999771118164,10.40999984741211,10.630000114440918,5.011165142059326,35600
2009-01-14,10.630000114440918,10.65999984741211,10.510000228881836,10.619999885559082,5.00645112991333,20500
2009-01-15,10.449999809265137,10.670000076293944,10.40999984741211,10.670000076293944,5.030020236968994,16900
2009-01-16,10.899999618530272,11.0600004196167,10.760000228881836,10.850000381469728,5.1148762702941895,34000
2009-01-20,11.149999618530272,11.149999618530272,10.5,10.6899995803833,5.039450645446777,23900
2009-01-21,10.699999809265137,10.699999809265137,10.359999656677246,10.649999618530272,5.020593166351318,25400
2009-01-22,10.649999618530272,11.800000190734863,10.609999656677246,10.979999542236328,5.176159858703613,35600
2009-01-23,10.979999542236328,11.039999961853027,10.6899995803833,11.0,5.185588359832764,25900
2009-01-26,11.039999961853027,11.09000015258789,10.489999771118164,10.800000190734863,5.091305732727051,19500
2009-01-27,11.050000190734863,11.050000190734863,10.670000076293944,10.899999618530272,5.138447284698486,10300
2009-01-28,11.800000190734863,11.800000190734863,10.850000381469728,10.880000114440918,5.129019260406494,49700
2009-01-29,11.079999923706056,11.109999656677246,10.470000267028809,10.699999809265137,5.044163227081299,44800
2009-01-30,11.0,11.350000381469728,10.770000457763672,11.029999732971191,5.199731349945068,21700
2009-02-02,11.100000381469728,11.100000381469728,10.989999771118164,11.0,5.185588359832764,16700
2009-02-03,11.100000381469728,11.140000343322754,10.869999885559082,10.869999885559082,5.124303817749023,17800
2009-02-04,10.989999771118164,11.0,10.710000038146973,11.0,5.185588359832764,8400
2009-02-05,11.0,11.020000457763672,10.699999809265137,10.699999809265137,5.044163227081299,21300
2009-02-06,10.699999809265137,10.890000343322754,10.699999809265137,10.81999969482422,5.100733757019043,9000
2009-02-09,10.899999618530272,10.899999618530272,10.75,10.84000015258789,5.1101603507995605,30400
2009-02-10,10.699999809265137,10.850000381469728,10.699999809265137,10.710000038146973,5.048879623413086,13200
2009-02-11,10.800000190734863,10.800000190734863,10.699999809265137,10.789999961853027,5.086589813232422,15200
2009-02-12,10.800000190734863,10.800000190734863,10.670000076293944,10.699999809265137,5.044163227081299,8400
2009-02-13,10.800000190734863,10.850000381469728,10.739999771118164,10.75,5.0677337646484375,16600
2009-02-17,10.5,10.890000343322754,10.5,10.5,4.9498796463012695,27100
2009-02-18,10.5,10.779999732971191,10.5,10.539999961853027,4.968736171722412,18400
2009-02-19,10.649999618530272,10.649999618530272,10.5,10.5,4.9498796463012695,24500
2009-02-20,9.81999969482422,9.989999771118164,9.6899995803833,9.869999885559082,4.652887344360352,61300
2009-02-23,9.850000381469728,10.0,9.710000038146973,9.8100004196167,4.624604225158691,29400
2009-02-24,9.8100004196167,10.220000267028809,9.789999961853027,10.15999984741211,4.789597988128662,17900
2009-02-25,10.050000190734863,10.100000381469728,9.75,10.039999961853027,4.733027458190918,38600
2009-02-26,10.0,10.350000381469728,10.0,10.350000381469728,4.879167079925537,26400
2009-02-27,10.149999618530272,10.300000190734863,10.0,10.029999732971191,4.728312969207764,23400
2009-03-02,9.729999542236328,10.399999618530272,9.15999984741211,9.779999732971191,4.610459804534912,40500
2009-03-03,9.770000457763672,10.020000457763672,9.4399995803833,9.779999732971191,4.610459804534912,30700
2009-03-04,9.779999732971191,10.729999542236328,9.40999984741211,10.390000343322754,4.89802360534668,30400
2009-03-05,10.380000114440918,10.59000015258789,9.75,9.859999656677246,4.648172855377197,45900
2009-03-06,9.300000190734863,9.84000015258789,9.260000228881836,9.739999771118164,4.591602802276611,31500
2009-03-09,9.850000381469728,9.899999618530272,9.06999969482422,9.329999923706056,4.398322105407715,38200
2009-03-10,9.3100004196167,9.640000343322754,9.130000114440918,9.539999961853027,4.6262383460998535,16200
2009-03-11,9.539999961853027,9.739999771118164,9.539999961853027,9.699999809265137,4.703826427459717,7500
2009-03-12,9.550000190734863,9.869999885559082,9.550000190734863,9.770000457763672,4.737773418426514,17200
2009-03-13,9.649999618530272,9.649999618530272,9.329999923706056,9.579999923706056,4.645638465881348,17800
2009-03-16,9.579999923706056,9.789999961853027,9.579999923706056,9.729999542236328,4.718376159667969,5400
2009-03-17,9.739999771118164,9.869999885559082,9.720000267028809,9.81999969482422,4.762021064758301,29400
2009-03-18,9.850000381469728,9.920000076293944,9.739999771118164,9.920000076293944,4.810512542724609,12100
2009-03-19,9.9399995803833,10.0,9.850000381469728,9.850000381469728,4.776567935943604,9300
2009-03-20,9.920000076293944,9.920000076293944,9.600000381469728,9.68000030517578,4.694131374359131,6000
2009-03-23,9.75,10.010000228881836,9.75,9.960000038146973,4.829910755157471,23400
2009-03-24,10.020000457763672,10.050000190734863,9.640000343322754,9.729999542236328,4.718376159667969,29500
2009-03-25,9.800000190734863,10.0600004196167,9.770000457763672,10.050000190734863,4.873554229736328,16300
2009-03-26,10.199999809265137,10.239999771118164,9.9399995803833,10.010000228881836,4.854157447814941,32000
2009-03-27,10.100000381469728,10.25,10.100000381469728,10.220000267028809,4.95599365234375,6600
2009-03-30,10.140000343322754,10.5,9.600000381469728,10.25,4.970540523529053,12200
2009-03-31,10.350000381469728,10.390000343322754,10.06999969482422,10.09000015258789,4.892952919006348,24200
2009-04-01,10.0,10.0,9.920000076293944,9.93000030517578,4.815362930297852,11000
2009-04-02,9.989999771118164,10.59000015258789,9.949999809265137,9.960000038146973,4.829910755157471,28200
2009-04-03,10.0600004196167,10.109999656677246,9.890000343322754,9.899999618530272,4.800814151763916,14200
2009-04-06,9.869999885559082,9.899999618530272,9.850000381469728,9.850000381469728,4.776567935943604,11900
2009-04-07,9.899999618530272,10.0,9.899999618530272,9.979999542236328,4.8396077156066895,10000
2009-04-08,9.979999542236328,10.0,9.899999618530272,9.989999771118164,4.844457626342773,10400
2009-04-09,9.989999771118164,10.029999732971191,9.9399995803833,9.960000038146973,4.829910755157471,12800
2009-04-13,10.0600004196167,10.109999656677246,9.9399995803833,9.989999771118164,4.844457626342773,12400
2009-04-14,9.949999809265137,10.1899995803833,9.949999809265137,10.06999969482422,4.88325309753418,3100
2009-04-15,10.020000457763672,10.31999969482422,10.0,10.0,4.849306583404541,14100
2009-04-16,10.100000381469728,10.289999961853027,10.100000381469728,10.289999961853027,4.98993730545044,5300
2009-04-17,10.199999809265137,10.329999923706056,10.0,10.100000381469728,4.897800922393799,19400
2009-04-20,10.100000381469728,10.18000030517578,9.850000381469728,9.890000343322754,4.795966148376465,10400
2009-04-21,9.850000381469728,10.300000190734863,9.850000381469728,10.260000228881836,4.975389003753662,28700
2009-04-22,9.720000267028809,10.350000381469728,9.720000267028809,10.220000267028809,4.95599365234375,8500
2009-04-23,10.199999809265137,10.350000381469728,10.199999809265137,10.350000381469728,5.01903247833252,6900
2009-04-24,10.399999618530272,10.399999618530272,10.130000114440918,10.199999809265137,4.946293354034424,5300
2009-04-27,10.270000457763672,10.43000030517578,10.010000228881836,10.199999809265137,4.946293354034424,17200
2009-04-28,10.270000457763672,10.359999656677246,10.09000015258789,10.109999656677246,4.902649879455566,17800
2009-04-29,10.100000381469728,10.649999618530272,10.09000015258789,10.210000038146973,4.951142311096191,70900
2009-04-30,10.210000038146973,10.56999969482422,10.210000038146973,10.229999542236328,4.960841178894043,48100
2009-05-01,10.25,10.710000038146973,10.25,10.5,5.091772079467773,37900
2009-05-04,10.399999618530272,10.600000381469728,10.399999618530272,10.40999984741211,5.048128604888916,7400
2009-05-05,10.510000228881836,10.920000076293944,10.399999618530272,10.600000381469728,5.140265464782715,17200
2009-05-06,10.649999618530272,10.84000015258789,10.619999885559082,10.670000076293944,5.174210548400879,7300
2009-05-07,10.710000038146973,10.979999542236328,10.420000076293944,10.800000190734863,5.237253189086914,29900
2009-05-08,10.800000190734863,10.800000190734863,10.550000190734863,10.670000076293944,5.174210548400879,11900
2009-05-11,10.75,10.93000030517578,10.710000038146973,10.800000190734863,5.237253189086914,10600
2009-05-12,10.6899995803833,10.989999771118164,10.670000076293944,10.81999969482422,5.246950626373291,14500
2009-05-13,10.699999809265137,10.75,10.6899995803833,10.699999809265137,5.188758373260498,8400
2009-05-14,10.649999618530272,10.729999542236328,10.609999656677246,10.68000030517578,5.179059505462647,11500
2009-05-15,10.600000381469728,10.869999885559082,10.529999732971191,10.550000190734863,5.116020679473877,37200
2009-05-18,10.779999732971191,10.789999961853027,10.529999732971191,10.529999732971191,5.106321334838867,15800
2009-05-19,10.449999809265137,10.970000267028809,10.449999809265137,10.739999771118164,5.208154678344727,24600
2009-05-20,10.649999618530272,10.970000267028809,10.640000343322754,10.869999885559082,5.271198272705078,12100
2009-05-21,10.800000190734863,10.93000030517578,10.68000030517578,10.699999809265137,5.188758373260498,22600
2009-05-22,10.699999809265137,10.960000038146973,10.649999618530272,10.65999984741211,5.169363021850586,19200
2009-05-26,10.65999984741211,10.84000015258789,10.630000114440918,10.8100004196167,5.242100715637207,14800
2009-05-27,10.8100004196167,10.8100004196167,10.710000038146973,10.800000190734863,5.237253189086914,8700
2009-05-28,10.800000190734863,10.800000190734863,10.699999809265137,10.710000038146973,5.193608283996582,3800
2009-05-29,10.710000038146973,10.760000228881836,10.710000038146973,10.739999771118164,5.208154678344727,5800
2009-06-01,10.760000228881836,11.039999961853027,10.760000228881836,10.90999984741211,5.29059362411499,15600
2009-06-02,10.899999618530272,11.100000381469728,10.800000190734863,11.100000381469728,5.3827314376831055,25700
2009-06-03,11.100000381469728,11.56999969482422,11.050000190734863,11.300000190734863,5.479717254638672,15700
2009-06-04,11.399999618530272,11.600000381469728,11.199999809265137,11.460000038146973,5.557307243347168,9800
2009-06-05,11.5,11.729999542236328,11.420000076293944,11.449999809265137,5.552457332611084,8700
2009-06-08,11.479999542236328,11.479999542236328,11.15999984741211,11.260000228881836,5.460320472717285,41300
2009-06-09,10.899999618530272,11.100000381469728,10.899999618530272,10.970000267028809,5.454850196838379,19200
2009-06-10,11.119999885559082,11.119999885559082,10.789999961853027,10.949999809265137,5.444904327392578,19200
2009-06-11,11.029999732971191,11.140000343322754,11.029999732971191,11.100000381469728,5.519493103027344,9300
2009-06-12,11.100000381469728,11.130000114440918,11.050000190734863,11.0600004196167,5.499602794647217,7200
2009-06-15,11.100000381469728,11.329999923706056,11.079999923706056,11.149999618530272,5.544356822967529,12400
2009-06-16,11.130000114440918,11.40999984741211,11.100000381469728,11.100000381469728,5.519493103027344,32600
2009-06-17,11.170000076293944,11.199999809265137,11.100000381469728,11.15999984741211,5.549325466156006,16600
2009-06-18,11.210000038146973,11.289999961853027,11.100000381469728,11.220000267028809,5.579164505004883,35600
2009-06-19,11.25,11.449999809265137,11.149999618530272,11.350000381469728,5.643806457519531,8600
2009-06-22,11.479999542236328,11.479999542236328,11.079999923706056,11.100000381469728,5.519493103027344,13600
2009-06-23,11.039999961853027,11.199999809265137,11.039999961853027,11.170000076293944,5.554300308227539,31700
2009-06-24,11.170000076293944,11.5,11.170000076293944,11.399999618530272,5.668669700622559,15400
2009-06-25,11.43000030517578,11.449999809265137,11.25,11.300000190734863,5.618943214416504,19500
2009-06-26,11.350000381469728,11.649999618530272,11.239999771118164,11.40999984741211,5.673640727996826,16800
2009-06-29,11.350000381469728,11.390000343322754,11.3100004196167,11.31999969482422,5.628886699676514,10500
2009-06-30,11.630000114440918,11.649999618530272,11.329999923706056,11.449999809265137,5.693530559539795,32800
2009-07-01,11.600000381469728,11.880000114440918,11.600000381469728,11.869999885559082,5.902378082275391,18400
2009-07-02,11.899999618530272,11.90999984741211,11.40999984741211,11.40999984741211,5.673640727996826,2800
2009-07-06,11.600000381469728,11.850000381469728,11.600000381469728,11.649999618530272,5.792981147766113,11500
2009-07-07,11.630000114440918,11.630000114440918,11.40999984741211,11.539999961853027,5.738282203674316,8000
2009-07-08,11.470000267028809,11.470000267028809,11.020000457763672,11.350000381469728,5.643806457519531,35200
2009-07-09,11.350000381469728,11.420000076293944,11.31999969482422,11.380000114440918,5.658725261688232,7700
2009-07-10,11.029999732971191,11.479999542236328,11.029999732971191,11.350000381469728,5.643806457519531,22600
2009-07-13,11.300000190734863,11.479999542236328,11.300000190734863,11.479999542236328,5.708446979522705,6500
2009-07-14,11.470000267028809,11.470000267028809,11.420000076293944,11.4399995803833,5.688558101654053,11300
2009-07-15,11.470000267028809,11.529999732971191,11.470000267028809,11.489999771118164,5.7134222984313965,22700
2009-07-16,11.460000038146973,11.640000343322754,11.460000038146973,11.59000015258789,5.763145446777344,10100
2009-07-17,11.5,11.649999618530272,11.449999809265137,11.5600004196167,5.748229503631592,17900
2009-07-20,11.600000381469728,11.779999732971191,11.539999961853027,11.5600004196167,5.748229503631592,20500
2009-07-21,11.510000228881836,11.65999984741211,11.510000228881836,11.609999656677246,5.773091793060303,7900
2009-07-22,11.649999618530272,11.65999984741211,11.5,11.510000228881836,5.7233662605285645,13100
2009-07-23,11.479999542236328,11.550000190734863,11.479999542236328,11.510000228881836,5.7233662605285645,11700
2009-07-24,11.43000030517578,11.59000015258789,11.380000114440918,11.479999542236328,5.708446979522705,18900
2009-07-27,11.460000038146973,11.59000015258789,11.449999809265137,11.539999961853027,5.738282203674316,20100
2009-07-28,11.600000381469728,11.710000038146973,11.600000381469728,11.6899995803833,5.812870502471924,13700
2009-07-29,11.770000457763672,12.0,11.739999771118164,11.84000015258789,5.887460708618164,11500
2009-07-30,11.800000190734863,12.170000076293944,11.800000190734863,11.890000343322754,5.912322521209717,21500
2009-07-31,11.979999542236328,12.119999885559082,11.890000343322754,12.100000381469728,6.016744613647461,18700
2009-08-03,12.199999809265137,12.520000457763672,11.949999809265137,12.06999969482422,6.00182580947876,40900
2009-08-04,12.109999656677246,12.5,12.109999656677246,12.279999732971191,6.106252670288086,22600
2009-08-05,12.350000381469728,12.390000343322754,12.079999923706056,12.3100004196167,6.1211676597595215,22300
2009-08-06,12.300000190734863,14.43000030517578,12.300000190734863,12.539999961853027,6.235535621643066,89300
2009-08-07,12.600000381469728,12.619999885559082,12.40999984741211,12.56999969482422,6.250453472137451,21400
2009-08-10,12.56999969482422,12.56999969482422,12.279999732971191,12.359999656677246,6.146029472351074,21800
2009-08-11,12.359999656677246,12.359999656677246,12.239999771118164,12.329999923706056,6.131112098693848,13100
2009-08-12,12.359999656677246,12.539999961853027,12.210000038146973,12.300000190734863,6.1161956787109375,21500
2009-08-13,12.300000190734863,13.0,12.289999961853027,12.329999923706056,6.131112098693848,20200
2009-08-14,12.31999969482422,12.449999809265137,12.31999969482422,12.350000381469728,6.141058444976807,14300
2009-08-17,12.350000381469728,12.399999618530272,12.260000228881836,12.300000190734863,6.1161956787109375,17300
2009-08-18,12.279999732971191,12.34000015258789,12.279999732971191,12.31999969482422,6.126140117645264,8700
2009-08-19,12.43000030517578,12.460000038146973,12.300000190734863,12.4399995803833,6.18580961227417,19100
2009-08-20,12.529999732971191,12.529999732971191,12.390000343322754,12.4399995803833,6.18580961227417,14700
2009-08-21,12.5,12.520000457763672,12.4399995803833,12.520000457763672,6.22559118270874,12600
2009-08-24,12.520000457763672,12.529999732971191,12.399999618530272,12.449999809265137,6.190781116485596,7800
2009-08-25,12.479999542236328,12.550000190734863,12.449999809265137,12.539999961853027,6.235535621643066,12000
2009-08-26,12.539999961853027,12.56999969482422,12.449999809265137,12.510000228881836,6.22061824798584,9900
2009-08-27,12.460000038146973,12.460000038146973,12.3100004196167,12.390000343322754,6.160947322845459,16600
2009-08-28,12.390000343322754,12.40999984741211,12.3100004196167,12.3100004196167,6.1211676597595215,10600
2009-08-31,12.34000015258789,12.479999542236328,12.34000015258789,12.420000076293944,6.17586612701416,9100
2009-09-01,12.420000076293944,12.460000038146973,12.420000076293944,12.420000076293944,6.17586612701416,4900
2009-09-02,12.399999618530272,12.529999732971191,12.399999618530272,12.4399995803833,6.18580961227417,100500
2009-09-03,12.5,12.529999732971191,12.40999984741211,12.40999984741211,6.170892238616943,26800
2009-09-04,12.5,12.520000457763672,12.380000114440918,12.470000267028809,6.200725555419922,19500
2009-09-08,12.489999771118164,12.5,12.40999984741211,12.420000076293944,6.17586612701416,39000
2009-09-09,12.09000015258789,12.210000038146973,12.09000015258789,12.18000030517578,6.216698169708252,45400
2009-09-10,12.199999809265137,12.300000190734863,12.1899995803833,12.289999961853027,6.2728424072265625,14300
2009-09-11,12.289999961853027,12.34000015258789,12.270000457763672,12.31999969482422,6.28815507888794,12500
2009-09-14,12.329999923706056,12.390000343322754,12.329999923706056,12.390000343322754,6.32388162612915,11900
2009-09-15,12.399999618530272,12.479999542236328,12.300000190734863,12.4399995803833,6.349402904510498,41300
2009-09-16,12.4399995803833,12.529999732971191,12.4399995803833,12.529999732971191,6.395338535308838,13500
2009-09-17,12.529999732971191,12.579999923706056,12.5,12.579999923706056,6.4208598136901855,13500
2009-09-18,12.579999923706056,12.670000076293944,12.5600004196167,12.670000076293944,6.466793537139893,29000
2009-09-21,12.649999618530272,12.68000030517578,12.630000114440918,12.68000030517578,6.471898078918457,14700
2009-09-22,12.699999809265137,12.699999809265137,12.630000114440918,12.649999618530272,6.456584453582764,22800
2009-09-23,12.670000076293944,12.81999969482422,12.640000343322754,12.65999984741211,6.461689472198486,25300
2009-09-24,12.68000030517578,12.75,12.68000030517578,12.710000038146973,6.487209320068359,8400
2009-09-25,12.75,12.859999656677246,12.720000267028809,12.81999969482422,6.543355941772461,17700
2009-09-28,12.829999923706056,12.93000030517578,12.779999732971191,12.93000030517578,6.599496841430664,11600
2009-09-29,12.890000343322754,12.989999771118164,12.890000343322754,12.989999771118164,6.630121231079102,11100
2009-09-30,13.1899995803833,13.1899995803833,12.989999771118164,13.010000228881836,6.640330791473389,18900
2009-10-01,13.109999656677246,13.109999656677246,12.899999618530272,12.960000038146973,6.61481237411499,34400
2009-10-02,12.9399995803833,12.960000038146973,12.779999732971191,12.859999656677246,6.563769340515137,14100
2009-10-05,12.90999984741211,12.989999771118164,12.829999923706056,12.949999809265137,6.609705924987793,34400
2009-10-06,12.979999542236328,13.0,12.800000190734863,12.960000038146973,6.61481237411499,33000
2009-10-07,12.949999809265137,13.050000190734863,12.949999809265137,13.020000457763672,6.645435810089111,11000
2009-10-08,13.020000457763672,13.130000114440918,13.0,13.130000114440918,6.701577663421631,21400
2009-10-09,13.119999885559082,13.300000190734863,13.06999969482422,13.270000457763672,6.773033142089844,97900
2009-10-12,13.300000190734863,13.300000190734863,13.029999732971191,13.0600004196167,6.66585111618042,23600
2009-10-13,13.100000381469728,13.100000381469728,12.960000038146973,12.960000038146973,6.61481237411499,16000
2009-10-14,13.100000381469728,13.100000381469728,12.949999809265137,13.0,6.635227203369141,18100
2009-10-15,13.020000457763672,13.020000457763672,12.9399995803833,13.0,6.635227203369141,14500
2009-10-16,13.020000457763672,13.020000457763672,12.899999618530272,12.970000267028809,6.619917392730713,11200
2009-10-19,13.010000228881836,13.06999969482422,12.989999771118164,13.0600004196167,6.66585111618042,14400
2009-10-20,13.039999961853027,13.149999618530272,13.029999732971191,13.06999969482422,6.67095422744751,9800
2009-10-21,13.140000343322754,13.140000343322754,13.0,13.020000457763672,6.645435810089111,16400
2009-10-22,13.039999961853027,13.119999885559082,13.020000457763672,13.09000015258789,6.681162357330322,10400
2009-10-23,13.149999618530272,13.220000267028809,13.0,13.029999732971191,6.650536060333252,22900
2009-10-26,13.020000457763672,13.119999885559082,12.93000030517578,13.109999656677246,6.691370010375977,22300
2009-10-27,13.119999885559082,13.130000114440918,13.039999961853027,13.130000114440918,6.701577663421631,13100
2009-10-28,13.130000114440918,13.149999618530272,13.0600004196167,13.100000381469728,6.68626880645752,11600
2009-10-29,13.020000457763672,13.109999656677246,13.020000457763672,13.06999969482422,6.67095422744751,15500
2009-10-30,13.0600004196167,13.079999923706056,12.779999732971191,12.9399995803833,6.604602813720703,22100
2009-11-02,12.899999618530272,13.09000015258789,12.899999618530272,13.09000015258789,6.681162357330322,22100
2009-11-03,13.029999732971191,13.039999961853027,12.970000267028809,12.979999542236328,6.62501859664917,27300
2009-11-04,12.93000030517578,12.960000038146973,12.789999961853027,12.869999885559082,6.568874359130859,38500
2009-11-05,12.899999618530272,12.90999984741211,12.84000015258789,12.859999656677246,6.563769340515137,12500
2009-11-06,12.90999984741211,12.989999771118164,12.869999885559082,12.869999885559082,6.568874359130859,18400
2009-11-09,12.869999885559082,12.890000343322754,12.800000190734863,12.8100004196167,6.538253784179688,32700
2009-11-10,12.829999923706056,12.869999885559082,12.729999542236328,12.75,6.507624626159668,36000
2009-11-11,12.739999771118164,12.81999969482422,12.699999809265137,12.699999809265137,6.482107639312744,52700
2009-11-12,12.699999809265137,12.800000190734863,12.699999809265137,12.75,6.507624626159668,14300
2009-11-13,12.789999961853027,12.829999923706056,12.729999542236328,12.789999961853027,6.528042793273926,19500
2009-11-16,12.890000343322754,12.90999984741211,12.859999656677246,12.90999984741211,6.589292526245117,19100
2009-11-17,12.90999984741211,12.90999984741211,12.8100004196167,12.869999885559082,6.568874359130859,58800
2009-11-18,12.899999618530272,12.90999984741211,12.800000190734863,12.869999885559082,6.568874359130859,23800
2009-11-19,12.899999618530272,13.010000228881836,12.890000343322754,12.989999771118164,6.630121231079102,16100
2009-11-20,13.0,13.119999885559082,13.0,13.06999969482422,6.67095422744751,27300
2009-11-23,13.100000381469728,13.130000114440918,13.079999923706056,13.109999656677246,6.691370010375977,53100
2009-11-24,13.170000076293944,13.170000076293944,13.140000343322754,13.15999984741211,6.716891288757324,18500
2009-11-25,13.220000267028809,13.300000190734863,13.210000038146973,13.300000190734863,6.788345813751221,24800
2009-11-27,13.270000457763672,13.329999923706056,13.229999542236328,13.329999923706056,6.803660392761231,4300
2009-11-30,13.34000015258789,13.350000381469728,13.279999732971191,13.350000381469728,6.813867092132568,20200
2009-12-01,13.350000381469728,13.470000267028809,13.329999923706056,13.43000030517578,6.85469913482666,20500
2009-12-02,13.43000030517578,13.470000267028809,13.350000381469728,13.369999885559082,6.824075222015381,28300
2009-12-03,13.350000381469728,13.470000267028809,13.350000381469728,13.399999618530272,6.839387893676758,31400
2009-12-04,13.420000076293944,13.43000030517578,13.329999923706056,13.329999923706056,6.803660392761231,21800
2009-12-07,13.25,13.369999885559082,13.25,13.329999923706056,6.803660392761231,24400
2009-12-08,13.270000457763672,13.399999618530272,13.260000228881836,13.359999656677246,6.818971157073975,11300
2009-12-09,13.109999656677246,13.130000114440918,13.0,13.109999656677246,6.840363025665283,16300
2009-12-10,13.100000381469728,13.119999885559082,13.039999961853027,13.100000381469728,6.835147857666016,15800
2009-12-11,13.199999809265137,13.199999809265137,13.0600004196167,13.15999984741211,6.866453170776367,20400
2009-12-14,13.119999885559082,13.170000076293944,13.020000457763672,13.100000381469728,6.835147857666016,25300
2009-12-15,13.109999656677246,13.109999656677246,13.020000457763672,13.100000381469728,6.835147857666016,6700
2009-12-16,13.109999656677246,13.170000076293944,13.079999923706056,13.079999923706056,6.824713706970215,16600
2009-12-17,13.09000015258789,13.199999809265137,13.09000015258789,13.170000076293944,6.871671199798584,10400
2009-12-18,13.239999771118164,13.25,13.18000030517578,13.199999809265137,6.887324810028076,15300
2009-12-21,13.15999984741211,13.25,13.06999969482422,13.229999542236328,6.902975559234619,30800
2009-12-22,13.210000038146973,13.420000076293944,13.199999809265137,13.359999656677246,6.970805168151856,20900
2009-12-23,13.420000076293944,13.460000038146973,13.31999969482422,13.380000114440918,6.981241226196289,15000
2009-12-24,13.359999656677246,13.380000114440918,13.300000190734863,13.34000015258789,6.96036958694458,8600
2009-12-28,13.350000381469728,13.5,13.329999923706056,13.399999618530272,6.9916768074035645,19600
2009-12-29,13.390000343322754,13.640000343322754,13.390000343322754,13.5,7.043853282928467,20000
2009-12-30,13.520000457763672,13.520000457763672,13.350000381469728,13.5,7.043853282928467,15200
2009-12-31,13.640000343322754,13.670000076293944,13.31999969482422,13.449999809265137,7.017765522003174,13400
2010-01-04,13.449999809265137,13.5600004196167,13.359999656677246,13.359999656677246,6.970805168151856,16200
2010-01-05,13.510000228881836,13.710000038146973,13.43000030517578,13.630000114440918,7.11168384552002,23200
2010-01-06,13.68000030517578,13.699999809265137,13.579999923706056,13.6899995803833,7.1429877281188965,14200
2010-01-07,13.649999618530272,13.68000030517578,13.59000015258789,13.649999618530272,7.122116565704346,9500
2010-01-08,13.65999984741211,13.6899995803833,13.59000015258789,13.59000015258789,7.090811252593994,5700
2010-01-11,13.539999961853027,13.59000015258789,13.510000228881836,13.5600004196167,7.075158596038818,18500
2010-01-12,13.529999732971191,13.760000228881836,13.479999542236328,13.640000343322754,7.11690092086792,21100
2010-01-13,13.640000343322754,13.890000343322754,13.600000381469728,13.850000381469728,7.226472854614258,13900
2010-01-14,13.859999656677246,13.859999656677246,13.5600004196167,13.699999809265137,7.148206233978272,18000
2010-01-15,13.789999961853027,14.550000190734863,13.75,14.0600004196167,7.336042404174805,58200
2010-01-19,14.039999961853027,14.039999961853027,13.600000381469728,13.649999618530272,7.122116565704346,60100
2010-01-20,13.699999809265137,13.84000015258789,13.649999618530272,13.800000190734863,7.200385093688965,14800
2010-01-21,13.720000267028809,13.84000015258789,13.609999656677246,13.770000457763672,7.184729099273682,19100
2010-01-22,13.8100004196167,14.15999984741211,13.8100004196167,13.949999809265137,7.278649806976318,19100
2010-01-25,14.039999961853027,14.039999961853027,13.880000114440918,14.0,7.304737567901611,15800
2010-01-26,14.140000343322754,14.170000076293944,13.970000267028809,14.0,7.304737567901611,29400
2010-01-27,14.09000015258789,14.09000015258789,13.81999969482422,13.81999969482422,7.21082067489624,30000
2010-01-28,13.9399995803833,13.9399995803833,13.75,13.75,7.17429780960083,13800
2010-01-29,13.899999618530272,13.899999618530272,13.729999542236328,13.729999542236328,7.163858890533447,15400
2010-02-01,13.770000457763672,13.800000190734863,13.640000343322754,13.649999618530272,7.122116565704346,18500
2010-02-02,13.640000343322754,13.670000076293944,13.550000190734863,13.670000076293944,7.13255500793457,30000
2010-02-03,13.710000038146973,13.869999885559082,13.630000114440918,13.699999809265137,7.148206233978272,18300
2010-02-04,13.739999771118164,13.800000190734863,13.539999961853027,13.609999656677246,7.1012492179870605,19500
2010-02-05,13.550000190734863,13.59000015258789,13.270000457763672,13.399999618530272,6.9916768074035645,25700
2010-02-08,13.229999542236328,13.420000076293944,13.229999542236328,13.300000190734863,6.939497947692871,21500
2010-02-09,13.31999969482422,13.4399995803833,13.31999969482422,13.359999656677246,6.970805168151856,16900
2010-02-10,13.380000114440918,13.489999771118164,13.380000114440918,13.4399995803833,7.012548923492432,7200
2010-02-11,13.520000457763672,13.520000457763672,13.34000015258789,13.34000015258789,6.96036958694458,20500
2010-02-12,13.3100004196167,13.34000015258789,13.25,13.34000015258789,6.96036958694458,15200
2010-02-16,13.31999969482422,13.460000038146973,13.279999732971191,13.359999656677246,6.970805168151856,50100
2010-02-17,13.399999618530272,13.470000267028809,13.350000381469728,13.470000267028809,7.028200149536133,19100
2010-02-18,13.390000343322754,13.460000038146973,13.350000381469728,13.369999885559082,6.976022720336914,14200
2010-02-19,13.359999656677246,13.5,13.359999656677246,13.399999618530272,6.9916768074035645,20900
2010-02-22,13.420000076293944,13.43000030517578,13.369999885559082,13.43000030517578,7.007328510284424,7500
2010-02-23,13.399999618530272,13.449999809265137,13.399999618530272,13.420000076293944,7.002111911773682,19400
2010-02-24,13.479999542236328,13.579999923706056,13.479999542236328,13.5600004196167,7.075158596038818,20800
2010-02-25,13.539999961853027,13.720000267028809,13.529999732971191,13.670000076293944,7.13255500793457,9300
2010-02-26,13.68000030517578,13.720000267028809,13.670000076293944,13.68000030517578,7.137770175933838,11800
2010-03-01,13.699999809265137,13.800000190734863,13.68000030517578,13.789999961853027,7.195165157318115,40500
2010-03-02,13.880000114440918,13.890000343322754,13.800000190734863,13.850000381469728,7.226472854614258,17300
2010-03-03,13.90999984741211,13.920000076293944,13.8100004196167,13.850000381469728,7.226472854614258,21000
2010-03-04,13.850000381469728,13.93000030517578,13.789999961853027,13.93000030517578,7.268211841583252,20600
2010-03-05,13.90999984741211,13.949999809265137,13.899999618530272,13.949999809265137,7.278649806976318,18000
2010-03-08,13.9399995803833,13.949999809265137,13.899999618530272,13.93000030517578,7.268211841583252,10800
2010-03-09,13.6899995803833,13.770000457763672,13.670000076293944,13.75,7.319318294525146,20900
2010-03-10,13.800000190734863,13.949999809265137,13.739999771118164,13.920000076293944,7.409809112548828,57700
2010-03-11,13.81999969482422,13.949999809265137,13.779999732971191,13.90999984741211,7.404484748840332,31700
2010-03-12,13.899999618530272,13.920000076293944,13.869999885559082,13.880000114440918,7.388516426086426,17100
2010-03-15,13.869999885559082,13.949999809265137,13.850000381469728,13.880000114440918,7.388516426086426,24700
2010-03-16,13.890000343322754,13.93000030517578,13.789999961853027,13.93000030517578,7.415130138397217,25800
2010-03-17,13.949999809265137,14.289999961853027,13.850000381469728,14.079999923706056,7.494980335235596,33900
2010-03-18,14.06999969482422,14.06999969482422,13.850000381469728,14.0,7.452394008636475,15000
2010-03-19,13.800000190734863,14.09000015258789,13.75,13.800000190734863,7.3459320068359375,17300
2010-03-22,13.859999656677246,13.890000343322754,13.6899995803833,13.6899995803833,7.287374496459961,27800
2010-03-23,13.800000190734863,13.8100004196167,13.699999809265137,13.779999732971191,7.335287094116211,46300
2010-03-24,13.720000267028809,13.8100004196167,13.649999618530272,13.6899995803833,7.287374496459961,15900
2010-03-25,13.65999984741211,13.800000190734863,13.649999618530272,13.649999618530272,7.266082763671875,35900
2010-03-26,13.779999732971191,13.789999961853027,13.6899995803833,13.710000038146973,7.2980217933654785,12600
2010-03-29,13.600000381469728,13.8100004196167,13.600000381469728,13.6899995803833,7.287374496459961,24300
2010-03-30,13.81999969482422,13.81999969482422,13.75,13.75,7.319318294525146,20100
2010-03-31,13.9399995803833,13.9399995803833,13.760000228881836,13.800000190734863,7.3459320068359375,27100
2010-04-01,13.989999771118164,13.989999771118164,13.770000457763672,13.880000114440918,7.388516426086426,18500
2010-04-05,13.850000381469728,13.850000381469728,13.770000457763672,13.789999961853027,7.340607643127441,8400
2010-04-06,13.829999923706056,13.899999618530272,13.699999809265137,13.699999809265137,7.292698383331299,13300
2010-04-07,13.699999809265137,13.760000228881836,13.640000343322754,13.75,7.319318294525146,7400
2010-04-08,13.479999542236328,13.729999542236328,13.479999542236328,13.729999542236328,7.308668613433838,27700
2010-04-09,13.789999961853027,13.789999961853027,13.579999923706056,13.720000267028809,7.303345203399658,36400
2010-04-12,13.5600004196167,13.829999923706056,13.5600004196167,13.760000228881836,7.3246378898620605,28500
2010-04-13,13.800000190734863,13.84000015258789,13.75,13.84000015258789,7.367221355438232,19300
2010-04-14,13.84000015258789,13.890000343322754,13.75,13.890000343322754,7.393839836120605,25300
2010-04-15,13.899999618530272,13.9399995803833,13.81999969482422,13.899999618530272,7.3991618156433105,18100
2010-04-16,13.899999618530272,13.899999618530272,13.800000190734863,13.850000381469728,7.372548103332519,13800
2010-04-19,13.9399995803833,13.949999809265137,13.6899995803833,13.720000267028809,7.303345203399658,17800
2010-04-20,13.84000015258789,13.850000381469728,13.739999771118164,13.850000381469728,7.372548103332519,16400
2010-04-21,13.920000076293944,13.920000076293944,13.649999618530272,13.859999656677246,7.377869606018066,28600
2010-04-22,13.890000343322754,13.920000076293944,13.800000190734863,13.859999656677246,7.377869606018066,16000
2010-04-23,13.899999618530272,14.0,13.859999656677246,13.90999984741211,7.404484748840332,13400
2010-04-26,13.949999809265137,14.140000343322754,13.9399995803833,14.010000228881836,7.457717895507812,12900
2010-04-27,14.09000015258789,14.140000343322754,13.970000267028809,13.970000267028809,7.436423301696777,23900
2010-04-28,14.130000114440918,14.170000076293944,13.970000267028809,14.0,7.452394008636475,37100
2010-04-29,14.06999969482422,14.220000267028809,13.989999771118164,14.010000228881836,7.457717895507812,49800
2010-04-30,14.109999656677246,14.140000343322754,13.970000267028809,13.979999542236328,7.441747188568115,16200
2010-05-03,14.100000381469728,14.100000381469728,13.949999809265137,13.960000038146973,7.431104183197021,16200
2010-05-04,13.949999809265137,14.149999618530272,13.949999809265137,13.949999809265137,7.425779819488525,17300
2010-05-05,13.949999809265137,14.18000030517578,13.949999809265137,14.010000228881836,7.457717895507812,43100
2010-05-06,14.079999923706056,14.079999923706056,13.119999885559082,13.289999961853027,7.074450969696045,46700
2010-05-07,13.289999961853027,13.600000381469728,13.270000457763672,13.529999732971191,7.202207565307617,43300
2010-05-10,13.880000114440918,13.979999542236328,13.600000381469728,13.979999542236328,7.441747188568115,28200
2010-05-11,13.979999542236328,13.979999542236328,13.75,13.81999969482422,7.356579303741455,16100
2010-05-12,13.949999809265137,13.979999542236328,13.850000381469728,13.920000076293944,7.409809112548828,12400
2010-05-13,13.970000267028809,13.979999542236328,13.850000381469728,13.9399995803833,7.420454978942871,15300
2010-05-14,13.93000030517578,13.970000267028809,13.859999656677246,13.869999885559082,7.38319206237793,8500
2010-05-17,14.15999984741211,14.15999984741211,13.699999809265137,13.949999809265137,7.425779819488525,10400
2010-05-18,13.979999542236328,13.979999542236328,13.850000381469728,13.920000076293944,7.409809112548828,18100
2010-05-19,13.960000038146973,13.960000038146973,13.649999618530272,13.710000038146973,7.2980217933654785,10900
2010-05-20,13.68000030517578,13.800000190734863,12.869999885559082,13.449999809265137,7.159621715545654,42500
2010-05-21,13.449999809265137,13.800000190734863,13.420000076293944,13.460000038146973,7.164945602416992,17700
2010-05-24,13.539999961853027,13.800000190734863,13.529999732971191,13.550000190734863,7.212851524353027,15200
2010-05-25,13.579999923706056,13.710000038146973,13.25,13.460000038146973,7.164945602416992,17700
2010-05-26,13.619999885559082,13.65999984741211,13.119999885559082,13.5,7.18623685836792,34400
2010-05-27,13.609999656677246,13.609999656677246,13.40999984741211,13.40999984741211,7.138329029083252,19000
2010-05-28,13.550000190734863,13.56999969482422,13.460000038146973,13.56999969482422,7.223497867584228,13600
2010-06-01,13.56999969482422,13.65999984741211,13.460000038146973,13.65999984741211,7.271405696868896,11100
2010-06-02,13.630000114440918,13.670000076293944,13.470000267028809,13.609999656677246,7.244792938232422,9900
2010-06-03,13.68000030517578,13.829999923706056,13.529999732971191,13.789999961853027,7.340607643127441,28500
2010-06-04,13.739999771118164,14.0,13.619999885559082,14.0,7.452394008636475,44600
2010-06-07,13.899999618530272,14.020000457763672,13.859999656677246,14.0,7.452394008636475,47200
2010-06-08,13.979999542236328,14.5,13.859999656677246,14.210000038146973,7.56417989730835,47600
2010-06-09,14.029999732971191,14.18000030517578,13.960000038146973,14.149999618530272,7.696350574493408,22700
2010-06-10,14.220000267028809,14.220000267028809,14.020000457763672,14.029999732971191,7.631084442138672,26900
2010-06-11,14.109999656677246,14.18000030517578,13.8100004196167,14.010000228881836,7.62020206451416,37400
2010-06-14,14.0,14.0,13.670000076293944,14.0,7.614765644073486,31900
2010-06-15,14.020000457763672,14.09000015258789,13.949999809265137,13.960000038146973,7.593008041381836,10100
2010-06-16,14.06999969482422,14.06999969482422,13.84000015258789,14.050000190734863,7.641958713531494,6200
2010-06-17,14.0,14.06999969482422,13.920000076293944,13.920000076293944,7.571249485015869,30900
2010-06-18,14.09000015258789,14.100000381469728,14.0,14.100000381469728,7.669155597686768,12900
2010-06-21,14.109999656677246,14.130000114440918,13.949999809265137,13.960000038146973,7.593008041381836,14500
2010-06-22,14.09000015258789,14.140000343322754,14.029999732971191,14.079999923706056,7.658276557922363,11900
2010-06-23,14.18000030517578,14.279999732971191,14.010000228881836,14.25,7.750743389129639,18800
2010-06-24,14.270000457763672,14.550000190734863,14.130000114440918,14.369999885559082,7.816011905670166,13800
2010-06-25,14.56999969482422,14.600000381469728,14.170000076293944,14.270000457763672,7.761622428894043,33000
2010-06-28,14.300000190734863,14.300000190734863,14.199999809265137,14.239999771118164,7.745303630828857,12800
2010-06-29,14.369999885559082,14.380000114440918,14.020000457763672,14.300000190734863,7.777938365936279,13000
2010-06-30,14.489999771118164,14.670000076293944,14.09000015258789,14.539999961853027,7.908475399017334,29900
2010-07-01,14.600000381469728,14.600000381469728,14.329999923706056,14.460000038146973,7.864962100982666,20100
2010-07-02,14.630000114440918,14.630000114440918,14.539999961853027,14.539999961853027,7.908475399017334,8500
2010-07-06,14.550000190734863,14.550000190734863,14.239999771118164,14.260000228881836,7.756179332733154,11800
2010-07-07,14.4399995803833,14.479999542236328,14.0600004196167,14.06999969482422,7.65283727645874,35600
2010-07-08,14.289999961853027,14.289999961853027,14.010000228881836,14.06999969482422,7.65283727645874,15100
2010-07-09,14.199999809265137,14.239999771118164,13.960000038146973,14.229999542236328,7.739863395690918,16800
2010-07-12,13.949999809265137,14.170000076293944,13.949999809265137,14.119999885559082,7.68003511428833,24700
2010-07-13,14.239999771118164,14.289999961853027,14.170000076293944,14.25,7.750743389129639,9500
2010-07-14,14.390000343322754,14.390000343322754,14.109999656677246,14.199999809265137,7.723544597625732,16200
2010-07-15,14.300000190734863,14.300000190734863,14.15999984741211,14.300000190734863,7.777938365936279,7400
2010-07-16,14.390000343322754,14.390000343322754,14.15999984741211,14.25,7.750743389129639,12300
2010-07-19,14.300000190734863,14.300000190734863,14.18000030517578,14.229999542236328,7.739863395690918,10800
2010-07-20,14.289999961853027,14.289999961853027,14.140000343322754,14.239999771118164,7.745303630828857,13600
2010-07-21,14.34000015258789,14.449999809265137,14.229999542236328,14.300000190734863,7.777938365936279,20500
2010-07-22,14.449999809265137,14.5,14.4399995803833,14.489999771118164,7.881280422210693,15200
2010-07-23,14.609999656677246,14.899999618530272,14.520000457763672,14.529999732971191,7.903038024902344,13200
2010-07-26,14.510000228881836,14.520000457763672,14.279999732971191,14.40999984741211,7.8377685546875,19700
2010-07-27,14.510000228881836,14.609999656677246,14.359999656677246,14.579999923706056,7.930235385894775,15200
2010-07-28,14.640000343322754,14.640000343322754,14.520000457763672,14.5600004196167,7.919356346130371,11300
2010-07-29,14.600000381469728,14.630000114440918,14.539999961853027,14.600000381469728,7.941112041473389,17000
2010-07-30,14.649999618530272,14.649999618530272,14.520000457763672,14.600000381469728,7.941112041473389,18200
2010-08-02,14.640000343322754,14.640000343322754,14.5,14.550000190734863,7.913912296295166,17400
2010-08-03,14.59000015258789,14.619999885559082,14.449999809265137,14.479999542236328,7.875839710235596,36500
2010-08-04,14.550000190734863,14.59000015258789,14.460000038146973,14.5,7.886719703674316,18100
2010-08-05,14.449999809265137,14.630000114440918,14.449999809265137,14.529999732971191,7.903038024902344,20300
2010-08-06,14.579999923706056,14.710000038146973,14.5600004196167,14.6899995803833,7.990063190460205,13000
2010-08-09,14.6899995803833,14.729999542236328,14.670000076293944,14.729999542236328,8.011819839477539,13000
2010-08-10,14.789999961853027,14.789999961853027,14.65999984741211,14.739999771118164,8.017255783081055,13800
2010-08-11,14.75,14.84000015258789,14.5600004196167,14.640000343322754,7.962866306304932,16900
2010-08-12,14.739999771118164,14.859999656677246,14.649999618530272,14.789999961853027,8.044455528259277,17300
2010-08-13,14.869999885559082,14.869999885559082,14.729999542236328,14.800000190734863,8.04989242553711,11300
2010-08-16,14.880000114440918,15.149999618530272,14.739999771118164,15.140000343322754,8.234825134277344,21900
2010-08-17,15.15999984741211,15.25,14.869999885559082,14.880000114440918,8.093405723571777,24400
2010-08-18,14.880000114440918,14.960000038146973,14.699999809265137,14.93000030517578,8.120600700378418,33600
2010-08-19,14.960000038146973,15.140000343322754,14.90999984741211,14.989999771118164,8.153237342834473,24400
2010-08-20,15.029999732971191,15.050000190734863,14.949999809265137,15.039999961853027,8.180431365966797,8600
2010-08-23,15.0,15.0,14.899999618530272,14.979999542236328,8.147798538208008,66300
2010-08-24,14.9399995803833,15.029999732971191,14.789999961853027,14.800000190734863,8.04989242553711,42700
2010-08-25,14.789999961853027,14.789999961853027,14.479999542236328,14.6899995803833,7.990063190460205,47300
2010-08-26,14.720000267028809,14.760000228881836,14.630000114440918,14.699999809265137,7.99550199508667,28400
2010-08-27,14.670000076293944,15.039999961853027,14.670000076293944,14.850000381469728,8.077089309692383,14700
2010-08-30,14.859999656677246,14.949999809265137,14.760000228881836,14.800000190734863,8.04989242553711,19500
2010-08-31,14.760000228881836,15.0600004196167,14.760000228881836,15.0600004196167,8.191309928894043,29800
2010-09-01,15.09000015258789,15.140000343322754,14.920000076293944,15.050000190734863,8.185873031616211,22000
2010-09-02,14.979999542236328,15.199999809265137,14.960000038146973,15.199999809265137,8.267457008361816,20800
2010-09-03,15.199999809265137,15.199999809265137,14.960000038146973,15.15999984741211,8.245701789855957,13900
2010-09-07,15.239999771118164,15.239999771118164,15.010000228881836,15.15999984741211,8.245701789855957,16000
2010-09-08,15.170000076293944,15.609999656677246,15.0600004196167,15.100000381469728,8.213066101074219,15700
2010-09-09,14.770000457763672,15.029999732971191,14.760000228881836,14.949999809265137,8.291825294494629,23600
2010-09-10,14.93000030517578,15.0,14.859999656677246,14.93000030517578,8.280734062194824,14900
2010-09-13,15.0,15.0,14.880000114440918,14.880000114440918,8.252999305725098,48600
2010-09-14,14.880000114440918,14.970000267028809,14.880000114440918,14.9399995803833,8.286277770996094,10100
2010-09-15,14.970000267028809,14.970000267028809,14.880000114440918,14.949999809265137,8.291825294494629,28500
2010-09-16,14.970000267028809,14.970000267028809,14.789999961853027,14.890000343322754,8.258546829223633,23900
2010-09-17,14.779999732971191,14.9399995803833,14.779999732971191,14.84000015258789,8.230815887451172,20100
2010-09-20,14.869999885559082,14.869999885559082,14.760000228881836,14.829999923706056,8.225266456604004,14900
2010-09-21,14.920000076293944,14.949999809265137,14.8100004196167,14.9399995803833,8.286277770996094,24300
2010-09-22,14.90999984741211,14.949999809265137,14.880000114440918,14.949999809265137,8.291825294494629,18400
2010-09-23,14.90999984741211,15.06999969482422,14.869999885559082,14.880000114440918,8.252999305725098,14000
2010-09-24,15.050000190734863,15.0600004196167,14.899999618530272,14.949999809265137,8.291825294494629,11800
2010-09-27,14.970000267028809,15.109999656677246,14.899999618530272,15.079999923706056,8.36392879486084,23000
2010-09-28,15.149999618530272,15.199999809265137,14.920000076293944,15.029999732971191,8.336196899414062,36800
2010-09-29,15.06999969482422,15.100000381469728,14.920000076293944,14.989999771118164,8.314010620117188,26000
2010-09-30,15.079999923706056,15.229999542236328,14.9399995803833,15.050000190734863,8.3472900390625,21800
2010-10-01,15.06999969482422,15.15999984741211,15.0,15.130000114440918,8.3916597366333,25500
2010-10-04,15.079999923706056,15.210000038146973,15.079999923706056,15.149999618530272,8.402754783630371,33000
2010-10-05,15.06999969482422,15.18000030517578,15.020000457763672,15.100000381469728,8.375021934509277,106700
2010-10-06,15.170000076293944,15.170000076293944,15.010000228881836,15.09000015258789,8.369476318359375,20400
2010-10-07,15.15999984741211,15.15999984741211,14.9399995803833,14.9399995803833,8.286277770996094,23900
2010-10-08,14.949999809265137,15.050000190734863,14.93000030517578,14.970000267028809,8.302919387817383,21400
2010-10-11,15.050000190734863,15.050000190734863,14.84000015258789,15.0,8.319560050964355,22200
2010-10-12,14.979999542236328,15.029999732971191,14.850000381469728,14.899999618530272,8.264092445373535,39900
2010-10-13,14.880000114440918,14.989999771118164,14.699999809265137,14.720000267028809,8.164257049560547,73400
2010-10-14,14.800000190734863,14.890000343322754,14.630000114440918,14.789999961853027,8.203083992004395,26400
2010-10-15,14.84000015258789,15.130000114440918,14.6899995803833,14.84000015258789,8.230815887451172,41800
2010-10-18,14.869999885559082,14.869999885559082,14.550000190734863,14.670000076293944,8.136527061462402,38000
2010-10-19,14.770000457763672,14.84000015258789,14.710000038146973,14.710000038146973,8.158713340759277,18200
2010-10-20,14.850000381469728,14.920000076293944,14.770000457763672,14.920000076293944,8.275185585021973,26500
2010-10-21,14.949999809265137,15.119999885559082,14.90999984741211,15.0600004196167,8.352836608886719,13600
2010-10-22,14.9399995803833,15.100000381469728,14.9399995803833,15.0,8.319560050964355,12700
2010-10-25,15.039999961853027,15.09000015258789,14.90999984741211,14.989999771118164,8.314010620117188,22500
2010-10-26,14.90999984741211,15.0600004196167,14.869999885559082,14.90999984741211,8.26964282989502,19400
2010-10-27,14.979999542236328,14.979999542236328,14.760000228881836,14.84000015258789,8.230815887451172,26900
2010-10-28,14.729999542236328,14.829999923706056,14.720000267028809,14.75,8.180899620056152,19500
2010-10-29,14.75,14.850000381469728,14.75,14.760000228881836,8.186447143554688,15300
2010-11-01,14.75,14.960000038146973,14.75,14.81999969482422,8.219722747802734,26200
2010-11-02,14.960000038146973,15.050000190734863,14.8100004196167,14.960000038146973,8.297369003295898,22400
2010-11-03,15.050000190734863,15.109999656677246,14.90999984741211,15.109999656677246,8.380565643310547,27900
2010-11-04,15.050000190734863,15.119999885559082,15.0,15.119999885559082,8.386115074157715,22000
2010-11-05,15.119999885559082,15.140000343322754,14.970000267028809,15.100000381469728,8.375021934509277,22700
2010-11-08,15.100000381469728,15.100000381469728,14.9399995803833,15.0,8.319560050964355,25200
2010-11-09,15.09000015258789,15.100000381469728,14.93000030517578,15.100000381469728,8.375021934509277,15400
2010-11-10,15.06999969482422,15.079999923706056,14.949999809265137,14.989999771118164,8.314010620117188,20400
2010-11-11,15.010000228881836,15.050000190734863,14.9399995803833,15.039999961853027,8.341741561889648,20700
2010-11-12,15.050000190734863,15.050000190734863,14.68000030517578,14.6899995803833,8.147619247436523,19600
2010-11-15,14.800000190734863,14.869999885559082,14.550000190734863,14.630000114440918,8.11434268951416,34600
2010-11-16,14.68000030517578,14.68000030517578,13.579999923706056,14.100000381469728,7.820384979248047,90500
2010-11-17,14.149999618530272,14.43000030517578,14.050000190734863,14.220000267028809,7.886939525604248,28900
2010-11-18,14.4399995803833,14.5,14.199999809265137,14.449999809265137,8.014506340026855,49800
2010-11-19,14.59000015258789,14.869999885559082,14.510000228881836,14.68000030517578,8.142075538635254,30700
2010-11-22,14.600000381469728,14.949999809265137,14.56999969482422,14.93000030517578,8.280734062194824,31800
2010-11-23,14.899999618530272,14.899999618530272,14.630000114440918,14.859999656677246,8.24190616607666,28700
2010-11-24,14.979999542236328,14.979999542236328,14.699999809265137,14.720000267028809,8.164257049560547,23100
2010-11-26,14.75,15.050000190734863,14.75,14.829999923706056,8.225266456604004,9100
2010-11-29,14.859999656677246,14.989999771118164,14.489999771118164,14.649999618530272,8.125435829162598,25500
2010-11-30,14.739999771118164,14.75,14.640000343322754,14.670000076293944,8.136527061462402,17700
2010-12-01,14.779999732971191,14.8100004196167,14.630000114440918,14.65999984741211,8.1309814453125,27700
2010-12-02,14.770000457763672,14.770000457763672,14.529999732971191,14.579999923706056,8.086610794067383,32500
2010-12-03,14.609999656677246,14.829999923706056,14.609999656677246,14.800000190734863,8.20862865447998,18200
2010-12-06,14.880000114440918,14.890000343322754,14.81999969482422,14.890000343322754,8.258546829223633,20800
2010-12-07,14.8100004196167,15.020000457763672,14.760000228881836,14.899999618530272,8.264092445373535,16200
2010-12-08,15.0600004196167,15.0600004196167,14.649999618530272,14.649999618530272,8.125435829162598,24300
2010-12-09,14.5,14.600000381469728,14.3100004196167,14.460000038146973,8.17746353149414,28400
2010-12-10,14.600000381469728,14.600000381469728,14.380000114440918,14.40999984741211,8.149187088012695,27700
2010-12-13,14.5600004196167,14.5600004196167,14.109999656677246,14.109999656677246,7.97952938079834,25900
2010-12-14,14.229999542236328,14.229999542236328,14.0,14.140000343322754,7.996494293212891,16100
2010-12-15,14.210000038146973,14.359999656677246,13.989999771118164,14.0600004196167,7.951253890991211,50600
2010-12-16,14.199999809265137,14.270000457763672,14.140000343322754,14.1899995803833,8.024768829345703,17100
2010-12-17,14.15999984741211,14.31999969482422,14.149999618530272,14.199999809265137,8.030424118041992,17600
2010-12-20,14.149999618530272,14.40999984741211,14.149999618530272,14.40999984741211,8.149187088012695,22100
2010-12-21,14.31999969482422,14.390000343322754,14.18000030517578,14.380000114440918,8.132221221923828,16100
2010-12-22,14.40999984741211,14.579999923706056,14.40999984741211,14.579999923706056,8.24532699584961,27600
2010-12-23,14.449999809265137,14.600000381469728,14.449999809265137,14.600000381469728,8.256634712219238,16900
2010-12-27,14.59000015258789,14.640000343322754,14.550000190734863,14.640000343322754,8.279255867004395,4600
2010-12-28,14.6899995803833,14.789999961853027,14.619999885559082,14.75,8.341464042663574,18800
2010-12-29,14.649999618530272,14.90999984741211,14.649999618530272,14.720000267028809,8.32449722290039,12000
2010-12-30,14.789999961853027,14.789999961853027,14.6899995803833,14.75,8.341464042663574,6200
2010-12-31,14.90999984741211,15.100000381469728,14.869999885559082,15.100000381469728,8.539397239685059,20800
2011-01-03,15.079999923706056,15.079999923706056,14.869999885559082,14.920000076293944,8.437602996826172,24800
2011-01-04,15.119999885559082,15.119999885559082,14.720000267028809,14.720000267028809,8.32449722290039,34000
2011-01-05,14.609999656677246,14.75,14.390000343322754,14.420000076293944,8.154842376708984,30100
2011-01-06,14.43000030517578,14.489999771118164,14.300000190734863,14.300000190734863,8.086977005004883,20700
2011-01-07,14.289999961853027,14.40999984741211,14.279999732971191,14.300000190734863,8.086977005004883,11400
2011-01-10,14.34000015258789,14.34000015258789,14.199999809265137,14.25,8.05870246887207,11700
2011-01-11,14.270000457763672,14.380000114440918,14.25,14.350000381469728,8.115256309509277,18000
2011-01-12,14.43000030517578,14.4399995803833,14.199999809265137,14.279999732971191,8.075668334960938,21100
2011-01-13,14.380000114440918,14.390000343322754,14.220000267028809,14.279999732971191,8.075668334960938,16800
2011-01-14,14.210000038146973,14.359999656677246,14.1899995803833,14.1899995803833,8.024768829345703,23400
2011-01-18,14.109999656677246,14.220000267028809,14.079999923706056,14.1899995803833,8.024768829345703,43000
2011-01-19,14.0600004196167,14.18000030517578,14.0600004196167,14.109999656677246,7.97952938079834,36800
2011-01-20,14.079999923706056,14.15999984741211,14.020000457763672,14.029999732971191,7.934287071228027,28700
2011-01-21,14.0,14.170000076293944,14.0,14.109999656677246,7.97952938079834,33700
2011-01-24,14.050000190734863,14.399999618530272,14.050000190734863,14.279999732971191,8.075668334960938,36800
2011-01-25,14.229999542236328,14.3100004196167,14.229999542236328,14.300000190734863,8.086977005004883,51200
2011-01-26,14.25,14.260000228881836,14.15999984741211,14.15999984741211,8.007803916931152,41700
2011-01-27,14.239999771118164,14.25,14.18000030517578,14.1899995803833,8.024768829345703,27600
2011-01-28,14.260000228881836,14.260000228881836,14.18000030517578,14.25,8.05870246887207,31000
2011-01-31,14.210000038146973,14.300000190734863,14.18000030517578,14.25,8.05870246887207,21000
2011-02-01,14.279999732971191,14.289999961853027,14.229999542236328,14.289999961853027,8.081323623657227,17700
2011-02-02,14.289999961853027,14.380000114440918,14.220000267028809,14.279999732971191,8.075668334960938,19100
2011-02-03,14.25,14.31999969482422,14.210000038146973,14.239999771118164,8.053047180175781,9700
2011-02-04,14.229999542236328,14.289999961853027,14.1899995803833,14.199999809265137,8.030424118041992,13200
2011-02-07,14.210000038146973,14.279999732971191,14.199999809265137,14.229999542236328,8.047389030456543,20900
2011-02-08,14.220000267028809,14.260000228881836,14.18000030517578,14.1899995803833,8.024768829345703,23100
2011-02-09,14.260000228881836,14.3100004196167,14.18000030517578,14.199999809265137,8.030424118041992,27200
2011-02-10,14.1899995803833,14.270000457763672,14.18000030517578,14.220000267028809,8.041738510131836,14500
2011-02-11,14.140000343322754,14.229999542236328,14.140000343322754,14.18000030517578,8.019115447998047,24900
2011-02-14,14.130000114440918,14.3100004196167,14.130000114440918,14.3100004196167,8.092634201049805,18400
2011-02-15,14.199999809265137,14.279999732971191,14.170000076293944,14.199999809265137,8.030424118041992,23200
2011-02-16,14.18000030517578,14.25,14.18000030517578,14.25,8.05870246887207,9900
2011-02-17,14.1899995803833,14.25,14.18000030517578,14.210000038146973,8.036079406738281,9100
2011-02-18,14.170000076293944,14.279999732971191,14.170000076293944,14.279999732971191,8.075668334960938,13600
2011-02-22,14.1899995803833,14.25,14.1899995803833,14.239999771118164,8.053047180175781,16000
2011-02-23,14.31999969482422,14.31999969482422,14.210000038146973,14.270000457763672,8.070015907287598,12900
2011-02-24,14.220000267028809,14.31999969482422,14.170000076293944,14.210000038146973,8.036079406738281,25000
2011-02-25,14.220000267028809,14.369999885559082,14.220000267028809,14.300000190734863,8.086977005004883,14500
2011-02-28,14.25,14.390000343322754,14.25,14.390000343322754,8.137872695922852,18100
2011-03-01,14.43000030517578,14.43000030517578,14.369999885559082,14.40999984741211,8.149187088012695,18300
2011-03-02,14.399999618530272,14.520000457763672,14.369999885559082,14.5,8.200082778930664,38800
2011-03-03,14.479999542236328,14.5,14.449999809265137,14.470000267028809,8.183117866516113,27600
2011-03-04,14.460000038146973,14.609999656677246,14.40999984741211,14.550000190734863,8.228357315063477,34600
2011-03-07,14.520000457763672,14.59000015258789,14.510000228881836,14.579999923706056,8.24532699584961,10100
2011-03-08,14.579999923706056,14.579999923706056,14.520000457763672,14.56999969482422,8.239667892456055,14000
2011-03-09,14.43000030517578,14.43000030517578,14.300000190734863,14.300000190734863,8.249476432800293,19100
2011-03-10,14.300000190734863,14.329999923706056,14.260000228881836,14.3100004196167,8.255243301391602,24300
2011-03-11,14.270000457763672,14.470000267028809,14.270000457763672,14.40999984741211,8.312934875488281,14300
2011-03-14,14.31999969482422,14.359999656677246,14.300000190734863,14.300000190734863,8.249476432800293,9900
2011-03-15,14.220000267028809,14.329999923706056,14.220000267028809,14.300000190734863,8.249476432800293,10200
2011-03-16,14.369999885559082,14.369999885559082,14.140000343322754,14.18000030517578,8.18025016784668,25000
2011-03-17,14.1899995803833,14.229999542236328,14.109999656677246,14.109999656677246,8.139866828918457,25900
2011-03-18,14.15999984741211,14.170000076293944,14.06999969482422,14.09000015258789,8.128329277038574,26200
2011-03-21,14.140000343322754,14.199999809265137,14.100000381469728,14.119999885559082,8.145638465881348,41400
2011-03-22,14.119999885559082,14.140000343322754,14.079999923706056,14.09000015258789,8.128329277038574,56000
2011-03-23,14.130000114440918,14.130000114440918,14.0,14.050000190734863,8.105255126953125,48600
2011-03-24,14.050000190734863,14.109999656677246,13.970000267028809,14.020000457763672,8.087949752807617,79600
2011-03-25,14.079999923706056,14.09000015258789,14.0,14.050000190734863,8.105255126953125,14200
2011-03-28,14.09000015258789,14.09000015258789,14.0,14.0,8.076409339904785,22300
2011-03-29,14.039999961853027,14.100000381469728,13.93000030517578,13.949999809265137,8.047565460205078,23600
2011-03-30,13.979999542236328,14.050000190734863,13.970000267028809,14.050000190734863,8.105255126953125,17900
2011-03-31,14.09000015258789,14.100000381469728,13.960000038146973,14.0,8.076409339904785,27700
2011-04-01,14.079999923706056,14.100000381469728,13.970000267028809,14.100000381469728,8.134099960327148,15500
2011-04-04,14.050000190734863,14.0600004196167,13.979999542236328,14.050000190734863,8.105255126953125,19000
2011-04-05,14.079999923706056,14.239999771118164,14.039999961853027,14.239999771118164,8.214864730834961,48400
2011-04-06,14.279999732971191,14.300000190734863,14.199999809265137,14.260000228881836,8.22640323638916,28900
2011-04-07,14.149999618530272,14.25,14.149999618530272,14.18000030517578,8.18025016784668,19000
2011-04-08,14.270000457763672,14.270000457763672,14.170000076293944,14.170000076293944,8.174481391906738,13500
2011-04-11,14.210000038146973,14.229999542236328,14.119999885559082,14.119999885559082,8.145638465881348,20000
2011-04-12,14.06999969482422,14.229999542236328,14.06999969482422,14.229999542236328,8.209095001220703,15700
2011-04-13,14.15999984741211,14.239999771118164,14.15999984741211,14.199999809265137,8.191784858703613,14400
2011-04-14,14.220000267028809,14.270000457763672,14.15999984741211,14.270000457763672,8.232172012329102,24900
2011-04-15,14.300000190734863,14.300000190734863,14.229999542236328,14.239999771118164,8.214864730834961,13400
2011-04-18,14.199999809265137,14.279999732971191,14.199999809265137,14.260000228881836,8.22640323638916,9700
2011-04-19,14.31999969482422,14.350000381469728,14.289999961853027,14.34000015258789,8.272552490234375,15000
2011-04-20,14.449999809265137,14.449999809265137,14.31999969482422,14.40999984741211,8.312934875488281,27600
2011-04-21,14.449999809265137,14.449999809265137,14.399999618530272,14.420000076293944,8.31870174407959,29400
2011-04-25,14.460000038146973,14.539999961853027,14.43000030517578,14.489999771118164,8.35908317565918,22800
2011-04-26,14.489999771118164,14.529999732971191,14.460000038146973,14.479999542236328,8.353316307067871,13700
2011-04-27,14.5,14.550000190734863,14.470000267028809,14.470000267028809,8.347546577453613,28000
2011-04-28,14.539999961853027,14.550000190734863,14.43000030517578,14.470000267028809,8.347546577453613,26400
2011-04-29,14.520000457763672,14.56999969482422,14.510000228881836,14.56999969482422,8.405237197875977,28000
2011-05-02,14.56999969482422,14.649999618530272,14.5600004196167,14.649999618530272,8.451386451721191,34000
2011-05-03,14.670000076293944,14.670000076293944,14.5600004196167,14.640000343322754,8.44561767578125,16000
2011-05-04,14.670000076293944,14.670000076293944,14.59000015258789,14.649999618530272,8.451386451721191,16000
2011-05-05,14.649999618530272,14.699999809265137,14.59000015258789,14.670000076293944,8.462924003601074,18900
2011-05-06,14.699999809265137,14.729999542236328,14.670000076293944,14.6899995803833,8.474462509155273,27500
2011-05-09,14.710000038146973,14.800000190734863,14.699999809265137,14.800000190734863,8.537919998168945,20000
2011-05-10,14.84000015258789,14.84000015258789,14.75,14.779999732971191,8.526383399963379,13200
2011-05-11,14.8100004196167,14.829999923706056,14.760000228881836,14.770000457763672,8.520614624023438,12700
2011-05-12,14.8100004196167,14.850000381469728,14.770000457763672,14.8100004196167,8.54369068145752,19000
2011-05-13,14.949999809265137,14.949999809265137,14.800000190734863,14.8100004196167,8.54369068145752,32200
2011-05-16,14.8100004196167,14.869999885559082,14.789999961853027,14.81999969482422,8.549454689025879,20500
2011-05-17,14.81999969482422,14.850000381469728,14.770000457763672,14.779999732971191,8.526383399963379,19200
2011-05-18,14.829999923706056,14.84000015258789,14.800000190734863,14.84000015258789,8.560996055603027,13000
2011-05-19,14.9399995803833,14.9399995803833,14.850000381469728,14.899999618530272,8.595608711242676,17500
2011-05-20,14.899999618530272,14.899999618530272,14.8100004196167,14.880000114440918,8.584071159362793,16500
2011-05-23,14.890000343322754,14.920000076293944,14.859999656677246,14.90999984741211,8.6013765335083,28100
2011-05-24,14.960000038146973,14.960000038146973,14.90999984741211,14.949999809265137,8.624451637268066,36400
2011-05-25,14.970000267028809,14.989999771118164,14.960000038146973,14.970000267028809,8.635991096496582,36600
2011-05-26,15.0600004196167,15.079999923706056,14.979999542236328,15.0,8.653298377990723,25300
2011-05-27,14.93000030517578,15.149999618530272,14.93000030517578,15.029999732971191,8.670602798461914,21200
2011-05-31,15.079999923706056,15.09000015258789,15.029999732971191,15.079999923706056,8.699446678161621,25100
2011-06-01,15.140000343322754,15.260000228881836,15.079999923706056,15.170000076293944,8.751368522644043,22800
2011-06-02,15.100000381469728,15.119999885559082,15.0,15.09000015258789,8.705216407775879,36100
2011-06-03,15.06999969482422,15.06999969482422,14.979999542236328,15.029999732971191,8.670602798461914,18000
2011-06-06,15.09000015258789,15.100000381469728,15.010000228881836,15.020000457763672,8.664834022521973,29400
2011-06-07,15.0,15.100000381469728,15.0,15.100000381469728,8.710986137390137,44400
2011-06-08,15.079999923706056,15.25,15.079999923706056,15.130000114440918,8.728289604187012,28700
2011-06-09,14.920000076293944,15.039999961853027,14.850000381469728,14.970000267028809,8.79586410522461,27900
2011-06-10,15.029999732971191,15.029999732971191,14.710000038146973,14.710000038146973,8.643094062805176,36900
2011-06-13,14.729999542236328,14.739999771118164,14.470000267028809,14.579999923706056,8.56671142578125,35100
2011-06-14,14.720000267028809,14.720000267028809,14.529999732971191,14.600000381469728,8.57846450805664,13200
2011-06-15,14.6899995803833,14.710000038146973,14.470000267028809,14.539999961853027,8.543211936950684,34100
2011-06-16,14.609999656677246,14.699999809265137,14.449999809265137,14.550000190734863,8.549086570739746,38600
2011-06-17,14.550000190734863,14.5600004196167,14.479999542236328,14.529999732971191,8.537332534790039,19100
2011-06-20,14.630000114440918,14.699999809265137,14.609999656677246,14.699999809265137,8.637221336364746,28600
2011-06-21,14.84000015258789,14.850000381469728,14.720000267028809,14.850000381469728,8.72535514831543,26300
2011-06-22,14.890000343322754,15.0,14.859999656677246,14.949999809265137,8.784111976623535,22500
2011-06-23,14.93000030517578,15.119999885559082,14.90999984741211,15.100000381469728,8.872247695922852,28800
2011-06-24,15.18000030517578,15.350000381469728,15.09000015258789,15.229999542236328,8.948630332946777,22300
2011-06-27,15.25,15.420000076293944,15.220000267028809,15.420000076293944,9.060267448425291,31100
2011-06-28,15.399999618530272,15.449999809265137,15.100000381469728,15.199999809265137,8.931002616882324,41700
2011-06-29,15.329999923706056,15.350000381469728,15.229999542236328,15.300000190734863,8.98975944519043,18700
2011-06-30,15.350000381469728,15.420000076293944,15.289999961853027,15.329999923706056,9.007389068603516,29500
2011-07-01,15.399999618530272,15.5,15.3100004196167,15.420000076293944,9.060267448425291,21900
2011-07-05,15.479999542236328,15.479999542236328,15.270000457763672,15.289999961853027,8.98388385772705,21700
2011-07-06,15.350000381469728,15.420000076293944,15.289999961853027,15.3100004196167,8.995633125305176,20900
2011-07-07,15.3100004196167,15.369999885559082,15.300000190734863,15.369999885559082,9.030887603759766,24000
2011-07-08,15.369999885559082,15.369999885559082,15.289999961853027,15.329999923706056,9.007389068603516,12700
2011-07-11,15.279999732971191,15.300000190734863,15.25,15.260000228881836,8.966259956359863,13800
2011-07-12,15.220000267028809,15.239999771118164,15.199999809265137,15.229999542236328,8.948630332946777,22400
2011-07-13,15.199999809265137,15.220000267028809,15.079999923706056,15.079999923706056,8.860495567321777,10000
2011-07-14,15.100000381469728,15.199999809265137,15.06999969482422,15.199999809265137,8.931002616882324,31900
2011-07-15,15.199999809265137,15.220000267028809,15.140000343322754,15.199999809265137,8.931002616882324,9200
2011-07-18,15.199999809265137,15.199999809265137,15.0600004196167,15.140000343322754,8.89574909210205,14100
2011-07-19,15.100000381469728,15.199999809265137,15.100000381469728,15.149999618530272,8.901622772216797,20600
2011-07-20,15.079999923706056,15.270000457763672,15.0600004196167,15.15999984741211,8.907501220703125,26800
2011-07-21,15.25,15.470000267028809,15.210000038146973,15.390000343322754,9.042640686035156,18700
2011-07-22,15.34000015258789,15.34000015258789,15.199999809265137,15.199999809265137,8.931002616882324,15100
2011-07-25,15.119999885559082,15.1899995803833,14.93000030517578,14.93000030517578,8.772361755371094,25700
2011-07-26,14.859999656677246,15.109999656677246,14.859999656677246,14.949999809265137,8.784111976623535,17300
2011-07-27,15.0,15.0,14.630000114440918,14.800000190734863,8.695975303649902,45400
2011-07-28,14.789999961853027,14.890000343322754,14.649999618530272,14.8100004196167,8.701851844787598,15900
2011-07-29,14.720000267028809,14.899999618530272,14.720000267028809,14.800000190734863,8.695975303649902,12500
2011-08-01,15.270000457763672,15.420000076293944,15.100000381469728,15.420000076293944,9.060267448425291,55600
2011-08-02,15.420000076293944,15.470000267028809,15.260000228881836,15.470000267028809,9.089646339416504,24700
2011-08-03,15.399999618530272,15.510000228881836,15.34000015258789,15.460000038146973,9.083770751953123,20300
2011-08-04,15.449999809265137,15.529999732971191,15.119999885559082,15.25,8.960381507873535,21200
2011-08-05,15.25,15.289999961853027,14.869999885559082,14.880000114440918,8.742981910705566,31600
2011-08-08,14.770000457763672,14.770000457763672,13.399999618530272,13.720000267028809,8.061405181884766,84900
2011-08-09,13.40999984741211,14.199999809265137,12.859999656677246,14.199999809265137,8.343436241149902,63300
2011-08-10,14.1899995803833,14.539999961853027,14.109999656677246,14.399999618530272,8.46095085144043,21200
2011-08-11,14.59000015258789,14.960000038146973,14.56999969482422,14.93000030517578,8.772361755371094,22000
2011-08-12,14.859999656677246,14.859999656677246,14.619999885559082,14.699999809265137,8.637221336364746,28100
2011-08-15,14.670000076293944,15.010000228881836,14.670000076293944,15.010000228881836,8.819366455078125,16400
2011-08-16,14.970000267028809,14.989999771118164,14.729999542236328,14.93000030517578,8.772361755371094,13700
2011-08-17,15.109999656677246,15.130000114440918,15.0,15.010000228881836,8.819366455078125,17600
2011-08-18,15.0,15.0,14.760000228881836,14.899999618530272,8.754732131958008,18100
2011-08-19,15.0,15.029999732971191,14.90999984741211,14.949999809265137,8.784111976623535,17600
2011-08-22,15.029999732971191,15.0600004196167,14.9399995803833,15.0,8.813490867614746,9100
2011-08-23,15.0,15.100000381469728,14.960000038146973,15.100000381469728,8.872247695922852,10800
2011-08-24,15.09000015258789,15.119999885559082,14.93000030517578,15.0,8.813490867614746,11600
2011-08-25,15.039999961853027,15.170000076293944,14.779999732971191,14.859999656677246,8.731229782104492,9300
2011-08-26,14.880000114440918,15.029999732971191,14.850000381469728,14.9399995803833,8.778236389160156,16200
2011-08-29,15.0600004196167,15.0600004196167,14.9399995803833,15.039999961853027,8.836994171142578,36400
2011-08-30,15.100000381469728,15.100000381469728,14.90999984741211,14.9399995803833,8.778236389160156,11600
2011-08-31,15.079999923706056,15.170000076293944,15.050000190734863,15.119999885559082,8.883996963500977,14500
2011-09-01,15.170000076293944,15.279999732971191,15.119999885559082,15.270000457763672,8.972134590148926,18100
2011-09-02,15.220000267028809,15.350000381469728,15.09000015258789,15.31999969482422,9.001510620117188,15100
2011-09-06,15.25,15.399999618530272,15.210000038146973,15.390000343322754,9.042640686035156,14800
2011-09-07,15.4399995803833,15.539999961853027,15.420000076293944,15.539999961853027,9.130775451660156,13000
2011-09-08,15.31999969482422,15.359999656677246,15.0600004196167,15.0600004196167,9.01701831817627,28400
2011-09-09,15.25,15.25,14.829999923706056,15.0,8.981091499328613,22800
2011-09-12,14.989999771118164,15.010000228881836,14.710000038146973,14.770000457763672,8.84338092803955,16700
2011-09-13,14.859999656677246,14.880000114440918,14.720000267028809,14.850000381469728,8.891279220581055,16100
2011-09-14,14.960000038146973,14.960000038146973,14.779999732971191,14.859999656677246,8.897266387939453,9200
2011-09-15,14.979999542236328,15.0600004196167,14.890000343322754,15.0600004196167,9.01701831817627,13400
2011-09-16,15.020000457763672,15.289999961853027,15.0,15.279999732971191,9.148736000061035,14800
2011-09-19,15.220000267028809,15.350000381469728,15.100000381469728,15.3100004196167,9.166698455810549,23500
2011-09-20,15.300000190734863,15.329999923706056,15.140000343322754,15.199999809265137,9.100836753845217,26700
2011-09-21,15.279999732971191,15.300000190734863,15.149999618530272,15.15999984741211,9.076889038085938,15200
2011-09-22,15.270000457763672,15.289999961853027,15.149999618530272,15.1899995803833,9.094853401184082,28200
2011-09-23,15.3100004196167,15.359999656677246,15.220000267028809,15.3100004196167,9.166698455810549,23000
2011-09-26,15.260000228881836,15.260000228881836,15.210000038146973,15.229999542236328,9.11880111694336,19400
2011-09-27,15.369999885559082,15.369999885559082,15.149999618530272,15.149999618530272,9.070899963378906,19700
2011-09-28,15.199999809265137,15.229999542236328,14.760000228881836,14.8100004196167,8.867329597473145,31200
2011-09-29,14.920000076293944,15.130000114440918,14.81999969482422,15.130000114440918,9.05892562866211,18300
2011-09-30,15.149999618530272,15.18000030517578,14.75,15.119999885559082,9.052938461303713,82400
2011-10-03,15.119999885559082,15.18000030517578,15.029999732971191,15.050000190734863,9.011028289794922,20800
2011-10-04,14.979999542236328,14.979999542236328,14.550000190734863,14.630000114440918,8.759559631347656,14000
2011-10-05,14.630000114440918,14.789999961853027,14.550000190734863,14.720000267028809,8.813445091247559,16400
2011-10-06,14.829999923706056,14.829999923706056,14.600000381469728,14.800000190734863,8.861342430114746,11000
2011-10-07,14.770000457763672,14.770000457763672,14.5600004196167,14.600000381469728,8.741596221923828,7200
2011-10-10,14.640000343322754,14.6899995803833,14.5600004196167,14.649999618530272,8.771531105041504,11100
2011-10-11,14.600000381469728,14.600000381469728,14.550000190734863,14.600000381469728,8.741596221923828,6700
2011-10-12,14.640000343322754,14.640000343322754,14.5600004196167,14.619999885559082,8.753569602966309,15600
2011-10-13,14.619999885559082,14.68000030517578,14.550000190734863,14.609999656677246,8.747581481933594,14400
2011-10-14,14.789999961853027,14.789999961853027,14.6899995803833,14.699999809265137,8.801470756530762,13600
2011-10-17,14.699999809265137,14.75,14.600000381469728,14.619999885559082,8.753569602966309,17500
2011-10-18,14.59000015258789,14.619999885559082,14.510000228881836,14.59000015258789,8.735607147216797,14100
2011-10-19,14.539999961853027,14.579999923706056,14.489999771118164,14.539999961853027,8.705674171447754,17700
2011-10-20,14.539999961853027,14.630000114440918,14.489999771118164,14.550000190734863,8.71165943145752,10700
2011-10-21,14.710000038146973,14.710000038146973,14.420000076293944,14.579999923706056,8.729618072509766,15200
2011-10-24,14.630000114440918,14.649999618530272,14.59000015258789,14.640000343322754,8.765543937683105,8300
2011-10-25,14.640000343322754,14.640000343322754,14.550000190734863,14.600000381469728,8.741596221923828,10400
2011-10-26,14.630000114440918,14.640000343322754,14.539999961853027,14.630000114440918,8.759559631347656,7300
2011-10-27,14.770000457763672,14.8100004196167,14.670000076293944,14.760000228881836,8.837392807006836,19900
2011-10-28,14.68000030517578,14.75,14.649999618530272,14.739999771118164,8.82541561126709,14400
2011-10-31,14.81999969482422,14.81999969482422,14.779999732971191,14.8100004196167,8.867329597473145,12100
2011-11-01,14.470000267028809,14.81999969482422,14.420000076293944,14.800000190734863,8.861342430114746,14300
2011-11-02,14.760000228881836,14.859999656677246,14.760000228881836,14.81999969482422,8.873316764831543,7200
2011-11-03,14.8100004196167,14.829999923706056,14.789999961853027,14.800000190734863,8.861342430114746,4000
2011-11-04,14.800000190734863,14.850000381469728,14.739999771118164,14.84000015258789,8.88529109954834,8800
2011-11-07,14.899999618530272,14.899999618530272,14.68000030517578,14.850000381469728,8.891279220581055,23200
2011-11-08,14.9399995803833,14.9399995803833,14.789999961853027,14.829999923706056,8.879302978515625,10500
2011-11-09,14.81999969482422,14.81999969482422,14.630000114440918,14.630000114440918,8.759559631347656,16300
2011-11-10,14.800000190734863,14.800000190734863,14.630000114440918,14.770000457763672,8.84338092803955,16700
2011-11-11,14.880000114440918,14.880000114440918,14.760000228881836,14.850000381469728,8.891279220581055,9000
2011-11-14,14.850000381469728,14.850000381469728,14.68000030517578,14.829999923706056,8.879302978515625,10800
2011-11-15,14.829999923706056,14.829999923706056,14.710000038146973,14.789999961853027,8.855355262756348,13200
2011-11-16,14.84000015258789,14.850000381469728,14.75,14.75,8.831405639648438,12600
2011-11-17,14.75,14.789999961853027,14.670000076293944,14.710000038146973,8.807455062866211,10000
2011-11-18,14.779999732971191,14.779999732971191,14.640000343322754,14.699999809265137,8.801470756530762,6100
2011-11-21,14.699999809265137,14.699999809265137,14.579999923706056,14.670000076293944,8.783504486083984,14500
2011-11-22,14.729999542236328,14.75,14.520000457763672,14.68000030517578,8.78948974609375,12600
2011-11-23,14.59000015258789,14.619999885559082,14.5600004196167,14.619999885559082,8.753569602966309,14700
2011-11-25,14.5600004196167,14.59000015258789,14.520000457763672,14.520000457763672,8.693696022033691,8000
2011-11-28,14.59000015258789,14.649999618530272,14.4399995803833,14.649999618530272,8.771531105041504,21400
2011-11-29,14.56999969482422,14.609999656677246,14.510000228881836,14.550000190734863,8.71165943145752,22100
2011-11-30,14.619999885559082,14.800000190734863,14.479999542236328,14.800000190734863,8.861342430114746,24200
2011-12-01,14.710000038146973,14.760000228881836,14.56999969482422,14.640000343322754,8.765543937683105,10100
2011-12-02,14.65999984741211,14.8100004196167,14.65999984741211,14.779999732971191,8.849370002746582,6000
2011-12-05,14.75,14.920000076293944,14.640000343322754,14.920000076293944,8.933192253112793,40500
2011-12-06,14.850000381469728,14.949999809265137,14.81999969482422,14.949999809265137,8.951153755187988,9300
2011-12-07,14.829999923706056,14.899999618530272,14.829999923706056,14.880000114440918,8.90924072265625,9800
2011-12-08,14.550000190734863,14.68000030517578,14.5,14.630000114440918,8.942859649658203,20400
2011-12-09,14.649999618530272,14.800000190734863,14.609999656677246,14.68000030517578,8.973424911499023,14200
2011-12-12,14.5600004196167,14.6899995803833,14.520000457763672,14.5600004196167,8.900073051452637,5200
2011-12-13,14.539999961853027,14.720000267028809,14.539999961853027,14.600000381469728,8.924525260925293,18300
2011-12-14,14.630000114440918,15.100000381469728,14.539999961853027,14.550000190734863,8.893961906433105,7700
2011-12-15,14.609999656677246,14.789999961853027,14.550000190734863,14.630000114440918,8.942859649658203,11500
2011-12-16,14.579999923706056,14.920000076293944,14.579999923706056,14.75,9.016215324401855,20300
2011-12-19,14.699999809265137,14.8100004196167,14.609999656677246,14.609999656677246,8.930636405944824,14300
2011-12-20,14.670000076293944,14.84000015258789,14.600000381469728,14.699999809265137,8.985651016235352,17400
2011-12-21,14.65999984741211,14.75,14.550000190734863,14.600000381469728,8.924525260925293,19400
2011-12-22,14.609999656677246,14.649999618530272,14.56999969482422,14.59000015258789,8.918410301208496,20900
2011-12-23,14.600000381469728,14.710000038146973,14.600000381469728,14.699999809265137,8.985651016235352,12100
2011-12-27,14.720000267028809,14.720000267028809,14.619999885559082,14.649999618530272,8.955086708068848,17300
2011-12-28,14.619999885559082,14.649999618530272,14.56999969482422,14.56999969482422,8.906187057495117,9800
2011-12-29,14.529999732971191,14.56999969482422,14.5,14.550000190734863,8.893961906433105,16800
2011-12-30,14.619999885559082,14.670000076293944,14.529999732971191,14.600000381469728,8.924525260925293,15100
2012-01-03,14.609999656677246,14.6899995803833,14.579999923706056,14.670000076293944,8.967310905456543,14300
2012-01-04,14.729999542236328,14.75,14.59000015258789,14.699999809265137,8.985651016235352,9100
2012-01-05,14.8100004196167,14.8100004196167,14.699999809265137,14.760000228881836,9.022329330444336,11000
2012-01-06,14.75,14.8100004196167,14.710000038146973,14.779999732971191,9.034552574157717,10500
2012-01-09,14.8100004196167,14.81999969482422,14.75,14.770000457763672,9.028441429138184,6100
2012-01-10,14.789999961853027,14.81999969482422,14.729999542236328,14.789999961853027,9.040666580200195,18200
2012-01-11,14.789999961853027,14.789999961853027,14.710000038146973,14.779999732971191,9.034552574157717,5000
2012-01-12,14.789999961853027,14.789999961853027,14.75,14.75,9.016215324401855,14000
2012-01-13,14.75,14.859999656677246,14.729999542236328,14.760000228881836,9.022329330444336,24600
2012-01-17,14.869999885559082,14.869999885559082,14.710000038146973,14.770000457763672,9.028441429138184,18200
2012-01-18,14.789999961853027,14.81999969482422,14.75,14.800000190734863,9.046777725219728,11800
2012-01-19,14.770000457763672,14.84000015258789,14.770000457763672,14.81999969482422,9.059001922607422,17500
2012-01-20,14.8100004196167,14.949999809265137,14.800000190734863,14.81999969482422,9.059001922607422,31300
2012-01-23,14.890000343322754,14.890000343322754,14.770000457763672,14.779999732971191,9.034552574157717,21700
2012-01-24,14.779999732971191,14.920000076293944,14.779999732971191,14.850000381469728,9.077340126037598,19400
2012-01-25,14.850000381469728,15.0,14.81999969482422,14.949999809265137,9.138466835021973,27400
2012-01-26,14.960000038146973,15.170000076293944,14.960000038146973,14.989999771118164,9.162917137145996,62200
2012-01-27,14.949999809265137,15.09000015258789,14.9399995803833,15.0,9.169031143188477,19600
2012-01-30,14.920000076293944,14.960000038146973,14.84000015258789,14.880000114440918,9.09567928314209,21800
2012-01-31,14.93000030517578,14.93000030517578,14.850000381469728,14.899999618530272,9.107904434204102,18700
2012-02-01,14.9399995803833,15.119999885559082,14.90999984741211,15.09000015258789,9.224044799804688,24900
2012-02-02,15.0600004196167,15.18000030517578,15.050000190734863,15.130000114440918,9.248493194580078,29700
2012-02-03,15.119999885559082,15.279999732971191,15.109999656677246,15.229999542236328,9.309622764587402,12100
2012-02-06,15.15999984741211,15.420000076293944,15.15999984741211,15.350000381469728,9.382976531982422,17400
2012-02-07,15.4399995803833,15.4399995803833,15.239999771118164,15.3100004196167,9.358525276184082,25900
2012-02-08,15.380000114440918,15.449999809265137,15.34000015258789,15.449999809265137,9.444101333618164,9600
2012-02-09,15.479999542236328,15.520000457763672,15.449999809265137,15.510000228881836,9.48078155517578,9300
2012-02-10,15.5,15.510000228881836,15.390000343322754,15.43000030517578,9.431878089904783,18000
2012-02-13,15.510000228881836,15.789999961853027,15.510000228881836,15.670000076293944,9.57858180999756,28300
2012-02-14,15.649999618530272,15.829999923706056,15.56999969482422,15.640000343322754,9.56024169921875,21600
2012-02-15,15.630000114440918,15.850000381469728,15.529999732971191,15.56999969482422,9.517455101013184,16900
2012-02-16,15.550000190734863,15.710000038146973,15.5,15.56999969482422,9.517455101013184,15000
2012-02-17,15.5,15.649999618530272,15.43000030517578,15.5,9.474664688110352,14700
2012-02-21,15.609999656677246,15.670000076293944,15.470000267028809,15.520000457763672,9.486889839172363,17900
2012-02-22,15.600000381469728,15.649999618530272,15.449999809265137,15.489999771118164,9.468554496765137,17800
2012-02-23,15.550000190734863,15.720000267028809,15.510000228881836,15.600000381469728,9.53579330444336,20000
2012-02-24,15.56999969482422,15.720000267028809,15.56999969482422,15.649999618530272,9.566356658935549,23100
2012-02-27,15.56999969482422,15.720000267028809,15.539999961853027,15.5600004196167,9.511341094970703,15400
2012-02-28,15.539999961853027,15.5600004196167,15.420000076293944,15.43000030517578,9.431878089904783,24700
2012-02-29,15.449999809265137,15.609999656677246,15.449999809265137,15.460000038146973,9.450215339660645,16400
2012-03-01,15.5600004196167,15.75,15.5,15.75,9.627479553222656,33000
2012-03-02,15.649999618530272,15.699999809265137,15.470000267028809,15.470000267028809,9.456327438354492,25200
2012-03-05,15.40999984741211,15.699999809265137,15.40999984741211,15.670000076293944,9.57858180999756,27700
2012-03-06,15.649999618530272,15.68000030517578,15.369999885559082,15.380000114440918,9.401311874389648,42500
2012-03-07,15.43000030517578,15.640000343322754,15.43000030517578,15.550000190734863,9.50522804260254,60900
2012-03-08,15.31999969482422,15.5,15.31999969482422,15.40999984741211,9.5823335647583,27400
2012-03-09,15.4399995803833,15.4399995803833,15.199999809265137,15.199999809265137,9.451751708984377,20300
2012-03-12,15.140000343322754,15.329999923706056,15.100000381469728,15.199999809265137,9.451751708984377,41900
2012-03-13,15.199999809265137,15.390000343322754,15.199999809265137,15.350000381469728,9.545026779174805,42000
2012-03-14,15.380000114440918,15.399999618530272,15.210000038146973,15.34000015258789,9.538806915283203,12900
2012-03-15,15.34000015258789,15.470000267028809,15.289999961853027,15.300000190734863,9.513934135437012,16400
2012-03-16,15.270000457763672,15.380000114440918,15.079999923706056,15.130000114440918,9.408226013183594,11200
2012-03-19,15.100000381469728,15.100000381469728,14.9399995803833,15.029999732971191,9.346040725708008,19200
2012-03-20,14.989999771118164,15.020000457763672,14.81999969482422,14.829999923706056,9.221674919128418,86200
2012-03-21,14.90999984741211,15.050000190734863,14.859999656677246,14.920000076293944,9.277642250061035,31700
2012-03-22,15.0,15.119999885559082,14.960000038146973,15.010000228881836,9.333605766296388,23500
2012-03-23,15.100000381469728,15.109999656677246,14.90999984741211,14.949999809265137,9.296293258666992,49100
2012-03-26,15.109999656677246,15.140000343322754,14.970000267028809,14.979999542236328,9.314950942993164,24600
2012-03-27,14.920000076293944,15.109999656677246,14.920000076293944,15.010000228881836,9.333605766296388,51000
2012-03-28,15.050000190734863,15.229999542236328,15.0,15.229999542236328,9.470407485961914,25800
2012-03-29,15.0600004196167,15.18000030517578,14.989999771118164,15.170000076293944,9.433096885681152,27400
2012-03-30,15.270000457763672,15.4399995803833,15.149999618530272,15.25,9.482842445373535,27600
2012-04-02,15.34000015258789,15.479999542236328,15.34000015258789,15.420000076293944,9.588552474975586,28200
2012-04-03,15.359999656677246,15.5,15.3100004196167,15.359999656677246,9.55124282836914,13000
2012-04-04,15.170000076293944,15.289999961853027,15.170000076293944,15.289999961853027,9.50771427154541,35000
2012-04-05,15.199999809265137,15.359999656677246,15.199999809265137,15.300000190734863,9.513934135437012,21600
2012-04-09,15.270000457763672,15.270000457763672,15.149999618530272,15.199999809265137,9.451751708984377,10500
2012-04-10,15.149999618530272,15.329999923706056,15.109999656677246,15.329999923706056,9.5325927734375,22700
2012-04-11,15.279999732971191,15.399999618530272,15.279999732971191,15.390000343322754,9.56989860534668,19600
2012-04-12,15.34000015258789,15.420000076293944,15.270000457763672,15.34000015258789,9.538806915283203,19800
2012-04-13,15.380000114440918,15.43000030517578,15.350000381469728,15.43000030517578,9.594772338867188,17700
2012-04-16,15.420000076293944,15.5,15.40999984741211,15.5,9.638299942016602,27900
2012-04-17,15.5,15.5,15.4399995803833,15.5,9.638299942016602,13400
2012-04-18,15.510000228881836,15.510000228881836,15.399999618530272,15.449999809265137,9.607208251953123,20500
2012-04-19,15.43000030517578,15.510000228881836,15.43000030517578,15.510000228881836,9.644516944885254,20200
2012-04-20,15.510000228881836,15.59000015258789,15.5,15.5600004196167,9.675610542297363,21900
2012-04-23,15.550000190734863,15.579999923706056,15.510000228881836,15.56999969482422,9.681828498840332,19000
2012-04-24,15.550000190734863,15.600000381469728,15.520000457763672,15.600000381469728,9.700483322143556,21700
2012-04-25,15.56999969482422,15.630000114440918,15.5600004196167,15.630000114440918,9.71913719177246,21400
2012-04-26,15.640000343322754,15.699999809265137,15.600000381469728,15.699999809265137,9.762664794921877,20600
2012-04-27,15.640000343322754,15.710000038146973,15.640000343322754,15.710000038146973,9.768881797790527,14800
2012-04-30,15.710000038146973,16.079999923706055,15.670000076293944,16.040000915527344,9.974084854125977,32000
2012-05-01,16.18000030517578,16.350000381469727,16.020000457763672,16.139999389648438,10.036269187927246,51000
2012-05-02,16.209999084472656,16.209999084472656,15.970000267028809,16.209999084472656,10.079795837402344,17000
2012-05-03,16.25,16.280000686645508,16.139999389648438,16.25,10.10466766357422,14000
2012-05-04,16.1200008392334,16.469999313354492,16.020000457763672,16.459999084472656,10.235251426696776,26500
2012-05-07,16.329999923706055,16.329999923706055,15.869999885559082,15.880000114440918,9.874592781066896,31000
2012-05-08,15.81999969482422,15.81999969482422,15.550000190734863,15.65999984741211,9.73779010772705,17800
2012-05-09,15.6899995803833,15.770000457763672,15.649999618530272,15.770000457763672,9.806193351745604,10000
2012-05-10,15.779999732971191,15.829999923706056,15.770000457763672,15.800000190734863,9.824848175048828,12600
2012-05-11,15.800000190734863,15.869999885559082,15.75,15.869999885559082,9.868375778198242,23000
2012-05-14,15.68000030517578,15.81999969482422,15.65999984741211,15.779999732971191,9.812410354614258,15500
2012-05-15,15.699999809265137,15.880000114440918,15.699999809265137,15.880000114440918,9.874592781066896,14000
2012-05-16,15.880000114440918,15.989999771118164,15.859999656677246,15.989999771118164,9.942994117736816,11400
2012-05-17,16.0,16.040000915527344,15.960000038146973,16.010000228881836,9.955432891845703,17100
2012-05-18,16.200000762939453,16.200000762939453,15.93000030517578,16.010000228881836,9.955432891845703,22900
2012-05-21,16.100000381469727,16.110000610351562,15.949999809265137,15.970000267028809,9.93055820465088,11100
2012-05-22,15.989999771118164,16.110000610351562,15.649999618530272,15.729999542236328,9.781320571899414,28000
2012-05-23,15.619999885559082,16.100000381469727,15.619999885559082,16.020000457763672,9.96164894104004,27000
2012-05-24,15.9399995803833,16.059999465942383,15.59000015258789,15.75,9.793756484985352,25800
2012-05-25,15.670000076293944,15.899999618530272,15.5600004196167,15.640000343322754,9.725354194641112,17200
2012-05-29,15.789999961853027,15.789999961853027,15.550000190734863,15.56999969482422,9.681828498840332,15900
2012-05-30,15.550000190734863,15.649999618530272,15.529999732971191,15.649999618530272,9.731574058532717,22600
2012-05-31,15.649999618530272,15.84000015258789,15.5600004196167,15.84000015258789,9.84972095489502,13400
2012-06-01,15.609999656677246,15.8100004196167,15.529999732971191,15.800000190734863,9.824848175048828,17300
2012-06-04,15.75,15.75,15.510000228881836,15.609999656677246,9.70669937133789,20800
2012-06-05,15.640000343322754,15.65999984741211,15.300000190734863,15.470000267028809,9.61964511871338,28100
2012-06-06,15.43000030517578,15.449999809265137,15.279999732971191,15.449999809265137,9.607208251953123,17900
2012-06-07,15.15999984741211,15.25,15.079999923706056,15.25,9.65341854095459,22800
2012-06-08,15.220000267028809,15.289999961853027,15.020000457763672,15.279999732971191,9.672410011291504,18200
2012-06-11,15.390000343322754,15.390000343322754,15.079999923706056,15.140000343322754,9.58378791809082,30100
2012-06-12,15.079999923706056,15.15999984741211,14.989999771118164,15.06999969482422,9.53947639465332,33100
2012-06-13,15.010000228881836,15.140000343322754,14.970000267028809,15.109999656677246,9.564797401428224,31600
2012-06-14,15.210000038146973,15.279999732971191,15.170000076293944,15.229999542236328,9.64075756072998,10000
2012-06-15,15.239999771118164,15.489999771118164,15.210000038146973,15.470000267028809,9.792681694030762,31700
2012-06-18,15.40999984741211,15.479999542236328,15.34000015258789,15.479999542236328,9.79901123046875,21100
2012-06-19,15.4399995803833,15.5600004196167,15.4399995803833,15.529999732971191,9.830659866333008,11700
2012-06-20,15.529999732971191,15.630000114440918,15.529999732971191,15.630000114440918,9.893963813781738,19700
2012-06-21,15.630000114440918,15.779999732971191,15.630000114440918,15.779999732971191,9.98891544342041,24400
2012-06-22,15.789999961853027,16.0,15.75,16.0,10.128178596496582,18800
2012-06-25,16.0,16.020000457763672,15.880000114440918,15.979999542236328,10.115516662597656,39300
2012-06-26,16.09000015258789,16.110000610351562,15.899999618530272,15.970000267028809,10.109185218811035,41100
2012-06-27,16.139999389648438,16.139999389648438,15.68000030517578,15.710000038146973,9.94460391998291,35300
2012-06-28,15.850000381469728,15.850000381469728,15.520000457763672,15.600000381469728,9.874974250793455,43800
2012-06-29,16.0,16.0,15.40999984741211,15.5,9.81166934967041,39300
2012-07-02,15.56999969482422,15.56999969482422,15.420000076293944,15.4399995803833,9.773691177368164,28500
2012-07-03,15.600000381469728,15.699999809265137,15.600000381469728,15.6899995803833,9.931941986083984,14600
2012-07-05,15.75,15.789999961853027,15.609999656677246,15.760000228881836,9.976255416870115,23800
2012-07-06,15.760000228881836,15.760000228881836,15.699999809265137,15.720000267028809,9.950932502746582,11200
2012-07-09,15.739999771118164,15.789999961853027,15.720000267028809,15.779999732971191,9.98891544342041,14500
2012-07-10,15.829999923706056,15.989999771118164,15.770000457763672,15.989999771118164,10.12184715270996,17400
2012-07-11,16.0,16.200000762939453,16.0,16.18000030517578,10.242120742797852,29100
2012-07-12,16.15999984741211,16.25,16.139999389648438,16.25,10.28643035888672,27400
2012-07-13,16.260000228881836,16.31999969482422,16.219999313354492,16.31999969482422,10.33073902130127,20300
2012-07-16,16.3799991607666,16.670000076293945,16.3799991607666,16.549999237060547,10.476333618164062,32300
2012-07-17,16.6200008392334,16.90999984741211,16.43000030517578,16.5,10.444682121276855,24500
2012-07-18,16.600000381469727,16.969999313354492,16.510000228881836,16.670000076293945,10.552295684814451,31300
2012-07-19,16.81999969482422,16.81999969482422,16.420000076293945,16.5,10.444682121276855,38400
2012-07-20,16.739999771118164,16.75,16.360000610351562,16.440000534057617,10.40670108795166,20200
2012-07-23,16.469999313354492,16.59000015258789,16.469999313354492,16.559999465942383,10.48266315460205,14900
2012-07-24,16.600000381469727,16.860000610351562,16.59000015258789,16.600000381469727,10.507984161376951,21300
2012-07-25,16.729999542236328,16.8799991607666,16.049999237060547,16.34000015258789,10.343401908874512,40700
2012-07-26,16.389999389648438,16.479999542236328,16.25,16.389999389648438,10.375051498413086,23600
2012-07-27,16.299999237060547,16.579999923706055,16.299999237060547,16.5,10.444682121276855,12700
2012-07-30,16.3799991607666,16.770000457763672,16.3799991607666,16.719999313354492,10.583945274353027,18600
2012-07-31,16.600000381469727,16.799999237060547,16.489999771118164,16.540000915527344,10.470003128051758,27500
2012-08-01,16.510000228881836,16.799999237060547,16.5,16.649999618530273,10.53963565826416,15600
2012-08-02,16.520000457763672,16.540000915527344,16.34000015258789,16.40999984741211,10.387712478637695,15900
2012-08-03,16.459999084472656,16.790000915527344,16.440000534057617,16.549999237060547,10.476333618164062,31600
2012-08-06,16.469999313354492,16.610000610351562,16.34000015258789,16.399999618530273,10.38138198852539,21400
2012-08-07,16.3799991607666,16.489999771118164,16.15999984741211,16.209999084472656,10.261109352111816,15400
2012-08-08,16.1200008392334,16.450000762939453,16.040000915527344,16.049999237060547,10.15982723236084,20500
2012-08-09,16.100000381469727,16.450000762939453,16.100000381469727,16.389999389648438,10.375051498413086,8100
2012-08-10,16.280000686645508,16.399999618530273,16.100000381469727,16.399999618530273,10.38138198852539,22300
2012-08-13,16.350000381469727,16.520000457763672,16.350000381469727,16.520000457763672,10.45734405517578,11500
2012-08-14,16.59000015258789,16.739999771118164,16.3700008392334,16.440000534057617,10.40670108795166,24400
2012-08-15,16.530000686645508,16.530000686645508,16.290000915527344,16.389999389648438,10.375051498413086,18900
2012-08-16,16.5,16.5,16.34000015258789,16.3700008392334,10.36239242553711,18500
2012-08-17,16.43000030517578,16.43000030517578,16.3700008392334,16.399999618530273,10.38138198852539,6400
2012-08-20,16.350000381469727,16.43000030517578,16.15999984741211,16.200000762939453,10.254778861999512,15700
2012-08-21,16.329999923706055,16.329999923706055,16.1200008392334,16.1200008392334,10.204137802124023,22400
2012-08-22,16.18000030517578,16.18000030517578,16.0,16.020000457763672,10.14083766937256,30600
2012-08-23,16.06999969482422,16.06999969482422,15.81999969482422,16.0,10.128178596496582,53500
2012-08-24,16.049999237060547,16.110000610351562,16.020000457763672,16.100000381469727,10.191478729248049,13400
2012-08-27,16.059999465942383,16.100000381469727,15.979999542236328,16.040000915527344,10.153497695922852,14300
2012-08-28,16.0,16.260000228881836,15.960000038146973,16.25,10.28643035888672,31200
2012-08-29,16.25,16.540000915527344,16.209999084472656,16.450000762939453,10.413034439086914,29500
2012-08-30,16.34000015258789,16.5,16.200000762939453,16.5,10.444682121276855,22600
2012-08-31,16.40999984741211,16.5,16.260000228881836,16.5,10.444682121276855,20000
2012-09-04,16.5,16.5,16.389999389648438,16.5,10.444682121276855,24900
2012-09-05,16.40999984741211,16.469999313354492,16.309999465942383,16.469999313354492,10.425691604614258,37900
2012-09-06,16.450000762939453,16.479999542236328,16.260000228881836,16.469999313354492,10.425691604614258,23400
2012-09-07,16.469999313354492,16.469999313354492,16.239999771118164,16.469999313354492,10.425691604614258,14900
2012-09-10,16.350000381469727,16.43000030517578,16.200000762939453,16.3799991607666,10.368720054626465,25200
2012-09-11,16.440000534057617,16.450000762939453,16.25,16.43000030517578,10.400375366210938,29300
2012-09-12,16.469999313354492,16.469999313354492,16.25,16.299999237060547,10.480095863342283,43800
2012-09-13,16.219999313354492,16.540000915527344,16.219999313354492,16.459999084472656,10.582969665527344,34500
2012-09-14,16.600000381469727,17.0,16.579999923706055,16.68000030517578,10.724421501159668,36700
2012-09-17,16.700000762939453,16.719999313354492,16.579999923706055,16.65999984741211,10.711557388305664,18100
2012-09-18,16.700000762939453,16.809999465942383,16.700000762939453,16.760000228881836,10.775856018066406,16300
2012-09-19,16.81999969482422,17.020000457763672,16.43000030517578,16.489999771118164,10.602258682250977,30700
2012-09-20,16.479999542236328,16.700000762939453,16.420000076293945,16.510000228881836,10.615118026733398,24000
2012-09-21,16.5,16.579999923706055,16.459999084472656,16.510000228881836,10.615118026733398,25500
2012-09-24,16.56999969482422,16.600000381469727,16.5,16.59000015258789,10.666553497314451,15000
2012-09-25,16.860000610351562,16.860000610351562,16.649999618530273,16.649999618530273,10.70512866973877,28500
2012-09-26,16.729999542236328,16.989999771118164,16.729999542236328,16.950000762939453,10.89801788330078,21700
2012-09-27,16.989999771118164,17.100000381469727,16.950000762939453,17.100000381469727,10.994457244873049,13400
2012-09-28,17.100000381469727,17.399999618530273,16.940000534057617,17.25,11.090900421142578,44100
2012-10-01,17.25,17.25,17.010000228881836,17.030000686645508,10.94945240020752,33000
2012-10-02,17.030000686645508,17.149999618530273,16.700000762939453,16.739999771118164,10.762993812561035,42600
2012-10-03,16.739999771118164,16.829999923706055,16.530000686645508,16.799999237060547,10.80157470703125,33100
2012-10-04,16.709999084472656,16.770000457763672,16.559999465942383,16.760000228881836,10.775856018066406,23200
2012-10-05,16.670000076293945,16.760000228881836,16.450000762939453,16.700000762939453,10.737277030944824,25800
2012-10-08,16.6299991607666,16.84000015258789,16.31999969482422,16.780000686645508,10.78871250152588,21700
2012-10-09,16.739999771118164,16.739999771118164,16.510000228881836,16.559999465942383,10.64726448059082,22100
2012-10-10,16.450000762939453,16.670000076293945,16.229999542236328,16.260000228881836,10.45438003540039,27100
2012-10-11,16.399999618530273,16.459999084472656,16.25,16.3700008392334,10.525105476379396,12600
2012-10-12,16.420000076293945,16.690000534057617,16.389999389648438,16.639999389648438,10.698701858520508,22100
2012-10-15,16.690000534057617,16.790000915527344,16.5,16.670000076293945,10.717988967895508,24600
2012-10-16,16.68000030517578,16.739999771118164,16.530000686645508,16.719999313354492,10.75013828277588,15900
2012-10-17,16.84000015258789,16.84000015258789,16.68000030517578,16.84000015258789,10.827292442321776,19200
2012-10-18,16.899999618530273,16.920000076293945,16.56999969482422,16.920000076293945,10.878726959228516,23600
2012-10-19,17.020000457763672,17.079999923706055,16.8799991607666,16.920000076293945,10.878726959228516,19600
2012-10-22,16.93000030517578,17.049999237060547,16.790000915527344,16.790000915527344,10.795145988464355,15300
2012-10-23,16.84000015258789,17.1200008392334,16.790000915527344,17.040000915527344,10.955883026123049,20500
2012-10-24,17.229999542236328,17.25,17.010000228881836,17.010000228881836,10.936591148376465,15200
2012-10-25,17.040000915527344,17.149999618530273,16.860000610351562,17.0,10.93016242980957,19900
2012-10-26,16.950000762939453,17.469999313354492,16.829999923706055,17.209999084472656,11.06518268585205,15900
2012-10-31,17.15999984741211,17.15999984741211,16.5,16.530000686645508,10.62797737121582,34400
2012-11-01,16.690000534057617,16.920000076293945,16.530000686645508,16.639999389648438,10.698701858520508,16900
2012-11-02,16.639999389648438,16.639999389648438,16.25,16.489999771118164,10.602258682250977,24500
2012-11-05,16.56999969482422,16.579999923706055,16.3700008392334,16.459999084472656,10.582969665527344,12800
2012-11-06,16.860000610351562,16.860000610351562,16.559999465942383,16.700000762939453,10.737277030944824,24400
2012-11-07,16.34000015258789,16.540000915527344,16.34000015258789,16.469999313354492,10.589397430419922,21000
2012-11-08,16.600000381469727,16.68000030517578,16.510000228881836,16.559999465942383,10.64726448059082,11000
2012-11-09,16.639999389648438,16.639999389648438,16.389999389648438,16.549999237060547,10.64083194732666,13800
2012-11-12,16.540000915527344,16.809999465942383,16.399999618530273,16.40999984741211,10.550824165344238,14300
2012-11-13,16.389999389648438,16.540000915527344,16.280000686645508,16.31999969482422,10.49295711517334,13800
2012-11-14,16.260000228881836,16.260000228881836,15.550000190734863,15.59000015258789,10.023604393005373,45300
2012-11-15,15.399999618530272,15.460000038146973,15.0,15.050000190734863,9.676411628723145,58100
2012-11-16,15.119999885559082,15.600000381469728,15.119999885559082,15.600000381469728,10.03003215789795,32700
2012-11-19,15.81999969482422,15.960000038146973,15.760000228881836,15.800000190734863,10.15862274169922,26800
2012-11-20,15.920000076293944,15.920000076293944,15.81999969482422,15.859999656677246,10.197197914123535,20700
2012-11-21,16.0,16.06999969482422,15.989999771118164,16.030000686645508,10.30650234222412,20200
2012-11-23,16.149999618530273,16.25,16.110000610351562,16.25,10.447949409484863,6000
2012-11-26,16.25,16.25,16.15999984741211,16.219999313354492,10.428662300109863,25600
2012-11-27,16.059999465942383,16.100000381469727,16.0,16.030000686645508,10.30650234222412,36400
2012-11-28,15.920000076293944,16.1200008392334,15.920000076293944,16.110000610351562,10.35793685913086,16000
2012-11-29,16.030000686645508,16.1299991607666,16.030000686645508,16.1299991607666,10.370797157287598,10700
2012-11-30,16.0,16.0,15.960000038146973,15.989999771118164,10.280783653259276,22600
2012-12-03,15.949999809265137,16.079999923706055,15.869999885559082,16.030000686645508,10.30650234222412,35000
2012-12-04,16.030000686645508,16.06999969482422,15.880000114440918,15.960000038146973,10.261494636535645,17700
2012-12-05,15.899999618530272,16.049999237060547,15.869999885559082,16.030000686645508,10.30650234222412,30800
2012-12-06,15.989999771118164,16.100000381469727,15.949999809265137,16.09000015258789,10.345077514648438,24400
2012-12-07,16.079999923706055,16.100000381469727,15.979999542236328,16.049999237060547,10.319358825683594,30700
2012-12-10,16.0,16.139999389648438,15.710000038146973,16.100000381469727,10.351507186889648,59100
2012-12-11,15.949999809265137,16.25,15.93000030517578,16.229999542236328,10.639284133911133,33400
2012-12-12,16.190000534057617,16.309999465942383,16.100000381469727,16.219999313354492,10.632731437683104,34700
2012-12-13,16.270000457763672,16.399999618530273,16.1200008392334,16.399999618530273,10.750724792480469,30700
2012-12-14,16.399999618530273,16.479999542236328,16.239999771118164,16.479999542236328,10.803168296813965,13500
2012-12-17,16.459999084472656,16.59000015258789,16.270000457763672,16.420000076293945,10.763837814331056,32800
2012-12-18,16.280000686645508,16.360000610351562,16.06999969482422,16.299999237060547,10.685172080993652,25200
2012-12-19,16.3700008392334,16.65999984741211,16.200000762939453,16.459999084472656,10.790058135986328,22300
2012-12-20,16.6299991607666,17.100000381469727,16.290000915527344,16.600000381469727,10.88183307647705,17100
2012-12-21,16.549999237060547,16.700000762939453,16.549999237060547,16.59000015258789,10.87527847290039,15500
2012-12-24,16.700000762939453,17.100000381469727,16.600000381469727,16.729999542236328,10.967049598693848,20300
2012-12-26,16.979999542236328,17.100000381469727,16.59000015258789,16.809999465942383,11.019492149353027,32600
2012-12-27,16.989999771118164,17.040000915527344,16.59000015258789,16.75,10.980161666870115,21500
2012-12-28,16.81999969482422,16.81999969482422,16.049999237060547,16.15999984741211,10.593395233154297,45800
2012-12-31,16.170000076293945,16.3799991607666,16.170000076293945,16.34000015258789,10.711392402648926,30000
2013-01-02,16.6200008392334,16.6200008392334,16.100000381469727,16.469999313354492,10.796611785888672,27500
2013-01-03,16.5,16.649999618530273,16.5,16.559999465942383,10.855610847473145,14100
2013-01-04,16.479999542236328,16.8700008392334,16.40999984741211,16.639999389648438,10.90805435180664,19300
2013-01-07,16.489999771118164,17.049999237060547,16.389999389648438,17.010000228881836,11.150598526000977,24700
2013-01-08,16.860000610351562,17.100000381469727,16.68000030517578,17.059999465942383,11.183377265930176,25600
2013-01-09,16.969999313354492,17.010000228881836,16.739999771118164,16.950000762939453,11.1112699508667,12200
2013-01-10,16.899999618530273,17.0,16.81999969482422,16.8799991607666,11.065381050109863,25600
2013-01-11,16.799999237060547,16.850000381469727,16.600000381469727,16.690000534057617,10.94083023071289,28300
2013-01-14,16.729999542236328,16.739999771118164,16.520000457763672,16.739999771118164,10.973604202270508,15400
2013-01-15,16.700000762939453,16.729999542236328,16.549999237060547,16.649999618530273,10.914608001708984,23400
2013-01-16,16.649999618530273,16.68000030517578,16.549999237060547,16.649999618530273,10.914608001708984,17900
2013-01-17,16.75,16.770000457763672,16.56999969482422,16.59000015258789,10.87527847290039,27100
2013-01-18,16.690000534057617,16.799999237060547,16.6299991607666,16.799999237060547,11.012940406799316,22200
2013-01-22,16.799999237060547,17.030000686645508,16.770000457763672,17.0,11.144044876098633,21600
2013-01-23,17.079999923706055,17.1200008392334,17.0,17.1200008392334,11.22270679473877,23300
2013-01-24,17.010000228881836,17.84000015258789,16.989999771118164,17.489999771118164,11.465254783630373,25900
2013-01-25,17.399999618530273,17.520000457763672,17.34000015258789,17.3700008392334,11.38659381866455,21400
2013-01-28,17.290000915527344,17.299999237060547,17.059999465942383,17.09000015258789,11.203042984008787,18800
2013-01-29,17.18000030517578,17.18000030517578,16.940000534057617,16.940000534057617,11.104714393615724,14000
2013-01-30,16.899999618530273,16.940000534057617,16.649999618530273,16.940000534057617,11.104714393615724,27500
2013-01-31,17.0,17.010000228881836,16.959999084472656,17.0,11.144044876098633,13800
2013-02-01,17.0,17.149999618530273,16.780000686645508,16.780000686645508,10.99982738494873,25100
2013-02-04,16.799999237060547,16.81999969482422,16.329999923706055,16.639999389648438,10.90805435180664,19900
2013-02-05,16.6200008392334,16.709999084472656,16.479999542236328,16.709999084472656,10.953938484191896,11300
2013-02-06,16.559999465942383,16.649999618530273,16.559999465942383,16.6299991607666,10.901496887207031,17800
2013-02-07,16.540000915527344,16.690000534057617,16.510000228881836,16.65999984741211,10.921161651611328,15400
2013-02-08,16.719999313354492,16.799999237060547,16.65999984741211,16.729999542236328,10.967049598693848,10700
2013-02-11,16.729999542236328,16.760000228881836,16.5,16.5,10.816277503967283,28700
2013-02-12,16.520000457763672,16.56999969482422,16.350000381469727,16.360000610351562,10.724505424499512,28100
2013-02-13,16.34000015258789,16.3799991607666,16.239999771118164,16.25,10.652395248413086,37700
2013-02-14,16.239999771118164,16.270000457763672,16.18000030517578,16.219999313354492,10.632731437683104,15400
2013-02-15,16.219999313354492,16.219999313354492,16.06999969482422,16.100000381469727,10.55406665802002,24100
2013-02-19,16.100000381469727,16.200000762939453,16.079999923706055,16.149999618530273,10.586844444274902,17300
2013-02-20,16.079999923706055,16.18000030517578,16.059999465942383,16.1299991607666,10.573732376098633,17800
2013-02-21,16.209999084472656,16.229999542236328,16.100000381469727,16.190000534057617,10.613062858581545,23300
2013-02-22,16.25,16.260000228881836,16.209999084472656,16.260000228881836,10.658952713012695,13000
2013-02-25,16.219999313354492,16.270000457763672,16.1299991607666,16.270000457763672,10.665507316589355,19900
2013-02-26,16.270000457763672,16.309999465942383,16.170000076293945,16.170000076293945,10.599953651428224,19900
2013-02-27,16.170000076293945,16.399999618530273,16.170000076293945,16.389999389648438,10.744170188903809,41000
2013-02-28,16.399999618530273,16.479999542236328,16.389999389648438,16.389999389648438,10.744170188903809,14100
2013-03-01,16.5,16.5,16.270000457763672,16.450000762939453,10.783503532409668,26500
2013-03-04,16.360000610351562,16.510000228881836,16.299999237060547,16.510000228881836,10.822834968566896,25400
2013-03-05,16.479999542236328,16.690000534057617,16.360000610351562,16.6299991607666,10.901496887207031,22100
2013-03-06,16.559999465942383,16.709999084472656,16.420000076293945,16.690000534057617,10.94083023071289,25000
2013-03-07,16.360000610351562,16.68000030517578,16.209999084472656,16.670000076293945,11.080416679382324,33600
2013-03-08,16.600000381469727,16.8700008392334,16.510000228881836,16.729999542236328,11.120295524597168,37100
2013-03-11,16.700000762939453,16.719999313354492,16.450000762939453,16.489999771118164,10.960770606994627,26400
2013-03-12,16.399999618530273,16.489999771118164,16.350000381469727,16.450000762939453,10.934185028076172,17800
2013-03-13,16.450000762939453,16.5,16.309999465942383,16.350000381469727,10.867714881896973,17500
2013-03-14,16.399999618530273,16.450000762939453,16.030000686645508,16.149999618530273,10.73477554321289,25700
2013-03-15,16.200000762939453,16.229999542236328,16.010000228881836,16.110000610351562,10.708189010620115,26900
2013-03-18,16.020000457763672,16.079999923706055,16.020000457763672,16.059999465942383,10.67495346069336,7000
2013-03-19,16.020000457763672,16.170000076293945,16.020000457763672,16.06999969482422,10.681602478027344,17200
2013-03-20,16.200000762939453,16.229999542236328,16.079999923706055,16.139999389648438,10.72812843322754,28500
2013-03-21,16.139999389648438,16.200000762939453,16.1200008392334,16.149999618530273,10.73477554321289,15600
2013-03-22,16.209999084472656,16.209999084472656,15.979999542236328,15.989999771118164,10.628423690795898,17800
2013-03-25,15.989999771118164,16.020000457763672,15.850000381469728,15.859999656677246,10.542016983032228,32400
2013-03-26,15.949999809265137,15.970000267028809,15.859999656677246,15.949999809265137,10.601836204528809,18300
2013-03-27,15.960000038146973,16.0,15.880000114440918,15.970000267028809,10.615131378173828,22900
2013-03-28,16.06999969482422,16.06999969482422,15.970000267028809,16.049999237060547,10.668306350708008,28700
2013-04-01,16.059999465942383,16.079999923706055,15.9399995803833,16.040000915527344,10.661660194396973,24000
2013-04-02,15.93000030517578,16.139999389648438,15.920000076293944,16.1299991607666,10.721480369567873,24600
2013-04-03,16.030000686645508,16.110000610351562,15.960000038146973,16.049999237060547,10.668306350708008,19200
2013-04-04,15.949999809265137,16.100000381469727,15.949999809265137,16.059999465942383,10.67495346069336,24500
2013-04-05,15.979999542236328,16.049999237060547,15.880000114440918,16.010000228881836,10.641718864440918,22000
2013-04-08,15.949999809265137,16.100000381469727,15.949999809265137,16.100000381469727,10.701539993286133,20400
2013-04-09,16.18000030517578,16.18000030517578,16.06999969482422,16.149999618530273,10.73477554321289,25500
2013-04-10,16.100000381469727,16.440000534057617,16.079999923706055,16.309999465942383,10.841127395629885,46700
2013-04-11,16.399999618530273,16.5,16.34000015258789,16.489999771118164,10.960770606994627,26600
2013-04-12,16.489999771118164,16.600000381469727,16.350000381469727,16.5,10.96741771697998,23500
2013-04-15,16.3799991607666,16.5,16.3799991607666,16.399999618530273,10.900948524475098,22200
2013-04-16,16.489999771118164,16.65999984741211,16.290000915527344,16.3700008392334,10.881009101867676,24200
2013-04-17,16.399999618530273,16.549999237060547,16.350000381469727,16.5,10.96741771697998,28100
2013-04-18,16.56999969482422,16.649999618530273,16.350000381469727,16.530000686645508,10.987359046936035,21800
2013-04-19,16.579999923706055,16.600000381469727,16.459999084472656,16.510000228881836,10.974066734313965,10400
2013-04-22,16.600000381469727,16.600000381469727,16.459999084472656,16.489999771118164,10.960770606994627,8600
2013-04-23,16.639999389648438,16.75,16.450000762939453,16.75,11.133590698242188,53100
2013-04-24,16.84000015258789,16.84000015258789,16.639999389648438,16.770000457763672,11.146885871887209,18800
2013-04-25,16.920000076293945,16.93000030517578,16.780000686645508,16.8700008392334,11.213354110717772,15100
2013-04-26,16.989999771118164,17.06999969482422,16.81999969482422,17.010000228881836,11.306408882141112,17500
2013-04-29,17.06999969482422,17.06999969482422,16.780000686645508,16.829999923706055,11.186767578125,21800
2013-04-30,16.829999923706055,16.950000762939453,16.780000686645508,16.93000030517578,11.2532377243042,23800
2013-05-01,17.020000457763672,17.030000686645508,16.829999923706055,17.030000686645508,11.31970500946045,19100
2013-05-02,17.079999923706055,17.170000076293945,16.979999542236328,17.049999237060547,11.33299732208252,20000
2013-05-03,17.1299991607666,17.15999984741211,17.040000915527344,17.15999984741211,11.406112670898438,14600
2013-05-06,17.15999984741211,17.219999313354492,17.09000015258789,17.219999313354492,11.445995330810549,12900
2013-05-07,17.209999084472656,17.299999237060547,17.18000030517578,17.280000686645508,11.485877990722656,31400
2013-05-08,17.25,17.420000076293945,17.209999084472656,17.399999618530273,11.565643310546877,63700
2013-05-09,17.399999618530273,17.440000534057617,17.260000228881836,17.389999389648438,11.558992385864258,32800
2013-05-10,17.360000610351562,17.520000457763672,17.270000457763672,17.520000457763672,11.645407676696776,18000
2013-05-13,17.479999542236328,17.600000381469727,17.3799991607666,17.600000381469727,11.698582649230955,31400
2013-05-14,17.540000915527344,17.799999237060547,17.510000228881836,17.75,11.798283576965332,48700
2013-05-15,17.799999237060547,17.799999237060547,17.600000381469727,17.790000915527344,11.824870109558104,19900
2013-05-16,17.709999084472656,17.75,17.520000457763672,17.639999389648438,11.725167274475098,39300
2013-05-17,17.75,17.969999313354492,17.469999313354492,17.68000030517578,11.751757621765137,69400
2013-05-20,17.700000762939453,17.770000457763672,17.6299991607666,17.700000762939453,11.765047073364258,36800
2013-05-21,17.780000686645508,17.8799991607666,17.719999313354492,17.8799991607666,11.884693145751951,23900
2013-05-22,17.940000534057617,18.059999465942383,17.850000381469727,17.950000762939453,11.931221961975098,29400
2013-05-23,17.850000381469727,18.010000228881836,17.81999969482422,17.90999984741211,11.904633522033691,21200
2013-05-24,17.899999618530273,17.920000076293945,17.829999923706055,17.860000610351562,11.871399879455566,23800
2013-05-28,18.0,18.0,17.68000030517578,17.75,11.798283576965332,36700
2013-05-29,17.600000381469727,17.950000762939453,17.170000076293945,17.950000762939453,11.931221961975098,97500
2013-05-30,17.889999389648438,17.899999618530273,16.75,17.0,11.299763679504396,80500
2013-05-31,17.0,17.0,16.450000762939453,16.5,10.96741771697998,43200
2013-06-03,16.399999618530273,16.440000534057617,15.9399995803833,15.989999771118164,10.628423690795898,47900
2013-06-04,15.829999923706056,16.049999237060547,15.520000457763672,15.960000038146973,10.608484268188477,67800
2013-06-05,15.800000190734863,15.899999618530272,15.56999969482422,15.65999984741211,10.409077644348145,56200
2013-06-06,15.789999961853027,15.829999923706056,15.649999618530272,15.800000190734863,10.502135276794434,44700
2013-06-07,15.81999969482422,15.81999969482422,15.5600004196167,15.619999885559082,10.382488250732422,46800
2013-06-10,15.619999885559082,15.649999618530272,15.199999809265137,15.25,10.136554718017578,55300
2013-06-11,15.100000381469728,15.449999809265137,15.0,15.130000114440918,10.230542182922363,96200
2013-06-12,15.050000190734863,15.149999618530272,14.93000030517578,14.970000267028809,10.122354507446287,46800
2013-06-13,14.850000381469728,15.239999771118164,14.850000381469728,15.170000076293944,10.25758934020996,49700
2013-06-14,15.119999885559082,15.300000190734863,15.0,15.279999732971191,10.3319673538208,57000
2013-06-17,15.25,15.369999885559082,15.25,15.260000228881836,10.31844425201416,33600
2013-06-18,15.31999969482422,15.31999969482422,15.050000190734863,15.100000381469728,10.210256576538086,65600
2013-06-19,15.020000457763672,15.119999885559082,14.949999809265137,14.979999542236328,10.129114151000977,17600
2013-06-20,14.899999618530272,14.970000267028809,14.520000457763672,14.59000015258789,9.865408897399902,37100
2013-06-21,14.529999732971191,14.68000030517578,14.529999732971191,14.619999885559082,9.885692596435549,16700
2013-06-24,14.510000228881836,14.800000190734863,14.40999984741211,14.789999961853027,10.000640869140623,85000
2013-06-25,14.949999809265137,14.949999809265137,14.699999809265137,14.8100004196167,10.014166831970217,34600
2013-06-26,14.75,15.119999885559082,14.75,15.09000015258789,10.203495025634766,49700
2013-06-27,14.989999771118164,15.300000190734863,14.989999771118164,15.300000190734863,10.34549045562744,27600
2013-06-28,15.31999969482422,15.5,15.170000076293944,15.479999542236328,10.467202186584473,66500
2013-07-01,15.390000343322754,15.579999923706056,15.149999618530272,15.5,10.48072624206543,63600
2013-07-02,15.380000114440918,15.43000030517578,15.279999732971191,15.31999969482422,10.359016418457031,38600
2013-07-03,15.18000030517578,15.18000030517578,14.829999923706056,15.029999732971191,10.162923812866213,28100
2013-07-05,14.920000076293944,14.93000030517578,14.529999732971191,14.640000343322754,9.899216651916504,27800
2013-07-08,14.539999961853027,14.779999732971191,14.539999961853027,14.56999969482422,9.851882934570312,25100
2013-07-09,14.529999732971191,14.720000267028809,14.43000030517578,14.59000015258789,9.865408897399902,29900
2013-07-10,14.479999542236328,14.68000030517578,14.479999542236328,14.670000076293944,9.919499397277832,25200
2013-07-11,14.710000038146973,14.869999885559082,14.699999809265137,14.869999885559082,10.05473518371582,21100
2013-07-12,14.81999969482422,14.890000343322754,14.710000038146973,14.729999542236328,9.960070610046388,27700
2013-07-15,14.649999618530272,14.75,14.609999656677246,14.609999656677246,9.878929138183594,21400
2013-07-16,14.520000457763672,14.670000076293944,14.510000228881836,14.600000381469728,9.872167587280272,46200
2013-07-17,14.56999969482422,14.850000381469728,14.56999969482422,14.81999969482422,10.02092742919922,21500
2013-07-18,14.75,14.979999542236328,14.710000038146973,14.779999732971191,9.993881225585938,35700
2013-07-19,14.710000038146973,14.800000190734863,14.619999885559082,14.75,9.97359561920166,32800
2013-07-22,14.859999656677246,14.859999656677246,14.710000038146973,14.800000190734863,10.007404327392578,19700
2013-07-23,14.90999984741211,15.050000190734863,14.739999771118164,15.039999961853027,10.169689178466797,48500
2013-07-24,15.0,15.0,14.760000228881836,14.8100004196167,10.014166831970217,27300
2013-07-25,14.68000030517578,14.9399995803833,14.630000114440918,14.670000076293944,9.919499397277832,24400
2013-07-26,14.600000381469728,14.6899995803833,14.600000381469728,14.630000114440918,9.892455101013184,20100
2013-07-29,14.489999771118164,14.640000343322754,14.489999771118164,14.529999732971191,9.824836730957031,44500
2013-07-30,14.460000038146973,14.479999542236328,14.390000343322754,14.460000038146973,9.777503967285156,20300
2013-07-31,14.40999984741211,14.489999771118164,14.369999885559082,14.4399995803833,9.7639799118042,15600
2013-08-01,14.40999984741211,14.65999984741211,14.40999984741211,14.649999618530272,9.905977249145508,42300
2013-08-02,14.619999885559082,14.630000114440918,14.420000076293944,14.479999542236328,9.791028022766112,21700
2013-08-05,14.43000030517578,14.550000190734863,14.279999732971191,14.34000015258789,9.69636344909668,41500
2013-08-06,14.220000267028809,14.270000457763672,14.170000076293944,14.270000457763672,9.649030685424805,20300
2013-08-07,14.15999984741211,14.220000267028809,14.100000381469728,14.210000038146973,9.608460426330566,12500
2013-08-08,14.199999809265137,14.229999542236328,14.170000076293944,14.229999542236328,9.62198257446289,16500
2013-08-09,14.130000114440918,14.25,14.130000114440918,14.25,9.635507583618164,12900
2013-08-12,14.119999885559082,14.239999771118164,14.100000381469728,14.1899995803833,9.594937324523926,25700
2013-08-13,14.079999923706056,14.18000030517578,14.06999969482422,14.15999984741211,9.574650764465332,24900
2013-08-14,14.06999969482422,14.130000114440918,14.029999732971191,14.100000381469728,9.53408145904541,24600
2013-08-15,13.920000076293944,14.020000457763672,13.899999618530272,13.979999542236328,9.452940940856934,40300
2013-08-16,13.899999618530272,14.100000381469728,13.899999618530272,14.0,9.466463088989258,11900
2013-08-19,13.93000030517578,13.949999809265137,13.869999885559082,13.890000343322754,9.392083168029783,25600
2013-08-20,13.84000015258789,13.979999542236328,13.68000030517578,13.81999969482422,9.34475040435791,24600
2013-08-21,13.739999771118164,13.81999969482422,13.710000038146973,13.760000228881836,9.304179191589355,25700
2013-08-22,13.729999542236328,13.869999885559082,13.699999809265137,13.84000015258789,9.358275413513184,20200
2013-08-23,13.779999732971191,13.8100004196167,13.6899995803833,13.8100004196167,9.33798885345459,38600
2013-08-26,13.739999771118164,13.850000381469728,13.739999771118164,13.84000015258789,9.358275413513184,33900
2013-08-27,13.760000228881836,13.859999656677246,13.729999542236328,13.850000381469728,9.365036964416504,21500
2013-08-28,13.779999732971191,13.989999771118164,13.729999542236328,13.970000267028809,9.44617748260498,65400
2013-08-29,13.859999656677246,13.960000038146973,13.779999732971191,13.960000038146973,9.43941593170166,37700
2013-08-30,13.869999885559082,14.0600004196167,13.829999923706056,14.050000190734863,9.500271797180176,53900
2013-09-03,14.010000228881836,14.119999885559082,13.949999809265137,14.0600004196167,9.507035255432127,16000
2013-09-04,13.979999542236328,14.09000015258789,13.949999809265137,14.050000190734863,9.500271797180176,27700
2013-09-05,13.960000038146973,14.079999923706056,13.75,13.93000030517578,9.419130325317385,25100
2013-09-06,13.899999618530272,14.0,13.880000114440918,13.920000076293944,9.41236972808838,17000
2013-09-09,13.920000076293944,13.920000076293944,13.399999618530272,13.619999885559082,9.209515571594238,241000
2013-09-10,13.600000381469728,13.979999542236328,13.43000030517578,13.8100004196167,9.33798885345459,150200
2013-09-11,13.460000038146973,13.640000343322754,13.460000038146973,13.600000381469728,9.351057052612305,56000
2013-09-12,13.550000190734863,13.59000015258789,13.300000190734863,13.489999771118164,9.275419235229492,27500
2013-09-13,13.4399995803833,13.600000381469728,13.359999656677246,13.43000030517578,9.23416519165039,36500
2013-09-16,13.4399995803833,13.640000343322754,13.4399995803833,13.550000190734863,9.316676139831545,28700
2013-09-17,13.5,13.619999885559082,13.470000267028809,13.59000015258789,9.344178199768066,15300
2013-09-18,13.529999732971191,13.800000190734863,13.520000457763672,13.800000190734863,9.488569259643556,12400
2013-09-19,13.800000190734863,13.800000190734863,13.699999809265137,13.760000228881836,9.461067199707031,49200
2013-09-20,13.699999809265137,13.720000267028809,13.65999984741211,13.699999809265137,9.419809341430664,16700
2013-09-23,13.640000343322754,13.760000228881836,13.640000343322754,13.739999771118164,9.447314262390137,25100
2013-09-24,13.6899995803833,13.81999969482422,13.6899995803833,13.81999969482422,9.502317428588867,32900
2013-09-25,13.760000228881836,13.880000114440918,13.720000267028809,13.850000381469728,9.522948265075684,35300
2013-09-26,13.800000190734863,13.829999923706056,13.770000457763672,13.779999732971191,9.47481632232666,28800
2013-09-27,13.699999809265137,13.770000457763672,13.649999618530272,13.770000457763672,9.467940330505373,28000
2013-09-30,13.59000015258789,14.119999885559082,13.5600004196167,14.119999885559082,9.70859432220459,48800
2013-10-01,13.920000076293944,13.960000038146973,13.770000457763672,13.960000038146973,9.59858226776123,53100
2013-10-02,13.789999961853027,13.979999542236328,13.779999732971191,13.960000038146973,9.59858226776123,29300
2013-10-03,13.84000015258789,13.9399995803833,13.81999969482422,13.9399995803833,9.58482837677002,45000
2013-10-04,13.8100004196167,13.84000015258789,13.779999732971191,13.829999923706056,9.509196281433104,15700
2013-10-07,13.880000114440918,13.880000114440918,13.65999984741211,13.81999969482422,9.502317428588867,18000
2013-10-08,13.729999542236328,13.81999969482422,13.6899995803833,13.699999809265137,9.419809341430664,41200
2013-10-09,13.640000343322754,13.760000228881836,13.630000114440918,13.710000038146973,9.426688194274902,16100
2013-10-10,13.720000267028809,13.8100004196167,13.720000267028809,13.779999732971191,9.47481632232666,26100
2013-10-11,13.800000190734863,13.850000381469728,13.789999961853027,13.84000015258789,9.516072273254396,15500
2013-10-14,13.68000030517578,13.770000457763672,13.670000076293944,13.710000038146973,9.426688194274902,12600
2013-10-15,13.65999984741211,13.729999542236328,13.65999984741211,13.710000038146973,9.426688194274902,8900
2013-10-16,13.65999984741211,13.779999732971191,13.550000190734863,13.760000228881836,9.461067199707031,23200
2013-10-17,13.670000076293944,13.869999885559082,13.670000076293944,13.850000381469728,9.522948265075684,14900
2013-10-18,13.770000457763672,13.93000030517578,13.770000457763672,13.890000343322754,9.550451278686523,12800
2013-10-21,13.850000381469728,13.9399995803833,13.850000381469728,13.899999618530272,9.557329177856444,11700
2013-10-22,13.899999618530272,14.050000190734863,13.899999618530272,14.029999732971191,9.64671230316162,19600
2013-10-23,14.029999732971191,14.079999923706056,14.020000457763672,14.06999969482422,9.67421531677246,19700
2013-10-24,14.079999923706056,14.09000015258789,14.010000228881836,14.079999923706056,9.681086540222168,20700
2013-10-25,14.130000114440918,14.15999984741211,14.079999923706056,14.15999984741211,9.73609733581543,23500
2013-10-28,14.06999969482422,14.15999984741211,14.06999969482422,14.149999618530272,9.729220390319824,11900
2013-10-29,14.109999656677246,14.170000076293944,14.109999656677246,14.149999618530272,9.729220390319824,13100
2013-10-30,14.149999618530272,14.25,14.149999618530272,14.229999542236328,9.784226417541504,17600
2013-10-31,14.15999984741211,14.279999732971191,14.149999618530272,14.279999732971191,9.818607330322266,36300
2013-11-01,14.199999809265137,14.380000114440918,14.199999809265137,14.31999969482422,9.846110343933104,38700
2013-11-04,14.300000190734863,14.359999656677246,14.260000228881836,14.31999969482422,9.846110343933104,18400
2013-11-05,14.229999542236328,14.329999923706056,14.229999542236328,14.300000190734863,9.832357406616213,18500
2013-11-06,14.260000228881836,14.369999885559082,14.260000228881836,14.350000381469728,9.866735458374023,22900
2013-11-07,14.300000190734863,14.359999656677246,14.239999771118164,14.329999923706056,9.852984428405762,46700
2013-11-08,14.369999885559082,14.369999885559082,14.15999984741211,14.260000228881836,9.804855346679688,12700
2013-11-11,14.300000190734863,14.359999656677246,14.210000038146973,14.300000190734863,9.832357406616213,29100
2013-11-12,14.229999542236328,14.34000015258789,14.15999984741211,14.199999809265137,9.763599395751951,43900
2013-11-13,14.220000267028809,14.260000228881836,14.199999809265137,14.239999771118164,9.791104316711426,30900
2013-11-14,14.289999961853027,14.289999961853027,14.18000030517578,14.220000267028809,9.777349472045898,25500
2013-11-15,14.15999984741211,14.199999809265137,14.079999923706056,14.100000381469728,9.694842338562012,26100
2013-11-18,14.050000190734863,14.170000076293944,14.050000190734863,14.140000343322754,9.722344398498535,46200
2013-11-19,14.079999923706056,14.1899995803833,14.06999969482422,14.1899995803833,9.756726264953612,28800
2013-11-20,14.140000343322754,14.15999984741211,14.039999961853027,14.039999961853027,9.653589248657228,34700
2013-11-21,14.0600004196167,14.1899995803833,13.979999542236328,14.140000343322754,9.722344398498535,35800
2013-11-22,14.06999969482422,14.210000038146973,14.050000190734863,14.130000114440918,9.715468406677246,44500
2013-11-25,14.06999969482422,14.1899995803833,14.06999969482422,14.130000114440918,9.715468406677246,24200
2013-11-26,14.079999923706056,14.199999809265137,14.079999923706056,14.15999984741211,9.73609733581543,23200
2013-11-27,14.100000381469728,14.170000076293944,14.050000190734863,14.140000343322754,9.722344398498535,15700
2013-11-29,14.079999923706056,14.199999809265137,14.010000228881836,14.149999618530272,9.729220390319824,11300
2013-12-02,14.1899995803833,14.1899995803833,14.079999923706056,14.119999885559082,9.70859432220459,43000
2013-12-03,14.130000114440918,14.149999618530272,14.0,14.020000457763672,9.639838218688965,39200
2013-12-04,14.0,14.119999885559082,13.970000267028809,14.010000228881836,9.63295841217041,68700
2013-12-05,13.93000030517578,14.010000228881836,13.899999618530272,13.989999771118164,9.619208335876465,29800
2013-12-06,13.90999984741211,14.0,13.890000343322754,13.960000038146973,9.59858226776123,37100
2013-12-09,13.920000076293944,14.0,13.899999618530272,13.949999809265137,9.591705322265623,53700
2013-12-10,13.710000038146973,13.93000030517578,13.699999809265137,13.869999885559082,9.733461380004885,34600
2013-12-11,13.8100004196167,13.880000114440918,13.8100004196167,13.84000015258789,9.712409019470217,39700
2013-12-12,13.779999732971191,13.8100004196167,13.739999771118164,13.760000228881836,9.656269073486328,24700
2013-12-13,13.84000015258789,13.84000015258789,13.699999809265137,13.739999771118164,9.642231941223145,21600
2013-12-16,13.81999969482422,13.859999656677246,13.789999961853027,13.859999656677246,9.726442337036133,21500
2013-12-17,13.8100004196167,13.890000343322754,13.760000228881836,13.829999923706056,9.70539093017578,20000
2013-12-18,13.760000228881836,13.890000343322754,13.760000228881836,13.890000343322754,9.74749755859375,35500
2013-12-19,13.789999961853027,13.890000343322754,13.789999961853027,13.869999885559082,9.733461380004885,28300
2013-12-20,13.81999969482422,13.890000343322754,13.789999961853027,13.869999885559082,9.733461380004885,37100
2013-12-23,13.890000343322754,14.390000343322754,13.869999885559082,14.18000030517578,9.951008796691896,49000
2013-12-24,14.029999732971191,14.199999809265137,14.029999732971191,14.140000343322754,9.922937393188477,23800
2013-12-26,14.18000030517578,14.350000381469728,14.18000030517578,14.31999969482422,10.049256324768066,20600
2013-12-27,14.31999969482422,14.43000030517578,14.270000457763672,14.40999984741211,10.112414360046388,16400
2013-12-30,14.359999656677246,14.5600004196167,14.359999656677246,14.43000030517578,10.12644863128662,23100
2013-12-31,14.510000228881836,14.529999732971191,14.300000190734863,14.300000190734863,10.0352201461792,30000
2014-01-02,14.260000228881836,14.5,14.260000228881836,14.489999771118164,10.168554306030272,42400
2014-01-03,14.529999732971191,14.5600004196167,14.460000038146973,14.529999732971191,10.196626663208008,12600
2014-01-06,14.470000267028809,14.479999542236328,14.31999969482422,14.34000015258789,10.063289642333984,22600
2014-01-07,14.350000381469728,14.40999984741211,14.260000228881836,14.399999618530272,10.105395317077637,62600
2014-01-08,14.34000015258789,14.399999618530272,14.34000015258789,14.369999885559082,10.084343910217283,27900
2014-01-09,14.300000190734863,14.43000030517578,14.260000228881836,14.359999656677246,10.077325820922852,33500
2014-01-10,14.350000381469728,14.489999771118164,14.350000381469728,14.420000076293944,10.119431495666504,54500
2014-01-13,14.449999809265137,14.479999542236328,14.449999809265137,14.449999809265137,10.140483856201172,12600
2014-01-14,14.380000114440918,14.43000030517578,14.350000381469728,14.40999984741211,10.112414360046388,19400
2014-01-15,14.390000343322754,14.43000030517578,14.350000381469728,14.40999984741211,10.112414360046388,44800
2014-01-16,14.390000343322754,14.5,14.390000343322754,14.470000267028809,10.15452003479004,19600
2014-01-17,14.529999732971191,14.579999923706056,14.510000228881836,14.539999961853027,10.203646659851074,11100
2014-01-21,14.539999961853027,14.68000030517578,14.539999961853027,14.68000030517578,10.301891326904297,27400
2014-01-22,14.550000190734863,14.68000030517578,14.550000190734863,14.619999885559082,10.259784698486328,22100
2014-01-23,14.56999969482422,14.84000015258789,14.56999969482422,14.8100004196167,10.393120765686035,23100
2014-01-24,14.720000267028809,14.970000267028809,14.649999618530272,14.789999961853027,10.379082679748535,30100
2014-01-27,14.789999961853027,14.800000190734863,14.68000030517578,14.779999732971191,10.372065544128418,15800
2014-01-28,14.800000190734863,14.800000190734863,14.609999656677246,14.65999984741211,10.287854194641112,28700
2014-01-29,14.59000015258789,14.59000015258789,14.329999923706056,14.34000015258789,10.063289642333984,32900
2014-01-30,14.279999732971191,14.380000114440918,14.279999732971191,14.359999656677246,10.077325820922852,33800
2014-01-31,14.25,14.43000030517578,14.25,14.420000076293944,10.119431495666504,21600
2014-02-03,14.359999656677246,14.420000076293944,14.359999656677246,14.369999885559082,10.084343910217283,18500
2014-02-04,14.369999885559082,14.43000030517578,14.369999885559082,14.43000030517578,10.12644863128662,15200
2014-02-05,14.359999656677246,14.470000267028809,14.359999656677246,14.470000267028809,10.15452003479004,15700
2014-02-06,14.5,14.529999732971191,14.43000030517578,14.460000038146973,10.147503852844238,18400
2014-02-07,14.4399995803833,14.489999771118164,14.40999984741211,14.489999771118164,10.168554306030272,18900
2014-02-10,14.43000030517578,14.5600004196167,14.399999618530272,14.550000190734863,10.21066188812256,18400
2014-02-11,14.510000228881836,14.59000015258789,14.479999542236328,14.56999969482422,10.22469425201416,15400
2014-02-12,14.550000190734863,14.640000343322754,14.5,14.600000381469728,10.24575138092041,25100
2014-02-13,14.529999732971191,14.65999984741211,14.520000457763672,14.600000381469728,10.24575138092041,20500
2014-02-14,14.56999969482422,14.609999656677246,14.489999771118164,14.510000228881836,10.18259334564209,31100
2014-02-18,14.5,14.59000015258789,14.5,14.550000190734863,10.21066188812256,14300
2014-02-19,14.539999961853027,14.609999656677246,14.539999961853027,14.600000381469728,10.24575138092041,21200
2014-02-20,14.5600004196167,14.619999885559082,14.5600004196167,14.59000015258789,10.23873233795166,14100
2014-02-21,14.68000030517578,14.68000030517578,14.619999885559082,14.670000076293944,10.294872283935549,33400
2014-02-24,14.720000267028809,14.829999923706056,14.640000343322754,14.720000267028809,10.329959869384766,23400
2014-02-25,14.710000038146973,14.850000381469728,14.640000343322754,14.850000381469728,10.421189308166504,14900
2014-02-26,14.800000190734863,14.829999923706056,14.729999542236328,14.729999542236328,10.336979866027832,26800
2014-02-27,14.68000030517578,14.760000228881836,14.670000076293944,14.760000228881836,10.3580322265625,18500
2014-02-28,14.720000267028809,14.75,14.720000267028809,14.75,10.35101318359375,12200
2014-03-03,14.800000190734863,14.93000030517578,14.739999771118164,14.93000030517578,10.477331161499023,18600
2014-03-04,14.920000076293944,15.199999809265137,14.84000015258789,14.850000381469728,10.421189308166504,18600
2014-03-05,14.850000381469728,14.850000381469728,14.720000267028809,14.829999923706056,10.407155990600586,26100
2014-03-06,14.760000228881836,14.850000381469728,14.739999771118164,14.850000381469728,10.421189308166504,26800
2014-03-07,14.770000457763672,14.770000457763672,14.630000114440918,14.630000114440918,10.266803741455078,31400
2014-03-10,14.550000190734863,14.68000030517578,14.550000190734863,14.68000030517578,10.301891326904297,16900
2014-03-11,14.380000114440918,14.520000457763672,14.380000114440918,14.470000267028809,10.308302879333496,33000
2014-03-12,14.470000267028809,14.550000190734863,14.420000076293944,14.529999732971191,10.351046562194824,15000
2014-03-13,14.479999542236328,14.539999961853027,14.460000038146973,14.489999771118164,10.322550773620604,54200
2014-03-14,14.489999771118164,14.579999923706056,14.369999885559082,14.40999984741211,10.265557289123535,31400
2014-03-17,14.420000076293944,14.489999771118164,14.399999618530272,14.4399995803833,10.286930084228516,52400
2014-03-18,14.43000030517578,14.550000190734863,14.43000030517578,14.520000457763672,10.34392261505127,19500
2014-03-19,14.539999961853027,14.649999618530272,14.510000228881836,14.640000343322754,10.42940902709961,33300
2014-03-20,14.630000114440918,14.630000114440918,14.489999771118164,14.5,10.32967472076416,19200
2014-03-21,14.550000190734863,14.59000015258789,14.5,14.539999961853027,10.358171463012695,15700
2014-03-24,14.59000015258789,14.619999885559082,14.5,14.619999885559082,10.4151611328125,17700
2014-03-25,14.600000381469728,14.739999771118164,14.56999969482422,14.68000030517578,10.457903861999512,76300
2014-03-26,14.699999809265137,14.739999771118164,14.68000030517578,14.68000030517578,10.457903861999512,19500
2014-03-27,14.699999809265137,14.729999542236328,14.670000076293944,14.720000267028809,10.486398696899414,11500
2014-03-28,14.779999732971191,14.779999732971191,14.68000030517578,14.729999542236328,10.493522644042969,23200
2014-03-31,14.8100004196167,14.8100004196167,14.489999771118164,14.5,10.32967472076416,142700
2014-04-01,14.550000190734863,14.5600004196167,14.449999809265137,14.449999809265137,10.29405403137207,61700
2014-04-02,14.460000038146973,14.510000228881836,14.420000076293944,14.510000228881836,10.336799621582031,28200
2014-04-03,14.4399995803833,14.529999732971191,14.43000030517578,14.460000038146973,10.301176071166992,38900
2014-04-04,14.399999618530272,14.5,14.390000343322754,14.470000267028809,10.308302879333496,41400
2014-04-07,14.420000076293944,14.510000228881836,14.390000343322754,14.449999809265137,10.29405403137207,42600
2014-04-08,14.399999618530272,14.520000457763672,14.390000343322754,14.520000457763672,10.34392261505127,27300
2014-04-09,14.460000038146973,14.59000015258789,14.460000038146973,14.56999969482422,10.379539489746094,17700
2014-04-10,14.5600004196167,14.600000381469728,14.550000190734863,14.550000190734863,10.365294456481934,15700
2014-04-11,14.5600004196167,14.579999923706056,14.5,14.550000190734863,10.365294456481934,12000
2014-04-14,14.5600004196167,14.59000015258789,14.539999961853027,14.5600004196167,10.372417449951172,12100
2014-04-15,14.529999732971191,14.630000114440918,14.510000228881836,14.619999885559082,10.4151611328125,29200
2014-04-16,14.619999885559082,14.670000076293944,14.579999923706056,14.59000015258789,10.393789291381836,26100
2014-04-17,14.5,14.529999732971191,14.399999618530272,14.399999618530272,10.25843334197998,49600
2014-04-21,14.449999809265137,14.479999542236328,14.4399995803833,14.449999809265137,10.29405403137207,13300
2014-04-22,14.43000030517578,14.5,14.43000030517578,14.449999809265137,10.29405403137207,21100
2014-04-23,14.449999809265137,14.56999969482422,14.449999809265137,14.5600004196167,10.372417449951172,13100
2014-04-24,14.529999732971191,14.539999961853027,14.529999732971191,14.529999732971191,10.351046562194824,9600
2014-04-25,14.520000457763672,14.579999923706056,14.520000457763672,14.5600004196167,10.372417449951172,9100
2014-04-28,14.550000190734863,14.550000190734863,14.449999809265137,14.510000228881836,10.336799621582031,58500
2014-04-29,14.470000267028809,14.5600004196167,14.470000267028809,14.5600004196167,10.372417449951172,36100
2014-04-30,14.539999961853027,14.56999969482422,14.520000457763672,14.539999961853027,10.358171463012695,19200
2014-05-01,14.520000457763672,14.640000343322754,14.520000457763672,14.640000343322754,10.42940902709961,19300
2014-05-02,14.649999618530272,14.649999618530272,14.600000381469728,14.619999885559082,10.4151611328125,16000
2014-05-05,14.649999618530272,14.649999618530272,14.609999656677246,14.640000343322754,10.42940902709961,12200
2014-05-06,14.649999618530272,14.68000030517578,14.649999618530272,14.65999984741211,10.44365692138672,9300
2014-05-07,14.649999618530272,14.6899995803833,14.649999618530272,14.670000076293944,10.450778007507324,21700
2014-05-08,14.65999984741211,14.699999809265137,14.65999984741211,14.68000030517578,10.457903861999512,7500
2014-05-09,14.619999885559082,14.68000030517578,14.619999885559082,14.65999984741211,10.44365692138672,13500
2014-05-12,14.630000114440918,14.75,14.630000114440918,14.739999771118164,10.500648498535156,11900
2014-05-13,14.710000038146973,14.779999732971191,14.710000038146973,14.75,10.507771492004396,18300
2014-05-14,14.670000076293944,14.779999732971191,14.670000076293944,14.779999732971191,10.529142379760742,24100
2014-05-15,14.789999961853027,14.800000190734863,14.770000457763672,14.789999961853027,10.53626537322998,13900
2014-05-16,14.789999961853027,14.829999923706056,14.789999961853027,14.829999923706056,10.564762115478516,31500
2014-05-19,14.81999969482422,14.81999969482422,14.779999732971191,14.8100004196167,10.550515174865724,17100
2014-05-20,14.760000228881836,14.8100004196167,14.760000228881836,14.760000228881836,10.51489543914795,10600
2014-05-21,14.720000267028809,14.770000457763672,14.720000267028809,14.760000228881836,10.51489543914795,13600
2014-05-22,14.75,14.8100004196167,14.75,14.760000228881836,10.51489543914795,9500
2014-05-23,14.770000457763672,14.829999923706056,14.760000228881836,14.779999732971191,10.529142379760742,17400
2014-05-27,14.760000228881836,14.770000457763672,14.710000038146973,14.75,10.507771492004396,19600
2014-05-28,14.729999542236328,14.8100004196167,14.710000038146973,14.779999732971191,10.529142379760742,14300
2014-05-29,14.760000228881836,14.81999969482422,14.75,14.8100004196167,10.550515174865724,14600
2014-05-30,14.789999961853027,14.800000190734863,14.75,14.770000457763672,10.522019386291504,16000
2014-06-02,14.739999771118164,14.779999732971191,14.720000267028809,14.75,10.507771492004396,38600
2014-06-03,14.720000267028809,14.720000267028809,14.65999984741211,14.699999809265137,10.472150802612305,14600
2014-06-04,14.649999618530272,14.710000038146973,14.630000114440918,14.699999809265137,10.472150802612305,21400
2014-06-05,14.65999984741211,14.699999809265137,14.600000381469728,14.699999809265137,10.472150802612305,19400
2014-06-06,14.65999984741211,14.729999542236328,14.640000343322754,14.6899995803833,10.46502685546875,14100
2014-06-09,14.68000030517578,14.6899995803833,14.579999923706056,14.609999656677246,10.408037185668944,26600
2014-06-10,14.40999984741211,14.619999885559082,14.40999984741211,14.619999885559082,10.58248233795166,37400
2014-06-11,14.550000190734863,14.609999656677246,14.550000190734863,14.609999656677246,10.575242042541504,31600
2014-06-12,14.5600004196167,14.630000114440918,14.5600004196167,14.630000114440918,10.589717864990234,12500
2014-06-13,14.630000114440918,14.670000076293944,14.630000114440918,14.640000343322754,10.59695816040039,12500
2014-06-16,14.6899995803833,14.6899995803833,14.619999885559082,14.670000076293944,10.618671417236328,10700
2014-06-17,14.640000343322754,14.640000343322754,14.600000381469728,14.609999656677246,10.575242042541504,8200
2014-06-18,14.630000114440918,14.630000114440918,14.619999885559082,14.630000114440918,10.589717864990234,6500
2014-06-19,14.649999618530272,14.670000076293944,14.649999618530272,14.65999984741211,10.611435890197754,7700
2014-06-20,14.649999618530272,14.649999618530272,14.609999656677246,14.609999656677246,10.575242042541504,30100
2014-06-23,14.59000015258789,14.65999984741211,14.59000015258789,14.640000343322754,10.59695816040039,13000
2014-06-24,14.670000076293944,14.670000076293944,14.630000114440918,14.640000343322754,10.59695816040039,13700
2014-06-25,14.609999656677246,14.6899995803833,14.609999656677246,14.65999984741211,10.611435890197754,25200
2014-06-26,14.630000114440918,14.65999984741211,14.619999885559082,14.640000343322754,10.59695816040039,28100
2014-06-27,14.600000381469728,14.670000076293944,14.600000381469728,14.670000076293944,10.618671417236328,23100
2014-06-30,14.670000076293944,14.68000030517578,14.649999618530272,14.649999618530272,10.604195594787598,27200
2014-07-01,14.640000343322754,14.68000030517578,14.640000343322754,14.68000030517578,10.625911712646484,31900
2014-07-02,14.649999618530272,14.649999618530272,14.550000190734863,14.5600004196167,10.53905200958252,17600
2014-07-03,14.5,14.56999969482422,14.470000267028809,14.550000190734863,10.531813621520996,21000
2014-07-07,14.510000228881836,14.5600004196167,14.479999542236328,14.5600004196167,10.53905200958252,23200
2014-07-08,14.520000457763672,14.600000381469728,14.520000457763672,14.600000381469728,10.568007469177246,24500
2014-07-09,14.529999732971191,14.630000114440918,14.529999732971191,14.56999969482422,10.546289443969728,27000
2014-07-10,14.5,14.630000114440918,14.5,14.609999656677246,10.575242042541504,24400
2014-07-11,14.630000114440918,14.670000076293944,14.630000114440918,14.65999984741211,10.611435890197754,17700
2014-07-14,14.6899995803833,14.6899995803833,14.630000114440918,14.68000030517578,10.625911712646484,10800
2014-07-15,14.670000076293944,14.670000076293944,14.600000381469728,14.600000381469728,10.568007469177246,43700
2014-07-16,14.640000343322754,14.75,14.630000114440918,14.739999771118164,10.669342041015623,39600
2014-07-17,14.739999771118164,14.739999771118164,14.68000030517578,14.720000267028809,10.654864311218262,7500
2014-07-18,14.699999809265137,14.729999542236328,14.68000030517578,14.710000038146973,10.647624015808104,14700
2014-07-21,14.729999542236328,14.75,14.699999809265137,14.699999809265137,10.640387535095217,28100
2014-07-22,14.65999984741211,14.720000267028809,14.65999984741211,14.670000076293944,10.618671417236328,14200
2014-07-23,14.619999885559082,14.720000267028809,14.619999885559082,14.710000038146973,10.647624015808104,27500
2014-07-24,14.699999809265137,14.699999809265137,14.649999618530272,14.670000076293944,10.618671417236328,13900
2014-07-25,14.640000343322754,14.670000076293944,14.630000114440918,14.65999984741211,10.611435890197754,17900
2014-07-28,14.619999885559082,14.640000343322754,14.550000190734863,14.5600004196167,10.53905200958252,44300
2014-07-29,14.529999732971191,14.550000190734863,14.510000228881836,14.539999961853027,10.52457332611084,20000
2014-07-30,14.470000267028809,14.479999542236328,14.449999809265137,14.449999809265137,10.459429740905762,18000
2014-07-31,14.399999618530272,14.399999618530272,14.270000457763672,14.34000015258789,10.379807472229004,54700
2014-08-01,14.380000114440918,14.380000114440918,14.34000015258789,14.369999885559082,10.40152072906494,21300
2014-08-04,14.31999969482422,14.390000343322754,14.31999969482422,14.369999885559082,10.40152072906494,29600
2014-08-05,14.300000190734863,14.399999618530272,14.300000190734863,14.31999969482422,10.365327835083008,15400
2014-08-06,14.31999969482422,14.479999542236328,14.3100004196167,14.3100004196167,10.358092308044434,55600
2014-08-07,14.359999656677246,14.40999984741211,14.329999923706056,14.380000114440918,10.40876007080078,14000
2014-08-08,14.43000030517578,14.479999542236328,14.43000030517578,14.460000038146973,10.466667175292969,30500
2014-08-11,14.460000038146973,14.5,14.449999809265137,14.489999771118164,10.48838233947754,13200
2014-08-12,14.489999771118164,14.539999961853027,14.489999771118164,14.510000228881836,10.502859115600586,11100
2014-08-13,14.529999732971191,14.670000076293944,14.520000457763672,14.630000114440918,10.589717864990234,34200
2014-08-14,14.609999656677246,14.670000076293944,14.59000015258789,14.600000381469728,10.568007469177246,16800
2014-08-15,14.640000343322754,14.649999618530272,14.609999656677246,14.619999885559082,10.58248233795166,28600
2014-08-18,14.59000015258789,14.609999656677246,14.520000457763672,14.529999732971191,10.517335891723633,25200
2014-08-19,14.479999542236328,14.56999969482422,14.470000267028809,14.56999969482422,10.546289443969728,17100
2014-08-20,14.600000381469728,14.670000076293944,14.520000457763672,14.529999732971191,10.517335891723633,18000
2014-08-21,14.550000190734863,14.609999656677246,14.529999732971191,14.59000015258789,10.560766220092772,12500
2014-08-22,14.609999656677246,14.619999885559082,14.600000381469728,14.609999656677246,10.575242042541504,6600
2014-08-25,14.619999885559082,14.65999984741211,14.609999656677246,14.649999618530272,10.604195594787598,14800
2014-08-26,14.699999809265137,14.699999809265137,14.600000381469728,14.65999984741211,10.611435890197754,40000
2014-08-27,14.550000190734863,14.670000076293944,14.550000190734863,14.619999885559082,10.58248233795166,42600
2014-08-28,14.640000343322754,14.65999984741211,14.550000190734863,14.65999984741211,10.611435890197754,14000
2014-08-29,14.649999618530272,14.68000030517578,14.600000381469728,14.640000343322754,10.59695816040039,6900
2014-09-02,14.609999656677246,14.6899995803833,14.5600004196167,14.640000343322754,10.59695816040039,15100
2014-09-03,14.56999969482422,14.65999984741211,14.550000190734863,14.600000381469728,10.568007469177246,52100
2014-09-04,14.550000190734863,14.619999885559082,14.550000190734863,14.579999923706056,10.55352783203125,26600
2014-09-05,14.539999961853027,14.609999656677246,14.529999732971191,14.539999961853027,10.52457332611084,24100
2014-09-08,14.5,14.59000015258789,14.5,14.550000190734863,10.531813621520996,32500
2014-09-09,14.520000457763672,14.56999969482422,14.479999542236328,14.539999961853027,10.52457332611084,30300
2014-09-10,14.369999885559082,14.369999885559082,14.25,14.3100004196167,10.518693923950195,37700
2014-09-11,14.210000038146973,14.270000457763672,14.199999809265137,14.260000228881836,10.481941223144531,34800
2014-09-12,14.199999809265137,14.25,14.199999809265137,14.229999542236328,10.45988941192627,23800
2014-09-15,14.199999809265137,14.229999542236328,14.140000343322754,14.220000267028809,10.45253849029541,13800
2014-09-16,14.25,14.25,14.149999618530272,14.170000076293944,10.415785789489746,30000
2014-09-17,14.220000267028809,14.220000267028809,14.15999984741211,14.170000076293944,10.415785789489746,13900
2014-09-18,14.210000038146973,14.220000267028809,14.119999885559082,14.15999984741211,10.40843391418457,14800
2014-09-19,14.130000114440918,14.210000038146973,14.130000114440918,14.210000038146973,10.445188522338867,14200
2014-09-22,14.25,14.25,14.210000038146973,14.210000038146973,10.445188522338867,16700
2014-09-23,14.239999771118164,14.239999771118164,14.18000030517578,14.199999809265137,10.437835693359377,12600
2014-09-24,14.229999542236328,14.229999542236328,14.170000076293944,14.1899995803833,10.430485725402832,14400
2014-09-25,14.109999656677246,14.229999542236328,14.109999656677246,14.18000030517578,10.423136711120604,12200
2014-09-26,14.109999656677246,14.149999618530272,13.979999542236328,14.0600004196167,10.33492946624756,35100
2014-09-29,14.06999969482422,14.06999969482422,14.029999732971191,14.06999969482422,10.342277526855469,27700
2014-09-30,14.06999969482422,14.100000381469728,14.039999961853027,14.100000381469728,10.36432933807373,12500
2014-10-01,14.109999656677246,14.220000267028809,14.100000381469728,14.1899995803833,10.430485725402832,29000
2014-10-02,14.229999542236328,14.229999542236328,14.100000381469728,14.140000343322754,10.393733024597168,9200
2014-10-03,14.079999923706056,14.130000114440918,14.079999923706056,14.109999656677246,10.371682167053224,12800
2014-10-06,14.100000381469728,14.140000343322754,14.100000381469728,14.140000343322754,10.393733024597168,14800
2014-10-07,14.100000381469728,14.15999984741211,14.100000381469728,14.140000343322754,10.393733024597168,11200
2014-10-08,14.079999923706056,14.15999984741211,14.079999923706056,14.149999618530272,10.401083946228027,63300
2014-10-09,14.149999618530272,14.170000076293944,14.0600004196167,14.06999969482422,10.342277526855469,14700
2014-10-10,14.0600004196167,14.09000015258789,13.949999809265137,13.949999809265137,10.254071235656738,16300
2014-10-13,13.9399995803833,14.010000228881836,13.9399995803833,13.989999771118164,10.28347396850586,11300
2014-10-14,13.960000038146973,14.06999969482422,13.949999809265137,14.06999969482422,10.342277526855469,17500
2014-10-15,13.949999809265137,14.0,13.949999809265137,13.979999542236328,10.276126861572266,32000
2014-10-16,13.949999809265137,14.0600004196167,13.949999809265137,14.020000457763672,10.305526733398438,73400
2014-10-17,14.06999969482422,14.199999809265137,14.0600004196167,14.079999923706056,10.349627494812012,8600
2014-10-20,14.079999923706056,14.220000267028809,14.0600004196167,14.15999984741211,10.40843391418457,12200
2014-10-21,14.15999984741211,14.279999732971191,14.15999984741211,14.210000038146973,10.445188522338867,13900
2014-10-22,14.199999809265137,14.300000190734863,14.15999984741211,14.220000267028809,10.45253849029541,25600
2014-10-23,14.220000267028809,14.260000228881836,14.1899995803833,14.25,10.474587440490724,32700
2014-10-24,14.3100004196167,14.31999969482422,14.289999961853027,14.300000190734863,10.511343955993652,13700
2014-10-27,14.31999969482422,14.34000015258789,14.31999969482422,14.329999923706056,10.53339672088623,2200
2014-10-28,14.390000343322754,14.390000343322754,14.300000190734863,14.300000190734863,10.511343955993652,11300
2014-10-29,14.359999656677246,14.359999656677246,14.279999732971191,14.3100004196167,10.518693923950195,6100
2014-10-30,14.279999732971191,14.350000381469728,14.279999732971191,14.329999923706056,10.53339672088623,5900
2014-10-31,14.329999923706056,14.390000343322754,14.270000457763672,14.289999961853027,10.503992080688477,17200
2014-11-03,14.329999923706056,14.390000343322754,14.329999923706056,14.390000343322754,10.577497482299805,15600
2014-11-04,14.350000381469728,14.380000114440918,14.34000015258789,14.34000015258789,10.54074764251709,34800
2014-11-05,14.399999618530272,14.399999618530272,14.25,14.260000228881836,10.481941223144531,34200
2014-11-06,14.270000457763672,14.289999961853027,14.260000228881836,14.279999732971191,10.4966402053833,18300
2014-11-07,14.239999771118164,14.399999618530272,14.239999771118164,14.270000457763672,10.48929214477539,36400
2014-11-10,14.270000457763672,14.3100004196167,14.25,14.260000228881836,10.481941223144531,16500
2014-11-11,14.25,14.3100004196167,14.25,14.260000228881836,10.481941223144531,23500
2014-11-12,14.270000457763672,14.3100004196167,14.25,14.270000457763672,10.48929214477539,20100
2014-11-13,14.260000228881836,14.3100004196167,14.260000228881836,14.279999732971191,10.4966402053833,23500
2014-11-14,14.31999969482422,14.329999923706056,14.25,14.3100004196167,10.518693923950195,16100
2014-11-17,14.31999969482422,14.31999969482422,14.25,14.25,10.474587440490724,23900
2014-11-18,14.289999961853027,14.329999923706056,14.260000228881836,14.289999961853027,10.503992080688477,23600
2014-11-19,14.260000228881836,14.329999923706056,14.260000228881836,14.329999923706056,10.53339672088623,16000
2014-11-20,14.31999969482422,14.369999885559082,14.300000190734863,14.359999656677246,10.555447578430176,8400
2014-11-21,14.359999656677246,14.449999809265137,14.359999656677246,14.40999984741211,10.592201232910156,22200
2014-11-24,14.420000076293944,14.5,14.420000076293944,14.5,10.658354759216309,10900
2014-11-25,14.5,14.520000457763672,14.470000267028809,14.520000457763672,10.673054695129396,5700
2014-11-26,14.510000228881836,14.539999961853027,14.489999771118164,14.520000457763672,10.673054695129396,11900
2014-11-28,14.489999771118164,14.520000457763672,14.460000038146973,14.520000457763672,10.673054695129396,8900
2014-12-01,14.470000267028809,14.539999961853027,14.43000030517578,14.470000267028809,10.636303901672363,11700
2014-12-02,14.460000038146973,14.479999542236328,14.420000076293944,14.43000030517578,10.60689926147461,26900
2014-12-03,14.380000114440918,14.43000030517578,14.359999656677246,14.390000343322754,10.577497482299805,17800
2014-12-04,14.34000015258789,14.4399995803833,14.279999732971191,14.300000190734863,10.511343955993652,56300
2014-12-05,14.300000190734863,14.350000381469728,14.260000228881836,14.289999961853027,10.503992080688477,22400
2014-12-08,14.34000015258789,14.34000015258789,14.199999809265137,14.210000038146973,10.445188522338867,36500
2014-12-09,14.029999732971191,14.170000076293944,13.9399995803833,14.020000457763672,10.483323097229004,69200
2014-12-10,14.0,14.100000381469728,14.0,14.039999961853027,10.498276710510254,38000
2014-12-11,14.0,14.399999618530272,14.0,14.170000076293944,10.595484733581545,44100
2014-12-12,14.119999885559082,14.1899995803833,14.09000015258789,14.170000076293944,10.595484733581545,25300
2014-12-15,14.279999732971191,14.3100004196167,13.970000267028809,14.06999969482422,10.520708084106444,27700
2014-12-16,14.020000457763672,14.020000457763672,13.869999885559082,13.960000038146973,10.438456535339355,18200
2014-12-17,14.0,14.050000190734863,13.960000038146973,14.050000190734863,10.505756378173828,17200
2014-12-18,14.050000190734863,14.699999809265137,14.020000457763672,14.1899995803833,10.610438346862791,37600
2014-12-19,14.149999618530272,14.220000267028809,14.079999923706056,14.220000267028809,10.6328706741333,23500
2014-12-22,14.149999618530272,14.239999771118164,14.149999618530272,14.220000267028809,10.6328706741333,13800
2014-12-23,14.420000076293944,14.470000267028809,14.170000076293944,14.289999961853027,10.685213088989258,30000
2014-12-24,14.25,14.300000190734863,14.25,14.270000457763672,10.670258522033691,20300
2014-12-26,14.239999771118164,14.390000343322754,14.239999771118164,14.390000343322754,10.75998592376709,15300
2014-12-29,14.329999923706056,14.40999984741211,14.329999923706056,14.369999885559082,10.74502944946289,17100
2014-12-30,14.359999656677246,14.359999656677246,14.079999923706056,14.25,10.65530014038086,18800
2014-12-31,14.34000015258789,14.34000015258789,14.210000038146973,14.289999961853027,10.685213088989258,15700
2015-01-02,14.300000190734863,14.369999885559082,14.270000457763672,14.369999885559082,10.74502944946289,29700
2015-01-05,14.359999656677246,14.359999656677246,14.210000038146973,14.34000015258789,10.722601890563965,37000
2015-01-06,14.300000190734863,14.34000015258789,14.199999809265137,14.289999961853027,10.685213088989258,8400
2015-01-07,14.31999969482422,14.369999885559082,14.260000228881836,14.260000228881836,10.662781715393066,22900
2015-01-08,14.279999732971191,14.34000015258789,14.239999771118164,14.279999732971191,10.677734375,15000
2015-01-09,14.270000457763672,14.3100004196167,14.25,14.279999732971191,10.677734375,12300
2015-01-12,14.260000228881836,14.289999961853027,14.260000228881836,14.279999732971191,10.677734375,13100
2015-01-13,14.3100004196167,14.369999885559082,14.289999961853027,14.369999885559082,10.74502944946289,16000
2015-01-14,14.3100004196167,14.369999885559082,14.3100004196167,14.34000015258789,10.722601890563965,13300
2015-01-15,14.31999969482422,14.329999923706056,14.270000457763672,14.289999961853027,10.685213088989258,31900
2015-01-16,14.260000228881836,14.380000114440918,14.260000228881836,14.380000114440918,10.75251007080078,13400
2015-01-20,14.109999656677246,14.420000076293944,14.109999656677246,14.25,10.65530014038086,64900
2015-01-21,14.25,14.289999961853027,14.229999542236328,14.270000457763672,10.670258522033691,23400
2015-01-22,14.3100004196167,14.34000015258789,14.289999961853027,14.31999969482422,10.7076416015625,7400
2015-01-23,14.31999969482422,14.350000381469728,14.3100004196167,14.3100004196167,10.700167655944824,6500
2015-01-26,14.239999771118164,14.329999923706056,14.239999771118164,14.329999923706056,10.715124130249023,4800
2015-01-27,14.229999542236328,14.279999732971191,14.229999542236328,14.260000228881836,10.662781715393066,6000
2015-01-28,14.289999961853027,14.329999923706056,14.289999961853027,14.300000190734863,10.6926908493042,8300
2015-01-29,14.329999923706056,14.350000381469728,14.279999732971191,14.350000381469728,10.730077743530272,16000
2015-01-30,14.350000381469728,14.420000076293944,14.34000015258789,14.40999984741211,10.774943351745604,14300
2015-02-02,14.390000343322754,14.420000076293944,14.380000114440918,14.399999618530272,10.767463684082031,17600
2015-02-03,14.420000076293944,14.470000267028809,14.359999656677246,14.359999656677246,10.737554550170898,29200
2015-02-04,14.380000114440918,14.399999618530272,14.350000381469728,14.350000381469728,10.730077743530272,15500
2015-02-05,14.40999984741211,14.40999984741211,14.34000015258789,14.369999885559082,10.74502944946289,15800
2015-02-06,14.34000015258789,14.369999885559082,14.300000190734863,14.3100004196167,10.700167655944824,17900
2015-02-09,14.34000015258789,14.380000114440918,14.289999961853027,14.300000190734863,10.6926908493042,16800
2015-02-10,14.31999969482422,14.31999969482422,14.25,14.25,10.65530014038086,21500
2015-02-11,14.229999542236328,14.289999961853027,14.229999542236328,14.289999961853027,10.685213088989258,17700
2015-02-12,14.289999961853027,14.34000015258789,14.279999732971191,14.279999732971191,10.677734375,11800
2015-02-13,14.270000457763672,14.300000190734863,14.220000267028809,14.220000267028809,10.6328706741333,16200
2015-02-17,14.210000038146973,14.239999771118164,14.09000015258789,14.100000381469728,10.543140411376951,29100
2015-02-18,14.109999656677246,14.140000343322754,14.100000381469728,14.109999656677246,10.550620079040527,26700
2015-02-19,14.119999885559082,14.149999618530272,14.100000381469728,14.119999885559082,10.558096885681152,11400
2015-02-20,14.130000114440918,14.1899995803833,14.109999656677246,14.149999618530272,10.58052921295166,16700
2015-02-23,14.170000076293944,14.25,14.170000076293944,14.239999771118164,10.647825241088867,15000
2015-02-24,14.170000076293944,14.300000190734863,14.170000076293944,14.300000190734863,10.6926908493042,12800
2015-02-25,14.300000190734863,14.380000114440918,14.289999961853027,14.359999656677246,10.737554550170898,18200
2015-02-26,14.3100004196167,14.34000015258789,14.300000190734863,14.31999969482422,10.7076416015625,16300
2015-02-27,14.279999732971191,14.350000381469728,14.270000457763672,14.350000381469728,10.730077743530272,10200
2015-03-02,14.329999923706056,14.329999923706056,14.279999732971191,14.31999969482422,10.7076416015625,18200
2015-03-03,14.289999961853027,14.34000015258789,14.270000457763672,14.31999969482422,10.7076416015625,42100
2015-03-04,14.300000190734863,14.350000381469728,14.300000190734863,14.300000190734863,10.6926908493042,13200
2015-03-05,14.300000190734863,14.329999923706056,14.300000190734863,14.329999923706056,10.715124130249023,11700
2015-03-06,14.300000190734863,14.34000015258789,14.239999771118164,14.239999771118164,10.647825241088867,25600
2015-03-09,14.220000267028809,14.260000228881836,14.220000267028809,14.229999542236328,10.640348434448242,19500
2015-03-10,14.100000381469728,14.1899995803833,14.06999969482422,14.100000381469728,10.708703994750977,23800
2015-03-11,14.050000190734863,14.100000381469728,14.029999732971191,14.029999732971191,10.655537605285645,25100
2015-03-12,14.039999961853027,14.079999923706056,14.039999961853027,14.0600004196167,10.678322792053224,11500
2015-03-13,14.050000190734863,14.0600004196167,14.0,14.039999961853027,10.663134574890137,15700
2015-03-16,14.029999732971191,14.079999923706056,14.029999732971191,14.0600004196167,10.678322792053224,15600
2015-03-17,14.039999961853027,14.109999656677246,14.039999961853027,14.079999923706056,10.693511009216309,13900
2015-03-18,14.079999923706056,14.109999656677246,14.039999961853027,14.109999656677246,10.71629524230957,12500
2015-03-19,14.109999656677246,14.149999618530272,14.109999656677246,14.140000343322754,10.739081382751465,16500
2015-03-20,14.109999656677246,14.18000030517578,14.109999656677246,14.149999618530272,10.746674537658691,16800
2015-03-23,14.170000076293944,14.220000267028809,14.149999618530272,14.210000038146973,10.79224681854248,13900
2015-03-24,14.229999542236328,14.289999961853027,14.199999809265137,14.289999961853027,10.85300636291504,20500
2015-03-25,14.289999961853027,14.31999969482422,14.220000267028809,14.239999771118164,10.815028190612791,8000
2015-03-26,14.229999542236328,14.279999732971191,14.199999809265137,14.210000038146973,10.79224681854248,17600
2015-03-27,14.170000076293944,14.260000228881836,14.170000076293944,14.239999771118164,10.815028190612791,11200
2015-03-30,14.210000038146973,14.279999732971191,14.210000038146973,14.239999771118164,10.815028190612791,12600
2015-03-31,14.25,14.3100004196167,14.239999771118164,14.3100004196167,10.868193626403809,21200
2015-04-01,14.31999969482422,14.489999771118164,14.279999732971191,14.460000038146973,10.982115745544434,44800
2015-04-02,14.40999984741211,14.449999809265137,14.390000343322754,14.399999618530272,10.936546325683594,10600
2015-04-06,14.350000381469728,14.390000343322754,14.3100004196167,14.350000381469728,10.898571968078612,25900
2015-04-07,14.31999969482422,14.329999923706056,14.3100004196167,14.329999923706056,10.883381843566896,10400
2015-04-08,14.31999969482422,14.420000076293944,14.31999969482422,14.329999923706056,10.883381843566896,22400
2015-04-09,14.31999969482422,14.34000015258789,14.31999969482422,14.31999969482422,10.87578582763672,18200
2015-04-10,14.34000015258789,14.359999656677246,14.329999923706056,14.329999923706056,10.883381843566896,2700
2015-04-13,14.34000015258789,14.380000114440918,14.34000015258789,14.359999656677246,10.906167030334473,18300
2015-04-14,14.34000015258789,14.380000114440918,14.34000015258789,14.369999885559082,10.913761138916016,20100
2015-04-15,14.369999885559082,14.369999885559082,14.350000381469728,14.350000381469728,10.898571968078612,14200
2015-04-16,14.369999885559082,14.369999885559082,14.34000015258789,14.34000015258789,10.890979766845703,14100
2015-04-17,14.3100004196167,14.359999656677246,14.300000190734863,14.300000190734863,10.860596656799316,13400
2015-04-20,14.300000190734863,14.369999885559082,14.300000190734863,14.31999969482422,10.87578582763672,15700
2015-04-21,14.329999923706056,14.350000381469728,14.31999969482422,14.31999969482422,10.87578582763672,16900
2015-04-22,14.31999969482422,14.369999885559082,14.31999969482422,14.34000015258789,10.890979766845703,19700
2015-04-23,14.350000381469728,14.390000343322754,14.31999969482422,14.329999923706056,10.883381843566896,14300
2015-04-24,14.34000015258789,14.369999885559082,14.31999969482422,14.359999656677246,10.906167030334473,17200
2015-04-27,14.380000114440918,14.40999984741211,14.350000381469728,14.359999656677246,10.906167030334473,22200
2015-04-28,14.350000381469728,14.390000343322754,14.350000381469728,14.380000114440918,10.921357154846191,13700
2015-04-29,14.350000381469728,14.380000114440918,14.329999923706056,14.34000015258789,10.890979766845703,14000
2015-04-30,14.350000381469728,14.369999885559082,14.329999923706056,14.34000015258789,10.890979766845703,5400
2015-05-01,14.369999885559082,14.369999885559082,14.3100004196167,14.3100004196167,10.868193626403809,8600
2015-05-04,14.3100004196167,14.34000015258789,14.3100004196167,14.329999923706056,10.883381843566896,26900
2015-05-05,14.31999969482422,14.329999923706056,14.3100004196167,14.3100004196167,10.868193626403809,37600
2015-05-06,14.300000190734863,14.300000190734863,14.170000076293944,14.18000030517578,10.769460678100586,22700
2015-05-07,14.18000030517578,14.210000038146973,14.18000030517578,14.210000038146973,10.79224681854248,21200
2015-05-08,14.260000228881836,14.329999923706056,14.260000228881836,14.270000457763672,10.837813377380373,5200
2015-05-11,14.270000457763672,14.279999732971191,14.210000038146973,14.210000038146973,10.79224681854248,12900
2015-05-12,14.170000076293944,14.239999771118164,14.15999984741211,14.229999542236328,10.8074369430542,6300
2015-05-13,14.199999809265137,14.229999542236328,14.140000343322754,14.149999618530272,10.746674537658691,12600
2015-05-14,14.170000076293944,14.210000038146973,14.170000076293944,14.1899995803833,10.777055740356444,7100
2015-05-15,14.15999984741211,14.270000457763672,14.15999984741211,14.270000457763672,10.837813377380373,15200
2015-05-18,14.229999542236328,14.229999542236328,14.199999809265137,14.199999809265137,10.784648895263672,5000
2015-05-19,14.18000030517578,14.239999771118164,14.18000030517578,14.220000267028809,10.79983901977539,9800
2015-05-20,14.18000030517578,14.210000038146973,14.18000030517578,14.199999809265137,10.784648895263672,30200
2015-05-21,14.199999809265137,14.270000457763672,14.199999809265137,14.210000038146973,10.79224681854248,13800
2015-05-22,14.220000267028809,14.229999542236328,14.199999809265137,14.229999542236328,10.8074369430542,13400
2015-05-26,14.199999809265137,14.229999542236328,14.18000030517578,14.229999542236328,10.8074369430542,33600
2015-05-27,14.220000267028809,14.3100004196167,14.220000267028809,14.3100004196167,10.868193626403809,12300
2015-05-28,14.300000190734863,14.3100004196167,14.279999732971191,14.300000190734863,10.860596656799316,34100
2015-05-29,14.279999732971191,14.300000190734863,14.279999732971191,14.300000190734863,10.860596656799316,32800
2015-06-01,14.300000190734863,14.31999969482422,14.279999732971191,14.31999969482422,10.87578582763672,9200
2015-06-02,14.270000457763672,14.3100004196167,14.239999771118164,14.270000457763672,10.837813377380373,7800
2015-06-03,14.239999771118164,14.239999771118164,14.199999809265137,14.199999809265137,10.784648895263672,12200
2015-06-04,14.18000030517578,14.279999732971191,14.18000030517578,14.220000267028809,10.79983901977539,19100
2015-06-05,14.1899995803833,14.199999809265137,14.18000030517578,14.18000030517578,10.769460678100586,17300
2015-06-08,14.15999984741211,14.170000076293944,14.100000381469728,14.170000076293944,10.761865615844728,13400
2015-06-09,14.029999732971191,14.0600004196167,14.0,14.020000457763672,10.814319610595703,24100
2015-06-10,14.0,14.039999961853027,13.899999618530272,13.899999618530272,10.721755981445312,13700
2015-06-11,13.880000114440918,13.9399995803833,13.859999656677246,13.899999618530272,10.721755981445312,15300
2015-06-12,13.899999618530272,13.949999809265137,13.899999618530272,13.920000076293944,10.737183570861816,10300
2015-06-15,13.899999618530272,13.9399995803833,13.899999618530272,13.920000076293944,10.737183570861816,12400
2015-06-16,13.920000076293944,13.970000267028809,13.920000076293944,13.920000076293944,10.737183570861816,21400
2015-06-17,13.899999618530272,13.960000038146973,13.899999618530272,13.899999618530272,10.721755981445312,14900
2015-06-18,13.899999618530272,13.920000076293944,13.890000343322754,13.899999618530272,10.721755981445312,12900
2015-06-19,13.899999618530272,13.979999542236328,13.899999618530272,13.960000038146973,10.768036842346191,11200
2015-06-22,13.960000038146973,13.960000038146973,13.9399995803833,13.9399995803833,10.752609252929688,20100
2015-06-23,13.949999809265137,13.989999771118164,13.920000076293944,13.9399995803833,10.752609252929688,24500
2015-06-24,13.960000038146973,13.989999771118164,13.93000030517578,13.949999809265137,10.760321617126465,12400
2015-06-25,13.949999809265137,13.960000038146973,13.890000343322754,13.920000076293944,10.737183570861816,21400
2015-06-26,13.920000076293944,13.920000076293944,13.850000381469728,13.880000114440918,10.706328392028809,23000
2015-06-29,13.899999618530272,13.920000076293944,13.829999923706056,13.899999618530272,10.721755981445312,31800
2015-06-30,13.949999809265137,13.949999809265137,13.859999656677246,13.90999984741211,10.729469299316406,13400
2015-07-01,13.9399995803833,13.949999809265137,13.869999885559082,13.890000343322754,10.714040756225586,32900
2015-07-02,13.880000114440918,13.93000030517578,13.880000114440918,13.90999984741211,10.729469299316406,6800
2015-07-06,13.920000076293944,13.9399995803833,13.899999618530272,13.899999618530272,10.721755981445312,249200
2015-07-07,13.920000076293944,13.960000038146973,13.890000343322754,13.960000038146973,10.768036842346191,19600
2015-07-08,13.920000076293944,14.0,13.8100004196167,13.960000038146973,10.768036842346191,41700
2015-07-09,13.93000030517578,13.970000267028809,13.920000076293944,13.920000076293944,10.737183570861816,18900
2015-07-10,13.899999618530272,13.90999984741211,13.859999656677246,13.880000114440918,10.706328392028809,14900
2015-07-13,13.869999885559082,13.890000343322754,13.829999923706056,13.84000015258789,10.675475120544434,14400
2015-07-14,13.850000381469728,13.869999885559082,13.829999923706056,13.84000015258789,10.675475120544434,26500
2015-07-15,13.829999923706056,13.869999885559082,13.81999969482422,13.829999923706056,10.667759895324709,12500
2015-07-16,13.800000190734863,13.890000343322754,13.800000190734863,13.859999656677246,10.69090175628662,27600
2015-07-17,13.869999885559082,13.899999618530272,13.850000381469728,13.880000114440918,10.706328392028809,23800
2015-07-20,13.859999656677246,13.869999885559082,13.779999732971191,13.789999961853027,10.636906623840332,19900
2015-07-21,13.720000267028809,13.800000190734863,13.720000267028809,13.789999961853027,10.636906623840332,12200
2015-07-22,13.779999732971191,13.869999885559082,13.779999732971191,13.850000381469728,10.683189392089844,12900
2015-07-23,13.880000114440918,13.949999809265137,13.850000381469728,13.949999809265137,10.760321617126465,11600
2015-07-24,13.949999809265137,13.970000267028809,13.93000030517578,13.9399995803833,10.752609252929688,2500
2015-07-27,13.899999618530272,13.920000076293944,13.729999542236328,13.75,10.60605239868164,11700
2015-07-28,13.729999542236328,13.800000190734863,13.729999542236328,13.789999961853027,10.636906623840332,17300
2015-07-29,13.779999732971191,13.979999542236328,13.770000457763672,13.970000267028809,10.775750160217283,17500
2015-07-30,13.93000030517578,13.93000030517578,13.789999961853027,13.800000190734863,10.644619941711426,9100
2015-07-31,13.8100004196167,14.0,13.8100004196167,13.850000381469728,10.683189392089844,19000
2015-08-03,13.829999923706056,14.020000457763672,13.829999923706056,13.960000038146973,10.768036842346191,20800
2015-08-04,13.960000038146973,13.960000038146973,13.880000114440918,13.890000343322754,10.714040756225586,11800
2015-08-05,13.920000076293944,13.920000076293944,13.850000381469728,13.890000343322754,10.714040756225586,10900
2015-08-06,13.880000114440918,13.90999984741211,13.850000381469728,13.880000114440918,10.706328392028809,10000
2015-08-07,13.890000343322754,13.890000343322754,13.739999771118164,13.770000457763672,10.621479034423828,33800
2015-08-10,13.75,13.829999923706056,13.75,13.770000457763672,10.621479034423828,24300
2015-08-11,13.779999732971191,13.890000343322754,13.760000228881836,13.850000381469728,10.683189392089844,15900
2015-08-12,13.84000015258789,13.9399995803833,13.84000015258789,13.899999618530272,10.721755981445312,16700
2015-08-13,13.899999618530272,13.93000030517578,13.859999656677246,13.859999656677246,10.69090175628662,12500
2015-08-14,13.84000015258789,13.869999885559082,13.829999923706056,13.829999923706056,10.667759895324709,5500
2015-08-17,13.81999969482422,13.859999656677246,13.800000190734863,13.81999969482422,10.660045623779297,7300
2015-08-18,13.800000190734863,13.949999809265137,13.779999732971191,13.779999732971191,10.629194259643556,11900
2015-08-19,13.779999732971191,13.880000114440918,13.770000457763672,13.779999732971191,10.629194259643556,24300
2015-08-20,13.75,13.829999923706056,13.739999771118164,13.75,10.60605239868164,17700
2015-08-21,13.75,13.770000457763672,13.710000038146973,13.720000267028809,10.582913398742676,16600
2015-08-24,13.56999969482422,13.56999969482422,13.5,13.550000190734863,10.4517822265625,79300
2015-08-25,13.550000190734863,13.640000343322754,13.550000190734863,13.630000114440918,10.51348876953125,21400
2015-08-26,13.609999656677246,13.619999885559082,13.529999732971191,13.579999923706056,10.474923133850098,22100
2015-08-27,13.579999923706056,13.600000381469728,13.550000190734863,13.56999969482422,10.46721076965332,14100
2015-08-28,13.529999732971191,13.619999885559082,13.529999732971191,13.609999656677246,10.49806308746338,22700
2015-08-31,13.600000381469728,13.65999984741211,13.579999923706056,13.630000114440918,10.51348876953125,21100
2015-09-01,13.600000381469728,13.779999732971191,13.600000381469728,13.779999732971191,10.629194259643556,8700
2015-09-02,13.75,13.75,13.649999618530272,13.68000030517578,10.5520601272583,15100
2015-09-03,13.68000030517578,13.710000038146973,13.68000030517578,13.68000030517578,10.5520601272583,13000
2015-09-04,13.68000030517578,13.75,13.68000030517578,13.710000038146973,10.575200080871582,12400
2015-09-08,13.710000038146973,13.81999969482422,13.68000030517578,13.789999961853027,10.636906623840332,16600
2015-09-09,13.56999969482422,13.59000015258789,13.56999969482422,13.56999969482422,10.63533878326416,21400
2015-09-10,13.56999969482422,13.979999542236328,13.56999969482422,13.68000030517578,10.721550941467283,18600
2015-09-11,13.68000030517578,13.710000038146973,13.600000381469728,13.699999809265137,10.737223625183104,21600
2015-09-14,13.729999542236328,13.760000228881836,13.710000038146973,13.75,10.776412010192873,12400
2015-09-15,13.699999809265137,13.779999732971191,13.699999809265137,13.699999809265137,10.737223625183104,25800
2015-09-16,13.649999618530272,13.649999618530272,13.600000381469728,13.600000381469728,10.65885066986084,48900
2015-09-17,13.649999618530272,13.720000267028809,13.600000381469728,13.699999809265137,10.737223625183104,6600
2015-09-18,13.65999984741211,13.739999771118164,13.65999984741211,13.729999542236328,10.760738372802734,20000
2015-09-21,13.779999732971191,13.789999961853027,13.729999542236328,13.739999771118164,10.76857566833496,8300
2015-09-22,13.75,13.75,13.710000038146973,13.75,10.776412010192873,10200
2015-09-23,13.739999771118164,13.890000343322754,13.739999771118164,13.84000015258789,10.846949577331545,14000
2015-09-24,13.800000190734863,13.899999618530272,13.800000190734863,13.84000015258789,10.846949577331545,10700
2015-09-25,13.859999656677246,13.949999809265137,13.81999969482422,13.81999969482422,10.831275939941406,14900
2015-09-28,13.829999923706056,13.84000015258789,13.760000228881836,13.84000015258789,10.846949577331545,28200
2015-09-29,13.899999618530272,13.979999542236328,13.779999732971191,13.859999656677246,10.86262321472168,26700
2015-09-30,13.93000030517578,13.989999771118164,13.84000015258789,13.9399995803833,10.925323486328123,10200
2015-10-01,13.989999771118164,14.34000015258789,13.899999618530272,14.149999618530272,11.0899076461792,27900
2015-10-02,14.149999618530272,14.149999618530272,13.899999618530272,13.90999984741211,10.901811599731444,10100
2015-10-05,13.9399995803833,13.989999771118164,13.850000381469728,13.859999656677246,10.86262321472168,6000
2015-10-06,13.829999923706056,13.880000114440918,13.800000190734863,13.800000190734863,10.815600395202637,8900
2015-10-07,13.800000190734863,13.84000015258789,13.789999961853027,13.8100004196167,10.823436737060549,7800
2015-10-08,13.829999923706056,13.859999656677246,13.720000267028809,13.859999656677246,10.86262321472168,20900
2015-10-09,13.81999969482422,13.890000343322754,13.81999969482422,13.880000114440918,10.878300666809082,8200
2015-10-12,13.850000381469728,13.890000343322754,13.850000381469728,13.880000114440918,10.878300666809082,4500
2015-10-13,13.890000343322754,13.920000076293944,13.890000343322754,13.920000076293944,10.909649848937988,5700
2015-10-14,13.890000343322754,13.949999809265137,13.890000343322754,13.93000030517578,10.917485237121582,18200
2015-10-15,13.960000038146973,13.979999542236328,13.9399995803833,13.960000038146973,10.940997123718262,4600
2015-10-16,13.949999809265137,14.149999618530272,13.949999809265137,14.09000015258789,11.042884826660156,11000
2015-10-19,14.050000190734863,14.149999618530272,14.050000190734863,14.109999656677246,11.058560371398926,10200
2015-10-20,14.109999656677246,14.220000267028809,14.100000381469728,14.1899995803833,11.121257781982422,7000
2015-10-21,14.1899995803833,14.239999771118164,14.15999984741211,14.199999809265137,11.12909698486328,12500
2015-10-22,14.199999809265137,14.260000228881836,14.199999809265137,14.199999809265137,11.12909698486328,6600
2015-10-23,14.199999809265137,14.210000038146973,14.0600004196167,14.0600004196167,11.01937198638916,11500
2015-10-26,14.020000457763672,14.020000457763672,13.949999809265137,13.949999809265137,10.933159828186035,5700
2015-10-27,13.960000038146973,13.979999542236328,13.899999618530272,13.920000076293944,10.909649848937988,22400
2015-10-28,13.970000267028809,13.970000267028809,13.899999618530272,13.949999809265137,10.933159828186035,5100
2015-10-29,13.949999809265137,13.949999809265137,13.880000114440918,13.880000114440918,10.878300666809082,6800
2015-10-30,13.859999656677246,13.890000343322754,13.850000381469728,13.859999656677246,10.86262321472168,6500
2015-11-02,13.829999923706056,13.90999984741211,13.829999923706056,13.829999923706056,10.839112281799316,18800
2015-11-03,13.84000015258789,13.84000015258789,13.84000015258789,13.84000015258789,10.846949577331545,4100
2015-11-04,13.869999885559082,13.869999885559082,13.81999969482422,13.81999969482422,10.831275939941406,12500
2015-11-05,13.81999969482422,13.859999656677246,13.81999969482422,13.829999923706056,10.839112281799316,12200
2015-11-06,13.829999923706056,13.829999923706056,13.8100004196167,13.8100004196167,10.823436737060549,9000
2015-11-09,13.789999961853027,13.789999961853027,13.75,13.75,10.776412010192873,20600
2015-11-10,13.710000038146973,13.81999969482422,13.710000038146973,13.739999771118164,10.76857566833496,9700
2015-11-11,13.6899995803833,13.710000038146973,13.600000381469728,13.65999984741211,10.705876350402832,14100
2015-11-12,13.609999656677246,13.619999885559082,13.329999923706056,13.5600004196167,10.62750244140625,37400
2015-11-13,13.56999969482422,13.619999885559082,13.56999969482422,13.600000381469728,10.65885066986084,11500
2015-11-16,13.630000114440918,13.630000114440918,13.5600004196167,13.609999656677246,10.666688919067385,15800
2015-11-17,13.65999984741211,13.65999984741211,13.56999969482422,13.59000015258789,10.651013374328612,17500
2015-11-18,13.59000015258789,13.710000038146973,13.520000457763672,13.520000457763672,10.596152305603027,15700
2015-11-19,13.510000228881836,13.539999961853027,13.5,13.539999961853027,10.611828804016112,19400
2015-11-20,13.579999923706056,13.579999923706056,13.529999732971191,13.539999961853027,10.611828804016112,16300
2015-11-23,13.539999961853027,13.59000015258789,13.539999961853027,13.579999923706056,10.64317512512207,20900
2015-11-24,13.5600004196167,13.65999984741211,13.5600004196167,13.630000114440918,10.682365417480469,16900
2015-11-25,13.619999885559082,13.630000114440918,13.59000015258789,13.600000381469728,10.65885066986084,17800
2015-11-27,13.579999923706056,13.630000114440918,13.579999923706056,13.609999656677246,10.666688919067385,4800
2015-11-30,13.600000381469728,13.670000076293944,13.59000015258789,13.649999618530272,10.698039054870604,16500
2015-12-01,13.649999618530272,13.760000228881836,13.649999618530272,13.6899995803833,10.729387283325195,16100
2015-12-02,13.68000030517578,13.6899995803833,13.670000076293944,13.670000076293944,10.71371364593506,9900
2015-12-03,13.649999618530272,13.6899995803833,13.619999885559082,13.640000343322754,10.69020175933838,22000
2015-12-04,13.609999656677246,13.65999984741211,13.609999656677246,13.649999618530272,10.698039054870604,17900
2015-12-07,13.630000114440918,13.65999984741211,13.609999656677246,13.619999885559082,10.674528121948242,27900
2015-12-08,13.630000114440918,13.670000076293944,13.5600004196167,13.619999885559082,10.674528121948242,14100
2015-12-09,13.449999809265137,13.460000038146973,13.390000343322754,13.399999618530272,10.673728942871094,14900
2015-12-10,13.350000381469728,13.460000038146973,13.350000381469728,13.420000076293944,10.68966007232666,18400
2015-12-11,13.449999809265137,13.460000038146973,13.329999923706056,13.329999923706056,10.617972373962402,18300
2015-12-14,13.3100004196167,13.31999969482422,13.010000228881836,13.029999732971191,10.379009246826172,43100
2015-12-15,13.020000457763672,13.229999542236328,13.010000228881836,13.170000076293944,10.490524291992188,14300
2015-12-16,13.18000030517578,13.3100004196167,13.15999984741211,13.300000190734863,10.594076156616213,26700
2015-12-17,13.300000190734863,13.399999618530272,13.300000190734863,13.380000114440918,10.657797813415527,27100
2015-12-18,13.380000114440918,13.449999809265137,13.359999656677246,13.449999809265137,10.713557243347168,6600
2015-12-21,13.4399995803833,13.4399995803833,13.359999656677246,13.369999885559082,10.64983367919922,11100
2015-12-22,13.359999656677246,13.40999984741211,13.350000381469728,13.380000114440918,10.657797813415527,8800
2015-12-23,13.369999885559082,13.489999771118164,13.369999885559082,13.479999542236328,10.73745346069336,5400
2015-12-24,13.420000076293944,13.470000267028809,13.359999656677246,13.460000038146973,10.721524238586426,10100
2015-12-28,13.470000267028809,13.5,13.399999618530272,13.489999771118164,10.745418548583984,12500
2015-12-29,13.489999771118164,13.489999771118164,13.4399995803833,13.449999809265137,10.713557243347168,3500
2015-12-30,13.43000030517578,13.449999809265137,13.34000015258789,13.369999885559082,10.64983367919922,25000
2015-12-31,12.989999771118164,13.4399995803833,12.989999771118164,13.43000030517578,10.697628021240234,92600
2016-01-04,13.380000114440918,13.449999809265137,13.300000190734863,13.399999618530272,10.673728942871094,27600
2016-01-05,13.470000267028809,13.5,13.369999885559082,13.420000076293944,10.68966007232666,16000
2016-01-06,13.390000343322754,13.470000267028809,13.390000343322754,13.40999984741211,10.681694984436035,14600
2016-01-07,13.420000076293944,13.489999771118164,13.420000076293944,13.4399995803833,10.705592155456545,31900
2016-01-08,13.460000038146973,13.59000015258789,13.4399995803833,13.460000038146973,10.721524238586426,18800
2016-01-11,13.460000038146973,13.520000457763672,13.449999809265137,13.460000038146973,10.721524238586426,30500
2016-01-12,13.460000038146973,13.460000038146973,13.420000076293944,13.4399995803833,10.705592155456545,15700
2016-01-13,13.43000030517578,13.5,13.399999618530272,13.470000267028809,10.72948932647705,37700
2016-01-14,13.449999809265137,13.529999732971191,13.43000030517578,13.470000267028809,10.72948932647705,18100
2016-01-15,13.3100004196167,13.619999885559082,13.050000190734863,13.380000114440918,10.657797813415527,23800
2016-01-19,13.380000114440918,13.399999618530272,13.229999542236328,13.25,10.554248809814451,14100
2016-01-20,13.199999809265137,13.270000457763672,13.170000076293944,13.270000457763672,10.570180892944336,33600
2016-01-21,13.380000114440918,13.600000381469728,13.34000015258789,13.59000015258789,10.8250732421875,11500
2016-01-22,13.59000015258789,13.600000381469728,13.300000190734863,13.300000190734863,10.594076156616213,10100
2016-01-25,13.289999961853027,13.300000190734863,13.25,13.279999732971191,10.578144073486328,10600
2016-01-26,13.3100004196167,13.399999618530272,13.3100004196167,13.399999618530272,10.673728942871094,5800
2016-01-27,13.359999656677246,13.359999656677246,13.260000228881836,13.260000228881836,10.562213897705078,8400
2016-01-28,13.260000228881836,13.350000381469728,13.260000228881836,13.3100004196167,10.602042198181152,23600
2016-01-29,13.3100004196167,13.40999984741211,13.300000190734863,13.390000343322754,10.665763854980469,31900
2016-02-01,13.329999923706056,13.43000030517578,13.329999923706056,13.420000076293944,10.68966007232666,18900
2016-02-02,13.4399995803833,13.529999732971191,13.40999984741211,13.420000076293944,10.68966007232666,55100
2016-02-03,13.43000030517578,13.489999771118164,13.43000030517578,13.449999809265137,10.713557243347168,7200
2016-02-04,13.43000030517578,13.479999542236328,13.43000030517578,13.449999809265137,10.713557243347168,8900
2016-02-05,13.470000267028809,13.470000267028809,13.420000076293944,13.4399995803833,10.705592155456545,18200
2016-02-08,13.390000343322754,13.40999984741211,13.34000015258789,13.34000015258789,10.625938415527344,35000
2016-02-09,13.300000190734863,13.390000343322754,13.300000190734863,13.390000343322754,10.665763854980469,31500
2016-02-10,13.390000343322754,13.420000076293944,13.359999656677246,13.369999885559082,10.64983367919922,9700
2016-02-11,13.34000015258789,13.539999961853027,13.34000015258789,13.510000228881836,10.76134967803955,30100
2016-02-12,13.479999542236328,13.529999732971191,13.4399995803833,13.529999732971191,10.777281761169434,7400
2016-02-16,13.56999969482422,13.56999969482422,13.390000343322754,13.40999984741211,10.681694984436035,9900
2016-02-17,13.449999809265137,13.529999732971191,13.40999984741211,13.449999809265137,10.713557243347168,13100
2016-02-18,13.43000030517578,13.449999809265137,13.43000030517578,13.449999809265137,10.713557243347168,3600
2016-02-19,13.43000030517578,13.489999771118164,13.43000030517578,13.470000267028809,10.72948932647705,13600
2016-02-22,13.449999809265137,13.460000038146973,13.43000030517578,13.43000030517578,10.697628021240234,29000
2016-02-23,13.4399995803833,13.510000228881836,13.4399995803833,13.470000267028809,10.72948932647705,5700
2016-02-24,13.4399995803833,13.630000114440918,13.4399995803833,13.579999923706056,10.817108154296877,13300
2016-02-25,13.550000190734863,13.579999923706056,13.449999809265137,13.56999969482422,10.809142112731934,7400
2016-02-26,13.5,13.609999656677246,13.479999542236328,13.5,10.753384590148926,10300
2016-02-29,13.520000457763672,13.630000114440918,13.5,13.56999969482422,10.809142112731934,32300
2016-03-01,13.56999969482422,13.56999969482422,13.43000030517578,13.5600004196167,10.801177024841309,46600
2016-03-02,13.479999542236328,13.479999542236328,13.449999809265137,13.460000038146973,10.721524238586426,12100
2016-03-03,13.479999542236328,13.619999885559082,13.470000267028809,13.550000190734863,10.793211936950684,16400
2016-03-04,13.56999969482422,13.619999885559082,13.5600004196167,13.619999885559082,10.848971366882324,14900
2016-03-07,13.59000015258789,13.59000015258789,13.529999732971191,13.5600004196167,10.801177024841309,9700
2016-03-08,13.529999732971191,13.640000343322754,13.529999732971191,13.56999969482422,10.809142112731934,33600
2016-03-09,13.479999542236328,13.539999961853027,13.4399995803833,13.470000267028809,10.88999080657959,30600
2016-03-10,13.489999771118164,13.489999771118164,13.460000038146973,13.479999542236328,10.898073196411133,12700
2016-03-11,13.5,13.550000190734863,13.5,13.510000228881836,10.92232608795166,34100
2016-03-14,13.510000228881836,13.550000190734863,13.5,13.510000228881836,10.92232608795166,19500
2016-03-15,13.479999542236328,13.550000190734863,13.470000267028809,13.539999961853027,10.946581840515137,23300
2016-03-16,13.550000190734863,13.56999969482422,13.510000228881836,13.529999732971191,10.938494682312012,11700
2016-03-17,13.5600004196167,13.609999656677246,13.550000190734863,13.59000015258789,10.987003326416016,18100
2016-03-18,13.56999969482422,13.630000114440918,13.56999969482422,13.630000114440918,11.019344329833984,4800
2016-03-21,13.640000343322754,13.850000381469728,13.630000114440918,13.770000457763672,11.132529258728027,41800
2016-03-22,13.710000038146973,13.789999961853027,13.710000038146973,13.739999771118164,11.108275413513184,10200
2016-03-23,13.760000228881836,13.8100004196167,13.760000228881836,13.800000190734863,11.156784057617188,4700
2016-03-24,13.760000228881836,13.779999732971191,13.739999771118164,13.760000228881836,11.124445915222168,4400
2016-03-28,13.739999771118164,13.899999618530272,13.739999771118164,13.899999618530272,11.237627029418944,7000
2016-03-29,13.880000114440918,13.899999618530272,13.850000381469728,13.890000343322754,11.22954273223877,4500
2016-03-30,13.880000114440918,13.899999618530272,13.84000015258789,13.890000343322754,11.22954273223877,5200
2016-03-31,13.93000030517578,13.93000030517578,13.869999885559082,13.90999984741211,11.24571132659912,12700
2016-04-01,13.949999809265137,14.1899995803833,13.949999809265137,14.130000114440918,11.423576354980469,25300
2016-04-04,14.130000114440918,14.130000114440918,14.06999969482422,14.06999969482422,11.375065803527832,19100
2016-04-05,14.050000190734863,14.0600004196167,13.979999542236328,14.020000457763672,11.33464527130127,6900
2016-04-06,13.93000030517578,14.020000457763672,13.880000114440918,13.989999771118164,11.31038761138916,14300
2016-04-07,13.970000267028809,14.0,13.960000038146973,13.960000038146973,11.286134719848633,12100
2016-04-08,14.010000228881836,14.020000457763672,13.949999809265137,13.970000267028809,11.294219970703123,12700
2016-04-11,13.960000038146973,14.020000457763672,13.9399995803833,13.979999542236328,11.302305221557615,3900
2016-04-12,13.949999809265137,14.0,13.9399995803833,13.989999771118164,11.31038761138916,8100
2016-04-13,13.9399995803833,13.989999771118164,13.920000076293944,13.989999771118164,11.31038761138916,25200
2016-04-14,13.960000038146973,13.979999542236328,13.93000030517578,13.979999542236328,11.302305221557615,6500
2016-04-15,13.989999771118164,13.989999771118164,13.899999618530272,13.93000030517578,11.261880874633787,4700
2016-04-18,13.9399995803833,14.079999923706056,13.9399995803833,14.050000190734863,11.35889720916748,13600
2016-04-19,14.079999923706056,14.149999618530272,14.0600004196167,14.079999923706056,11.38315200805664,6100
2016-04-20,14.130000114440918,14.149999618530272,14.050000190734863,14.06999969482422,11.375065803527832,13700
2016-04-21,14.09000015258789,14.130000114440918,14.0600004196167,14.100000381469728,11.399320602416992,7000
2016-04-22,14.130000114440918,14.140000343322754,14.0,14.06999969482422,11.375065803527832,18300
2016-04-25,14.039999961853027,14.06999969482422,13.970000267028809,14.029999732971191,11.342727661132812,70000
2016-04-26,14.039999961853027,14.109999656677246,13.960000038146973,13.989999771118164,11.31038761138916,29500
2016-04-27,14.0,14.039999961853027,13.949999809265137,14.020000457763672,11.33464527130127,58100
2016-04-28,13.989999771118164,14.039999961853027,13.970000267028809,14.0,11.318473815917969,15300
2016-04-29,14.0,14.220000267028809,13.949999809265137,14.140000343322754,11.431658744812012,28300
2016-05-02,14.09000015258789,14.18000030517578,14.06999969482422,14.130000114440918,11.423576354980469,17300
2016-05-03,14.100000381469728,14.279999732971191,14.050000190734863,14.09000015258789,11.39123821258545,12400
2016-05-04,14.15999984741211,14.300000190734863,14.130000114440918,14.18000030517578,11.46399974822998,11200
2016-05-05,14.1899995803833,14.3100004196167,14.109999656677246,14.149999618530272,11.43974494934082,12100
2016-05-06,14.239999771118164,14.279999732971191,14.149999618530272,14.260000228881836,11.528675079345703,14300
2016-05-09,14.229999542236328,14.260000228881836,14.119999885559082,14.220000267028809,11.496335983276367,7300
2016-05-10,14.229999542236328,14.34000015258789,14.140000343322754,14.34000015258789,11.59335231781006,13600
2016-05-11,14.270000457763672,14.420000076293944,14.18000030517578,14.210000038146973,11.488250732421877,20400
2016-05-12,14.279999732971191,14.479999542236328,14.15999984741211,14.210000038146973,11.488250732421877,12900
2016-05-13,14.25,14.289999961853027,14.210000038146973,14.279999732971191,11.544843673706056,9200
2016-05-16,14.229999542236328,14.479999542236328,14.229999542236328,14.369999885559082,11.617605209350586,27600
2016-05-17,14.390000343322754,14.399999618530272,14.270000457763672,14.289999961853027,11.552927017211914,11800
2016-05-18,14.300000190734863,14.359999656677246,14.199999809265137,14.199999809265137,11.480167388916016,8400
2016-05-19,14.239999771118164,14.239999771118164,14.010000228881836,14.109999656677246,11.407405853271484,15700
2016-05-20,14.109999656677246,14.140000343322754,14.0,14.109999656677246,11.407405853271484,32400
2016-05-23,14.170000076293944,14.359999656677246,14.09000015258789,14.229999542236328,11.50442123413086,14100
2016-05-24,14.25,14.380000114440918,14.199999809265137,14.359999656677246,11.609519004821776,13300
2016-05-25,14.380000114440918,14.40999984741211,14.369999885559082,14.399999618530272,11.64185905456543,21800
2016-05-26,14.40999984741211,14.40999984741211,14.229999542236328,14.25,11.520589828491213,14500
2016-05-27,14.300000190734863,14.300000190734863,14.25,14.260000228881836,11.528675079345703,8000
2016-05-31,14.270000457763672,14.43000030517578,14.270000457763672,14.359999656677246,11.609519004821776,9800
2016-06-01,14.369999885559082,14.489999771118164,14.369999885559082,14.380000114440918,11.625690460205078,13100
2016-06-02,14.479999542236328,14.479999542236328,14.399999618530272,14.460000038146973,11.690369606018066,12200
2016-06-03,14.43000030517578,14.619999885559082,14.279999732971191,14.600000381469728,11.80355167388916,36900
2016-06-06,14.539999961853027,14.600000381469728,14.520000457763672,14.59000015258789,11.7954683303833,18300
2016-06-07,14.479999542236328,14.579999923706056,14.43000030517578,14.5600004196167,11.77121353149414,20400
2016-06-08,14.529999732971191,14.579999923706056,14.5,14.5,11.72270679473877,31200
2016-06-09,14.380000114440918,14.600000381469728,14.300000190734863,14.539999961853027,11.936979293823242,21000
2016-06-10,14.539999961853027,14.5600004196167,14.460000038146973,14.460000038146973,11.871302604675291,29300
2016-06-13,14.449999809265137,14.479999542236328,14.399999618530272,14.399999618530272,11.822043418884276,12400
2016-06-14,14.40999984741211,14.420000076293944,14.260000228881836,14.260000228881836,11.707108497619627,15700
2016-06-15,14.300000190734863,14.369999885559082,14.25,14.359999656677246,11.789203643798828,29100
2016-06-16,14.350000381469728,14.350000381469728,14.279999732971191,14.300000190734863,11.739946365356444,11300
2016-06-17,14.300000190734863,14.329999923706056,14.270000457763672,14.329999923706056,11.76457405090332,11700
2016-06-20,14.369999885559082,14.369999885559082,14.3100004196167,14.3100004196167,11.74815559387207,14200
2016-06-21,14.369999885559082,14.369999885559082,14.25,14.270000457763672,11.715314865112305,31800
2016-06-22,14.25,14.3100004196167,14.239999771118164,14.239999771118164,11.69068717956543,15900
2016-06-23,14.289999961853027,14.350000381469728,14.279999732971191,14.350000381469728,11.78099536895752,13400
2016-06-24,13.699999809265137,14.300000190734863,13.600000381469728,14.25,11.698897361755373,28100
2016-06-27,14.239999771118164,14.420000076293944,14.1899995803833,14.369999885559082,11.797414779663086,11300
2016-06-28,14.43000030517578,14.43000030517578,14.359999656677246,14.380000114440918,11.805625915527344,11600
2016-06-29,14.34000015258789,14.489999771118164,14.34000015258789,14.489999771118164,11.8959321975708,17900
2016-06-30,14.489999771118164,14.510000228881836,14.479999542236328,14.489999771118164,11.8959321975708,23600
2016-07-01,14.529999732971191,14.5600004196167,14.479999542236328,14.520000457763672,11.920560836791992,32800
2016-07-05,14.59000015258789,14.59000015258789,14.550000190734863,14.550000190734863,11.9451904296875,10800
2016-07-06,14.56999969482422,14.619999885559082,14.5600004196167,14.5600004196167,11.95340061187744,9600
2016-07-07,14.5600004196167,14.59000015258789,14.5600004196167,14.579999923706056,11.969820022583008,12900
2016-07-08,14.630000114440918,14.670000076293944,14.630000114440918,14.65999984741211,12.03549575805664,18600
2016-07-11,14.65999984741211,14.729999542236328,14.65999984741211,14.729999542236328,12.092966079711914,18300
2016-07-12,14.6899995803833,14.6899995803833,14.649999618530272,14.65999984741211,12.03549575805664,13300
2016-07-13,14.630000114440918,14.649999618530272,14.520000457763672,14.520000457763672,11.920560836791992,21600
2016-07-14,14.550000190734863,14.56999969482422,14.520000457763672,14.529999732971191,11.92877197265625,18100
2016-07-15,14.539999961853027,14.5600004196167,14.520000457763672,14.529999732971191,11.92877197265625,10200
2016-07-18,14.520000457763672,14.550000190734863,14.520000457763672,14.539999961853027,11.936979293823242,10400
2016-07-19,14.520000457763672,14.56999969482422,14.520000457763672,14.550000190734863,11.9451904296875,6300
2016-07-20,14.529999732971191,14.59000015258789,14.529999732971191,14.5600004196167,11.95340061187744,12100
2016-07-21,14.579999923706056,14.579999923706056,14.5600004196167,14.579999923706056,11.969820022583008,14200
2016-07-22,14.609999656677246,14.630000114440918,14.56999969482422,14.600000381469728,11.986238479614258,10500
2016-07-25,14.640000343322754,14.640000343322754,14.5600004196167,14.56999969482422,11.96160888671875,17600
2016-07-26,14.579999923706056,14.600000381469728,14.529999732971191,14.56999969482422,11.96160888671875,27500
2016-07-27,14.579999923706056,14.670000076293944,14.550000190734863,14.670000076293944,12.043705940246582,9900
2016-07-28,14.670000076293944,14.68000030517578,14.65999984741211,14.68000030517578,12.051916122436523,10200
2016-07-29,14.649999618530272,14.720000267028809,14.649999618530272,14.6899995803833,12.060125350952148,9700
2016-08-01,14.670000076293944,14.720000267028809,14.65999984741211,14.6899995803833,12.060125350952148,30300
2016-08-02,14.609999656677246,14.640000343322754,14.600000381469728,14.609999656677246,11.994447708129885,14500
2016-08-03,14.619999885559082,14.68000030517578,14.619999885559082,14.649999618530272,12.027286529541016,11600
2016-08-04,14.649999618530272,14.729999542236328,14.649999618530272,14.720000267028809,12.084756851196287,13300
2016-08-05,14.720000267028809,14.850000381469728,14.670000076293944,14.850000381469728,12.191482543945312,13200
2016-08-08,14.81999969482422,14.84000015258789,14.779999732971191,14.800000190734863,12.150434494018556,6900
2016-08-09,14.75,14.789999961853027,14.729999542236328,14.789999961853027,12.142224311828612,26000
2016-08-10,14.81999969482422,14.880000114440918,14.789999961853027,14.880000114440918,12.216113090515137,11400
2016-08-11,14.850000381469728,14.869999885559082,14.850000381469728,14.869999885559082,12.20789909362793,3900
2016-08-12,14.899999618530272,14.899999618530272,14.859999656677246,14.859999656677246,12.199692726135254,10300
2016-08-15,14.880000114440918,14.920000076293944,14.880000114440918,14.920000076293944,12.248953819274902,11600
2016-08-16,14.90999984741211,14.90999984741211,14.640000343322754,14.720000267028809,12.084756851196287,20100
2016-08-17,14.739999771118164,14.890000343322754,14.720000267028809,14.850000381469728,12.191482543945312,21700
2016-08-18,14.829999923706056,14.869999885559082,14.789999961853027,14.829999923706056,12.17506217956543,18400
2016-08-19,14.760000228881836,14.789999961853027,14.720000267028809,14.720000267028809,12.084756851196287,18400
2016-08-22,14.770000457763672,14.779999732971191,14.729999542236328,14.75,12.109383583068848,7300
2016-08-23,14.779999732971191,14.81999969482422,14.770000457763672,14.8100004196167,12.158642768859863,13500
2016-08-24,14.81999969482422,14.829999923706056,14.779999732971191,14.81999969482422,12.166852951049805,24400
2016-08-25,14.8100004196167,14.829999923706056,14.789999961853027,14.789999961853027,12.142224311828612,11400
2016-08-26,14.760000228881836,14.8100004196167,14.75,14.75,12.109383583068848,9400
2016-08-29,14.770000457763672,14.81999969482422,14.760000228881836,14.800000190734863,12.150434494018556,16300
2016-08-30,14.800000190734863,14.829999923706056,14.800000190734863,14.829999923706056,12.17506217956543,9000
2016-08-31,14.829999923706056,14.829999923706056,14.8100004196167,14.829999923706056,12.17506217956543,12000
2016-09-01,14.84000015258789,14.859999656677246,14.81999969482422,14.84000015258789,12.183274269104004,7800
2016-09-02,14.850000381469728,14.869999885559082,14.829999923706056,14.84000015258789,12.183274269104004,13000
2016-09-06,14.81999969482422,14.90999984741211,14.81999969482422,14.880000114440918,12.216113090515137,9000
2016-09-07,14.9399995803833,14.949999809265137,14.859999656677246,14.93000030517578,12.257160186767578,23100
2016-09-08,14.68000030517578,14.800000190734863,14.68000030517578,14.760000228881836,12.291304588317873,13000
2016-09-09,14.729999542236328,14.75,14.59000015258789,14.59000015258789,12.149737358093262,10700
2016-09-12,14.619999885559082,14.65999984741211,14.510000228881836,14.529999732971191,12.099773406982422,16200
2016-09-13,14.600000381469728,14.710000038146973,14.5600004196167,14.579999923706056,12.14141082763672,11900
2016-09-14,14.510000228881836,14.5600004196167,14.40999984741211,14.420000076293944,12.008170127868652,18200
2016-09-15,14.470000267028809,14.489999771118164,14.399999618530272,14.479999542236328,12.058135032653809,16300
2016-09-16,14.510000228881836,14.510000228881836,14.449999809265137,14.470000267028809,12.049805641174316,19000
2016-09-19,14.470000267028809,14.520000457763672,14.460000038146973,14.479999542236328,12.058135032653809,11600
2016-09-20,14.479999542236328,14.5,14.4399995803833,14.489999771118164,12.066462516784668,4200
2016-09-21,14.489999771118164,14.5600004196167,14.479999542236328,14.510000228881836,12.083118438720703,3700
2016-09-22,14.529999732971191,14.579999923706056,14.529999732971191,14.56999969482422,12.133081436157228,15500
2016-09-23,14.59000015258789,14.609999656677246,14.5600004196167,14.5600004196167,12.124755859375,11200
2016-09-26,14.510000228881836,14.56999969482422,14.510000228881836,14.550000190734863,12.11642837524414,16600
2016-09-27,14.550000190734863,14.6899995803833,14.550000190734863,14.670000076293944,12.216355323791504,17700
2016-09-28,14.670000076293944,14.6899995803833,14.630000114440918,14.6899995803833,12.233009338378906,20700
2016-09-29,14.640000343322754,14.68000030517578,14.630000114440918,14.640000343322754,12.191373825073242,30700
2016-09-30,14.770000457763672,14.850000381469728,14.770000457763672,14.850000381469728,12.366249084472656,13700
2016-10-03,14.75,14.789999961853027,14.699999809265137,14.789999961853027,12.316285133361816,20700
2016-10-04,14.779999732971191,14.800000190734863,14.59000015258789,14.649999618530272,12.199700355529783,18300
2016-10-05,14.5600004196167,14.600000381469728,14.5600004196167,14.579999923706056,12.14141082763672,5800
2016-10-06,14.510000228881836,14.56999969482422,14.510000228881836,14.56999969482422,12.133081436157228,7000
2016-10-07,14.5,14.59000015258789,14.470000267028809,14.529999732971191,12.099773406982422,19900
2016-10-10,14.600000381469728,14.609999656677246,14.5,14.550000190734863,12.11642837524414,16400
2016-10-11,14.5,14.600000381469728,14.489999771118164,14.5,12.074790000915527,15700
2016-10-12,14.40999984741211,14.40999984741211,14.350000381469728,14.359999656677246,11.95820426940918,10700
2016-10-13,14.380000114440918,14.380000114440918,14.300000190734863,14.329999923706056,11.933221817016602,10200
2016-10-14,14.350000381469728,14.350000381469728,14.199999809265137,14.199999809265137,11.824966430664062,33900
2016-10-17,14.239999771118164,14.239999771118164,14.1899995803833,14.220000267028809,11.84162139892578,17900
2016-10-18,14.25,14.289999961853027,14.229999542236328,14.289999961853027,11.899911880493164,29600
2016-10-19,14.260000228881836,14.31999969482422,14.260000228881836,14.31999969482422,11.924896240234377,5300
2016-10-20,14.31999969482422,14.359999656677246,14.300000190734863,14.350000381469728,11.949877738952637,7300
2016-10-21,14.359999656677246,14.380000114440918,14.350000381469728,14.350000381469728,11.949877738952637,8200
2016-10-24,14.380000114440918,14.399999618530272,14.369999885559082,14.369999885559082,11.966533660888672,10300
2016-10-25,14.300000190734863,14.329999923706056,14.279999732971191,14.31999969482422,11.924896240234377,14700
2016-10-26,14.279999732971191,14.34000015258789,14.279999732971191,14.3100004196167,11.9165678024292,15100
2016-10-27,14.279999732971191,14.34000015258789,14.270000457763672,14.279999732971191,11.89158535003662,15500
2016-10-28,14.25,14.289999961853027,14.25,14.279999732971191,11.89158535003662,11000
2016-10-31,14.289999961853027,14.289999961853027,14.25,14.260000228881836,11.874932289123535,12100
2016-11-01,14.25,14.270000457763672,14.199999809265137,14.199999809265137,11.824966430664062,13100
2016-11-02,14.220000267028809,14.229999542236328,14.199999809265137,14.199999809265137,11.824966430664062,13100
2016-11-03,14.18000030517578,14.220000267028809,14.18000030517578,14.1899995803833,11.816638946533203,15900
2016-11-04,14.199999809265137,14.220000267028809,14.149999618530272,14.170000076293944,11.799983024597168,9700
2016-11-07,14.199999809265137,14.229999542236328,14.149999618530272,14.1899995803833,11.816638946533203,18600
2016-11-08,14.15999984741211,14.199999809265137,14.130000114440918,14.130000114440918,11.76667594909668,9200
2016-11-09,14.130000114440918,14.130000114440918,14.050000190734863,14.06999969482422,11.716710090637209,16300
2016-11-10,14.029999732971191,14.050000190734863,13.989999771118164,14.0,11.658417701721191,10500
2016-11-11,14.0600004196167,14.0600004196167,13.649999618530272,13.93000030517578,11.60012435913086,13100
2016-11-14,13.850000381469728,13.859999656677246,13.68000030517578,13.81999969482422,11.508525848388672,28000
2016-11-15,13.800000190734863,13.920000076293944,13.800000190734863,13.890000343322754,11.566815376281738,15400
2016-11-16,13.81999969482422,13.90999984741211,13.800000190734863,13.869999885559082,11.55016040802002,12100
2016-11-17,13.880000114440918,13.90999984741211,13.800000190734863,13.800000190734863,11.49186897277832,32900
2016-11-18,13.81999969482422,13.859999656677246,13.800000190734863,13.8100004196167,11.50019645690918,35300
2016-11-21,13.800000190734863,13.850000381469728,13.720000267028809,13.8100004196167,11.50019645690918,19800
2016-11-22,13.779999732971191,13.869999885559082,13.779999732971191,13.829999923706056,11.516850471496582,46700
2016-11-23,13.710000038146973,13.869999885559082,13.710000038146973,13.859999656677246,11.54183292388916,53300
2016-11-25,13.829999923706056,13.869999885559082,13.829999923706056,13.859999656677246,11.54183292388916,14000
2016-11-28,13.850000381469728,13.890000343322754,13.850000381469728,13.880000114440918,11.558488845825195,11200
2016-11-29,13.850000381469728,13.899999618530272,13.850000381469728,13.880000114440918,11.558488845825195,44800
2016-11-30,13.850000381469728,13.899999618530272,13.850000381469728,13.880000114440918,11.558488845825195,22100
2016-12-01,13.81999969482422,13.850000381469728,13.770000457763672,13.81999969482422,11.508525848388672,16300
2016-12-02,13.8100004196167,13.869999885559082,13.8100004196167,13.850000381469728,11.5335054397583,15700
2016-12-05,13.84000015258789,13.859999656677246,13.81999969482422,13.850000381469728,11.5335054397583,9400
2016-12-06,13.84000015258789,13.9399995803833,13.81999969482422,13.9399995803833,11.608453750610352,15200
2016-12-07,13.93000030517578,14.050000190734863,13.93000030517578,14.0,11.658417701721191,23900
2016-12-08,13.729999542236328,13.789999961853027,13.65999984741211,13.779999732971191,11.656723976135254,26000
2016-12-09,13.779999732971191,13.850000381469728,13.760000228881836,13.81999969482422,11.690561294555664,22700
2016-12-12,13.779999732971191,13.800000190734863,13.739999771118164,13.779999732971191,11.656723976135254,20700
2016-12-13,13.720000267028809,13.84000015258789,13.720000267028809,13.84000015258789,11.707481384277344,8600
2016-12-14,13.84000015258789,13.899999618530272,13.84000015258789,13.880000114440918,11.74131679534912,28600
2016-12-15,13.869999885559082,13.869999885559082,13.84000015258789,13.859999656677246,11.724397659301758,14100
2016-12-16,13.859999656677246,13.920000076293944,13.829999923706056,13.920000076293944,11.775153160095217,11100
2016-12-19,13.899999618530272,14.010000228881836,13.880000114440918,13.970000267028809,11.817448616027832,67500
2016-12-20,13.970000267028809,13.970000267028809,13.93000030517578,13.960000038146973,11.80899143218994,7300
2016-12-21,13.890000343322754,14.010000228881836,13.890000343322754,13.979999542236328,11.825909614562988,93400
2016-12-22,13.979999542236328,13.979999542236328,13.9399995803833,13.9399995803833,11.792072296142578,8600
2016-12-23,13.949999809265137,13.960000038146973,13.9399995803833,13.960000038146973,11.80899143218994,9800
2016-12-27,13.979999542236328,14.0,13.960000038146973,14.0,11.84282684326172,13700
2016-12-28,13.989999771118164,13.989999771118164,13.869999885559082,13.899999618530272,11.758234024047852,17700
2016-12-29,13.890000343322754,13.9399995803833,13.890000343322754,13.9399995803833,11.792072296142578,16400
2016-12-30,13.960000038146973,14.029999732971191,13.960000038146973,14.020000457763672,11.859745979309082,23600
2017-01-03,14.050000190734863,14.100000381469728,14.039999961853027,14.09000015258789,11.918960571289062,24400
2017-01-04,14.119999885559082,14.119999885559082,14.050000190734863,14.079999923706056,11.91049861907959,10100
2017-01-05,14.079999923706056,14.109999656677246,14.079999923706056,14.100000381469728,11.927417755126951,4800
2017-01-06,14.050000190734863,14.149999618530272,14.050000190734863,14.130000114440918,11.952797889709473,12100
2017-01-09,14.109999656677246,14.170000076293944,14.09000015258789,14.119999885559082,11.944336891174316,10200
2017-01-10,14.109999656677246,14.149999618530272,14.09000015258789,14.149999618530272,11.969715118408203,19500
2017-01-11,14.140000343322754,14.15999984741211,14.100000381469728,14.149999618530272,11.969715118408203,15400
2017-01-12,14.15999984741211,14.210000038146973,14.130000114440918,14.199999809265137,12.012011528015137,9300
2017-01-13,14.210000038146973,14.229999542236328,14.130000114440918,14.18000030517578,11.995092391967772,24000
2017-01-17,14.210000038146973,14.239999771118164,14.210000038146973,14.220000267028809,12.0289306640625,7900
2017-01-18,14.220000267028809,14.270000457763672,14.18000030517578,14.229999542236328,12.037388801574709,13300
2017-01-19,14.229999542236328,14.229999542236328,14.079999923706056,14.119999885559082,11.944336891174316,13800
2017-01-20,14.109999656677246,14.140000343322754,14.079999923706056,14.130000114440918,11.952797889709473,10800
2017-01-23,14.149999618530272,14.220000267028809,14.149999618530272,14.210000038146973,12.02047061920166,11000
2017-01-24,14.199999809265137,14.229999542236328,14.100000381469728,14.100000381469728,11.927417755126951,29900
2017-01-25,14.109999656677246,14.140000343322754,14.06999969482422,14.06999969482422,11.902040481567385,8400
2017-01-26,14.130000114440918,14.15999984741211,14.029999732971191,14.140000343322754,11.96125602722168,19500
2017-01-27,14.140000343322754,14.229999542236328,14.140000343322754,14.229999542236328,12.037388801574709,19800
2017-01-30,14.229999542236328,14.270000457763672,14.130000114440918,14.199999809265137,12.012011528015137,16200
2017-01-31,14.1899995803833,14.199999809265137,14.149999618530272,14.149999618530272,11.969715118408203,14200
2017-02-01,14.130000114440918,14.25,14.130000114440918,14.239999771118164,12.045846939086914,10800
2017-02-02,14.260000228881836,14.279999732971191,14.18000030517578,14.239999771118164,12.045846939086914,5900
2017-02-03,14.239999771118164,14.619999885559082,14.229999542236328,14.350000381469728,12.138897895812988,16800
2017-02-06,14.380000114440918,14.449999809265137,14.3100004196167,14.449999809265137,12.22348976135254,12300
2017-02-07,14.449999809265137,14.75,14.449999809265137,14.6899995803833,12.426509857177734,11200
2017-02-08,14.649999618530272,14.65999984741211,14.539999961853027,14.630000114440918,12.37575340270996,25200
2017-02-09,14.59000015258789,14.619999885559082,14.550000190734863,14.600000381469728,12.350377082824709,17800
2017-02-10,14.510000228881836,14.56999969482422,14.5,14.510000228881836,12.274245262145996,12900
2017-02-13,14.520000457763672,14.539999961853027,14.5,14.539999961853027,12.299622535705566,21800
2017-02-14,14.550000190734863,14.550000190734863,14.510000228881836,14.539999961853027,12.299622535705566,17000
2017-02-15,14.510000228881836,14.539999961853027,14.479999542236328,14.520000457763672,12.282703399658203,13100
2017-02-16,14.489999771118164,14.5600004196167,14.470000267028809,14.5600004196167,12.31654167175293,22600
2017-02-17,14.510000228881836,14.5600004196167,14.510000228881836,14.5600004196167,12.31654167175293,6600
2017-02-21,14.5600004196167,14.56999969482422,14.510000228881836,14.520000457763672,12.282703399658203,20100
2017-02-22,14.520000457763672,14.520000457763672,14.510000228881836,14.520000457763672,12.282703399658203,11000
2017-02-23,14.550000190734863,14.550000190734863,14.539999961853027,14.550000190734863,12.308080673217772,9100
2017-02-24,14.550000190734863,14.640000343322754,14.550000190734863,14.579999923706056,12.33345890045166,19700
2017-02-27,14.579999923706056,14.609999656677246,14.539999961853027,14.609999656677246,12.358838081359863,7700
2017-02-28,14.609999656677246,14.609999656677246,14.579999923706056,14.600000381469728,12.350377082824709,11000
2017-03-01,14.600000381469728,14.600000381469728,14.489999771118164,14.510000228881836,12.274245262145996,12700
2017-03-02,14.5,14.539999961853027,14.399999618530272,14.489999771118164,12.25732707977295,22000
2017-03-03,14.5,14.539999961853027,14.460000038146973,14.510000228881836,12.274245262145996,8500
2017-03-06,14.510000228881836,14.539999961853027,14.470000267028809,14.539999961853027,12.299622535705566,9800
2017-03-07,14.529999732971191,14.529999732971191,14.40999984741211,14.40999984741211,12.189653396606444,15200
2017-03-08,14.350000381469728,14.399999618530272,14.350000381469728,14.369999885559082,12.15581512451172,4900
2017-03-09,14.029999732971191,14.079999923706056,13.960000038146973,13.960000038146973,11.973976135253906,26300
2017-03-10,13.989999771118164,14.039999961853027,13.960000038146973,14.010000228881836,12.016864776611328,8500
2017-03-13,14.079999923706056,14.100000381469728,14.010000228881836,14.029999732971191,12.034017562866213,18400
2017-03-14,13.960000038146973,13.970000267028809,13.920000076293944,13.920000076293944,11.939667701721191,7400
2017-03-15,13.960000038146973,14.050000190734863,13.960000038146973,14.039999961853027,12.042596817016602,10300
2017-03-16,14.050000190734863,14.09000015258789,13.979999542236328,14.039999961853027,12.042596817016602,9800
2017-03-17,14.050000190734863,14.0600004196167,14.039999961853027,14.050000190734863,12.051172256469728,6000
2017-03-20,14.0600004196167,14.100000381469728,13.979999542236328,14.06999969482422,12.068325996398926,12300
2017-03-21,14.079999923706056,14.100000381469728,13.989999771118164,13.989999771118164,11.999707221984863,11900
2017-03-22,13.979999542236328,14.079999923706056,13.979999542236328,14.0600004196167,12.0597505569458,9600
2017-03-23,14.079999923706056,14.100000381469728,14.0,14.06999969482422,12.068325996398926,21200
2017-03-24,14.06999969482422,14.079999923706056,14.039999961853027,14.039999961853027,12.042596817016602,2500
2017-03-27,14.029999732971191,14.0600004196167,13.960000038146973,14.039999961853027,12.042596817016602,9000
2017-03-28,14.079999923706056,14.140000343322754,14.050000190734863,14.130000114440918,12.119791030883787,10400
2017-03-29,14.140000343322754,14.140000343322754,14.079999923706056,14.100000381469728,12.094059944152832,10700
2017-03-30,14.100000381469728,14.130000114440918,14.029999732971191,14.109999656677246,12.102636337280272,8800
2017-03-31,14.109999656677246,14.140000343322754,14.100000381469728,14.140000343322754,12.128368377685549,12200
2017-04-03,14.170000076293944,14.220000267028809,14.109999656677246,14.220000267028809,12.196986198425291,21400
2017-04-04,14.199999809265137,14.239999771118164,14.199999809265137,14.210000038146973,12.188410758972168,10700
2017-04-05,14.220000267028809,14.229999542236328,14.18000030517578,14.18000030517578,12.162678718566896,10200
2017-04-06,14.1899995803833,14.25,14.18000030517578,14.25,12.2227201461792,11000
2017-04-07,14.239999771118164,14.239999771118164,14.170000076293944,14.18000030517578,12.162678718566896,12100
2017-04-10,14.170000076293944,14.1899995803833,14.15999984741211,14.15999984741211,12.14552402496338,18200
2017-04-11,14.170000076293944,14.239999771118164,14.170000076293944,14.239999771118164,12.214141845703123,14900
2017-04-12,14.210000038146973,14.289999961853027,14.210000038146973,14.260000228881836,12.231297492980955,12100
2017-04-13,14.270000457763672,14.300000190734863,14.25,14.289999961853027,12.25702667236328,16900
2017-04-17,14.270000457763672,14.289999961853027,14.25,14.25,12.2227201461792,11500
2017-04-18,14.25,14.300000190734863,14.25,14.270000457763672,12.239873886108398,9700
2017-04-19,14.25,14.3100004196167,14.229999542236328,14.229999542236328,12.205564498901367,13100
2017-04-20,14.210000038146973,14.279999732971191,14.210000038146973,14.260000228881836,12.231297492980955,17000
2017-04-21,14.279999732971191,14.34000015258789,14.270000457763672,14.34000015258789,12.299914360046388,10000
2017-04-24,14.34000015258789,14.34000015258789,14.260000228881836,14.260000228881836,12.231297492980955,14400
2017-04-25,14.270000457763672,14.300000190734863,14.260000228881836,14.260000228881836,12.231297492980955,9700
2017-04-26,14.260000228881836,14.300000190734863,14.25,14.289999961853027,12.25702667236328,9100
2017-04-27,14.289999961853027,14.329999923706056,14.1899995803833,14.239999771118164,12.214141845703123,10000
2017-04-28,14.220000267028809,14.31999969482422,14.220000267028809,14.289999961853027,12.25702667236328,6300
2017-05-01,14.289999961853027,14.350000381469728,14.289999961853027,14.350000381469728,12.30849266052246,5600
2017-05-02,14.390000343322754,14.449999809265137,14.329999923706056,14.449999809265137,12.394265174865724,43800
2017-05-03,14.420000076293944,14.479999542236328,14.399999618530272,14.449999809265137,12.394265174865724,12500
2017-05-04,14.460000038146973,14.460000038146973,14.380000114440918,14.43000030517578,12.377113342285156,8000
2017-05-05,14.40999984741211,14.489999771118164,14.399999618530272,14.489999771118164,12.428573608398438,17200
2017-05-08,14.420000076293944,14.470000267028809,14.399999618530272,14.40999984741211,12.359957695007324,20300
2017-05-09,14.380000114440918,14.479999542236328,14.380000114440918,14.470000267028809,12.411420822143556,15100
2017-05-10,14.43000030517578,14.449999809265137,14.380000114440918,14.380000114440918,12.334224700927734,13800
2017-05-11,14.40999984741211,14.40999984741211,14.34000015258789,14.34000015258789,12.299914360046388,14500
2017-05-12,14.34000015258789,14.350000381469728,14.3100004196167,14.350000381469728,12.30849266052246,11100
2017-05-15,14.34000015258789,14.59000015258789,14.34000015258789,14.510000228881836,12.445731163024902,39700
2017-05-16,14.510000228881836,14.539999961853027,14.470000267028809,14.489999771118164,12.428573608398438,15800
2017-05-17,14.510000228881836,14.5600004196167,14.479999542236328,14.479999542236328,12.419998168945312,17300
2017-05-18,14.5600004196167,14.5600004196167,14.460000038146973,14.479999542236328,12.419998168945312,10900
2017-05-19,14.479999542236328,14.520000457763672,14.470000267028809,14.470000267028809,12.411420822143556,3000
2017-05-22,14.479999542236328,14.670000076293944,14.460000038146973,14.670000076293944,12.582969665527344,16600
2017-05-23,14.670000076293944,14.670000076293944,14.520000457763672,14.520000457763672,12.45430850982666,12400
2017-05-24,14.56999969482422,14.630000114440918,14.550000190734863,14.630000114440918,12.54865837097168,2900
2017-05-25,14.539999961853027,14.600000381469728,14.539999961853027,14.5600004196167,12.488616943359377,7600
2017-05-26,14.529999732971191,14.65999984741211,14.520000457763672,14.630000114440918,12.54865837097168,10500
2017-05-30,14.640000343322754,14.640000343322754,14.539999961853027,14.539999961853027,12.471463203430176,14900
2017-05-31,14.609999656677246,14.630000114440918,14.550000190734863,14.609999656677246,12.531502723693848,17700
2017-06-01,14.5600004196167,14.65999984741211,14.5600004196167,14.619999885559082,12.540081977844238,15400
2017-06-02,14.65999984741211,14.670000076293944,14.59000015258789,14.670000076293944,12.582969665527344,5300
2017-06-05,14.649999618530272,14.670000076293944,14.56999969482422,14.630000114440918,12.54865837097168,11800
2017-06-06,14.640000343322754,14.739999771118164,14.59000015258789,14.649999618530272,12.565813064575195,17000
2017-06-07,14.670000076293944,14.720000267028809,14.630000114440918,14.68000030517578,12.591546058654783,17800
2017-06-08,14.4399995803833,14.649999618530272,14.43000030517578,14.56999969482422,12.669807434082031,17800
2017-06-09,14.5600004196167,14.65999984741211,14.479999542236328,14.65999984741211,12.748068809509276,20800
2017-06-12,14.609999656677246,14.649999618530272,14.5600004196167,14.56999969482422,12.669807434082031,7600
2017-06-13,14.520000457763672,14.600000381469728,14.5,14.539999961853027,12.643721580505373,12500
2017-06-14,14.550000190734863,14.600000381469728,14.510000228881836,14.510000228881836,12.617633819580078,24400
2017-06-15,14.739999771118164,14.739999771118164,14.539999961853027,14.649999618530272,12.739375114440918,17200
2017-06-16,14.710000038146973,14.710000038146973,14.59000015258789,14.640000343322754,12.730679512023926,8300
2017-06-19,14.59000015258789,14.739999771118164,14.59000015258789,14.729999542236328,12.808939933776855,19500
2017-06-20,14.789999961853027,14.789999961853027,14.65999984741211,14.670000076293944,12.756765365600586,21500
2017-06-21,14.670000076293944,14.699999809265137,14.649999618530272,14.649999618530272,12.739375114440918,9400
2017-06-22,14.68000030517578,14.68000030517578,14.640000343322754,14.649999618530272,12.739375114440918,10600
2017-06-23,14.630000114440918,14.6899995803833,14.609999656677246,14.68000030517578,12.765460968017578,10000
2017-06-26,14.729999542236328,14.729999542236328,14.630000114440918,14.670000076293944,12.756765365600586,16900
2017-06-27,14.720000267028809,14.720000267028809,14.619999885559082,14.6899995803833,12.77415657043457,27500
2017-06-28,14.6899995803833,14.6899995803833,14.65999984741211,14.670000076293944,12.756765365600586,7700
2017-06-29,14.619999885559082,14.720000267028809,14.619999885559082,14.720000267028809,12.80024528503418,6000
2017-06-30,14.720000267028809,14.720000267028809,14.619999885559082,14.649999618530272,12.739375114440918,15500
2017-07-03,14.800000190734863,14.800000190734863,14.619999885559082,14.630000114440918,12.7219820022583,17800
2017-07-05,14.59000015258789,14.619999885559082,14.529999732971191,14.59000015258789,12.687200546264648,4500
2017-07-06,14.5600004196167,14.609999656677246,14.5,14.5,12.608936309814451,12900
2017-07-07,14.479999542236328,14.529999732971191,14.470000267028809,14.489999771118164,12.600238800048828,14000
2017-07-10,14.539999961853027,14.539999961853027,14.4399995803833,14.460000038146973,12.574152946472168,17700
2017-07-11,14.470000267028809,14.539999961853027,14.460000038146973,14.470000267028809,12.58284854888916,18400
2017-07-12,14.539999961853027,14.550000190734863,14.40999984741211,14.40999984741211,12.530673027038574,13500
2017-07-13,14.520000457763672,14.520000457763672,14.390000343322754,14.390000343322754,12.51328182220459,7600
2017-07-14,14.420000076293944,14.56999969482422,14.420000076293944,14.489999771118164,12.600238800048828,26300
2017-07-17,14.460000038146973,14.59000015258789,14.460000038146973,14.539999961853027,12.643721580505373,23600
2017-07-18,14.600000381469728,14.619999885559082,14.550000190734863,14.579999923706056,12.678503036499023,20400
2017-07-19,14.579999923706056,14.670000076293944,14.579999923706056,14.65999984741211,12.748068809509276,15700
2017-07-20,14.65999984741211,14.739999771118164,14.65999984741211,14.65999984741211,12.748068809509276,13600
2017-07-21,14.68000030517578,14.739999771118164,14.68000030517578,14.720000267028809,12.80024528503418,14500
2017-07-24,14.720000267028809,14.770000457763672,14.710000038146973,14.720000267028809,12.80024528503418,14000
2017-07-25,14.6899995803833,14.699999809265137,14.630000114440918,14.68000030517578,12.765460968017578,40800
2017-07-26,14.649999618530272,14.729999542236328,14.640000343322754,14.720000267028809,12.80024528503418,8900
2017-07-27,14.699999809265137,14.800000190734863,14.699999809265137,14.779999732971191,12.852418899536133,13400
2017-07-28,14.800000190734863,14.800000190734863,14.729999542236328,14.75,12.826332092285156,5200
2017-07-31,14.75,14.800000190734863,14.729999542236328,14.800000190734863,12.869811058044434,17800
2017-08-01,14.75,14.75,14.720000267028809,14.729999542236328,12.808939933776855,17200
2017-08-02,14.75,14.779999732971191,14.710000038146973,14.710000038146973,12.791548728942873,8000
2017-08-03,14.739999771118164,14.789999961853027,14.710000038146973,14.789999961853027,12.86111545562744,4900
2017-08-04,14.760000228881836,14.779999732971191,14.720000267028809,14.75,12.826332092285156,15100
2017-08-07,14.760000228881836,14.800000190734863,14.710000038146973,14.760000228881836,12.83502960205078,10100
2017-08-08,14.739999771118164,14.760000228881836,14.720000267028809,14.739999771118164,12.817634582519531,9400
2017-08-09,14.770000457763672,14.770000457763672,14.699999809265137,14.720000267028809,12.80024528503418,17000
2017-08-10,14.710000038146973,14.800000190734863,14.539999961853027,14.75,12.826332092285156,102200
2017-08-11,14.75,14.75,14.630000114440918,14.630000114440918,12.7219820022583,26600
2017-08-14,14.630000114440918,14.720000267028809,14.630000114440918,14.699999809265137,12.78285312652588,3800
2017-08-15,14.68000030517578,14.710000038146973,14.600000381469728,14.6899995803833,12.77415657043457,11000
2017-08-16,14.619999885559082,14.720000267028809,14.619999885559082,14.670000076293944,12.756765365600586,8900
2017-08-17,14.65999984741211,14.6899995803833,14.619999885559082,14.630000114440918,12.7219820022583,12600
2017-08-18,14.640000343322754,14.670000076293944,14.609999656677246,14.609999656677246,12.704590797424316,11500
2017-08-21,14.609999656677246,14.609999656677246,14.550000190734863,14.600000381469728,12.695894241333008,28200
2017-08-22,14.600000381469728,14.649999618530272,14.59000015258789,14.59000015258789,12.687200546264648,7200
2017-08-23,14.600000381469728,14.93000030517578,14.600000381469728,14.93000030517578,12.98285675048828,25800
2017-08-24,14.850000381469728,14.850000381469728,14.729999542236328,14.739999771118164,12.817634582519531,22600
2017-08-25,14.75,14.770000457763672,14.65999984741211,14.75,12.826332092285156,18700
2017-08-28,14.739999771118164,14.739999771118164,14.670000076293944,14.729999542236328,12.808939933776855,9300
2017-08-29,14.729999542236328,14.800000190734863,14.68000030517578,14.760000228881836,12.83502960205078,20000
2017-08-30,14.75,14.869999885559082,14.75,14.789999961853027,12.86111545562744,15100
2017-08-31,14.81999969482422,14.81999969482422,14.770000457763672,14.8100004196167,12.878507614135742,11800
2017-09-01,14.8100004196167,14.869999885559082,14.770000457763672,14.800000190734863,12.869811058044434,14500
2017-09-05,14.789999961853027,14.829999923706056,14.789999961853027,14.800000190734863,12.869811058044434,4100
2017-09-06,14.789999961853027,14.850000381469728,14.789999961853027,14.84000015258789,12.904595375061035,10400
2017-09-07,14.850000381469728,14.949999809265137,14.829999923706056,14.949999809265137,13.000247955322266,15100
2017-09-08,14.710000038146973,14.779999732971191,14.710000038146973,14.75,12.994080543518066,10500
2017-09-11,14.75,14.779999732971191,14.649999618530272,14.710000038146973,12.958843231201172,14400
2017-09-12,14.699999809265137,14.729999542236328,14.699999809265137,14.710000038146973,12.958843231201172,16100
2017-09-13,14.739999771118164,14.739999771118164,14.710000038146973,14.729999542236328,12.976462364196776,19600
2017-09-14,14.720000267028809,14.760000228881836,14.710000038146973,14.760000228881836,13.00289249420166,6900
2017-09-15,14.75,14.770000457763672,14.729999542236328,14.739999771118164,12.985271453857422,13400
2017-09-18,14.729999542236328,14.949999809265137,14.720000267028809,14.949999809265137,13.17027187347412,18400
2017-09-19,14.899999618530272,14.949999809265137,14.789999961853027,14.890000343322754,13.11741542816162,27000
2017-09-20,14.890000343322754,14.890000343322754,14.81999969482422,14.81999969482422,13.05574893951416,14800
2017-09-21,14.81999969482422,14.84000015258789,14.729999542236328,14.739999771118164,12.985271453857422,18500
2017-09-22,14.8100004196167,14.890000343322754,14.800000190734863,14.890000343322754,13.11741542816162,19300
2017-09-25,14.890000343322754,14.890000343322754,14.84000015258789,14.850000381469728,13.082176208496094,8300
2017-09-26,14.850000381469728,14.850000381469728,14.829999923706056,14.84000015258789,13.073368072509766,20200
2017-09-27,14.84000015258789,14.859999656677246,14.800000190734863,14.84000015258789,13.073368072509766,33300
2017-09-28,14.84000015258789,14.84000015258789,14.739999771118164,14.8100004196167,13.046939849853516,37300
2017-09-29,14.850000381469728,14.850000381469728,14.8100004196167,14.829999923706056,13.06455898284912,30600
2017-10-02,14.829999923706056,14.84000015258789,14.8100004196167,14.829999923706056,13.06455898284912,30000
2017-10-03,14.829999923706056,14.84000015258789,14.760000228881836,14.789999961853027,13.029319763183594,22900
2017-10-04,14.770000457763672,14.800000190734863,14.770000457763672,14.789999961853027,13.029319763183594,14500
2017-10-05,14.800000190734863,14.800000190734863,14.489999771118164,14.5600004196167,12.826701164245604,96200
2017-10-06,14.5,14.630000114440918,14.5,14.600000381469728,12.861936569213867,29600
2017-10-09,14.609999656677246,14.68000030517578,14.609999656677246,14.68000030517578,12.932414054870604,9100
2017-10-10,14.649999618530272,14.699999809265137,14.649999618530272,14.699999809265137,12.950034141540527,16800
2017-10-11,14.710000038146973,14.779999732971191,14.710000038146973,14.770000457763672,13.011700630187988,38100
2017-10-12,14.770000457763672,14.8100004196167,14.75,14.770000457763672,13.011700630187988,27600
2017-10-13,14.779999732971191,14.779999732971191,14.729999542236328,14.770000457763672,13.011700630187988,12200
2017-10-16,14.75,14.760000228881836,14.729999542236328,14.75,12.994080543518066,18600
2017-10-17,14.760000228881836,14.869999885559082,14.760000228881836,14.869999885559082,13.099797248840332,15200
2017-10-18,14.84000015258789,14.84000015258789,14.81999969482422,14.81999969482422,13.05574893951416,16900
2017-10-19,14.81999969482422,14.81999969482422,14.75,14.779999732971191,13.020509719848633,24500
2017-10-20,14.779999732971191,14.850000381469728,14.770000457763672,14.850000381469728,13.082176208496094,31800
2017-10-23,14.850000381469728,14.850000381469728,14.75,14.75,12.994080543518066,11500
2017-10-24,14.779999732971191,14.779999732971191,14.770000457763672,14.779999732971191,13.020509719848633,18800
2017-10-25,14.760000228881836,14.760000228881836,14.710000038146973,14.75,12.994080543518066,23400
2017-10-26,14.75,14.75,14.6899995803833,14.6899995803833,12.941224098205566,19000
2017-10-27,14.710000038146973,14.760000228881836,14.699999809265137,14.739999771118164,12.985271453857422,27700
2017-10-30,14.770000457763672,14.770000457763672,14.699999809265137,14.699999809265137,12.950034141540527,14300
2017-10-31,14.729999542236328,14.8100004196167,14.729999542236328,14.8100004196167,13.046939849853516,12200
2017-11-01,14.81999969482422,14.850000381469728,14.779999732971191,14.850000381469728,13.082176208496094,28700
2017-11-02,14.850000381469728,14.890000343322754,14.84000015258789,14.890000343322754,13.11741542816162,18400
2017-11-03,14.859999656677246,14.890000343322754,14.84000015258789,14.890000343322754,13.11741542816162,15800
2017-11-06,14.789999961853027,14.850000381469728,14.699999809265137,14.8100004196167,13.046939849853516,41700
2017-11-07,14.859999656677246,14.880000114440918,14.800000190734863,14.880000114440918,13.108607292175291,18400
2017-11-08,14.880000114440918,14.880000114440918,14.800000190734863,14.869999885559082,13.099797248840332,14600
2017-11-09,14.880000114440918,14.880000114440918,14.81999969482422,14.850000381469728,13.082176208496094,17300
2017-11-10,14.779999732971191,14.869999885559082,14.729999542236328,14.729999542236328,12.976462364196776,11700
2017-11-13,14.729999542236328,14.729999542236328,14.710000038146973,14.710000038146973,12.958843231201172,5800
2017-11-14,14.670000076293944,14.6899995803833,14.59000015258789,14.640000343322754,12.897177696228027,12700
2017-11-15,14.699999809265137,14.720000267028809,14.630000114440918,14.670000076293944,12.923605918884276,18100
2017-11-16,14.670000076293944,14.729999542236328,14.670000076293944,14.720000267028809,12.967653274536133,12200
2017-11-17,14.729999542236328,14.75,14.699999809265137,14.720000267028809,12.967653274536133,21800
2017-11-20,14.789999961853027,14.800000190734863,14.710000038146973,14.800000190734863,13.038129806518556,18100
2017-11-21,14.800000190734863,14.800000190734863,14.68000030517578,14.710000038146973,12.958843231201172,17300
2017-11-22,14.699999809265137,14.75,14.699999809265137,14.710000038146973,12.958843231201172,9200
2017-11-24,14.75,14.760000228881836,14.720000267028809,14.75,12.994080543518066,4000
2017-11-27,14.75,14.760000228881836,14.699999809265137,14.760000228881836,13.00289249420166,20000
2017-11-28,14.779999732971191,14.789999961853027,14.710000038146973,14.789999961853027,13.029319763183594,15800
2017-11-29,14.789999961853027,14.800000190734863,14.739999771118164,14.779999732971191,13.020509719848633,21400
2017-11-30,14.789999961853027,14.81999969482422,14.710000038146973,14.81999969482422,13.05574893951416,19300
2017-12-01,14.81999969482422,14.81999969482422,14.770000457763672,14.800000190734863,13.038129806518556,16300
2017-12-04,14.800000190734863,14.8100004196167,14.68000030517578,14.68000030517578,12.932414054870604,20100
2017-12-05,14.75,14.8100004196167,14.75,14.8100004196167,13.046939849853516,11300
2017-12-06,14.800000190734863,14.84000015258789,14.75,14.84000015258789,13.073368072509766,23400
2017-12-07,14.829999923706056,14.829999923706056,14.729999542236328,14.729999542236328,12.976462364196776,9900
2017-12-08,14.579999923706056,14.619999885559082,14.479999542236328,14.5600004196167,13.019384384155272,18000
2017-12-11,14.579999923706056,14.65999984741211,14.550000190734863,14.65999984741211,13.108800888061523,31600
2017-12-12,14.649999618530272,14.649999618530272,14.5600004196167,14.5600004196167,13.019384384155272,10200
2017-12-13,14.59000015258789,14.59000015258789,14.550000190734863,14.550000190734863,13.010440826416016,13800
2017-12-14,14.619999885559082,14.619999885559082,14.529999732971191,14.529999732971191,12.99255657196045,15600
2017-12-15,14.609999656677246,14.640000343322754,14.5600004196167,14.600000381469728,13.055150032043455,25400
2017-12-18,14.619999885559082,14.729999542236328,14.619999885559082,14.68000030517578,13.126686096191406,23100
2017-12-19,14.68000030517578,14.960000038146973,14.670000076293944,14.75,13.189278602600098,21600
2017-12-20,14.880000114440918,14.880000114440918,14.8100004196167,14.81999969482422,13.251873016357422,33700
2017-12-21,14.880000114440918,14.880000114440918,14.729999542236328,14.739999771118164,13.180336952209473,25300
2017-12-22,14.770000457763672,14.8100004196167,14.739999771118164,14.760000228881836,13.198223114013672,22500
2017-12-26,14.760000228881836,14.800000190734863,14.699999809265137,14.75,13.189278602600098,18700
2017-12-27,14.90999984741211,14.90999984741211,14.770000457763672,14.770000457763672,13.207162857055664,21100
2017-12-28,14.8100004196167,14.81999969482422,14.760000228881836,14.81999969482422,13.251873016357422,19600
2017-12-29,14.920000076293944,14.989999771118164,14.760000228881836,14.850000381469728,13.278697967529297,32700
2018-01-02,14.880000114440918,14.989999771118164,14.8100004196167,14.9399995803833,13.359174728393556,31500
2018-01-03,15.0,15.0,14.890000343322754,14.989999771118164,13.403884887695312,19100
2018-01-04,15.010000228881836,15.039999961853027,14.949999809265137,15.039999961853027,13.448594093322754,11900
2018-01-05,15.020000457763672,15.020000457763672,14.859999656677246,14.899999618530272,13.323406219482422,34700
2018-01-08,14.90999984741211,14.989999771118164,14.90999984741211,14.979999542236328,13.394943237304688,21200
2018-01-09,14.93000030517578,14.960000038146973,14.779999732971191,14.779999732971191,13.216105461120604,10100
2018-01-10,14.800000190734863,14.850000381469728,14.720000267028809,14.779999732971191,13.216105461120604,24100
2018-01-11,14.770000457763672,15.119999885559082,14.75,15.0,13.412826538085938,28400
2018-01-12,14.949999809265137,14.979999542236328,14.920000076293944,14.920000076293944,13.34129238128662,26100
2018-01-16,15.0,15.100000381469728,14.720000267028809,14.770000457763672,13.207162857055664,25900
2018-01-17,14.779999732971191,14.829999923706056,14.729999542236328,14.75,13.189278602600098,19000
2018-01-18,14.6899995803833,14.789999961853027,14.6899995803833,14.6899995803833,13.135627746582031,21300
2018-01-19,14.720000267028809,14.800000190734863,14.720000267028809,14.800000190734863,13.233988761901855,16100
2018-01-22,14.779999732971191,14.779999732971191,14.729999542236328,14.760000228881836,13.198223114013672,24600
2018-01-23,14.779999732971191,14.829999923706056,14.779999732971191,14.789999961853027,13.22504711151123,24500
2018-01-24,14.81999969482422,14.880000114440918,14.789999961853027,14.800000190734863,13.233988761901855,15000
2018-01-25,14.760000228881836,14.81999969482422,14.760000228881836,14.760000228881836,13.198223114013672,10800
2018-01-26,14.800000190734863,14.829999923706056,14.789999961853027,14.789999961853027,13.22504711151123,13000
2018-01-29,14.779999732971191,14.829999923706056,14.75,14.789999961853027,13.22504711151123,16400
2018-01-30,14.75,14.779999732971191,14.699999809265137,14.75,13.189278602600098,15200
2018-01-31,14.880000114440918,15.010000228881836,14.729999542236328,14.850000381469728,13.278697967529297,16000
2018-02-01,14.9399995803833,14.989999771118164,14.859999656677246,14.869999885559082,13.296581268310549,7100
2018-02-02,14.850000381469728,14.850000381469728,14.720000267028809,14.739999771118164,13.180336952209473,10200
2018-02-05,14.789999961853027,14.789999961853027,14.609999656677246,14.649999618530272,13.099861145019531,14400
2018-02-06,14.670000076293944,14.75,14.550000190734863,14.5600004196167,13.019384384155272,35300
2018-02-07,14.619999885559082,14.68000030517578,14.520000457763672,14.600000381469728,13.055150032043455,23100
2018-02-08,14.579999923706056,14.600000381469728,14.550000190734863,14.550000190734863,13.010440826416016,4700
2018-02-09,14.550000190734863,14.550000190734863,14.350000381469728,14.350000381469728,12.831604957580566,12200
2018-02-12,14.420000076293944,14.470000267028809,14.380000114440918,14.399999618530272,12.876313209533691,8600
2018-02-13,14.420000076293944,14.529999732971191,14.420000076293944,14.479999542236328,12.947848320007324,8400
2018-02-14,14.510000228881836,14.550000190734863,14.479999542236328,14.489999771118164,12.956789016723633,17500
2018-02-15,14.5,14.520000457763672,14.460000038146973,14.460000038146973,12.929964065551758,9300
2018-02-16,14.449999809265137,14.529999732971191,14.43000030517578,14.4399995803833,12.912079811096191,13400
2018-02-20,14.479999542236328,14.479999542236328,14.399999618530272,14.470000267028809,12.938907623291016,17100
2018-02-21,14.4399995803833,14.550000190734863,14.43000030517578,14.470000267028809,12.938907623291016,25600
2018-02-22,14.520000457763672,14.600000381469728,14.5,14.59000015258789,13.046210289001465,17900
2018-02-23,14.489999771118164,14.539999961853027,14.4399995803833,14.489999771118164,12.956789016723633,11100
2018-02-26,14.59000015258789,14.649999618530272,14.40999984741211,14.40999984741211,12.885255813598633,20200
2018-02-27,14.449999809265137,14.489999771118164,14.40999984741211,14.4399995803833,12.912079811096191,15100
2018-02-28,14.40999984741211,14.59000015258789,14.31999969482422,14.31999969482422,12.804779052734377,15300
2018-03-01,14.31999969482422,14.380000114440918,14.300000190734863,14.300000190734863,12.786894798278809,11000
2018-03-02,14.300000190734863,14.300000190734863,14.220000267028809,14.239999771118164,12.733242988586426,17300
2018-03-05,14.220000267028809,14.229999542236328,14.140000343322754,14.170000076293944,12.670649528503418,14900
2018-03-06,14.220000267028809,14.239999771118164,14.170000076293944,14.199999809265137,12.69747543334961,18800
2018-03-07,14.1899995803833,14.210000038146973,14.0,14.079999923706056,12.590171813964844,31200
2018-03-08,14.149999618530272,14.1899995803833,14.100000381469728,14.100000381469728,12.608057022094728,14100
2018-03-09,14.020000457763672,14.119999885559082,14.020000457763672,14.109999656677246,12.774643898010254,20100
2018-03-12,14.18000030517578,14.18000030517578,14.100000381469728,14.100000381469728,12.765589714050291,6100
2018-03-13,14.09000015258789,14.130000114440918,14.06999969482422,14.06999969482422,12.73842716217041,10700
2018-03-14,14.100000381469728,14.119999885559082,14.079999923706056,14.109999656677246,12.774643898010254,5900
2018-03-15,14.199999809265137,14.239999771118164,14.18000030517578,14.229999542236328,12.88328742980957,10900
2018-03-16,14.1899995803833,14.1899995803833,14.039999961853027,14.039999961853027,12.711268424987791,8700
2018-03-19,14.020000457763672,14.050000190734863,14.020000457763672,14.039999961853027,12.711268424987791,6100
2018-03-20,14.0600004196167,14.079999923706056,13.960000038146973,14.079999923706056,12.747481346130373,15500
2018-03-21,14.149999618530272,14.149999618530272,14.010000228881836,14.039999961853027,12.711268424987791,21500
2018-03-22,14.0600004196167,14.0600004196167,14.0,14.0,12.675053596496582,7500
2018-03-23,14.050000190734863,14.0600004196167,13.970000267028809,13.970000267028809,12.647891998291016,17500
2018-03-26,14.029999732971191,14.029999732971191,13.989999771118164,13.989999771118164,12.66599941253662,12900
2018-03-27,14.020000457763672,14.050000190734863,13.970000267028809,13.970000267028809,12.647891998291016,24000
2018-03-28,14.0,14.479999542236328,14.0,14.199999809265137,12.856125831604004,22000
2018-03-29,14.3100004196167,14.31999969482422,14.140000343322754,14.140000343322754,12.801804542541504,12400
2018-04-02,14.279999732971191,14.279999732971191,14.170000076293944,14.279999732971191,12.92855453491211,18000
2018-04-03,14.270000457763672,14.270000457763672,14.130000114440918,14.239999771118164,12.892339706420898,5300
2018-04-04,14.25,14.25,14.109999656677246,14.109999656677246,12.774643898010254,8900
2018-04-05,14.15999984741211,14.15999984741211,13.960000038146973,14.020000457763672,12.693160057067873,22000
2018-04-06,14.010000228881836,14.029999732971191,13.960000038146973,13.960000038146973,12.638839721679688,22400
2018-04-09,14.010000228881836,14.050000190734863,13.960000038146973,13.960000038146973,12.638839721679688,23900
2018-04-10,13.989999771118164,14.020000457763672,13.9399995803833,14.0,12.675053596496582,55800
2018-04-11,13.989999771118164,14.100000381469728,13.970000267028809,14.039999961853027,12.711268424987791,38300
2018-04-12,14.020000457763672,14.029999732971191,13.949999809265137,13.949999809265137,12.629785537719728,11000
2018-04-13,13.920000076293944,13.9399995803833,13.850000381469728,13.890000343322754,12.57546329498291,15900
2018-04-16,13.770000457763672,13.920000076293944,13.770000457763672,13.90999984741211,12.593568801879885,23600
2018-04-17,13.899999618530272,13.920000076293944,13.869999885559082,13.890000343322754,12.57546329498291,10800
2018-04-18,13.890000343322754,13.890000343322754,13.8100004196167,13.850000381469728,12.539251327514648,15200
2018-04-19,13.850000381469728,13.869999885559082,13.829999923706056,13.859999656677246,12.54830265045166,47400
2018-04-20,13.829999923706056,13.829999923706056,13.8100004196167,13.81999969482422,12.512088775634766,12200
2018-04-23,13.829999923706056,13.829999923706056,13.75,13.760000228881836,12.457767486572266,20600
2018-04-24,13.800000190734863,13.800000190734863,13.720000267028809,13.729999542236328,12.4306058883667,27500
2018-04-25,13.739999771118164,13.739999771118164,13.640000343322754,13.699999809265137,12.40344524383545,26600
2018-04-26,13.670000076293944,13.720000267028809,13.600000381469728,13.600000381469728,12.312910079956056,34300
2018-04-27,13.649999618530272,13.699999809265137,13.619999885559082,13.65999984741211,12.367230415344238,21000
2018-04-30,13.649999618530272,13.6899995803833,13.609999656677246,13.609999656677246,12.321962356567385,45200
2018-05-01,13.609999656677246,13.640000343322754,13.59000015258789,13.640000343322754,12.34912395477295,49700
2018-05-02,13.56999969482422,13.649999618530272,13.56999969482422,13.59000015258789,12.303854942321776,32700
2018-05-03,13.609999656677246,13.630000114440918,13.609999656677246,13.609999656677246,12.321962356567385,56300
2018-05-04,13.619999885559082,13.630000114440918,13.609999656677246,13.630000114440918,12.340070724487305,36600
2018-05-07,13.619999885559082,13.619999885559082,13.59000015258789,13.59000015258789,12.303854942321776,25200
2018-05-08,13.489999771118164,13.5600004196167,13.489999771118164,13.520000457763672,12.240480422973633,52000
2018-05-09,13.489999771118164,13.550000190734863,13.489999771118164,13.510000228881836,12.231426239013672,27300
2018-05-10,13.520000457763672,13.550000190734863,13.5,13.520000457763672,12.240480422973633,42600
2018-05-11,13.529999732971191,13.550000190734863,13.510000228881836,13.550000190734863,12.2676420211792,17700
2018-05-14,13.510000228881836,13.550000190734863,13.510000228881836,13.529999732971191,12.249533653259276,15000
2018-05-15,13.510000228881836,13.510000228881836,13.420000076293944,13.43000030517578,12.1589994430542,27200
2018-05-16,13.399999618530272,13.4399995803833,13.399999618530272,13.420000076293944,12.149944305419922,10600
2018-05-17,13.399999618530272,13.420000076293944,13.359999656677246,13.359999656677246,12.095622062683104,25500
2018-05-18,13.399999618530272,13.420000076293944,13.369999885559082,13.380000114440918,12.113729476928713,55300
2018-05-21,13.390000343322754,13.420000076293944,13.359999656677246,13.369999885559082,12.104676246643066,23000
2018-05-22,13.369999885559082,13.399999618530272,13.329999923706056,13.329999923706056,12.068461418151855,13200
2018-05-23,13.380000114440918,13.43000030517578,13.350000381469728,13.40999984741211,12.140891075134276,47900
2018-05-24,13.449999809265137,13.460000038146973,13.40999984741211,13.449999809265137,12.177104949951172,36400
2018-05-25,13.460000038146973,13.5,13.460000038146973,13.470000267028809,12.195212364196776,14500
2018-05-29,13.5,13.510000228881836,13.470000267028809,13.479999542236328,12.204265594482422,27100
2018-05-30,13.5,13.529999732971191,13.479999542236328,13.510000228881836,12.231426239013672,22000
2018-05-31,13.489999771118164,13.550000190734863,13.489999771118164,13.529999732971191,12.249533653259276,22400
2018-06-01,13.479999542236328,13.520000457763672,13.479999542236328,13.489999771118164,12.213318824768066,5800
2018-06-04,13.479999542236328,13.529999732971191,12.970000267028809,13.420000076293944,12.149944305419922,152900
2018-06-05,13.420000076293944,13.4399995803833,13.380000114440918,13.380000114440918,12.113729476928713,37000
2018-06-06,13.359999656677246,13.399999618530272,13.34000015258789,13.380000114440918,12.113729476928713,22300
2018-06-07,13.359999656677246,13.390000343322754,13.31999969482422,13.31999969482422,12.059409141540527,26200
2018-06-08,13.1899995803833,13.229999542236328,13.1899995803833,13.229999542236328,12.139235496520996,32200
2018-06-11,13.229999542236328,13.260000228881836,13.229999542236328,13.25,12.157586097717283,33000
2018-06-12,13.279999732971191,13.3100004196167,13.229999542236328,13.3100004196167,12.212638854980469,251000
2018-06-13,13.289999961853027,13.31999969482422,13.289999961853027,13.31999969482422,12.221814155578612,15300
2018-06-14,13.31999969482422,13.350000381469728,13.270000457763672,13.279999732971191,12.18511199951172,19900
2018-06-15,13.289999961853027,13.329999923706056,13.279999732971191,13.329999923706056,12.230989456176758,29000
2018-06-18,13.329999923706056,13.380000114440918,13.329999923706056,13.34000015258789,12.24016571044922,11300
2018-06-19,13.31999969482422,13.359999656677246,13.3100004196167,13.34000015258789,12.24016571044922,21200
2018-06-20,13.289999961853027,13.31999969482422,13.289999961853027,13.3100004196167,12.212638854980469,26300
2018-06-21,13.31999969482422,13.359999656677246,13.3100004196167,13.329999923706056,12.230989456176758,26200
2018-06-22,13.350000381469728,13.40999984741211,13.34000015258789,13.359999656677246,12.258516311645508,7000
2018-06-25,13.369999885559082,13.390000343322754,13.329999923706056,13.369999885559082,12.267691612243652,19600
2018-06-26,13.369999885559082,13.369999885559082,13.279999732971191,13.279999732971191,12.18511199951172,37700
2018-06-27,13.350000381469728,13.369999885559082,13.31999969482422,13.369999885559082,12.267691612243652,33800
2018-06-28,13.34000015258789,13.359999656677246,13.3100004196167,13.3100004196167,12.212638854980469,41400
2018-06-29,13.399999618530272,13.399999618530272,13.31999969482422,13.399999618530272,12.29521942138672,35500
2018-07-02,13.380000114440918,13.470000267028809,13.380000114440918,13.420000076293944,12.313570022583008,39800
2018-07-03,13.43000030517578,13.43000030517578,13.350000381469728,13.350000381469728,12.24934196472168,16700
2018-07-05,13.380000114440918,13.420000076293944,13.350000381469728,13.369999885559082,12.267691612243652,24900
2018-07-06,13.390000343322754,13.399999618530272,13.350000381469728,13.359999656677246,12.258516311645508,11300
2018-07-09,13.359999656677246,13.390000343322754,13.350000381469728,13.350000381469728,12.24934196472168,21500
2018-07-10,13.390000343322754,13.399999618530272,13.369999885559082,13.399999618530272,12.29521942138672,24000
2018-07-11,13.399999618530272,13.460000038146973,13.399999618530272,13.460000038146973,12.35027313232422,28000
2018-07-12,13.479999542236328,13.5,13.4399995803833,13.479999542236328,12.368622779846191,23700
2018-07-13,13.479999542236328,13.479999542236328,13.43000030517578,13.43000030517578,12.322747230529783,16500
2018-07-16,13.470000267028809,13.479999542236328,13.40999984741211,13.449999809265137,12.341097831726074,14500
2018-07-17,13.449999809265137,13.449999809265137,13.380000114440918,13.449999809265137,12.341097831726074,21500
2018-07-18,13.43000030517578,13.470000267028809,13.43000030517578,13.449999809265137,12.341097831726074,22500
2018-07-19,13.449999809265137,13.460000038146973,13.4399995803833,13.4399995803833,12.331920623779297,22600
2018-07-20,13.460000038146973,13.479999542236328,13.4399995803833,13.460000038146973,12.35027313232422,24000
2018-07-23,13.449999809265137,13.460000038146973,13.390000343322754,13.390000343322754,12.286043167114258,34100
2018-07-24,13.380000114440918,13.4399995803833,13.380000114440918,13.4399995803833,12.331920623779297,10400
2018-07-25,13.449999809265137,13.449999809265137,13.399999618530272,13.40999984741211,12.304394721984863,14800
2018-07-26,13.43000030517578,13.43000030517578,13.369999885559082,13.369999885559082,12.267691612243652,13100
2018-07-27,13.380000114440918,13.460000038146973,13.380000114440918,13.420000076293944,12.313570022583008,9700
2018-07-30,13.329999923706056,13.4399995803833,13.329999923706056,13.4399995803833,12.331920623779297,22400
2018-07-31,13.449999809265137,13.520000457763672,13.420000076293944,13.5,12.386974334716797,119000
2018-08-01,13.470000267028809,13.550000190734863,13.350000381469728,13.539999961853027,12.423676490783691,16500
2018-08-02,13.529999732971191,13.550000190734863,13.449999809265137,13.539999961853027,12.423676490783691,28800
2018-08-03,13.529999732971191,13.609999656677246,13.5,13.510000228881836,12.39614963531494,6500
2018-08-06,13.5,13.550000190734863,13.5,13.550000190734863,12.432851791381836,7500
2018-08-07,13.5600004196167,13.5600004196167,13.510000228881836,13.520000457763672,12.405324935913086,14000
2018-08-08,13.529999732971191,13.529999732971191,13.520000457763672,13.520000457763672,12.405324935913086,10200
2018-08-09,13.529999732971191,13.550000190734863,13.510000228881836,13.529999732971191,12.41450023651123,23100
2018-08-10,13.550000190734863,13.5600004196167,13.520000457763672,13.539999961853027,12.423676490783691,16200
2018-08-13,13.550000190734863,13.550000190734863,13.510000228881836,13.510000228881836,12.39614963531494,17400
2018-08-14,13.5,13.529999732971191,13.489999771118164,13.510000228881836,12.39614963531494,18000
2018-08-15,13.520000457763672,13.539999961853027,13.520000457763672,13.539999961853027,12.423676490783691,10000
2018-08-16,13.510000228881836,13.510000228881836,13.489999771118164,13.510000228881836,12.39614963531494,21400
2018-08-17,13.510000228881836,13.529999732971191,13.489999771118164,13.520000457763672,12.405324935913086,31100
2018-08-20,13.550000190734863,13.5600004196167,13.520000457763672,13.5600004196167,12.442028045654297,11100
2018-08-21,13.5600004196167,13.5600004196167,13.520000457763672,13.520000457763672,12.405324935913086,63100
2018-08-22,13.529999732971191,13.56999969482422,13.529999732971191,13.56999969482422,12.45120334625244,13100
2018-08-23,13.579999923706056,13.65999984741211,13.550000190734863,13.649999618530272,12.524609565734863,17200
2018-08-24,13.65999984741211,13.6899995803833,13.609999656677246,13.6899995803833,12.561308860778809,13800
2018-08-27,13.670000076293944,13.699999809265137,13.640000343322754,13.640000343322754,12.515432357788086,9800
2018-08-28,13.640000343322754,13.670000076293944,13.600000381469728,13.649999618530272,12.524609565734863,17400
2018-08-29,13.739999771118164,13.739999771118164,13.699999809265137,13.739999771118164,12.607187271118164,21200
2018-08-30,13.729999542236328,13.75,13.619999885559082,13.720000267028809,12.58883571624756,22400
2018-08-31,13.68000030517578,13.699999809265137,13.600000381469728,13.600000381469728,12.478731155395508,11700
2018-09-04,13.600000381469728,13.609999656677246,13.4399995803833,13.5,12.386974334716797,38700
2018-09-05,13.489999771118164,13.529999732971191,13.489999771118164,13.489999771118164,12.377799034118652,7200
2018-09-06,13.5,13.529999732971191,13.479999542236328,13.520000457763672,12.405324935913086,10900
2018-09-07,13.520000457763672,13.539999961853027,13.479999542236328,13.5,12.386974334716797,10800
2018-09-10,13.510000228881836,13.550000190734863,13.489999771118164,13.510000228881836,12.39614963531494,8300
2018-09-11,13.510000228881836,13.550000190734863,13.479999542236328,13.550000190734863,12.432851791381836,15100
2018-09-12,13.56999969482422,13.59000015258789,13.5600004196167,13.59000015258789,12.46955394744873,22700
2018-09-13,13.479999542236328,13.479999542236328,13.369999885559082,13.369999885559082,12.424020767211914,14900
2018-09-14,13.399999618530272,13.399999618530272,13.34000015258789,13.390000343322754,12.44260597229004,12500
2018-09-17,13.5,13.5,13.300000190734863,13.380000114440918,12.433313369750977,18300
2018-09-18,13.329999923706056,13.34000015258789,13.300000190734863,13.329999923706056,12.386850357055664,11500
2018-09-19,13.399999618530272,13.399999618530272,13.289999961853027,13.300000190734863,12.358973503112791,19000
2018-09-20,13.329999923706056,13.329999923706056,13.289999961853027,13.31999969482422,12.377558708190918,22400
2018-09-21,13.31999969482422,13.350000381469728,13.31999969482422,13.350000381469728,12.405436515808104,9800
2018-09-24,13.350000381469728,13.380000114440918,13.300000190734863,13.369999885559082,12.424020767211914,12800
2018-09-25,13.369999885559082,13.369999885559082,13.3100004196167,13.34000015258789,12.396143913269045,15000
2018-09-26,13.329999923706056,13.380000114440918,13.31999969482422,13.350000381469728,12.405436515808104,24300
2018-09-27,13.380000114440918,13.399999618530272,13.350000381469728,13.359999656677246,12.414728164672852,20100
2018-09-28,13.390000343322754,13.420000076293944,13.350000381469728,13.369999885559082,12.424020767211914,18400
2018-10-01,13.43000030517578,13.43000030517578,13.34000015258789,13.40999984741211,12.461191177368164,17200
2018-10-02,13.40999984741211,13.470000267028809,13.399999618530272,13.420000076293944,12.470483779907228,11000
2018-10-03,13.43000030517578,13.449999809265137,13.359999656677246,13.4399995803833,12.489068031311035,6700
2018-10-04,13.43000030517578,13.43000030517578,13.119999885559082,13.130000114440918,12.201001167297363,22600
2018-10-05,13.130000114440918,13.470000267028809,13.119999885559082,13.289999961853027,12.34968090057373,19000
2018-10-08,13.289999961853027,13.289999961853027,12.989999771118164,13.039999961853027,12.11737060546875,21200
2018-10-09,13.149999618530272,13.149999618530272,12.800000190734863,13.0600004196167,12.135955810546877,34700
2018-10-10,12.989999771118164,13.010000228881836,12.949999809265137,12.989999771118164,12.070908546447754,14000
2018-10-11,12.979999542236328,13.020000457763672,12.949999809265137,13.0,12.080199241638184,18800
2018-10-12,13.010000228881836,13.029999732971191,12.899999618530272,12.90999984741211,11.996566772460938,18400
2018-10-15,12.899999618530272,12.989999771118164,12.899999618530272,12.989999771118164,12.070908546447754,16800
2018-10-16,13.020000457763672,13.100000381469728,12.989999771118164,13.100000381469728,12.173125267028809,18700
2018-10-17,13.0600004196167,13.09000015258789,13.0,13.0,12.080199241638184,30300
2018-10-18,13.020000457763672,13.029999732971191,13.0,13.0,12.080199241638184,12000
2018-10-19,13.029999732971191,13.0600004196167,13.0,13.0600004196167,12.135955810546877,12700
2018-10-22,13.079999923706056,13.100000381469728,13.029999732971191,13.039999961853027,12.11737060546875,12100
2018-10-23,13.020000457763672,13.079999923706056,13.020000457763672,13.079999923706056,12.154539108276367,11200
2018-10-24,13.050000190734863,13.109999656677246,13.029999732971191,13.06999969482422,12.14524745941162,11800
2018-10-25,13.050000190734863,13.06999969482422,13.020000457763672,13.020000457763672,12.098785400390623,21600
2018-10-26,13.0600004196167,13.119999885559082,13.0600004196167,13.06999969482422,12.14524745941162,5600
2018-10-29,13.119999885559082,13.119999885559082,13.029999732971191,13.050000190734863,12.126663208007812,9800
2018-10-30,13.050000190734863,13.100000381469728,13.050000190734863,13.100000381469728,12.173125267028809,10900
2018-10-31,13.130000114440918,13.25,13.050000190734863,13.140000343322754,12.210294723510742,18500
2018-11-01,13.229999542236328,13.270000457763672,13.0,13.1899995803833,12.256756782531738,19800
2018-11-02,13.260000228881836,13.31999969482422,13.0,13.0,12.080199241638184,11800
2018-11-05,13.079999923706056,13.079999923706056,13.010000228881836,13.050000190734863,12.126663208007812,16200
2018-11-06,13.0,13.079999923706056,13.0,13.0600004196167,12.135955810546877,11100
2018-11-07,13.109999656677246,13.18000030517578,13.079999923706056,13.079999923706056,12.154539108276367,18400
2018-11-08,13.079999923706056,13.109999656677246,13.079999923706056,13.079999923706056,12.154539108276367,8300
2018-11-09,13.06999969482422,13.09000015258789,13.0,13.029999732971191,12.108078002929688,20500
2018-11-12,13.050000190734863,13.100000381469728,13.010000228881836,13.0600004196167,12.135955810546877,15100
2018-11-13,13.0,13.079999923706056,13.0,13.020000457763672,12.098785400390623,31300
2018-11-14,13.029999732971191,13.039999961853027,13.0,13.0,12.080199241638184,18300
2018-11-15,13.050000190734863,13.050000190734863,13.010000228881836,13.020000457763672,12.098785400390623,8700
2018-11-16,13.0,13.020000457763672,13.0,13.0,12.080199241638184,10400
2018-11-19,13.0,13.029999732971191,12.989999771118164,13.029999732971191,12.108078002929688,5100
2018-11-20,13.010000228881836,13.050000190734863,12.899999618530272,12.899999618530272,11.987275123596191,10500
2018-11-21,12.960000038146973,13.0,12.949999809265137,13.0,12.080199241638184,7900
2018-11-23,12.989999771118164,13.0,12.989999771118164,13.0,12.080199241638184,4500
2018-11-26,12.989999771118164,13.029999732971191,12.899999618530272,12.899999618530272,11.987275123596191,9800
2018-11-27,12.920000076293944,12.9399995803833,12.90999984741211,12.90999984741211,11.996566772460938,43100
2018-11-28,12.90999984741211,12.920000076293944,12.850000381469728,12.880000114440918,11.9686918258667,27900
2018-11-29,12.850000381469728,12.880000114440918,12.800000190734863,12.829999923706056,11.92222785949707,25800
2018-11-30,12.8100004196167,12.93000030517578,12.8100004196167,12.81999969482422,11.912936210632324,24000
2018-12-03,12.850000381469728,12.9399995803833,12.619999885559082,12.619999885559082,11.727087020874023,118400
2018-12-04,12.68000030517578,12.899999618530272,12.68000030517578,12.899999618530272,11.987275123596191,37500
2018-12-06,12.68000030517578,12.93000030517578,12.68000030517578,12.869999885559082,11.95939826965332,21200
2018-12-07,12.869999885559082,12.920000076293944,12.869999885559082,12.90999984741211,11.996566772460938,30600
2018-12-10,12.84000015258789,12.9399995803833,12.84000015258789,12.93000030517578,12.015151977539062,32700
2018-12-11,12.920000076293944,12.949999809265137,12.920000076293944,12.9399995803833,12.024444580078123,30600
2018-12-12,12.739999771118164,12.800000190734863,12.739999771118164,12.760000228881836,12.051836967468262,37400
2018-12-13,12.760000228881836,12.800000190734863,12.739999771118164,12.770000457763672,12.061281204223633,32200
2018-12-14,12.779999732971191,12.970000267028809,12.779999732971191,12.829999923706056,12.11795139312744,33900
2018-12-17,12.789999961853027,12.789999961853027,12.6899995803833,12.6899995803833,11.98572063446045,23400
2018-12-18,12.399999618530272,12.520000457763672,12.380000114440918,12.460000038146973,11.76848602294922,221300
2018-12-19,12.40999984741211,12.670000076293944,12.40999984741211,12.529999732971191,11.834601402282717,39800
2018-12-20,12.56999969482422,12.579999923706056,12.43000030517578,12.550000190734863,11.85349178314209,34700
2018-12-21,12.420000076293944,12.649999618530272,12.40999984741211,12.539999961853027,11.844045639038086,41200
2018-12-24,12.56999969482422,12.59000015258789,12.5600004196167,12.56999969482422,11.872380256652832,8700
2018-12-26,12.600000381469728,12.6899995803833,12.59000015258789,12.65999984741211,11.957386016845703,37400
2018-12-27,12.539999961853027,12.789999961853027,12.539999961853027,12.710000038146973,12.004611015319824,31700
2018-12-28,12.710000038146973,12.859999656677246,12.6899995803833,12.760000228881836,12.051836967468262,43300
2018-12-31,13.0,13.0,12.720000267028809,12.720000267028809,12.014056205749512,42000
2019-01-02,12.75,13.0600004196167,12.75,12.920000076293944,12.202956199645996,64600
2019-01-03,12.920000076293944,12.920000076293944,12.779999732971191,12.81999969482422,12.108506202697754,21900
2019-01-04,12.779999732971191,13.050000190734863,12.779999732971191,12.949999809265137,12.23129177093506,35400
2019-01-07,12.869999885559082,13.079999923706056,12.869999885559082,13.06999969482422,12.34463119506836,31100
2019-01-08,13.050000190734863,13.100000381469728,12.970000267028809,13.039999961853027,12.316296577453612,51700
2019-01-09,13.039999961853027,13.09000015258789,13.0,13.010000228881836,12.28796100616455,17300
2019-01-10,13.050000190734863,13.0600004196167,13.020000457763672,13.020000457763672,12.297407150268556,34000
2019-01-11,13.06999969482422,13.140000343322754,13.010000228881836,13.010000228881836,12.28796100616455,20900
2019-01-14,13.0600004196167,13.130000114440918,13.010000228881836,13.010000228881836,12.28796100616455,24000
2019-01-15,13.050000190734863,13.050000190734863,13.0,13.029999732971191,12.30685043334961,14500
2019-01-16,13.010000228881836,13.010000228881836,12.90999984741211,12.90999984741211,12.193511962890623,46900
2019-01-17,12.970000267028809,13.020000457763672,12.9399995803833,12.960000038146973,12.240736961364746,12700
2019-01-18,12.970000267028809,13.0,12.970000267028809,13.0,12.278515815734863,33700
2019-01-22,13.0,13.039999961853027,12.979999542236328,12.989999771118164,12.269070625305176,18700
2019-01-23,13.06999969482422,13.140000343322754,13.039999961853027,13.100000381469728,12.372967720031738,22400
2019-01-24,13.140000343322754,13.600000381469728,13.119999885559082,13.600000381469728,12.84521770477295,18000
2019-01-25,13.59000015258789,13.59000015258789,13.359999656677246,13.479999542236328,12.731876373291016,19200
2019-01-28,13.399999618530272,13.470000267028809,13.380000114440918,13.399999618530272,12.656316757202148,13400
2019-01-29,13.420000076293944,13.449999809265137,13.380000114440918,13.380000114440918,12.637426376342772,8500
2019-01-30,13.420000076293944,13.420000076293944,13.369999885559082,13.369999885559082,12.62798309326172,13600
2019-01-31,13.369999885559082,13.390000343322754,13.239999771118164,13.390000343322754,12.646872520446776,11100
2019-02-01,13.40999984741211,13.470000267028809,13.350000381469728,13.470000267028809,12.722432136535645,6100
2019-02-04,13.460000038146973,13.600000381469728,13.460000038146973,13.600000381469728,12.84521770477295,7400
2019-02-05,13.670000076293944,13.779999732971191,13.619999885559082,13.699999809265137,12.939666748046877,13800
2019-02-06,13.720000267028809,13.81999969482422,13.699999809265137,13.81999969482422,13.053007125854492,18200
2019-02-07,13.84000015258789,13.84000015258789,13.75,13.770000457763672,13.005782127380373,10500
2019-02-08,13.829999923706056,13.84000015258789,13.770000457763672,13.770000457763672,13.005782127380373,8600
2019-02-11,13.770000457763672,13.949999809265137,13.760000228881836,13.829999923706056,13.06245231628418,6500
2019-02-12,13.920000076293944,13.920000076293944,13.81999969482422,13.81999969482422,13.053007125854492,16700
2019-02-13,13.829999923706056,14.18000030517578,13.68000030517578,13.68000030517578,12.920777320861816,28000
2019-02-14,13.75,13.760000228881836,13.600000381469728,13.600000381469728,12.84521770477295,13200
2019-02-15,13.789999961853027,13.829999923706056,13.59000015258789,13.600000381469728,12.84521770477295,15200
2019-02-19,13.670000076293944,13.670000076293944,13.640000343322754,13.65999984741211,12.901887893676758,16700
2019-02-20,13.65999984741211,13.65999984741211,13.649999618530272,13.65999984741211,12.901887893676758,15900
2019-02-21,13.729999542236328,14.079999923706056,13.699999809265137,13.779999732971191,13.01522731781006,12300
2019-02-22,13.779999732971191,13.779999732971191,13.600000381469728,13.65999984741211,12.901887893676758,21500
2019-02-25,13.640000343322754,13.670000076293944,13.59000015258789,13.640000343322754,12.882996559143066,41000
2019-02-26,13.640000343322754,13.739999771118164,13.630000114440918,13.699999809265137,12.939666748046877,23300
2019-02-27,13.729999542236328,13.9399995803833,13.729999542236328,13.770000457763672,13.005782127380373,12900
2019-02-28,13.81999969482422,13.84000015258789,13.699999809265137,13.699999809265137,12.939666748046877,18700
2019-03-01,13.75,13.970000267028809,13.75,13.829999923706056,13.06245231628418,18400
2019-03-04,13.8100004196167,13.8100004196167,13.710000038146973,13.720000267028809,12.95855712890625,11200
2019-03-05,13.729999542236328,13.75,13.6899995803833,13.75,12.986892700195312,35600
2019-03-06,13.75,13.920000076293944,13.710000038146973,13.75,12.986892700195312,23100
2019-03-07,13.75,13.779999732971191,13.6899995803833,13.6899995803833,12.930222511291504,263800
2019-03-08,13.56999969482422,13.710000038146973,13.56999969482422,13.670000076293944,13.056488990783691,10100
2019-03-11,13.6899995803833,13.720000267028809,13.65999984741211,13.6899995803833,13.075591087341309,14100
2019-03-12,13.739999771118164,13.739999771118164,13.630000114440918,13.6899995803833,13.075591087341309,13700
2019-03-13,13.729999542236328,13.829999923706056,13.630000114440918,13.68000030517578,13.0660400390625,10100
2019-03-14,13.68000030517578,13.68000030517578,13.630000114440918,13.649999618530272,13.037386894226074,17100
2019-03-15,13.6899995803833,13.720000267028809,13.65999984741211,13.6899995803833,13.075591087341309,20200
2019-03-18,13.6899995803833,13.6899995803833,13.68000030517578,13.6899995803833,13.075591087341309,11200
2019-03-19,13.6899995803833,13.720000267028809,13.6899995803833,13.699999809265137,13.085142135620115,21200
2019-03-20,13.699999809265137,13.710000038146973,13.68000030517578,13.6899995803833,13.075591087341309,20000
2019-03-21,13.710000038146973,13.899999618530272,13.710000038146973,13.890000343322754,13.266615867614746,13800
2019-03-22,13.93000030517578,13.9399995803833,13.899999618530272,13.9399995803833,13.314371109008787,13200
2019-03-25,13.9399995803833,13.9399995803833,13.890000343322754,13.899999618530272,13.276165962219238,15200
2019-03-26,13.90999984741211,14.260000228881836,13.90999984741211,14.1899995803833,13.55315113067627,29100
2019-03-27,14.5600004196167,14.5600004196167,14.170000076293944,14.229999542236328,13.59135627746582,34400
2019-03-28,14.229999542236328,14.229999542236328,14.18000030517578,14.220000267028809,13.581805229187012,10800
2019-03-29,14.220000267028809,14.220000267028809,14.149999618530272,14.18000030517578,13.543599128723145,16800
2019-04-01,14.25,14.25,14.199999809265137,14.220000267028809,13.581805229187012,38900
2019-04-02,14.199999809265137,14.25,14.020000457763672,14.140000343322754,13.50539493560791,15100
2019-04-03,14.170000076293944,14.199999809265137,14.010000228881836,14.010000228881836,13.381229400634766,21600
2019-04-04,14.020000457763672,14.020000457763672,13.880000114440918,13.880000114440918,13.25706386566162,20700
2019-04-05,13.899999618530272,13.979999542236328,13.899999618530272,13.920000076293944,13.295269012451172,9400
2019-04-08,13.869999885559082,13.970000267028809,13.869999885559082,13.899999618530272,13.276165962219238,35400
2019-04-09,13.84000015258789,13.84000015258789,13.729999542236328,13.779999732971191,13.161551475524902,30500
2019-04-10,13.81999969482422,13.829999923706056,13.779999732971191,13.829999923706056,13.209307670593262,23400
2019-04-11,13.800000190734863,13.81999969482422,13.779999732971191,13.800000190734863,13.180655479431152,24100
2019-04-12,13.8100004196167,13.8100004196167,13.789999961853027,13.800000190734863,13.180655479431152,11200
2019-04-15,13.729999542236328,13.8100004196167,13.729999542236328,13.779999732971191,13.161551475524902,19600
2019-04-16,13.75,13.800000190734863,13.75,13.789999961853027,13.171103477478027,43800
2019-04-17,13.800000190734863,13.829999923706056,13.75,13.800000190734863,13.180655479431152,16800
2019-04-18,13.8100004196167,13.890000343322754,13.789999961853027,13.859999656677246,13.237961769104004,19200
2019-04-22,13.899999618530272,13.90999984741211,13.800000190734863,13.869999885559082,13.247513771057127,28100
2019-04-23,13.850000381469728,13.93000030517578,13.84000015258789,13.90999984741211,13.285717010498049,20400
2019-04-24,13.93000030517578,14.020000457763672,13.93000030517578,14.010000228881836,13.381229400634766,11200
2019-04-25,13.989999771118164,14.0600004196167,13.989999771118164,14.050000190734863,13.41943359375,8200
2019-04-26,14.010000228881836,14.079999923706056,14.010000228881836,14.020000457763672,13.390782356262209,8300
2019-04-29,14.050000190734863,14.06999969482422,14.039999961853027,14.06999969482422,13.438536643981934,25300
2019-04-30,14.079999923706056,14.079999923706056,14.0600004196167,14.06999969482422,13.438536643981934,16300
2019-05-01,14.100000381469728,14.109999656677246,14.0600004196167,14.0600004196167,13.428985595703123,27200
2019-05-02,14.0600004196167,14.06999969482422,13.979999542236328,14.020000457763672,13.390782356262209,12700
2019-05-03,14.050000190734863,14.199999809265137,13.970000267028809,14.029999732971191,13.400331497192385,36000
2019-05-06,14.029999732971191,14.0600004196167,14.010000228881836,14.050000190734863,13.41943359375,10800
2019-05-07,14.029999732971191,14.050000190734863,13.989999771118164,14.0,13.371678352355955,8900
2019-05-08,14.029999732971191,14.039999961853027,13.970000267028809,14.0,13.371678352355955,16700
2019-05-09,14.010000228881836,14.010000228881836,13.93000030517578,13.970000267028809,13.343025207519531,8700
2019-05-10,13.979999542236328,13.989999771118164,13.960000038146973,13.979999542236328,13.352574348449709,18400
2019-05-13,13.989999771118164,14.0,13.970000267028809,14.0,13.371678352355955,8800
2019-05-14,14.020000457763672,14.109999656677246,14.010000228881836,14.109999656677246,13.476740837097168,10500
2019-05-15,14.079999923706056,14.100000381469728,14.0,14.0,13.371678352355955,15900
2019-05-16,14.039999961853027,14.109999656677246,14.039999961853027,14.09000015258789,13.457639694213867,6200
2019-05-17,14.109999656677246,14.130000114440918,14.039999961853027,14.0600004196167,13.428985595703123,17000
2019-05-20,14.100000381469728,14.130000114440918,14.010000228881836,14.100000381469728,13.467190742492676,10400
2019-05-21,14.100000381469728,14.130000114440918,14.079999923706056,14.079999923706056,13.448087692260742,11600
2019-05-22,14.109999656677246,14.130000114440918,14.050000190734863,14.109999656677246,13.476740837097168,17200
2019-05-23,14.119999885559082,14.140000343322754,14.0600004196167,14.09000015258789,13.457639694213867,13300
2019-05-24,14.140000343322754,14.149999618530272,14.079999923706056,14.119999885559082,13.486292839050291,14600
2019-05-28,14.09000015258789,14.140000343322754,14.09000015258789,14.130000114440918,13.495842933654783,32700
2019-05-29,14.109999656677246,14.149999618530272,14.079999923706056,14.100000381469728,13.467190742492676,21500
2019-05-30,14.079999923706056,14.43000030517578,14.079999923706056,14.359999656677246,13.715521812438965,74500
2019-05-31,14.359999656677246,14.640000343322754,14.350000381469728,14.350000381469728,13.705970764160156,39700
2019-06-03,14.350000381469728,14.350000381469728,14.210000038146973,14.270000457763672,13.629560470581056,11300
2019-06-04,14.270000457763672,14.329999923706056,14.210000038146973,14.210000038146973,13.572253227233888,8700
2019-06-05,14.199999809265137,14.199999809265137,14.140000343322754,14.140000343322754,13.50539493560791,19700
2019-06-06,14.140000343322754,14.199999809265137,14.140000343322754,14.199999809265137,13.562701225280762,9400
2019-06-07,14.1899995803833,14.34000015258789,14.1899995803833,14.34000015258789,13.696418762207031,20600
2019-06-10,14.270000457763672,14.3100004196167,14.25,14.3100004196167,13.667765617370604,16300
2019-06-11,14.350000381469728,14.350000381469728,14.260000228881836,14.350000381469728,13.705970764160156,18900
2019-06-12,14.1899995803833,14.1899995803833,14.109999656677246,14.109999656677246,13.619483947753906,16800
2019-06-13,14.140000343322754,14.1899995803833,14.100000381469728,14.18000030517578,13.687051773071287,11300
2019-06-14,14.140000343322754,14.199999809265137,14.130000114440918,14.140000343322754,13.648442268371582,4600
2019-06-17,14.18000030517578,14.18000030517578,14.09000015258789,14.130000114440918,13.638789176940918,27600
2019-06-18,14.170000076293944,14.1899995803833,14.130000114440918,14.140000343322754,13.648442268371582,35800
2019-06-19,14.119999885559082,14.15999984741211,14.100000381469728,14.140000343322754,13.648442268371582,19700
2019-06-20,14.149999618530272,14.199999809265137,14.149999618530272,14.18000030517578,13.687051773071287,15600
2019-06-21,14.15999984741211,14.18000030517578,14.140000343322754,14.18000030517578,13.687051773071287,11300
2019-06-24,14.210000038146973,14.25,14.18000030517578,14.1899995803833,13.696703910827637,13600
2019-06-25,14.220000267028809,14.279999732971191,14.199999809265137,14.199999809265137,13.706355094909668,13000
2019-06-26,14.229999542236328,14.279999732971191,14.210000038146973,14.270000457763672,13.77392292022705,23000
2019-06-27,14.300000190734863,14.359999656677246,14.260000228881836,14.34000015258789,13.841489791870115,24600
2019-06-28,14.380000114440918,14.399999618530272,14.329999923706056,14.369999885559082,13.87044620513916,7300
2019-07-01,14.5,14.5,14.369999885559082,14.420000076293944,13.918707847595217,25700
2019-07-02,14.40999984741211,14.479999542236328,14.40999984741211,14.470000267028809,13.966970443725586,20300
2019-07-03,14.479999542236328,14.5,14.449999809265137,14.479999542236328,13.976621627807615,12100
2019-07-05,14.399999618530272,14.43000030517578,14.359999656677246,14.43000030517578,13.928361892700195,4700
2019-07-08,14.4399995803833,14.4399995803833,14.390000343322754,14.420000076293944,13.918707847595217,118400
2019-07-09,14.43000030517578,14.43000030517578,14.380000114440918,14.380000114440918,13.880099296569824,11700
2019-07-10,14.43000030517578,14.449999809265137,14.380000114440918,14.43000030517578,13.928361892700195,10700
2019-07-11,14.4399995803833,14.449999809265137,14.380000114440918,14.43000030517578,13.928361892700195,24300
2019-07-12,14.43000030517578,14.43000030517578,14.359999656677246,14.369999885559082,13.87044620513916,3300
2019-07-15,14.380000114440918,14.4399995803833,14.380000114440918,14.43000030517578,13.928361892700195,32100
2019-07-16,14.43000030517578,14.5,14.34000015258789,14.449999809265137,13.947665214538574,8500
2019-07-17,14.460000038146973,14.550000190734863,14.449999809265137,14.550000190734863,14.044188499450684,15300
2019-07-18,14.5600004196167,14.600000381469728,14.550000190734863,14.59000015258789,14.08279800415039,8800
2019-07-19,14.56999969482422,14.699999809265137,14.529999732971191,14.529999732971191,14.024884223937988,8900
2019-07-22,14.619999885559082,14.720000267028809,14.619999885559082,14.630000114440918,14.121407508850098,19100
2019-07-23,14.640000343322754,14.869999885559082,14.600000381469728,14.75,14.23723602294922,14700
2019-07-24,14.90999984741211,14.90999984741211,14.68000030517578,14.789999961853027,14.275845527648926,33600
2019-07-25,14.789999961853027,14.899999618530272,14.729999542236328,14.729999542236328,14.217931747436523,28900
2019-07-26,14.75,14.829999923706056,14.720000267028809,14.75,14.23723602294922,5800
2019-07-29,14.75,14.75,14.630000114440918,14.630000114440918,14.121407508850098,6200
2019-07-30,14.65999984741211,14.710000038146973,14.520000457763672,14.56999969482422,14.063493728637695,20400
2019-07-31,14.5600004196167,14.68000030517578,14.449999809265137,14.5600004196167,14.053841590881348,21900
2019-08-01,14.579999923706056,14.670000076293944,14.579999923706056,14.609999656677246,14.102102279663086,6300
2019-08-02,14.609999656677246,14.670000076293944,14.5,14.609999656677246,14.102102279663086,20600
2019-08-05,14.649999618530272,14.649999618530272,14.510000228881836,14.529999732971191,14.024884223937988,7700
2019-08-06,14.56999969482422,14.579999923706056,14.520000457763672,14.579999923706056,14.07314682006836,14100
2019-08-07,14.550000190734863,14.619999885559082,14.550000190734863,14.550000190734863,14.044188499450684,15000
2019-08-08,14.56999969482422,14.600000381469728,14.539999961853027,14.550000190734863,14.044188499450684,15900
2019-08-09,14.56999969482422,14.579999923706056,14.5600004196167,14.5600004196167,14.053841590881348,6400
2019-08-12,14.56999969482422,14.630000114440918,14.56999969482422,14.56999969482422,14.063493728637695,6700
2019-08-13,14.56999969482422,14.649999618530272,14.510000228881836,14.539999961853027,14.03453540802002,18300
2019-08-14,14.539999961853027,14.579999923706056,14.529999732971191,14.550000190734863,14.044188499450684,19800
2019-08-15,14.5600004196167,14.649999618530272,14.5600004196167,14.5600004196167,14.053841590881348,10500
2019-08-16,14.56999969482422,14.65999984741211,14.539999961853027,14.539999961853027,14.03453540802002,11400
2019-08-19,14.579999923706056,14.579999923706056,14.5,14.5,13.995926856994627,7800
2019-08-20,14.510000228881836,14.56999969482422,14.510000228881836,14.5600004196167,14.053841590881348,16900
2019-08-21,14.529999732971191,14.579999923706056,14.510000228881836,14.520000457763672,14.01523208618164,21400
2019-08-22,14.5,14.579999923706056,14.5,14.510000228881836,14.005579948425291,11400
2019-08-23,14.539999961853027,14.65999984741211,14.5,14.619999885559082,14.11175537109375,16800
2019-08-26,14.640000343322754,14.65999984741211,14.59000015258789,14.619999885559082,14.11175537109375,11000
2019-08-27,14.609999656677246,14.68000030517578,14.59000015258789,14.59000015258789,14.08279800415039,26100
2019-08-28,14.619999885559082,14.6899995803833,14.579999923706056,14.600000381469728,14.092451095581056,17500
2019-08-29,14.619999885559082,14.619999885559082,14.56999969482422,14.600000381469728,14.092451095581056,14500
2019-08-30,14.619999885559082,14.649999618530272,14.56999969482422,14.579999923706056,14.07314682006836,16300
2019-09-03,14.59000015258789,14.699999809265137,14.550000190734863,14.609999656677246,14.102102279663086,20600
2019-09-04,14.649999618530272,14.649999618530272,14.609999656677246,14.649999618530272,14.140711784362791,22400
2019-09-05,14.5600004196167,14.649999618530272,14.529999732971191,14.649999618530272,14.140711784362791,25900
2019-09-06,14.649999618530272,14.670000076293944,14.5600004196167,14.640000343322754,14.131060600280762,14100
2019-09-09,14.649999618530272,14.670000076293944,14.5600004196167,14.619999885559082,14.11175537109375,15400
2019-09-10,14.630000114440918,14.630000114440918,14.5,14.5,13.995926856994627,16600
2019-09-11,14.520000457763672,14.600000381469728,14.520000457763672,14.529999732971191,14.024884223937988,29100
2019-09-12,14.460000038146973,14.460000038146973,14.350000381469728,14.359999656677246,14.010249137878418,13600
2019-09-13,14.359999656677246,14.399999618530272,14.289999961853027,14.34000015258789,13.99073600769043,26000
2019-09-16,14.25,14.31999969482422,14.220000267028809,14.25,13.902928352355955,18800
2019-09-17,14.260000228881836,14.34000015258789,14.229999542236328,14.3100004196167,13.961467742919922,79200
2019-09-18,14.270000457763672,14.34000015258789,14.229999542236328,14.25,13.902928352355955,20100
2019-09-19,14.31999969482422,14.350000381469728,14.260000228881836,14.279999732971191,13.932196617126465,20100
2019-09-20,14.300000190734863,14.31999969482422,14.260000228881836,14.260000228881836,13.912684440612791,18400
2019-09-23,14.279999732971191,14.350000381469728,14.279999732971191,14.289999961853027,13.941954612731934,30500
2019-09-24,14.31999969482422,14.43000030517578,14.31999969482422,14.43000030517578,14.07854461669922,16300
2019-09-25,14.40999984741211,14.460000038146973,14.369999885559082,14.399999618530272,14.049274444580078,24000
2019-09-26,14.420000076293944,14.449999809265137,14.399999618530272,14.449999809265137,14.09805679321289,12400
2019-09-27,14.449999809265137,14.479999542236328,14.420000076293944,14.470000267028809,14.11756992340088,12800
2019-09-30,14.5600004196167,14.5600004196167,14.470000267028809,14.5,14.146839141845703,11900
2019-10-01,14.5,14.600000381469728,14.449999809265137,14.5600004196167,14.205378532409668,36800
2019-10-02,14.619999885559082,14.630000114440918,14.470000267028809,14.5600004196167,14.205378532409668,12100
2019-10-03,14.510000228881836,15.039999961853027,14.510000228881836,14.539999961853027,14.18586540222168,13800
2019-10-04,14.550000190734863,14.609999656677246,14.520000457763672,14.529999732971191,14.176108360290527,9600
2019-10-07,14.550000190734863,14.56999969482422,14.5,14.550000190734863,14.195621490478516,14500
2019-10-08,14.520000457763672,14.550000190734863,14.5,14.539999961853027,14.18586540222168,21600
2019-10-09,14.5600004196167,14.630000114440918,14.520000457763672,14.520000457763672,14.166353225708008,11900
2019-10-10,14.529999732971191,14.5600004196167,14.510000228881836,14.5600004196167,14.205378532409668,16200
2019-10-11,14.5600004196167,14.59000015258789,14.510000228881836,14.510000228881836,14.156596183776855,18800
2019-10-14,14.619999885559082,14.619999885559082,14.420000076293944,14.449999809265137,14.09805679321289,9400
2019-10-15,14.619999885559082,14.619999885559082,14.399999618530272,14.40999984741211,14.05903148651123,22300
2019-10-16,14.489999771118164,14.510000228881836,14.40999984741211,14.40999984741211,14.05903148651123,17000
2019-10-17,14.520000457763672,14.520000457763672,14.420000076293944,14.420000076293944,14.068787574768066,12200
2019-10-18,14.520000457763672,14.520000457763672,14.40999984741211,14.40999984741211,14.05903148651123,18400
2019-10-21,14.43000030517578,14.5,14.390000343322754,14.43000030517578,14.07854461669922,23400
2019-10-22,14.489999771118164,14.489999771118164,14.40999984741211,14.43000030517578,14.07854461669922,12200
2019-10-23,14.489999771118164,14.5,14.4399995803833,14.489999771118164,14.13708209991455,29900
2019-10-24,14.520000457763672,14.59000015258789,14.510000228881836,14.550000190734863,14.195621490478516,13900
2019-10-25,14.579999923706056,14.630000114440918,14.489999771118164,14.5600004196167,14.205378532409668,14700
2019-10-28,14.609999656677246,14.609999656677246,14.4399995803833,14.5,14.146839141845703,20600
2019-10-29,14.470000267028809,14.539999961853027,14.470000267028809,14.520000457763672,14.166353225708008,5500
2019-10-30,14.550000190734863,14.550000190734863,14.470000267028809,14.539999961853027,14.18586540222168,23900
2019-10-31,14.550000190734863,14.600000381469728,14.550000190734863,14.579999923706056,14.22489070892334,6800
2019-11-01,14.539999961853027,14.59000015258789,14.539999961853027,14.56999969482422,14.215133666992188,6200
2019-11-04,14.539999961853027,14.59000015258789,14.510000228881836,14.510000228881836,14.156596183776855,13700
2019-11-05,14.520000457763672,14.5600004196167,14.510000228881836,14.539999961853027,14.18586540222168,14000
2019-11-06,14.520000457763672,14.59000015258789,14.510000228881836,14.56999969482422,14.215133666992188,12000
2019-11-07,14.550000190734863,14.579999923706056,14.529999732971191,14.5600004196167,14.205378532409668,10000
2019-11-08,14.510000228881836,14.59000015258789,14.510000228881836,14.529999732971191,14.176108360290527,8300
2019-11-11,14.539999961853027,14.6899995803833,14.510000228881836,14.649999618530272,14.293185234069824,25700
2019-11-12,14.619999885559082,14.670000076293944,14.600000381469728,14.649999618530272,14.293185234069824,21400
2019-11-13,14.65999984741211,14.710000038146973,14.59000015258789,14.640000343322754,14.283429145812988,12500
2019-11-14,14.56999969482422,14.739999771118164,14.56999969482422,14.630000114440918,14.273673057556152,14400
2019-11-15,14.640000343322754,14.760000228881836,14.640000343322754,14.699999809265137,14.341967582702637,9600
2019-11-18,14.6899995803833,14.6899995803833,14.619999885559082,14.630000114440918,14.273673057556152,17900
2019-11-19,14.640000343322754,14.670000076293944,14.609999656677246,14.630000114440918,14.273673057556152,26300
2019-11-20,14.619999885559082,14.6899995803833,14.59000015258789,14.609999656677246,14.254159927368164,15800
2019-11-21,14.619999885559082,14.699999809265137,14.609999656677246,14.630000114440918,14.273673057556152,22700
2019-11-22,14.65999984741211,14.699999809265137,14.640000343322754,14.640000343322754,14.283429145812988,15800
2019-11-25,14.65999984741211,14.729999542236328,14.619999885559082,14.619999885559082,14.263916969299316,21100
2019-11-26,14.630000114440918,14.649999618530272,14.510000228881836,14.539999961853027,14.18586540222168,24600
2019-11-27,14.520000457763672,14.56999969482422,14.510000228881836,14.520000457763672,14.166353225708008,24900
2019-11-29,14.489999771118164,14.619999885559082,14.489999771118164,14.609999656677246,14.254159927368164,14700
2019-12-02,14.550000190734863,14.550000190734863,14.470000267028809,14.479999542236328,14.127326011657717,24800
2019-12-03,14.4399995803833,14.5600004196167,14.4399995803833,14.520000457763672,14.166353225708008,16200
2019-12-04,14.539999961853027,14.59000015258789,14.460000038146973,14.520000457763672,14.166353225708008,29300
2019-12-05,14.489999771118164,14.550000190734863,14.489999771118164,14.539999961853027,14.18586540222168,22800
2019-12-06,14.5,14.529999732971191,14.460000038146973,14.529999732971191,14.176108360290527,34500
2019-12-09,14.510000228881836,14.579999923706056,14.479999542236328,14.5600004196167,14.205378532409668,23900
2019-12-10,14.5600004196167,14.649999618530272,14.529999732971191,14.640000343322754,14.283429145812988,34800
2019-12-11,14.420000076293944,14.489999771118164,14.34000015258789,14.4399995803833,14.302942276000977,16900
2019-12-12,14.479999542236328,14.539999961853027,14.43000030517578,14.449999809265137,14.312847137451172,29700
2019-12-13,14.449999809265137,14.470000267028809,14.40999984741211,14.420000076293944,14.283132553100586,14600
2019-12-16,14.449999809265137,14.460000038146973,14.3100004196167,14.350000381469728,14.213797569274902,19500
2019-12-17,14.350000381469728,14.369999885559082,14.3100004196167,14.31999969482422,14.184081077575684,33200
2019-12-18,14.3100004196167,14.380000114440918,14.300000190734863,14.31999969482422,14.184081077575684,33000
2019-12-19,14.3100004196167,14.470000267028809,14.3100004196167,14.43000030517578,14.293038368225098,37200
2019-12-20,14.40999984741211,14.489999771118164,14.359999656677246,14.390000343322754,14.25341796875,42600
2019-12-23,14.390000343322754,14.4399995803833,14.359999656677246,14.359999656677246,14.22370147705078,21900
2019-12-24,14.359999656677246,14.5,14.359999656677246,14.5,14.36237335205078,9000
2019-12-26,14.489999771118164,14.510000228881836,14.470000267028809,14.479999542236328,14.342562675476074,6600
2019-12-27,14.479999542236328,14.529999732971191,14.470000267028809,14.529999732971191,14.392087936401367,11100
2019-12-30,14.600000381469728,14.600000381469728,14.479999542236328,14.59000015258789,14.451519012451172,15200
2019-12-31,14.770000457763672,14.899999618530272,14.65999984741211,14.8100004196167,14.669431686401367,15000
2020-01-02,14.75,14.850000381469728,14.720000267028809,14.75,14.610000610351562,16900
2020-01-03,14.779999732971191,14.859999656677246,14.739999771118164,14.75,14.610000610351562,10000
2020-01-06,14.770000457763672,14.789999961853027,14.479999542236328,14.670000076293944,14.530759811401367,27400
2020-01-07,14.59000015258789,14.59000015258789,14.520000457763672,14.56999969482422,14.431708335876465,10400
2020-01-08,14.59000015258789,14.699999809265137,14.56999969482422,14.68000030517578,14.540664672851562,6700
2020-01-09,14.6899995803833,14.75,14.649999618530272,14.699999809265137,14.560474395751951,10600
2020-01-10,14.75,14.75,14.649999618530272,14.670000076293944,14.530759811401367,21300
2020-01-13,14.649999618530272,14.739999771118164,14.649999618530272,14.739999771118164,14.60009479522705,13000
2020-01-14,14.739999771118164,14.739999771118164,14.619999885559082,14.630000114440918,14.49113941192627,14900
2020-01-15,14.649999618530272,14.6899995803833,14.619999885559082,14.6899995803833,14.550569534301758,8500
2020-01-16,14.670000076293944,14.699999809265137,14.65999984741211,14.6899995803833,14.550569534301758,27300
2020-01-17,14.850000381469728,14.899999618530272,14.739999771118164,14.760000228881836,14.619905471801758,25300
2020-01-21,14.789999961853027,14.800000190734863,14.699999809265137,14.720000267028809,14.58028507232666,32700
2020-01-22,14.779999732971191,14.8100004196167,14.739999771118164,14.779999732971191,14.639715194702148,18000
2020-01-23,14.789999961853027,14.899999618530272,14.779999732971191,14.81999969482422,14.679335594177246,27500
2020-01-24,14.859999656677246,14.979999542236328,14.800000190734863,14.979999542236328,14.837817192077637,26300
2020-01-27,14.9399995803833,14.970000267028809,14.869999885559082,14.93000030517578,14.788291931152344,24400
2020-01-28,14.93000030517578,14.93000030517578,14.869999885559082,14.93000030517578,14.788291931152344,21200
2020-01-29,14.979999542236328,14.989999771118164,14.9399995803833,14.979999542236328,14.837817192077637,17400
2020-01-30,14.979999542236328,14.979999542236328,14.890000343322754,14.979999542236328,14.837817192077637,43500
2020-01-31,14.989999771118164,14.989999771118164,14.899999618530272,14.949999809265137,14.808101654052734,13300
2020-02-03,14.989999771118164,14.989999771118164,14.920000076293944,14.920000076293944,14.778387069702148,15500
2020-02-04,14.9399995803833,14.960000038146973,14.8100004196167,14.8100004196167,14.669431686401367,19900
2020-02-05,14.850000381469728,14.90999984741211,14.8100004196167,14.90999984741211,14.768481254577637,13000
2020-02-06,14.890000343322754,14.960000038146973,14.850000381469728,14.920000076293944,14.778387069702148,14400
2020-02-07,14.970000267028809,14.970000267028809,14.899999618530272,14.93000030517578,14.788291931152344,18300
2020-02-10,14.920000076293944,14.9399995803833,14.899999618530272,14.9399995803833,14.79819679260254,24600
2020-02-11,14.890000343322754,14.960000038146973,14.890000343322754,14.9399995803833,14.79819679260254,45300
2020-02-12,14.960000038146973,14.960000038146973,14.9399995803833,14.9399995803833,14.79819679260254,30200
2020-02-13,14.989999771118164,15.0,14.90999984741211,14.920000076293944,14.778387069702148,12600
2020-02-14,14.979999542236328,15.0,14.93000030517578,14.949999809265137,14.808101654052734,13900
2020-02-18,15.029999732971191,15.170000076293944,15.029999732971191,15.149999618530272,15.006203651428224,14000
2020-02-19,15.100000381469728,15.149999618530272,15.050000190734863,15.09000015258789,14.946773529052734,13200
2020-02-20,15.130000114440918,15.130000114440918,15.119999885559082,15.130000114440918,14.986393928527832,13700
2020-02-21,15.18000030517578,15.279999732971191,15.170000076293944,15.279999732971191,15.134969711303713,9800
2020-02-24,15.260000228881836,15.329999923706056,14.899999618530272,15.0,14.857627868652344,87500
2020-02-25,14.970000267028809,15.029999732971191,14.90999984741211,14.93000030517578,14.788291931152344,15600
2020-02-26,14.989999771118164,15.0,14.899999618530272,14.899999618530272,14.75857639312744,21400
2020-02-27,14.949999809265137,14.949999809265137,14.8100004196167,14.859999656677246,14.718955993652344,51000
2020-02-28,14.859999656677246,14.880000114440918,14.640000343322754,14.710000038146973,14.570380210876465,121500
2020-03-02,14.609999656677246,15.06999969482422,14.609999656677246,15.06999969482422,14.926962852478027,25300
2020-03-03,15.109999656677246,15.109999656677246,14.979999542236328,14.989999771118164,14.847722053527832,9800
2020-03-04,15.06999969482422,15.15999984741211,14.84000015258789,14.979999542236328,14.837817192077637,19900
2020-03-05,15.039999961853027,15.039999961853027,14.899999618530272,14.979999542236328,14.837817192077637,9800
2020-03-06,15.130000114440918,15.130000114440918,14.920000076293944,15.010000228881836,14.86753273010254,29900
2020-03-09,14.699999809265137,14.739999771118164,13.949999809265137,14.40999984741211,14.27322769165039,41500
2020-03-10,14.479999542236328,14.75,14.460000038146973,14.75,14.610000610351562,28500
2020-03-11,14.800000190734863,15.020000457763672,14.399999618530272,14.6899995803833,14.6899995803833,53900
2020-03-12,14.670000076293944,14.670000076293944,13.25,14.449999809265137,14.449999809265137,82600
2020-03-13,14.5,14.5,14.06999969482422,14.170000076293944,14.170000076293944,19200
2020-03-16,13.670000076293944,13.670000076293944,12.0,13.109999656677246,13.109999656677246,17500
2020-03-17,12.899999618530272,13.279999732971191,12.800000190734863,13.149999618530272,13.149999618530272,32900
2020-03-18,13.0,13.550000190734863,10.300000190734863,10.869999885559082,10.869999885559082,39400
2020-03-19,10.369999885559082,11.789999961853027,10.369999885559082,11.779999732971191,11.779999732971191,50300
2020-03-20,11.649999618530272,12.399999618530272,11.649999618530272,11.84000015258789,11.84000015258789,19200
2020-03-23,11.880000114440918,11.979999542236328,11.699999809265137,11.75,11.75,28600
2020-03-24,12.100000381469728,12.199999809265137,11.739999771118164,11.779999732971191,11.779999732971191,36600
2020-03-25,11.899999618530272,13.59000015258789,11.899999618530272,13.489999771118164,13.489999771118164,40600
2020-03-26,13.630000114440918,13.630000114440918,12.81999969482422,13.039999961853027,13.039999961853027,24200
2020-03-27,13.380000114440918,13.869999885559082,12.829999923706056,13.609999656677246,13.609999656677246,25600
2020-03-30,13.8100004196167,14.0,13.600000381469728,13.68000030517578,13.68000030517578,12800
2020-03-31,14.34000015258789,14.34000015258789,13.710000038146973,13.9399995803833,13.9399995803833,16800
2020-04-01,14.0,14.010000228881836,13.779999732971191,13.779999732971191,13.779999732971191,14500
2020-04-02,10.04091837969791,10.04091837969791,9.852967262896083,9.903569221496582,,7700
2020-04-03,9.852967262896083,10.120435841698692,9.852967262896083,9.903569221496582,,8900
2020-04-06,9.903566562808878,10.358986136152472,9.896337516549504,10.033686637878418,,30700
2020-04-07,10.163807964417844,10.163807964417844,9.852965830988744,9.946941375732422,,25900
2020-04-08,9.85296603199969,10.344530217795093,9.85296603199969,9.990314483642578,,42900
2020-04-09,10.17826548474967,10.619227024871108,9.983086035299156,10.257782936096191,,103200
2020-04-13,10.416821590014573,10.416821590014573,10.315617656626564,10.33730411529541,,7100
2020-04-14,10.467422994901757,10.8433252684535,10.44573653739686,10.669832229614258,,12600
2020-04-15,10.27947304170887,10.698748250426943,10.27947304170887,10.52525520324707,,11800
2020-04-16,10.626458887420998,10.893927501248184,10.373448371887209,10.373448371887209,,23400
2020-04-17,10.518025239623515,10.525254288310965,10.38790512084961,10.38790512084961,,7200
2020-04-20,10.199952400045795,10.373446094476988,10.199952400045795,10.301156997680664,,11000
2020-04-21,10.30115824858422,10.337302801371532,10.08429162126034,10.214411735534668,,16700
2020-04-22,10.171037574714347,10.214411173552772,10.149351119995115,10.149351119995115,,9000
2020-04-23,10.221640783972132,10.30115824858422,10.033689660998103,10.214411735534668,,9200
2020-04-24,10.134893909124658,10.163809412442276,10.091520309448242,10.091520309448242,,10500
2020-04-27,10.048146344857836,10.236097454296608,9.954171479538408,10.019230842590332,,16600
2020-04-28,9.983089634704472,10.084293574834623,9.983089634704472,10.02646255493164,,34900
2020-04-29,10.069832707068969,10.23609665985307,10.069832707068969,10.098748207092283,,16900
2020-04-30,10.12043581276586,10.12043581276586,10.091520309448242,10.091520309448242,,19500
2020-05-01,10.0842896530566,10.14212065046912,10.0842896530566,10.105976104736328,,28000
2020-05-04,10.163809411660138,10.163809411660138,9.990315702367806,10.040918350219728,,15400
2020-05-05,10.040917889416631,10.113206299687628,10.012002387428248,10.04814624786377,,38200
2020-05-06,10.091520308671669,10.113206763808218,9.9758582954101,10.040918350219728,,32600
2020-05-07,10.062606820882367,10.062606820882367,9.983089343187793,10.012004852294922,,19400
2020-05-08,9.990313139955648,10.04814413175338,9.990313139955648,10.00477123260498,,55800
2020-05-11,9.990317146759873,10.02646170347986,9.990317146759873,9.997546195983888,,10900
2020-05-12,10.026462262148428,10.026462262148428,10.00477580266811,10.012004852294922,,9500
2020-05-13,10.012004852294922,10.04092036140205,10.012004852294922,10.012004852294922,,26000
2020-05-14,9.997542761285692,9.997542761285692,9.9107962685999,9.932482719421388,,11900
2020-05-15,9.867424669896232,9.93971377309693,9.867424669896232,9.903569221496582,,11100
2020-05-18,9.946942792860154,10.09874935762764,9.946942792860154,10.091520309448242,,23900
2020-05-19,10.084290403794691,10.105976857088898,10.040917497206284,10.062603950500488,,16600
2020-05-20,10.098751996885769,10.272245062133017,10.07706484667974,10.199955940246582,,14400
2020-05-21,10.120434767048607,10.214410315470618,10.120434767048607,10.17103672027588,,6200
2020-05-22,10.19995354054752,10.236098092987165,10.178267084843734,10.19272518157959,,4500
2020-05-26,10.207182687097204,10.279471792671831,10.207182687097204,10.214411735534668,,32300
2020-05-27,10.2433251495761,10.330071644923692,10.22886705565157,10.322842597961426,,26000
2020-05-28,10.279472148138035,10.4023632182245,10.279472148138035,10.38790512084961,,11700
2020-05-29,10.301159999714493,10.431280136108398,10.293930950048138,10.431280136108398,,12100
2020-06-01,10.358988272709697,10.452963825264764,10.35175922495932,10.402361869812012,,16200
2020-06-02,10.40959232842625,10.58308606244008,10.40959232842625,10.4457368850708,,20400
2020-06-03,10.46019489344737,10.518025907820812,10.358990273593813,10.373448371887209,,17300
2020-06-04,10.358988761901855,10.409590719744232,10.344531355118306,10.358988761901855,,32700
2020-06-05,10.39513263060366,10.481879133810653,10.387903582986429,10.460192680358888,,14800
2020-06-08,10.460193992807174,10.626457972465197,10.431278488110124,10.583085060119627,,35100
2020-06-09,10.55417015112974,10.561398510661984,10.452965534277794,10.510796546936035,,15500
2020-06-10,10.653776188839936,10.653776188839936,10.507131092839945,10.587785720825195,,21300
2020-06-11,10.492464939407032,10.492464939407032,10.404477199264845,10.448471069335938,,31500
2020-06-12,10.551122297936807,10.551122297936807,10.39714481133527,10.411808967590332,,28400
2020-06-15,10.375148762047962,10.514462108963874,10.331155588791589,10.441139221191406,,35000
2020-06-16,10.492466373370805,10.54379197941918,10.485133944147051,10.52912712097168,,19700
2020-06-17,10.595115459335243,10.595115459335243,10.529125008081737,10.543789863586426,,9700
2020-06-18,10.573120205845852,10.573120205845852,10.536458761729492,10.55112361907959,,28300
2020-06-19,10.536458761729492,10.558455348495754,10.536458761729492,10.55112361907959,,15500
2020-06-22,10.565789293502307,10.617114903075786,10.543792703579244,10.609783172607422,,131000
2020-06-23,10.602449774870047,10.675772666931152,10.565788328839496,10.675772666931152,,9400
2020-06-24,10.661108033362847,10.661108033362847,10.580453409803996,10.595117568969728,,8600
2020-06-25,10.624445520792516,10.624445520792516,10.492465304504512,10.521794319152832,,20500
2020-06-26,10.507129287049818,10.5877839011735,10.48513270124497,10.565787315368652,,44900
2020-06-29,10.631778925377615,10.631778925377615,10.49979799771352,10.617114067077637,,15100
2020-06-30,10.668441048069424,10.668441048069424,10.529127682425198,10.587785720825195,,20800
2020-07-01,10.595116604904902,10.697768506760308,10.595116604904902,10.661107063293455,,18000
2020-07-02,10.697767631564007,10.719764216141002,10.690435203618735,10.705100059509276,,17100
2020-07-06,10.734429939829546,10.7564265261848,10.727097511291504,10.727097511291504,,9000
2020-07-07,10.76375961303711,10.815085217424746,10.727098167363549,10.76375961303711,,18900
2020-07-08,10.807754005211192,10.85908031463623,10.763760824857153,10.85908031463623,,13800
2020-07-09,10.866412932778832,10.866412932778832,10.81508731842041,10.81508731842041,,25700
2020-07-10,10.903070829286587,10.903070829286587,10.844412803649902,10.844412803649902,,11700
2020-07-13,10.88107605096601,10.932401657104492,10.859079462515082,10.932401657104492,,20100
2020-07-14,10.910404127799133,10.925068285748882,10.859078526086694,10.866410255432127,,20500
2020-07-15,10.822417082324003,10.881075112640756,10.587784261798117,10.866410255432127,,25500
2020-07-16,10.84441545501222,10.939734944791304,10.829751294647206,10.85908031463623,,15500
2020-07-17,10.939734386400684,10.939734386400684,10.85174733092468,10.895740509033203,,7500
2020-07-20,10.873743621729387,10.932401657104492,10.837082174805213,10.932401657104492,,12000
2020-07-21,10.932399085220498,10.9617280960083,10.932399085220498,10.9617280960083,,19200
2020-07-22,10.991058800088249,11.04238510131836,10.954397356140708,11.04238510131836,,16900
2020-07-23,11.071712324477474,11.086376480127514,10.99838944845096,11.049715042114258,,8600
2020-07-24,11.086377225325185,11.13037109375,11.079044797377913,11.13037109375,,16100
2020-07-27,11.145036608232669,11.181698053176833,11.101043433706794,11.167033195495604,,7000
2020-07-28,11.203693098066756,11.247686965795053,11.189028941663194,11.240354537963867,,13100
2020-07-29,11.291680335998535,11.32834177655063,11.247687166743075,11.291680335998535,,13200
2020-07-30,11.387000090742193,11.387000090742193,11.291680622590984,11.321009635925291,,14200
2020-07-31,11.401665411671836,11.401665411671836,11.30634593963623,11.30634593963623,,5600
2020-08-03,11.365005493164062,11.518983014912774,11.262353578911936,11.365005493164062,,28900
2020-08-04,11.423662185668944,11.460323629248608,11.39433317065699,11.423662185668944,,7200
2020-08-05,11.438327505578435,11.438327505578435,11.335675599254046,11.408998489379885,,13100
2020-08-06,11.43832704280436,11.43832704280436,11.39433317065699,11.423662185668944,,4500
2020-08-07,11.489652644260564,11.51164923070481,11.39433317065699,11.423662185668944,,22900
2020-08-10,11.496986334076515,11.496986334076515,11.365005402414644,11.387001991271973,,8000
2020-08-11,11.438327850315831,11.438327850315831,11.108375534064107,11.174365997314451,,23500
2020-08-12,11.262354080905745,11.262354080905745,11.18169945135055,11.218360900878906,,9200
2020-08-13,11.159699929597265,11.240354537963867,11.159699929597265,11.240354537963867,,8000
2020-08-14,11.306346818262902,11.306346818262902,11.225692196853736,11.26235294342041,,12000
2020-08-17,11.277018940420682,11.277018940420682,11.18169945135055,11.218360900878906,,15700
2020-08-18,11.233022777252527,11.24768763378583,11.211026191711426,11.211026191711426,,10300
2020-08-19,11.19636300042367,11.24035617530147,11.145036697387695,11.145036697387695,,8400
2020-08-20,11.196362034436971,11.313678089667988,11.167032321370373,11.211026191711426,,7800
2020-08-21,11.3283409903182,11.423660449434564,11.211024948100755,11.247686386108398,,15400
2020-08-24,11.247687166743075,11.291680335998535,11.225690582115346,11.291680335998535,,20400
2020-08-25,11.291680515934756,11.291680515934756,11.17436446370564,11.181696891784668,,19900
2020-08-26,11.23302365654332,11.255020943065158,11.108375163288503,11.167033195495604,,7400
2020-08-27,11.211027443482305,11.211027443482305,11.159701838402668,11.174365997314451,,19400
2020-08-28,11.21835921224244,11.21835921224244,11.093710722164056,11.137703895568848,,12900
2020-08-31,11.17436702159308,11.218360900878906,11.152370431579662,11.218360900878906,,14100
2020-09-01,11.21102826813336,11.365005793957335,11.1743668192688,11.328344345092772,,14100
2020-09-02,11.44565782691028,11.44565782691028,11.2036932982288,11.291680335998535,,13300
2020-09-03,11.291682515644707,11.291682515644707,11.174366442639403,11.225692749023438,,14300
2020-09-04,11.240355390563108,11.240355390563108,11.057048876432257,11.10104274749756,,12600
2020-09-08,11.159701630741097,11.189030647277832,11.042385564594152,11.189030647277832,,16500
2020-09-09,11.145036324222607,11.174365339578763,11.101043150817816,11.137703895568848,,12300
2020-09-10,11.194121263454509,11.201544590731162,11.082774186014529,11.134736061096191,,14600
2020-09-11,11.16442495476278,11.201540870893036,11.149579013067008,11.194117546081545,,18700
2020-09-14,11.216389426924492,11.298044603028831,11.119888305664062,11.119888305664062,,10900
2020-09-15,11.179275437155924,11.24608325958252,11.179275437155924,11.24608325958252,,5400
2020-09-16,11.275773068064565,11.275773068064565,11.208965262186306,11.253503799438477,,20200
2020-09-17,11.260929914295629,11.29062251579438,11.164428782442815,11.24608325958252,,12400
2020-09-18,11.223814460514244,11.468778610229492,11.223814460514244,11.468778610229492,,37400
2020-09-21,11.387124778903551,11.431663331612642,11.31289291381836,11.31289291381836,,15000
2020-09-22,11.342582799254911,11.342582799254911,11.1347346179397,11.327736854553224,,14500
2020-09-23,11.372277018446946,11.401969620012313,11.194121409054752,11.223814010620115,,9000
2020-09-24,11.238659542932014,11.66177924996226,11.231236216300196,11.572701454162598,,47600
2020-09-25,11.557854571305564,11.557854571305564,11.424238234224015,11.476200103759766,,14100
2020-09-28,11.468775660153732,11.468775660153732,11.17184970897542,11.387121200561523,,27600
2020-09-29,11.3945430684286,11.3945430684286,10.993692731661705,11.194117546081545,,17000
2020-09-30,11.594971858138456,11.594971858138456,11.134736180944063,11.24608325958252,,18300
2020-10-01,11.283199188437823,11.283199188437823,11.24608325958252,11.24608325958252,,22800
2020-10-02,11.32031358855888,11.698894737488663,10.993695016180304,11.431660652160645,,30400
2020-10-05,11.416813461250056,11.416813461250056,11.194118650426,11.208965301513672,,9600
2020-10-06,11.41681342119344,11.41681342119344,11.253503799438477,11.253503799438477,,18300
2020-10-07,11.327735638761812,11.439082689819529,11.231234530812392,11.253503799438477,,15000
2020-10-08,11.30546765276008,11.364853559431186,11.231236508294169,11.260929107666016,,11300
2020-10-09,11.298045010247014,11.357430208866578,11.216389831199557,11.283198356628418,,7400
2020-10-12,11.223812336003189,11.654355348426776,11.19411973886802,11.320313453674316,,18400
2020-10-13,11.298044544383185,11.6395097763294,11.298044544383185,11.528162002563477,,13800
2020-10-14,11.617239714721318,11.639509694073553,11.446507453918455,11.446507453918455,,20500
2020-10-15,11.468776523344587,11.468776523344587,11.357429460254076,11.401968002319336,,9100
2020-10-16,11.357429355139304,11.357429355139304,11.327736758061487,11.34258270263672,,10500
2020-10-19,11.372275129500068,11.424237704554017,11.134734356432917,11.17927360534668,,47900
2020-10-20,11.216388861686786,11.305466651916504,11.216388861686786,11.305466651916504,,19300
2020-10-21,11.357430482142762,11.51331680925182,11.26092935508216,11.335161209106444,,31100
2020-10-22,11.33515990320937,11.364852499812786,11.26092805773716,11.275774002075195,,14300
2020-10-23,11.327736854553224,11.33516018086775,11.283197604593424,11.327736854553224,,9700
2020-10-26,11.327736914912965,11.565277694824657,11.298044317424,11.431660652160645,,24200
2020-10-27,11.476199544511012,11.839934029390792,11.468776218388404,11.661778450012209,,9800
2020-10-28,11.646932365335724,11.765703465303313,11.238659319679345,11.476200103759766,,32800
2020-10-29,11.54300970894939,11.54300970894939,11.483624507359204,11.513317108154297,,9300
2020-10-30,11.543007515946432,11.543007515946432,11.416813809560391,11.461352348327637,,8000
2020-11-02,11.416814856042857,11.491045996768172,11.416814856042857,11.446507453918455,,13800
2020-11-03,11.446504456783265,11.691468502097804,11.40196521766826,11.409388542175291,,31900
2020-11-04,11.431661079867586,11.64693259669862,11.42423846116316,11.572701454162598,,18700
2020-11-05,11.58012580871582,11.669203612422562,11.58012580871582,11.58012580871582,,15700
2020-11-06,11.602393161263416,11.750856142855326,11.543007968626652,11.676624298095703,,13800
2020-11-09,11.691471645997073,11.74343351566474,11.528162002563477,11.528162002563477,,5400
2020-11-10,11.646932394905225,11.676624992990662,11.520739383987651,11.528162002563477,,15700
2020-11-11,11.461353249649608,11.587546965959534,11.431660652160645,11.431660652160645,,14300
2020-11-12,11.476200532922828,11.750857251768702,11.476200532922828,11.691472053527832,,17100
2020-11-13,11.654357103472709,11.72116563406946,11.609818555026512,11.669203758239746,,5900
2020-11-16,11.691470842488709,11.743432708585244,11.617238998413086,11.617238998413086,,12500
2020-11-17,11.691473032462843,11.72858896145298,11.602395227642994,11.669203758239746,,11900
2020-11-18,11.661776484380576,11.713738342625817,11.632083892822266,11.632083892822266,,8000
2020-11-19,11.654355123889598,11.728586969261013,11.646931797766989,11.661778450012209,,15300
2020-11-20,11.691471078314974,11.75827959774515,11.632085885027562,11.713740348815918,,23500
2020-11-23,11.765703209611802,11.921588814831347,11.765703209611802,11.83993434906006,,17700
2020-11-24,11.81024061493956,11.891895780778764,11.75827875153446,11.77312469482422,,12800
2020-11-25,11.817665953216885,11.854781879653444,11.75085742721656,11.758280754089355,,11300
2020-11-27,11.77312469482422,11.802817289331031,11.750855425925934,11.77312469482422,,5000
2020-11-30,11.802818581136446,12.366978646439872,11.580124451925371,11.929012298583984,,29100
2020-12-01,11.94385715494576,11.988395690917969,11.832509399160712,11.988395690917969,,19500
2020-12-02,12.025514602661133,12.025514602661133,11.795396429984253,12.025514602661133,,23500
2020-12-03,12.136861190807798,12.136861190807798,11.921588972162985,11.929012298583984,,11500
2020-12-04,11.929013200694463,11.929013200694463,11.82508945465088,11.82508945465088,,17000
2020-12-07,11.750855575992697,11.877049281240057,11.721162981106689,11.787971496582031,,16300
2020-12-08,11.839935252523578,11.891897832822536,11.72858818089101,11.810242652893066,,14400
2020-12-09,11.89932214288524,11.89932214288524,11.743435097035722,11.862205505371094,,12800
2020-12-10,11.945422177030208,11.968117520691058,11.703336587389234,11.77142333984375,,19100
2020-12-11,11.771421027970964,11.937854477426104,11.763855674412504,11.824377059936523,,30900
2020-12-14,11.862204386024574,11.91516042370336,11.778986930847168,11.778986930847168,,17100
2020-12-15,12.066464198441114,12.066464198441114,11.756291876226369,11.79411792755127,,19700
2020-12-16,11.86977025461286,11.86977025461286,11.710901403565792,11.718466758728027,,14100
2020-12-17,11.763858039107912,11.816814081718356,11.763858039107912,11.786553382873535,,9300
2020-12-18,11.786552163563924,11.862204263585811,11.786552163563924,11.847073554992676,,6400
2020-12-21,11.85463789776986,11.85463789776986,11.80168186515625,11.831942558288574,,8200
2020-12-22,11.8395093708263,11.93029218841363,11.77142333984375,11.77142333984375,,30500
2020-12-23,11.771423125331795,11.892465917946506,11.665510321057948,11.673075675964355,,21800
2020-12-24,11.741162498107323,11.77142319644381,11.741162498107323,11.7638578414917,,7100
2020-12-28,11.76385694356976,11.79411763959648,11.76385694356976,11.778986930847168,,7800
2020-12-29,11.869766175975371,11.877331528538036,11.794114814763937,11.854636192321776,,11600
2020-12-30,11.854639108998382,11.922725855870729,11.854639108998382,11.869769096374512,,7700
2020-12-31,12.830545056473095,12.830545056473095,11.877332889942124,11.900028228759766,,19500
2021-01-04,11.907595366689106,11.983247469381066,11.733596540558288,11.968116760253906,,23500
2021-01-05,12.005943713879448,12.005943713879448,11.952987670898438,11.952987670898438,,8500
2021-01-06,12.028639256134433,12.028639256134433,11.90759645791236,11.975683212280272,,5400
2021-01-07,11.97568058179128,11.97568058179128,11.499074127375703,11.839507102966309,,36300
2021-01-08,11.884898826186737,11.884898826186737,11.665508616266164,11.69576930999756,,12700
2021-01-11,11.680640492102638,11.748727244381389,11.620119094848633,11.620119094848633,,15700
2021-01-12,11.665511604095403,11.778989054284583,11.620120191136513,11.627685546875,,15100
2021-01-13,11.778985745854294,11.778985745854294,11.66550832753816,11.680638313293455,,13600
2021-01-14,11.741160420730138,11.763855760098998,11.657942973924596,11.680638313293455,,9600
2021-01-15,11.78655276787542,11.78655276787542,11.642814636230469,11.642814636230469,,15800
2021-01-19,11.680639066418111,11.741161177757034,11.612553043921592,11.657943725585938,,23600
2021-01-20,11.710900028009108,11.710900028009108,11.59742259979248,11.59742259979248,,20500
2021-01-21,11.642814547753169,11.710900574980045,11.574727799054369,11.650379180908203,,21500
2021-01-22,11.680639332386546,11.680639332386546,11.589857245518866,11.59742259979248,,17200
2021-01-25,11.650377908664543,11.69576930999756,11.62768256873396,11.69576930999756,,34200
2021-01-26,11.680640364052335,11.718466417289408,11.650379665757068,11.68820571899414,,13500
2021-01-27,11.710899296127332,11.726030003728953,11.657943262465354,11.69576930999756,,25200
2021-01-28,11.726030693952715,11.756291389465332,11.673074657173611,11.756291389465332,,29400
2021-01-29,11.960549536837808,11.960549536837808,11.733593999386144,11.748723983764648,,17500
2021-02-01,11.756291589195104,11.79411763959648,11.726030893168383,11.778986930847168,,8200
2021-02-02,11.824379382209722,11.831944737253991,11.77142333984375,11.77142333984375,,7200
2021-02-03,11.748729232561136,11.87733740385762,11.748729232561136,11.862207412719728,,14500
2021-02-04,11.87733554840088,11.87733554840088,11.801684161585367,11.87733554840088,,11800
2021-02-05,11.877335691538612,11.90003103570958,11.847074992153331,11.88490104675293,,6900
2021-02-08,11.915160934054818,11.990813038097908,11.892465591430664,11.892465591430664,,10200
2021-02-09,11.99081413130293,12.225334376568286,11.960553431221204,12.074030876159668,,12200
2021-02-10,12.074030876159668,12.104291576241392,12.06646552077124,12.074030876159668,,9900
2021-02-11,12.119422430429475,12.142117053919318,12.066465663555812,12.08159637451172,,5500
2021-02-12,12.225334154549335,12.225334154549335,12.142116689731871,12.14968204498291,,10600
2021-02-16,12.142114005239256,12.142114005239256,12.10428868029081,12.134550094604492,,14100
2021-02-17,12.058900787838184,12.119422912597656,12.058900787838184,12.119422912597656,,10500
2021-02-18,12.104290263062012,12.142115592956545,12.013508172665675,12.142115592956545,,15000
2021-02-19,12.300986299721025,12.300986299721025,12.12698745727539,12.12698745727539,,18200
2021-02-22,12.142114005239256,12.142114005239256,12.074027987448956,12.134550094604492,,18300
2021-02-23,12.134548311158266,12.134548311158266,12.005939483642578,12.005939483642578,,9200
2021-02-24,12.03620551676819,12.14211761244334,11.960554122924805,11.960554122924805,,19800
2021-02-25,11.96811737489498,12.021074138087796,11.710901078298882,11.7638578414917,,11500
2021-02-26,11.801684038548872,11.801684038548872,11.733597286094357,11.77142333984375,,18400
2021-03-01,11.847074992153331,11.915161746138212,11.816814292768052,11.88490104675293,,15000
2021-03-02,11.884901933754817,12.1421175369904,11.8016851846026,12.119422912597656,,10100
2021-03-03,12.051335321905064,12.074030666203706,11.960553223238508,11.975683212280272,,18600
2021-03-04,12.126986536786696,12.126986536786696,11.718466040720331,11.892465591430664,,24600
2021-03-05,11.983246803283691,11.983246803283691,11.862204022882342,11.983246803283691,,11100
2021-03-08,11.968115843209157,11.968115843209157,11.778986322443034,11.809247016906738,,10400
2021-03-09,11.915159808265638,11.915159808265638,11.710899579531732,11.809247016906738,,14200
2021-03-10,11.952525225216329,11.952525225216329,11.806949191844827,11.845258712768556,,26300
2021-03-11,11.868244171142578,11.944863213235982,11.868244171142578,11.868244171142578,,17700
2021-03-12,11.914215510902478,11.914215510902478,11.837596470298692,11.875905990600586,,13000
2021-03-15,11.898891797789185,11.898891797789185,11.799287334039668,11.814611434936523,,7700
2021-03-16,11.898890948724995,11.898890948724995,11.799286492082915,11.891229629516602,,14600
2021-03-17,11.891230322186605,11.891230322186605,11.799287179397185,11.868244171142578,,12400
2021-03-18,11.90655388617944,11.90655388617944,11.768639900441654,11.837596893310549,,13400
2021-03-19,11.906553079921036,11.906553079921036,11.783963203430176,11.783963203430176,,52000
2021-03-22,11.921874733096214,11.921874733096214,11.8069461994529,11.89888858795166,,15300
2021-03-23,11.80695006341906,11.852921638059764,11.58475570249133,11.615403175354004,,38800
2021-03-24,11.67669517736628,11.74565215659648,11.66137181014468,11.72266674041748,,11200
2021-03-25,11.745653920088936,11.776301389826749,11.607739940922132,11.623064041137695,,11700
2021-03-26,11.65371184897704,11.776301731484905,11.607740277689924,11.692021369934082,,12100
2021-03-29,11.722668539457798,11.883567938789913,11.561769140125683,11.64604949951172,,21100
2021-03-30,11.684360214339998,11.829935528292255,11.638388639532584,11.822274208068848,,13700
2021-03-31,11.921875314899234,11.967846146045476,11.868241704304372,11.96018409729004,,22000
2021-04-01,12.044468707999094,12.044468707999094,11.868245188357664,11.921878814697266,,19700
2021-04-05,11.91421540220332,11.921877452332458,11.745653952828857,11.799286842346191,,10200
2021-04-06,11.82227356058545,11.86058235168457,11.72266909620236,11.86058235168457,,16500
2021-04-07,11.822272875784313,11.822272875784313,11.722668417170777,11.73033046722412,,16500
2021-04-08,11.776300430297852,11.83759536477918,11.745652963057186,11.776300430297852,,17900
2021-04-09,11.76097836151809,11.776301731484905,11.692021369934082,11.692021369934082,,24000
2021-04-12,11.72266674041748,11.737990107639078,11.72266674041748,11.72266674041748,,9900
2021-04-13,11.737991786584152,11.760977936744183,11.715006367117434,11.73033046722412,,16100
2021-04-14,11.730330966995686,11.7533163874417,11.730330966995686,11.737992286682127,,20800
2021-04-15,11.768639103522167,11.822272722506897,11.75331573430746,11.783963203430176,,22300
2021-04-16,11.799287228333732,11.806949278713518,11.737992286682127,11.737992286682127,,8900
2021-04-19,11.799286572644885,11.875905610798322,11.760977784261463,11.783963203430176,,18400
2021-04-20,11.81461124216824,11.891230284015696,11.81461124216824,11.845258712768556,,24500
2021-04-21,11.845258906036886,11.845258906036886,11.768639862939306,11.814611434936523,,15400
2021-04-22,11.837596470298692,11.875905990600586,11.837596470298692,11.875905990600586,,32200
2021-04-23,11.914212684714697,11.914212684714697,11.891227270263292,11.89888858795166,,7500
2021-04-26,11.92953877176828,11.92953877176828,11.646049493230004,11.799286842346191,,22900
2021-04-27,11.806949422112522,11.84525894378339,11.783964001387345,11.837596893310549,,13000
2021-04-28,11.875906221490586,11.898891641841272,11.806949229745191,11.868244171142578,,10000
2021-04-29,11.860581429909844,11.906552998626683,11.822272641787984,11.891229629516602,,12200
2021-04-30,11.906553077149068,11.937200546264648,11.822272719754547,11.937200546264648,,4300
2021-05-03,11.96018653471176,11.998496055603027,11.937201114454336,11.998496055603027,,12100
2021-05-04,12.021483548739225,12.121088027954102,11.9908360728803,12.121088027954102,,17500
2021-05-05,12.159394377506471,12.24367473141788,12.136408959293046,12.236013412475586,,13600
2021-05-06,12.205365944626594,12.24367473141788,12.136408959293046,12.236013412475586,,9700
2021-05-07,12.251338123155016,12.251338123155016,12.113424868073158,12.17471981048584,,17300
2021-05-10,12.220690651948676,12.220690651948676,12.17471981048584,12.17471981048584,,10300
2021-05-11,12.174720273101958,12.21302906554553,12.159396171569824,12.159396171569824,,8400
2021-05-12,12.205367782311423,12.205367782311423,12.059791740090295,12.182381629943848,,18400
2021-05-13,12.236013059004538,12.236013059004538,11.998494642016274,12.013818740844728,,27400
2021-05-14,12.098101263342878,12.19770573152223,11.99083474437433,12.182381629943848,,8800
2021-05-17,12.190044097066954,12.190044097066954,11.937202257935205,11.967849731445312,,20900
2021-05-18,11.990832030593856,12.113422623395929,11.937199148594535,12.10576057434082,,17400
2021-05-19,12.105763961028398,12.159396858031965,12.021482859230314,12.144073486328123,,12500
2021-05-20,12.1823808790491,12.19004292936602,11.990834005286109,11.998496055603027,,18400
2021-05-21,12.05979080351834,12.05979080351834,11.983172493656795,12.02914333343506,,10700
2021-05-24,12.090437658752624,12.113423808166138,12.067452240032395,12.098099708557127,,10800
2021-05-25,12.136409036073198,12.136409036073198,12.044466631944555,12.12874698638916,,3000
2021-05-26,12.144071695562452,12.228352054239128,12.05212855612368,12.213027954101562,,9400
2021-05-27,12.20536598461149,12.25899887084961,12.174718516662097,12.25899887084961,,18900
2021-05-28,12.27432655690451,12.27432655690451,12.19004544739558,12.266664505004885,,42600
2021-06-01,12.312631837308244,12.312631837308244,12.25899895072069,12.304969787597656,,15100
2021-06-02,12.335617260764565,12.335617260764565,12.18237919834057,12.297307014465332,,20800
2021-06-03,12.28964565364721,12.312630338594682,12.167055065279577,12.274321556091309,,14200
2021-06-04,12.450545111699029,12.450545111699029,12.22068874811363,12.32795524597168,,12000
2021-06-07,12.258998229552567,12.32795521150472,12.25133618029272,12.297307014465332,,11000
2021-06-08,12.31263282180862,12.33561897277832,12.220690410009825,12.33561897277832,,7100
2021-06-09,12.327956120460048,12.366264908197364,12.28198528289795,12.28198528289795,,12500
2021-06-10,12.487524370174174,12.487524370174174,12.324643591791334,12.371180534362791,,13400
2021-06-11,12.425477044257274,12.433233449429432,12.32464599609375,12.32464599609375,,25800
2021-06-14,12.324645397042287,12.417720035509667,12.1617645948015,12.208301544189451,,16200
2021-06-15,12.26259708404541,12.309134038920911,12.208302983768576,12.26259708404541,,21500
2021-06-16,12.270352873311683,12.270352873311683,12.208303106393393,12.22381591796875,,7400
2021-06-17,12.247082430176173,12.29362011774211,12.177276268672992,12.192789077758787,,17900
2021-06-18,12.20054559238416,12.301376639390416,12.09971528506941,12.13074016571045,,11100
2021-06-21,12.19278936713724,12.19278936713724,12.10747039452334,12.146251678466797,,11800
2021-06-22,12.169519368794486,12.169519368794486,12.099713949824045,12.138494491577148,,12300
2021-06-23,12.169520659221565,12.177277064271223,12.09971523284912,12.09971523284912,,8100
2021-06-24,12.138494931372817,12.200544688055643,12.115226457539617,12.16176414489746,,11300
2021-06-25,12.185031161464686,12.185031161464686,12.099712941152273,12.107468605041504,,13300
2021-06-28,12.192789356607042,12.247082710266112,12.146251667976792,12.247082710266112,,17200
2021-06-29,12.278107462257424,12.38669490814209,12.099714593687748,12.38669490814209,,9600
2021-06-30,12.464255217403409,12.479768024793916,12.309130841955191,12.40220546722412,,25000
2021-07-01,12.409962595103671,12.526305698556206,12.409962595103671,12.479768753051758,,17300
2021-07-02,12.47977151588916,12.47977151588916,12.340159169084876,12.41772174835205,,6600
2021-07-06,12.456502298294062,12.557334095156332,12.402208936621983,12.41772174835205,,14500
2021-07-07,12.46425673546703,12.479769544746894,12.371182098862226,12.38669490814209,,7500
2021-07-08,12.394449789860609,12.409962598160185,12.371181317102652,12.37893772125244,,14700
2021-07-09,12.378939698779853,12.39445176986606,12.309133529663086,12.309133529663086,,8600
2021-07-12,12.316887188132302,12.402205409307555,12.293618716846572,12.371180534362791,,9200
2021-07-13,12.332400039132416,12.402206197115168,12.254838216689343,12.278106689453123,,18900
2021-07-14,12.33240183374779,12.355671049589128,12.309133357597974,12.316889762878418,,9700
2021-07-15,12.378939525738945,12.378939525738945,12.301376952317527,12.316889762878418,,12800
2021-07-16,12.332400824835224,12.332400824835224,12.262595402096547,12.285863876342772,,12500
2021-07-19,12.28586411275801,12.28586411275801,12.185033069495477,12.208301544189451,,13000
2021-07-20,12.239325523376465,12.270350400583458,12.23156985884328,12.239325523376465,,12300
2021-07-21,12.239328432679097,12.278109723329052,12.208303548097447,12.270353317260742,,4900
2021-07-22,12.29361972449576,12.30137538909912,12.2703505116114,12.30137538909912,,7600
2021-07-23,12.332399425774987,12.36342430114746,12.270349675030038,12.36342430114746,,8900
2021-07-26,12.371182947743678,12.371182947743678,12.32464599609375,12.32464599609375,,8000
2021-07-27,12.355668964185424,12.425475120544434,12.332399752271492,12.425475120544434,,11900
2021-07-28,12.40996042459365,12.44874095916748,12.40996042459365,12.44874095916748,,14400
2021-07-29,12.433233089376191,12.479770039678458,12.316889234237545,12.44098949432373,,12400
2021-07-30,12.47201173479681,12.47201173479681,12.347912233306912,12.36342430114746,,6200
2021-08-02,12.371181714178308,12.49528196548392,12.355669645072252,12.394450187683104,,8400
2021-08-03,12.46425644589012,12.46425644589012,12.378938215907413,12.433232307434082,,6800
2021-08-04,12.448744419888294,12.541819799875809,12.371182589487354,12.44098949432373,,9100
2021-08-05,12.433232319387086,12.456500053405762,12.363425418873843,12.456500053405762,,15200
2021-08-06,12.479769544746894,12.479769544746894,12.363425694222297,12.38669490814209,,7500
2021-08-09,12.417718387817825,12.417718387817825,12.309130954168475,12.36342430114746,,10200
2021-08-10,12.332403086424032,12.332403086424032,12.239328432679097,12.270353317260742,,13900
2021-08-11,12.278109205424466,12.340158971970428,12.262597133633756,12.293622016906738,,10200
2021-08-12,12.301378201842388,12.324647420047318,12.270353317260742,12.270353317260742,,10200
2021-08-13,12.285865103961012,12.347914867945338,12.285865103961012,12.340158462524414,,10200
2021-08-16,12.347912063077064,12.386693341680855,12.347912063077064,12.371180534362791,,7600
2021-08-17,12.355668637072874,12.417718387817825,12.332399425774987,12.36342430114746,,13200
2021-08-18,12.347915040367546,12.363427111734463,12.332402229309082,12.332402229309082,,8700
2021-08-19,12.363425640195342,12.394450518928034,12.332400761462653,12.355669975280762,,7400
2021-08-20,12.355668466736097,12.448742351879016,12.347912063077064,12.371180534362791,,11300
2021-08-23,12.402206977730495,12.448743926187166,12.332400815354028,12.38669490814209,,7400
2021-08-24,12.425474620284652,12.440987427602714,12.340155659418032,12.371180534362791,,8800
2021-08-25,12.378938449407416,12.378938449407416,12.347913570674724,12.355669975280762,,11200
2021-08-26,12.324646168158864,12.363426715178052,12.309133357597974,12.316889762878418,,7500
2021-08-27,12.30913245818841,12.371182216515054,12.30913245818841,12.34791374206543,,15600
2021-08-30,12.316887967436951,12.402206194010397,12.316887967436951,12.37893772125244,,6300
2021-08-31,12.371180422187308,12.409961700439451,12.371180422187308,12.409961700439451,,5800
2021-09-01,12.417721037350589,12.417721037350589,12.316889985953177,12.340158462524414,,7400
2021-09-02,12.32464509654807,12.402206923534072,12.32464509654807,12.355669975280762,,5600
2021-09-03,12.316888862902108,12.34791374206543,12.301376053474714,12.34791374206543,,4800
2021-09-07,12.332402229309082,12.347915040367546,12.262596798620626,12.332402229309082,,10300
2021-09-08,12.347912844344696,12.448743139526306,12.316887967436951,12.37893772125244,,12000
2021-09-09,12.720212270933663,12.720212270933663,12.402207075114042,12.549575805664062,,19900
2021-09-10,12.558208879027294,12.78582713354614,12.487568834318353,12.668092727661133,,20500
2021-09-13,12.668090600273086,12.668090600273086,12.526811283108216,12.636695861816406,,9100
2021-09-14,12.628848396110758,12.69163937800032,12.550359294485032,12.620999336242676,,10900
2021-09-15,12.613150276374594,12.683790318132235,12.589604593825444,12.620999336242676,,8900
2021-09-16,12.613148472391003,12.613148472391003,12.511112954282112,12.55820655822754,,8500
2021-09-17,12.63669918821834,12.63669918821834,12.41692997295135,12.46402359008789,,7900
2021-09-20,12.464023054684128,12.51896498187697,12.464023054684128,12.495418548583984,,1300
2021-09-21,12.487567793000938,12.566056891360816,12.487567793000938,12.550358772277832,,2400
2021-09-22,12.534661401722367,12.550358772277832,12.511114223097897,12.550358772277832,,11300
2021-09-23,12.511116325923064,12.644548114972617,12.511116325923064,12.605302810668944,,4900
2021-09-24,12.605302810668944,12.621000932390412,12.58960618600276,12.605302810668944,,9300
2021-09-27,12.573904675718495,12.597450354900047,12.55035749948206,12.55820655822754,,3200
2021-09-28,12.518963705619528,12.558208256125427,12.440475353135268,12.503266334533691,,5100
2021-09-29,12.613150187321924,12.613150187321924,12.205008807921374,12.401230812072754,,35500
2021-09-30,12.487569390444197,12.534663005189966,12.3855338489347,12.45617389678955,,12200
2021-10-01,12.432629275722862,12.550362206955318,12.354140155882742,12.41693115234375,,9600
2021-10-04,12.44047451292415,12.55035834868623,12.377683535766534,12.518962860107422,,10100
2021-10-05,12.440478775236244,12.55036264864634,12.361989652633818,12.36983871459961,,8600
2021-10-06,12.401233269427136,12.409082330795124,12.252104097546116,12.346290588378906,,13500
2021-10-07,12.314894570504723,12.346290066120932,12.252103579272308,12.29919719696045,,6500
2021-10-08,12.361986484654716,12.361986484654716,12.181462596870444,12.275649070739746,,20100
2021-10-11,12.30704771592877,12.448327088674288,12.30704771592877,12.36983871459961,,15100
2021-10-12,12.31489372253418,12.432627384383885,12.29134728957528,12.31489372253418,,17300
2021-10-13,12.275648226012558,12.346287515157949,12.275648226012558,12.291345596313477,,19500
2021-10-14,12.267802115777226,12.40123316378562,12.267802115777226,12.33059310913086,,6400
2021-10-15,12.346290161323708,12.369837344613185,12.27565085703828,12.338441848754885,,9300
2021-10-18,12.330589931025685,12.330589931025685,12.2285544059929,12.236403465270996,,14200
2021-10-19,12.252101890876752,12.291346442120853,12.228555459541315,12.275649070739746,,7100
2021-10-20,12.291347934305977,12.307046056120408,12.21285957081675,12.244255065917969,,11600
2021-10-21,12.220709374433454,12.252104873365722,12.17361650029892,12.212861061096191,,6200
2021-10-22,12.25210221079716,12.28349770290671,12.25210221079716,12.267800331115724,,5300
2021-10-25,12.275650367716862,12.275650367716862,12.126521206938644,12.165765762329102,,13300
2021-10-26,12.205008188339663,12.299194655727687,12.205008188339663,12.291345596313477,,17500
2021-10-27,12.267802997095728,12.267802997095728,12.20501199923119,12.212861061096191,,5000
2021-10-28,12.236406231233488,12.25995266586281,12.197161674499512,12.197161674499512,,5200
2021-10-29,12.189311776698112,12.189311776698112,12.134369850158691,12.134369850158691,,21300
2021-11-01,12.118673542248706,12.173616225535902,12.079429730864922,12.09512710571289,,21100
2021-11-02,12.110824058509104,12.181464109816512,12.087276875721535,12.118672370910645,,15900
2021-11-03,12.118672561031556,12.20501073555184,12.118672561031556,12.197161674499512,,6500
2021-11-04,12.22855503786243,12.322741508483888,12.205008607338948,12.322741508483888,,10000
2021-11-05,12.267798211152408,12.267798211152408,12.165762692296946,12.189309120178224,,31800
2021-11-08,12.189313875501188,12.252104873365722,12.189313875501188,12.212861061096191,,4500
2021-11-09,12.25210337829754,12.267801500111972,12.205010509909531,12.244255065917969,,3300
2021-11-10,12.22855717018116,12.22855717018116,12.181464300922515,12.197161674499512,,15600
2021-11-11,12.228555892618555,12.228555892618555,12.18146302827988,12.20500946044922,,6700
2021-11-12,12.197161674499512,12.197161674499512,12.16576617881786,12.197161674499512,,2400
2021-11-15,12.173611751099854,12.19715817898113,12.165762692296946,12.189309120178224,,17900
2021-11-16,12.20500871864104,12.20500871864104,12.142217737654123,12.181462287902832,,4600
2021-11-17,12.157917344279618,12.16576640547818,12.142219970410164,12.150068283081056,,17500
2021-11-18,12.165766394436002,12.17361545562744,12.12652183700648,12.17361545562744,,8500
2021-11-19,12.173614823112722,12.189312196152324,12.157916701545483,12.165765762329102,,10200
2021-11-22,12.16576640547818,12.16576640547818,12.12652184801304,12.150068283081056,,31800
2021-11-23,12.150069764433429,12.15791882658896,12.1265233264946,12.142221450805664,,6800
2021-11-24,12.079430450616949,12.165767888744492,12.079430450616949,12.142221450805664,,5900
2021-11-26,12.17361523987019,12.197161674499512,12.087277065349909,12.197161674499512,,3800
2021-11-29,12.17361545562744,12.236406448103606,12.142219959389358,12.17361545562744,,8200
2021-11-30,12.181461547379302,12.244252524549092,12.181461547379302,12.236403465270996,,7400
2021-12-01,12.228558436298457,12.236407498163455,12.142221001366652,12.212861061096191,,13100
2021-12-02,12.212859796604167,12.244255292285816,12.181464300922515,12.197161674499512,,24000
2021-12-03,12.197158917408004,12.236403465270996,12.173612488101206,12.236403465270996,,10900
2021-12-06,12.220707690759165,12.220707690759165,12.157916701545483,12.165765762329102,,11400
2021-12-07,12.393384457985388,12.393384457985388,12.212860534047332,12.220708847045898,,18900
2021-12-08,12.518964884098835,12.518964884098835,12.275649995407257,12.45617389678955,,17500
2021-12-09,12.33059321417062,12.354139649746894,12.27565128165008,12.346290588378906,,7900
2021-12-10,12.444878175112638,12.461040724884125,12.275175255875975,12.28325653076172,,15700
2021-12-13,12.299418616619958,12.32366166968999,12.250931739807127,12.250931739807127,,5000
2021-12-14,12.339826505765773,12.477204345737745,12.339826505765773,12.469123840332031,,12900
2021-12-15,12.493365781252944,12.493365781252944,12.3075003014217,12.461041450500488,,42300
2021-12-16,12.49336601142267,12.49336601142267,12.33174435468278,12.339825630187988,,11100
2021-12-17,12.372149834264352,12.42063594545112,12.267095565795898,12.267095565795898,,8700
2021-12-20,12.355987268915188,12.355987268915188,11.92768969079493,11.943851470947266,,36900
2021-12-21,12.00041955009997,12.170122479296207,11.98425699937993,12.129716873168944,,30400
2021-12-22,12.153959574388615,12.186283904213871,12.153959574388615,12.178202629089355,,17500
2021-12-23,12.170121765052471,12.30749958474616,12.170121765052471,12.28325653076172,,33600
2021-12-27,12.22668884788735,12.299418778728809,12.22668884788735,12.259013175964355,,23300
2021-12-28,12.259013506380354,12.323662164276836,12.178202298673355,12.218607902526855,,25700
2021-12-29,12.27517492685717,12.364067406872133,12.259013148191668,12.32366180419922,,20900
2021-12-30,12.372149013159316,12.4044733420295,12.234770422792838,12.28325653076172,,25600
2021-12-31,12.428717911077904,12.509528357767785,12.339826188517172,12.452960968017578,,21700
2022-01-03,12.525689720574048,12.525689720574048,12.202446423150938,12.24285125732422,,26000
2022-01-04,12.33174327632934,12.436797536691977,12.121634755604068,12.210526466369627,,34000
2022-01-05,12.202445743832213,12.372148658200068,11.984255952213784,11.992337226867676,,21100
2022-01-06,12.024661419778136,12.162040004660488,11.903444613349304,11.919607162475586,,24300
2022-01-07,11.919607815697775,11.98425647440028,11.879202211340512,11.89536476135254,,25500
2022-01-10,11.871121075162884,11.943851009721948,11.871121075162884,11.911526679992676,,16600
2022-01-11,11.96001435630732,11.96001435630732,11.895365692543995,11.903446197509766,,16800
2022-01-12,12.000419024412308,12.000419024412308,11.879202211340512,11.89536476135254,,18300
2022-01-13,11.895364109458924,11.943850215492247,11.887282834895782,11.919607162475586,,17200
2022-01-14,11.927689885920728,11.927689885920728,11.83879739627374,11.887284278869627,,29100
2022-01-18,11.863039672102737,14.214636601122647,11.701417265026558,12.234769821166992,,777900
2022-01-19,12.194364865727255,12.380229564774265,11.7903103679665,11.82263469696045,,92700
2022-01-20,11.976175469196695,12.162040945158218,11.814553818799382,11.984256744384766,,29800
2022-01-21,11.903445030474847,11.927688855013834,11.58828301819592,11.685256004333496,,34500
2022-01-24,11.612527054243111,11.814554318451949,11.394338009647454,11.62060832977295,,24000
2022-01-25,11.968093339531288,11.968093339531288,11.5236332832874,11.61252498626709,,30600
2022-01-26,11.685252517600912,11.73373938153822,11.523630922264136,11.580198287963867,,69200
2022-01-27,11.580200236872493,11.58828151066752,11.450902938842772,11.450902938842772,,36100
2022-01-28,11.402418457931647,11.450905340197256,11.370094126645524,11.418581008911133,,24800
2022-01-31,11.39433716235122,11.475147599621884,11.378174612493408,11.426661491394045,,29000
2022-02-01,11.394338373968678,11.515554428100586,11.345851489912189,11.515554428100586,,50300
2022-02-02,11.499390462387764,11.547877340481586,11.442823080172294,11.48322868347168,,36300
2022-02-03,11.450905975225522,11.47514903236634,11.345851700051458,11.402419090270996,,24400
2022-02-04,11.418578843392886,11.418578843392886,11.200389070586317,11.208470344543455,,47300
2022-02-07,11.232716583458451,11.24887913595948,11.151906132972078,11.22463607788086,,39100
2022-02-08,11.224635619936633,11.240797401105366,11.13574312615347,11.19231128692627,,35400
2022-02-09,11.224632892457738,11.256957217613596,11.168064745430458,11.208470344543455,,16400
2022-02-10,11.14382303033084,11.14382303033084,11.030687493384496,11.038768768310549,,31500
2022-02-11,11.063012177037534,11.13574211235775,10.957958682322577,10.990283012390137,,39900
2022-02-14,10.982202493554585,11.04685115814209,10.885229496673324,11.04685115814209,,53700
2022-02-15,11.168066909394405,11.168066909394405,10.998363976775735,11.022607803344728,,38600
2022-02-16,11.03068814732494,11.087256304488085,10.99028331164492,11.0145263671875,,63500
2022-02-17,11.014527000286645,11.095337446964397,10.982202667480967,10.998364448547363,,77300
2022-02-18,11.02260764259264,11.05493197354036,10.982202036239778,11.0145263671875,,54000
2022-02-22,11.022606390981032,11.022606390981032,10.909470860174071,10.933713912963867,,63600
2022-02-23,10.95795839098948,10.95795839098948,10.893308961900336,10.90947151184082,,86700
2022-02-24,10.772091818399543,10.925632944440643,10.715524440738465,10.901389122009276,,32000
2022-02-25,10.860983983921733,10.974119514728692,10.860983983921733,10.933713912963867,,17800
2022-02-28,10.885228587451614,11.030687685287154,10.885228587451614,10.98220157623291,,53900
2022-03-01,10.982202002873825,11.087256270802952,10.982202002873825,11.079174995422363,,135700
2022-03-02,11.079173907292477,11.08725518187937,11.006443977355955,11.006443977355955,,83400
2022-03-03,10.998364274365024,11.071094214694186,10.982202493554585,11.04685115814209,,35100
2022-03-04,11.01452744086374,11.111500443159656,11.01452744086374,11.087257385253906,,60900
2022-03-07,11.030689158666494,11.046851710958627,10.893310546875,10.893310546875,,35500
2022-03-08,10.836743217869918,10.933716220164806,10.79633760757882,10.820581436157228,,29300
2022-03-09,10.780173904123956,10.877146889131827,10.780173904123956,10.828660011291504,,16800
2022-03-10,10.835212361196664,10.835212361196664,10.745123949934692,10.769693374633787,,10200
2022-03-11,10.827024203060992,10.835213491449654,10.753315140226965,10.802453994750977,,23800
2022-03-14,10.777883969180929,10.777883969180929,10.63865592067845,10.663226127624512,,14200
2022-03-15,10.704175082132792,10.745124646651751,10.687795724953997,10.695985794067385,,19700
2022-03-16,10.818833265011076,10.818833265011076,10.712364714026428,10.79426383972168,,30400
2022-03-17,10.999011394178456,10.999011394178456,10.70417515254099,10.90892219543457,,33300
2022-03-18,10.892543196458346,10.892543196458346,10.786074636925642,10.802453994750977,,30800
2022-03-21,10.84340234186743,10.84340234186743,10.67960487678821,10.728744506835938,,40400
2022-03-22,10.728745288677224,10.745124645854805,10.687795724161298,10.71236515045166,,21600
2022-03-23,10.614086494780356,10.72055504840272,10.597706356816316,10.663226127624512,,22100
2022-03-24,10.63046688531198,10.695986662490755,10.605897457024964,10.687796592712402,,23700
2022-03-25,10.687794858215922,10.687794858215922,10.54037675032188,10.564946174621582,,33300
2022-03-28,10.581327693281152,10.62227725982666,10.556758265773055,10.62227725982666,,35100
2022-03-29,10.712364369804051,10.810642848851586,10.655035452288306,10.728744506835938,,39900
2022-03-30,10.72874571296496,10.843403560886326,10.720555643528288,10.802453994750977,,43000
2022-03-31,11.01539030321831,11.211947268946185,10.84340276294443,11.179187774658203,,204300
2022-04-01,11.170998829658531,11.228327751159668,10.974441076851257,11.228327751159668,,16900
2022-04-04,11.211947612989071,11.555922704091834,11.056340205608286,11.228327751159668,,32600
2022-04-05,11.22832714333143,11.523162585009915,11.105479237894045,11.293846130371094,,91800
2022-04-06,11.57230230426677,11.57230230426677,11.16280824161493,11.30203628540039,,44400
2022-04-07,11.662392845583838,11.662392845583838,10.892544210940692,10.966253280639648,,30700
2022-04-08,10.925301815995724,10.94987124128512,10.736934139315824,10.79426383972168,,26000
2022-04-11,10.786074210370728,10.786074210370728,10.679605655048515,10.71236515045166,,9100
2022-04-12,10.761505656485726,10.818834582826728,10.695986660367996,10.70417594909668,,8600
2022-04-13,10.736933794303956,10.802452780335644,10.67960487678821,10.728744506835938,,8100
2022-04-14,10.712364901519056,10.712364901519056,10.466668301180958,10.48304843902588,,20000
2022-04-18,10.515808806405822,10.515808806405822,10.409340244721571,10.45847988128662,,8100
2022-04-19,10.458479879517338,10.58951786893793,10.458479879517338,10.474859237670898,,19000
2022-04-20,10.523998079122038,10.679605484540586,10.523998079122038,10.663226127624512,,19300
2022-04-21,10.614086494251824,10.769693899662624,10.605896425270211,10.679605484008787,,10500
2022-04-22,10.720554788273644,10.736934144792285,10.63865566253662,10.63865566253662,,9200
2022-04-25,10.663226311400049,10.728745302289465,10.523998260498049,10.523998260498049,,12700
2022-04-26,10.548567077506949,10.630465420864065,10.523997652604605,10.589516639709473,,13600
2022-04-27,10.655035539833422,10.704174389236968,10.581326484680176,10.581326484680176,,14100
2022-04-28,10.581329425586258,10.614088927976228,10.524000491665849,10.6058988571167,,11600
2022-04-29,10.622276917807191,10.622276917807191,10.52399842989119,10.573137283325195,,12900
2022-05-02,10.52399881192098,10.540378169977568,10.253732765079096,10.278302192687988,,34000
2022-05-03,10.31925175940149,10.343821187010382,10.237352625974486,10.278302192687988,,24100
2022-05-04,10.270112123135684,10.30287162029688,10.155453492547482,10.278302192687988,,15200
2022-05-05,10.13088433892792,10.270112400890431,10.098124840880743,10.163643836975098,,17800
2022-05-06,10.196402205695552,10.253731906714457,10.089933653572396,10.13088321685791,,17200
2022-05-09,10.11450264536048,10.130882000078657,10.016223392859985,10.089932441711426,,34600
2022-05-10,10.147263181752416,10.155452469431664,10.057173987849184,10.081744194030762,,8800
2022-05-11,10.106314910654548,10.180023976522708,10.01622570523878,10.163643836975098,,27600
2022-05-12,10.155452985076412,10.261921540792043,10.13088355869526,10.196402549743652,,14400
2022-05-13,10.253732441586807,10.253732441586807,9.991655691517396,10.04079532623291,,26500
2022-05-16,10.03260724238436,10.073556815909845,9.909759302856058,10.065366744995115,,19500
2022-05-17,10.073554822360586,10.073554822360586,10.024415187645074,10.04079532623291,,14200
2022-05-18,10.065362928484271,10.07355299629355,9.99165388029649,10.048983573913574,,9100
2022-05-19,9.94251563506032,10.040794111554174,9.94251563506032,9.999844551086426,,14400
2022-05-20,9.958895420946902,10.073554039001465,9.958895420946902,10.073554039001465,,8900
2022-05-23,10.073553603718793,10.073553603718793,9.836047090263335,9.999844551086426,,39800
2022-05-24,10.08993496966998,10.08993496966998,10.008036613464355,10.008036613464355,,13400
2022-05-25,10.057174329948843,10.155452814874316,10.048985041991031,10.147263526916504,,13800
2022-05-26,10.106314744508788,10.188213097756316,10.06536517736101,10.11450481414795,,11200
2022-05-27,10.130883729090275,10.23735228659664,10.08993416373429,10.212782859802246,,17000
2022-05-31,10.081744194030762,10.13088304429803,10.057173987849184,10.081744194030762,,27800
2022-06-01,10.098124249194344,10.098124249194344,10.032605256938991,10.04079532623291,,30700
2022-06-02,10.032605510180185,10.139074070544591,10.032605510180185,10.098124504089355,,21100
2022-06-03,10.016224689426968,10.032604827313358,9.96708583786372,9.983465194702148,,25000
2022-06-06,9.893377473497102,9.934327040037752,9.762339485405436,9.92613697052002,,47400
2022-06-07,9.909757781116578,9.95889663696289,9.909757781116578,9.95889663696289,,90800
2022-06-08,9.88518740397937,9.934327040037752,9.852427906956452,9.92613697052002,,33100
2022-06-09,9.88518793755778,9.9670870750598,9.63949208714785,9.83604907989502,,411300
2022-06-10,9.826081663931069,9.925754418180464,9.784551151628328,9.80116367340088,,36400
2022-06-13,9.70148891098574,9.70148891098574,9.593509918201248,9.601816177368164,,58800
2022-06-14,9.551982033516769,9.551982033516769,9.236351227788596,9.402472496032717,,33300
2022-06-15,9.33602286272083,9.435695611645809,9.319411133964298,9.352635383605955,,35800
2022-06-16,9.27787851655153,9.286184775107452,9.269572257995604,9.269572257995604,,30800
2022-06-17,9.203124258906804,9.327714975299246,9.203124258906804,9.286185264587402,,33300
2022-06-21,9.294492963864712,9.327717215691278,9.14498422670949,9.302799224853516,,17100
2022-06-22,9.261267520331913,9.360941055114626,9.120064270206363,9.2944917678833,,16300
2022-06-23,9.311104348673355,9.427389611928692,9.311104348673355,9.41077709197998,,18800
2022-06-24,9.402471255497696,9.527062784339057,9.402471255497696,9.46891975402832,,14900
2022-06-27,9.460615061971206,9.460615061971206,9.419084548950195,9.419084548950195,,14800
2022-06-28,9.419085018921471,9.444003011125917,9.37755450382827,9.402472496032717,,43900
2022-06-29,9.4024704481067,9.452307213789473,9.4024704481067,9.435694694519045,,39600
2022-06-30,9.435695180983938,9.502143677234429,9.402470932858693,9.45230770111084,,63200
2022-07-01,9.46892113634598,9.61843067593028,9.46892113634598,9.560288429260254,,32700
2022-07-05,9.560286846585695,9.618429083630469,9.502143817412358,9.576898574829102,,49500
2022-07-06,9.610121644406608,9.693182651818825,9.585203659034333,9.601816177368164,,32200
2022-07-07,9.626734874743072,9.69318336873605,9.551980120968835,9.593510627746582,,19700
2022-07-08,9.551981831046389,9.568594353583016,9.48553332515723,9.510451316833496,,26000
2022-07-11,9.535369873046877,9.56028865832712,9.518758141655432,9.535369873046877,,24100
2022-07-12,9.535367984746786,9.585204753309322,9.535367984746786,9.56859302520752,,23100
2022-07-13,9.477224456320275,9.560285461892612,9.444000212517034,9.518754959106444,,31200
2022-07-14,9.518758141655432,9.543676134806956,9.360943128857484,9.535369873046877,,20800
2022-07-15,9.535367984746786,9.585204753309322,9.535367984746786,9.56859302520752,,10200
2022-07-18,9.568593106771685,9.593511095201077,9.543674326213724,9.576898574829102,,25900
2022-07-19,9.601816746731693,9.626734733581545,9.593510487072235,9.626734733581545,,9800
2022-07-20,9.626735785679124,9.676571764825354,9.626735785679124,9.66826629638672,,10800
2022-07-21,9.684879302978516,9.701491826304446,9.6433487867924,9.684879302978516,,28700
2022-07-22,9.72640937575069,9.8510001265004,9.72640937575069,9.784551620483398,,32300
2022-07-25,9.784550342161245,9.792856602360349,9.75132609349339,9.767938613891602,,9000
2022-07-26,9.801164143051986,9.801164143051986,9.767939890043484,9.784551620483398,,13500
2022-07-27,9.826081471225145,9.942366744966543,9.826081471225145,9.90914249420166,,10200
2022-07-28,9.950672068510308,10.00050883999547,9.92575407883203,9.94236660003662,,6500
2022-07-29,9.950671215930724,10.000507983145845,9.950671215930724,9.983896255493164,,16300
2022-08-01,9.917448332111396,10.058651601152556,9.917448332111396,10.04203987121582,,18900
2022-08-02,10.058650889153544,10.06695714959828,10.025426639503197,10.050345420837402,,26800
2022-08-03,10.058651601152556,10.066957862185246,10.033733610183129,10.04203987121582,,24500
2022-08-04,10.042039241563833,10.18324250175132,10.02542672054008,10.058650970458984,,25200
2022-08-05,10.008814711845464,10.017120972125138,9.934059953585574,9.967284202575684,,45200
2022-08-08,9.992202470621178,10.091875220377888,9.975590741726029,10.058650970458984,,17300
2022-08-09,10.017119700445486,10.10848617553711,10.000507181995111,10.10848617553711,,15300
2022-08-10,10.15832221749721,10.365973946804628,10.141710491059428,10.224771499633787,,17600
2022-08-11,10.249691055297058,10.266302784279254,10.116794054925071,10.174936294555664,,19400
2022-08-12,10.216465566036009,10.28291405816238,10.183241319972822,10.24138355255127,,6900
2022-08-15,10.249691299621505,10.282915550506477,10.183242797851562,10.183242797851562,,3600
2022-08-16,10.216464922198366,10.216464922198366,10.091873413216744,10.100179672241213,,4700
2022-08-17,10.042039531168973,10.058651260543195,9.934060517786351,9.992202758789062,,18400
2022-08-18,10.00881491074232,10.35766992813526,10.00881491074232,10.050345420837402,,9600
2022-08-19,9.958978749449225,10.00050926208496,9.958978749449225,10.00050926208496,,15600
2022-08-22,9.98389580434652,9.98389580434652,9.84269256110093,9.892528533935549,,9700
2022-08-23,9.884223567949164,9.958978329112602,9.884223567949164,9.94236660003662,,18700
2022-08-24,9.934060339434328,9.9672845897149,9.92575407883203,9.94236660003662,,11600
2022-08-25,9.942366113837032,9.950671581904563,9.909141865181187,9.925753593444824,,7100
2022-08-26,9.909142396148104,9.917447864660671,9.850999363788434,9.8676118850708,,11600
2022-08-29,9.842693895275865,9.917447864660671,9.83438763463468,9.8676118850708,,17700
2022-08-30,9.85930576939716,9.900836281085112,9.83438777923584,9.83438777923584,,11700
2022-08-31,9.83438777923584,9.892530020321797,9.792857267547888,9.83438777923584,,16500
2022-09-01,9.759633628759191,9.784551620483398,9.72640937575069,9.784551620483398,,9100
2022-09-02,9.759630912598103,9.826079400122111,9.751324653625488,9.751324653625488,,4800
2022-09-06,9.734713554382324,9.734713554382324,9.676570529960108,9.734713554382324,,13800
2022-09-07,9.709794916046016,9.718101175673182,9.684876929293027,9.701489448547363,,8500
2022-09-08,9.651652579878007,9.676570566364989,9.626734593391031,9.659958839416504,,17900
2022-09-09,9.678425289405078,9.728790388454698,9.6196666742856,9.644848823547363,,8700
2022-09-12,9.569303080637932,9.837915650282737,9.569303080637932,9.812732696533203,,80400
2022-09-13,9.703608664139525,9.81273158256131,9.560908477863492,9.686820030212402,,25500
2022-09-14,9.720395491103302,9.720395491103302,9.586089635696686,9.61966609954834,,17200
2022-09-15,9.586090238469126,9.619666704432063,9.53572513926167,9.56930160522461,,6300
2022-09-16,9.510543249270553,9.518937566121725,9.426601681811098,9.485361099243164,,6800
2022-09-19,9.434997819155043,9.502150765869397,9.434997819155043,9.493757247924805,,3800
2022-09-20,9.3678439336711,9.3678439336711,9.292296676056624,9.351056098937988,,11600
2022-09-21,9.30068936836827,9.393024444580078,9.30068936836827,9.393024444580078,,15700
2022-09-22,9.325872335582936,9.34266096938322,9.183172150385015,9.191566467285156,,17800
2022-09-23,9.157989957212209,9.20835505785046,9.09923134023934,9.12441349029541,,17800
2022-09-26,9.065653899849975,9.099230363161324,8.830618656670548,8.981712341308594,,13400
2022-09-27,8.981713054325281,8.981713054325281,8.822225041066876,8.864195823669434,,19200
2022-09-28,8.922952206060813,9.006892949733967,8.889375748486373,8.956528663635254,,24800
2022-09-29,8.88937812432033,8.92295459086864,8.797042240917902,8.847407341003418,,11100
2022-09-30,8.880983776157626,8.973318858707543,8.85580162646694,8.922954559326172,,62800
2022-10-03,8.914560436253089,9.065654938731893,8.880983969094034,8.973319053649902,,23000
2022-10-04,9.023682574610936,9.199959196461586,9.023682574610936,9.09922981262207,,12900
2022-10-05,9.006896666033763,9.116020398307274,9.006896666033763,9.04047393798828,,7300
2022-10-06,9.040473212259254,9.040473212259254,8.981713791582017,9.01529026031494,,9000
2022-10-07,8.922955930049527,8.981714555196191,8.922955930049527,8.964926719665527,,13200
2022-10-10,8.964926719665527,8.973320237167744,8.880985140433527,8.964926719665527,,9700
2022-10-11,8.964923516176787,8.964923516176787,8.813829047761152,8.839011192321777,,4300
2022-10-12,8.830620383733699,8.872590370686709,8.830620383733699,8.855802536010742,,15300
2022-10-13,8.73828278032665,8.797041390977604,8.704706317022383,8.76346492767334,,16300
2022-10-14,8.763466221621938,8.771860538818954,8.645948982968301,8.671131134033203,,6400
2022-10-17,8.721496236689154,8.729889753360021,8.65434330016532,8.671131134033203,,15200
2022-10-18,8.679525071225028,8.72988937114979,8.66273643756603,8.69631290435791,,26100
2022-10-19,8.587187619101492,8.637552710355521,8.578794104330793,8.603976249694824,,12800
2022-10-20,8.578795889032543,8.612372356678367,8.503248636697904,8.545219421386719,,10700
2022-10-21,8.51164493094983,8.570403562847801,8.486461973970997,8.536827087402344,,17200
2022-10-24,8.520038449416456,8.570403562847801,8.520038449416456,8.536827087402344,,19000
2022-10-25,8.587188692960362,9.443389747668116,8.587188692960362,8.662735939025879,,15600
2022-10-26,8.67113219683552,8.755073778041929,8.67113219683552,8.729890823364258,,14300
2022-10-27,8.780254710192239,8.830619812011719,8.755072559545566,8.830619812011719,,22800
2022-10-28,8.797042091189684,8.89777228964626,8.797042091189684,8.864195823669434,,17200
2022-10-31,8.788650282623603,8.880985381868001,8.729890855353306,8.797043800354004,,20200
2022-11-01,8.956531483963168,8.956531483963168,8.872589913331707,8.889378547668457,,14900
2022-11-02,8.864197456854809,8.948138236999512,8.864197456854809,8.948138236999512,,29700
2022-11-03,8.855802079521101,8.906166381479062,8.839013445184351,8.889378547668457,,17000
2022-11-04,8.889376714424042,8.914558860209743,8.855800253201117,8.880982398986816,,21900
2022-11-07,8.889378243424124,8.906166076660156,8.864196093307019,8.906166076660156,,30700
2022-11-08,8.897772789001465,8.906166305572157,8.763466117030587,8.897772789001465,,35200
2022-11-09,8.830618107415416,8.973317467218369,8.830618107415416,8.880982398986816,,23400
2022-11-10,9.015289772684287,9.12441349029541,8.990107622628221,9.12441349029541,,27800
2022-11-11,9.09922981262207,9.13280627390191,9.09922981262207,9.09922981262207,,12100
2022-11-14,9.040472680190316,9.065654830126396,9.032078363369584,9.057260513305664,,23600
2022-11-15,9.099231382961962,9.191566467285156,9.099231382961962,9.191566467285156,,11600
2022-11-16,9.174780566519807,9.258721351623535,9.174780566519807,9.258721351623535,,24400
2022-11-17,9.216747586339878,9.216747586339878,9.166383291625754,9.199959754943848,,19600
2022-11-18,9.19995937894069,9.241930156504464,9.19995937894069,9.225141525268556,,21100
2022-11-21,9.258720245284817,9.275508880615234,9.216749457484962,9.275508880615234,,18900
2022-11-22,9.283901715160896,9.342660328378184,9.25032525039015,9.31747817993164,,24000
2022-11-23,9.342660024974936,9.351054341026533,9.233536317882294,9.33426570892334,,20500
2022-11-25,9.300690993686276,9.3678439336711,9.300690993686276,9.351056098937988,,5400
2022-11-28,9.325870942874309,9.384630351874154,9.31747742775376,9.367841720581056,,18000
2022-11-29,9.34266178130834,9.3678439336711,9.317479628945575,9.351056098937988,,6000
2022-11-30,9.317476981372703,9.426599877445993,9.317476981372703,9.40141773223877,,16200
2022-12-01,9.384631698607487,9.510543249270553,9.384631698607487,9.485361099243164,,9100
2022-12-02,9.44339236842401,9.48536316127782,9.384633738744451,9.46857452392578,,12700
2022-12-05,9.359449728736578,9.45178562272215,9.359449728736578,9.409814834594728,,15500
2022-12-06,9.393026199133278,9.434996987260702,9.384632681928752,9.409814834594728,,19500
2022-12-07,9.409813352394796,9.476966282610508,9.409813352394796,9.451784133911133,,9000
2022-12-08,9.409813380797582,9.434995529572966,9.351054766812997,9.37623691558838,,16900
2022-12-09,9.28104722027759,9.357539496849432,9.25555006493363,9.26404857635498,,26900
2022-12-12,9.213054265667056,9.289546542238895,9.213054265667056,9.26404857635498,,83400
2022-12-13,9.34903967942698,9.434031273455917,9.34903967942698,9.36603832244873,,39900
2022-12-14,9.28104641246501,9.408532988628476,9.28104641246501,9.374536514282228,,18900
2022-12-15,9.35753910698392,9.459528534650511,9.35753910698392,9.40003490447998,,18000
2022-12-16,9.357538682379044,9.408532988628476,9.340540039935975,9.374536514282228,,39800
2022-12-19,9.374536939658393,9.408533415547256,9.374536939658393,9.40003490447998,,27800
2022-12-20,9.32354344541084,9.349040601919423,9.272548321853684,9.289546966552734,,21000
2022-12-21,9.28954664686916,9.340540958131443,9.272548002755087,9.29804515838623,,22600
2022-12-22,9.255551536834911,9.340542338344108,9.247052213521966,9.3235445022583,,23100
2022-12-23,9.281047324812125,9.340540958131443,9.247050847123946,9.29804515838623,,27600
2022-12-27,9.230051675465296,9.264048151210403,9.017573499423408,9.12806224822998,,59800
2022-12-28,9.162058900858955,9.187556866064991,9.119563102722168,9.119563102722168,,47100
2022-12-29,9.234782446111184,9.269176389634238,9.114404053788643,9.25197982788086,,39300
2022-12-30,9.19178930447912,9.294971949370725,9.131600111639228,9.157395362854004,,233200
2023-01-03,9.251979785527686,9.329366363104375,9.22618371299126,9.29497241973877,,25000
2023-01-04,9.337965011892887,9.52713212617166,9.329367140347404,9.441146850585938,,54600
2023-01-05,9.372356705450237,9.466940649864272,9.372356705450237,9.449743270874023,,47300
2023-01-06,9.475541749822044,9.57012489828072,9.449745674774464,9.544329643249512,,20100
2023-01-09,9.544329688351493,9.638912837257122,9.501337049752069,9.60451889038086,,27700
2023-01-10,9.587321506934538,9.60451889038086,9.587321506934538,9.60451889038086,,15900
2023-01-11,9.61311821284471,9.707701367956178,9.61311821284471,9.673307418823242,,22600
2023-01-12,9.707702217988285,9.79368750835794,9.673308265843724,9.75929355621338,,35200
2023-01-13,9.733495079155851,9.83667691016974,9.733495079155851,9.767889022827148,,29500
2023-01-17,9.71629914933421,9.776488349669965,9.71629914933421,9.733495712280272,,21400
2023-01-18,9.828080583198396,9.922663738148843,9.828080583198396,9.879671096801758,,41200
2023-01-19,9.871072404529054,9.88826978907446,9.83667845545467,9.879671096801758,,27500
2023-01-20,9.828078592073362,9.922661727861689,9.819479901542715,9.862472534179688,,22700
2023-01-23,9.85387384364904,9.87966909522472,9.819479901542715,9.862472534179688,,20000
2023-01-24,9.845275153118394,9.888267785755366,9.836676462587748,9.862472534179688,,13300
2023-01-25,9.853874934234158,9.853874934234158,9.742094405013145,9.836677551269531,,13300
2023-01-26,9.810883887273214,9.828081273025694,9.724899418560266,9.802285194396973,,26700
2023-01-27,9.785086950406573,9.83667745878268,9.785086950406573,9.819480895996094,,10600
2023-01-30,9.785087042408357,9.862473625716472,9.785087042408357,9.836677551269531,,20300
2023-01-31,9.879670368797017,9.914064315337008,9.862473805535204,9.896867752075195,,9300
2023-02-01,9.879670322756336,9.982852161895472,9.879670322756336,9.939860343933104,,12200
2023-02-02,9.948460104752783,10.06024065671834,9.948460104752783,10.043044090270996,,20500
2023-02-03,9.939862010961566,10.025846481323242,9.914065931838213,10.025846481323242,,17600
2023-02-06,9.914064315337008,9.931261698615188,9.845276422257022,9.896867752075195,,19300
2023-02-07,9.862472534179688,9.871070404694072,9.836676462587748,9.862472534179688,,11600
2023-02-08,9.836677551269531,9.862473625716472,9.819480988321258,9.836677551269531,,6300
2023-02-09,9.845278374222016,9.91406628094017,9.828081807550742,9.853877067565918,,21200
2023-02-10,9.82807967980357,9.853874934234158,9.79368573389067,9.836677551269531,,18700
2023-02-13,9.845278374222016,9.871073634237192,9.785089160847765,9.853877067565918,,28300
2023-02-14,9.785087313214891,9.810882568359377,9.767889929774322,9.810882568359377,,10900
2023-02-15,9.785086995579343,9.785086995579343,9.742094358389885,9.776488304138184,,11500
2023-02-16,9.707701683044434,9.73349694072728,9.690505117928025,9.707701683044434,,7000
2023-02-17,9.690503120422363,9.69910099120006,9.621714414086778,9.690503120422363,,11200
2023-02-21,9.621714584294956,9.621714584294956,9.484138809222644,9.518532752990724,,54200
2023-02-22,9.492738179940645,9.52713212617166,9.398155032809438,9.441146850585938,,44900
2023-02-23,9.441146442953375,9.501336461271151,9.441146442953375,9.492737770080566,,20500
2023-02-24,9.406753400577214,9.441147348622572,9.389556836562738,9.432549476623535,,14300
2023-02-27,9.432549476623535,9.458344732653453,9.415352092592656,9.432549476623535,,20800
2023-02-28,9.398156204801952,9.484140671093964,9.398156204801952,9.458345413208008,,19900
2023-03-01,9.398154352139612,9.458343548680546,9.398154352139612,9.415350914001465,,18300
2023-03-02,9.329365785259268,9.39815366772988,9.329365785259268,9.389554977416992,,34900
2023-03-03,9.389556975769636,9.423950924324906,9.380958283626711,9.406753540039062,,40900
2023-03-06,9.389556659524498,9.423950606921364,9.355162712127632,9.372359275817873,,76700
2023-03-07,9.329368680635532,9.372360505510027,9.329368680635532,9.346565246582031,,22800
2023-03-08,9.346565246582031,9.372360505510027,9.320769987654035,9.346565246582031,,34700
2023-03-09,9.346564341778851,9.346564341778851,9.24338249603899,9.303571701049805,,50200
2023-03-10,9.399822327010677,9.41716474236326,9.287093732819288,9.330451011657717,,36100
2023-03-13,9.37381023813187,9.49520965173756,9.209052709707745,9.408495903015137,,44100
2023-03-14,9.469195609817982,9.738009305920423,9.382481034124076,9.408495903015137,,15900
2023-03-15,9.425838716914528,9.503881672914757,9.252410385231531,9.36513900756836,,26300
2023-03-16,9.382482412180748,9.486539422113973,9.382482412180748,9.45185375213623,,4500
2023-03-17,9.4258394241333,9.46052509307236,9.399825379171904,9.4258394241333,,15400
2023-03-20,9.443180899693829,9.443180899693829,9.39982361491486,9.43450927734375,,17700
2023-03-21,9.382481711981102,9.495210337738904,9.356467668182084,9.391153335571287,,43700
2023-03-22,9.382481995138225,9.460524955862104,9.36513957440601,9.41716766357422,,14900
2023-03-23,9.417168082158488,9.460525376373566,9.39982566065542,9.45185375213623,,29800
2023-03-24,9.460525376373566,9.521225092091711,9.443182954870498,9.45185375213623,,25900
2023-03-27,9.382479655496958,9.434508558662664,9.347793995710276,9.373808860778809,,34900
2023-03-28,9.37381077852014,9.399824821939395,9.356467531592951,9.382481575012209,,24900
2023-03-29,9.399822953436184,9.469194273412208,9.373808915188016,9.460522651672363,,29500
2023-03-30,9.47786698864608,9.48653778441494,9.451852120425125,9.469195365905762,,33100
2023-03-31,9.512552652635897,9.538566693885391,9.451852120425125,9.469195365905762,,34400
2023-04-03,9.5385659245328,9.581923207765865,9.503880263340628,9.564579963684082,,40100
2023-04-04,9.547238635798312,9.616609966097087,9.529895389737874,9.57325267791748,,28200
2023-04-05,9.590593920648091,9.642621994018556,9.581922299429245,9.642621994018556,,32400
2023-04-06,9.677308886489849,9.677308886489849,9.6426232241608,9.659966468811035,,31400
2023-04-10,9.633952947139116,9.633952947139116,9.573253236329917,9.616610527038574,,20400
2023-04-11,9.616611228367551,9.69465419194042,9.6079396041991,9.677310943603516,,22000
2023-04-12,9.720666171144012,9.720666171144012,9.616609184156871,9.659966468811035,,15500
2023-04-13,9.668636030703786,9.694650894360333,9.642621994018556,9.642621994018556,,11900
2023-04-14,9.607937812805176,9.642623476040264,9.590595394673354,9.607937812805176,,9400
2023-04-17,9.581924547107784,9.581924547107784,9.495209968520868,9.512553215026855,,10400
2023-04-18,9.512553077595484,9.564581162418758,9.503881454467772,9.503881454467772,,17600
2023-04-19,9.51255322562048,9.529895645174271,9.477867559541387,9.52122402191162,,15400
2023-04-20,9.564581311253365,9.564581311253365,9.48653835583253,9.52122402191162,,28400
2023-04-21,9.521221823369608,9.5298934446299,9.46052212849022,9.49520778656006,,22000
2023-04-24,9.503881591773862,9.512553215026855,9.382481347146484,9.512553215026855,,36000
2023-04-25,9.538565065890188,9.538565065890188,9.49520778656006,9.49520778656006,,22700
2023-04-26,9.50388092574576,9.547238212000758,9.50388092574576,9.538566589355469,,25600
2023-04-27,9.538565065890188,9.538565065890188,9.49520778656006,9.49520778656006,,22300
2023-04-28,9.52122334406489,9.564580630319886,9.52122334406489,9.538566589355469,,65400
2023-05-01,9.503881274701248,9.529895316620827,9.408495903015137,9.408495903015137,,47600
2023-05-02,9.460522500459644,9.53856544092811,9.434508462627274,9.443180084228516,,34600
2023-05-03,9.44317971294096,9.538565065890188,9.44317971294096,9.49520778656006,,43400
2023-05-04,9.425838500261364,9.521223873751698,9.425838500261364,9.503881454467772,,27100
2023-05-05,9.503881602357833,9.538567268436925,9.48653835583253,9.52122402191162,,15200
2023-05-08,9.521222349908545,9.521222349908545,9.434508613424196,9.460522651672363,,17700
2023-05-09,9.495208979851451,9.495208979851451,9.425837654993671,9.43450927734375,,10100
2023-05-10,9.48653820821235,9.529895496879409,9.48653820821235,9.503881454467772,,15200
2023-05-11,9.53856482152778,9.564578857670892,9.529893200489644,9.547236442565918,,11200
2023-05-12,9.512551555140064,9.529893971648386,9.451851029932518,9.460522651672363,,25200
2023-05-15,9.451850878858403,9.477865743662129,9.425836841026031,9.443180084228516,,15300
2023-05-16,9.417167800155642,9.46052509307236,9.417167800155642,9.4258394241333,,19000
2023-05-17,9.434508613424196,9.460522651672363,9.434508613424196,9.460522651672363,,15100
2023-05-18,9.39115199256478,9.451851695072484,9.39115199256478,9.43450927734375,,15600
2023-05-19,9.417167379370309,9.425839002960494,9.382481711981102,9.391153335571287,,10600
2023-05-22,9.382479944867825,9.417165605724268,9.37380914988225,9.399823188781738,,19600
2023-05-23,9.399824821939395,9.425838865358651,9.347795908129356,9.382481575012209,,35000
2023-05-24,9.451852908777909,9.451852908777909,9.356467531592951,9.382481575012209,,39300
2023-05-25,9.321779390495768,9.365136669334197,9.30443614817187,9.330451011657717,,19000
2023-05-26,9.304437248808648,9.382480194555384,9.295766453592329,9.34779453277588,,6800
2023-05-30,9.347795369240808,9.41716669900734,9.347795369240808,9.408495903015137,,7500
2023-05-31,9.382480370214704,9.443180899693829,9.382480370214704,9.43450927734375,,23600
2023-06-01,9.434508613424196,9.477865895152052,9.425836991684353,9.460522651672363,,8300
2023-06-02,9.460522500459644,9.460522500459644,9.417165219424792,9.443180084228516,,13800
2023-06-05,9.399824959161476,9.408496582751663,9.382481711981102,9.391153335571287,,23600
2023-06-06,9.37381077852014,9.399824821939395,9.365139155056546,9.382481575012209,,17700
2023-06-07,9.356467668182084,9.399824959161476,9.356467668182084,9.391153335571287,,28000
2023-06-08,9.39115199256478,9.53856626463042,9.39115199256478,9.43450927734375,,26400
2023-06-09,9.4423855133074,9.4423855133074,9.40738133706373,9.424883842468262,,17000
2023-06-12,9.319869924688051,9.398629525191865,9.319869924688051,9.389878273010254,,82500
2023-06-13,9.407380953590552,9.407380953590552,9.354874274082684,9.363625526428224,,23100
2023-06-14,9.3636254552201,9.433633804321287,9.3636254552201,9.433633804321287,,14900
2023-06-15,9.433634083973471,9.459887841588705,9.433634083973471,9.451136589050291,,9000
2023-06-16,9.416132029555088,9.424883281736696,9.354874098849152,9.389878273010254,,24200
2023-06-20,9.363625965752789,9.4511368241833,9.363625965752789,9.398630142211914,,21900
2023-06-21,9.398631710871149,9.416134219304633,9.381130037003205,9.40738296508789,,18700
2023-06-22,9.381128648551396,9.381128648551396,9.346124471430755,9.372377395629885,,26100
2023-06-23,9.372376603212372,9.407380777373476,9.372376603212372,9.389878273010254,,21100
2023-06-26,9.372378011335128,9.42488469774815,9.363626757838713,9.381129264831545,,27600
2023-06-27,9.381130037003205,9.416134219304633,9.381130037003205,9.40738296508789,,8700
2023-06-28,9.442385336511885,9.459887841588705,9.416132413462028,9.451136589050291,,16500
2023-06-29,9.381129264831545,9.398630937258906,9.372378011335128,9.381129264831545,,26000
2023-06-30,9.468638436848805,9.468638436848805,9.416132589765995,9.424883842468262,,26900
2023-07-03,9.416134219304633,9.416134219304633,9.328623346268296,9.40738296508789,,12000
2023-07-05,9.389878889455783,9.43363431867104,9.372377218508918,9.398630142211914,,31100
2023-07-06,9.346124032356578,9.346124032356578,9.311119856880406,9.337372779846191,,12900
2023-07-07,9.293617176794635,9.389878448899475,9.293617176794635,9.363625526428224,,23700
2023-07-10,9.258612828547458,9.424883281736696,9.258612828547458,9.389878273010254,,18300
2023-07-11,9.407380777373476,9.451136203716189,9.381127855393984,9.389878273010254,,28800
2023-07-12,9.43363346788175,9.451135971815516,9.39862929457954,9.442384719848633,,22000
2023-07-13,9.4773896150943,9.503642538429457,9.468638362460789,9.494892120361328,,15700
2023-07-14,9.477388893150843,9.477388893150843,9.442384719848633,9.442384719848633,,31600
2023-07-17,9.451136589050291,9.459887841588705,9.416132413462028,9.451136589050291,,28400
2023-07-18,9.451136077466158,9.49489150322438,9.451136077466158,9.486140251159668,,13800
2023-07-19,9.477391062219215,9.512395243532753,9.477391062219215,9.503643989562988,,10900
2023-07-20,9.459887561158247,9.459887561158247,9.416132134328668,9.433633804321287,,7100
2023-07-21,9.468636967682468,9.494890721715697,9.433632796870093,9.45988655090332,,16400
2023-07-24,9.486142497117632,9.486142497117632,9.451138315136465,9.477391242980955,,9600
2023-07-25,9.468636967682468,9.468636967682468,9.416131128746535,9.45988655090332,,9900
2023-07-26,9.46863842010498,9.494892178165353,9.459888001983582,9.46863842010498,,12700
2023-07-27,9.468637978871884,9.486140483429857,9.416132134328668,9.433633804321287,,22400
2023-07-28,9.451134453699254,9.547395706176758,9.451134453699254,9.547395706176758,,12800
2023-07-31,9.556150354046622,9.626158714294434,9.521146173922716,9.626158714294434,,16700
2023-08-01,9.529896296329994,9.529896296329994,9.4773896150943,9.494892120361328,,18500
2023-08-02,9.494892017176966,9.494892017176966,9.433634083973471,9.451136589050291,,16400
2023-08-03,9.433633254012314,9.433633254012314,9.354873657226562,9.354873657226562,,19000
2023-08-04,9.416131798513304,9.486140145117728,9.416131798513304,9.442384719848633,,17800
2023-08-07,9.451135299558912,9.477388219026876,9.424882380090947,9.45988655090332,,42500
2023-08-08,9.486142316188976,9.547399424846288,9.486142316188976,9.503643989562988,,13300
2023-08-09,9.521146497502514,9.538648170876526,9.503643989562988,9.503643989562988,,10100
2023-08-10,9.54739884505208,9.582403024239882,9.50364341242596,9.564901351928713,,28900
2023-08-11,9.547397863276672,9.547397863276672,9.451136589050291,9.451136589050291,,6200
2023-08-14,9.433635893172577,9.451138401606055,9.40738296508789,9.40738296508789,,11800
2023-08-15,9.372375377591052,9.416130798211888,9.328619956970217,9.328619956970217,,8800
2023-08-16,9.30236860437002,9.337372779846191,9.293617351859636,9.337372779846191,,31300
2023-08-17,9.33737329514475,9.33737329514475,9.28486661175014,9.302369117736816,,12700
2023-08-18,9.328619956970217,9.381126628628264,9.31111828946102,9.328619956970217,,34700
2023-08-21,9.354874274082684,9.424883458281627,9.337372603956968,9.363625526428224,,12300
2023-08-22,9.38112792628604,9.47738919731517,9.284865820691564,9.319869995117188,,11900
2023-08-23,9.381128471265049,9.468638495130165,9.354874712996658,9.398630142211914,,6500
2023-08-24,9.41613220593609,9.442385128407343,9.346123856302505,9.363625526428224,,29400
2023-08-25,9.381128648551396,9.389879066907495,9.354874889786856,9.372377395629885,,2100
2023-08-28,9.37237677877376,9.407380953590552,9.354874274082684,9.363625526428224,,6000
2023-08-29,9.319871324922106,9.42488469774815,9.319871324922106,9.381129264831545,,19000
2023-08-30,9.363627528569722,9.416134219304633,9.346125854701778,9.40738296508789,,22400
2023-08-31,9.40738088204968,9.433633804321287,9.40738088204968,9.433633804321287,,10600
2023-09-01,9.39862851710636,9.477388109162517,9.39862851710636,9.416131019592283,,19700
2023-09-05,9.381128826833724,9.381128826833724,9.311120471261978,9.346124649047852,,14000
2023-09-06,9.31986948471793,9.354873657226562,9.31986948471793,9.354873657226562,,7500
2023-09-07,9.293615787386592,9.372375377591052,9.293615787386592,9.328619956970217,,7000
2023-09-08,9.3700896637343,9.387736187706128,9.361266401748386,9.378912925720217,,18100
2023-09-11,9.361266818308868,9.41420555114746,9.352444397362945,9.41420555114746,,9600
2023-09-12,9.41420555114746,9.41420555114746,9.352444397362945,9.41420555114746,,13800
2023-09-13,9.440673694978711,9.502435684949903,9.414204751523942,9.43185043334961,,15400
2023-09-14,9.458319929423334,9.493612133429547,9.39655794133807,9.405381202697754,,5500
2023-09-15,9.361267629229538,9.361267629229538,9.32597541809082,9.32597541809082,,5100
2023-09-18,9.2818603515625,9.378913717301142,9.2818603515625,9.2818603515625,,7300
2023-09-19,9.308328766614531,9.308328766614531,9.246566772460938,9.246566772460938,,1900
2023-09-20,9.308329450313634,9.325975134630314,9.255390714498276,9.299506187438965,,6300
2023-09-21,9.21127466291649,9.21127466291649,9.158336771859284,9.167160034179688,,10700
2023-09-22,9.16716057234763,9.211275203674228,9.131868362426758,9.131868362426758,,16300
2023-09-25,9.149513228250482,9.149513228250482,9.07010555267334,9.07010555267334,,10900
2023-09-26,9.096575744251554,9.131867952588513,9.00834480269285,9.02599048614502,,26700
2023-09-27,9.03481401299519,9.087752747766212,8.99952180362539,9.0436372756958,,26300
2023-09-28,9.025989511426667,9.025989511426667,8.928936159339,9.017167091369627,,6200
2023-09-29,9.07892961752656,9.202452772839376,9.025990881983166,9.052460670471191,,14400
2023-10-02,9.008345055758896,9.078929474415698,8.955406321049974,8.964229583740234,,11300
2023-10-03,8.955406036475534,8.990698244682461,8.920113828268608,8.937760353088379,,24500
2023-10-04,8.928937374411833,8.973052846430495,8.884821902393172,8.964229583740234,,7800
2023-10-05,8.920114517211914,8.999522202168688,8.911292095553247,8.920114517211914,,17300
2023-10-06,8.875998650589008,8.91129085661504,8.867175388724359,8.893644332885742,,25200
2023-10-09,8.920114517211914,8.94658430648596,8.849530095346488,8.920114517211914,,30800
2023-10-10,8.902468144881453,8.955406036475534,8.893644882471568,8.937760353088379,,27100
2023-10-11,8.999521122750846,9.034813329450552,8.946583233417575,8.990697860717773,,21300
2023-10-12,8.99069768909919,8.99069768909919,8.875998650589008,8.893644332885742,,16900
2023-10-13,8.937759950984612,9.025990046816208,8.920113426958746,8.9818754196167,,7900
2023-10-16,8.964228895590834,8.990697840197054,8.946583212997545,8.9818754196167,,25700
2023-10-17,8.893644598180833,8.920113543131778,8.893644598180833,8.911291122436523,,12100
2023-10-18,8.875999450683594,8.902468397230924,8.823060716156295,8.875999450683594,,13100
2023-10-19,8.831883548274531,8.831883548274531,8.70836040135417,8.761299133300781,,10900
2023-10-20,8.778943971961127,8.778943971961127,8.690713882446289,8.690713882446289,,4000
2023-10-23,8.628952709488555,8.717183648772123,8.628952709488555,8.681891441345215,,9400
2023-10-24,8.708360804134498,8.76129953852964,8.673068595015284,8.717184066772461,,6600
2023-10-25,8.67306871644412,8.67306871644412,8.637776506830791,8.646599769592285,,7700
2023-10-26,8.637778002950101,8.664246954386531,8.611309051513672,8.611309051513672,,11400
2023-10-27,8.611309329873492,8.64660154674048,8.611309329873492,8.637778282165527,,7500
2023-10-30,8.628951050678074,8.673066511839197,8.611305371073085,8.620128631591797,,9600
2023-10-31,8.628953244069296,8.70836092605745,8.628953244069296,8.646599769592285,,11200
2023-11-01,8.64659924861029,8.77012155409805,8.64659924861029,8.761299133300781,,8400
2023-11-02,8.787768787393082,8.920114365785917,8.787768787393082,8.90246868133545,,7000
2023-11-03,8.999521255493164,9.08775219426012,8.981875572599328,8.999521255493164,,23700
2023-11-06,8.964229451524968,8.973052714085092,8.920113980156975,8.955406188964844,,9700
2023-11-07,8.955406321049974,9.06128379046782,8.955406321049974,8.964229583740234,,25100
2023-11-08,8.990697173876196,9.008343696594238,8.990697173876196,9.008343696594238,,6600
2023-11-09,8.990697263432036,9.03481272923406,8.646598481327821,8.858351707458496,,47600
2023-11-10,8.884821902393172,9.070106211725436,8.884821902393172,8.964229583740234,,30500
2023-11-13,8.92011491109522,8.955407123586323,8.902469225566028,8.946584701538086,,9700
2023-11-14,9.052459317206027,9.123043726423685,9.052459317206027,9.096574783325195,,20500
2023-11-15,9.070106354697218,9.096576143185244,9.04363740764185,9.052460670471191,,11700
2023-11-16,9.09657522303447,9.140689849853516,9.09657522303447,9.140689849853516,,13000
2023-11-17,9.19362858004197,9.202451841978808,9.13186742934925,9.140689849853516,,23000
2023-11-20,9.149514870792302,9.15833813442542,9.123045921325684,9.123045921325684,,20700
2023-11-21,9.123044167412411,9.175982056168294,9.087751961097633,9.140689849853516,,12900
2023-11-22,9.202452527425583,9.202452527425583,9.175982739643462,9.193629264831545,,16000
2023-11-24,9.193629264831545,9.202452527425583,9.184806002237504,9.193629264831545,,4200
2023-11-27,9.202453632161802,9.228922581688837,9.184807104855292,9.211276054382324,,21100
2023-11-28,9.24656826756261,9.24656826756261,9.193630368508549,9.211276054382324,,23500
2023-11-29,9.22009904018194,9.343622203306865,9.22009904018194,9.264214515686035,,51300
2023-11-30,9.255391252298674,9.352445466694224,9.255391252298674,9.264214515686035,,31300
2023-12-01,9.26421266955933,9.440673694978711,9.26421266955933,9.43185043334961,,13100
2023-12-04,9.414206764159378,9.414206764159378,9.334799075386185,9.352445602416992,,7800
2023-12-05,9.378914424052486,9.484791060500095,9.378914424052486,9.423029899597168,,14100
2023-12-06,9.405382572652565,9.458321307089012,9.405382572652565,9.440674781799316,,8200
2023-12-07,9.423029361217298,9.467143992808802,9.41420609832593,9.458321571350098,,9200
2023-12-08,9.394027391489995,9.420816203372675,9.38509750366211,9.38509750366211,,6300
2023-12-11,9.358306474215388,9.429744714810184,9.358306474215388,9.402955055236816,,14100
2023-12-12,9.411887486244474,9.456536079336551,9.38509867102966,9.420817375183104,,15500
2023-12-13,9.42974726883377,9.536903381347656,9.277942563205498,9.536903381347656,,63300
2023-12-14,9.572621358615482,9.697636387921374,9.572621358615482,9.661917686462402,,12500
2023-12-15,9.688705348228096,9.715494155883787,9.644056767734712,9.715494155883787,,17900
2023-12-18,9.706565001387126,9.706565001387126,9.670846304619223,9.679776191711426,,22400
2023-12-19,9.679778630899666,9.715497336668252,9.679778630899666,9.697637557983398,,13400
2023-12-20,9.6976343830461,9.715494155883787,9.644056767734712,9.715494155883787,,35400
2023-12-21,9.724424042302635,9.742282963539484,9.6976343830461,9.715494155883787,,11700
2023-12-22,9.733355089380344,9.840512045358276,9.652988649798422,9.661917686462402,,24700
2023-12-26,9.742282963539484,9.804790465269717,9.6976343830461,9.715494155883787,,16000
2023-12-27,9.751212849958328,9.804790465269717,9.715494155883787,9.715494155883787,,23000
2023-12-28,9.733355625276817,9.795863994972349,9.697636921851254,9.70656681060791,,15400
2023-12-29,9.751212849958328,9.840510010945096,9.644056767734712,9.715494155883787,,34800
2024-01-02,9.733356475830078,9.760146144441071,9.68870873134736,9.733356475830078,,17700
2024-01-03,9.67084642666859,9.742283821105955,9.67084642666859,9.742283821105955,,5400
2024-01-04,9.697637769283222,9.733356475830078,9.68870873134736,9.733356475830078,,16500
2024-01-05,9.73335425241055,9.751214027404783,9.71549532901726,9.751214027404783,,25600
2024-01-08,9.77800264015293,9.81372133781665,9.733354055173052,9.804791450500488,,8000
2024-01-09,9.795862414785256,9.81372133781665,9.724425019457817,9.804791450500488,,14700
2024-01-10,9.82265387647736,9.85837258378232,9.760146351593963,9.795865058898926,,16200
2024-01-11,9.804791453765253,9.831581115722656,9.760143720371431,9.831581115722656,,6000
2024-01-12,9.813722192078387,9.90301936981126,9.786933379398926,9.858370780944824,,17900
2024-01-16,9.813722816143914,9.813722816143914,9.75121529871658,9.76014518737793,,15800
2024-01-17,9.76014540274512,9.795864106577628,9.742285625028329,9.76907444000244,,13100
2024-01-18,9.751215513886724,9.778004328860836,9.751215513886724,9.76907444000244,,21900
2024-01-19,9.733355521393884,9.769074224438224,9.72442648433359,9.76014518737793,,38400
2024-01-22,9.786930943438936,9.867298213074966,9.786930943438936,9.813719749450684,,20400
2024-01-23,9.795862414785256,9.849440035480368,9.795862414785256,9.804791450500488,,37400
2024-01-24,9.85837258378232,9.85837258378232,9.769075389719337,9.795865058898926,,22500
2024-01-25,9.84051259429874,9.867301408987094,9.760145298632612,9.82265281677246,,22900
2024-01-26,9.786930943438936,9.849438441333277,9.786930943438936,9.813719749450684,,18300
2024-01-29,9.84051249125174,9.885160231397771,9.760145196427196,9.849441528320312,,23700
2024-01-30,9.86730035206154,9.911948939493689,9.86730035206154,9.876230239868164,,15400
2024-01-31,9.920878830641618,9.938738607793953,9.858371313810546,9.903019905090332,,35400
2024-02-01,9.929808299164698,9.97445688855575,9.903019486170471,9.947668075561523,,18700
2024-02-02,9.88515991240555,9.894089800787013,9.849441210480729,9.867300987243652,,19800
2024-02-05,9.822652080171876,9.858370780944824,9.8047923039849,9.858370780944824,,23500
2024-02-06,9.858371636835548,10.04589504507431,9.858371636835548,10.001246452331545,,18500
2024-02-07,9.992315292358398,10.01910495555684,9.974456368493737,9.992315292358398,,13500
2024-02-08,9.96552774136147,9.96552774136147,9.849441740953363,9.91195011138916,,10900
2024-02-09,9.885160334912308,9.885160334912308,9.804793039246182,9.82265281677246,,11200
2024-02-12,9.894089800787013,9.911949577549937,9.83158228531883,9.867300987243652,,27900
2024-02-13,9.786931544032868,9.786931544032868,9.715494155883787,9.715494155883787,,19800
2024-02-14,9.733353933901055,9.76907263111974,9.706565123887271,9.742283821105955,,23600
2024-02-15,9.786934217719232,9.80479314383495,9.751215513886724,9.76907444000244,,14900
2024-02-16,9.75121412702101,9.75121412702101,9.697635653091904,9.724425315856934,,11500
2024-02-20,9.742284239432667,9.75121412702101,9.706565540680248,9.724425315856934,,7600
2024-02-21,9.733353077120638,9.81372035168856,9.715494155883787,9.715494155883787,,13000
2024-02-22,9.715494888479329,9.760143472339433,9.679776191711426,9.679776191711426,,76300
2024-02-23,9.724426052716366,9.75121486591034,9.644058761533426,9.661917686462402,,92900
2024-02-26,9.670848419903344,9.679778308948762,9.599411010742188,9.599411010742188,,211400
2024-02-27,9.599408788360815,9.62619759769404,9.599408788360815,9.617268562316896,,210900
2024-02-28,9.590479534557184,9.679776707031282,9.581549646989584,9.608339309692385,,43100
2024-02-29,9.626199086555348,9.652988751632956,9.626199086555348,9.63512897491455,,22400
2024-03-01,9.61727004979717,9.733355192062708,9.608340161437969,9.63512897491455,,42400
2024-03-04,9.608338675338857,9.6619162940053,9.608338675338857,9.617268562316896,,34600
2024-03-05,9.661917686462402,9.6708475747274,9.644058761533426,9.661917686462402,,29000
2024-03-06,9.661918106919522,9.679777884226718,9.64405918121338,9.64405918121338,,30300
2024-03-07,9.661917686462402,9.679777462992396,9.661917686462402,9.661917686462402,,32900
2024-03-08,9.688981640668851,9.734088804578,9.643874476759708,9.661917686462402,,68200
2024-03-11,9.652895283610215,9.679959235579304,9.643873679504685,9.670938491821287,,70700
2024-03-12,9.67094033132406,9.734089851379396,9.643875513859474,9.734089851379396,,62600
2024-03-13,9.8152825409065,9.860389709472656,9.734089809556952,9.860389709472656,,78400
2024-03-14,9.887452245267276,9.887452245267276,9.79723792110222,9.83332347869873,,61100
2024-03-15,9.87843079589507,9.87843079589507,9.79723807494112,9.842345237731934,,21400
2024-03-18,9.84234649790712,9.88745366647328,9.84234649790712,9.860389709472656,,14700
2024-03-19,9.914515122047405,9.914515122047405,9.878429568368375,9.887451171875,,21000
2024-03-20,9.914515805110364,9.9325590133667,9.887451853073385,9.9325590133667,,17700
2024-03-21,9.968644786407667,9.995708739033448,9.914516020808572,9.950601577758787,,12900
2024-03-22,10.112985772679185,10.112985772679185,9.98668590868496,9.995707511901855,,9500
2024-03-25,9.99570926501645,10.03179482386552,9.950602101368212,9.986687660217283,,26500
2024-03-26,10.031795412398498,10.067880973364597,9.887453168534115,9.959624290466309,,38400
2024-03-27,10.04983732883312,10.067879676818848,10.02277251633324,10.067879676818848,,10700
2024-03-28,10.09494489350865,10.112988104102076,9.9686458607452,10.08592414855957,,32000
2024-04-01,10.122009028581916,10.122009028581916,10.03179470237796,10.040816307067873,,13500
2024-04-02,10.058859120582277,10.058859120582277,9.851367365218556,9.87843132019043,,25900
2024-04-03,9.923537899088398,9.923537899088398,9.88745234114198,9.905494689941406,,12400
2024-04-04,9.914516294514902,9.932559503661896,9.905494689941406,9.905494689941406,,21600
2024-04-05,9.8874532328697,9.932560399457731,9.8874532328697,9.896474838256836,,10800
2024-04-08,9.896473849753294,9.896473849753294,9.815281130074254,9.83332347869873,,22600
2024-04-09,9.878429994430508,9.896473202221964,9.85136604309082,9.85136604309082,,10100
2024-04-10,9.815281559676311,9.815281559676311,9.770174395619502,9.79723834991455,,15200
2024-04-11,9.806259799651755,9.82430300912806,9.688981519098537,9.716046333312988,,19700
2024-04-12,9.752129820694163,9.779193768813007,9.688979461286989,9.707022666931152,,17800
2024-04-15,9.734087999864997,9.734087999864997,9.634852935746668,9.670938491821287,,18600
2024-04-16,9.634854099412136,9.688982009887695,9.634854099412136,9.688982009887695,,17100
2024-04-17,9.734088253416113,9.851366528800348,9.725066649075584,9.752131462097168,,28000
2024-04-18,9.79723807494112,9.842345237731934,9.79723807494112,9.842345237731934,,9200
2024-04-19,9.887451171875,9.90549351854078,9.869407964861756,9.887451171875,,5400
2024-04-22,9.959624075994922,9.959624075994922,9.923538515805896,9.94158172607422,,16700
2024-04-23,9.968644786407667,9.968644786407667,9.941580833781892,9.950601577758787,,8700
2024-04-24,10.049837938642549,10.049837938642549,9.905494844260565,9.91451644897461,,19200
2024-04-25,9.93255875745738,9.93255875745738,9.833322835299365,9.85136604309082,,24500
2024-04-26,9.968645681129082,9.995709636183948,9.923538515805896,9.94158172607422,,20000
2024-04-29,9.959623182083227,9.959623182083227,9.941580833781892,9.950601577758787,,5900
2024-04-30,9.950601577758787,9.959623182083227,9.914516020808572,9.950601577758787,,7600
2024-05-01,9.977665901184082,9.995708248600184,9.93255874212258,9.977665901184082,,12600
2024-05-02,9.986686644718382,9.986686644718382,9.95962269342048,9.977665901184082,,8500
2024-05-03,10.040816307067873,10.058858656100115,10.03179470237796,10.040816307067873,,7000
2024-05-06,10.05885807265222,10.076901280985476,10.05885807265222,10.067879676818848,,7900
2024-05-07,10.158095348169295,10.437758231731866,10.094944970955458,10.419715881347656,,96500
2024-05-08,10.464820976097805,10.464820976097805,10.257328395497249,10.41069221496582,,26100
2024-05-09,10.446779717559174,10.446779717559174,10.257330308780736,10.284394264221191,,27200
2024-05-10,10.36558643507701,10.446779157392363,10.356564830298062,10.374608039855955,,14300
2024-05-13,10.383629705606676,10.383629705606676,10.194180305874276,10.311458587646484,,11000
2024-05-14,10.338523153749607,10.419715881347656,10.320479943017755,10.419715881347656,,8500
2024-05-15,10.437756904647458,10.437756904647458,10.392650604248049,10.392650604248049,,5100
2024-05-16,10.419715358193434,10.419715358193434,10.257329911150402,10.38362979888916,,6300
2024-05-17,10.401672148367496,10.401672148367496,10.374608193976192,10.38362979888916,,5100
2024-05-20,10.365586990890185,10.374608596152878,10.266351914043431,10.284394264221191,,8400
2024-05-21,10.374608161968585,10.38362976685372,10.25732987950462,10.320479393005373,,7200
2024-05-22,10.356564891110912,10.41069365975485,10.266351423834468,10.311458587646484,,13300
2024-05-23,10.29341637060734,10.29341637060734,10.158095726469508,10.18515968322754,,15900
2024-05-24,10.19418128892944,10.257330808147406,10.158095726469508,10.18515968322754,,13800
2024-05-28,10.176137620483802,10.203202436373942,10.031795377126924,10.08592414855957,,35300
2024-05-29,10.058859433487047,10.058859433487047,9.842346066281667,9.896474838256836,,35000
2024-05-30,9.932559503661896,9.968645061608314,9.79723801610215,9.905494689941406,,19600
2024-05-31,9.896473979684634,9.968645095825195,9.851366817009891,9.968645095825195,,14200
2024-06-03,9.977667286263245,9.977667286263245,9.896474560751033,9.94158172607422,,25500
2024-06-04,9.959624724219792,10.085924623275456,9.914517555960794,9.923539161682127,,18500
2024-06-05,9.923538053688654,9.941581263116746,9.8964740998941,9.91451644897461,,42900
2024-06-06,9.878430890466008,9.941581263116746,9.878430890466008,9.91451644897461,,11600
2024-06-07,9.89647277538162,9.89647277538162,9.779194510837923,9.887451171875,,18000
2024-06-10,9.815280487855404,9.896473202221964,9.815280487855404,9.85136604309082,,18300
2024-06-11,9.869409131994988,9.905494689941406,9.833323574048569,9.905494689941406,,10700
2024-06-12,10.004731892478793,10.004731892478793,9.90549595023946,9.923539161682127,,57200
2024-06-13,9.965478876655627,9.983713518007988,9.87430306134278,9.938125610351562,,29600
2024-06-14,9.947243365786251,9.956361121220938,9.892538572212157,9.938125610351562,,12600
2024-06-17,9.892538048792334,9.892538048792334,9.846950143547993,9.865184783935549,,50800
2024-06-18,9.883420746491923,9.938125539676989,9.819598197937012,9.819598197937012,,60000
2024-06-20,9.865185235752229,9.865185235752229,9.764892535234935,9.819598197937012,,39100
2024-06-21,9.874302560733842,9.901654956134172,9.819597769933178,9.892538070678713,,35300
2024-06-24,9.892537683893451,9.91989007822434,9.892537683893451,9.910772323608398,,39300
2024-06-25,9.910772058371188,9.910772058371188,9.87430191040039,9.87430191040039,,55600
2024-06-26,9.91989044413215,9.91989044413215,9.856067898500257,9.865184783935549,,32000
2024-06-27,9.919890968999203,9.947243365786251,9.85606841999042,9.938125610351562,,46800
2024-06-28,10.011065914795031,10.029301425664409,9.910773213564516,9.938125610351562,,41500
2024-07-01,10.011065608857889,10.020183364013938,9.919890665848357,9.956360816955566,,53800
2024-07-02,9.974596737577878,9.992832250229752,9.956362094443104,9.965479850769045,,13700
2024-07-03,9.992830864047688,10.065771165502875,9.947242958258949,10.038418769836426,,7100
2024-07-05,10.065771491170857,10.065771491170857,10.011065828551027,10.047536849975586,,10800
2024-07-08,10.029301014775282,10.065771165502875,10.029301014775282,10.038418769836426,,10200
2024-07-09,10.038420353545504,10.0657727535272,10.001950197064202,10.029302597045898,,13900
2024-07-10,10.065771427745744,10.166064127480304,10.047536786665372,10.074889183044434,,20100
2024-07-11,10.15694832930653,10.193418484889513,10.11136041744853,10.166065216064451,,7500
2024-07-12,10.13871178041958,10.293710143183231,10.13871178041958,10.27547550201416,,11000
2024-07-15,10.22988737521371,10.22988737521371,10.147829317921882,10.18429946899414,,20000
2024-07-16,10.18429936541772,10.275475176929582,10.18429936541772,10.266357421875,,9200
2024-07-17,10.266358095651944,10.266358095651944,10.202534675598145,10.202534675598145,,4000
2024-07-18,10.193417789462204,10.21165243125112,10.184300033809228,10.202534675598145,,16400
2024-07-19,10.175182972339472,10.175182972339472,10.138712816756492,10.166065216064451,,3200
2024-07-22,10.166064021612035,10.175181776815773,10.111359229423604,10.156947135925291,,4000
2024-07-23,10.1934175491333,10.202534435054291,10.138711886022266,10.1934175491333,,14700
2024-07-24,10.184298879226567,10.184298879226567,10.138710975646973,10.138710975646973,,33000
2024-07-25,10.184300680465906,10.266358747518938,10.184300680465906,10.220770835876465,,21300
2024-07-26,10.23900573616233,10.302829161872715,10.23900573616233,10.257241249084473,,5900
2024-07-29,10.302828510481334,10.302828510481334,10.239005088806152,10.239005088806152,,13700
2024-07-30,10.24812122426812,10.3210615207776,10.220768830456295,10.302826881408691,,15300
2024-07-31,10.339298812382063,10.394003609438004,10.311946413854097,10.35753345489502,,9600
2024-08-01,10.375768661499023,10.412238814968454,10.357533150005784,10.375768661499023,,7200
2024-08-02,10.44870778289254,10.539883590979526,10.44870778289254,10.512530326843262,,11200
2024-08-05,10.530768067395735,10.530768067395735,10.17518338393996,10.348417282104492,,11800
2024-08-06,10.321062781187484,10.33929829230024,10.284592628479004,10.284592628479004,,7200
2024-08-07,10.311945895148137,10.37576844500872,10.284592628479004,10.284592628479004,,5700
2024-08-08,10.248122475770522,10.384886200565097,10.248122475770522,10.284592628479004,,6100
2024-08-09,10.330181121826172,10.375769032673045,10.30282872312488,10.330181121826172,,16700
2024-08-12,10.311947125046244,10.36665192587505,10.311947125046244,10.348417282104492,,10500
2024-08-13,10.39400362815254,10.40312138418397,10.357533473543892,10.384886741638184,,7900
2024-08-14,10.421357154846191,10.43047404158678,10.357533730559512,10.421357154846191,,9500
2024-08-15,10.421356896246833,10.43959153879262,10.348416587029536,10.384886741638184,,25300
2024-08-16,10.40312036589376,10.448708272071553,10.394002610754804,10.412238121032717,,3400
2024-08-19,10.394003886073149,10.43047404158678,10.394003886073149,10.421357154846191,,4900
2024-08-20,10.439591731715112,10.485179643197652,10.302828866784589,10.44870948791504,,21000
2024-08-21,10.485179643197652,10.485179643197652,10.412239332632426,10.44870948791504,,25900
2024-08-22,10.448708272071553,10.457826027210508,10.40312036589376,10.412238121032717,,11700
2024-08-23,10.46694350051373,10.46694350051373,10.40312094999161,10.457826614379885,,9600
2024-08-26,10.503415042009012,10.530767440795898,10.476061773705046,10.530767440795898,,40300
2024-08-27,10.512530326843262,10.512530326843262,10.485177932223944,10.512530326843262,,5300
2024-08-28,10.603708334436035,10.64929624793574,10.521650264039998,10.576355934143066,,32300
2024-08-29,10.576355318959395,10.80429400368251,10.494297253336342,10.758706092834473,,81200
2024-08-30,10.713117599487305,10.758705507856616,10.703999843910037,10.713117599487305,,12900
2024-09-03,10.73135221731852,10.758704612256365,10.576353863475806,10.68576431274414,,8700
2024-09-04,10.722234502420346,10.722234502420346,10.55811839314834,10.631058692932127,,29400
2024-09-05,10.65841108797181,10.667528842824025,10.57635390285277,10.631058692932127,,18500
2024-09-06,10.640176447784343,10.722234502420346,10.57635390285277,10.631058692932127,,19000
2024-09-09,10.67664820604491,10.67664820604491,10.64017805065902,10.649295806884766,,12700
2024-09-10,10.649295093577305,10.67664749090534,10.621941826732234,10.658411979675291,,72300
2024-09-11,10.65841269359342,10.67664820604491,10.60370789527313,10.649295806884766,,24900
2024-09-12,10.649295482693784,10.676647881021252,10.640177726745604,10.640177726745604,,18800
2024-09-13,10.6981782913208,10.725798127394697,10.68897138662325,10.6981782913208,,5100
2024-09-16,10.72579860687256,10.735005511981688,10.679765837364506,10.72579860687256,,2300
2024-09-17,10.744213238210222,10.744213238210222,10.707386492978042,10.73500633239746,,2600
2024-09-18,10.808659824288473,10.808659824288473,10.661352843340309,10.679766654968262,,18500
2024-09-19,10.67976678904724,10.67976678904724,10.633733137418297,10.670559883117676,,37300
2024-09-20,10.652146071258548,10.688972816957929,10.652146071258548,10.670559883117676,,32600
2024-09-23,10.698179034408648,10.698179034408648,10.633732453086894,10.652145385742188,,13700
2024-09-24,10.679765968036332,10.679765968036332,10.606112482299707,10.661352157592772,,12400
2024-09-25,10.716593534746622,10.716593534746622,10.62452623148873,10.670559883117676,,9200
2024-09-26,10.725799562657311,10.725799562657311,10.652146071258548,10.670559883117676,,9500
2024-09-27,10.716592922249056,10.735005855036931,10.56007904246738,10.707386016845703,,22000
2024-09-30,10.707386016845703,10.735005855036931,10.642939435059892,10.707386016845703,,10200
2024-10-01,10.744212417090818,10.76262534929028,10.698178769563969,10.72579860687256,,7400
2024-10-02,10.698179930154726,10.744213582675531,10.688973024046788,10.716593742370604,,12500
2024-10-03,10.68897138662325,10.725798127394697,10.68897138662325,10.6981782913208,,17900
2024-10-04,10.64293935842395,10.661352291079243,10.587698804420432,10.652145385742188,,25600
2024-10-07,10.633733614897258,10.66135345590727,10.633733614897258,10.642940521240234,,90700
2024-10-08,10.633733137418297,10.688972816957929,10.62452623148873,10.670559883117676,,27000
2024-10-09,10.66135297718811,10.67976678904724,10.652146071258548,10.670559883117676,,14300
2024-10-10,10.661352157592772,10.679765968036332,10.652145252370993,10.661352157592772,,17500
2024-10-11,10.652145252370993,10.679765968036332,10.62452541472446,10.661352157592772,,4500
2024-10-14,10.64293935842395,10.661352291079243,10.606112615094546,10.652145385742188,,21900
2024-10-15,10.679765572446058,10.790245796958686,10.679765572446058,10.74421215057373,,2600
2024-10-16,10.762625560835392,10.79024627670568,10.71659279042254,10.771832466125488,,17000
2024-10-17,10.744213238210222,10.753420144022984,10.68897268135252,10.73500633239746,,47600
2024-10-18,10.707386017887073,10.77183259967915,10.707386017887073,10.762625694274902,,33400
2024-10-21,10.707386628817058,10.74421337451644,10.670559883117676,10.670559883117676,,23300
2024-10-22,10.707385196018352,10.845485254406585,10.670558455246908,10.6981782913208,,11100
2024-10-23,10.652145385742188,10.698179034408648,10.652145385742188,10.652145385742188,,6300
2024-10-24,10.670559062814553,10.670559062814553,10.64293922516802,10.661352157592772,,4400
2024-10-25,10.652146071258548,10.753420280446004,10.652146071258548,10.670559883117676,,131500
2024-10-28,10.707386494391326,10.735006333814392,10.633733003917245,10.679766654968262,,3000
2024-10-29,10.67976726859322,10.67976726859322,10.596906867544272,10.642940521240234,,4300
2024-10-30,10.633732795715332,10.716593190381037,10.62452589008162,10.633732795715332,,4600
2024-10-31,10.670559872035405,10.688972805856531,10.49563217163086,10.49563217163086,,1800
2024-11-01,10.60611349557455,10.661353176145042,10.504839284497164,10.541666030883787,,6600
2024-11-04,10.569284091871555,10.587697900974424,10.477217680413462,10.53245735168457,,5900
2024-11-05,10.56928669202258,10.58770050565543,10.495633193529104,10.550873756408691,,8100
2024-11-06,10.504840435854693,10.587700843811035,10.477220592542242,10.587700843811035,,5000
2024-11-07,10.587699755822925,10.928347381734955,10.550873009184295,10.596906661987305,,32900
2024-11-08,10.60611227132,10.642939013455743,10.60611227132,10.615318298339844,,5300
2024-11-11,10.56928485928387,10.642939223024468,10.56928485928387,10.606112480163574,,5800
2024-11-12,10.596906380713136,10.596906380713136,10.486426143729732,10.49563217163086,,5000
2024-11-13,10.495631427028288,10.56928491312528,10.486425399780272,10.486425399780272,,6400
2024-11-14,10.541664256236004,10.569284091871555,10.486424584964894,10.53245735168457,,2600
2024-11-15,10.53245735168457,10.541664256236004,10.486424584964894,10.53245735168457,,7200
2024-11-18,10.560079843086546,10.587699683371792,10.486426350313298,10.541666030883787,,4400
2024-11-19,10.541665075343612,10.578491818392108,10.486425399780272,10.486425399780272,,1200
2024-11-20,10.477220055259684,10.54166664569018,10.477220055259684,10.504839897155762,,13600
2024-11-21,10.56007849176547,10.6521449069413,10.49563103532173,10.62452507019043,,4700
2024-11-22,10.633733065485488,10.633733065485488,10.541665762850394,10.56007957458496,,8800
2024-11-25,10.642940521240234,10.725800044270269,10.532459401162358,10.642940521240234,,7800
2024-11-26,10.633734501344446,10.707388002190308,10.587700843811035,10.587700843811035,,21800
2024-11-27,10.60611227132,10.615318298339844,10.596905366281366,10.615318298339844,,1200
2024-11-29,10.615318908865602,10.633732720001916,10.578492164611816,10.578492164611816,,15200
2024-12-02,10.550871586842252,10.633731975113646,10.550871586842252,10.62452507019043,,7600
2024-12-03,10.596906258680203,10.753420145442345,10.596906258680203,10.679766654968262,,30700
2024-12-04,10.661352027146249,10.753419322199948,10.661352027146249,10.72579860687256,,10500
2024-12-05,10.688972473144531,10.744213028926216,10.65214572862969,10.688972473144531,,27300
2024-12-06,10.707386016845703,10.753419665843635,10.707386016845703,10.707386016845703,,7100
2024-12-09,10.735006064931897,10.781039714829896,10.716593131784002,10.753419876098633,,7300
2024-12-10,10.716593131784002,10.753419876098633,10.716593131784002,10.753419876098633,,3600
2024-12-11,10.725799159348528,10.753419876098633,10.707386226200631,10.753419876098633,,6700
2024-12-12,10.71781836103204,10.727187298152286,10.642868651012105,10.708450317382812,,5200
2024-12-13,10.6897115309034,10.74592425535678,10.652236679091462,10.69908046722412,,1900
2024-12-16,10.73655531903606,10.73655531903606,10.642867742770742,10.69908046722412,,42200
2024-12-17,10.661606870513795,10.661606870513795,10.633500951713906,10.642868995666504,,5900
2024-12-18,10.624131162509627,10.680342995602675,10.55855039274408,10.633500099182127,,28300
2024-12-19,10.61476248767439,10.802136758391525,10.539812779387535,10.58665657043457,,8400
2024-12-20,10.558550261759988,10.57728724140157,10.474231619695454,10.483599662780762,,4900
2024-12-23,10.46486337193414,10.633500667162878,10.46486337193414,10.530444145202637,,5200
2024-12-24,10.483600271937766,10.577287856002355,10.483600271937766,10.549181938171388,,3100
2024-12-26,10.577287856002355,10.577287856002355,10.464863291207458,10.549181938171388,,6300
2024-12-27,10.511706613424966,10.511706613424966,10.464862823486328,10.464862823486328,,8600
2024-12-30,10.464863961011728,10.483600942941296,10.380545308650978,10.436758041381836,,21400
2024-12-31,10.549182243700464,10.586657099717458,10.45549465692246,10.492969512939451,,18200
2025-01-02,10.530443231403874,10.586655956092498,10.45549352746634,10.521074295043944,,1600
2025-01-03,10.567918878249367,10.567918878249367,10.45549431388694,10.558550834655762,,2800
2025-01-06,10.567918696627356,10.58665657043457,10.47423200800429,10.58665657043457,,20900
2025-01-07,10.530443231403874,10.57728701973257,10.521074295043944,10.521074295043944,,2000
2025-01-08,10.492969512939451,10.530444368956443,10.45549465692246,10.492969512939451,,4400
2025-01-10,10.399282496040438,10.446125394500797,10.183801410544522,10.38991355895996,,12300
2025-01-13,10.35243827446948,10.35243827446948,10.277488567878196,10.296225547790527,,3700
2025-01-14,10.296225208298615,10.399281721566838,10.27748822900409,10.361806869506836,,14700
2025-01-15,10.408651228280869,10.539813675672155,10.380545308650978,10.436758041381836,,7600
2025-01-16,10.436756906911535,10.549181466681684,10.418019033547688,10.464862823486328,,11900
2025-01-17,10.464863594294467,10.530444368956443,10.464863594294467,10.492969512939451,,3600
2025-01-21,10.511707164327792,10.549182019548509,10.483600352808985,10.530444145202637,,12300
2025-01-22,10.511707387683472,10.62413195573445,10.464863594294467,10.492969512939451,,2100
2025-01-23,10.455493886804405,10.483599803379196,10.427387970229612,10.464862823486328,,9700
2025-01-24,10.427388010319104,10.53044363380354,10.427388010319104,10.455493927001951,,12500
2025-01-27,10.511706252154964,10.549181104123733,10.511706252154964,10.521074295043944,,4400
2025-01-28,10.492968780402746,10.56791848720433,10.455493927001951,10.455493927001951,,19100
2025-01-29,10.47423289871205,10.483600942941296,10.427389103681517,10.436758041381836,,15700
2025-01-30,10.46486268313918,10.530443452091166,10.446124810026632,10.483599662780762,,17200
2025-01-31,10.483600575567444,10.521075431584435,10.47423253166648,10.492969512939451,,19700
2025-02-03,10.483600717672967,10.511707530169986,10.436757817120055,10.47423267364502,,16300
2025-02-04,10.492969655171974,10.492969655171974,10.446125861148005,10.47423267364502,,23700
2025-02-05,10.492967527361309,10.549180247485218,10.492967527361309,10.51170539855957,,11700
2025-02-06,10.492969472088294,10.549182202630458,10.492969472088294,10.502338409423828,,16700
2025-02-07,10.521074656635912,10.56791844657455,10.455493886804405,10.464862823486328,,13100
2025-02-10,10.455495023311403,10.483600942941296,10.436758041381836,10.436758041381836,,20200
2025-02-11,10.418019760346102,10.511707346759362,10.418019760346102,10.502338409423828,,40700
2025-02-12,10.464863859410618,10.464863859410618,10.446125984191896,10.446125984191896,,22100
2025-02-13,10.455493746582906,10.492968599337036,10.455493746582906,10.483599662780762,,9200
2025-02-14,10.511707123747732,10.558550915960543,10.511707123747732,10.539813041687012,,9400
2025-02-18,10.492969512939451,10.530444368956443,10.492969512939451,10.492969512939451,,15100
2025-02-19,10.483598591762176,10.521073440687823,10.47423054963392,10.51170539855957,,8400
2025-02-20,10.45549479864701,10.539813449195943,10.45549479864701,10.47423267364502,,18400
2025-02-21,10.46486337193414,10.633500667162878,10.46486337193414,10.530444145202637,,20300
2025-02-24,10.492969168674415,10.57728781531399,10.483600231609794,10.558550834655762,,20800
2025-02-25,10.614762265989814,10.633500139405696,10.596025286044911,10.624131202697754,,21000
2025-02-26,10.624131530126734,10.745925030670616,10.605393656133364,10.727187156677246,,48700
2025-02-27,10.680343627929688,10.74592529504896,10.670975584173531,10.680343627929688,,18700
2025-02-28,10.68034259458268,10.69908046722412,10.652236679091462,10.69908046722412,,33100
2025-03-03,10.633500607362876,10.7740310902825,10.633500607362876,10.708450317382812,,14200
2025-03-04,10.70844926379104,10.79276790263521,10.65223654007128,10.717817306518556,,58100
2025-03-05,10.689711710931364,10.689711710931364,10.642867922009795,10.670974731445312,,16600
2025-03-06,10.61476271093399,10.61476271093399,10.521075126869398,10.549181938171388,,27200
2025-03-07,10.549181897591138,10.596025689443238,10.50233810573904,10.558550834655762,,24700
2025-03-10,10.539812779387535,10.624131424577998,10.511706862147715,10.58665657043457,,45800
2025-03-11,10.577287633530965,10.633500361481603,10.55855065319475,10.58665657043457,,22200
2025-03-12,10.558550693542385,10.624131465176234,10.539812819663563,10.577287673950195,,4800
2025-03-13,10.550744371630833,10.645539375146583,10.550744371630833,10.607621192932127,,7000
2025-03-14,10.588663958446562,10.636061918512231,10.579184185625248,10.626582145690918,,10100
2025-03-17,10.579183080239766,10.636060807183773,10.569703308408965,10.598142623901367,,6400
2025-03-18,10.560225187325887,10.617102014250818,10.560225187325887,10.569704055786133,,3400
2025-03-19,10.588662421872046,10.721376509988929,10.569702878980737,10.68345832824707,,5600
2025-03-20,10.72137726085799,10.73085612892673,10.645539988022268,10.655019760131836,,2100
2025-03-21,10.66450014077044,10.721377872632534,10.598143540298729,10.702418327331545,,5100
2025-03-24,10.636060871214108,10.70241746634759,10.636060871214108,10.664499282836914,,15900
2025-03-25,10.702417828324707,10.7213773727417,10.636061230946911,10.7213773727417,,7300
2025-03-26,10.664499282836914,10.71189723823546,10.645539739061173,10.664499282836914,,3600
2025-03-27,10.636060871214108,10.683458826612656,10.58866291581556,10.664499282836914,,2700
2025-03-28,10.73085553549217,10.759294850248134,10.664498942476476,10.711896896362305,,7400
2025-03-31,10.768774581507389,10.81617253919479,10.673979570173426,10.749815940856934,,9600
2025-04-01,10.73085594177246,10.79721344134129,10.73085594177246,10.73085594177246,,400
2025-04-02,10.77825401029536,10.835131738515432,10.74033582616225,10.797213554382324,,12100
2025-04-03,10.749815236201789,10.806692058465693,10.673978870489387,10.74033546447754,,16400
2025-04-04,10.730856572141548,10.787734303107344,10.50334745636009,10.569704055786133,,57100
2025-04-07,10.49386658021753,10.550744305201489,10.237919077891643,10.332714080810549,,19400
2025-04-08,10.323235916930336,10.50334706758032,10.323235916930336,10.34219455718994,,7900
2025-04-09,10.26635835817912,10.484388601042644,10.24739971760538,10.474908828735352,,19800
2025-04-10,10.34219412907871,10.361153672594323,10.171561853601371,10.21895980834961,,18200
2025-04-11,10.181041830538003,10.2947963818018,10.067287279274211,10.24739933013916,,14300
2025-04-14,10.29479574133622,10.323235055413496,10.25687755994061,10.304275512695312,,1300
2025-04-15,10.26635778515156,10.361153694851671,10.26635778515156,10.323235511779783,,8500
2025-04-16,10.294796415217911,10.418030738830566,10.294796415217911,10.418030738830566,,13000
2025-04-17,10.370632782973267,10.484388238647112,10.351674143054836,10.418030738830566,,16200
2025-04-21,10.4085509033441,10.418030675265882,10.237919528956052,10.35167407989502,,21700
2025-04-22,10.332714196191349,10.465428286608695,10.332714196191349,10.39907169342041,,2000
2025-04-23,10.493866333057332,10.569702695222604,10.436989513453756,10.55074405670166,,6300
2025-04-24,10.5317855276551,10.617101669311523,10.5317855276551,10.617101669311523,,9100
2025-04-25,10.683459094638083,10.759295463562012,10.683459094638083,10.759295463562012,,2400
2025-04-28,10.702416967097616,10.749814920285129,10.588662421872046,10.68345832824707,,4100
2025-04-29,10.66449909876514,10.74033546447754,10.66449909876514,10.74033546447754,,4300
2025-04-30,10.683459744072088,10.76877498626709,10.673979971370125,10.76877498626709,,1600
2025-05-01,10.730855877970397,10.730855877970397,10.626581099326236,10.664499282836914,,46000
2025-05-02,10.692938038774829,10.692938038774829,10.617101669311523,10.617101669311523,,6100
2025-05-05,10.617101327438366,10.664499282836914,10.617101327438366,10.664499282836914,,9300
2025-05-06,10.617100873345944,10.664498826717285,10.550744281050529,10.64553928375244,,11000
2025-05-07,10.66449912592606,10.692937537130442,10.569703216523736,10.63606071472168,,2600
2025-05-08,10.664499797827776,10.759295713202585,10.664499797827776,10.749815940856934,,8000
2025-05-09,10.721377279100048,10.76877433164688,10.664499550386688,10.759295463562012,,8800
2025-05-12,10.78773348389144,10.873049621840831,10.71189711772327,10.806692123413086,,3400
2025-05-13,10.759294850248134,10.759294850248134,10.711896896362305,10.711896896362305,,3900
2025-05-14,10.702416967097616,10.759294691730783,10.64553924246445,10.68345832824707,,5400
2025-05-15,10.692937850952148,10.692937850952148,10.598142842808524,10.692937850952148,,5800
2025-05-16,10.692937850952148,10.74981557907098,10.664499438913143,10.692937850952148,,2500
2025-05-19,10.588663273945272,10.7213773727417,10.541265316943631,10.7213773727417,,3600
2025-05-20,10.673978714061798,10.759294850248134,10.645539399305834,10.711896896362305,,20500
2025-05-21,10.579181671142578,10.60762007880632,10.569701900574438,10.579181671142578,,9100
2025-05-22,10.43698872878319,10.579181671142578,10.43698872878319,10.579181671142578,,25100
2025-05-23,10.560225486755373,10.598143673794098,10.53178616844566,10.560225486755373,,17500
2025-05-27,10.655019854043177,10.692938038774829,10.560224844234464,10.617101669311523,,16700
2025-05-28,10.579182988272125,10.692937537130442,10.541264805319353,10.63606071472168,,13000
2025-05-29,10.579183080239766,10.636060807183773,10.560224440618962,10.598142623901367,,30300
2025-05-30,10.588663070781916,10.692937850952148,10.579183298755307,10.692937850952148,,30400
2025-06-02,10.58866316344651,10.673979304350972,10.58866316344651,10.655019760131836,,33700
2025-06-03,10.65501914671039,10.664498918274198,10.607621192932127,10.607621192932127,,14200
2025-06-04,10.60762180362482,10.692937944529284,10.60762180362482,10.655019760131836,,15000
2025-06-05,10.626581441504644,10.75929554008584,10.579183484579872,10.617101669311523,,20200
2025-06-06,10.550745414824776,10.645540427713286,10.550745414824776,10.569704055786133,,31200
2025-06-09,10.522306442260742,10.56022462620954,10.503346898265937,10.522306442260742,,30400
2025-06-10,10.52230564689987,10.588662237784296,10.52230564689987,10.55074405670166,,13000
2025-06-11,10.55074466878816,10.61710126352217,10.55074466878816,10.598142623901367,,7300
2025-06-12,10.601983206904844,10.67880909917078,10.601983206904844,10.649999618530272,,28500
2025-06-13,10.650000504054104,10.650000504054104,10.611587554727183,10.630793571472168,,10600
2025-06-16,10.66920563367832,10.698016030155705,10.601983206904844,10.649999618530272,,20100
2025-06-17,10.659604004481825,10.688413487610037,10.59238065606672,10.64039707183838,,18700
2025-06-18,10.678809987090055,10.698016919671993,10.630793571472168,10.630793571472168,,13900
2025-06-20,10.669205566592598,10.688412497456753,10.621190071105955,10.621190071105955,,43600
2025-06-23,10.650000538160102,10.678810021288314,10.64039707183838,10.64039707183838,,5300
2025-06-24,10.659603286063726,10.736429179785812,10.659603286063726,10.726825714111328,,13300
2025-06-25,10.717222248436844,10.726825714111328,10.688412767250284,10.726825714111328,,12100
2025-06-26,10.726825748772024,10.73642921447754,10.726825748772024,10.73642921447754,,1000
2025-06-27,10.765238793211962,10.83246122208532,10.726825845879056,10.78444480895996,,24400
2025-06-30,10.851668288941028,10.899684702664931,10.746031995581056,10.8324613571167,,20300
2025-07-01,10.81325544057816,10.99571671540278,10.80365197457767,10.870874404907228,,37400
2025-07-02,10.861271923293286,10.976510768515666,10.84206499117109,10.890081405639648,,2600
2025-07-03,10.83246149095627,10.880477905273438,10.83246149095627,10.880477905273438,,2100
2025-07-07,10.870874238995992,10.890081170703828,10.794048343838464,10.803651809692385,,8300
2025-07-08,10.832462281359009,10.842065748090556,10.81325626373291,10.81325626373291,,1500
2025-07-09,10.842065811157228,10.851669277944636,10.813256326632,10.842065811157228,,2400
2025-07-10,10.842065811157228,10.842065811157228,10.82285979341941,10.842065811157228,,9300
2025-07-11,10.842065616824415,10.842065616824415,10.74603278234562,10.765239715576172,,9000
2025-07-14,10.78444484350296,10.803651775149383,10.755635361870228,10.794048309326172,,21900
2025-07-15,10.774842126646854,10.784444676484444,10.726825714111328,10.726825714111328,,29200
2025-07-16,10.72682673129152,10.774843148380244,10.72682673129152,10.75563621520996,,13600
2025-07-17,10.73642931167151,10.794048274752416,10.73642931167151,10.78444480895996,,16000
2025-07-18,10.794048309326172,10.794048309326172,10.76523882769344,10.794048309326172,,13000
2025-07-21,10.803652859844592,10.851669277944636,10.803652859844592,10.842065811157228,,13000
2025-07-22,10.870874373958491,10.870874373958491,10.85166835784912,10.85166835784912,,10100
2025-07-23,10.851668288941028,10.851668288941028,10.803651875217124,10.8324613571167,,12100
2025-07-24,10.851668292333386,10.851668292333386,10.78444494676414,10.822858810424805,,6500
2025-07-25,10.851669277944636,10.861272744732045,10.82285979341941,10.842065811157228,,3700
2025-07-28,10.832461456742204,10.870874404907228,10.755635560412165,10.870874404907228,,13600
2025-07-29,10.90928840637207,10.928495340227489,10.851669436479847,10.90928840637207,,2600
2025-07-30,10.899684806392631,10.91889082256282,10.861271858215332,10.861271858215332,,7900
2025-07-31,10.909287421924914,10.909287421924914,10.851668457232188,10.890081405639648,,3300
2025-08-01,10.947700534649254,10.97651093326497,10.899685035296953,10.957304000854492,,5100
2025-08-04,10.947700568750395,10.976510967455855,10.92849455211704,10.966907501220703,,4700
2025-08-05,10.966906579585167,10.986112594604492,10.966906579585167,10.986112594604492,,7300
2025-08-06,10.947700568750395,10.98611351785406,10.947700568750395,10.966907501220703,,8200
2025-08-07,10.928494650114992,11.04373349845935,10.928494650114992,11.00532054901123,,12100
2025-08-08,11.03413003213808,11.03413003213808,10.97651106588438,11.00532054901123,,13600
2025-08-11,10.957304000854492,10.995716949838505,10.957304000854492,10.957304000854492,,8400
2025-08-12,10.899685035296953,10.957304000854492,10.899685035296953,10.957304000854492,,6300
2025-08-13,10.899685035296953,10.986113483633265,10.899685035296953,10.957304000854492,,6100
2025-08-14,11.014924278045802,11.139766595689002,10.938098377317214,11.101353645324709,,33400
2025-08-15,11.13016233922712,11.206988234503347,11.110955407489609,11.168575286865234,,12200
2025-08-18,11.187780789410194,11.187780789410194,10.976510045013264,10.986112594604492,,13500
2025-08-19,11.00532057921105,11.043733528764578,10.995717112863428,11.024526596069336,,7200
2025-08-20,11.053336175118272,11.091749121822131,10.995716297144044,11.072542190551758,,8000
2025-08-21,11.034130096435549,11.034130096435549,11.00532061314082,11.034130096435549,,4000
2025-08-22,11.062939643859863,11.110955140375498,11.005319765869451,11.062939643859863,,2900
2025-08-25,11.053337194711316,11.12055962868464,11.014924244464131,11.091750144958496,,4800
2025-08-26,11.091749124936625,11.139765537289149,11.062939643859863,11.062939643859863,,5500
2025-08-27,11.091750111083996,11.120559594722154,11.034130227970708,11.082146644592283,,7100
2025-08-28,11.120559662588366,11.130163129138683,11.072543245673751,11.101353645324709,,5100
2025-08-29,11.149368220129022,11.149368220129022,11.062939775867443,11.120558738708496,,12100
2025-09-02,11.082146546591938,11.101353479405509,11.024526663988183,11.043733596801758,,11600
2025-09-03,11.072542325783015,11.158971685881498,11.034129378610016,11.120558738708496,,16800
2025-09-04,11.120558738708496,11.168575151633974,11.062939775867443,11.120558738708496,,13800
2025-09-05,11.168576173068672,11.235798607810104,10.92849500232129,11.149369239807127,,24600
2025-09-08,11.14936842050114,11.235797782152895,11.14936842050114,11.19738483428955,,20400
2025-09-09,11.19738483428955,11.24540124807796,11.158971886426206,11.19738483428955,,20800
2025-09-10,11.19738575850421,11.255005642973542,11.1493693407526,11.178179740905762,,18100
2025-09-11,11.22619431622783,11.322227143804652,11.178178818276338,11.19738483428955,,17300
2025-09-12,11.267380820870269,11.267380820870269,11.209050573386843,11.25765895843506,,12300
2025-09-15,11.306267048050875,11.617359220826089,11.306267048050875,11.364596366882324,,30900
2025-09-16,11.432649158755702,11.559030593285865,11.41320543323051,11.471535682678224,,23100
2025-09-17,11.520144238737425,11.520144238737425,11.374319076538086,11.374319076538086,,15000
2025-09-18,11.413204431517537,11.422926293426864,11.335431390498467,11.39376163482666,,6300
2025-09-19,11.46181337584148,11.471535238227414,11.325710083821882,11.34515380859375,,10200
2025-09-22,11.393762802349148,11.461813988432112,11.374319076538086,11.374319076538086,,2200
2025-09-23,11.40348380050023,11.40348380050023,11.286824226379396,11.286824226379396,,27300
2025-09-24,11.335432100896403,11.471535394773332,11.335432100896403,11.41320514678955,,8800
2025-09-25,11.422927068061242,11.422927068061242,11.277102838043511,11.32571029663086,,5900
2025-09-26,11.452092017963327,11.452092017963327,11.296545921447295,11.384040832519531,,8100
2025-09-29,11.45209156292696,11.45209156292696,11.29654547259138,11.422926902770996,,4500
2025-09-30,11.452091406140063,11.452091406140063,11.33543183998553,11.354875564575195,,11000
2025-10-01,11.3840400363565,11.452091217041016,11.3840400363565,11.452091217041016,,3000
2025-10-02,11.471535682678224,11.471535682678224,11.374318909307988,11.471535682678224,,12200
2025-10-03,11.471535682678224,11.471535682678224,11.374318909307988,11.471535682678224,,14800
2025-10-06,11.471535682678224,11.471535682678224,11.374318909307988,11.471535682678224,,5900
2025-10-07,11.471535074347225,11.471535074347225,11.422926690239787,11.442370414733888,,5600
2025-10-08,11.442370414733888,11.461813212100171,11.374318306132354,11.442370414733888,,18600
2025-10-09,11.520143770319768,11.753462907798324,11.384040476560024,11.578473091125488,,25500
2025-10-10,11.646524117730252,11.646524117730252,11.442370570529404,11.510421752929688,,3900
2025-10-13,11.627081670230924,11.7437412409135,11.452091850643134,11.481257438659668,,10500
2025-10-14,11.559029685179976,11.559029685179976,11.43264826057865,11.549307823181152,,4800
2025-10-15,11.597917378636849,11.597917378636849,11.529865264892578,11.529865264892578,,4600
2025-10-16,11.568751179978095,11.597916767386176,11.490978134478882,11.500699996948242,,6600
2025-10-17,11.559029791375988,11.588194450512608,11.500699545974946,11.539586067199709,,3200
2025-10-20,11.56875072633633,11.588194450512608,11.539586067199709,11.539586067199709,,29800
2025-10-21,11.597916826131655,11.597916826131655,11.41320514678955,11.41320514678955,,115100
2025-10-22,11.510422375831892,11.597917287725918,11.29654602754959,11.374319076538086,,12700
2025-10-23,11.403483429427247,11.403483429427247,11.218772674861777,11.238216400146484,,34800
2025-10-24,11.306266890732427,11.306266890732427,11.238215710666683,11.296545028686523,,6500
2025-10-27,11.335431443404294,11.374317964095322,11.257658402022235,11.306266784667969,,17000
2025-10-28,11.374318070798171,11.374318070798171,11.267380369676603,11.296545028686523,,12000
2025-10-29,11.354875273834155,11.354875273834155,11.277102231722507,11.296545028686523,,11500
2025-10-30,11.30626815007511,11.325710949204751,11.179886710784803,11.189608573913574,,11100
2025-10-31,11.238216613838018,11.277103138019,11.218772888183594,11.218772888183594,,5800
2025-11-03,11.257658909143291,11.257658909143291,11.170164001865173,11.179885864257812,,6100
2025-11-04,11.20905031130079,11.218772173508686,11.179885651804913,11.199329376220703,,10200
2025-11-05,11.257658909143291,11.257658909143291,11.179885864257812,11.179885864257812,,16100
2025-11-06,11.296544630166215,11.296544630166215,11.189606932817204,11.247936248779297,,5800
2025-11-07,11.170164847656036,11.247937898430392,11.131278322268855,11.189608573913574,,19900
2025-11-10,11.228495099300751,11.247937898430392,11.160442984527268,11.189608573913574,,3900
2025-11-11,11.257658110482232,11.315988353572088,11.179885071114269,11.247936248779297,,11300
2025-11-12,11.257659305241289,11.277103030710697,11.218772781430337,11.22849464416504,,6900
2025-11-13,11.286823859102553,11.296545721744906,11.160442426135504,11.238216400146484,,15800
2025-11-14,11.267379972185168,11.345153011553132,11.160441347708396,11.247936248779297,,21700
2025-11-17,11.296545423791905,11.34515380859375,11.238216103731952,11.34515380859375,,11100
2025-11-18,11.422927202453009,11.422927202453009,11.277102970719644,11.31598949432373,,71900
2025-11-19,11.34515380859375,11.374318468623724,11.315989148563771,11.34515380859375,,4400
2025-11-20,11.44237042016498,11.452091355288832,11.27710247039795,11.27710247039795,,3400
2025-11-21,11.354876171204742,11.384040832519531,11.296545921447295,11.384040832519531,,1900
2025-11-24,11.384040832519531,11.42292735664854,11.19933007468871,11.384040832519531,,4000
2025-11-25,11.461813713315312,11.481257438659668,11.422927189754454,11.481257438659668,,2200
2025-11-26,11.481256352667645,11.559029392432944,11.393761451149738,11.49097728729248,,3100
2025-11-28,11.539586067199709,11.56875072633633,11.481256748926464,11.539586067199709,,2300
2025-12-01,11.520143839491624,11.520143839491624,11.228494452328322,11.32571029663086,,10900
2025-12-02,11.413204884088554,11.413204884088554,11.26738065817734,11.354875564575195,,14700
2025-12-03,11.393761953425855,11.452091272257304,11.28682332368852,11.364596366882324,,13300
2025-12-04,11.413205601032336,11.413205601032336,11.315989753360652,11.374319076538086,,7600
2025-12-05,11.384039826050026,11.384039826050026,11.189607222594883,11.306266784667969,,13700
2025-12-08,11.277102231722507,11.306266890732427,11.267380369676603,11.296545028686523,,186800
2025-12-09,11.296545267773464,11.296545267773464,11.247936883642955,11.27710247039795,,20100
2025-12-10,11.267380975474904,11.32571029663086,11.267380975474904,11.32571029663086,,15900
2025-12-11,11.30891952037574,11.358303637619697,11.30891952037574,11.338549613952637,,13000
2025-12-12,11.33855019426557,11.33855019426557,11.29904308683315,11.31879711151123,,16600
2025-12-15,11.34842644483029,11.447194677743294,11.20027503738446,11.378057479858398,,30700
2025-12-16,11.358304221609508,11.476825543934584,11.24965991162579,11.269412994384766,,23300
2025-12-17,11.22990551424193,11.328673750530085,11.180521396097852,11.249659538269045,,29800
2025-12-18,11.259535595635317,11.397810937897734,11.259535595635317,11.299042701721191,,12000
2025-12-19,11.32867412385027,11.437318433808487,11.26941299173977,11.31879711151123,,31000
2025-12-22,11.368181035911972,11.50645543858722,11.318796916989216,11.358304023742676,,81700
2025-12-23,11.358304023742676,11.358304023742676,11.28916682240505,11.358304023742676,,86700
2025-12-24,11.378057479858398,11.447194677743294,11.308919340049824,11.378057479858398,,50200
2025-12-26,11.34842700978642,11.4274412232809,11.34842700978642,11.40768814086914,,52600
2025-12-29,11.457071678309925,11.486701771385622,11.378057468825606,11.427440643310549,,17500
2025-12-30,11.447195052155305,11.49657917022705,11.41756495808174,11.49657917022705,,22300
2025-12-31,11.536086648439843,11.605223850816344,11.526209636122132,11.565716743469238,,20900
2026-01-02,11.585469063722256,11.605223087057636,11.44719466806932,11.526208877563477,,7800
2026-01-05,11.5459623336792,11.605223463684872,11.506455227649989,11.5459623336792,,8500
2026-01-06,11.575593176011326,11.615100281379677,11.545962140542294,11.585469245910645,,18800
2026-01-07,11.634853557725856,11.634853557725856,11.506455227649989,11.5459623336792,,6300
2026-01-08,11.55583897135335,11.595346076102857,11.55583897135335,11.57559299468994,,5800
2026-01-09,11.615100669569165,11.615100669569165,11.526209444038606,11.55583953857422,,6100
2026-01-12,11.58546963139738,11.634853750231915,11.5657165490178,11.605223655700684,,8800
2026-01-13,11.575593176011326,11.624977293202688,11.555839152365303,11.585469245910645,,9200
2026-01-14,11.644730567932127,11.674360661968578,11.565716355885794,11.644730567932127,,13200
2026-01-15,11.624977100818136,11.674360275268556,11.624977100818136,11.674360275268556,,5700
2026-01-16,11.684237673955296,11.7434988039519,11.6249774858824,11.644730567932127,,11600
2026-01-20,11.60522308847861,11.644730193230526,11.60522308847861,11.624977111816406,,9400
2026-01-21,11.664484784977352,11.713867961880927,11.615100666150056,11.654607772827148,,10400
2026-01-22,11.654607204188958,11.654607204188958,11.476824761854331,11.57559299468994,,7300
2026-01-23,11.615100474780606,11.67436066285802,11.585469438818194,11.595346450805664,,9300
2026-01-26,11.644730193230526,11.644730193230526,11.60522308847861,11.624977111816406,,5000
2026-01-27,11.644730955618623,11.684238062957096,11.53608664591876,11.615100860595703,,5700
2026-01-28,11.63485355683184,11.67436066285802,11.565716356766956,11.595346450805664,,9500
2026-01-29,11.595346641849648,11.654607772827148,11.585469629699444,11.654607772827148,,6900
2026-01-30,11.644730953095344,11.694115072738668,11.615100858078844,11.664484977722168,,7700
2026-02-02,11.664484784977352,11.69411487950424,11.644730760676945,11.654607772827148,,9900
2026-02-03,11.664484215857254,11.684237297270167,11.565715983021644,11.57559299468994,,14700
2026-02-04,11.605223281443,11.605223281443,11.486701965216554,11.536086082458496,,15600
2026-02-05,11.536085889940432,11.595346076102857,11.457071680441418,11.57559299468994,,20500
2026-02-06,11.526209070625368,11.69411450409376,11.378057660823233,11.536086082458496,,17000
2026-02-09,11.536086263614676,11.585469439708412,11.378057839497824,11.5459623336792,,12100
2026-02-10,11.536086648439843,11.624977875451766,11.378058219051418,11.565716743469238,,11800
2026-02-11,11.595346075389946,11.634853180137023,11.486701772816398,11.526208877563477,,21400
2026-02-12,11.59534664526294,11.654607776257889,11.506455419732385,11.55583953857422,,5300
2026-02-13,11.634853180852366,11.634853180852366,11.526208878272136,11.57559299468994,,6300
2026-02-17,11.605223087057636,11.605223087057636,11.476824761148707,11.526208877563477,,4000
2026-02-18,11.615100667852335,11.615100667852335,11.5657165490178,11.605223655700684,,7400
2026-02-19,11.615100667852335,11.615100667852335,11.526209442334917,11.605223655700684,,4500
2026-02-20,11.565715982310556,11.615100098725325,11.526208877563477,11.526208877563477,,7200
2026-02-23,11.47682551898696,11.565716746018476,11.466948506667071,11.516332626342772,,6300
2026-02-24,11.58546963483698,11.58546963483698,11.476825326907726,11.506455421447754,,5600
2026-02-25,11.5459627213787,11.595346841054402,11.496579543626735,11.516332626342772,,4000
2026-02-26,11.55583896920348,11.55583896920348,11.417564573567764,11.427440643310549,,17300
2026-02-27,11.427441416174885,11.51633264333758,11.407688333429697,11.41756534576416,,14700
2026-03-02,11.496579172133996,11.496579172133996,11.387933923973392,11.39781093597412,,83200
2026-03-03,11.308919339381031,11.38793354893729,11.289166257953804,11.328673362731934,,16000
2026-03-04,11.368180467510063,11.417564583963646,11.318796351056482,11.328673362731934,,20300
2026-03-05,11.308919726502968,11.33854982061993,11.22990551424193,11.249659538269045,,15200
2026-03-06,11.259535415482375,11.358303650078623,11.141014099121094,11.141014099121094,,34700
2026-03-09,11.141014486424115,11.200275617626742,11.062000272769769,11.111384391784668,,33100
2026-03-10,11.111384198905922,11.131138222938468,11.101507186889648,11.101507186889648,,20600
2026-03-11,11.150891500515453,11.150891500515453,11.062000274658203,11.062000274658203,,32600
2026-03-12,11.020000457763672,11.130000114440918,10.989999771118164,11.0,,23000
2026-03-13,11.010000228881836,11.149999618530273,11.00059986114502,11.039999961853027,,14268
