Date,open,high,low,close,adj close,volume
1986-08-07,0.0,16.5,16.125,16.125,16.125,26400
1986-08-08,0.0,17.25,16.5,16.5,16.5,10000
1986-08-11,0.0,16.875,16.125,16.125,16.125,8900
1986-08-12,0.0,16.5,15.75,15.75,15.75,4900
1986-08-13,0.0,16.125,15.75,15.75,15.75,6600
1986-08-14,0.0,16.125,15.75,15.75,15.75,3300
1986-08-15,0.0,16.125,15.75,15.75,15.75,3300
1986-08-18,0.0,16.125,15.75,15.75,15.75,1600
1986-08-19,0.0,16.125,15.75,15.75,15.75,8100
1986-08-20,0.0,16.125,15.75,15.75,15.75,4700
1986-08-21,0.0,16.875,16.125,16.125,16.125,13000
1986-08-22,0.0,17.25,16.5,16.5,16.5,4100
1986-08-25,0.0,16.5,16.125,16.125,16.125,1600
1986-08-26,0.0,16.5,16.125,16.125,16.125,2800
1986-08-27,0.0,16.5,16.125,16.125,16.125,900
1986-08-28,0.0,16.125,15.75,15.75,15.75,4500
1986-08-29,0.0,16.125,15.75,15.75,15.75,2900
1986-09-02,0.0,16.125,15.75,15.75,15.75,2400
1986-09-03,0.0,16.125,15.75,15.75,15.75,7000
1986-09-04,0.0,16.5,16.125,16.125,16.125,3500
1986-09-05,0.0,16.5,16.125,16.125,16.125,1100
1986-09-08,0.0,16.5,16.125,16.125,16.125,5500
1986-09-09,0.0,16.5,16.125,16.125,16.125,3000
1986-09-10,0.0,16.5,16.125,16.125,16.125,10000
1986-09-11,0.0,16.5,16.125,16.125,16.125,11700
1986-09-12,0.0,16.5,16.125,16.125,16.125,6700
1986-09-15,0.0,16.5,16.125,16.125,16.125,1400
1986-09-16,0.0,16.5,16.125,16.125,16.125,2100
1986-09-17,0.0,16.5,15.75,15.75,15.75,6800
1986-09-18,0.0,16.5,15.75,15.75,15.75,2100
1986-09-19,0.0,16.125,15.75,15.75,15.75,6200
1986-09-22,0.0,16.125,15.75,15.75,15.75,1400
1986-09-23,0.0,16.125,15.75,15.75,15.75,1200
1986-09-24,0.0,16.125,15.75,15.75,15.75,2300
1986-09-25,0.0,15.375,15.0,15.0,15.0,1000
1986-09-26,0.0,15.375,15.0,15.0,15.0,700
1986-09-29,0.0,15.0,14.625,14.625,14.625,500
1986-09-30,0.0,15.75,15.375,15.375,15.375,11200
1986-10-01,0.0,15.75,15.375,15.375,15.375,1300
1986-10-02,0.0,16.125,15.375,15.375,15.375,500
1986-10-03,0.0,16.125,15.375,15.375,15.375,500
1986-10-06,0.0,16.5,15.375,15.375,15.375,900
1986-10-07,0.0,16.5,15.375,15.375,15.375,1000
1986-10-08,0.0,16.5,15.375,15.375,15.375,700
1986-10-09,0.0,15.75,15.375,15.375,15.375,2100
1986-10-10,0.0,15.75,15.0,15.0,15.0,1900
1986-10-13,0.0,15.75,15.0,15.0,15.0,300
1986-10-14,0.0,15.75,15.0,15.0,15.0,100
1986-10-15,0.0,15.75,15.375,15.375,15.375,3000
1986-10-16,0.0,15.75,15.375,15.375,15.375,3000
1986-10-17,0.0,16.5,15.75,15.75,15.75,7100
1986-10-20,0.0,16.5,15.375,15.375,15.375,2700
1986-10-21,0.0,16.125,15.375,15.375,15.375,500
1986-10-22,0.0,16.125,15.375,15.375,15.375,600
1986-10-23,0.0,16.125,15.375,15.375,15.375,600
1986-10-24,0.0,16.125,15.375,15.375,15.375,4100
1986-10-27,0.0,16.125,15.0,15.0,15.0,900
1986-10-28,0.0,16.125,15.0,15.0,15.0,300
1986-10-29,0.0,16.125,15.0,15.0,15.0,0
1986-10-30,0.0,16.125,15.0,15.0,15.0,500
1986-10-31,0.0,16.125,15.0,15.0,15.0,400
1986-11-03,0.0,15.75,15.0,15.0,15.0,500
1986-11-04,0.0,15.75,15.0,15.0,15.0,1800
1986-11-05,0.0,15.75,15.0,15.0,15.0,100
1986-11-06,0.0,16.125,15.375,15.375,15.375,4400
1986-11-07,0.0,16.125,15.375,15.375,15.375,2200
1986-11-10,0.0,16.125,15.375,15.375,15.375,1600
1986-11-11,0.0,16.125,15.0,15.0,15.0,500
1986-11-12,0.0,16.125,15.75,15.75,15.75,4200
1986-11-13,0.0,16.5,15.75,15.75,15.75,2000
1986-11-14,0.0,16.125,15.375,15.375,15.375,1100
1986-11-17,0.0,16.125,15.375,15.375,15.375,800
1986-11-18,0.0,16.125,15.375,15.375,15.375,600
1986-11-19,0.0,15.75,15.375,15.375,15.375,2700
1986-11-20,0.0,15.75,15.375,15.375,15.375,800
1986-11-21,0.0,15.75,15.375,15.375,15.375,600
1986-11-24,0.0,16.125,15.375,15.375,15.375,600
1986-11-25,0.0,15.75,15.375,15.375,15.375,1200
1986-11-26,0.0,15.75,14.625,14.625,14.625,2100
1986-11-28,0.0,15.75,14.625,14.625,14.625,100
1986-12-01,0.0,15.75,14.625,14.625,14.625,2700
1986-12-02,0.0,15.375,14.625,14.625,14.625,800
1986-12-03,0.0,15.375,14.625,14.625,14.625,400
1986-12-04,0.0,15.75,14.625,14.625,14.625,400
1986-12-05,0.0,15.75,14.625,14.625,14.625,500
1986-12-08,0.0,14.625,13.5,13.5,13.5,4000
1986-12-09,0.0,14.625,13.5,13.5,13.5,1100
1986-12-10,0.0,14.25,13.125,13.125,13.125,300
1986-12-11,0.0,14.625,13.125,13.125,13.125,200
1986-12-12,13.125,13.125,13.125,13.125,13.125,0
1986-12-15,0.0,13.125,12.375,12.375,12.375,3200
1986-12-16,0.0,12.75,12.0,12.0,12.0,1100
1986-12-17,0.0,12.75,12.0,12.0,12.0,1100
1986-12-18,0.0,12.375,11.625,11.625,11.625,600
1986-12-19,0.0,12.375,11.625,11.625,11.625,2700
1986-12-22,0.0,12.0,11.25,11.25,11.25,700
1986-12-23,0.0,11.25,10.125,10.125,10.125,4400
1986-12-24,10.125,10.125,10.125,10.125,10.125,0
1986-12-26,10.125,10.125,10.125,10.125,10.125,0
1986-12-29,0.0,11.25,10.125,10.125,10.125,2000
1986-12-30,0.0,10.875,10.125,10.125,10.125,1200
1986-12-31,0.0,10.875,10.5,10.5,10.5,2000
1987-01-02,0.0,10.875,10.5,10.5,10.5,0
1987-01-05,0.0,10.875,10.125,10.125,10.125,2900
1987-01-06,0.0,10.875,10.125,10.125,10.125,200
1987-01-07,0.0,10.875,10.125,10.125,10.125,100
1987-01-08,10.125,10.125,10.125,10.125,10.125,0
1987-01-09,0.0,10.5,10.125,10.125,10.125,100
1987-01-12,0.0,10.5,10.125,10.125,10.125,500
1987-01-13,0.0,10.5,10.125,10.125,10.125,0
1987-01-14,0.0,10.5,10.125,10.125,10.125,500
1987-01-15,0.0,10.5,10.125,10.125,10.125,400
1987-01-16,0.0,10.5,10.125,10.125,10.125,100
1987-01-19,0.0,10.5,10.125,10.125,10.125,2500
1987-01-20,0.0,10.875,10.125,10.125,10.125,23800
1987-01-21,0.0,10.875,10.125,10.125,10.125,5100
1987-01-22,0.0,10.5,10.125,10.125,10.125,0
1987-01-23,0.0,10.5,10.125,10.125,10.125,500
1987-01-26,0.0,10.5,9.75,9.75,9.75,2600
1987-01-27,9.75,9.75,9.75,9.75,9.75,0
1987-01-28,0.0,10.5,9.75,9.75,9.75,100
1987-01-29,0.0,10.5,9.75,9.75,9.75,100
1987-01-30,0.0,10.5,9.75,9.75,9.75,3000
1987-02-02,0.0,10.5,9.375,9.375,9.375,29500
1987-02-03,0.0,10.5,9.375,9.375,9.375,700
1987-02-04,0.0,10.5,9.75,9.75,9.75,3700
1987-02-05,0.0,10.875,10.125,10.125,10.125,2300
1987-02-06,0.0,10.875,10.125,10.125,10.125,800
1987-02-09,0.0,10.875,10.125,10.125,10.125,500
1987-02-10,0.0,10.875,10.125,10.125,10.125,2500
1987-02-11,0.0,10.875,10.125,10.125,10.125,1000
1987-02-12,0.0,12.0,10.875,10.875,10.875,6100
1987-02-13,0.0,12.0,11.25,11.25,11.25,1200
1987-02-17,0.0,12.0,11.25,11.25,11.25,1900
1987-02-18,0.0,12.0,11.25,11.25,11.25,400
1987-02-19,0.0,12.0,11.25,11.25,11.25,2000
1987-02-20,0.0,12.375,11.625,11.625,11.625,500
1987-02-23,0.0,12.375,11.625,11.625,11.625,1000
1987-02-24,0.0,12.75,12.0,12.0,12.0,2700
1987-02-25,0.0,12.75,12.0,12.0,12.0,3400
1987-02-26,0.0,13.875,12.75,12.75,12.75,2000
1987-02-27,0.0,13.5,12.75,12.75,12.75,1600
1987-03-02,0.0,13.5,12.75,12.75,12.75,1900
1987-03-03,0.0,13.5,12.75,12.75,12.75,300
1987-03-04,0.0,13.5,12.75,12.75,12.75,800
1987-03-05,0.0,13.5,12.75,12.75,12.75,600
1987-03-06,0.0,13.5,12.375,12.375,12.375,4100
1987-03-09,0.0,13.5,12.75,12.75,12.75,5500
1987-03-10,0.0,14.25,13.125,13.125,13.125,15800
1987-03-11,0.0,14.25,13.5,13.5,13.5,3000
1987-03-12,0.0,14.25,13.125,13.125,13.125,3100
1987-03-13,0.0,13.875,13.125,13.125,13.125,1800
1987-03-16,0.0,14.25,13.5,13.5,13.5,3800
1987-03-17,13.5,13.5,13.5,13.5,13.5,0
1987-03-18,0.0,14.25,13.5,13.5,13.5,2800
1987-03-19,0.0,14.25,13.5,13.5,13.5,1700
1987-03-20,0.0,14.25,13.5,13.5,13.5,2000
1987-03-23,0.0,14.25,13.5,13.5,13.5,500
1987-03-24,0.0,14.25,13.5,13.5,13.5,200
1987-03-25,0.0,13.875,13.125,13.125,13.125,1100
1987-03-26,0.0,13.5,13.125,13.125,13.125,1500
1987-03-27,0.0,13.5,13.125,13.125,13.125,1800
1987-03-30,0.0,13.5,13.125,13.125,13.125,1800
1987-03-31,13.125,13.125,13.125,13.125,13.125,0
1987-04-01,0.0,13.5,13.125,13.125,13.125,400
1987-04-02,0.0,13.5,13.125,13.125,13.125,1400
1987-04-03,0.0,13.5,13.125,13.125,13.125,200
1987-04-06,0.0,13.5,13.125,13.125,13.125,700
1987-04-07,0.0,13.5,13.125,13.125,13.125,1900
1987-04-08,0.0,13.5,13.125,13.125,13.125,1200
1987-04-09,0.0,13.5,12.75,12.75,12.75,4400
1987-04-10,0.0,13.5,12.375,12.375,12.375,700
1987-04-13,0.0,13.5,12.375,12.375,12.375,1000
1987-04-14,0.0,13.125,12.375,12.375,12.375,500
1987-04-15,0.0,13.125,12.375,12.375,12.375,400
1987-04-16,0.0,13.125,12.0,12.0,12.0,2600
1987-04-20,0.0,13.125,12.0,12.0,12.0,800
1987-04-21,0.0,13.125,12.0,12.0,12.0,800
1987-04-22,0.0,12.375,11.625,11.625,11.625,1200
1987-04-23,0.0,12.375,11.25,11.25,11.25,500
1987-04-24,0.0,12.0,11.25,11.25,11.25,400
1987-04-27,0.0,12.0,11.25,11.25,11.25,31000
1987-04-28,11.25,11.25,11.25,11.25,11.25,0
1987-04-29,0.0,11.625,11.25,11.25,11.25,300
1987-04-30,11.25,11.25,11.25,11.25,11.25,0
1987-05-01,0.0,11.625,11.25,11.25,11.25,2700
1987-05-04,0.0,11.625,11.25,11.25,11.25,300
1987-05-05,0.0,11.625,11.25,11.25,11.25,1300
1987-05-06,0.0,11.625,11.25,11.25,11.25,400
1987-05-07,0.0,11.25,10.875,10.875,10.875,0
1987-05-08,0.0,11.25,10.875,10.875,10.875,0
1987-05-11,0.0,10.5,9.75,9.75,9.75,2900
1987-05-12,0.0,10.5,9.75,9.75,9.75,400
1987-05-13,0.0,10.5,9.375,9.375,9.375,1700
1987-05-14,0.0,10.5,9.375,9.375,9.375,100
1987-05-15,0.0,10.5,9.75,9.75,9.75,3000
1987-05-18,0.0,10.5,9.375,9.375,9.375,1200
1987-05-19,0.0,10.5,9.75,9.75,9.75,1900
1987-05-20,0.0,10.125,9.375,9.375,9.375,1100
1987-05-21,0.0,10.125,9.375,9.375,9.375,100
1987-05-22,0.0,10.125,9.375,9.375,9.375,700
1987-05-26,0.0,10.125,9.375,9.375,9.375,300
1987-05-27,0.0,10.125,9.375,9.375,9.375,100
1987-05-28,0.0,10.5,9.75,9.75,9.75,400
1987-05-29,0.0,10.5,10.125,10.125,10.125,500
1987-06-01,0.0,10.5,9.75,9.75,9.75,300
1987-06-02,0.0,10.5,9.75,9.75,9.75,300
1987-06-03,0.0,10.5,9.75,9.75,9.75,300
1987-06-04,0.0,10.5,9.75,9.75,9.75,400
1987-06-05,0.0,10.5,9.75,9.75,9.75,600
1987-06-08,0.0,10.5,9.75,9.75,9.75,300
1987-06-09,0.0,10.5,9.75,9.75,9.75,0
1987-06-10,0.0,10.5,9.75,9.75,9.75,600
1987-06-11,0.0,10.125,9.75,9.75,9.75,300
1987-06-12,9.75,9.75,9.75,9.75,9.75,0
1987-06-15,0.0,10.125,9.75,9.75,9.75,100
1987-06-16,0.0,10.5,9.75,9.75,9.75,200
1987-06-17,0.0,10.5,9.75,9.75,9.75,100
1987-06-18,0.0,10.5,9.75,9.75,9.75,1100
1987-06-19,0.0,10.5,9.75,9.75,9.75,100
1987-06-22,9.75,9.75,9.75,9.75,9.75,0
1987-06-23,0.0,10.5,9.75,9.75,9.75,1400
1987-06-24,0.0,10.125,9.75,9.75,9.75,1600
1987-06-25,0.0,10.125,9.75,9.75,9.75,200
1987-06-26,0.0,10.125,9.75,9.75,9.75,0
1987-06-29,0.0,10.125,9.75,9.75,9.75,300
1987-06-30,0.0,10.125,9.75,9.75,9.75,400
1987-07-01,0.0,10.125,9.75,9.75,9.75,300
1987-07-02,0.0,10.125,9.75,9.75,9.75,0
1987-07-06,0.0,10.125,9.75,9.75,9.75,1000
1987-07-07,0.0,9.75,9.375,9.375,9.375,400
1987-07-08,0.0,9.75,9.0,9.0,9.0,300
1987-07-09,0.0,9.375,9.0,9.0,9.0,600
1987-07-10,0.0,9.375,9.0,9.0,9.0,400
1987-07-13,0.0,9.375,9.0,9.0,9.0,100
1987-07-14,0.0,9.375,9.0,9.0,9.0,300
1987-07-15,0.0,9.375,9.0,9.0,9.0,700
1987-07-16,0.0,9.375,9.0,9.0,9.0,0
1987-07-17,0.0,9.375,9.0,9.0,9.0,1100
1987-07-20,0.0,9.375,9.0,9.0,9.0,2400
1987-07-21,0.0,9.375,9.0,9.0,9.0,700
1987-07-22,0.0,9.75,9.0,9.0,9.0,700
1987-07-23,0.0,9.75,9.0,9.0,9.0,1900
1987-07-24,0.0,10.125,9.0,9.0,9.0,1600
1987-07-27,9.0,9.0,9.0,9.0,9.0,0
1987-07-28,0.0,9.75,9.0,9.0,9.0,1800
1987-07-29,0.0,9.75,9.0,9.0,9.0,900
1987-07-30,0.0,9.75,9.0,9.0,9.0,300
1987-07-31,0.0,9.75,9.0,9.0,9.0,800
1987-08-03,9.0,9.0,9.0,9.0,9.0,0
1987-08-04,0.0,9.75,9.0,9.0,9.0,0
1987-08-05,0.0,9.375,8.625,8.625,8.625,2400
1987-08-06,0.0,9.375,8.625,8.625,8.625,100
1987-08-07,0.0,9.375,8.625,8.625,8.625,400
1987-08-10,8.625,8.625,8.625,8.625,8.625,0
1987-08-11,0.0,9.375,8.625,8.625,8.625,200
1987-08-12,8.625,8.625,8.625,8.625,8.625,0
1987-08-13,8.625,8.625,8.625,8.625,8.625,0
1987-08-14,0.0,9.375,8.625,8.625,8.625,300
1987-08-17,8.625,8.625,8.625,8.625,8.625,0
1987-08-18,0.0,9.375,8.625,8.625,8.625,1800
1987-08-19,0.0,9.375,8.625,8.625,8.625,3100
1987-08-20,0.0,9.375,8.625,8.625,8.625,0
1987-08-21,0.0,9.375,8.625,8.625,8.625,0
1987-08-24,0.0,9.375,8.625,8.625,8.625,300
1987-08-25,0.0,9.375,8.625,8.625,8.625,300
1987-08-26,0.0,9.375,8.625,8.625,8.625,300
1987-08-27,8.625,8.625,8.625,8.625,8.625,0
1987-08-28,8.625,8.625,8.625,8.625,8.625,0
1987-08-31,0.0,9.375,8.625,8.625,8.625,900
1987-09-01,8.625,8.625,8.625,8.625,8.625,0
1987-09-02,0.0,9.375,8.625,8.625,8.625,300
1987-09-03,0.0,9.375,8.25,8.25,8.25,2000
1987-09-04,0.0,8.625,7.875,7.875,7.875,800
1987-09-08,0.0,8.25,7.5,7.5,7.5,1000
1987-09-09,7.5,7.5,7.5,7.5,7.5,0
1987-09-10,0.0,8.625,7.5,7.5,7.5,1600
1987-09-11,0.0,8.625,7.5,7.5,7.5,100
1987-09-14,0.0,8.625,7.5,7.5,7.5,100
1987-09-15,0.0,8.625,7.5,7.5,7.5,900
1987-09-16,0.0,8.625,7.5,7.5,7.5,600
1987-09-17,0.0,8.625,7.5,7.5,7.5,300
1987-09-18,0.0,8.625,7.5,7.5,7.5,500
1987-09-21,0.0,8.625,7.5,7.5,7.5,1300
1987-09-22,0.0,8.625,7.875,7.875,7.875,6300
1987-09-23,0.0,9.0,8.25,8.25,8.25,3600
1987-09-24,0.0,9.0,8.25,8.25,8.25,100
1987-09-25,0.0,9.375,8.625,8.625,8.625,3300
1987-09-28,0.0,9.375,8.625,8.625,8.625,0
1987-09-29,8.625,8.625,8.625,8.625,8.625,0
1987-09-30,0.0,9.375,8.625,8.625,8.625,500
1987-10-01,0.0,9.375,8.625,8.625,8.625,100
1987-10-02,0.0,9.375,8.625,8.625,8.625,1600
1987-10-05,0.0,9.375,8.625,8.625,8.625,100
1987-10-06,0.0,10.125,8.625,8.625,8.625,300
1987-10-07,0.0,10.125,8.625,8.625,8.625,600
1987-10-08,0.0,10.125,8.625,8.625,8.625,1600
1987-10-09,8.625,8.625,8.625,8.625,8.625,0
1987-10-12,8.625,8.625,8.625,8.625,8.625,0
1987-10-13,8.625,8.625,8.625,8.625,8.625,0
1987-10-14,0.0,10.125,8.625,8.625,8.625,400
1987-10-15,0.0,10.125,8.625,8.625,8.625,100
1987-10-16,0.0,10.125,8.625,8.625,8.625,100
1987-10-19,0.0,10.125,8.625,8.625,8.625,700
1987-10-20,0.0,9.375,8.625,8.625,8.625,400
1987-10-21,0.0,9.375,8.25,8.25,8.25,500
1987-10-22,0.0,9.0,7.875,7.875,7.875,700
1987-10-23,7.875,7.875,7.875,7.875,7.875,0
1987-10-26,0.0,7.875,6.75,6.75,6.75,3400
1987-10-27,6.75,6.75,6.75,6.75,6.75,0
1987-10-28,0.0,7.875,6.75,6.75,6.75,200
1987-10-29,6.75,6.75,6.75,6.75,6.75,0
1987-10-30,6.75,6.75,6.75,6.75,6.75,0
1987-11-02,0.0,7.875,6.75,6.75,6.75,2800
1987-11-03,0.0,8.25,7.125,7.125,7.125,600
1987-11-04,7.125,7.125,7.125,7.125,7.125,0
1987-11-05,0.0,8.25,7.125,7.125,7.125,300
1987-11-06,7.125,7.125,7.125,7.125,7.125,0
1987-11-09,0.0,8.25,7.125,7.125,7.125,200
1987-11-10,0.0,8.25,7.125,7.125,7.125,300
1987-11-11,0.0,8.25,7.125,7.125,7.125,300
1987-11-12,0.0,8.25,7.125,7.125,7.125,200
1987-11-13,0.0,8.25,7.125,7.125,7.125,300
1987-11-16,7.125,7.125,7.125,7.125,7.125,0
1987-11-17,0.0,8.25,7.125,7.125,7.125,100
1987-11-18,0.0,7.5,6.75,6.75,6.75,200
1987-11-19,0.0,7.125,6.0,6.0,6.0,500
1987-11-20,0.0,6.75,6.0,6.0,6.0,600
1987-11-23,0.0,6.75,6.0,6.0,6.0,100
1987-11-24,6.0,6.0,6.0,6.0,6.0,0
1987-11-25,0.0,6.75,6.0,6.0,6.0,700
1987-11-27,6.0,6.0,6.0,6.0,6.0,0
1987-11-30,0.0,6.75,5.625,5.625,5.625,800
1987-12-01,0.0,6.375,5.25,5.25,5.25,1900
1987-12-02,0.0,4.875,4.125,4.125,4.125,4400
1987-12-03,0.0,4.875,4.125,4.125,4.125,300
1987-12-04,0.0,4.875,4.125,4.125,4.125,100
1987-12-07,0.0,4.875,4.125,4.125,4.125,400
1987-12-08,0.0,4.875,4.125,4.125,4.125,2800
1987-12-09,0.0,4.875,3.75,3.75,3.75,400
1987-12-10,0.0,4.875,3.75,3.75,3.75,700
1987-12-11,0.0,4.875,3.75,3.75,3.75,100
1987-12-14,0.0,4.875,3.75,3.75,3.75,1600
1987-12-15,0.0,4.5,3.75,3.75,3.75,1000
1987-12-16,0.0,4.5,3.75,3.75,3.75,200
1987-12-17,0.0,4.5,3.375,3.375,3.375,7800
1987-12-18,3.375,3.375,3.375,3.375,3.375,0
1987-12-21,0.0,4.125,3.0,3.0,3.0,900
1987-12-22,0.0,4.125,3.0,3.0,3.0,3700
1987-12-23,0.0,4.125,3.0,3.0,3.0,700
1987-12-24,0.0,4.125,3.0,3.0,3.0,100
1987-12-28,0.0,4.125,3.0,3.0,3.0,100
1987-12-29,0.0,4.125,3.0,3.0,3.0,1100
1987-12-30,0.0,4.125,3.375,3.375,3.375,1100
1987-12-31,0.0,4.875,3.75,3.75,3.75,1700
1988-01-04,0.0,4.5,3.375,3.375,3.375,2800
1988-01-05,0.0,4.5,3.375,3.375,3.375,500
1988-01-06,0.0,4.875,3.375,3.375,3.375,1600
1988-01-07,3.375,3.375,3.375,3.375,3.375,0
1988-01-08,0.0,4.875,3.375,3.375,3.375,100
1988-01-11,0.0,4.875,3.375,3.375,3.375,300
1988-01-12,0.0,4.875,3.375,3.375,3.375,100
1988-01-13,3.375,3.375,3.375,3.375,3.375,0
1988-01-14,3.375,3.375,3.375,3.375,3.375,0
1988-01-15,0.0,4.875,3.375,3.375,3.375,1200
1988-01-18,3.375,3.375,3.375,3.375,3.375,0
1988-01-19,0.0,4.875,3.375,3.375,3.375,100
1988-01-20,0.0,4.875,3.375,3.375,3.375,400
1988-01-21,3.375,3.375,3.375,3.375,3.375,0
1988-01-22,0.0,4.875,3.375,3.375,3.375,0
1988-01-25,3.375,3.375,3.375,3.375,3.375,0
1988-01-26,0.0,4.875,3.375,3.375,3.375,500
1988-01-27,3.375,3.375,3.375,3.375,3.375,0
1988-01-28,0.0,4.875,3.375,3.375,3.375,200
1988-01-29,3.375,3.375,3.375,3.375,3.375,0
1988-02-01,0.0,4.875,3.375,3.375,3.375,0
1988-02-02,3.375,3.375,3.375,3.375,3.375,0
1988-02-03,0.0,4.875,3.375,3.375,3.375,200
1988-02-04,0.0,4.875,3.375,3.375,3.375,100
1988-02-05,3.375,3.375,3.375,3.375,3.375,0
1988-02-08,3.375,3.375,3.375,3.375,3.375,0
1988-02-09,0.0,4.875,3.375,3.375,3.375,300
1988-02-10,0.0,4.875,3.375,3.375,3.375,600
1988-02-11,0.0,4.875,3.375,3.375,3.375,100
1988-02-12,3.375,3.375,3.375,3.375,3.375,0
1988-02-16,0.0,4.875,3.375,3.375,3.375,100
1988-02-17,3.375,3.375,3.375,3.375,3.375,0
1988-02-18,0.0,4.875,3.375,3.375,3.375,100
1988-02-19,0.0,4.875,3.375,3.375,3.375,400
1988-02-22,3.375,3.375,3.375,3.375,3.375,0
1988-02-23,0.0,4.875,3.375,3.375,3.375,100
1988-02-24,3.375,3.375,3.375,3.375,3.375,0
1988-02-25,3.375,3.375,3.375,3.375,3.375,0
1988-02-26,0.0,4.875,3.375,3.375,3.375,0
1988-02-29,3.375,3.375,3.375,3.375,3.375,0
1988-03-01,0.0,4.875,3.375,3.375,3.375,200
1988-03-02,0.0,4.875,3.375,3.375,3.375,300
1988-03-03,3.375,3.375,3.375,3.375,3.375,0
1988-03-04,3.375,3.375,3.375,3.375,3.375,0
1988-03-07,0.0,4.875,3.375,3.375,3.375,0
1988-03-08,0.0,4.875,3.375,3.375,3.375,100
1988-03-09,0.0,4.875,3.375,3.375,3.375,100
1988-03-10,3.375,3.375,3.375,3.375,3.375,0
1988-03-11,3.375,3.375,3.375,3.375,3.375,0
1988-03-14,3.375,3.375,3.375,3.375,3.375,0
1988-03-15,3.375,3.375,3.375,3.375,3.375,0
1988-03-16,3.375,3.375,3.375,3.375,3.375,0
1988-03-17,3.375,3.375,3.375,3.375,3.375,0
1988-03-18,3.375,3.375,3.375,3.375,3.375,0
1988-03-21,0.0,4.875,3.375,3.375,3.375,100
1988-03-22,0.0,4.875,3.375,3.375,3.375,200
1988-03-23,0.0,4.875,3.375,3.375,3.375,100
1988-03-24,0.0,4.875,3.375,3.375,3.375,300
1988-03-25,0.0,4.875,3.375,3.375,3.375,0
1988-03-28,3.375,3.375,3.375,3.375,3.375,0
1988-03-29,3.375,3.375,3.375,3.375,3.375,0
1988-03-30,3.375,3.375,3.375,3.375,3.375,0
1988-03-31,3.375,3.375,3.375,3.375,3.375,0
1988-04-04,3.375,3.375,3.375,3.375,3.375,0
1988-04-05,0.0,4.875,3.375,3.375,3.375,3300
1988-04-06,3.375,3.375,3.375,3.375,3.375,0
1988-04-07,0.0,4.875,3.375,3.375,3.375,0
1988-04-08,0.0,4.5,3.375,3.375,3.375,3100
1988-04-11,0.0,4.5,3.375,3.375,3.375,0
1988-04-12,3.375,3.375,3.375,3.375,3.375,0
1988-04-13,0.0,4.5,3.375,3.375,3.375,0
1988-04-14,0.0,4.5,3.375,3.375,3.375,0
1988-04-15,0.0,4.5,3.375,3.375,3.375,1300
1988-04-18,0.0,4.5,3.375,3.375,3.375,0
1988-04-19,0.0,4.5,3.375,3.375,3.375,700
1988-04-20,0.0,4.5,3.375,3.375,3.375,100
1988-04-21,0.0,4.5,3.375,3.375,3.375,1100
1988-04-22,0.0,4.5,3.375,3.375,3.375,300
1988-04-25,0.0,4.5,3.375,3.375,3.375,500
1988-04-26,0.0,4.5,3.375,3.375,3.375,200
1988-04-27,0.0,4.5,3.375,3.375,3.375,300
1988-04-28,3.375,3.375,3.375,3.375,3.375,0
1988-04-29,0.0,4.5,3.375,3.375,3.375,500
1988-05-02,3.375,3.375,3.375,3.375,3.375,0
1988-05-03,0.0,4.5,3.375,3.375,3.375,0
1988-05-04,3.375,3.375,3.375,3.375,3.375,0
1988-05-05,3.375,3.375,3.375,3.375,3.375,0
1988-05-06,3.375,3.375,3.375,3.375,3.375,0
1988-05-09,3.375,3.375,3.375,3.375,3.375,0
1988-05-10,0.0,4.5,3.375,3.375,3.375,200
1988-05-11,3.375,3.375,3.375,3.375,3.375,0
1988-05-12,0.0,4.5,3.375,3.375,3.375,100
1988-05-13,0.0,4.125,3.0,3.0,3.0,1300
1988-05-16,3.0,3.0,3.0,3.0,3.0,0
1988-05-17,3.0,3.0,3.0,3.0,3.0,0
1988-05-18,0.0,4.125,3.0,3.0,3.0,100
1988-05-19,0.0,4.125,3.0,3.0,3.0,900
1988-05-20,3.0,3.0,3.0,3.0,3.0,0
1988-05-23,3.0,3.0,3.0,3.0,3.0,0
1988-05-24,3.0,3.0,3.0,3.0,3.0,0
1988-05-25,0.0,3.375,2.25,2.25,2.25,800
1988-05-26,0.0,3.375,2.25,2.25,2.25,100
1988-05-27,2.25,2.25,2.25,2.25,2.25,0
1988-05-31,2.25,2.25,2.25,2.25,2.25,0
1988-06-01,2.25,2.25,2.25,2.25,2.25,0
1988-06-02,0.0,3.375,2.625,2.625,2.625,300
1988-06-03,2.625,2.625,2.625,2.625,2.625,0
1988-06-06,2.625,2.625,2.625,2.625,2.625,0
1988-06-07,0.0,3.375,2.625,2.625,2.625,100
1988-06-08,2.625,2.625,2.625,2.625,2.625,0
1988-06-09,2.625,2.625,2.625,2.625,2.625,0
1988-06-10,2.625,2.625,2.625,2.625,2.625,0
1988-06-13,2.625,2.625,2.625,2.625,2.625,0
1988-06-14,2.625,2.625,2.625,2.625,2.625,0
1988-06-15,0.0,3.375,2.625,2.625,2.625,300
1988-06-16,2.625,2.625,2.625,2.625,2.625,0
1988-06-17,2.625,2.625,2.625,2.625,2.625,0
1988-06-20,0.0,3.375,2.625,2.625,2.625,0
1988-06-21,0.0,3.375,2.625,2.625,2.625,300
1988-06-22,2.625,2.625,2.625,2.625,2.625,0
1988-06-23,0.0,3.0,2.625,2.625,2.625,300
1988-06-24,2.625,2.625,2.625,2.625,2.625,0
1988-06-27,0.0,3.0,2.625,2.625,2.625,0
1988-06-28,0.0,3.0,2.625,2.625,2.625,0
1988-06-29,2.625,2.625,2.625,2.625,2.625,0
1988-06-30,2.625,2.625,2.625,2.625,2.625,0
1988-07-01,2.625,2.625,2.625,2.625,2.625,0
1988-07-05,2.625,2.625,2.625,2.625,2.625,0
1988-07-06,2.625,2.625,2.625,2.625,2.625,0
1988-07-07,2.625,2.625,2.625,2.625,2.625,0
1988-07-08,2.625,2.625,2.625,2.625,2.625,0
1988-07-11,0.0,3.0,1.875,1.875,1.875,300
1988-07-12,1.875,1.875,1.875,1.875,1.875,0
1988-07-13,1.875,1.875,1.875,1.875,1.875,0
1988-07-14,1.875,1.875,1.875,1.875,1.875,0
1988-07-15,1.875,1.875,1.875,1.875,1.875,0
1988-07-18,1.875,1.875,1.875,1.875,1.875,0
1988-07-19,0.0,3.0,1.875,1.875,1.875,100
1988-07-20,0.0,3.0,1.875,1.875,1.875,200
1988-07-21,1.875,1.875,1.875,1.875,1.875,0
1988-07-22,1.875,1.875,1.875,1.875,1.875,0
1988-07-25,1.875,1.875,1.875,1.875,1.875,0
1988-07-26,1.875,1.875,1.875,1.875,1.875,0
1988-07-27,0.0,3.0,1.875,1.875,1.875,400
1988-07-28,0.0,3.0,1.875,1.875,1.875,1000
1988-07-29,0.0,3.375,2.625,2.625,2.625,124100
1988-08-01,2.625,2.625,2.625,2.625,2.625,0
1988-08-02,2.625,2.625,2.625,2.625,2.625,0
1988-08-03,0.0,3.375,2.625,2.625,2.625,15400
1988-08-04,0.0,3.375,3.0,3.0,3.0,19800
1988-08-05,0.0,3.75,3.0,3.0,3.0,16600
1988-08-08,0.0,3.75,3.0,3.0,3.0,28000
1988-08-09,0.0,3.75,3.0,3.0,3.0,500
1988-08-10,0.0,3.75,3.0,3.0,3.0,300
1988-08-11,3.0,3.0,3.0,3.0,3.0,0
1988-08-12,0.0,3.75,3.0,3.0,3.0,100
1988-08-15,0.0,3.375,3.0,3.0,3.0,1100
1988-08-16,0.0,3.375,3.0,3.0,3.0,1100
1988-08-17,0.0,3.375,3.0,3.0,3.0,2400
1988-08-18,0.0,3.375,3.0,3.0,3.0,1300
1988-08-19,0.0,3.375,3.0,3.0,3.0,800
1988-08-22,0.0,3.375,3.0,3.0,3.0,100
1988-08-23,3.0,3.0,3.0,3.0,3.0,0
1988-08-24,0.0,3.375,3.0,3.0,3.0,8100
1988-08-25,0.0,3.375,3.0,3.0,3.0,400
1988-08-26,3.0,3.0,3.0,3.0,3.0,0
1988-08-29,3.0,3.0,3.0,3.0,3.0,0
1988-08-30,3.0,3.0,3.0,3.0,3.0,0
1988-08-31,3.0,3.0,3.0,3.0,3.0,0
1988-09-01,3.0,3.0,3.0,3.0,3.0,0
1988-09-02,0.0,3.375,2.625,2.625,2.625,200
1988-09-06,0.0,3.375,2.625,2.625,2.625,300
1988-09-07,0.0,3.375,2.625,2.625,2.625,200
1988-09-08,2.625,2.625,2.625,2.625,2.625,0
1988-09-09,0.0,3.375,2.625,2.625,2.625,1600
1988-09-12,2.625,2.625,2.625,2.625,2.625,0
1988-09-13,0.0,3.375,2.625,2.625,2.625,0
1988-09-14,0.0,3.375,2.625,2.625,2.625,100
1988-09-15,2.625,2.625,2.625,2.625,2.625,0
1988-09-16,0.0,3.375,3.0,3.0,3.0,100
1988-09-19,0.0,3.375,3.0,3.0,3.0,1700
1988-09-20,0.0,3.375,3.0,3.0,3.0,500
1988-09-21,0.0,3.375,2.625,2.625,2.625,2000
1988-09-22,2.625,2.625,2.625,2.625,2.625,0
1988-09-23,0.0,3.0,2.625,2.625,2.625,300
1988-09-26,2.625,2.625,2.625,2.625,2.625,0
1988-09-27,0.0,3.0,2.625,2.625,2.625,600
1988-09-28,0.0,3.0,2.625,2.625,2.625,2300
1988-09-29,0.0,3.0,2.625,2.625,2.625,1200
1988-09-30,0.0,3.0,2.625,2.625,2.625,2200
1988-10-03,0.0,3.0,2.625,2.625,2.625,200
1988-10-04,0.0,3.0,2.625,2.625,2.625,1400
1988-10-05,0.0,3.0,2.625,2.625,2.625,800
1988-10-06,0.0,3.0,2.625,2.625,2.625,2100
1988-10-07,0.0,3.0,2.625,2.625,2.625,500
1988-10-10,0.0,3.0,2.625,2.625,2.625,100
1988-10-11,0.0,3.0,2.625,2.625,2.625,100
1988-10-12,2.625,2.625,2.625,2.625,2.625,0
1988-10-13,0.0,3.0,2.625,2.625,2.625,800
1988-10-14,2.625,2.625,2.625,2.625,2.625,0
1988-10-17,0.0,3.0,2.625,2.625,2.625,1700
1988-10-18,0.0,3.0,2.25,2.25,2.25,800
1988-10-19,2.25,2.25,2.25,2.25,2.25,0
1988-10-20,0.0,3.0,2.25,2.25,2.25,100
1988-10-21,2.25,2.25,2.25,2.25,2.25,0
1988-10-24,0.0,3.0,2.25,2.25,2.25,100
1988-10-25,2.25,2.25,2.25,2.25,2.25,0
1988-10-26,0.0,3.0,2.25,2.25,2.25,0
1988-10-27,2.25,2.25,2.25,2.25,2.25,0
1988-10-28,2.25,2.25,2.25,2.25,2.25,0
1988-10-31,0.0,3.0,2.25,2.25,2.25,100
1988-11-01,0.0,3.0,2.25,2.25,2.25,100
1988-11-02,2.25,2.25,2.25,2.25,2.25,0
1988-11-03,0.0,3.0,2.25,2.25,2.25,100
1988-11-04,0.0,3.0,2.25,2.25,2.25,0
1988-11-07,0.0,3.0,2.25,2.25,2.25,0
1988-11-08,2.25,2.25,2.25,2.25,2.25,0
1988-11-09,2.25,2.25,2.25,2.25,2.25,0
1988-11-10,0.0,3.0,2.25,2.25,2.25,0
1988-11-11,0.0,3.0,2.25,2.25,2.25,300
1988-11-14,2.25,2.25,2.25,2.25,2.25,0
1988-11-15,0.0,3.0,2.25,2.25,2.25,600
1988-11-16,0.0,3.0,2.25,2.25,2.25,900
1988-11-17,0.0,2.4375,1.5,1.5,1.5,1600
1988-11-18,0.0,2.25,1.5,1.5,1.5,900
1988-11-21,0.0,2.25,1.5,1.5,1.5,100
1988-11-22,0.0,1.875,1.125,1.125,1.125,900
1988-11-23,0.0,1.875,1.125,1.125,1.125,400
1988-11-25,0.0,1.875,1.125,1.125,1.125,200
1988-11-28,1.125,1.125,1.125,1.125,1.125,0
1988-11-29,1.125,1.125,1.125,1.125,1.125,0
1988-11-30,0.0,1.875,1.125,1.125,1.125,1000
1988-12-01,1.125,1.125,1.125,1.125,1.125,0
1988-12-02,0.0,1.875,1.125,1.125,1.125,0
1988-12-05,0.0,1.5,1.125,1.125,1.125,100
1988-12-06,1.125,1.125,1.125,1.125,1.125,0
1988-12-07,0.0,1.5,1.125,1.125,1.125,100
1988-12-08,1.125,1.125,1.125,1.125,1.125,0
1988-12-09,0.0,1.5,1.125,1.125,1.125,1500
1988-12-12,1.125,1.125,1.125,1.125,1.125,0
1988-12-13,0.0,1.5,1.125,1.125,1.125,400
1988-12-14,0.0,1.875,1.125,1.125,1.125,2100
1988-12-15,0.0,1.875,1.125,1.125,1.125,300
1988-12-16,0.0,1.875,1.125,1.125,1.125,200
1988-12-19,1.125,1.125,1.125,1.125,1.125,0
1988-12-20,1.125,1.125,1.125,1.125,1.125,0
1988-12-21,0.0,1.875,1.125,1.125,1.125,100
1988-12-22,0.0,1.875,1.125,1.125,1.125,800
1988-12-23,0.0,1.875,1.5,1.5,1.5,1000
1988-12-27,0.0,1.875,1.5,1.5,1.5,200
1988-12-28,0.0,1.875,1.5,1.5,1.5,1900
1988-12-29,0.0,1.875,1.5,1.5,1.5,5000
1988-12-30,0.0,1.875,1.5,1.5,1.5,1500
1989-01-03,1.5,1.5,1.5,1.5,1.5,0
1989-01-04,0.0,1.6875,1.125,1.125,1.125,1300
1989-01-05,0.0,1.6875,1.125,1.125,1.125,100
1989-01-06,1.125,1.125,1.125,1.125,1.125,0
1989-01-09,1.125,1.125,1.125,1.125,1.125,0
1989-01-10,0.0,1.6875,1.125,1.125,1.125,100
1989-01-11,1.125,1.125,1.125,1.125,1.125,0
1989-01-12,1.125,1.125,1.125,1.125,1.125,0
1989-01-13,1.125,1.125,1.125,1.125,1.125,0
1989-01-16,1.125,1.125,1.125,1.125,1.125,0
1989-01-17,1.125,1.125,1.125,1.125,1.125,0
1989-01-18,1.125,1.125,1.125,1.125,1.125,0
1989-01-19,1.125,1.125,1.125,1.125,1.125,0
1989-01-20,0.0,1.6875,1.125,1.125,1.125,200
1989-01-23,1.125,1.125,1.125,1.125,1.125,0
1989-01-24,1.125,1.125,1.125,1.125,1.125,0
1989-01-25,1.125,1.125,1.125,1.125,1.125,0
1989-01-26,0.0,1.6875,1.125,1.125,1.125,1600
1989-01-27,1.125,1.125,1.125,1.125,1.125,0
1989-01-30,1.125,1.125,1.125,1.125,1.125,0
1989-01-31,0.0,1.6875,1.125,1.125,1.125,600
1989-02-01,1.125,1.125,1.125,1.125,1.125,0
1989-02-02,0.0,1.6875,1.125,1.125,1.125,100
1989-02-03,0.0,1.6875,1.125,1.125,1.125,100
1989-02-06,1.125,1.125,1.125,1.125,1.125,0
1989-02-07,1.125,1.125,1.125,1.125,1.125,0
1989-02-08,1.125,1.125,1.125,1.125,1.125,0
1989-02-09,1.125,1.125,1.125,1.125,1.125,0
1989-02-10,1.125,1.125,1.125,1.125,1.125,0
1989-02-13,0.0,1.5,1.125,1.125,1.125,600
1989-02-14,1.125,1.125,1.125,1.125,1.125,0
1989-02-15,0.0,1.5,1.125,1.125,1.125,1100
1989-02-16,0.0,1.5,1.125,1.125,1.125,600
1989-02-17,1.125,1.125,1.125,1.125,1.125,0
1989-02-21,1.125,1.125,1.125,1.125,1.125,0
1989-02-22,0.0,1.5,1.125,1.125,1.125,300
1989-02-23,1.125,1.125,1.125,1.125,1.125,0
1989-02-24,1.125,1.125,1.125,1.125,1.125,0
1989-02-27,1.125,1.125,1.125,1.125,1.125,0
1989-02-28,1.125,1.125,1.125,1.125,1.125,0
1989-03-01,0.0,1.5,1.125,1.125,1.125,10000
1989-03-02,0.0,1.5,1.125,1.125,1.125,6600
1989-03-03,0.0,1.5,1.125,1.125,1.125,3300
1989-03-06,1.125,1.125,1.125,1.125,1.125,0
1989-03-07,1.125,1.125,1.125,1.125,1.125,0
1989-03-08,1.125,1.125,1.125,1.125,1.125,0
1989-03-09,0.0,1.5,1.125,1.125,1.125,800
1989-03-10,1.125,1.125,1.125,1.125,1.125,0
1989-03-13,1.125,1.125,1.125,1.125,1.125,0
1989-03-14,1.125,1.125,1.125,1.125,1.125,0
1989-03-15,1.125,1.125,1.125,1.125,1.125,0
1989-03-16,1.125,1.125,1.125,1.125,1.125,0
1989-03-17,1.125,1.125,1.125,1.125,1.125,0
1989-03-20,1.125,1.125,1.125,1.125,1.125,0
1989-03-21,1.125,1.125,1.125,1.125,1.125,0
1989-03-22,1.125,1.125,1.125,1.125,1.125,0
1989-03-23,1.125,1.125,1.125,1.125,1.125,0
1989-03-27,1.125,1.125,1.125,1.125,1.125,0
1989-03-28,1.125,1.125,1.125,1.125,1.125,0
1989-03-29,0.0,1.5,1.125,1.125,1.125,300
1989-03-30,0.0,1.875,1.125,1.125,1.125,5000
1989-03-31,0.0,1.875,1.125,1.125,1.125,300
1989-04-03,1.125,1.125,1.125,1.125,1.125,0
1989-04-04,1.125,1.125,1.125,1.125,1.125,0
1989-04-05,0.0,1.875,1.125,1.125,1.125,300
1989-04-06,1.125,1.125,1.125,1.125,1.125,0
1989-04-07,1.125,1.125,1.125,1.125,1.125,0
1989-04-10,1.125,1.125,1.125,1.125,1.125,0
1989-04-11,1.125,1.125,1.125,1.125,1.125,0
1989-04-12,0.0,1.875,1.125,1.125,1.125,1000
1989-04-13,1.125,1.125,1.125,1.125,1.125,0
1989-04-14,1.125,1.125,1.125,1.125,1.125,0
1989-04-17,1.125,1.125,1.125,1.125,1.125,0
1989-04-18,0.0,1.875,1.125,1.125,1.125,100
1989-04-19,1.125,1.125,1.125,1.125,1.125,0
1989-04-20,1.125,1.125,1.125,1.125,1.125,0
1989-04-21,0.0,1.875,1.125,1.125,1.125,1000
1989-04-24,1.125,1.125,1.125,1.125,1.125,0
1989-04-25,1.125,1.125,1.125,1.125,1.125,0
1989-04-26,1.125,1.125,1.125,1.125,1.125,0
1989-04-27,0.0,1.875,1.125,1.125,1.125,500
1989-04-28,0.0,1.875,1.125,1.125,1.125,100
1989-05-01,0.0,1.875,1.125,1.125,1.125,200
1989-05-02,0.0,1.875,1.125,1.125,1.125,600
1989-05-03,1.125,1.125,1.125,1.125,1.125,0
1989-05-04,0.0,1.875,1.125,1.125,1.125,600
1989-05-05,1.125,1.125,1.125,1.125,1.125,0
1989-05-08,1.125,1.125,1.125,1.125,1.125,0
1989-05-09,0.0,1.875,1.125,1.125,1.125,100
1989-05-10,1.125,1.125,1.125,1.125,1.125,0
1989-05-11,1.125,1.125,1.125,1.125,1.125,0
1989-05-12,1.125,1.125,1.125,1.125,1.125,0
1989-05-15,1.125,1.125,1.125,1.125,1.125,0
1989-05-16,0.0,1.875,1.125,1.125,1.125,0
1989-05-17,1.125,1.125,1.125,1.125,1.125,0
1989-05-18,1.125,1.125,1.125,1.125,1.125,0
1989-05-19,1.125,1.125,1.125,1.125,1.125,0
1989-05-22,1.125,1.125,1.125,1.125,1.125,0
1989-05-23,0.0,1.875,1.125,1.125,1.125,100
1989-05-24,1.125,1.125,1.125,1.125,1.125,0
1989-05-25,1.125,1.125,1.125,1.125,1.125,0
1989-05-26,1.125,1.125,1.125,1.125,1.125,0
1989-05-30,0.0,1.875,1.125,1.125,1.125,600
1989-05-31,0.0,1.875,1.125,1.125,1.125,200
1989-06-01,1.125,1.125,1.125,1.125,1.125,0
1989-06-02,0.0,1.875,1.125,1.125,1.125,100
1989-06-05,1.125,1.125,1.125,1.125,1.125,0
1989-06-06,1.125,1.125,1.125,1.125,1.125,0
1989-06-07,1.125,1.125,1.125,1.125,1.125,0
1989-06-08,1.125,1.125,1.125,1.125,1.125,0
1989-06-09,1.125,1.125,1.125,1.125,1.125,0
1989-06-12,1.125,1.125,1.125,1.125,1.125,0
1989-06-13,1.125,1.125,1.125,1.125,1.125,0
1989-06-14,0.0,1.6875,1.3125,1.3125,1.3125,5100
1989-06-15,0.0,1.6875,1.3125,1.3125,1.3125,100
1989-06-16,1.3125,1.3125,1.3125,1.3125,1.3125,0
1989-06-19,0.0,1.6875,1.3125,1.3125,1.3125,3300
1989-06-20,0.0,1.6875,1.3125,1.3125,1.3125,0
1989-06-21,0.0,1.6875,1.3125,1.3125,1.3125,100
1989-06-22,1.3125,1.3125,1.3125,1.3125,1.3125,0
1989-06-23,1.3125,1.3125,1.3125,1.3125,1.3125,0
1989-06-26,1.3125,1.3125,1.3125,1.3125,1.3125,0
1989-06-27,1.3125,1.3125,1.3125,1.3125,1.3125,0
1989-06-28,1.3125,1.3125,1.3125,1.3125,1.3125,0
1989-06-29,1.3125,1.3125,1.3125,1.3125,1.3125,0
1989-06-30,0.0,1.6875,1.3125,1.3125,1.3125,100
1989-07-03,0.0,1.6875,1.3125,1.3125,1.3125,100
1989-07-05,1.3125,1.3125,1.3125,1.3125,1.3125,0
1989-07-06,0.0,1.6875,1.3125,1.3125,1.3125,600
1989-07-07,1.3125,1.3125,1.3125,1.3125,1.3125,0
1989-07-10,0.0,1.875,1.5,1.5,1.5,600
1989-07-11,1.5,1.5,1.5,1.5,1.5,0
1989-07-12,1.5,1.5,1.5,1.5,1.5,0
1989-07-13,1.5,1.5,1.5,1.5,1.5,0
1989-07-14,0.0,1.875,1.5,1.5,1.5,600
1989-07-17,0.0,1.875,1.5,1.5,1.5,100
1989-07-18,0.0,1.875,1.5,1.5,1.5,1200
1989-07-19,1.5,1.5,1.5,1.5,1.5,0
1989-07-20,0.0,1.875,1.5,1.5,1.5,100
1989-07-21,0.0,1.875,1.5,1.5,1.5,200
1989-07-24,0.0,1.875,1.5,1.5,1.5,600
1989-07-25,1.5,1.5,1.5,1.5,1.5,0
1989-07-26,1.5,1.5,1.5,1.5,1.5,0
1989-07-27,0.0,1.875,1.5,1.5,1.5,100
1989-07-28,1.5,1.5,1.5,1.5,1.5,0
1989-07-31,0.0,1.875,1.5,1.5,1.5,0
1989-08-01,1.5,1.5,1.5,1.5,1.5,0
1989-08-02,0.0,1.875,1.5,1.5,1.5,600
1989-08-03,0.0,1.875,1.5,1.5,1.5,0
1989-08-04,0.0,1.875,1.5,1.5,1.5,600
1989-08-07,0.0,1.875,1.5,1.5,1.5,300
1989-08-08,1.5,1.5,1.5,1.5,1.5,0
1989-08-09,0.0,1.6875,1.5,1.5,1.5,300
1989-08-10,0.0,1.6875,1.125,1.125,1.125,3300
1989-08-11,1.125,1.125,1.125,1.125,1.125,0
1989-08-14,1.125,1.125,1.125,1.125,1.125,0
1989-08-15,0.0,1.6875,1.125,1.125,1.125,100
1989-08-16,0.0,1.5,1.125,1.125,1.125,100
1989-08-17,0.0,1.5,1.125,1.125,1.125,200
1989-08-18,1.125,1.125,1.125,1.125,1.125,0
1989-08-21,0.0,1.5,1.125,1.125,1.125,300
1989-08-22,0.0,1.5,1.125,1.125,1.125,600
1989-08-23,0.0,1.5,1.125,1.125,1.125,0
1989-08-24,1.125,1.125,1.125,1.125,1.125,0
1989-08-25,0.0,1.5,0.75,0.75,0.75,2600
1989-08-28,0.75,0.75,0.75,0.75,0.75,0
1989-08-29,0.0,1.5,0.75,0.75,0.75,800
1989-08-30,0.75,0.75,0.75,0.75,0.75,0
1989-08-31,0.75,0.75,0.75,0.75,0.75,0
1989-09-01,0.75,0.75,0.75,0.75,0.75,0
1989-09-05,0.75,0.75,0.75,0.75,0.75,0
1989-09-06,0.75,0.75,0.75,0.75,0.75,0
1989-09-07,0.0,1.5,0.75,0.75,0.75,100
1989-09-08,0.75,0.75,0.75,0.75,0.75,0
1989-09-11,0.75,0.75,0.75,0.75,0.75,0
1989-09-12,0.75,0.75,0.75,0.75,0.75,0
1989-09-13,0.75,0.75,0.75,0.75,0.75,0
1989-09-14,0.75,0.75,0.75,0.75,0.75,0
1989-09-15,0.75,0.75,0.75,0.75,0.75,0
1989-09-18,0.75,0.75,0.75,0.75,0.75,0
1989-09-19,0.75,0.75,0.75,0.75,0.75,0
1989-09-20,0.0,1.5,0.75,0.75,0.75,300
1989-09-21,0.75,0.75,0.75,0.75,0.75,0
1989-09-22,0.0,1.5,0.75,0.75,0.75,100
1989-09-25,0.0,1.5,0.75,0.75,0.75,0
1989-09-26,0.0,1.3125,0.75,0.75,0.75,0
1989-09-27,0.0,1.3125,0.75,0.75,0.75,600
1989-09-28,0.75,0.75,0.75,0.75,0.75,0
1989-09-29,0.75,0.75,0.75,0.75,0.75,0
1989-10-02,0.75,0.75,0.75,0.75,0.75,0
1989-10-03,0.75,0.75,0.75,0.75,0.75,0
1989-10-04,0.0,1.3125,0.75,0.75,0.75,300
1989-10-05,0.75,0.75,0.75,0.75,0.75,0
1989-10-06,0.75,0.75,0.75,0.75,0.75,0
1989-10-09,0.75,0.75,0.75,0.75,0.75,0
1989-10-10,0.75,0.75,0.75,0.75,0.75,0
1989-10-11,0.75,0.75,0.75,0.75,0.75,0
1989-10-12,0.75,0.75,0.75,0.75,0.75,0
1989-10-13,0.75,0.75,0.75,0.75,0.75,0
1989-10-16,0.75,0.75,0.75,0.75,0.75,0
1989-10-17,0.75,0.75,0.75,0.75,0.75,0
1989-10-18,0.75,0.75,0.75,0.75,0.75,0
1989-10-19,0.75,0.75,0.75,0.75,0.75,0
1989-10-20,0.75,0.75,0.75,0.75,0.75,0
1989-10-23,0.75,0.75,0.75,0.75,0.75,0
1989-10-24,0.75,0.75,0.75,0.75,0.75,0
1989-10-25,0.0,1.125,0.75,0.75,0.75,0
1989-10-26,0.0,1.125,0.75,0.75,0.75,100
1989-10-27,0.0,1.5,0.75,0.75,0.75,3300
1989-10-30,0.0,1.3125,0.75,0.75,0.75,3200
1989-10-31,0.75,0.75,0.75,0.75,0.75,0
1989-11-01,0.0,1.3125,0.75,0.75,0.75,300
1989-11-02,0.75,0.75,0.75,0.75,0.75,0
1989-11-03,0.75,0.75,0.75,0.75,0.75,0
1989-11-06,0.0,1.3125,0.75,0.75,0.75,800
1989-11-07,0.75,0.75,0.75,0.75,0.75,0
1989-11-08,0.0,1.3125,0.75,0.75,0.75,100
1989-11-09,0.0,1.3125,0.75,0.75,0.75,400
1989-11-10,0.75,0.75,0.75,0.75,0.75,0
1989-11-13,0.75,0.75,0.75,0.75,0.75,0
1989-11-14,0.0,1.3125,0.75,0.75,0.75,1100
1989-11-15,0.75,0.75,0.75,0.75,0.75,0
1989-11-16,0.75,0.75,0.75,0.75,0.75,0
1989-11-17,0.75,0.75,0.75,0.75,0.75,0
1989-11-20,0.0,1.3125,0.75,0.75,0.75,100
1989-11-21,0.75,0.75,0.75,0.75,0.75,0
1989-11-22,0.0,1.3125,0.75,0.75,0.75,1600
1989-11-24,0.0,1.125,0.75,0.75,0.75,0
1989-11-27,0.0,1.125,0.75,0.75,0.75,0
1989-11-28,0.75,0.75,0.75,0.75,0.75,0
1989-11-29,0.75,0.75,0.75,0.75,0.75,0
1989-11-30,0.75,0.75,0.75,0.75,0.75,0
1989-12-01,0.75,0.75,0.75,0.75,0.75,0
1989-12-04,0.0,1.125,0.75,0.75,0.75,400
1989-12-05,0.0,1.125,0.75,0.75,0.75,100
1989-12-06,0.0,1.125,0.375,0.375,0.375,200
1989-12-07,0.0,1.125,0.5625,0.5625,0.5625,7100
1989-12-08,0.5625,0.5625,0.5625,0.5625,0.5625,0
1989-12-11,0.5625,0.5625,0.5625,0.5625,0.5625,0
1989-12-12,0.0,1.125,0.5625,0.5625,0.5625,300
1989-12-13,0.5625,0.5625,0.5625,0.5625,0.5625,0
1989-12-14,0.0,1.125,0.5625,0.5625,0.5625,400
1989-12-15,0.0,1.125,0.5625,0.5625,0.5625,300
1989-12-18,0.0,1.125,0.5625,0.5625,0.5625,100
1989-12-19,0.5625,0.5625,0.5625,0.5625,0.5625,0
1989-12-20,0.0,1.125,0.75,0.75,0.75,500
1989-12-21,0.75,0.75,0.75,0.75,0.75,0
1989-12-22,0.0,1.125,0.75,0.75,0.75,400
1989-12-26,0.0,1.125,0.75,0.75,0.75,500
1989-12-27,0.0,1.125,0.75,0.75,0.75,1100
1989-12-28,0.0,1.125,0.75,0.75,0.75,100
1989-12-29,0.0,1.125,0.75,0.75,0.75,200
1990-01-02,0.75,0.75,0.75,0.75,0.75,0
1990-01-03,0.75,0.75,0.75,0.75,0.75,0
1990-01-04,0.75,0.75,0.75,0.75,0.75,0
1990-01-05,0.0,1.125,0.75,0.75,0.75,1300
1990-01-08,0.75,0.75,0.75,0.75,0.75,0
1990-01-09,0.75,0.75,0.75,0.75,0.75,0
1990-01-10,0.0,1.125,0.75,0.75,0.75,100
1990-01-11,0.75,0.75,0.75,0.75,0.75,0
1990-01-12,0.75,0.75,0.75,0.75,0.75,0
1990-01-15,0.75,0.75,0.75,0.75,0.75,0
1990-01-16,0.75,0.75,0.75,0.75,0.75,0
1990-01-17,0.0,1.125,0.75,0.75,0.75,300
1990-01-18,0.75,0.75,0.75,0.75,0.75,0
1990-01-19,0.75,0.75,0.75,0.75,0.75,0
1990-01-22,0.75,0.75,0.75,0.75,0.75,0
1990-01-23,0.0,1.125,0.75,0.75,0.75,1300
1990-01-24,0.75,0.75,0.75,0.75,0.75,0
1990-01-25,0.75,0.75,0.75,0.75,0.75,0
1990-01-26,0.75,0.75,0.75,0.75,0.75,0
1990-01-29,0.0,1.125,0.75,0.75,0.75,1300
1990-01-30,0.0,1.125,0.75,0.75,0.75,400
1990-01-31,0.75,0.75,0.75,0.75,0.75,0
1990-02-01,0.75,0.75,0.75,0.75,0.75,0
1990-02-02,0.75,0.75,0.75,0.75,0.75,0
1990-02-05,0.75,0.75,0.75,0.75,0.75,0
1990-02-06,0.75,0.75,0.75,0.75,0.75,0
1990-02-07,0.0,1.125,0.75,0.75,0.75,100
1990-02-08,0.0,1.125,0.75,0.75,0.75,0
1990-02-09,0.75,0.75,0.75,0.75,0.75,0
1990-02-12,0.75,0.75,0.75,0.75,0.75,0
1990-02-13,0.0,1.125,0.75,0.75,0.75,300
1990-02-14,0.75,0.75,0.75,0.75,0.75,0
1990-02-15,0.75,0.75,0.75,0.75,0.75,0
1990-02-16,0.75,0.75,0.75,0.75,0.75,0
1990-02-20,0.0,1.125,0.75,0.75,0.75,500
1990-02-21,0.0,1.125,0.75,0.75,0.75,300
1990-02-22,0.0,1.125,0.75,0.75,0.75,100
1990-02-23,0.75,0.75,0.75,0.75,0.75,0
1990-02-26,0.0,1.125,0.75,0.75,0.75,3300
1990-02-27,0.75,0.75,0.75,0.75,0.75,0
1990-02-28,0.75,0.75,0.75,0.75,0.75,0
1990-03-01,0.75,0.75,0.75,0.75,0.75,0
1990-03-02,0.75,0.75,0.75,0.75,0.75,0
1990-03-05,0.75,0.75,0.75,0.75,0.75,0
1990-03-06,0.75,0.75,0.75,0.75,0.75,0
1990-03-07,0.0,1.5,0.75,0.75,0.75,300
1990-03-08,0.75,0.75,0.75,0.75,0.75,0
1990-03-09,0.75,0.75,0.75,0.75,0.75,0
1990-03-12,0.0,1.5,0.75,0.75,0.75,100
1990-03-13,0.75,0.75,0.75,0.75,0.75,0
1990-03-14,0.75,0.75,0.75,0.75,0.75,0
1990-03-15,0.75,0.75,0.75,0.75,0.75,0
1990-03-16,0.75,0.75,0.75,0.75,0.75,0
1990-03-19,0.75,0.75,0.75,0.75,0.75,0
1990-03-20,0.75,0.75,0.75,0.75,0.75,0
1990-03-21,0.0,1.125,0.75,0.75,0.75,800
1990-03-22,0.0,1.125,0.75,0.75,0.75,600
1990-03-23,0.75,0.75,0.75,0.75,0.75,0
1990-03-26,0.75,0.75,0.75,0.75,0.75,0
1990-03-27,0.75,0.75,0.75,0.75,0.75,0
1990-03-28,0.75,0.75,0.75,0.75,0.75,0
1990-03-29,0.75,0.75,0.75,0.75,0.75,0
1990-03-30,0.75,0.75,0.75,0.75,0.75,0
1990-04-02,0.0,1.5,0.9375,0.9375,0.9375,1000
1990-04-03,0.9375,0.9375,0.9375,0.9375,0.9375,0
1990-04-04,0.9375,0.9375,0.9375,0.9375,0.9375,0
1990-04-05,0.0,1.5,0.9375,0.9375,0.9375,0
1990-04-06,0.0,1.6875,0.9375,0.9375,0.9375,6600
1990-04-09,0.9375,0.9375,0.9375,0.9375,0.9375,0
1990-04-10,0.0,1.6875,1.3125,1.3125,1.3125,3300
1990-04-11,0.0,1.6875,1.3125,1.3125,1.3125,1600
1990-04-12,1.3125,1.3125,1.3125,1.3125,1.3125,0
1990-04-16,0.0,1.875,1.5,1.5,1.5,3300
1990-04-17,1.5,1.5,1.5,1.5,1.5,0
1990-04-18,0.0,2.25,1.6875,1.6875,1.6875,16600
1990-04-19,0.0,2.25,2.0625,2.0625,2.0625,17300
1990-04-20,0.0,2.25,2.0625,2.0625,2.0625,18700
1990-04-23,0.0,2.25,2.0625,2.0625,2.0625,5400
1990-04-24,0.0,2.25,2.0625,2.0625,2.0625,6900
1990-04-25,2.0625,2.0625,2.0625,2.0625,2.0625,0
1990-04-26,0.0,2.4375,2.0625,2.0625,2.0625,7900
1990-04-27,0.0,2.4375,2.25,2.25,2.25,3400
1990-04-30,0.0,2.4375,2.25,2.25,2.25,0
1990-05-01,0.0,2.4375,2.25,2.25,2.25,6600
1990-05-02,0.0,2.625,2.25,2.25,2.25,13000
1990-05-03,0.0,2.625,2.4375,2.4375,2.4375,5500
1990-05-04,2.4375,2.4375,2.4375,2.4375,2.4375,0
1990-05-07,0.0,2.625,2.4375,2.4375,2.4375,300
1990-05-08,0.0,2.625,2.4375,2.4375,2.4375,600
1990-05-09,0.0,2.625,2.4375,2.4375,2.4375,900
1990-05-10,0.0,2.625,2.4375,2.4375,2.4375,300
1990-05-11,2.4375,2.4375,2.4375,2.4375,2.4375,0
1990-05-14,2.4375,2.4375,2.4375,2.4375,2.4375,0
1990-05-15,2.4375,2.4375,2.4375,2.4375,2.4375,0
1990-05-16,2.4375,2.4375,2.4375,2.4375,2.4375,0
1990-05-17,2.4375,2.4375,2.4375,2.4375,2.4375,0
1990-05-18,2.4375,2.4375,2.4375,2.4375,2.4375,0
1990-05-21,0.0,2.8125,2.4375,2.4375,2.4375,300
1990-05-22,0.0,2.8125,2.4375,2.4375,2.4375,3100
1990-05-23,0.0,2.8125,2.4375,2.4375,2.4375,500
1990-05-24,2.4375,2.4375,2.4375,2.4375,2.4375,0
1990-05-25,0.0,2.8125,2.4375,2.4375,2.4375,1000
1990-05-29,2.4375,2.4375,2.4375,2.4375,2.4375,0
1990-05-30,0.0,2.8125,2.4375,2.4375,2.4375,1900
1990-05-31,2.4375,2.4375,2.4375,2.4375,2.4375,0
1990-06-01,2.4375,2.4375,2.4375,2.4375,2.4375,0
1990-06-04,2.4375,2.4375,2.4375,2.4375,2.4375,0
1990-06-05,2.4375,2.4375,2.4375,2.4375,2.4375,0
1990-06-06,2.4375,2.4375,2.4375,2.4375,2.4375,0
1990-06-07,0.0,2.625,2.4375,2.4375,2.4375,100
1990-06-08,2.4375,2.4375,2.4375,2.4375,2.4375,0
1990-06-11,0.0,2.625,2.4375,2.4375,2.4375,800
1990-06-12,0.0,2.625,2.4375,2.4375,2.4375,800
1990-06-13,2.4375,2.4375,2.4375,2.4375,2.4375,0
1990-06-14,0.0,2.625,2.4375,2.4375,2.4375,2300
1990-06-15,0.0,2.625,2.4375,2.4375,2.4375,1500
1990-06-18,2.4375,2.4375,2.4375,2.4375,2.4375,0
1990-06-19,0.0,2.625,2.4375,2.4375,2.4375,600
1990-06-20,2.4375,2.4375,2.4375,2.4375,2.4375,0
1990-06-21,0.0,2.625,2.4375,2.4375,2.4375,1300
1990-06-22,0.0,2.625,2.4375,2.4375,2.4375,1100
1990-06-25,0.0,2.625,2.4375,2.4375,2.4375,100
1990-06-26,0.0,2.625,2.4375,2.4375,2.4375,300
1990-06-27,0.0,2.625,2.4375,2.4375,2.4375,0
1990-06-28,2.4375,2.4375,2.4375,2.4375,2.4375,0
1990-06-29,2.4375,2.4375,2.4375,2.4375,2.4375,0
1990-07-02,2.4375,2.4375,2.4375,2.4375,2.4375,0
1990-07-03,0.0,2.625,2.4375,2.4375,2.4375,1300
1990-07-05,2.4375,2.4375,2.4375,2.4375,2.4375,0
1990-07-06,2.4375,2.4375,2.4375,2.4375,2.4375,0
1990-07-09,0.0,2.625,2.4375,2.4375,2.4375,800
1990-07-10,0.0,2.625,2.4375,2.4375,2.4375,1700
1990-07-11,0.0,3.0,2.625,2.625,2.625,10100
1990-07-12,0.0,3.1875,2.8125,2.8125,2.8125,7300
1990-07-13,0.0,3.1875,2.8125,2.8125,2.8125,300
1990-07-16,0.0,3.1875,2.8125,2.8125,2.8125,300
1990-07-17,0.0,3.1875,2.625,2.625,2.625,1500
1990-07-18,2.625,2.625,2.625,2.625,2.625,0
1990-07-19,0.0,3.0,2.625,2.625,2.625,2000
1990-07-20,0.0,3.0,2.625,2.625,2.625,2000
1990-07-23,2.625,2.625,2.625,2.625,2.625,0
1990-07-24,0.0,3.0,2.4375,2.4375,2.4375,2900
1990-07-25,2.4375,2.4375,2.4375,2.4375,2.4375,0
1990-07-26,2.4375,2.4375,2.4375,2.4375,2.4375,0
1990-07-27,2.4375,2.4375,2.4375,2.4375,2.4375,0
1990-07-30,2.4375,2.4375,2.4375,2.4375,2.4375,0
1990-07-31,2.4375,2.4375,2.4375,2.4375,2.4375,0
1990-08-01,0.0,2.8125,2.625,2.625,2.625,1600
1990-08-02,0.0,2.8125,2.25,2.25,2.25,2000
1990-08-03,0.0,2.8125,2.25,2.25,2.25,2000
1990-08-06,0.0,2.4375,2.0625,2.0625,2.0625,4600
1990-08-07,2.0625,2.0625,2.0625,2.0625,2.0625,0
1990-08-08,2.0625,2.0625,2.0625,2.0625,2.0625,0
1990-08-09,0.0,2.625,2.0625,2.0625,2.0625,500
1990-08-10,2.0625,2.0625,2.0625,2.0625,2.0625,0
1990-08-13,2.0625,2.0625,2.0625,2.0625,2.0625,0
1990-08-14,2.0625,2.0625,2.0625,2.0625,2.0625,0
1990-08-15,0.0,2.625,2.0625,2.0625,2.0625,100
1990-08-16,2.0625,2.0625,2.0625,2.0625,2.0625,0
1990-08-17,2.0625,2.0625,2.0625,2.0625,2.0625,0
1990-08-20,2.0625,2.0625,2.0625,2.0625,2.0625,0
1990-08-21,2.0625,2.0625,2.0625,2.0625,2.0625,0
1990-08-22,2.0625,2.0625,2.0625,2.0625,2.0625,0
1990-08-23,0.0,2.625,2.25,2.25,2.25,500
1990-08-24,0.0,2.625,2.25,2.25,2.25,1600
1990-08-27,0.0,2.625,2.25,2.25,2.25,500
1990-08-28,0.0,2.625,2.25,2.25,2.25,1300
1990-08-29,0.0,2.625,2.25,2.25,2.25,100
1990-08-30,2.25,2.25,2.25,2.25,2.25,0
1990-08-31,2.25,2.25,2.25,2.25,2.25,0
1990-09-04,2.25,2.25,2.25,2.25,2.25,0
1990-09-05,2.25,2.25,2.25,2.25,2.25,0
1990-09-06,0.0,2.625,2.25,2.25,2.25,100
1990-09-07,2.25,2.25,2.25,2.25,2.25,0
1990-09-10,0.0,2.625,2.25,2.25,2.25,2900
1990-09-11,0.0,2.625,2.25,2.25,2.25,100
1990-09-12,0.0,2.625,2.25,2.25,2.25,800
1990-09-13,2.25,2.25,2.25,2.25,2.25,0
1990-09-14,0.0,2.625,2.25,2.25,2.25,600
1990-09-17,2.25,2.25,2.25,2.25,2.25,0
1990-09-18,2.25,2.25,2.25,2.25,2.25,0
1990-09-19,2.25,2.25,2.25,2.25,2.25,0
1990-09-20,2.25,2.25,2.25,2.25,2.25,0
1990-09-21,0.0,2.625,2.25,2.25,2.25,1200
1990-09-24,0.0,2.625,2.25,2.25,2.25,1100
1990-09-25,0.0,2.625,2.25,2.25,2.25,3500
1990-09-26,2.25,2.25,2.25,2.25,2.25,0
1990-09-27,0.0,2.625,2.25,2.25,2.25,100
1990-09-28,0.0,2.625,2.25,2.25,2.25,2200
1990-10-01,2.25,2.25,2.25,2.25,2.25,0
1990-10-02,0.0,2.625,2.25,2.25,2.25,6000
1990-10-03,0.0,2.625,2.25,2.25,2.25,2600
1990-10-04,0.0,2.625,2.25,2.25,2.25,1600
1990-10-05,2.25,2.25,2.25,2.25,2.25,0
1990-10-08,0.0,2.625,2.25,2.25,2.25,3300
1990-10-09,2.25,2.25,2.25,2.25,2.25,0
1990-10-10,0.0,2.625,2.25,2.25,2.25,300
1990-10-11,0.0,2.625,2.0625,2.0625,2.0625,1100
1990-10-12,0.0,2.625,2.0625,2.0625,2.0625,1000
1990-10-15,2.0625,2.0625,2.0625,2.0625,2.0625,0
1990-10-16,2.0625,2.0625,2.0625,2.0625,2.0625,0
1990-10-17,2.0625,2.0625,2.0625,2.0625,2.0625,0
1990-10-18,0.0,2.625,2.25,2.25,2.25,2100
1990-10-19,2.25,2.25,2.25,2.25,2.25,0
1990-10-22,2.25,2.25,2.25,2.25,2.25,0
1990-10-23,0.0,2.8125,2.25,2.25,2.25,2800
1990-10-24,2.25,2.25,2.25,2.25,2.25,0
1990-10-25,0.0,2.8125,2.25,2.25,2.25,0
1990-10-26,2.25,2.25,2.25,2.25,2.25,0
1990-10-29,0.0,2.8125,2.25,2.25,2.25,800
1990-10-30,2.25,2.25,2.25,2.25,2.25,0
1990-10-31,2.25,2.25,2.25,2.25,2.25,0
1990-11-01,0.0,2.8125,2.25,2.25,2.25,500
1990-11-02,2.25,2.25,2.25,2.25,2.25,0
1990-11-05,2.25,2.25,2.25,2.25,2.25,0
1990-11-06,0.0,2.8125,2.25,2.25,2.25,100
1990-11-07,2.25,2.25,2.25,2.25,2.25,0
1990-11-08,2.25,2.25,2.25,2.25,2.25,0
1990-11-09,2.25,2.25,2.25,2.25,2.25,0
1990-11-12,2.25,2.25,2.25,2.25,2.25,0
1990-11-13,0.0,2.8125,2.25,2.25,2.25,600
1990-11-14,0.0,2.8125,2.25,2.25,2.25,100
1990-11-15,0.0,2.8125,2.25,2.25,2.25,700
1990-11-16,2.25,2.25,2.25,2.25,2.25,0
1990-11-19,2.25,2.25,2.25,2.25,2.25,0
1990-11-20,0.0,2.8125,2.25,2.25,2.25,3300
1990-11-21,0.0,2.625,2.25,2.25,2.25,1600
1990-11-23,2.25,2.25,2.25,2.25,2.25,0
1990-11-26,0.0,2.625,2.25,2.25,2.25,1600
1990-11-27,0.0,2.625,2.25,2.25,2.25,4900
1990-11-28,2.25,2.25,2.25,2.25,2.25,0
1990-11-29,0.0,2.625,2.25,2.25,2.25,6500
1990-11-30,0.0,2.625,2.25,2.25,2.25,2600
1990-12-03,2.25,2.25,2.25,2.25,2.25,0
1990-12-04,0.0,2.625,2.25,2.25,2.25,400
1990-12-05,0.0,2.4375,1.875,1.875,1.875,5300
1990-12-06,0.0,2.4375,1.875,1.875,1.875,1300
1990-12-07,1.875,1.875,1.875,1.875,1.875,0
1990-12-10,0.0,2.4375,2.25,2.25,2.25,5500
1990-12-11,0.0,2.625,2.25,2.25,2.25,8600
1990-12-12,0.0,2.625,2.25,2.25,2.25,3000
1990-12-13,2.25,2.25,2.25,2.25,2.25,0
1990-12-14,2.25,2.25,2.25,2.25,2.25,0
1990-12-17,0.0,2.625,2.25,2.25,2.25,100
1990-12-18,2.25,2.25,2.25,2.25,2.25,0
1990-12-19,0.0,2.625,2.25,2.25,2.25,2800
1990-12-20,0.0,2.625,2.25,2.25,2.25,700
1990-12-21,0.0,2.625,2.25,2.25,2.25,1400
1990-12-24,2.25,2.25,2.25,2.25,2.25,0
1990-12-26,0.0,2.625,2.25,2.25,2.25,200
1990-12-27,0.0,2.625,2.25,2.25,2.25,0
1990-12-28,0.0,2.625,2.25,2.25,2.25,200
1990-12-31,0.0,2.25,1.875,1.875,1.875,4000
1991-01-02,0.0,2.25,1.875,1.875,1.875,100
1991-01-03,1.875,1.875,1.875,1.875,1.875,0
1991-01-04,0.0,2.625,1.875,1.875,1.875,7300
1991-01-07,1.875,1.875,1.875,1.875,1.875,0
1991-01-08,1.875,1.875,1.875,1.875,1.875,0
1991-01-09,1.875,1.875,1.875,1.875,1.875,0
1991-01-10,1.875,1.875,1.875,1.875,1.875,0
1991-01-11,1.875,1.875,1.875,1.875,1.875,0
1991-01-14,1.875,1.875,1.875,1.875,1.875,0
1991-01-15,1.875,1.875,1.875,1.875,1.875,0
1991-01-16,1.875,1.875,1.875,1.875,1.875,0
1991-01-17,1.875,1.875,1.875,1.875,1.875,0
1991-01-18,1.875,1.875,1.875,1.875,1.875,0
1991-01-21,1.875,1.875,1.875,1.875,1.875,0
1991-01-22,1.875,1.875,1.875,1.875,1.875,0
1991-01-23,0.0,2.625,2.0625,2.0625,2.0625,0
1991-01-24,2.0625,2.0625,2.0625,2.0625,2.0625,0
1991-01-25,2.0625,2.0625,2.0625,2.0625,2.0625,0
1991-01-28,2.0625,2.0625,2.0625,2.0625,2.0625,0
1991-01-29,0.0,2.625,2.0625,2.0625,2.0625,0
1991-01-30,0.0,2.625,2.0625,2.0625,2.0625,0
1991-01-31,2.0625,2.0625,2.0625,2.0625,2.0625,0
1991-02-01,2.0625,2.0625,2.0625,2.0625,2.0625,0
1991-02-04,0.0,2.625,2.0625,2.0625,2.0625,0
1991-02-05,2.0625,2.0625,2.0625,2.0625,2.0625,0
1991-02-06,2.0625,2.0625,2.0625,2.0625,2.0625,0
1991-02-07,2.0625,2.0625,2.0625,2.0625,2.0625,0
1991-02-08,0.0,2.625,2.0625,2.0625,2.0625,6600
1991-02-11,2.0625,2.0625,2.0625,2.0625,2.0625,0
1991-02-12,2.0625,2.0625,2.0625,2.0625,2.0625,0
1991-02-13,0.0,2.625,2.25,2.25,2.25,5300
1991-02-14,2.25,2.25,2.25,2.25,2.25,0
1991-02-15,0.0,2.625,2.4375,2.4375,2.4375,2500
1991-02-19,0.0,2.625,2.4375,2.4375,2.4375,2300
1991-02-20,0.0,2.625,2.25,2.25,2.25,7000
1991-02-21,0.0,2.625,2.4375,2.4375,2.4375,2300
1991-02-22,0.0,3.375,3.0,3.0,3.0,33000
1991-02-25,0.0,3.1875,2.8125,2.8125,2.8125,3900
1991-02-26,2.8125,2.8125,2.8125,2.8125,2.8125,0
1991-02-27,2.8125,2.8125,2.8125,2.8125,2.8125,0
1991-02-28,2.8125,2.8125,2.8125,2.8125,2.8125,0
1991-03-01,0.0,2.8125,2.4375,2.4375,2.4375,2600
1991-03-04,0.0,3.0,2.625,2.625,2.625,2300
1991-03-05,0.0,3.0,2.625,2.625,2.625,600
1991-03-06,2.625,2.625,2.625,2.625,2.625,0
1991-03-07,0.0,3.1875,3.0,3.0,3.0,12400
1991-03-08,0.0,3.1875,3.0,3.0,3.0,600
1991-03-11,0.0,3.1875,3.0,3.0,3.0,100
1991-03-12,3.0,3.0,3.0,3.0,3.0,0
1991-03-13,0.0,3.1875,3.0,3.0,3.0,800
1991-03-14,0.0,3.1875,2.8125,2.8125,2.8125,4700
1991-03-15,0.0,3.375,2.90625,2.90625,2.90625,15000
1991-03-18,0.0,3.28125,2.90625,2.90625,2.90625,1400
1991-03-19,0.0,3.28125,3.0,3.0,3.0,500
1991-03-20,0.0,3.1875,2.90625,2.90625,2.90625,7800
1991-03-21,0.0,3.1875,2.90625,2.90625,2.90625,1300
1991-03-22,0.0,3.1875,2.90625,2.90625,2.90625,2000
1991-03-25,2.90625,2.90625,2.90625,2.90625,2.90625,0
1991-03-26,2.90625,2.90625,2.90625,2.90625,2.90625,0
1991-03-27,0.0,3.375,3.0,3.0,3.0,4500
1991-03-28,0.0,3.375,3.1875,3.1875,3.1875,6500
1991-04-01,0.0,3.375,3.1875,3.1875,3.1875,4100
1991-04-02,0.0,3.375,3.1875,3.1875,3.1875,2200
1991-04-03,0.0,3.375,3.1875,3.1875,3.1875,1300
1991-04-04,0.0,3.28125,3.1875,3.1875,3.1875,300
1991-04-05,0.0,3.375,3.1875,3.1875,3.1875,5000
1991-04-08,0.0,3.375,3.1875,3.1875,3.1875,300
1991-04-09,0.0,3.375,3.1875,3.1875,3.1875,500
1991-04-10,0.0,3.375,3.1875,3.1875,3.1875,600
1991-04-11,0.0,3.375,3.1875,3.1875,3.1875,4100
1991-04-12,0.0,3.375,3.1875,3.1875,3.1875,4500
1991-04-15,0.0,3.375,3.1875,3.1875,3.1875,5600
1991-04-16,0.0,3.375,3.1875,3.1875,3.1875,1400
1991-04-17,0.0,3.375,3.1875,3.1875,3.1875,5400
1991-04-18,0.0,3.75,3.1875,3.1875,3.1875,20500
1991-04-19,0.0,3.65625,3.1875,3.1875,3.1875,9700
1991-04-22,0.0,3.65625,3.28125,3.28125,3.28125,5300
1991-04-23,0.0,3.46875,3.28125,3.28125,3.28125,15000
1991-04-24,0.0,3.5625,3.28125,3.28125,3.28125,5400
1991-04-25,0.0,3.5625,3.28125,3.28125,3.28125,2900
1991-04-26,0.0,3.75,3.28125,3.28125,3.28125,3200
1991-04-29,0.0,3.46875,3.28125,3.28125,3.28125,2600
1991-04-30,0.0,3.46875,3.28125,3.28125,3.28125,500
1991-05-01,0.0,3.46875,3.28125,3.28125,3.28125,12000
1991-05-02,0.0,3.46875,3.28125,3.28125,3.28125,8800
1991-05-03,0.0,3.46875,3.28125,3.28125,3.28125,12400
1991-05-06,0.0,3.46875,3.28125,3.28125,3.28125,8700
1991-05-07,0.0,3.46875,3.28125,3.28125,3.28125,16300
1991-05-08,0.0,3.46875,3.28125,3.28125,3.28125,1800
1991-05-09,0.0,3.46875,3.28125,3.28125,3.28125,5400
1991-05-10,0.0,3.46875,3.28125,3.28125,3.28125,29000
1991-05-13,0.0,3.46875,3.28125,3.28125,3.28125,5900
1991-05-14,0.0,3.46875,3.28125,3.28125,3.28125,4200
1991-05-15,0.0,3.46875,3.28125,3.28125,3.28125,9300
1991-05-16,0.0,3.46875,3.28125,3.28125,3.28125,3200
1991-05-17,0.0,3.46875,3.28125,3.28125,3.28125,3900
1991-05-20,0.0,3.46875,3.28125,3.28125,3.28125,4800
1991-05-21,0.0,3.46875,3.28125,3.28125,3.28125,13300
1991-05-22,0.0,3.5625,3.28125,3.28125,3.28125,9900
1991-05-23,0.0,3.5625,3.375,3.375,3.375,20600
1991-05-24,0.0,3.75,3.375,3.375,3.375,6200
1991-05-28,0.0,3.75,3.375,3.375,3.375,1300
1991-05-29,0.0,3.75,3.375,3.375,3.375,1900
1991-05-30,0.0,3.75,3.375,3.375,3.375,5200
1991-05-31,0.0,3.75,3.375,3.375,3.375,7300
1991-06-03,0.0,3.5625,3.375,3.375,3.375,5600
1991-06-04,0.0,3.5625,3.375,3.375,3.375,1600
1991-06-05,0.0,3.5625,3.375,3.375,3.375,7900
1991-06-06,0.0,3.5625,3.375,3.375,3.375,11600
1991-06-07,0.0,3.5625,3.375,3.375,3.375,2100
1991-06-10,0.0,3.5625,3.375,3.375,3.375,2600
1991-06-11,0.0,3.5625,3.375,3.375,3.375,8300
1991-06-12,0.0,3.5625,3.375,3.375,3.375,9600
1991-06-13,0.0,3.5625,3.375,3.375,3.375,4700
1991-06-14,0.0,3.5625,3.375,3.375,3.375,1600
1991-06-17,0.0,3.5625,3.375,3.375,3.375,400
1991-06-18,0.0,3.75,3.375,3.375,3.375,9300
1991-06-19,0.0,3.75,3.375,3.375,3.375,5100
1991-06-20,3.375,3.375,3.375,3.375,3.375,0
1991-06-21,0.0,3.75,3.375,3.375,3.375,9600
1991-06-24,0.0,3.75,3.375,3.375,3.375,3600
1991-06-25,0.0,3.75,3.375,3.375,3.375,1600
1991-06-26,0.0,3.75,3.375,3.375,3.375,4800
1991-06-27,0.0,3.75,3.375,3.375,3.375,3300
1991-06-28,0.0,3.75,3.375,3.375,3.375,12900
1991-07-01,0.0,3.75,3.375,3.375,3.375,500
1991-07-02,0.0,3.75,3.375,3.375,3.375,2600
1991-07-03,0.0,3.75,3.375,3.375,3.375,1400
1991-07-05,3.375,3.375,3.375,3.375,3.375,0
1991-07-08,0.0,3.5625,3.375,3.375,3.375,2300
1991-07-09,0.0,3.5625,3.375,3.375,3.375,4000
1991-07-10,0.0,3.5625,3.375,3.375,3.375,1600
1991-07-11,0.0,3.75,3.375,3.375,3.375,4100
1991-07-12,0.0,3.75,3.375,3.375,3.375,5600
1991-07-15,0.0,3.75,3.375,3.375,3.375,2100
1991-07-16,0.0,3.75,3.375,3.375,3.375,21600
1991-07-17,0.0,3.75,3.375,3.375,3.375,67400
1991-07-18,0.0,3.9375,3.5625,3.5625,3.5625,18800
1991-07-19,0.0,3.9375,3.5625,3.5625,3.5625,13400
1991-07-22,0.0,4.125,3.75,3.75,3.75,9400
1991-07-23,0.0,4.125,3.75,3.75,3.75,2000
1991-07-24,0.0,4.125,3.75,3.75,3.75,8300
1991-07-25,0.0,4.125,3.75,3.75,3.75,11900
1991-07-26,0.0,4.125,3.75,3.75,3.75,2300
1991-07-29,0.0,4.125,3.75,3.75,3.75,2500
1991-07-30,0.0,4.125,3.75,3.75,3.75,2600
1991-07-31,0.0,4.125,3.75,3.75,3.75,700
1991-08-01,0.0,4.125,3.75,3.75,3.75,1700
1991-08-02,0.0,4.125,3.75,3.75,3.75,7600
1991-08-05,0.0,4.125,3.75,3.75,3.75,2100
1991-08-06,0.0,4.125,3.75,3.75,3.75,1000
1991-08-07,0.0,4.125,3.75,3.75,3.75,3500
1991-08-08,0.0,4.5,3.9375,3.9375,3.9375,13800
1991-08-09,0.0,4.5,4.125,4.125,4.125,2000
1991-08-12,0.0,4.5,4.3125,4.3125,4.3125,4600
1991-08-13,0.0,4.5,4.125,4.125,4.125,4500
1991-08-14,0.0,4.5,4.125,4.125,4.125,8500
1991-08-15,0.0,4.6875,4.3125,4.3125,4.3125,13400
1991-08-16,0.0,4.6875,4.3125,4.3125,4.3125,100
1991-08-19,0.0,4.6875,4.3125,4.3125,4.3125,1000
1991-08-20,0.0,4.6875,4.3125,4.3125,4.3125,300
1991-08-21,0.0,4.875,4.3125,4.3125,4.3125,2500
1991-08-22,0.0,4.6875,4.5,4.5,4.5,9800
1991-08-23,0.0,4.875,4.5,4.5,4.5,9700
1991-08-26,0.0,4.875,4.5,4.5,4.5,11200
1991-08-27,0.0,4.875,4.5,4.5,4.5,3200
1991-08-28,0.0,4.875,4.5,4.5,4.5,400
1991-08-29,0.0,4.875,4.5,4.5,4.5,2100
1991-08-30,0.0,4.875,4.5,4.5,4.5,500
1991-09-03,0.0,4.875,4.5,4.5,4.5,1300
1991-09-04,0.0,4.875,4.5,4.5,4.5,400
1991-09-05,0.0,4.875,4.5,4.5,4.5,2100
1991-09-06,0.0,4.875,4.5,4.5,4.5,400
1991-09-09,0.0,4.875,4.5,4.5,4.5,3100
1991-09-10,0.0,4.875,4.5,4.5,4.5,5000
1991-09-11,0.0,4.875,4.5,4.5,4.5,5000
1991-09-12,0.0,4.875,4.5,4.5,4.5,2700
1991-09-13,0.0,4.875,4.5,4.5,4.5,5600
1991-09-16,0.0,4.875,4.5,4.5,4.5,3100
1991-09-17,4.5,4.5,4.5,4.5,4.5,0
1991-09-18,0.0,4.875,4.5,4.5,4.5,1000
1991-09-19,0.0,4.875,4.5,4.5,4.5,17100
1991-09-20,0.0,4.875,4.5,4.5,4.5,4600
1991-09-23,0.0,4.875,4.5,4.5,4.5,1500
1991-09-24,0.0,4.875,4.5,4.5,4.5,0
1991-09-25,0.0,4.875,4.5,4.5,4.5,1500
1991-09-26,0.0,4.875,4.5,4.5,4.5,1900
1991-09-27,0.0,4.875,4.5,4.5,4.5,1000
1991-09-30,4.5,4.5,4.5,4.5,4.5,0
1991-10-01,0.0,4.875,4.5,4.5,4.5,0
1991-10-02,0.0,4.6875,4.5,4.5,4.5,7000
1991-10-03,0.0,4.6875,4.5,4.5,4.5,7900
1991-10-04,0.0,4.6875,4.5,4.5,4.5,4600
1991-10-07,0.0,4.6875,4.3125,4.3125,4.3125,8000
1991-10-08,0.0,4.6875,4.3125,4.3125,4.3125,5600
1991-10-09,0.0,4.6875,4.3125,4.3125,4.3125,1600
1991-10-10,0.0,4.6875,4.3125,4.3125,4.3125,3600
1991-10-11,0.0,4.6875,4.3125,4.3125,4.3125,3600
1991-10-14,4.3125,4.3125,4.3125,4.3125,4.3125,0
1991-10-15,0.0,4.6875,4.3125,4.3125,4.3125,3600
1991-10-16,0.0,4.6875,4.3125,4.3125,4.3125,3600
1991-10-17,0.0,4.6875,4.3125,4.3125,4.3125,7900
1991-10-18,0.0,4.6875,4.3125,4.3125,4.3125,8700
1991-10-21,0.0,4.6875,4.3125,4.3125,4.3125,2100
1991-10-22,0.0,4.6875,4.5,4.5,4.5,4200
1991-10-23,0.0,4.6875,4.5,4.5,4.5,1500
1991-10-24,4.5,4.5,4.5,4.5,4.5,0
1991-10-25,0.0,5.0625,4.6875,4.6875,4.6875,13100
1991-10-28,0.0,5.0625,4.6875,4.6875,4.6875,4300
1991-10-29,0.0,5.0625,4.6875,4.6875,4.6875,7000
1991-10-30,0.0,5.0625,4.6875,4.6875,4.6875,300
1991-10-31,0.0,5.0625,4.6875,4.6875,4.6875,800
1991-11-01,0.0,5.25,4.6875,4.6875,4.6875,5000
1991-11-04,0.0,5.25,4.6875,4.6875,4.6875,3700
1991-11-05,0.0,5.25,4.6875,4.6875,4.6875,7300
1991-11-06,0.0,5.25,4.6875,4.6875,4.6875,4000
1991-11-07,0.0,5.25,4.6875,4.6875,4.6875,2200
1991-11-08,0.0,5.25,4.6875,4.6875,4.6875,3400
1991-11-11,0.0,5.25,4.6875,4.6875,4.6875,3700
1991-11-12,0.0,5.25,4.6875,4.6875,4.6875,1600
1991-11-13,0.0,5.25,4.6875,4.6875,4.6875,2700
1991-11-14,0.0,5.25,4.6875,4.6875,4.6875,1000
1991-11-15,0.0,5.25,4.6875,4.6875,4.6875,8800
1991-11-18,0.0,5.0625,4.6875,4.6875,4.6875,4200
1991-11-19,0.0,5.0625,4.6875,4.6875,4.6875,6900
1991-11-20,0.0,5.0625,4.6875,4.6875,4.6875,12200
1991-11-21,0.0,4.875,4.6875,4.6875,4.6875,1600
1991-11-22,0.0,5.0625,4.6875,4.6875,4.6875,2800
1991-11-25,0.0,5.0625,4.6875,4.6875,4.6875,900
1991-11-26,0.0,5.0625,4.6875,4.6875,4.6875,300
1991-11-27,0.0,5.25,4.875,4.875,4.875,4500
1991-11-29,0.0,5.25,4.875,4.875,4.875,700
1991-12-02,0.0,5.25,4.875,4.875,4.875,6800
1991-12-03,0.0,5.0625,4.5,4.5,4.5,4600
1991-12-04,0.0,5.0625,4.5,4.5,4.5,400
1991-12-05,4.5,4.5,4.5,4.5,4.5,0
1991-12-06,0.0,5.0625,4.5,4.5,4.5,1600
1991-12-09,4.5,4.5,4.5,4.5,4.5,0
1991-12-10,0.0,5.0625,4.5,4.5,4.5,1600
1991-12-11,0.0,4.6875,4.125,4.125,4.125,4600
1991-12-12,0.0,4.6875,4.125,4.125,4.125,4700
1991-12-13,0.0,4.6875,4.125,4.125,4.125,0
1991-12-16,0.0,4.5,4.125,4.125,4.125,700
1991-12-17,0.0,4.5,4.125,4.125,4.125,6000
1991-12-18,0.0,4.5,4.125,4.125,4.125,2500
1991-12-19,0.0,4.5,4.125,4.125,4.125,4100
1991-12-20,0.0,4.5,4.125,4.125,4.125,19100
1991-12-23,0.0,4.6875,4.125,4.125,4.125,13600
1991-12-24,0.0,4.6875,4.125,4.125,4.125,6000
1991-12-26,0.0,4.6875,4.125,4.125,4.125,3400
1991-12-27,0.0,4.6875,4.125,4.125,4.125,2100
1991-12-30,0.0,4.6875,4.125,4.125,4.125,6400
1991-12-31,0.0,4.6875,4.125,4.125,4.125,7500
1992-01-02,0.0,4.6875,4.125,4.125,4.125,3900
1992-01-03,0.0,4.6875,4.3125,4.3125,4.3125,9800
1992-01-06,0.0,4.6875,4.3125,4.3125,4.3125,4700
1992-01-07,0.0,4.6875,4.3125,4.3125,4.3125,5800
1992-01-08,0.0,4.875,4.3125,4.3125,4.3125,4300
1992-01-09,0.0,4.875,4.6875,4.6875,4.6875,29300
1992-01-10,0.0,5.0625,4.6875,4.6875,4.6875,35600
1992-01-13,0.0,5.0625,4.6875,4.6875,4.6875,5200
1992-01-14,0.0,5.0625,4.875,4.875,4.875,29800
1992-01-15,0.0,5.25,4.875,4.875,4.875,26200
1992-01-16,0.0,5.25,5.0625,5.0625,5.0625,20700
1992-01-17,0.0,5.4375,5.0625,5.0625,5.0625,24900
1992-01-20,0.0,5.625,5.25,5.25,5.25,40600
1992-01-21,0.0,5.625,5.25,5.25,5.25,14100
1992-01-22,0.0,5.8125,5.4375,5.4375,5.4375,15700
1992-01-23,0.0,5.8125,5.4375,5.4375,5.4375,7000
1992-01-24,0.0,5.8125,5.4375,5.4375,5.4375,12500
1992-01-27,0.0,5.8125,5.4375,5.4375,5.4375,10700
1992-01-28,0.0,6.0,5.625,5.625,5.625,24400
1992-01-29,0.0,6.1875,5.8125,5.8125,5.8125,23800
1992-01-30,0.0,6.1875,5.8125,5.8125,5.8125,3600
1992-01-31,0.0,6.1875,5.8125,5.8125,5.8125,1000
1992-02-03,0.0,6.0,5.8125,5.8125,5.8125,1300
1992-02-04,0.0,6.0,5.8125,5.8125,5.8125,2800
1992-02-05,0.0,6.0,5.8125,5.8125,5.8125,3300
1992-02-06,0.0,6.0,5.8125,5.8125,5.8125,900
1992-02-07,0.0,6.0,5.8125,5.8125,5.8125,3500
1992-02-10,0.0,6.0,5.8125,5.8125,5.8125,5600
1992-02-11,0.0,6.0,5.8125,5.8125,5.8125,16100
1992-02-12,0.0,6.1875,5.8125,5.8125,5.8125,17100
1992-02-13,0.0,6.1875,6.0,6.0,6.0,8900
1992-02-14,0.0,6.1875,6.0,6.0,6.0,13400
1992-02-18,0.0,6.1875,6.0,6.0,6.0,3700
1992-02-19,0.0,6.375,6.0,6.0,6.0,4100
1992-02-20,0.0,6.375,6.0,6.0,6.0,5400
1992-02-21,0.0,6.375,6.0,6.0,6.0,15600
1992-02-24,0.0,6.375,6.0,6.0,6.0,5700
1992-02-25,0.0,6.375,6.0,6.0,6.0,12500
1992-02-26,0.0,6.75,6.1875,6.1875,6.1875,27200
1992-02-27,0.0,6.75,6.1875,6.1875,6.1875,9200
1992-02-28,0.0,6.75,6.1875,6.1875,6.1875,5000
1992-03-02,0.0,6.75,6.375,6.375,6.375,12300
1992-03-03,0.0,7.3125,6.5625,6.5625,6.5625,23000
1992-03-04,0.0,7.5,7.125,7.125,7.125,28800
1992-03-05,0.0,7.5,6.9375,6.9375,6.9375,6500
1992-03-06,0.0,7.5,6.75,6.75,6.75,3600
1992-03-09,0.0,7.5,6.75,6.75,6.75,5100
1992-03-10,0.0,7.5,6.9375,6.9375,6.9375,2000
1992-03-11,0.0,7.3125,6.9375,6.9375,6.9375,6600
1992-03-12,0.0,7.5,6.9375,6.9375,6.9375,3300
1992-03-13,0.0,7.5,6.9375,6.9375,6.9375,1100
1992-03-16,0.0,7.5,6.9375,6.9375,6.9375,3200
1992-03-17,0.0,7.5,7.125,7.125,7.125,1600
1992-03-18,0.0,7.5,7.125,7.125,7.125,4800
1992-03-19,0.0,7.5,6.9375,6.9375,6.9375,7000
1992-03-20,0.0,7.5,6.9375,6.9375,6.9375,7800
1992-03-23,0.0,7.5,6.9375,6.9375,6.9375,4900
1992-03-24,0.0,7.5,6.9375,6.9375,6.9375,4700
1992-03-25,0.0,7.5,6.9375,6.9375,6.9375,3800
1992-03-26,0.0,7.5,6.9375,6.9375,6.9375,3400
1992-03-27,0.0,7.5,6.9375,6.9375,6.9375,100
1992-03-30,0.0,7.5,6.75,6.75,6.75,2600
1992-03-31,0.0,7.125,6.75,6.75,6.75,1300
1992-04-01,0.0,7.125,6.5625,6.5625,6.5625,7600
1992-04-02,0.0,7.125,6.5625,6.5625,6.5625,4000
1992-04-03,0.0,7.125,6.5625,6.5625,6.5625,1500
1992-04-06,0.0,7.125,6.375,6.375,6.375,10300
1992-04-07,0.0,6.75,6.375,6.375,6.375,16400
1992-04-08,0.0,6.375,5.625,5.625,5.625,6200
1992-04-09,0.0,6.0,5.25,5.25,5.25,3200
1992-04-10,0.0,6.0,5.4375,5.4375,5.4375,2000
1992-04-13,5.4375,5.4375,5.4375,5.4375,5.4375,0
1992-04-14,5.4375,5.4375,5.4375,5.4375,5.4375,0
1992-04-15,0.0,6.0,5.4375,5.4375,5.4375,300
1992-04-16,5.4375,5.4375,5.4375,5.4375,5.4375,0
1992-04-20,0.0,6.0,5.4375,5.4375,5.4375,500
1992-04-21,0.0,6.0,5.4375,5.4375,5.4375,600
1992-04-22,0.0,6.0,5.4375,5.4375,5.4375,600
1992-04-23,0.0,6.0,5.4375,5.4375,5.4375,2000
1992-04-24,0.0,6.0,5.4375,5.4375,5.4375,800
1992-04-27,0.0,6.0,5.4375,5.4375,5.4375,1000
1992-04-28,5.4375,5.4375,5.4375,5.4375,5.4375,0
1992-04-29,0.0,6.0,5.4375,5.4375,5.4375,100
1992-04-30,0.0,6.0,5.4375,5.4375,5.4375,4800
1992-05-01,0.0,6.0,5.4375,5.4375,5.4375,3300
1992-05-04,0.0,6.0,5.4375,5.4375,5.4375,400
1992-05-05,0.0,6.0,5.4375,5.4375,5.4375,600
1992-05-06,0.0,6.0,5.4375,5.4375,5.4375,300
1992-05-07,0.0,6.0,5.4375,5.4375,5.4375,1500
1992-05-08,0.0,5.8125,5.25,5.25,5.25,1000
1992-05-11,0.0,5.625,5.25,5.25,5.25,1400
1992-05-12,0.0,5.8125,5.25,5.25,5.25,6300
1992-05-13,0.0,5.625,5.0625,5.0625,5.0625,2400
1992-05-14,0.0,5.625,5.0625,5.0625,5.0625,1100
1992-05-15,0.0,5.625,5.0625,5.0625,5.0625,1700
1992-05-18,0.0,5.625,5.0625,5.0625,5.0625,2700
1992-05-19,0.0,6.0,5.25,5.25,5.25,7200
1992-05-20,0.0,6.0,5.25,5.25,5.25,5500
1992-05-21,0.0,6.0,5.25,5.25,5.25,13100
1992-05-22,0.0,6.0,5.4375,5.4375,5.4375,9300
1992-05-26,0.0,5.8125,5.25,5.25,5.25,2100
1992-05-27,0.0,5.625,5.0625,5.0625,5.0625,2800
1992-05-28,0.0,5.625,5.0625,5.0625,5.0625,1200
1992-05-29,0.0,5.4375,5.0625,5.0625,5.0625,10400
1992-06-01,5.0625,5.0625,5.0625,5.0625,5.0625,0
1992-06-02,0.0,5.8125,5.4375,5.4375,5.4375,10000
1992-06-03,0.0,5.8125,5.4375,5.4375,5.4375,3600
1992-06-04,0.0,6.0,5.4375,5.4375,5.4375,4100
1992-06-05,0.0,6.0,5.4375,5.4375,5.4375,2500
1992-06-08,0.0,6.0,5.4375,5.4375,5.4375,1000
1992-06-09,0.0,6.0,5.4375,5.4375,5.4375,1400
1992-06-10,0.0,6.0,5.4375,5.4375,5.4375,1300
1992-06-11,0.0,6.0,5.4375,5.4375,5.4375,4000
1992-06-12,0.0,5.8125,5.25,5.25,5.25,2300
1992-06-15,5.25,5.8125,5.25,5.8125,5.8125,3300
1992-06-16,5.25,5.8125,5.0625,5.8125,5.8125,5900
1992-06-17,5.8125,5.8125,5.15625,5.8125,5.8125,6100
1992-06-18,5.8125,5.8125,5.0625,5.0625,5.0625,5000
1992-06-19,5.15625,5.25,4.875,4.875,4.875,7200
1992-06-22,4.875,5.25,4.875,5.25,5.25,8000
1992-06-23,5.25,5.25,4.875,4.875,4.875,1300
1992-06-24,4.875,4.875,4.6875,4.6875,4.6875,4000
1992-06-25,4.6875,5.25,4.6875,5.25,5.25,1400
1992-06-26,4.6875,5.25,4.6875,4.6875,4.6875,2100
1992-06-29,4.875,4.875,4.6875,4.6875,4.6875,1300
1992-06-30,4.5,5.25,4.5,5.25,5.25,3000
1992-07-01,5.25,5.25,5.25,5.25,5.25,400
1992-07-02,4.5,5.25,4.5,4.5,4.5,6000
1992-07-06,4.5,4.5,4.5,4.5,4.5,1500
1992-07-07,4.875,4.875,4.3125,4.3125,4.3125,2600
1992-07-08,4.3125,4.875,4.3125,4.875,4.875,2100
1992-07-09,4.6875,4.875,4.40625,4.40625,4.40625,4000
1992-07-10,4.3125,4.875,4.3125,4.875,4.875,2000
1992-07-13,4.875,5.25,4.5,5.0625,5.0625,7900
1992-07-14,5.25,5.25,4.875,5.25,5.25,6600
1992-07-15,5.0625,5.0625,4.6875,4.96875,4.96875,12400
1992-07-16,4.6875,4.6875,4.6875,4.6875,4.6875,3400
1992-07-17,5.25,5.25,5.25,5.25,5.25,1000
1992-07-20,5.25,5.25,5.25,5.25,5.25,900
1992-07-21,5.25,5.25,5.25,5.25,5.25,0
1992-07-22,4.875,4.875,4.875,4.875,4.875,1800
1992-07-23,4.96875,5.25,4.875,4.875,4.875,3900
1992-07-24,5.25,5.25,4.875,4.96875,4.96875,6000
1992-07-27,5.25,5.25,4.875,4.875,4.875,6900
1992-07-28,4.875,4.875,4.875,4.875,4.875,100
1992-07-29,4.875,5.25,4.875,5.25,5.25,14600
1992-07-30,5.25,5.25,4.875,5.25,5.25,800
1992-07-31,4.875,5.25,4.875,4.875,4.875,3700
1992-08-03,4.875,4.875,4.875,4.875,4.875,600
1992-08-04,4.875,5.25,4.875,4.875,4.875,3600
1992-08-05,4.875,5.0625,4.875,4.875,4.875,4800
1992-08-06,4.875,4.96875,4.6875,4.875,4.875,12300
1992-08-07,5.0625,5.0625,4.875,4.875,4.875,500
1992-08-10,4.6875,4.6875,4.6875,4.6875,4.6875,600
1992-08-11,4.6875,4.6875,4.5,4.5,4.5,3800
1992-08-12,4.59375,4.59375,4.59375,4.59375,4.59375,2000
1992-08-13,4.875,4.875,4.5,4.5,4.5,2500
1992-08-14,4.5,4.875,4.5,4.875,4.875,2000
1992-08-17,4.875,4.875,4.5,4.5,4.5,3600
1992-08-18,4.5,4.875,4.5,4.5,4.5,800
1992-08-19,4.5,4.78125,4.5,4.78125,4.78125,5100
1992-08-20,4.3125,4.3125,4.3125,4.3125,4.3125,700
1992-08-21,4.3125,4.3125,4.3125,4.3125,4.3125,3500
1992-08-24,4.5,4.875,4.5,4.5,4.5,2600
1992-08-25,4.875,4.875,4.875,4.875,4.875,600
1992-08-26,4.875,4.875,4.875,4.875,4.875,500
1992-08-27,4.875,4.875,4.3125,4.3125,4.3125,300
1992-08-28,4.5,4.875,4.3125,4.875,4.875,1700
1992-08-31,4.5,5.25,4.5,5.0625,5.0625,14400
1992-09-01,5.15625,5.15625,5.15625,5.15625,5.15625,4000
1992-09-02,5.15625,5.25,4.6875,5.25,5.25,23100
1992-09-03,5.0625,5.25,4.6875,5.0625,5.0625,24000
1992-09-04,5.25,5.4375,4.875,5.4375,5.4375,16500
1992-09-08,5.4375,6.0,5.25,6.0,6.0,58700
1992-09-09,6.0,6.0,5.625,5.625,5.625,6100
1992-09-10,6.0,6.0,5.625,6.0,6.0,2600
1992-09-11,6.0,6.375,5.625,6.0,6.0,26600
1992-09-14,6.375,6.5625,5.625,6.1875,6.1875,20400
1992-09-15,6.1875,6.1875,5.8125,6.1875,6.1875,8100
1992-09-16,5.8125,6.0,5.8125,5.8125,5.8125,15700
1992-09-17,6.0,6.0,5.8125,5.8125,5.8125,4800
1992-09-18,5.8125,6.0,5.625,5.8125,5.8125,14200
1992-09-21,5.8125,6.375,5.8125,6.375,6.375,7800
1992-09-22,6.375,6.375,6.0,6.0,6.0,9500
1992-09-23,6.0,6.375,5.8125,6.1875,6.1875,24800
1992-09-24,6.375,6.75,6.375,6.75,6.75,26100
1992-09-25,6.65625,6.75,6.375,6.75,6.75,13400
1992-09-28,6.75,6.75,6.375,6.46875,6.46875,20100
1992-09-29,6.1875,6.5625,6.1875,6.5625,6.5625,2800
1992-09-30,6.375,6.75,6.375,6.375,6.375,2500
1992-10-01,6.375,6.5625,6.1875,6.1875,6.1875,15100
1992-10-02,6.1875,6.375,5.8125,5.8125,5.8125,6100
1992-10-05,6.0,6.0,6.0,6.0,6.0,300
1992-10-06,6.0,6.0,5.8125,5.8125,5.8125,3700
1992-10-07,6.1875,6.1875,5.8125,5.8125,5.8125,4900
1992-10-08,5.8125,5.8125,5.8125,5.8125,5.8125,300
1992-10-09,6.0,6.1875,6.0,6.1875,6.1875,600
1992-10-12,5.625,6.1875,5.625,5.625,5.625,3700
1992-10-13,5.8125,6.1875,5.8125,5.90625,5.90625,1000
1992-10-14,6.0,6.0,6.0,6.0,6.0,100
1992-10-15,6.0,6.1875,6.0,6.1875,6.1875,1300
1992-10-16,6.1875,6.1875,6.1875,6.1875,6.1875,0
1992-10-19,5.8125,6.1875,5.8125,6.0,6.0,6200
1992-10-20,5.8125,6.1875,5.8125,5.8125,5.8125,5000
1992-10-21,5.8125,6.1875,5.625,5.625,5.625,6000
1992-10-22,6.1875,6.1875,5.25,5.25,5.25,5200
1992-10-23,5.25,5.4375,5.0625,5.4375,5.4375,10900
1992-10-26,5.4375,5.4375,5.25,5.34375,5.34375,1500
1992-10-27,5.25,5.625,5.25,5.625,5.625,6800
1992-10-28,5.4375,5.625,5.4375,5.625,5.625,6800
1992-10-29,5.625,5.625,5.4375,5.4375,5.4375,3800
1992-10-30,5.625,5.8125,5.4375,5.8125,5.8125,6600
1992-11-02,5.4375,6.0,5.4375,6.0,6.0,500
1992-11-03,6.0,6.0,5.625,6.0,6.0,6000
1992-11-04,6.0,6.0,5.625,5.625,5.625,1900
1992-11-05,6.0,6.0,5.625,6.0,6.0,7000
1992-11-06,5.625,6.0,5.625,5.8125,5.8125,5400
1992-11-09,6.0,6.0,5.8125,6.0,6.0,6500
1992-11-10,6.0,6.0,5.625,6.0,6.0,7200
1992-11-11,6.0,6.375,6.0,6.375,6.375,11700
1992-11-12,6.0,6.375,6.0,6.1875,6.1875,11000
1992-11-13,6.0,6.375,6.0,6.1875,6.1875,3600
1992-11-16,6.1875,6.375,6.0,6.1875,6.1875,10800
1992-11-17,6.0,6.375,5.8125,6.1875,6.1875,16100
1992-11-18,5.8125,6.375,5.8125,6.375,6.375,5700
1992-11-19,6.375,6.375,6.0,6.375,6.375,13200
1992-11-20,6.1875,6.5625,6.0,6.0,6.0,6000
1992-11-23,6.1875,6.375,6.1875,6.1875,6.1875,3600
1992-11-24,6.1875,6.1875,6.0,6.09375,6.09375,10000
1992-11-25,6.1875,6.1875,6.1875,6.1875,6.1875,400
1992-11-27,6.1875,6.1875,6.1875,6.1875,6.1875,300
1992-11-30,6.1875,6.1875,5.8125,5.8125,5.8125,13000
1992-12-01,6.0,6.1875,5.8125,5.8125,5.8125,4100
1992-12-02,6.1875,6.1875,5.8125,6.1875,6.1875,2900
1992-12-03,6.1875,6.1875,5.8125,5.8125,5.8125,1700
1992-12-04,6.0,6.375,6.0,6.28125,6.28125,13200
1992-12-07,6.0,6.375,6.0,6.0,6.0,5900
1992-12-08,6.0,6.375,6.0,6.375,6.375,5100
1992-12-09,6.1875,6.375,6.0,6.375,6.375,14600
1992-12-10,6.375,6.375,6.0,6.375,6.375,21900
1992-12-11,6.09375,6.375,6.0,6.375,6.375,19800
1992-12-14,6.1875,6.1875,6.1875,6.1875,6.1875,2500
1992-12-15,6.75,6.75,6.1875,6.375,6.375,9600
1992-12-16,6.1875,6.75,6.1875,6.375,6.375,6600
1992-12-17,6.1875,6.1875,6.1875,6.1875,6.1875,3000
1992-12-18,6.1875,6.5625,6.1875,6.5625,6.5625,16500
1992-12-21,6.1875,6.5625,6.1875,6.1875,6.1875,5500
1992-12-22,6.375,6.5625,6.1875,6.1875,6.1875,4600
1992-12-23,6.1875,6.5625,6.1875,6.375,6.375,9500
1992-12-24,6.1875,6.1875,6.1875,6.1875,6.1875,100
1992-12-28,6.375,6.375,6.1875,6.1875,6.1875,2000
1992-12-29,6.1875,6.1875,6.1875,6.1875,6.1875,3300
1992-12-30,6.1875,6.5625,6.1875,6.1875,6.1875,3500
1992-12-31,6.5625,6.5625,6.1875,6.1875,6.1875,600
1993-01-04,6.1875,6.1875,6.1875,6.1875,6.1875,3400
1993-01-05,6.28125,6.375,6.1875,6.1875,6.1875,4400
1993-01-06,6.28125,6.375,6.1875,6.375,6.375,14500
1993-01-07,6.1875,6.375,6.1875,6.28125,6.28125,4700
1993-01-08,6.1875,6.375,6.1875,6.1875,6.1875,4600
1993-01-11,6.375,6.375,6.28125,6.375,6.375,3500
1993-01-12,6.375,6.375,6.375,6.375,6.375,800
1993-01-13,6.1875,6.5625,6.1875,6.5625,6.5625,11600
1993-01-14,6.375,6.5625,6.1875,6.1875,6.1875,4900
1993-01-15,6.5625,6.5625,6.1875,6.28125,6.28125,41700
1993-01-18,6.5625,6.5625,6.1875,6.5625,6.5625,1300
1993-01-19,6.5625,6.5625,6.1875,6.1875,6.1875,19800
1993-01-20,6.375,6.375,6.1875,6.375,6.375,9100
1993-01-21,6.375,6.375,6.1875,6.1875,6.1875,7100
1993-01-22,6.1875,6.375,6.1875,6.1875,6.1875,16000
1993-01-25,6.375,6.375,6.1875,6.1875,6.1875,16100
1993-01-26,6.375,6.375,6.1875,6.28125,6.28125,10100
1993-01-27,6.375,6.375,6.1875,6.375,6.375,14800
1993-01-28,6.1875,6.375,6.1875,6.1875,6.1875,6200
1993-01-29,6.1875,6.375,6.1875,6.1875,6.1875,3300
1993-02-01,6.375,6.375,6.1875,6.28125,6.28125,7200
1993-02-02,6.375,6.375,6.1875,6.1875,6.1875,3700
1993-02-03,6.1875,6.375,6.1875,6.28125,6.28125,2500
1993-02-04,6.1875,6.375,6.0,6.375,6.375,30700
1993-02-05,6.0,6.375,6.0,6.375,6.375,2300
1993-02-08,6.0,6.375,6.0,6.0,6.0,2500
1993-02-09,6.375,6.375,6.0,6.0,6.0,2200
1993-02-10,6.0,6.375,6.0,6.375,6.375,4800
1993-02-11,6.375,6.375,6.0,6.1875,6.1875,13800
1993-02-12,6.1875,6.1875,6.09375,6.1875,6.1875,4800
1993-02-16,6.1875,6.1875,6.0,6.1875,6.1875,16400
1993-02-17,6.0,6.1875,6.0,6.1875,6.1875,56100
1993-02-18,6.1875,6.375,6.0,6.375,6.375,18700
1993-02-19,6.0,6.375,6.0,6.375,6.375,4500
1993-02-22,6.375,6.375,6.0,6.0,6.0,32800
1993-02-23,6.0,6.375,6.0,6.0,6.0,4200
1993-02-24,6.0,6.375,6.0,6.375,6.375,3700
1993-02-25,6.0,6.28125,6.0,6.0,6.0,10600
1993-02-26,6.0,6.375,6.0,6.1875,6.1875,11300
1993-03-01,6.1875,6.1875,6.0,6.09375,6.09375,5100
1993-03-02,6.0,6.0,6.0,6.0,6.0,6400
1993-03-03,6.0,6.1875,6.0,6.1875,6.1875,17100
1993-03-04,6.1875,6.375,6.0,6.375,6.375,28800
1993-03-05,6.09375,6.5625,6.09375,6.5625,6.5625,26900
1993-03-08,6.1875,6.5625,6.1875,6.1875,6.1875,11300
1993-03-09,6.1875,6.5625,6.1875,6.1875,6.1875,13400
1993-03-10,6.5625,6.5625,6.5625,6.5625,6.5625,1000
1993-03-11,6.5625,6.5625,6.1875,6.1875,6.1875,1400
1993-03-12,6.5625,6.5625,6.1875,6.1875,6.1875,4900
1993-03-15,6.1875,6.5625,6.1875,6.1875,6.1875,7000
1993-03-16,6.1875,6.1875,6.1875,6.1875,6.1875,1100
1993-03-17,6.5625,6.5625,6.375,6.5625,6.5625,5800
1993-03-18,6.1875,6.5625,6.1875,6.375,6.375,1400
1993-03-19,6.1875,6.1875,6.1875,6.1875,6.1875,1800
1993-03-22,6.1875,6.375,6.1875,6.375,6.375,1300
1993-03-23,6.1875,6.1875,6.1875,6.1875,6.1875,1400
1993-03-24,6.1875,6.1875,6.1875,6.1875,6.1875,1000
1993-03-25,6.1875,6.375,6.1875,6.375,6.375,800
1993-03-26,6.1875,6.1875,6.1875,6.1875,6.1875,800
1993-03-29,6.1875,6.375,6.1875,6.375,6.375,2100
1993-03-30,6.1875,6.375,6.1875,6.375,6.375,1700
1993-03-31,6.375,6.5625,6.1875,6.375,6.375,8800
1993-04-01,6.5625,6.5625,6.375,6.375,6.375,3700
1993-04-02,6.375,6.375,6.375,6.375,6.375,1400
1993-04-05,6.375,6.375,6.375,6.375,6.375,400
1993-04-06,6.5625,6.5625,6.375,6.375,6.375,500
1993-04-07,6.5625,6.5625,6.46875,6.5625,6.5625,2100
1993-04-08,6.375,6.75,6.375,6.75,6.75,12900
1993-04-12,7.6875,8.25,6.75,8.0625,8.0625,68900
1993-04-13,8.4375,8.625,8.0625,8.4375,8.4375,46900
1993-04-14,8.4375,9.0,8.0625,8.625,8.625,40100
1993-04-15,8.625,9.75,8.25,9.1875,9.1875,38400
1993-04-16,9.75,9.75,8.8125,9.375,9.375,50000
1993-04-19,9.1875,9.5625,8.625,9.0,9.0,19700
1993-04-20,9.0,9.0,8.0625,8.4375,8.4375,20200
1993-04-21,8.4375,8.4375,8.0625,8.25,8.25,10200
1993-04-22,8.25,8.4375,8.0625,8.0625,8.0625,8100
1993-04-23,8.4375,8.4375,8.0625,8.0625,8.0625,10700
1993-04-26,8.625,8.8125,8.25,8.8125,8.8125,6500
1993-04-27,9.0,9.0,8.625,9.0,9.0,7000
1993-04-28,9.0,9.0,8.625,8.625,8.625,7900
1993-04-29,9.0,9.0,8.625,9.0,9.0,10500
1993-04-30,9.0,9.0,8.625,9.0,9.0,9500
1993-05-03,9.0,9.0,8.625,8.90625,8.90625,18500
1993-05-04,9.0,9.0,8.625,8.625,8.625,15100
1993-05-05,9.0,9.0,8.625,8.625,8.625,12900
1993-05-06,8.625,9.1875,8.625,8.625,8.625,1500
1993-05-07,8.625,9.1875,8.625,9.1875,9.1875,6200
1993-05-10,9.0,9.1875,8.625,9.0,9.0,6300
1993-05-11,8.625,9.0,8.625,9.0,9.0,2100
1993-05-12,8.4375,9.0,8.0625,8.625,8.625,10300
1993-05-13,8.0625,8.625,8.0625,8.4375,8.4375,3900
1993-05-14,8.4375,8.4375,8.0625,8.25,8.25,5500
1993-05-17,8.4375,8.625,8.0625,8.25,8.25,7700
1993-05-18,8.25,8.625,8.0625,8.4375,8.4375,3200
1993-05-19,8.4375,8.4375,8.0625,8.0625,8.0625,4300
1993-05-20,8.4375,8.4375,8.0625,8.25,8.25,3000
1993-05-21,8.4375,8.4375,8.0625,8.4375,8.4375,1100
1993-05-24,8.4375,8.4375,8.0625,8.4375,8.4375,6200
1993-05-25,8.0625,8.0625,8.0625,8.0625,8.0625,300
1993-05-26,8.25,8.25,7.875,7.875,7.875,24000
1993-05-27,8.25,8.25,7.5,7.875,7.875,5600
1993-05-28,7.5,7.6875,7.5,7.5,7.5,6100
1993-06-01,7.6875,7.6875,7.3125,7.3125,7.3125,11600
1993-06-02,7.6875,7.6875,7.3125,7.40625,7.40625,3800
1993-06-03,7.3125,7.6875,7.3125,7.3125,7.3125,2700
1993-06-04,7.3125,7.6875,7.125,7.125,7.125,12200
1993-06-07,7.6875,7.6875,7.125,7.6875,7.6875,7800
1993-06-08,7.6875,7.875,7.3125,7.3125,7.3125,9300
1993-06-09,7.6875,7.6875,7.6875,7.6875,7.6875,900
1993-06-10,7.6875,7.6875,7.3125,7.3125,7.3125,1900
1993-06-11,7.3125,7.6875,7.3125,7.6875,7.6875,2300
1993-06-14,7.6875,7.6875,7.3125,7.5,7.5,6100
1993-06-15,7.5,7.5,7.125,7.5,7.5,3000
1993-06-16,7.5,7.5,7.125,7.5,7.5,3700
1993-06-17,7.5,7.5,6.75,7.3125,7.3125,4100
1993-06-18,6.75,7.3125,6.75,7.3125,7.3125,2500
1993-06-21,7.3125,7.3125,7.21875,7.21875,7.21875,2000
1993-06-22,6.75,7.3125,6.75,7.3125,7.3125,1700
1993-06-23,7.3125,7.3125,6.5625,7.3125,7.3125,1400
1993-06-24,7.3125,7.3125,6.5625,6.9375,6.9375,5100
1993-06-25,6.75,6.75,6.75,6.75,6.75,600
1993-06-28,6.75,7.125,6.75,6.9375,6.9375,5200
1993-06-29,6.9375,7.5,6.9375,7.3125,7.3125,3500
1993-06-30,7.125,7.5,7.125,7.3125,7.3125,2700
1993-07-01,7.5,7.6875,7.40625,7.6875,7.6875,2700
1993-07-02,7.5,7.875,7.5,7.875,7.875,3400
1993-07-06,7.875,7.875,7.3125,7.6875,7.6875,6000
1993-07-07,7.6875,7.875,7.3125,7.875,7.875,20000
1993-07-08,8.25,8.25,7.5,7.5,7.5,6600
1993-07-09,7.5,8.0625,7.5,8.0625,8.0625,400
1993-07-12,8.0625,8.0625,7.5,7.5,7.5,900
1993-07-13,8.0625,8.0625,7.5,7.5,7.5,500
1993-07-14,8.0625,8.0625,7.3125,7.3125,7.3125,6400
1993-07-15,7.875,7.875,7.3125,7.5,7.5,2800
1993-07-16,7.3125,7.5,7.3125,7.3125,7.3125,7100
1993-07-19,7.3125,7.3125,7.3125,7.3125,7.3125,600
1993-07-20,7.875,7.875,7.3125,7.59375,7.59375,2300
1993-07-21,7.3125,7.3125,7.3125,7.3125,7.3125,800
1993-07-22,7.3125,7.6875,7.3125,7.6875,7.6875,1800
1993-07-23,7.3125,7.3125,7.3125,7.3125,7.3125,3000
1993-07-26,7.3125,7.5,7.3125,7.5,7.5,4200
1993-07-27,7.3125,7.3125,7.125,7.125,7.125,1200
1993-07-28,7.5,7.5,7.125,7.125,7.125,1300
1993-07-29,7.5,7.5,7.5,7.5,7.5,600
1993-07-30,7.125,7.5,7.125,7.125,7.125,400
1993-08-02,7.125,7.3125,6.9375,7.125,7.125,3800
1993-08-03,7.125,7.125,6.84375,7.125,7.125,1700
1993-08-04,6.75,6.75,6.375,6.75,6.75,8000
1993-08-05,7.125,7.125,6.5625,6.5625,6.5625,900
1993-08-06,6.375,6.75,6.375,6.5625,6.5625,1700
1993-08-09,6.5625,6.5625,6.1875,6.28125,6.28125,5900
1993-08-10,6.375,6.5625,6.375,6.5625,6.5625,1900
1993-08-11,6.75,6.75,6.1875,6.1875,6.1875,1900
1993-08-12,6.1875,6.75,6.1875,6.1875,6.1875,2700
1993-08-13,6.46875,6.75,6.1875,6.1875,6.1875,1300
1993-08-16,6.75,6.75,6.1875,6.5625,6.5625,3500
1993-08-17,6.0,6.5625,6.0,6.5625,6.5625,3100
1993-08-18,6.5625,6.5625,6.0,6.5625,6.5625,7900
1993-08-19,6.5625,6.5625,6.1875,6.1875,6.1875,4500
1993-08-20,6.5625,6.5625,6.1875,6.1875,6.1875,17100
1993-08-23,6.0,6.0,6.0,6.0,6.0,300
1993-08-24,6.0,6.1875,5.625,6.0,6.0,7700
1993-08-25,6.0,6.0,6.0,6.0,6.0,1400
1993-08-26,6.1875,6.1875,5.8125,6.09375,6.09375,11800
1993-08-27,6.1875,6.375,6.0,6.375,6.375,2100
1993-08-30,6.375,6.375,6.375,6.375,6.375,0
1993-08-31,6.375,6.375,6.0,6.0,6.0,3000
1993-09-01,6.0,6.375,5.8125,5.8125,5.8125,2800
1993-09-02,5.8125,6.1875,5.8125,5.8125,5.8125,5300
1993-09-03,6.1875,6.1875,5.8125,6.09375,6.09375,5700
1993-09-07,6.1875,6.1875,5.8125,5.8125,5.8125,1000
1993-09-08,5.8125,6.1875,5.8125,6.1875,6.1875,1600
1993-09-09,6.1875,6.1875,5.8125,5.90625,5.90625,1800
1993-09-10,6.0,6.75,5.8125,6.75,6.75,8800
1993-09-13,6.75,6.75,6.0,6.375,6.375,12000
1993-09-14,6.375,6.375,6.0,6.1875,6.1875,3900
1993-09-15,6.0,6.375,6.0,6.0,6.0,800
1993-09-16,6.75,6.75,6.75,6.75,6.75,100
1993-09-17,6.75,6.75,6.0,6.75,6.75,900
1993-09-20,6.75,6.75,6.0,6.0,6.0,200
1993-09-21,6.75,9.0,6.0,6.0,6.0,2700
1993-09-22,6.1875,6.75,6.1875,6.1875,6.1875,2400
1993-09-23,6.1875,6.5625,6.0,6.0,6.0,14200
1993-09-24,6.0,6.0,6.0,6.0,6.0,0
1993-09-27,6.0,6.0,6.0,6.0,6.0,0
1993-09-28,6.375,6.375,6.375,6.375,6.375,900
1993-09-29,6.0,6.0,6.0,6.0,6.0,1600
1993-09-30,6.0,6.375,6.0,6.375,6.375,11800
1993-10-01,6.375,6.375,6.0,6.0,6.0,3500
1993-10-04,6.0,6.375,6.0,6.375,6.375,500
1993-10-05,6.0,6.0,6.0,6.0,6.0,600
1993-10-06,6.375,6.375,6.0,6.0,6.0,700
1993-10-07,6.0,6.0,6.0,6.0,6.0,200
1993-10-08,6.0,6.1875,6.0,6.0,6.0,600
1993-10-11,6.375,6.375,6.0,6.0,6.0,8000
1993-10-12,6.09375,6.1875,6.0,6.1875,6.1875,2700
1993-10-13,6.1875,6.1875,5.8125,5.8125,5.8125,2200
1993-10-14,6.0,6.1875,5.8125,5.8125,5.8125,1700
1993-10-15,6.1875,6.1875,5.8125,6.1875,6.1875,1500
1993-10-18,5.8125,6.1875,5.8125,5.8125,5.8125,22200
1993-10-19,5.8125,6.1875,5.8125,6.0,6.0,15800
1993-10-20,6.0,6.375,5.8125,6.1875,6.1875,20500
1993-10-21,5.8125,6.375,5.8125,5.8125,5.8125,2900
1993-10-22,6.0,6.0,6.0,6.0,6.0,100
1993-10-25,5.8125,5.8125,5.4375,5.4375,5.4375,9900
1993-10-26,5.625,5.625,5.25,5.25,5.25,2000
1993-10-27,5.625,5.625,5.25,5.25,5.25,2100
1993-10-28,5.25,5.625,5.25,5.625,5.625,300
1993-10-29,5.625,5.625,5.25,5.4375,5.4375,2900
1993-11-01,5.4375,5.625,5.4375,5.625,5.625,9700
1993-11-02,5.8125,5.8125,5.4375,5.8125,5.8125,14400
1993-11-03,5.8125,6.0,5.625,6.0,6.0,6200
1993-11-04,6.0,6.0,5.625,6.0,6.0,10100
1993-11-05,5.625,5.8125,5.625,5.8125,5.8125,13000
1993-11-08,5.625,5.8125,5.625,5.8125,5.8125,1600
1993-11-09,5.8125,6.0,5.4375,6.0,6.0,2600
1993-11-10,5.625,6.0,5.625,6.0,6.0,4500
1993-11-11,6.0,6.375,6.0,6.375,6.375,8100
1993-11-12,5.8125,6.375,5.8125,6.375,6.375,3100
1993-11-15,6.0,6.375,5.8125,5.8125,5.8125,4200
1993-11-16,6.0,6.375,5.8125,6.375,6.375,200
1993-11-17,6.1875,6.375,5.8125,6.375,6.375,1400
1993-11-18,6.375,6.375,5.8125,5.8125,5.8125,1700
1993-11-19,5.8125,6.0,5.8125,6.0,6.0,3200
1993-11-22,6.0,6.0,5.4375,5.4375,5.4375,6700
1993-11-23,5.8125,5.8125,5.4375,5.8125,5.8125,1700
1993-11-24,5.8125,5.8125,5.8125,5.8125,5.8125,400
1993-11-26,5.8125,5.8125,5.8125,5.8125,5.8125,100
1993-11-29,5.8125,5.8125,5.4375,5.625,5.625,5100
1993-11-30,5.625,5.625,5.25,5.25,5.25,1900
1993-12-01,5.25,5.625,5.25,5.625,5.625,2000
1993-12-02,5.25,5.25,5.25,5.25,5.25,100
1993-12-03,5.625,5.625,5.25,5.625,5.625,1400
1993-12-06,5.625,5.625,5.25,5.25,5.25,4200
1993-12-07,5.625,5.625,5.25,5.25,5.25,1800
1993-12-08,5.625,5.625,5.25,5.25,5.25,500
1993-12-09,5.25,5.625,5.25,5.25,5.25,5200
1993-12-10,5.25,5.625,5.25,5.25,5.25,2300
1993-12-13,5.25,5.625,5.25,5.625,5.625,2000
1993-12-14,5.25,5.4375,5.25,5.4375,5.4375,7300
1993-12-15,5.25,5.4375,5.25,5.4375,5.4375,800
1993-12-16,5.25,5.4375,5.25,5.25,5.25,700
1993-12-17,5.25,5.25,5.25,5.25,5.25,300
1993-12-20,5.25,5.25,5.25,5.25,5.25,400
1993-12-21,5.25,5.25,5.25,5.25,5.25,100
1993-12-22,5.25,5.625,5.25,5.25,5.25,1100
1993-12-23,5.625,5.625,5.25,5.25,5.25,5700
1993-12-27,5.25,5.25,5.25,5.25,5.25,800
1993-12-28,5.25,5.625,5.25,5.25,5.25,3500
1993-12-29,5.25,5.625,5.25,5.25,5.25,5900
1993-12-30,5.4375,5.4375,5.25,5.25,5.25,10400
1993-12-31,5.25,5.625,5.25,5.25,5.25,1900
1994-01-03,5.25,5.25,5.25,5.25,5.25,500
1994-01-04,5.625,5.625,5.25,5.4375,5.4375,4200
1994-01-05,5.25,5.25,5.25,5.25,5.25,300
1994-01-06,5.25,5.625,5.25,5.625,5.625,1500
1994-01-07,5.25,5.625,5.25,5.25,5.25,2900
1994-01-10,5.625,5.625,5.625,5.625,5.625,0
1994-01-11,5.25,5.625,5.25,5.4375,5.4375,4500
1994-01-12,5.4375,5.8125,5.4375,5.8125,5.8125,4000
1994-01-13,5.8125,6.1875,5.625,5.625,5.625,5900
1994-01-14,6.0,6.0,5.8125,6.0,6.0,5800
1994-01-17,6.0,6.0,6.0,6.0,6.0,200
1994-01-18,5.625,6.0,5.625,5.8125,5.8125,5300
1994-01-19,5.625,6.1875,5.625,6.1875,6.1875,1400
1994-01-20,6.0,6.375,5.625,6.375,6.375,3800
1994-01-21,6.0,6.375,5.625,6.0,6.0,7000
1994-01-24,6.375,6.375,6.0,6.0,6.0,5200
1994-01-25,6.0,6.375,6.0,6.0,6.0,400
1994-01-26,6.0,6.0,5.8125,6.0,6.0,4100
1994-01-27,6.375,6.375,5.8125,5.8125,5.8125,1900
1994-01-28,5.8125,6.375,5.8125,6.375,6.375,1100
1994-01-31,5.8125,6.375,5.8125,6.375,6.375,400
1994-02-01,5.8125,6.375,5.8125,5.8125,5.8125,900
1994-02-02,6.1875,6.1875,6.1875,6.1875,6.1875,600
1994-02-03,6.1875,6.1875,6.1875,6.1875,6.1875,900
1994-02-04,6.1875,6.1875,5.8125,5.8125,5.8125,300
1994-02-07,5.8125,6.1875,5.8125,6.0,6.0,2500
1994-02-08,5.8125,5.8125,5.8125,5.8125,5.8125,100
1994-02-09,5.8125,6.1875,5.8125,5.8125,5.8125,600
1994-02-10,6.1875,6.1875,6.1875,6.1875,6.1875,3000
1994-02-11,6.375,6.75,6.1875,6.75,6.75,10600
1994-02-14,6.75,7.125,6.5625,6.9375,6.9375,8600
1994-02-15,7.125,7.3125,6.75,6.9375,6.9375,14000
1994-02-16,6.9375,6.9375,6.5625,6.75,6.75,7100
1994-02-17,6.375,7.125,6.375,6.75,6.75,12700
1994-02-18,7.125,7.125,6.75,6.75,6.75,2200
1994-02-22,7.125,7.125,6.75,7.125,7.125,5100
1994-02-23,7.3125,7.3125,6.75,6.75,6.75,3600
1994-02-24,6.9375,6.9375,6.75,6.9375,6.9375,5000
1994-02-25,6.75,6.9375,6.5625,6.75,6.75,9400
1994-02-28,6.5625,7.125,6.5625,6.9375,6.9375,5800
1994-03-01,6.75,7.125,6.75,6.75,6.75,7800
1994-03-02,6.75,7.125,6.75,6.75,6.75,9300
1994-03-03,6.75,7.125,6.5625,6.5625,6.5625,10000
1994-03-04,6.5625,6.5625,6.5625,6.5625,6.5625,1100
1994-03-07,7.125,7.125,6.5625,6.5625,6.5625,900
1994-03-08,6.75,6.75,6.5625,6.5625,6.5625,9700
1994-03-09,6.9375,6.9375,6.9375,6.9375,6.9375,100
1994-03-10,6.9375,6.9375,6.375,6.375,6.375,700
1994-03-11,6.375,6.9375,6.375,6.9375,6.9375,2400
1994-03-14,7.125,7.125,6.75,6.75,6.75,6200
1994-03-15,7.125,8.25,7.125,8.25,8.25,19200
1994-03-16,8.25,9.0,7.875,7.875,7.875,18900
1994-03-17,8.25,8.625,8.0625,8.4375,8.4375,4000
1994-03-18,8.4375,8.4375,7.875,8.4375,8.4375,7300
1994-03-21,8.25,9.0,8.25,8.8125,8.8125,39700
1994-03-22,8.8125,8.8125,8.625,8.71875,8.71875,12300
1994-03-23,8.8125,8.8125,8.4375,8.4375,8.4375,10000
1994-03-24,8.4375,8.8125,8.4375,8.625,8.625,7000
1994-03-25,8.625,8.8125,8.25,8.25,8.25,3000
1994-03-28,8.8125,8.8125,8.25,8.25,8.25,3500
1994-03-29,8.8125,8.8125,8.4375,8.4375,8.4375,5400
1994-03-30,8.4375,8.8125,8.4375,8.4375,8.4375,1000
1994-03-31,8.4375,8.8125,8.4375,8.4375,8.4375,2600
1994-04-04,8.4375,8.625,8.25,8.625,8.625,3900
1994-04-05,8.8125,8.8125,8.4375,8.4375,8.4375,4500
1994-04-06,8.4375,8.8125,8.4375,8.8125,8.8125,4300
1994-04-07,8.4375,8.8125,8.25,8.25,8.25,9300
1994-04-08,8.25,8.25,8.0625,8.0625,8.0625,6100
1994-04-11,8.4375,8.4375,8.0625,8.0625,8.0625,3000
1994-04-12,8.0625,8.4375,7.875,7.875,7.875,2100
1994-04-13,8.4375,8.4375,7.875,7.875,7.875,1100
1994-04-14,8.4375,8.4375,7.875,7.875,7.875,1400
1994-04-15,7.875,8.25,7.6875,8.25,8.25,3300
1994-04-18,8.25,8.25,7.5,7.5,7.5,3300
1994-04-19,7.3125,7.875,7.3125,7.875,7.875,500
1994-04-20,7.875,7.875,7.875,7.875,7.875,0
1994-04-21,7.5,7.5,7.5,7.5,7.5,1000
1994-04-22,7.5,7.5,7.5,7.5,7.5,300
1994-04-25,7.3125,7.875,7.3125,7.875,7.875,700
1994-04-26,7.6875,7.6875,7.3125,7.5,7.5,1400
1994-04-28,7.3125,7.5,7.125,7.125,7.125,3200
1994-04-29,7.125,7.5,7.125,7.5,7.5,1400
1994-05-02,7.5,7.5,7.125,7.125,7.125,400
1994-05-03,7.125,7.125,7.125,7.125,7.125,0
1994-05-04,7.125,7.5,7.125,7.125,7.125,400
1994-05-05,7.5,7.5,7.5,7.5,7.5,700
1994-05-06,7.5,7.5,7.5,7.5,7.5,300
1994-05-09,7.5,7.5,7.125,7.5,7.5,700
1994-05-10,7.3125,7.5,7.3125,7.5,7.5,1200
1994-05-11,7.3125,7.5,7.3125,7.5,7.5,300
1994-05-12,7.5,7.5,7.5,7.5,7.5,0
1994-05-13,7.125,7.125,7.125,7.125,7.125,0
1994-05-16,7.125,7.5,7.125,7.5,7.5,200
1994-05-17,7.125,7.125,7.125,7.125,7.125,0
1994-05-18,7.5,7.5,7.125,7.5,7.5,3400
1994-05-19,7.125,7.5,7.125,7.125,7.125,7200
1994-05-20,7.125,7.5,7.125,7.5,7.5,1200
1994-05-23,7.5,7.5,7.125,7.125,7.125,5400
1994-05-24,7.125,7.5,7.125,7.5,7.5,2100
1994-05-25,7.5,7.5,7.5,7.5,7.5,500
1994-05-26,7.5,7.5,7.125,7.3125,7.3125,1400
1994-05-27,7.3125,7.3125,7.3125,7.3125,7.3125,0
1994-05-31,7.5,7.5,7.3125,7.5,7.5,500
1994-06-01,7.125,7.5,7.125,7.125,7.125,5600
1994-06-02,7.5,7.5,7.125,7.125,7.125,5300
1994-06-03,7.125,7.3125,7.125,7.3125,7.3125,1800
1994-06-06,7.3125,7.3125,6.75,6.75,6.75,1800
1994-06-07,6.75,6.75,6.75,6.75,6.75,1600
1994-06-08,6.5625,6.9375,6.5625,6.5625,6.5625,2600
1994-06-09,6.5625,6.9375,6.375,6.9375,6.9375,1400
1994-06-10,6.9375,6.9375,6.9375,6.9375,6.9375,0
1994-06-13,6.5625,6.9375,6.5625,6.9375,6.9375,1500
1994-06-14,6.9375,6.9375,6.5625,6.75,6.75,2300
1994-06-15,6.9375,6.9375,6.5625,6.5625,6.5625,1400
1994-06-16,6.5625,6.9375,6.5625,6.5625,6.5625,1500
1994-06-17,6.5625,6.9375,6.5625,6.9375,6.9375,5300
1994-06-20,6.5625,6.9375,6.375,6.9375,6.9375,2300
1994-06-21,6.375,6.375,6.1875,6.1875,6.1875,1500
1994-06-22,6.9375,6.9375,6.5625,6.9375,6.9375,400
1994-06-23,6.375,6.9375,6.375,6.375,6.375,6600
1994-06-24,6.75,6.75,6.375,6.375,6.375,3500
1994-06-27,6.1875,6.75,6.1875,6.1875,6.1875,2600
1994-06-28,6.1875,6.5625,6.0,6.0,6.0,2600
1994-06-29,6.75,6.75,6.46875,6.5625,6.5625,2500
1994-06-30,6.0,6.0,6.0,6.0,6.0,800
1994-07-01,6.0,6.5625,6.0,6.0,6.0,1300
1994-07-05,6.5625,6.5625,6.0,6.0,6.0,800
1994-07-06,6.0,6.0,6.0,6.0,6.0,1100
1994-07-07,6.0,6.5625,6.0,6.0,6.0,1300
1994-07-08,6.0,6.0,6.0,6.0,6.0,1300
1994-07-11,6.375,6.375,6.0,6.0,6.0,1400
1994-07-12,6.375,6.375,6.0,6.1875,6.1875,2600
1994-07-13,6.0,6.0,6.0,6.0,6.0,300
1994-07-14,6.0,6.0,6.0,6.0,6.0,200
1994-07-15,6.0,6.375,6.0,6.0,6.0,2800
1994-07-18,6.1875,6.1875,6.0,6.0,6.0,3500
1994-07-19,6.0,6.1875,6.0,6.09375,6.09375,700
1994-07-20,6.1875,6.1875,6.0,6.0,6.0,1800
1994-07-21,6.0,6.0,6.0,6.0,6.0,600
1994-07-22,6.0,6.1875,5.8125,6.0,6.0,3500
1994-07-25,6.0,6.0,6.0,6.0,6.0,1000
1994-07-26,6.0,6.0,6.0,6.0,6.0,2600
1994-07-27,5.8125,6.0,5.8125,6.0,6.0,2900
1994-07-28,6.1875,6.1875,5.8125,5.8125,5.8125,1600
1994-07-29,5.8125,5.8125,5.8125,5.8125,5.8125,0
1994-08-01,6.1875,6.1875,6.1875,6.1875,6.1875,2200
1994-08-02,5.8125,6.1875,5.8125,6.09375,6.09375,1900
1994-08-03,6.1875,6.65625,6.0,6.65625,6.65625,8300
1994-08-04,6.75,6.75,6.375,6.375,6.375,1400
1994-08-05,6.5625,6.9375,6.375,6.9375,6.9375,5600
1994-08-08,6.5625,7.125,6.5625,7.125,7.125,1400
1994-08-09,6.9375,6.9375,6.5625,6.5625,6.5625,1900
1994-08-10,6.5625,6.9375,6.5625,6.9375,6.9375,700
1994-08-11,6.9375,6.9375,6.9375,6.9375,6.9375,0
1994-08-12,6.5625,7.125,6.5625,7.125,7.125,700
1994-08-15,7.3125,7.3125,7.3125,7.3125,7.3125,1000
1994-08-16,7.3125,7.6875,6.9375,7.6875,7.6875,5300
1994-08-17,7.6875,7.875,7.5,7.5,7.5,3700
1994-08-18,7.5,8.0625,7.5,7.5,7.5,5400
1994-08-19,7.5,8.0625,7.5,7.875,7.875,4900
1994-08-22,8.25,8.25,7.875,7.875,7.875,1500
1994-08-23,7.875,8.25,7.875,7.875,7.875,8900
1994-08-24,7.875,8.625,7.875,8.625,8.625,3500
1994-08-25,8.25,8.625,8.25,8.25,8.25,1000
1994-08-26,8.25,8.625,8.25,8.625,8.625,19500
1994-08-29,8.625,8.8125,8.25,8.25,8.25,12400
1994-08-30,8.25,8.25,8.25,8.25,8.25,500
1994-08-31,8.25,8.625,8.25,8.25,8.25,4900
1994-09-01,8.25,8.625,8.25,8.25,8.25,1500
1994-09-02,8.25,8.25,8.0625,8.0625,8.0625,5000
1994-09-06,8.0625,8.34375,8.0625,8.25,8.25,4000
1994-09-07,8.0625,8.4375,8.0625,8.4375,8.4375,900
1994-09-08,8.25,8.4375,8.0625,8.25,8.25,2800
1994-09-09,8.0625,8.0625,8.0625,8.0625,8.0625,800
1994-09-12,8.0625,8.4375,8.0625,8.25,8.25,700
1994-09-13,8.0625,8.25,8.0625,8.0625,8.0625,1700
1994-09-14,8.0625,8.25,8.0625,8.25,8.25,2500
1994-09-15,8.4375,8.4375,8.25,8.25,8.25,1300
1994-09-16,8.4375,8.4375,8.390625,8.4375,8.4375,1200
1994-09-19,8.0625,8.4375,8.0625,8.25,8.25,2500
1994-09-20,8.4375,8.625,8.25,8.25,8.25,6000
1994-09-21,8.4375,8.4375,7.875,7.875,7.875,1100
1994-09-22,7.875,8.4375,7.875,8.25,8.25,2600
1994-09-23,8.4375,8.4375,7.875,7.875,7.875,3000
1994-09-26,8.4375,8.4375,7.875,7.875,7.875,2500
1994-09-27,8.25,8.25,7.5,7.5,7.5,5400
1994-09-28,7.5,8.0625,7.5,8.0625,8.0625,5200
1994-09-29,7.6875,7.6875,7.6875,7.6875,7.6875,1900
1994-09-30,7.875,7.875,7.5,7.6875,7.6875,4400
1994-10-03,7.875,7.875,7.875,7.875,7.875,500
1994-10-04,7.875,7.875,7.875,7.875,7.875,0
1994-10-05,7.5,7.5,7.5,7.5,7.5,900
1994-10-06,7.5,7.5,7.3125,7.3125,7.3125,2800
1994-10-07,7.21875,7.6875,7.125,7.125,7.125,1100
1994-10-10,7.125,7.3125,7.125,7.3125,7.3125,900
1994-10-11,7.3125,7.875,7.3125,7.875,7.875,1700
1994-10-12,7.5,7.875,7.5,7.875,7.875,3200
1994-10-13,7.5,7.875,7.5,7.6875,7.6875,3100
1994-10-14,7.3125,7.6875,7.3125,7.59375,7.59375,2800
1994-10-17,7.3125,7.6875,7.3125,7.3125,7.3125,8100
1994-10-18,7.3125,7.6875,7.3125,7.3125,7.3125,5400
1994-10-19,7.5,7.6875,7.125,7.5,7.5,3900
1994-10-20,7.125,7.5,7.125,7.125,7.125,2800
1994-10-21,7.3125,7.3125,6.9375,6.9375,6.9375,3200
1994-10-24,7.3125,7.3125,7.125,7.125,7.125,4100
1994-10-25,7.5,7.6875,7.3125,7.3125,7.3125,4300
1994-10-26,7.6875,7.875,7.5,7.6875,7.6875,5900
1994-10-27,7.875,7.875,7.59375,7.6875,7.6875,4500
1994-10-28,7.5,7.875,7.5,7.6875,7.6875,3400
1994-10-31,7.6875,7.6875,7.6875,7.6875,7.6875,200
1994-11-01,7.6875,7.875,7.5,7.6875,7.6875,1200
1994-11-02,7.5,7.5,7.5,7.5,7.5,400
1994-11-03,7.5,7.875,7.5,7.875,7.875,1400
1994-11-04,7.5,7.875,7.5,7.5,7.5,1000
1994-11-07,7.5,7.875,7.5,7.5,7.5,800
1994-11-08,7.5,7.6875,7.125,7.6875,7.6875,2900
1994-11-09,7.5,7.5,7.3125,7.3125,7.3125,2500
1994-11-10,7.3125,7.3125,7.3125,7.3125,7.3125,500
1994-11-11,7.3125,7.3125,7.3125,7.3125,7.3125,500
1994-11-14,7.3125,7.5,7.3125,7.5,7.5,2000
1994-11-15,7.6875,7.6875,7.6875,7.6875,7.6875,0
1994-11-16,7.3125,7.6875,7.125,7.21875,7.21875,3400
1994-11-17,7.6875,7.6875,7.125,7.125,7.125,2500
1994-11-18,7.125,7.3125,6.75,7.3125,7.3125,4200
1994-11-21,7.3125,7.3125,6.75,6.75,6.75,2600
1994-11-22,7.125,7.125,6.75,6.75,6.75,400
1994-11-23,6.9375,6.9375,6.0,6.1875,6.1875,7100
1994-11-25,6.1875,6.1875,6.1875,6.1875,6.1875,0
1994-11-28,6.0,6.5625,6.0,6.5625,6.5625,1900
1994-11-29,6.0,6.1875,6.0,6.1875,6.1875,4800
1994-11-30,6.5625,6.5625,6.28125,6.28125,6.28125,7100
1994-12-01,6.375,6.375,6.1875,6.1875,6.1875,2000
1994-12-02,6.5625,6.5625,6.1875,6.5625,6.5625,1600
1994-12-05,6.5625,6.5625,6.1875,6.1875,6.1875,3200
1994-12-06,6.1875,6.375,6.0,6.375,6.375,15400
1994-12-07,6.0,6.0,6.0,6.0,6.0,1100
1994-12-08,6.375,6.375,6.0,6.375,6.375,500
1994-12-09,6.375,6.375,6.375,6.375,6.375,300
1994-12-12,6.0,6.1875,6.0,6.1875,6.1875,5300
1994-12-13,6.1875,6.1875,6.0,6.0,6.0,300
1994-12-14,6.0,6.0,6.0,6.0,6.0,300
1994-12-15,6.0,6.0,6.0,6.0,6.0,200
1994-12-16,6.0,6.1875,6.0,6.1875,6.1875,3100
1994-12-19,6.1875,6.375,6.0,6.0,6.0,8600
1994-12-20,6.0,6.375,6.0,6.375,6.375,2300
1994-12-21,6.5625,6.5625,6.0,6.375,6.375,1000
1994-12-22,6.1875,6.5625,6.0,6.1875,6.1875,1900
1994-12-23,6.1875,6.1875,6.1875,6.1875,6.1875,0
1994-12-27,6.5625,6.5625,6.1875,6.1875,6.1875,700
1994-12-28,6.5625,6.5625,6.375,6.375,6.375,1300
1994-12-29,6.5625,6.5625,6.1875,6.1875,6.1875,200
1994-12-30,6.1875,6.5625,6.1875,6.1875,6.1875,1800
1995-01-03,6.375,6.375,6.09375,6.09375,6.09375,3400
1995-01-04,6.0,6.0,6.0,6.0,6.0,400
1995-01-05,6.0,6.46875,6.0,6.46875,6.46875,700
1995-01-06,6.1875,6.5625,6.1875,6.1875,6.1875,2100
1995-01-09,6.5625,6.5625,6.375,6.375,6.375,2200
1995-01-10,6.375,6.5625,6.375,6.5625,6.5625,5300
1995-01-11,6.46875,6.5625,6.46875,6.5625,6.5625,3700
1995-01-12,6.5625,6.9375,6.5625,6.5625,6.5625,4000
1995-01-13,6.9375,6.9375,6.5625,6.5625,6.5625,600
1995-01-16,6.5625,7.125,6.5625,7.125,7.125,1900
1995-01-17,6.75,7.125,6.75,7.125,7.125,800
1995-01-18,7.125,7.125,7.125,7.125,7.125,0
1995-01-19,6.9375,7.5,6.9375,7.125,7.125,10300
1995-01-20,7.5,7.5,7.5,7.5,7.5,100
1995-01-23,7.125,7.5,6.9375,7.5,7.5,4200
1995-01-24,6.9375,7.5,6.9375,7.3125,7.3125,700
1995-01-25,6.9375,6.9375,6.9375,6.9375,6.9375,2200
1995-01-26,6.75,7.3125,6.75,7.3125,7.3125,5400
1995-01-27,6.75,6.75,6.75,6.75,6.75,0
1995-01-30,6.75,6.75,6.75,6.75,6.75,900
1995-01-31,6.9375,7.3125,6.75,7.3125,7.3125,1600
1995-02-01,6.75,7.3125,6.75,7.3125,7.3125,600
1995-02-02,6.75,6.75,6.75,6.75,6.75,600
1995-02-03,6.75,7.3125,6.75,7.3125,7.3125,1500
1995-02-06,7.125,7.125,6.75,6.75,6.75,4500
1995-02-07,6.75,7.3125,6.75,6.75,6.75,4200
1995-02-08,7.3125,7.3125,6.75,6.75,6.75,200
1995-02-09,6.75,7.078125,6.75,7.078125,7.078125,3300
1995-02-10,6.5625,6.75,6.5625,6.75,6.75,500
1995-02-13,6.5625,7.3125,6.5625,6.75,6.75,2200
1995-02-14,7.03125,7.03125,6.75,6.75,6.75,2100
1995-02-15,7.3125,7.3125,6.75,6.75,6.75,500
1995-02-16,6.75,6.75,6.75,6.75,6.75,200
1995-02-17,6.75,7.125,6.75,6.9375,6.9375,12600
1995-02-21,6.75,6.75,6.75,6.75,6.75,100
1995-02-22,6.75,7.3125,6.75,6.9375,6.9375,4900
1995-02-23,7.3125,7.3125,6.9375,7.3125,7.3125,2400
1995-02-24,7.3125,7.3125,7.125,7.3125,7.3125,1900
1995-02-27,7.3125,7.3125,6.9375,7.125,7.125,17500
1995-02-28,7.3125,7.5,6.9375,7.21875,7.21875,1500
1995-03-01,6.9375,7.5,6.9375,7.125,7.125,7300
1995-03-02,7.5,7.5,7.125,7.5,7.5,11200
1995-03-03,7.5,8.0625,7.3125,7.6875,7.6875,18700
1995-03-06,7.6875,8.25,7.6875,8.25,8.25,20000
1995-03-07,8.625,8.625,8.25,8.625,8.625,9000
1995-03-08,8.625,9.0,8.25,8.4375,8.4375,14900
1995-03-09,8.25,8.625,8.25,8.25,8.25,2700
1995-03-10,8.25,8.4375,8.0625,8.25,8.25,7900
1995-03-13,8.4375,9.0,8.0625,8.8125,8.8125,13600
1995-03-14,8.8125,9.0,8.4375,8.625,8.625,6700
1995-03-15,8.625,9.1875,8.625,8.8125,8.8125,12300
1995-03-16,8.8125,9.375,8.8125,8.8125,8.8125,2000
1995-03-17,9.0,9.1875,8.8125,9.09375,9.09375,8800
1995-03-20,8.8125,9.375,8.8125,9.375,9.375,5700
1995-03-21,9.0,9.375,8.625,8.625,8.625,6400
1995-03-22,8.4375,9.0,8.4375,8.4375,8.4375,1000
1995-03-23,9.0,9.0,9.0,9.0,9.0,200
1995-03-24,8.4375,9.0,8.4375,8.4375,8.4375,1300
1995-03-27,9.0,9.1875,8.625,9.1875,9.1875,5500
1995-03-28,9.375,9.375,8.625,9.0,9.0,6900
1995-03-29,9.0,9.375,9.0,9.0,9.0,4400
1995-03-30,9.0,9.0,8.8125,8.8125,8.8125,2300
1995-03-31,9.1875,9.1875,8.625,8.8125,8.8125,7000
1995-04-03,8.8125,8.8125,8.625,8.625,8.625,1900
1995-04-04,8.4375,8.625,7.875,8.4375,8.4375,8700
1995-04-05,7.875,8.25,7.5,7.5,7.5,3400
1995-04-06,7.875,7.875,7.3125,7.3125,7.3125,7100
1995-04-07,7.3125,7.875,7.3125,7.875,7.875,16900
1995-04-10,7.5,7.875,7.5,7.875,7.875,6700
1995-04-11,7.875,8.0625,7.875,8.0625,8.0625,6500
1995-04-12,8.0625,8.0625,7.875,7.875,7.875,200
1995-04-13,7.875,7.875,7.6875,7.6875,7.6875,800
1995-04-17,7.6875,8.0625,7.6875,7.6875,7.6875,2300
1995-04-18,8.0625,8.0625,7.875,7.875,7.875,2400
1995-04-19,8.0625,8.0625,7.6875,7.875,7.875,2900
1995-04-20,7.6875,8.0625,7.6875,8.0625,8.0625,700
1995-04-21,7.6875,8.0625,7.5,7.6875,7.6875,2900
1995-04-24,7.5,7.875,7.5,7.59375,7.59375,2800
1995-04-25,7.6875,7.6875,7.3125,7.3125,7.3125,1900
1995-04-26,7.5,7.5,7.125,7.40625,7.40625,10400
1995-04-27,7.5,7.5,7.125,7.125,7.125,6900
1995-04-28,7.125,7.5,7.125,7.125,7.125,3500
1995-05-01,7.03125,7.5,7.03125,7.5,7.5,2900
1995-05-02,7.03125,7.125,7.03125,7.125,7.125,1100
1995-05-03,7.03125,7.125,7.03125,7.125,7.125,6900
1995-05-04,7.21875,7.21875,7.03125,7.125,7.125,5200
1995-05-05,7.21875,7.21875,7.03125,7.03125,7.03125,800
1995-05-08,7.03125,7.03125,7.03125,7.03125,7.03125,100
1995-05-09,7.03125,7.21875,7.03125,7.125,7.125,800
1995-05-10,7.03125,7.453125,7.03125,7.125,7.125,8100
1995-05-11,7.125,7.125,7.03125,7.03125,7.03125,2000
1995-05-12,7.5,7.5,7.125,7.125,7.125,9500
1995-05-15,7.125,7.6875,7.125,7.3125,7.3125,2200
1995-05-16,7.3125,7.5,7.125,7.3125,7.3125,6100
1995-05-17,7.3125,8.0625,7.3125,7.875,7.875,3300
1995-05-18,8.0625,8.0625,8.0625,8.0625,8.0625,200
1995-05-19,7.5,8.0625,7.5,7.5,7.5,900
1995-05-22,8.0625,8.25,8.0625,8.25,8.25,2000
1995-05-23,8.25,8.625,8.25,8.625,8.625,4600
1995-05-24,8.625,8.8125,8.25,8.4375,8.4375,1500
1995-05-25,8.4375,8.8125,8.4375,8.4375,8.4375,1500
1995-05-26,8.4375,8.4375,8.4375,8.4375,8.4375,600
1995-05-30,8.8125,8.8125,7.6875,7.6875,7.6875,14600
1995-05-31,7.6875,7.6875,7.6875,7.6875,7.6875,0
1995-06-01,7.6875,7.6875,7.6875,7.6875,7.6875,400
1995-06-02,8.25,8.25,7.6875,8.25,8.25,2700
1995-06-05,8.25,8.25,8.25,8.25,8.25,0
1995-06-06,7.6875,7.6875,7.6875,7.6875,7.6875,2500
1995-06-07,7.6875,7.6875,7.6875,7.6875,7.6875,0
1995-06-08,8.0625,8.0625,8.0625,8.0625,8.0625,2100
1995-06-09,7.6875,8.0625,7.6875,7.6875,7.6875,1800
1995-06-12,7.6875,8.0625,7.6875,8.0625,8.0625,1200
1995-06-13,7.6875,8.0625,7.6875,8.0625,8.0625,1100
1995-06-14,7.6875,8.8125,7.6875,8.8125,8.8125,28300
1995-06-15,8.8125,8.8125,8.8125,8.8125,8.8125,200
1995-06-16,8.4375,8.8125,8.4375,8.4375,8.4375,1900
1995-06-19,8.4375,8.4375,8.4375,8.4375,8.4375,1200
1995-06-20,8.8125,8.8125,8.4375,8.4375,8.4375,1400
1995-06-21,8.625,8.8125,8.625,8.8125,8.8125,1700
1995-06-22,8.8125,8.8125,8.625,8.625,8.625,6900
1995-06-23,8.625,9.0,8.625,8.625,8.625,1000
1995-06-26,9.0,9.0,8.625,8.625,8.625,2400
1995-06-27,8.625,8.625,8.625,8.625,8.625,0
1995-06-28,9.0,9.0,8.4375,8.4375,8.4375,800
1995-06-29,9.0,9.0,9.0,9.0,9.0,500
1995-06-30,9.0,9.0,8.4375,8.625,8.625,4600
1995-07-03,9.0,9.0,8.625,8.625,8.625,2100
1995-07-05,9.0,9.0,8.4375,8.625,8.625,3300
1995-07-06,9.0,9.0,7.875,7.875,7.875,17700
1995-07-07,7.875,8.4375,7.6875,8.4375,8.4375,9900
1995-07-10,7.875,8.4375,7.875,8.0625,8.0625,6200
1995-07-11,8.0625,8.4375,8.0625,8.4375,8.4375,3200
1995-07-12,8.4375,8.4375,7.875,7.875,7.875,700
1995-07-13,8.4375,8.4375,7.875,7.875,7.875,700
1995-07-14,7.875,8.4375,7.875,8.4375,8.4375,100
1995-07-17,8.4375,8.4375,7.875,7.875,7.875,1500
1995-07-18,7.875,7.875,7.875,7.875,7.875,800
1995-07-19,7.875,8.4375,7.6875,7.6875,7.6875,6800
1995-07-20,7.875,7.875,7.5,7.875,7.875,500
1995-07-21,8.0625,8.0625,7.5,7.6875,7.6875,2100
1995-07-24,7.3125,7.875,7.3125,7.6875,7.6875,3900
1995-07-25,7.5,8.4375,7.5,8.4375,8.4375,9600
1995-07-26,8.25,9.0,8.25,8.8125,8.8125,14500
1995-07-27,8.4375,9.1875,8.4375,9.1875,9.1875,64900
1995-07-28,9.375,9.5625,9.0,9.1875,9.1875,15300
1995-07-31,9.375,9.5625,8.625,9.0,9.0,33200
1995-08-01,9.0,9.1875,8.8125,8.8125,8.8125,3100
1995-08-02,9.1875,9.1875,8.625,8.625,8.625,2700
1995-08-03,8.625,8.8125,8.4375,8.8125,8.8125,4000
1995-08-04,8.53125,8.53125,8.4375,8.4375,8.4375,300
1995-08-07,8.4375,8.8125,8.4375,8.625,8.625,1200
1995-08-08,8.4375,8.8125,8.4375,8.8125,8.8125,300
1995-08-09,8.8125,8.8125,8.4375,8.4375,8.4375,11200
1995-08-10,8.625,8.8125,8.4375,8.4375,8.4375,4900
1995-08-11,8.8125,8.8125,8.625,8.625,8.625,2800
1995-08-14,8.8125,8.8125,7.6875,7.6875,7.6875,11100
1995-08-15,7.875,7.875,7.5,7.5,7.5,1500
1995-08-16,7.5,7.5,7.5,7.5,7.5,500
1995-08-17,7.5,7.875,7.5,7.875,7.875,6300
1995-08-18,7.875,7.875,7.125,7.125,7.125,13400
1995-08-21,7.125,7.59375,7.125,7.5,7.5,6000
1995-08-22,7.125,7.875,7.125,7.875,7.875,6700
1995-08-23,7.6875,7.6875,7.125,7.6875,7.6875,4700
1995-08-24,7.6875,7.6875,7.125,7.125,7.125,3300
1995-08-25,7.5,7.5,7.125,7.5,7.5,3600
1995-08-28,7.5,7.6875,7.3125,7.6875,7.6875,8100
1995-08-29,7.3125,7.875,7.125,7.3125,7.3125,17600
1995-08-30,7.6875,7.6875,7.125,7.6875,7.6875,700
1995-08-31,7.125,7.5,6.75,6.9375,6.9375,9400
1995-09-01,7.3125,7.3125,6.9375,7.3125,7.3125,900
1995-09-05,7.3125,7.3125,6.9375,7.3125,7.3125,1600
1995-09-06,7.3125,7.3125,6.9375,6.9375,6.9375,1200
1995-09-07,7.3125,7.3125,6.9375,6.9375,6.9375,1300
1995-09-08,7.3125,7.3125,6.9375,7.3125,7.3125,900
1995-09-11,7.3125,7.3125,6.9375,7.125,7.125,2700
1995-09-12,7.125,7.3125,6.9375,7.3125,7.3125,4100
1995-09-13,6.9375,6.9375,6.9375,6.9375,6.9375,200
1995-09-14,7.3125,7.3125,6.9375,6.9375,6.9375,2100
1995-09-15,6.9375,7.3125,6.9375,6.9375,6.9375,4500
1995-09-18,7.3125,7.3125,6.9375,7.125,7.125,2200
1995-09-19,6.9375,7.3125,6.9375,7.125,7.125,6400
1995-09-20,7.3125,7.3125,6.9375,6.9375,6.9375,3600
1995-09-21,6.9375,7.125,6.9375,7.125,7.125,400
1995-09-22,6.9375,7.3125,6.9375,7.3125,7.3125,1100
1995-09-25,7.3125,7.3125,7.3125,7.3125,7.3125,100
1995-09-26,6.9375,7.3125,6.9375,7.3125,7.3125,1400
1995-09-27,6.9375,7.125,6.9375,6.9375,6.9375,800
1995-09-28,6.9375,7.125,6.9375,6.9375,6.9375,800
1995-09-29,7.3125,7.3125,6.9375,6.9375,6.9375,3200
1995-10-02,7.3125,7.3125,6.9375,6.9375,6.9375,600
1995-10-03,6.9375,7.125,6.5625,6.5625,6.5625,4900
1995-10-04,6.9375,6.9375,6.5625,6.75,6.75,2100
1995-10-05,6.75,6.75,6.75,6.75,6.75,0
1995-10-06,6.75,6.9375,6.75,6.9375,6.9375,1000
1995-10-09,6.375,6.9375,6.375,6.9375,6.9375,1100
1995-10-10,6.375,6.375,6.375,6.375,6.375,200
1995-10-11,6.75,7.125,6.5625,6.5625,6.5625,4200
1995-10-12,6.5625,6.5625,6.5625,6.5625,6.5625,100
1995-10-13,7.125,7.125,6.5625,6.75,6.75,4000
1995-10-16,6.9375,6.9375,6.9375,6.9375,6.9375,200
1995-10-17,6.9375,6.9375,6.84375,6.84375,6.84375,400
1995-10-18,6.5625,6.5625,6.5625,6.5625,6.5625,400
1995-10-19,7.125,7.3125,6.75,7.3125,7.3125,12000
1995-10-20,7.3125,7.3125,7.125,7.3125,7.3125,2400
1995-10-23,7.125,7.125,6.5625,6.5625,6.5625,4600
1995-10-24,7.3125,7.3125,6.75,6.9375,6.9375,900
1995-10-25,7.125,7.125,6.75,6.75,6.75,1300
1995-10-26,7.125,7.125,6.5625,6.5625,6.5625,2200
1995-10-27,7.125,7.125,7.125,7.125,7.125,700
1995-10-30,7.125,7.875,7.125,7.78125,7.78125,18600
1995-10-31,7.6875,8.25,7.6875,7.6875,7.6875,3400
1995-11-01,8.25,8.25,7.5,7.5,7.5,6300
1995-11-02,7.5,8.0625,7.5,7.96875,7.96875,5800
1995-11-03,8.0625,8.0625,7.6875,7.96875,7.96875,3900
1995-11-06,8.0625,8.25,7.6875,7.875,7.875,3300
1995-11-07,7.6875,8.25,7.6875,7.875,7.875,2000
1995-11-08,8.4375,9.0,8.25,9.0,9.0,12400
1995-11-09,9.0,9.0,8.4375,8.625,8.625,7700
1995-11-10,8.8125,9.0,8.4375,8.4375,8.4375,15100
1995-11-13,8.4375,8.625,8.4375,8.625,8.625,2000
1995-11-14,8.8125,8.8125,8.25,8.8125,8.8125,7200
1995-11-15,8.8125,8.8125,8.25,8.625,8.625,3900
1995-11-16,8.625,8.625,8.0625,8.4375,8.4375,4300
1995-11-17,8.0625,8.25,8.0625,8.25,8.25,200
1995-11-20,8.0625,8.4375,8.0625,8.25,8.25,2200
1995-11-21,8.25,8.25,8.25,8.25,8.25,0
1995-11-22,8.4375,8.4375,8.0625,8.25,8.25,8400
1995-11-24,8.4375,8.625,8.25,8.25,8.25,3700
1995-11-27,8.34375,8.625,8.0625,8.625,8.625,6500
1995-11-28,8.8125,9.0,8.25,8.8125,8.8125,26500
1995-11-29,8.8125,9.0,8.625,9.0,9.0,12000
1995-11-30,9.0,9.5625,8.8125,9.0,9.0,30300
1995-12-01,9.5625,9.5625,8.8125,8.8125,8.8125,14800
1995-12-04,9.1875,9.1875,8.8125,9.1875,9.1875,2600
1995-12-05,8.8125,9.375,8.8125,9.1875,9.1875,12800
1995-12-06,9.375,10.3125,9.0,9.75,9.75,16000
1995-12-07,10.125,11.25,10.125,10.6875,10.6875,22800
1995-12-08,10.3125,10.6875,10.125,10.125,10.125,6000
1995-12-11,10.5,10.5,9.5625,10.3125,10.3125,16900
1995-12-12,10.5,10.5,9.9375,10.125,10.125,13000
1995-12-13,10.3125,10.3125,10.125,10.125,10.125,2700
1995-12-14,9.9375,10.5,9.9375,10.3125,10.3125,7700
1995-12-15,9.9375,10.3125,9.9375,10.125,10.125,15500
1995-12-18,10.5,10.5,9.5625,9.5625,9.5625,4500
1995-12-19,9.75,10.3125,9.75,10.3125,10.3125,3500
1995-12-20,10.3125,10.6875,10.3125,10.6875,10.6875,12000
1995-12-21,10.6875,10.6875,10.3125,10.5,10.5,4600
1995-12-22,10.5,10.6875,10.3125,10.6875,10.6875,3800
1995-12-26,10.5,10.6875,10.3125,10.3125,10.3125,3400
1995-12-27,10.6875,10.875,10.3125,10.6875,10.6875,7100
1995-12-28,10.875,10.875,10.3125,10.875,10.875,2600
1995-12-29,10.875,10.875,10.5,10.5,10.5,1400
1996-01-02,11.25,11.25,10.5,11.0625,11.0625,1300
1996-01-03,11.0625,11.0625,10.3125,10.3125,10.3125,1000
1996-01-04,10.3125,11.0625,10.3125,10.875,10.875,1600
1996-01-05,10.6875,10.875,10.3125,10.875,10.875,3600
1996-01-08,10.875,10.875,10.875,10.875,10.875,300
1996-01-09,10.3125,11.8125,10.3125,11.25,11.25,19700
1996-01-10,11.0625,11.625,11.0625,11.0625,11.0625,8400
1996-01-11,11.25,12.0,10.875,11.625,11.625,23000
1996-01-12,11.625,12.0,11.625,11.625,11.625,6100
1996-01-15,12.0,12.0,11.25,11.625,11.625,23900
1996-01-16,11.8125,11.8125,11.625,11.625,11.625,3600
1996-01-17,11.8125,12.0,11.8125,12.0,12.0,19200
1996-01-18,12.1875,13.6875,11.8125,13.5,13.5,39900
1996-01-19,13.5,13.5,12.75,13.3125,13.3125,10200
1996-01-22,13.3125,13.5,12.75,13.125,13.125,18000
1996-01-23,13.3125,13.6875,13.3125,13.6875,13.6875,15600
1996-01-24,13.6875,13.6875,13.3125,13.5,13.5,5900
1996-01-25,14.0625,14.0625,13.125,13.875,13.875,25400
1996-01-26,13.125,13.5,9.375,11.0625,11.0625,95200
1996-01-29,11.0625,11.8125,11.0625,11.8125,11.8125,13000
1996-01-30,11.8125,12.5625,11.4375,12.5625,12.5625,32900
1996-01-31,12.375,12.5625,12.0,12.0,12.0,10600
1996-02-01,12.0,12.5625,11.8125,11.8125,11.8125,15300
1996-02-02,12.0,12.0,11.625,12.0,12.0,4200
1996-02-05,12.0,12.0,11.625,11.625,11.625,4300
1996-02-06,12.0,12.0,11.4375,11.4375,11.4375,20500
1996-02-07,11.4375,11.8125,11.25,11.4375,11.4375,6600
1996-02-08,11.0625,11.4375,11.0625,11.0625,11.0625,2300
1996-02-09,11.4375,11.4375,10.6875,11.0625,11.0625,8100
1996-02-12,10.6875,11.0625,10.6875,11.0625,11.0625,11700
1996-02-13,11.015625,11.0625,10.6875,10.875,10.875,1700
1996-02-14,11.0625,11.0625,10.6875,10.78125,10.78125,2400
1996-02-15,11.0625,12.0,10.875,12.0,12.0,25500
1996-02-16,12.0,13.125,12.0,12.75,12.75,20400
1996-02-20,12.75,13.125,12.5625,13.125,13.125,22800
1996-02-21,13.125,13.21875,12.9375,13.21875,13.21875,4800
1996-02-22,12.9375,13.3125,12.75,12.75,12.75,13000
1996-02-23,12.75,12.9375,12.5625,12.9375,12.9375,8900
1996-02-26,12.5625,12.75,12.0,12.375,12.375,13100
1996-02-27,12.75,12.75,12.1875,12.375,12.375,3000
1996-02-28,12.1875,12.75,11.8125,12.0,12.0,7500
1996-02-29,12.375,12.5625,12.1875,12.375,12.375,17000
1996-03-01,12.5625,12.5625,12.0,12.0,12.0,5900
1996-03-04,12.375,12.5625,12.0,12.5625,12.5625,14400
1996-03-05,12.1875,12.5625,12.1875,12.1875,12.1875,27600
1996-03-06,12.5625,12.75,12.1875,12.1875,12.1875,40600
1996-03-07,12.1875,12.5625,12.1875,12.5625,12.5625,22100
1996-03-08,12.1875,12.1875,11.625,11.625,11.625,6500
1996-03-11,11.625,12.1875,11.625,11.8125,11.8125,18000
1996-03-12,11.8125,12.1875,11.4375,11.4375,11.4375,11700
1996-03-13,11.4375,12.0,11.4375,11.625,11.625,6200
1996-03-14,11.8125,12.1875,11.625,12.0,12.0,9700
1996-03-15,12.375,12.375,12.0,12.375,12.375,4800
1996-03-18,12.375,12.375,11.8125,12.375,12.375,2000
1996-03-19,12.375,12.5625,12.09375,12.5625,12.5625,11100
1996-03-20,12.1875,12.5625,12.1875,12.1875,12.1875,8900
1996-03-21,12.5625,13.125,12.5625,12.75,12.75,51500
1996-03-22,13.125,13.125,12.75,13.125,13.125,17700
1996-03-25,13.3125,14.0625,13.3125,13.3125,13.3125,37400
1996-03-26,13.3125,13.875,13.125,13.125,13.125,8800
1996-03-27,13.5,13.5,12.9375,13.5,13.5,5300
1996-03-28,12.9375,13.5,12.9375,13.125,13.125,17800
1996-03-29,13.5,13.5,13.125,13.5,13.5,11300
1996-04-01,13.875,13.875,13.125,13.875,13.875,2000
1996-04-02,13.875,13.875,13.125,13.5,13.5,10700
1996-04-03,13.3125,13.875,13.3125,13.875,13.875,4400
1996-04-04,13.875,15.0,13.6875,14.4375,14.4375,36100
1996-04-08,14.625,15.0,14.25,14.625,14.625,21600
1996-04-09,14.4375,15.0,14.4375,15.0,15.0,8000
1996-04-10,15.0,15.0,14.4375,14.4375,14.4375,10500
1996-04-11,14.8125,14.8125,14.4375,14.8125,14.8125,1900
1996-04-12,14.8125,15.375,14.4375,15.375,15.375,15800
1996-04-15,15.0,17.8125,15.0,16.125,16.125,113900
1996-04-16,16.875,16.875,15.375,15.9375,15.9375,26700
1996-04-17,15.9375,15.9375,15.375,15.65625,15.65625,15600
1996-04-18,15.5625,16.125,15.5625,16.125,16.125,19900
1996-04-19,16.125,16.125,15.5625,16.125,16.125,27500
1996-04-22,15.9375,15.9375,15.5625,15.5625,15.5625,5700
1996-04-23,16.125,16.125,15.5625,16.125,16.125,9500
1996-04-24,16.125,16.125,15.1875,15.1875,15.1875,10200
1996-04-25,15.75,15.75,14.25,15.0,15.0,13900
1996-04-26,15.0,15.0,14.4375,14.4375,14.4375,2400
1996-04-29,15.0,15.0,14.4375,15.0,15.0,9800
1996-04-30,15.0,15.0,14.4375,14.4375,14.4375,9500
1996-05-01,14.4375,15.0,14.4375,15.0,15.0,6700
1996-05-02,15.0,16.6875,14.8125,16.5,16.5,34000
1996-05-03,16.5,16.875,15.9375,16.875,16.875,20900
1996-05-06,16.875,18.0,16.3125,17.25,17.25,38100
1996-05-07,17.4375,18.0,17.4375,17.8125,17.8125,8500
1996-05-08,18.0,18.0,16.5,16.5,16.5,22300
1996-05-09,17.0625,17.625,16.6875,16.875,16.875,11600
1996-05-10,17.625,17.625,16.875,16.875,16.875,4900
1996-05-13,17.4375,17.4375,16.875,17.4375,17.4375,11000
1996-05-14,17.625,18.0,17.0625,17.4375,17.4375,23300
1996-05-15,18.0,18.0,17.625,18.0,18.0,27400
1996-05-16,17.625,18.1875,17.625,17.625,17.625,29200
1996-05-17,17.625,17.625,16.875,17.25,17.25,21100
1996-05-20,17.25,17.25,16.875,16.875,16.875,7000
1996-05-21,16.6875,18.0,16.6875,17.25,17.25,13000
1996-05-22,17.25,17.8125,16.875,17.4375,17.4375,15800
1996-05-23,17.8125,17.8125,16.875,16.875,16.875,5900
1996-05-24,17.25,17.25,16.6875,16.875,16.875,8300
1996-05-28,16.6875,17.0625,15.9375,15.9375,15.9375,10600
1996-05-29,15.9375,16.3125,15.375,16.125,16.125,16900
1996-05-30,16.3125,16.5,15.5625,16.5,16.5,9700
1996-05-31,15.9375,16.5,15.375,15.9375,15.9375,14500
1996-06-03,15.5625,16.125,15.5625,15.5625,15.5625,7100
1996-06-04,15.375,15.9375,15.375,15.375,15.375,600
1996-06-05,16.125,16.125,15.375,15.375,15.375,4000
1996-06-06,15.375,16.125,15.375,16.125,16.125,2900
1996-06-07,15.375,15.75,15.0,15.75,15.75,13600
1996-06-10,15.375,15.9375,15.375,15.5625,15.5625,7400
1996-06-11,15.5625,15.9375,15.5625,15.5625,15.5625,7700
1996-06-12,15.75,15.9375,15.375,15.75,15.75,18000
1996-06-13,15.9375,15.9375,15.375,15.375,15.375,7800
1996-06-14,15.1875,15.5625,14.625,14.625,14.625,12600
1996-06-17,14.625,15.375,14.625,14.625,14.625,2600
1996-06-18,14.625,15.0,13.875,13.875,13.875,15500
1996-06-19,13.875,14.25,13.5,13.5,13.5,13500
1996-06-20,13.125,14.0625,12.75,13.125,13.125,17400
1996-06-21,13.125,13.125,12.375,12.9375,12.9375,18400
1996-06-24,12.375,13.125,12.375,13.125,13.125,13800
1996-06-25,13.125,13.125,12.75,12.75,12.75,1500
1996-06-26,13.125,13.125,11.625,12.0,12.0,15800
1996-06-27,11.625,12.0,11.25,11.4375,11.4375,10100
1996-06-28,11.4375,12.5625,11.4375,12.515625,12.515625,24300
1996-07-01,12.75,14.625,12.75,13.875,13.875,23500
1996-07-02,14.25,14.25,13.125,13.125,13.125,13700
1996-07-03,13.5,13.5,12.9375,13.125,13.125,5900
1996-07-05,13.5,13.5,13.125,13.125,13.125,1400
1996-07-08,12.9375,12.9375,12.375,12.5625,12.5625,9300
1996-07-09,12.375,13.125,12.375,12.75,12.75,3900
1996-07-10,13.125,13.125,12.1875,12.375,12.375,26800
1996-07-11,12.5625,12.5625,11.0625,11.0625,11.0625,17700
1996-07-12,11.625,12.0,11.25,11.4375,11.4375,14000
1996-07-15,11.4375,11.8125,11.0625,11.25,11.25,6700
1996-07-16,11.25,11.4375,9.9375,11.0625,11.0625,22000
1996-07-17,11.0625,11.625,10.6875,11.25,11.25,17700
1996-07-18,11.4375,11.625,11.0625,11.4375,11.4375,9700
1996-07-19,11.8125,11.8125,11.8125,11.8125,11.8125,500
1996-07-22,11.4375,11.8125,11.0625,11.0625,11.0625,1300
1996-07-23,11.0625,11.8125,11.0625,11.0625,11.0625,6700
1996-07-24,11.0625,11.8125,11.0625,11.625,11.625,1500
1996-07-25,11.8125,11.8125,11.4375,11.671875,11.671875,1700
1996-07-26,11.625,12.1875,11.625,12.1875,12.1875,600
1996-07-29,12.375,13.125,11.625,12.9375,12.9375,9400
1996-07-30,12.5625,13.125,12.5625,13.125,13.125,3500
1996-07-31,12.75,13.3125,12.75,13.125,13.125,2600
1996-08-01,12.75,12.9375,12.75,12.9375,12.9375,900
1996-08-02,13.3125,13.6875,13.125,13.3125,13.3125,2600
1996-08-05,13.125,13.5,13.125,13.3125,13.3125,3600
1996-08-06,13.125,13.5,12.75,12.75,12.75,6800
1996-08-07,13.125,13.125,12.5625,12.5625,12.5625,2800
1996-08-08,12.5625,13.125,12.5625,12.5625,12.5625,400
1996-08-09,13.125,13.125,12.75,13.125,13.125,1600
1996-08-12,13.125,13.125,13.125,13.125,13.125,1000
1996-08-13,12.5625,12.5625,12.375,12.375,12.375,2200
1996-08-14,12.375,12.75,12.0,12.0,12.0,3000
1996-08-15,12.0,12.375,11.8125,11.8125,11.8125,3500
1996-08-16,11.8125,12.375,11.8125,11.8125,11.8125,2200
1996-08-19,12.375,12.375,11.8125,11.8125,11.8125,1500
1996-08-20,12.375,12.375,12.0,12.375,12.375,800
1996-08-21,12.0,12.375,11.8125,12.375,12.375,4000
1996-08-22,11.8125,12.1875,11.4375,11.4375,11.4375,5100
1996-08-23,12.0,12.0,11.4375,11.8125,11.8125,5400
1996-08-26,11.4375,11.8125,11.4375,11.8125,11.8125,1800
1996-08-27,11.625,11.8125,11.625,11.8125,11.8125,3900
1996-08-28,12.1875,12.1875,11.25,11.8125,11.8125,1600
1996-08-29,11.4375,11.8125,11.4375,11.4375,11.4375,1600
1996-08-30,11.8125,11.8125,11.4375,11.4375,11.4375,2900
1996-09-03,11.25,11.625,11.25,11.25,11.25,2900
1996-09-04,11.625,11.8125,11.4375,11.8125,11.8125,4400
1996-09-05,11.4375,11.8125,11.4375,11.4375,11.4375,4000
1996-09-06,11.8125,12.1875,11.8125,11.8125,11.8125,6200
1996-09-09,11.8125,12.375,11.8125,12.0,12.0,600
1996-09-10,12.1875,12.1875,11.8125,12.0,12.0,3900
1996-09-11,11.8125,12.1875,11.0625,11.0625,11.0625,11300
1996-09-12,11.0625,11.4375,11.0625,11.0625,11.0625,3400
1996-09-13,11.0625,11.0625,11.0625,11.0625,11.0625,1900
1996-09-16,11.0625,11.4375,11.0625,11.4375,11.4375,4500
1996-09-17,11.25,11.8125,11.25,11.4375,11.4375,6000
1996-09-18,11.25,12.0,11.25,11.625,11.625,4400
1996-09-19,11.4375,12.0,11.25,11.625,11.625,3000
1996-09-20,11.25,11.4375,11.25,11.4375,11.4375,400
1996-09-23,11.484375,11.8125,11.4375,11.8125,11.8125,1900
1996-09-24,11.8125,11.8125,11.25,11.25,11.25,5500
1996-09-25,11.25,11.625,10.875,11.0625,11.0625,4400
1996-09-26,11.0625,11.25,11.0625,11.0625,11.0625,5600
1996-09-27,11.0625,11.4375,11.0625,11.25,11.25,1100
1996-09-30,11.4375,11.4375,11.0625,11.25,11.25,1700
1996-10-01,11.625,12.375,11.4375,11.625,11.625,6500
1996-10-02,12.5625,12.5625,12.0,12.0,12.0,5400
1996-10-03,12.75,12.75,11.4375,11.4375,11.4375,13400
1996-10-04,11.25,11.25,11.0625,11.0625,11.0625,4400
1996-10-07,10.875,11.4375,10.875,11.4375,11.4375,5300
1996-10-08,11.25,11.25,10.875,10.875,10.875,6200
1996-10-09,10.875,11.0625,10.875,10.875,10.875,5600
1996-10-10,10.875,11.25,10.5,10.5,10.5,6800
1996-10-11,10.5,10.875,10.5,10.875,10.875,4700
1996-10-14,10.5,10.875,9.75,10.3125,10.3125,14700
1996-10-15,10.125,10.3125,9.75,10.3125,10.3125,8600
1996-10-16,10.3125,10.3125,9.5625,9.5625,9.5625,6100
1996-10-17,9.5625,9.5625,9.5625,9.5625,9.5625,1700
1996-10-18,9.5625,10.125,9.5625,9.5625,9.5625,5800
1996-10-21,9.5625,9.9375,9.5625,9.75,9.75,4900
1996-10-22,9.75,10.3125,9.75,10.21875,10.21875,1500
1996-10-23,9.9375,10.3125,9.5625,10.3125,10.3125,18900
1996-10-24,10.3125,10.6875,10.3125,10.6875,10.6875,15500
1996-10-25,10.6875,10.875,10.3125,10.3125,10.3125,600
1996-10-28,10.3125,10.875,10.3125,10.875,10.875,4300
1996-10-29,11.109375,11.203125,10.6875,10.875,10.875,11800
1996-10-30,10.5,11.0625,10.3125,10.3125,10.3125,2700
1996-10-31,10.3125,10.3125,10.3125,10.3125,10.3125,800
1996-11-01,10.3125,10.6875,10.3125,10.6875,10.6875,2700
1996-11-04,10.125,10.6875,9.5625,9.5625,9.5625,11500
1996-11-05,9.9375,9.9375,8.625,9.0,9.0,10700
1996-11-06,9.0,9.375,9.0,9.375,9.375,10200
1996-11-07,9.1875,9.5625,8.8125,9.375,9.375,8900
1996-11-08,9.375,9.375,9.09375,9.09375,9.09375,6800
1996-11-11,9.09375,9.375,9.0,9.0,9.0,5500
1996-11-12,9.0,9.1875,8.625,8.625,8.625,2200
1996-11-13,8.625,8.625,7.875,8.625,8.625,6200
1996-11-14,7.875,8.625,7.875,8.625,8.625,200
1996-11-15,7.875,8.625,7.875,7.875,7.875,2900
1996-11-18,7.875,8.8125,7.6875,7.6875,7.6875,28400
1996-11-19,7.6875,8.0625,7.6875,8.0625,8.0625,9100
1996-11-20,7.875,8.25,7.875,8.0625,8.0625,4200
1996-11-21,7.875,8.25,7.875,8.25,8.25,1400
1996-11-22,7.875,8.4375,7.875,8.25,8.25,6000
1996-11-25,8.0625,8.0625,8.0625,8.0625,8.0625,2700
1996-11-26,8.0625,8.4375,8.0625,8.4375,8.4375,6600
1996-11-27,9.0,9.0,8.25,8.25,8.25,200
1996-11-29,8.25,8.8125,8.25,8.8125,8.8125,800
1996-12-02,8.8125,8.8125,8.25,8.8125,8.8125,3400
1996-12-03,8.25,8.625,8.25,8.25,8.25,500
1996-12-04,8.25,8.25,7.875,8.25,8.25,12300
1996-12-05,8.0625,8.4375,7.875,8.4375,8.4375,4600
1996-12-06,7.875,7.875,7.875,7.875,7.875,0
1996-12-09,8.203125,8.203125,7.875,7.875,7.875,6700
1996-12-10,7.6875,7.6875,7.5,7.59375,7.59375,3300
1996-12-11,7.59375,7.875,7.5,7.5,7.5,2800
1996-12-12,7.3125,7.875,7.3125,7.5,7.5,1200
1996-12-13,7.6875,7.6875,7.3125,7.40625,7.40625,6900
1996-12-16,7.3125,7.875,7.3125,7.3125,7.3125,6600
1996-12-17,7.6875,7.6875,7.125,7.21875,7.21875,12600
1996-12-18,7.125,7.125,7.125,7.125,7.125,700
1996-12-19,7.125,7.6875,7.125,7.5,7.5,9700
1996-12-20,7.3125,7.875,7.3125,7.6875,7.6875,18900
1996-12-23,7.3125,7.6875,7.3125,7.3125,7.3125,22000
1996-12-24,7.6875,7.6875,7.5,7.5,7.5,1900
1996-12-26,7.6875,7.6875,7.5,7.5,7.5,4500
1996-12-27,7.3125,7.5,7.3125,7.3125,7.3125,3100
1996-12-30,7.3125,7.6875,6.9375,6.9375,6.9375,10400
1996-12-31,7.3125,7.3125,6.9375,7.125,7.125,12900
1997-01-02,7.3125,7.5,6.5625,7.5,7.5,12600
1997-01-03,7.125,7.875,7.125,7.6875,7.6875,15100
1997-01-06,7.5,7.5,7.5,7.5,7.5,1000
1997-01-07,7.6875,7.875,7.6875,7.875,7.875,3400
1997-01-08,7.875,7.875,7.875,7.875,7.875,0
1997-01-09,7.5,7.875,7.5,7.5,7.5,4500
1997-01-10,7.875,7.875,7.5,7.5,7.5,1800
1997-01-13,7.6875,7.875,7.5,7.5,7.5,6600
1997-01-14,7.875,8.25,7.6875,8.25,8.25,2600
1997-01-15,8.0625,8.4375,8.0625,8.4375,8.4375,1300
1997-01-16,8.0625,8.0625,8.0625,8.0625,8.0625,400
1997-01-17,8.4375,8.4375,7.6875,8.25,8.25,2400
1997-01-20,7.6875,8.25,7.6875,7.6875,7.6875,600
1997-01-21,7.6875,8.25,7.6875,8.25,8.25,1600
1997-01-22,7.6875,7.6875,7.6875,7.6875,7.6875,100
1997-01-23,8.25,8.25,7.6875,7.6875,7.6875,2900
1997-01-24,7.6875,7.6875,6.5625,6.75,6.75,40000
1997-01-27,7.125,7.125,6.375,6.375,6.375,12600
1997-01-28,6.75,6.75,6.375,6.375,6.375,600
1997-01-29,6.375,6.75,6.1875,6.375,6.375,22000
1997-01-30,6.375,6.375,6.1875,6.1875,6.1875,11000
1997-01-31,6.375,6.375,6.1875,6.375,6.375,7100
1997-02-03,6.1875,6.375,6.1875,6.1875,6.1875,9100
1997-02-04,6.1875,6.375,6.1875,6.1875,6.1875,7900
1997-02-05,6.375,6.375,6.1875,6.28125,6.28125,6900
1997-02-06,6.375,6.5625,6.1875,6.5625,6.5625,13300
1997-02-07,6.75,6.9375,6.5625,6.9375,6.9375,8000
1997-02-10,6.9375,6.9375,6.5625,6.9375,6.9375,3800
1997-02-11,6.9375,6.9375,6.75,6.75,6.75,4900
1997-02-12,6.75,6.75,3.75,5.25,5.25,69600
1997-02-13,5.625,6.375,5.4375,6.0,6.0,27200
1997-02-14,6.375,6.375,6.0,6.0,6.0,2300
1997-02-18,6.0,6.375,5.625,6.375,6.375,9800
1997-02-19,6.0,6.0,5.8125,5.8125,5.8125,2400
1997-02-20,6.1875,6.375,5.8125,6.375,6.375,1600
1997-02-21,5.625,6.0,5.625,6.0,6.0,600
1997-02-24,5.8125,5.8125,5.8125,5.8125,5.8125,1100
1997-02-25,5.8125,6.5625,5.8125,6.1875,6.1875,10700
1997-02-26,6.0,6.0,6.0,6.0,6.0,100
1997-02-27,6.0,6.0,6.0,6.0,6.0,1100
1997-02-28,6.0,6.0,5.90625,5.90625,5.90625,2100
1997-03-03,6.1875,6.1875,5.90625,6.0,6.0,5500
1997-03-04,6.0,6.0,5.90625,6.0,6.0,1100
1997-03-05,5.90625,6.1875,5.90625,6.1875,6.1875,100
1997-03-06,6.1875,6.1875,6.0,6.1875,6.1875,1400
1997-03-07,6.375,6.375,5.90625,6.0,6.0,8100
1997-03-10,6.0,6.0,6.0,6.0,6.0,0
1997-03-11,6.0,6.0,5.8125,5.8125,5.8125,1700
1997-03-12,5.8125,5.8125,5.8125,5.8125,5.8125,300
1997-03-13,6.09375,6.375,6.0,6.0,6.0,5100
1997-03-14,6.0,6.0,6.0,6.0,6.0,3300
1997-03-17,6.0,6.375,5.8125,5.8125,5.8125,900
1997-03-18,6.375,6.375,5.8125,6.1875,6.1875,1800
1997-03-19,5.8125,5.8125,5.8125,5.8125,5.8125,300
1997-03-20,5.8125,6.0,5.625,6.0,6.0,7100
1997-03-21,5.625,5.625,5.625,5.625,5.625,200
1997-03-24,5.625,5.625,5.625,5.625,5.625,400
1997-03-25,5.625,5.625,5.625,5.625,5.625,0
1997-03-26,5.90625,6.375,5.90625,6.0,6.0,1700
1997-03-27,5.90625,5.90625,5.90625,5.90625,5.90625,500
1997-03-31,5.90625,6.0,5.90625,6.0,6.0,2900
1997-04-01,6.0,6.0,6.0,6.0,6.0,0
1997-04-02,6.0,6.0,6.0,6.0,6.0,0
1997-04-03,5.625,5.625,5.625,5.625,5.625,200
1997-04-04,6.0,6.0,5.625,6.0,6.0,6300
1997-04-07,6.0,6.0,5.625,5.625,5.625,1600
1997-04-08,6.1875,6.1875,5.625,6.1875,6.1875,3700
1997-04-09,5.625,6.0,5.625,5.625,5.625,5000
1997-04-10,5.625,5.859375,5.625,5.625,5.625,6000
1997-04-11,5.8125,6.0,5.25,5.4375,5.4375,16600
1997-04-14,5.625,5.625,5.625,5.625,5.625,2300
1997-04-15,6.1875,6.1875,5.625,5.625,5.625,900
1997-04-16,5.90625,5.90625,5.625,5.625,5.625,1000
1997-04-17,6.0,6.0,5.4375,5.4375,5.4375,3800
1997-04-18,6.0,6.0,6.0,6.0,6.0,1600
1997-04-21,5.4375,6.0,5.390625,5.390625,5.390625,4200
1997-04-22,5.25,5.4375,5.25,5.4375,5.4375,1100
1997-04-23,5.25,5.25,5.25,5.25,5.25,0
1997-04-24,5.625,6.0,5.25,5.4375,5.4375,5200
1997-04-25,5.25,5.25,5.25,5.25,5.25,1300
1997-04-28,5.25,5.25,5.25,5.25,5.25,0
1997-04-29,5.625,5.625,5.625,5.625,5.625,2400
1997-04-30,5.8125,5.8125,5.625,5.8125,5.8125,2800
1997-05-01,5.8125,5.8125,5.4375,5.4375,5.4375,2700
1997-05-02,5.4375,5.625,5.4375,5.625,5.625,200
1997-05-05,5.8125,5.8125,5.4375,5.625,5.625,1800
1997-05-06,5.625,5.625,5.625,5.625,5.625,2500
1997-05-07,5.8125,5.8125,5.71875,5.71875,5.71875,7100
1997-05-08,5.625,5.625,5.625,5.625,5.625,1000
1997-05-09,5.4375,5.4375,5.0625,5.0625,5.0625,6900
1997-05-12,5.4375,5.4375,4.875,5.25,5.25,900
1997-05-13,4.875,4.875,4.875,4.875,4.875,1900
1997-05-14,4.6875,4.6875,4.5,4.5,4.5,1700
1997-05-15,4.5,5.90625,4.125,5.4375,5.4375,41900
1997-05-16,5.4375,6.0,5.25,5.25,5.25,6000
1997-05-19,5.25,5.625,5.25,5.25,5.25,5700
1997-05-20,5.25,5.4375,5.0625,5.25,5.25,2600
1997-05-21,5.0625,5.25,5.0625,5.0625,5.0625,5900
1997-05-22,5.0625,5.0625,5.0625,5.0625,5.0625,0
1997-05-23,5.625,5.625,5.0625,5.0625,5.0625,500
1997-05-27,5.0625,5.625,5.0625,5.625,5.625,4700
1997-05-28,5.25,5.484375,5.25,5.25,5.25,1100
1997-05-29,5.25,5.25,5.25,5.25,5.25,100
1997-05-30,5.625,5.625,5.25,5.25,5.25,100
1997-06-02,5.25,5.25,5.25,5.25,5.25,2300
1997-06-03,5.25,5.25,5.25,5.25,5.25,100
1997-06-04,5.625,5.625,5.25,5.25,5.25,1000
1997-06-05,5.625,5.859375,5.625,5.859375,5.859375,6200
1997-06-06,5.625,6.0,5.625,6.0,6.0,2200
1997-06-09,6.1875,6.1875,5.8125,5.8125,5.8125,700
1997-06-10,5.8125,5.8125,5.8125,5.8125,5.8125,0
1997-06-11,6.375,6.75,6.1875,6.75,6.75,3300
1997-06-12,6.75,6.75,6.375,6.375,6.375,2800
1997-06-13,6.375,6.375,6.375,6.375,6.375,100
1997-06-16,6.75,6.75,6.375,6.375,6.375,2700
1997-06-17,6.75,6.75,6.375,6.375,6.375,2100
1997-06-18,6.375,6.375,6.375,6.375,6.375,200
1997-06-19,6.375,6.9375,6.375,6.375,6.375,3500
1997-06-20,6.9375,7.125,6.9375,7.125,7.125,5100
1997-06-23,7.125,7.125,7.125,7.125,7.125,0
1997-06-24,7.125,7.125,7.125,7.125,7.125,0
1997-06-25,6.9375,7.5,6.84375,7.125,7.125,3500
1997-06-26,6.9375,6.9375,6.9375,6.9375,6.9375,100
1997-06-27,6.9375,6.9375,6.9375,6.9375,6.9375,0
1997-06-30,7.5,7.5,6.9375,7.125,7.125,2400
1997-07-01,7.3125,7.3125,6.9375,6.9375,6.9375,600
1997-07-02,7.3125,7.3125,7.3125,7.3125,7.3125,100
1997-07-03,6.9375,6.9375,6.9375,6.9375,6.9375,100
1997-07-07,6.9375,6.9375,6.9375,6.9375,6.9375,0
1997-07-08,6.9375,6.9375,6.9375,6.9375,6.9375,0
1997-07-09,6.9375,6.9375,6.9375,6.9375,6.9375,800
1997-07-10,6.9375,7.3125,6.9375,6.9375,6.9375,2100
1997-07-11,6.9375,7.3125,6.9375,6.9375,6.9375,1700
1997-07-14,6.9375,7.125,6.9375,7.125,7.125,2000
1997-07-15,6.9375,6.9375,6.9375,6.9375,6.9375,600
1997-07-16,6.9375,7.3125,6.9375,6.9375,6.9375,800
1997-07-17,6.9375,6.9375,6.9375,6.9375,6.9375,4500
1997-07-18,6.9375,7.125,6.9375,7.125,7.125,2000
1997-07-21,7.3125,7.5,6.9375,7.5,7.5,4400
1997-07-22,6.9375,6.9375,6.9375,6.9375,6.9375,2300
1997-07-23,6.9375,7.125,6.9375,7.125,7.125,5100
1997-07-24,6.375,6.5625,6.375,6.5625,6.5625,1100
1997-07-25,6.5625,6.5625,6.5625,6.5625,6.5625,300
1997-07-28,6.5625,6.9375,5.8125,6.1875,6.1875,4200
1997-07-29,5.8125,6.375,5.8125,6.1875,6.1875,2700
1997-07-30,6.75,6.75,6.375,6.375,6.375,2100
1997-07-31,6.75,6.75,6.375,6.75,6.75,2200
1997-08-01,6.375,6.375,6.0,6.0,6.0,2000
1997-08-04,5.8125,6.1875,5.8125,6.0,6.0,5600
1997-08-05,6.1875,6.375,6.0,6.0,6.0,2200
1997-08-06,5.8125,5.8125,5.8125,5.8125,5.8125,400
1997-08-07,5.8125,5.8125,5.8125,5.8125,5.8125,0
1997-08-08,6.1875,6.1875,5.8125,5.8125,5.8125,1300
1997-08-11,5.8125,5.8125,5.8125,5.8125,5.8125,0
1997-08-12,5.8125,6.1875,5.8125,6.1875,6.1875,3600
1997-08-13,6.0,6.0,6.0,6.0,6.0,600
1997-08-14,6.1875,6.375,6.0,6.375,6.375,4200
1997-08-15,6.0,6.375,6.0,6.1875,6.1875,1100
1997-08-18,6.0,6.0,5.8125,6.0,6.0,2300
1997-08-19,5.8125,6.0,5.8125,6.0,6.0,900
1997-08-20,5.8125,5.8125,5.8125,5.8125,5.8125,1600
1997-08-21,6.0,6.1875,5.8125,5.8125,5.8125,2800
1997-08-22,5.8125,5.8125,5.8125,5.8125,5.8125,500
1997-08-25,5.8125,6.0,5.8125,6.0,6.0,3000
1997-08-26,5.8125,6.0,5.8125,6.0,6.0,5300
1997-08-27,5.8125,6.0,5.25,5.8125,5.8125,11800
1997-08-28,5.8125,5.8125,5.625,5.625,5.625,900
1997-08-29,5.4375,6.375,5.4375,6.375,6.375,6700
1997-09-02,6.75,7.5,6.1875,7.5,7.5,9400
1997-09-03,7.5,7.5,7.125,7.125,7.125,4200
1997-09-04,6.75,7.3125,6.75,6.9375,6.9375,2500
1997-09-05,6.9375,6.9375,6.9375,6.9375,6.9375,2700
1997-09-08,6.9375,6.9375,6.9375,6.9375,6.9375,3000
1997-09-09,6.9375,6.9375,6.9375,6.9375,6.9375,0
1997-09-10,6.9375,7.125,6.9375,7.125,7.125,2800
1997-09-11,7.5,7.6875,7.3125,7.5,7.5,12200
1997-09-12,7.3125,7.3125,7.3125,7.3125,7.3125,700
1997-09-15,7.3125,7.3125,7.3125,7.3125,7.3125,200
1997-09-16,7.3125,7.3125,7.3125,7.3125,7.3125,900
1997-09-17,7.5,7.5,7.21875,7.3125,7.3125,12400
1997-09-18,7.21875,7.5,7.21875,7.5,7.5,500
1997-09-19,7.21875,7.21875,7.21875,7.21875,7.21875,300
1997-09-22,7.5,7.5,7.21875,7.21875,7.21875,1000
1997-09-23,7.21875,7.5,7.21875,7.5,7.5,1200
1997-09-24,7.5,7.5,7.5,7.5,7.5,0
1997-09-25,7.5,7.5,7.125,7.5,7.5,1400
1997-09-26,7.125,7.3125,6.75,6.9375,6.9375,6800
1997-09-29,6.75,7.125,6.75,7.125,7.125,3100
1997-09-30,6.9375,6.9375,6.9375,6.9375,6.9375,600
1997-10-01,6.9375,7.3125,6.9375,7.3125,7.3125,3700
1997-10-02,7.5,8.25,7.125,8.109375,8.109375,16600
1997-10-03,7.875,8.25,7.6875,8.25,8.25,14600
1997-10-06,8.0625,8.8125,8.0625,8.8125,8.8125,3400
1997-10-07,8.8125,9.1875,8.625,8.625,8.625,10700
1997-10-08,8.8125,8.90625,8.625,8.90625,8.90625,1000
1997-10-09,8.625,9.1875,8.625,9.0,9.0,9000
1997-10-10,8.625,9.1875,8.625,9.0,9.0,6800
1997-10-13,9.0,9.1875,8.625,9.0,9.0,33100
1997-10-14,8.4375,8.4375,8.4375,8.4375,8.4375,700
1997-10-15,8.4375,8.625,8.4375,8.4375,8.4375,700
1997-10-16,8.4375,8.4375,8.25,8.4375,8.4375,9900
1997-10-17,8.25,8.625,8.25,8.625,8.625,6500
1997-10-20,9.0,9.75,9.0,9.75,9.75,11800
1997-10-21,9.75,10.5,9.75,10.125,10.125,14000
1997-10-22,9.75,9.75,9.375,9.375,9.375,4700
1997-10-23,9.375,9.75,9.0,9.75,9.75,2600
1997-10-24,9.0,9.0,8.8125,9.0,9.0,5100
1997-10-27,8.625,8.625,8.25,8.625,8.625,3800
1997-10-28,8.25,9.0,8.0625,9.0,9.0,7800
1997-10-29,9.0,9.0,9.0,9.0,9.0,1100
1997-10-30,8.25,8.25,8.25,8.25,8.25,0
1997-10-31,9.0,9.1875,9.0,9.0,9.0,2400
1997-11-03,9.0,9.0,9.0,9.0,9.0,200
1997-11-04,9.0,9.0,9.0,9.0,9.0,100
1997-11-05,9.375,9.375,9.375,9.375,9.375,0
1997-11-06,9.0,9.0,9.0,9.0,9.0,200
1997-11-07,9.0,9.0,9.0,9.0,9.0,300
1997-11-10,9.0,9.0,9.0,9.0,9.0,1200
1997-11-11,9.0,9.0,9.0,9.0,9.0,3900
1997-11-12,8.4375,8.8125,8.4375,8.8125,8.8125,3500
1997-11-13,8.8125,8.8125,8.8125,8.8125,8.8125,0
1997-11-14,9.0,9.0,8.34375,8.34375,8.34375,400
1997-11-17,8.34375,8.8125,8.34375,8.8125,8.8125,2100
1997-11-18,8.34375,8.34375,7.875,7.875,7.875,6500
1997-11-19,8.0625,8.0625,7.5,7.5,7.5,4300
1997-11-20,7.6875,7.6875,7.5,7.5,7.5,900
1997-11-21,7.5,7.5,7.5,7.5,7.5,0
1997-11-24,7.5,7.5,7.5,7.5,7.5,300
1997-11-25,7.3125,7.3125,7.3125,7.3125,7.3125,4100
1997-11-26,7.3125,7.3125,7.3125,7.3125,7.3125,0
1997-11-28,7.5,7.5,7.5,7.5,7.5,3100
1997-12-01,7.125,7.125,7.125,7.125,7.125,2700
1997-12-02,7.3125,7.3125,7.125,7.125,7.125,1500
1997-12-03,7.125,7.5,7.125,7.5,7.5,12500
1997-12-04,7.3125,7.3125,7.3125,7.3125,7.3125,900
1997-12-05,7.3125,8.0625,7.3125,8.0625,8.0625,16600
1997-12-08,8.0625,8.0625,8.0625,8.0625,8.0625,3000
1997-12-09,7.3125,7.3125,7.3125,7.3125,7.3125,2500
1997-12-10,7.3125,7.5,7.3125,7.5,7.5,3900
1997-12-11,7.5,7.5,7.5,7.5,7.5,100
1997-12-12,7.5,7.59375,7.3125,7.3125,7.3125,300
1997-12-15,7.3125,7.3125,7.3125,7.3125,7.3125,300
1997-12-16,7.3125,7.3125,7.3125,7.3125,7.3125,100
1997-12-17,7.3125,7.5,7.3125,7.5,7.5,24200
1997-12-18,7.5,7.5,7.5,7.5,7.5,0
1997-12-19,7.3125,7.3125,7.3125,7.3125,7.3125,5200
1997-12-22,7.3125,7.6875,7.3125,7.6875,7.6875,3200
1997-12-23,7.6875,7.875,7.5,7.5,7.5,14300
1997-12-24,7.875,7.875,7.5,7.5,7.5,1600
1997-12-26,7.3125,7.3125,7.3125,7.3125,7.3125,500
1997-12-29,8.0625,8.0625,7.5,7.5,7.5,1100
1997-12-30,7.875,7.875,7.3125,7.6875,7.6875,32800
1997-12-31,7.6875,7.875,7.6875,7.6875,7.6875,4200
1998-01-02,8.0625,8.0625,8.0625,8.0625,8.0625,200
1998-01-05,8.0625,8.34375,7.875,8.25,8.25,9300
1998-01-06,8.25,8.25,8.25,8.25,8.25,1800
1998-01-07,8.0625,8.25,8.0625,8.25,8.25,5100
1998-01-08,8.4375,8.4375,8.0625,8.15625,8.15625,3700
1998-01-09,8.25,8.25,8.25,8.25,8.25,6400
1998-01-12,8.25,8.4375,8.0625,8.25,8.25,7600
1998-01-13,8.0625,8.4375,8.0625,8.0625,8.0625,4000
1998-01-14,8.0625,8.0625,7.875,7.875,7.875,1100
1998-01-15,7.6875,8.0625,7.6875,8.0625,8.0625,600
1998-01-16,8.0625,8.0625,7.6875,8.0625,8.0625,6400
1998-01-20,8.0625,8.0625,7.6875,8.0625,8.0625,1500
1998-01-21,7.6875,8.25,7.6875,8.0625,8.0625,2700
1998-01-22,8.8125,9.0,8.4375,8.4375,8.4375,21000
1998-01-23,8.625,8.625,8.25,8.25,8.25,8800
1998-01-26,8.25,8.25,7.5,8.0625,8.0625,13400
1998-01-27,7.6875,7.96875,7.6875,7.875,7.875,2700
1998-01-28,7.875,7.96875,7.6875,7.6875,7.6875,3200
1998-01-29,7.96875,7.96875,7.6875,7.875,7.875,3500
1998-01-30,7.96875,7.96875,7.6875,7.875,7.875,4000
1998-02-02,7.6875,7.78125,7.6875,7.6875,7.6875,1200
1998-02-03,7.6875,7.96875,7.6875,7.96875,7.96875,4700
1998-02-04,7.96875,7.96875,7.6875,7.875,7.875,8700
1998-02-05,7.96875,7.96875,7.6875,7.6875,7.6875,1600
1998-02-06,7.875,7.875,7.875,7.875,7.875,1900
1998-02-09,8.0625,9.0,8.0625,8.4375,8.4375,19200
1998-02-10,8.8125,9.0,8.25,9.0,9.0,16400
1998-02-11,9.0,9.0,8.8125,9.0,9.0,20200
1998-02-12,9.0,9.0,8.0625,8.25,8.25,8900
1998-02-13,8.25,8.25,7.875,7.875,7.875,1400
1998-02-17,8.625,8.625,8.25,8.625,8.625,10300
1998-02-18,8.4375,8.625,8.4375,8.625,8.625,1000
1998-02-19,9.0,9.0,8.4375,8.625,8.625,5500
1998-02-20,8.625,8.8125,8.25,8.8125,8.8125,18800
1998-02-23,8.25,8.8125,8.25,8.8125,8.8125,5200
1998-02-24,8.4375,8.625,8.25,8.25,8.25,6800
1998-02-25,8.8125,8.8125,8.8125,8.8125,8.8125,800
1998-02-26,8.25,8.25,8.0625,8.0625,8.0625,1200
1998-02-27,8.25,8.25,8.0625,8.0625,8.0625,3700
1998-03-02,8.0625,8.25,8.0625,8.25,8.25,7600
1998-03-03,8.0625,8.0625,7.5,7.5,7.5,900
1998-03-04,7.5,8.0625,7.5,7.875,7.875,11300
1998-03-05,7.875,7.875,7.6875,7.875,7.875,3700
1998-03-06,7.6875,8.4375,7.6875,8.4375,8.4375,900
1998-03-09,8.0625,8.0625,7.6875,7.6875,7.6875,19000
1998-03-10,8.0625,8.0625,7.6875,7.6875,7.6875,6700
1998-03-11,8.25,8.25,7.125,7.125,7.125,23800
1998-03-12,7.5,7.5,7.5,7.5,7.5,1000
1998-03-13,7.125,7.5,7.125,7.5,7.5,1700
1998-03-16,7.125,7.5,7.125,7.125,7.125,1000
1998-03-17,7.5,7.5,7.125,7.125,7.125,4300
1998-03-18,6.75,6.75,5.625,6.0,6.0,10500
1998-03-19,6.375,6.375,6.375,6.375,6.375,600
1998-03-20,6.375,6.75,6.375,6.375,6.375,9300
1998-03-23,6.375,6.5625,6.0,6.5625,6.5625,7900
1998-03-24,6.5625,6.5625,6.1875,6.1875,6.1875,4600
1998-03-25,6.0,6.0,6.0,6.0,6.0,200
1998-03-26,6.1875,6.9375,6.1875,6.9375,6.9375,2700
1998-03-27,6.0,7.125,6.0,6.75,6.75,1700
1998-03-30,6.75,6.9375,6.1875,6.1875,6.1875,6700
1998-03-31,6.28125,6.375,6.1875,6.1875,6.1875,2900
1998-04-01,6.5625,6.9375,6.375,6.75,6.75,4300
1998-04-02,6.5625,6.9375,6.375,6.75,6.75,800
1998-04-03,6.9375,6.9375,6.75,6.75,6.75,7200
1998-04-06,6.375,6.375,6.375,6.375,6.375,1000
1998-04-07,6.375,6.375,6.1875,6.1875,6.1875,1200
1998-04-08,6.1875,6.5625,6.1875,6.1875,6.1875,800
1998-04-09,6.1875,6.1875,6.1875,6.1875,6.1875,2200
1998-04-13,6.0,6.0,6.0,6.0,6.0,1000
1998-04-14,6.0,6.1875,6.0,6.0,6.0,6700
1998-04-15,6.0,6.0,5.8125,6.0,6.0,4700
1998-04-16,5.8125,6.0,5.8125,5.8125,5.8125,3300
1998-04-17,6.0,6.0,6.0,6.0,6.0,3700
1998-04-20,6.1875,6.1875,5.625,6.0,6.0,5400
1998-04-21,5.4375,6.0,5.4375,6.0,6.0,6200
1998-04-22,5.71875,5.71875,5.71875,5.71875,5.71875,300
1998-04-23,6.1875,6.1875,6.1875,6.1875,6.1875,0
1998-04-24,6.09375,6.1875,5.8125,5.90625,5.90625,1500
1998-04-27,5.71875,6.1875,5.71875,5.90625,5.90625,1400
1998-04-28,5.90625,5.90625,5.90625,5.90625,5.90625,800
1998-04-29,6.1875,6.375,6.1875,6.375,6.375,500
1998-04-30,6.375,6.75,6.0,6.0,6.0,14500
1998-05-01,6.1875,6.75,6.1875,6.375,6.375,900
1998-05-04,6.375,6.375,6.375,6.375,6.375,500
1998-05-05,6.375,6.375,6.0,6.375,6.375,9100
1998-05-06,6.5625,6.5625,6.375,6.375,6.375,3800
1998-05-07,6.75,6.75,6.1875,6.28125,6.28125,6600
1998-05-08,6.5625,6.5625,6.0,6.0,6.0,1500
1998-05-11,6.0,6.5625,6.0,6.5625,6.5625,300
1998-05-12,6.0,6.5625,6.0,6.1875,6.1875,1200
1998-05-13,6.1875,6.1875,6.1875,6.1875,6.1875,0
1998-05-14,6.1875,6.1875,6.1875,6.1875,6.1875,0
1998-05-15,6.375,6.46875,6.375,6.46875,6.46875,200
1998-05-18,6.46875,6.46875,6.46875,6.46875,6.46875,0
1998-05-19,6.375,6.375,6.375,6.375,6.375,900
1998-05-20,6.375,6.375,6.375,6.375,6.375,0
1998-05-21,6.375,6.5625,6.375,6.375,6.375,2500
1998-05-22,6.0,6.0,6.0,6.0,6.0,1000
1998-05-26,6.0,6.375,5.8125,6.0,6.0,4200
1998-05-27,6.0,6.0,5.953125,6.0,6.0,5500
1998-05-28,5.8125,6.0,5.8125,6.0,6.0,2000
1998-05-29,5.8125,5.8125,5.8125,5.8125,5.8125,1300
1998-06-01,6.0,6.0,5.8125,6.0,6.0,2600
1998-06-02,5.8125,6.0,5.8125,6.0,6.0,500
1998-06-03,6.0,6.0,6.0,6.0,6.0,3800
1998-06-04,6.0,6.09375,6.0,6.09375,6.09375,700
1998-06-05,6.09375,6.09375,6.09375,6.09375,6.09375,0
1998-06-08,6.0,6.0,5.8125,5.8125,5.8125,5000
1998-06-09,5.953125,5.953125,5.953125,5.953125,5.953125,3300
1998-06-10,5.8125,5.8125,5.8125,5.8125,5.8125,2200
1998-06-11,5.625,6.0,5.25,5.25,5.25,7600
1998-06-12,5.625,5.8125,5.25,5.25,5.25,3800
1998-06-15,5.25,6.75,5.25,6.75,6.75,4200
1998-06-16,6.5625,6.5625,6.0,6.0,6.0,1500
1998-06-17,6.0,6.375,6.0,6.0,6.0,5700
1998-06-18,5.8125,5.8125,5.8125,5.8125,5.8125,100
1998-06-19,5.8125,5.8125,5.8125,5.8125,5.8125,300
1998-06-22,5.8125,5.8125,5.8125,5.8125,5.8125,200
1998-06-23,6.375,6.375,6.0,6.0,6.0,2200
1998-06-24,6.0,6.0,6.0,6.0,6.0,0
1998-06-25,6.0,6.0,6.0,6.0,6.0,0
1998-06-26,6.0,6.0,6.0,6.0,6.0,1000
1998-06-29,5.8125,6.0,5.625,5.625,5.625,1600
1998-06-30,5.625,5.8125,5.625,5.8125,5.8125,4500
1998-07-01,5.625,6.0,5.625,6.0,6.0,9600
1998-07-02,6.0,6.0,6.0,6.0,6.0,0
1998-07-06,6.0,6.0,5.8125,5.8125,5.8125,1300
1998-07-07,6.1875,6.1875,5.90625,5.90625,5.90625,1100
1998-07-08,6.09375,6.09375,5.8125,5.8125,5.8125,1900
1998-07-09,6.0,6.0,6.0,6.0,6.0,1000
1998-07-10,5.8125,6.0,5.625,6.0,6.0,6200
1998-07-13,5.625,5.625,5.625,5.625,5.625,100
1998-07-14,5.625,5.625,5.625,5.625,5.625,300
1998-07-15,5.625,5.8125,5.625,5.625,5.625,1700
1998-07-16,5.8125,5.8125,5.625,5.8125,5.8125,1800
1998-07-17,5.8125,5.8125,5.8125,5.8125,5.8125,0
1998-07-20,6.0,6.0,6.0,6.0,6.0,1300
1998-07-21,6.0,6.0,5.625,5.625,5.625,3300
1998-07-22,5.53125,5.625,5.53125,5.625,5.625,600
1998-07-23,5.53125,6.0,5.53125,6.0,6.0,1000
1998-07-24,5.53125,5.8125,5.53125,5.8125,5.8125,700
1998-07-27,5.8125,5.8125,5.53125,5.8125,5.8125,1200
1998-07-28,5.53125,6.0,5.53125,5.71875,5.71875,5500
1998-07-29,5.71875,5.71875,5.625,5.625,5.625,1500
1998-07-30,5.625,5.625,5.4375,5.4375,5.4375,1000
1998-07-31,5.625,5.625,5.625,5.625,5.625,0
1998-08-03,5.625,5.625,5.4375,5.625,5.625,700
1998-08-04,5.4375,5.53125,5.25,5.25,5.25,7000
1998-08-05,5.34375,5.34375,5.34375,5.34375,5.34375,0
1998-08-06,5.34375,5.34375,5.34375,5.34375,5.34375,0
1998-08-07,5.34375,5.34375,5.34375,5.34375,5.34375,100
1998-08-10,5.0625,5.0625,4.875,4.875,4.875,400
1998-08-11,5.0625,5.25,4.5,5.25,5.25,5400
1998-08-12,4.6875,5.25,4.6875,4.875,4.875,5200
1998-08-13,4.875,4.875,4.875,4.875,4.875,0
1998-08-14,5.25,5.25,4.6875,5.25,5.25,600
1998-08-17,4.6875,5.25,4.6875,5.25,5.25,400
1998-08-18,4.6875,4.6875,4.6875,4.6875,4.6875,100
1998-08-19,4.59375,4.6875,4.5,4.6875,4.6875,1300
1998-08-20,4.5,5.0625,4.5,5.0625,5.0625,1500
1998-08-21,5.25,5.25,5.25,5.25,5.25,500
1998-08-24,4.6875,4.875,4.6875,4.875,4.875,1400
1998-08-25,4.875,5.0625,4.875,4.875,4.875,1300
1998-08-26,4.875,5.0625,4.875,5.0625,5.0625,3100
1998-08-27,4.875,4.875,4.875,4.875,4.875,300
1998-08-28,4.5,5.25,4.5,4.875,4.875,3500
1998-08-31,5.0625,5.25,4.6875,4.6875,4.6875,2600
1998-09-01,4.6875,5.0625,4.6875,5.0625,5.0625,600
1998-09-02,4.6875,5.15625,4.6875,5.0625,5.0625,5300
1998-09-03,4.5,4.875,4.5,4.875,4.875,500
1998-09-04,4.5,4.5,4.5,4.5,4.5,600
1998-09-08,4.875,4.875,4.5,4.875,4.875,1300
1998-09-09,4.875,4.875,4.875,4.875,4.875,100
1998-09-10,4.875,4.875,4.6875,4.6875,4.6875,500
1998-09-11,4.6875,4.6875,4.6875,4.6875,4.6875,800
1998-09-14,4.6875,5.0625,4.6875,5.0625,5.0625,600
1998-09-15,4.6875,4.875,4.5,4.5,4.5,5100
1998-09-16,4.5,4.5,4.5,4.5,4.5,0
1998-09-17,4.875,4.875,4.5,4.5,4.5,600
1998-09-18,4.5,4.5,4.5,4.5,4.5,100
1998-09-21,4.5,4.5,4.5,4.5,4.5,200
1998-09-22,4.5,4.5,4.5,4.5,4.5,200
1998-09-23,4.5,4.5,4.5,4.5,4.5,0
1998-09-24,4.6875,4.6875,4.5,4.5,4.5,1000
1998-09-25,4.5,4.6875,4.3125,4.5,4.5,1800
1998-09-28,4.3125,4.3125,4.3125,4.3125,4.3125,1300
1998-09-29,4.5,4.5,3.9375,4.3125,4.3125,300
1998-09-30,3.75,3.9375,3.75,3.9375,3.9375,5700
1998-10-01,4.125,4.125,4.125,4.125,4.125,500
1998-10-02,4.125,4.5,3.9375,4.3125,4.3125,3700
1998-10-05,3.9375,4.125,3.9375,3.9375,3.9375,800
1998-10-06,4.125,4.125,3.9375,3.9375,3.9375,2500
1998-10-07,3.9375,3.9375,3.9375,3.9375,3.9375,600
1998-10-08,3.9375,3.9375,3.9375,3.9375,3.9375,0
1998-10-09,3.9375,4.125,3.5625,4.125,4.125,900
1998-10-12,3.5625,3.75,3.5625,3.5625,3.5625,1000
1998-10-13,3.5625,4.125,3.5625,4.125,4.125,100
1998-10-14,4.125,4.125,3.5625,4.125,4.125,1300
1998-10-15,3.5625,4.6875,3.5625,4.6875,4.6875,5400
1998-10-16,4.5,4.6875,4.125,4.6875,4.6875,2600
1998-10-19,4.125,4.6875,4.125,4.6875,4.6875,500
1998-10-20,4.125,4.5,3.9375,4.5,4.5,3400
1998-10-21,4.125,4.5,4.125,4.5,4.5,600
1998-10-22,4.5,4.875,4.3125,4.3125,4.3125,3400
1998-10-23,4.875,4.875,4.5,4.5,4.5,800
1998-10-26,4.125,4.125,4.125,4.125,4.125,200
1998-10-27,4.875,4.875,4.875,4.875,4.875,600
1998-10-28,4.875,4.875,4.6875,4.875,4.875,700
1998-10-29,5.25,6.375,5.25,6.375,6.375,7000
1998-10-30,6.0,6.0,5.25,5.625,5.625,6800
1998-11-02,5.4375,5.4375,5.4375,5.4375,5.4375,700
1998-11-03,5.4375,5.4375,5.4375,5.4375,5.4375,0
1998-11-04,5.8125,5.8125,5.625,5.625,5.625,200
1998-11-05,5.625,5.625,5.625,5.625,5.625,100
1998-11-06,6.0,6.375,6.0,6.375,6.375,5000
1998-11-09,6.0,6.375,6.0,6.0,6.0,1400
1998-11-10,6.1875,6.375,5.8125,6.0,6.0,5700
1998-11-11,6.375,6.375,6.0,6.0,6.0,1300
1998-11-12,6.0,6.0,6.0,6.0,6.0,0
1998-11-13,6.1875,6.375,5.8125,5.8125,5.8125,5300
1998-11-16,5.8125,6.0,5.8125,5.8125,5.8125,5000
1998-11-17,5.8125,6.0,5.8125,6.0,6.0,2800
1998-11-18,6.28125,6.28125,6.09375,6.09375,6.09375,600
1998-11-19,6.28125,6.375,5.8125,6.0,6.0,7600
1998-11-20,6.1875,6.375,6.1875,6.375,6.375,500
1998-11-23,6.1875,6.375,6.1875,6.375,6.375,3200
1998-11-24,6.375,6.75,6.1875,6.234375,6.234375,7000
1998-11-25,6.1875,6.1875,6.1875,6.1875,6.1875,2600
1998-11-27,6.375,6.375,6.1875,6.234375,6.234375,8500
1998-11-30,6.1875,6.375,6.1875,6.375,6.375,3800
1998-12-01,6.375,6.375,6.1875,6.375,6.375,2600
1998-12-02,6.375,6.375,6.375,6.375,6.375,0
1998-12-03,6.375,6.375,6.1875,6.1875,6.1875,2700
1998-12-04,6.0,6.0,6.0,6.0,6.0,1000
1998-12-07,5.90625,6.375,5.90625,6.0,6.0,3800
1998-12-08,6.0,6.0,6.0,6.0,6.0,1100
1998-12-09,6.0,6.0,6.0,6.0,6.0,4700
1998-12-10,6.0,6.0,6.0,6.0,6.0,600
1998-12-11,6.375,6.375,6.0,6.0,6.0,3300
1998-12-14,5.8125,5.8125,5.8125,5.8125,5.8125,100
1998-12-15,5.8125,6.375,5.8125,6.0,6.0,1900
1998-12-16,5.8125,6.1875,5.8125,6.0,6.0,5200
1998-12-17,5.8125,5.8125,5.8125,5.8125,5.8125,800
1998-12-18,5.8125,6.0,5.25,5.25,5.25,5600
1998-12-21,5.625,5.625,5.25,5.25,5.25,3400
1998-12-22,5.25,5.25,5.25,5.25,5.25,0
1998-12-23,5.625,5.625,5.25,5.25,5.25,2400
1998-12-24,5.25,5.25,5.0625,5.0625,5.0625,1100
1998-12-28,5.0625,5.0625,5.0625,5.0625,5.0625,1900
1998-12-29,4.875,5.25,4.875,4.875,4.875,2800
1998-12-30,4.875,4.875,4.6875,4.6875,4.6875,1700
1998-12-31,4.875,4.875,4.875,4.875,4.875,1900
1999-01-04,4.875,4.875,4.6875,4.6875,4.6875,1300
1999-01-05,4.6875,4.6875,4.6875,4.6875,4.6875,3000
1999-01-06,4.6875,4.6875,4.6875,4.6875,4.6875,800
1999-01-07,4.6875,4.6875,4.6875,4.6875,4.6875,0
1999-01-08,4.6875,4.875,4.6875,4.875,4.875,200
1999-01-11,4.875,4.875,4.875,4.875,4.875,0
1999-01-12,4.6875,4.6875,4.6875,4.6875,4.6875,600
1999-01-13,4.6875,4.6875,4.6875,4.6875,4.6875,1400
1999-01-14,4.875,5.0625,4.5,4.5,4.5,4200
1999-01-15,4.5,4.5,4.5,4.5,4.5,1000
1999-01-19,4.59375,4.59375,4.40625,4.40625,4.40625,10100
1999-01-20,4.59375,4.59375,4.59375,4.59375,4.59375,1300
1999-01-21,4.875,4.875,4.6875,4.875,4.875,4600
1999-01-22,4.78125,4.78125,4.59375,4.59375,4.59375,700
1999-01-25,4.875,4.875,4.59375,4.78125,4.78125,3800
1999-01-26,4.5,4.875,4.5,4.59375,4.59375,3400
1999-01-27,4.59375,4.875,4.59375,4.875,4.875,2000
1999-01-28,4.40625,4.5,4.3125,4.5,4.5,700
1999-01-29,4.3125,4.5,4.03125,4.5,4.5,8600
1999-02-01,4.6875,5.25,4.5,5.25,5.25,16300
1999-02-02,5.25,5.25,5.0625,5.0625,5.0625,800
1999-02-03,4.78125,4.875,4.78125,4.875,4.875,2400
1999-02-04,4.40625,4.5,4.40625,4.5,4.5,600
1999-02-05,4.5,4.5,4.5,4.5,4.5,1700
1999-02-08,5.0625,5.0625,5.0625,5.0625,5.0625,200
1999-02-09,5.0625,5.0625,5.0625,5.0625,5.0625,0
1999-02-10,4.5,4.5,4.5,4.5,4.5,2500
1999-02-11,4.5,4.5,4.5,4.5,4.5,600
1999-02-12,4.5,4.5,4.5,4.5,4.5,4800
1999-02-16,4.875,4.875,4.5,4.875,4.875,500
1999-02-17,4.5,4.5,4.5,4.5,4.5,2500
1999-02-18,4.5,4.6875,4.5,4.6875,4.6875,13300
1999-02-19,4.6875,4.6875,4.5,4.5,4.5,1600
1999-02-22,4.5,4.5,4.5,4.5,4.5,100
1999-02-23,4.5,4.6875,4.5,4.5,4.5,1500
1999-02-24,4.5,4.5,4.5,4.5,4.5,200
1999-02-25,4.5,4.5,4.5,4.5,4.5,400
1999-02-26,5.25,5.25,5.25,5.25,5.25,300
1999-03-01,5.25,5.25,5.25,5.25,5.25,0
1999-03-02,4.5,4.5,4.5,4.5,4.5,2300
1999-03-03,5.25,5.25,4.5,4.5,4.5,100
1999-03-04,4.875,4.875,4.6875,4.6875,4.6875,1400
1999-03-05,5.25,5.25,5.25,5.25,5.25,500
1999-03-08,5.625,5.625,5.625,5.625,5.625,400
1999-03-09,5.625,5.625,5.625,5.625,5.625,0
1999-03-10,4.6875,4.875,4.6875,4.875,4.875,1400
1999-03-11,4.875,4.875,4.6875,4.6875,4.6875,3400
1999-03-12,4.6875,4.921875,4.59375,4.59375,4.59375,9300
1999-03-15,4.59375,4.6875,4.59375,4.59375,4.59375,25100
1999-03-16,4.6875,4.875,4.125,4.125,4.125,29100
1999-03-17,3.75,3.9375,3.5625,3.75,3.75,10400
1999-03-18,4.125,4.125,3.9375,3.9375,3.9375,1300
1999-03-19,3.9375,4.3125,3.9375,4.3125,4.3125,2200
1999-03-22,4.3125,4.5,4.3125,4.3125,4.3125,2000
1999-03-23,4.3125,4.3125,4.3125,4.3125,4.3125,0
1999-03-24,4.5,4.5,4.3125,4.3125,4.3125,900
1999-03-25,4.5,4.5,4.3125,4.3125,4.3125,3900
1999-03-26,4.3125,4.3125,4.3125,4.3125,4.3125,2900
1999-03-29,4.3125,4.5,4.3125,4.5,4.5,7100
1999-03-30,4.3125,4.3125,4.3125,4.3125,4.3125,700
1999-03-31,4.3125,4.5,4.3125,4.5,4.5,6400
1999-04-01,4.3125,4.5,4.3125,4.3125,4.3125,29400
1999-04-05,4.3125,4.5,4.3125,4.3125,4.3125,24300
1999-04-06,4.3125,4.5,3.65625,4.125,4.125,15900
1999-04-07,4.125,4.125,3.75,3.75,3.75,800
1999-04-08,3.9375,4.3125,3.9375,4.3125,4.3125,1700
1999-04-09,4.3125,4.3125,4.3125,4.3125,4.3125,1000
1999-04-12,4.3125,4.3125,4.3125,4.3125,4.3125,0
1999-04-13,4.3125,4.3125,4.3125,4.3125,4.3125,0
1999-04-14,4.125,4.125,4.125,4.125,4.125,3100
1999-04-15,4.125,4.125,4.125,4.125,4.125,200
1999-04-16,4.125,4.3125,4.125,4.3125,4.3125,400
1999-04-19,4.125,4.3125,4.125,4.3125,4.3125,2200
1999-04-20,4.3125,4.3125,4.3125,4.3125,4.3125,0
1999-04-21,4.3125,4.40625,4.3125,4.40625,4.40625,7200
1999-04-22,4.5,5.8125,4.40625,5.8125,5.8125,23100
1999-04-23,6.0,6.0,5.4375,5.4375,5.4375,10600
1999-04-26,6.0,6.0,5.4375,5.4375,5.4375,400
1999-04-27,5.4375,5.4375,5.25,5.25,5.25,3500
1999-04-28,5.25,5.25,5.25,5.25,5.25,0
1999-04-29,5.25,5.25,5.25,5.25,5.25,0
1999-04-30,5.0625,5.25,4.6875,5.0625,5.0625,11500
1999-05-03,4.875,5.0625,4.875,5.0625,5.0625,3600
1999-05-04,5.0625,5.0625,5.0625,5.0625,5.0625,0
1999-05-05,4.5,4.5,4.5,4.5,4.5,300
1999-05-06,4.5,4.6875,4.5,4.6875,4.6875,6900
1999-05-07,4.6875,4.6875,4.5,4.5,4.5,3400
1999-05-10,4.5,4.5,4.125,4.125,4.125,12100
1999-05-11,4.125,4.3125,4.125,4.125,4.125,10900
1999-05-12,4.125,4.5,4.125,4.5,4.5,3400
1999-05-13,4.125,4.5,4.125,4.5,4.5,4100
1999-05-14,4.5,4.5,4.5,4.5,4.5,0
1999-05-17,4.3125,4.3125,4.125,4.125,4.125,1000
1999-05-18,4.3125,4.3125,4.3125,4.3125,4.3125,0
1999-05-19,4.125,4.125,4.125,4.125,4.125,300
1999-05-20,4.125,4.3125,4.125,4.3125,4.3125,1500
1999-05-21,4.125,4.125,4.125,4.125,4.125,700
1999-05-24,4.125,4.125,4.125,4.125,4.125,0
1999-05-25,4.125,4.3125,4.125,4.3125,4.3125,5000
1999-05-26,4.125,4.125,4.125,4.125,4.125,2900
1999-05-27,4.125,4.125,4.125,4.125,4.125,0
1999-05-28,4.3125,4.3125,4.125,4.125,4.125,4000
1999-06-01,4.125,4.5,4.125,4.5,4.5,5900
1999-06-02,4.5,4.5,4.5,4.5,4.5,300
1999-06-03,4.125,4.3125,3.9375,3.9375,3.9375,11800
1999-06-04,3.9375,3.9375,3.9375,3.9375,3.9375,300
1999-06-07,3.9375,3.9375,3.9375,3.9375,3.9375,1000
1999-06-08,4.3125,4.3125,4.3125,4.3125,4.3125,600
1999-06-09,4.5,4.5,4.125,4.125,4.125,14100
1999-06-10,4.125,4.125,4.125,4.125,4.125,600
1999-06-11,4.6875,4.6875,4.6875,4.6875,4.6875,300
1999-06-14,4.6875,4.6875,4.6875,4.6875,4.6875,0
1999-06-15,4.125,4.125,4.125,4.125,4.125,700
1999-06-16,4.125,4.125,4.125,4.125,4.125,2000
1999-06-17,4.125,4.125,3.75,3.75,3.75,2200
1999-06-18,3.84375,3.84375,3.84375,3.84375,3.84375,0
1999-06-21,3.84375,3.9375,3.84375,3.9375,3.9375,3000
1999-06-22,3.9375,3.9375,3.9375,3.9375,3.9375,0
1999-06-23,3.9375,3.9375,3.9375,3.9375,3.9375,2300
1999-06-24,3.84375,3.9375,3.84375,3.9375,3.9375,1000
1999-06-25,3.84375,3.9375,3.84375,3.9375,3.9375,4000
1999-06-28,3.84375,3.84375,3.84375,3.84375,3.84375,100
1999-06-29,4.171875,4.171875,3.84375,3.9375,3.9375,9100
1999-06-30,4.03125,4.03125,4.03125,4.03125,4.03125,600
1999-07-01,4.03125,4.03125,4.03125,4.03125,4.03125,0
1999-07-02,4.875,4.875,4.125,4.125,4.125,800
1999-07-06,4.03125,4.875,4.03125,4.875,4.875,4800
1999-07-07,5.25,5.25,5.25,5.25,5.25,0
1999-07-08,4.5,4.5,4.5,4.5,4.5,300
1999-07-09,4.5,4.5,4.5,4.5,4.5,1100
1999-07-12,4.3125,4.6875,4.3125,4.3125,4.3125,1300
1999-07-13,4.40625,4.40625,4.40625,4.40625,4.40625,100
1999-07-14,4.875,4.875,4.875,4.875,4.875,1600
1999-07-15,5.25,5.4375,4.875,5.4375,5.4375,1400
1999-07-16,5.4375,5.625,5.25,5.390625,5.390625,4100
1999-07-19,5.25,6.0,5.25,6.0,6.0,22400
1999-07-20,6.0,6.0,5.4375,5.4375,5.4375,7900
1999-07-21,5.4375,5.4375,5.4375,5.4375,5.4375,0
1999-07-22,5.625,5.625,5.625,5.625,5.625,100
1999-07-23,5.625,6.0,5.4375,5.4375,5.4375,2700
1999-07-26,5.4375,5.4375,5.4375,5.4375,5.4375,1100
1999-07-27,5.4375,5.4375,5.4375,5.4375,5.4375,5300
1999-07-28,5.4375,5.4375,5.25,5.25,5.25,2600
1999-07-29,5.4375,5.4375,5.4375,5.4375,5.4375,300
1999-07-30,6.0,6.0,6.0,6.0,6.0,600
1999-08-02,5.8125,6.0,5.0625,5.25,5.25,15900
1999-08-03,5.25,5.4375,5.0625,5.0625,5.0625,2200
1999-08-04,5.0625,5.0625,4.6875,4.6875,4.6875,2500
1999-08-05,4.875,5.0625,4.6875,5.0625,5.0625,800
1999-08-06,5.0625,5.4375,4.875,5.25,5.25,2300
1999-08-09,5.25,5.25,5.25,5.25,5.25,0
1999-08-10,4.6875,4.6875,4.40625,4.40625,4.40625,1400
1999-08-11,4.40625,4.40625,4.40625,4.40625,4.40625,0
1999-08-12,4.40625,4.40625,4.40625,4.40625,4.40625,0
1999-08-13,4.40625,4.40625,4.40625,4.40625,4.40625,0
1999-08-16,4.40625,4.40625,4.3125,4.3125,4.3125,1900
1999-08-17,4.3125,4.3125,4.125,4.125,4.125,1400
1999-08-18,4.125,4.875,4.03125,4.6875,4.6875,13900
1999-08-19,4.6875,4.6875,4.5,4.5,4.5,2100
1999-08-20,4.5,4.5,4.5,4.5,4.5,300
1999-08-23,4.5,4.5,4.5,4.5,4.5,500
1999-08-24,4.5,4.6875,4.5,4.6875,4.6875,500
1999-08-25,4.6875,4.6875,4.6875,4.6875,4.6875,500
1999-08-26,4.6875,4.6875,4.6875,4.6875,4.6875,0
1999-08-27,4.6875,4.6875,4.6875,4.6875,4.6875,0
1999-08-30,4.3125,4.40625,4.3125,4.3125,4.3125,3700
1999-08-31,4.5,4.5,4.125,4.3125,4.3125,1100
1999-09-01,4.125,4.3125,3.75,3.9375,3.9375,15800
1999-09-02,3.9375,4.125,3.75,3.84375,3.84375,3800
1999-09-03,3.84375,3.84375,3.84375,3.84375,3.84375,2000
1999-09-07,3.46875,3.5625,3.28125,3.46875,3.46875,11600
1999-09-08,3.75,3.75,3.75,3.75,3.75,0
1999-09-09,3.75,3.75,3.75,3.75,3.75,1000
1999-09-10,3.375,3.84375,3.375,3.84375,3.84375,300
1999-09-13,4.03125,4.78125,3.9375,4.5,4.5,9600
1999-09-14,4.21875,4.21875,4.21875,4.21875,4.21875,1000
1999-09-15,4.125,4.125,4.125,4.125,4.125,100
1999-09-16,4.125,4.125,4.125,4.125,4.125,0
1999-09-17,4.5,4.5,4.40625,4.40625,4.40625,1000
1999-09-20,4.125,4.125,4.03125,4.03125,4.03125,1100
1999-09-21,4.125,4.5,4.125,4.5,4.5,7700
1999-09-22,4.5,4.78125,4.125,4.125,4.125,3700
1999-09-23,4.125,4.3125,4.125,4.3125,4.3125,2400
1999-09-24,4.5,4.6875,4.21875,4.3125,4.3125,4700
1999-09-27,4.5,4.5,4.125,4.125,4.125,500
1999-09-28,4.125,4.125,4.125,4.125,4.125,0
1999-09-29,4.125,4.125,3.9375,4.125,4.125,2000
1999-09-30,4.5,4.5,4.125,4.125,4.125,1800
1999-10-01,4.125,4.125,4.125,4.125,4.125,100
1999-10-04,4.125,4.3125,3.75,3.75,3.75,4800
1999-10-05,3.75,3.75,3.75,3.75,3.75,0
1999-10-06,3.75,3.9375,3.75,3.84375,3.84375,16000
1999-10-07,3.75,3.84375,3.75,3.84375,3.84375,200
1999-10-08,3.75,4.125,3.75,3.9375,3.9375,22500
1999-10-11,3.84375,3.84375,3.84375,3.84375,3.84375,4000
1999-10-12,3.890625,3.9375,3.65625,3.75,3.75,8500
1999-10-13,3.84375,3.84375,3.84375,3.84375,3.84375,3200
1999-10-14,3.796875,4.125,3.75,3.84375,3.84375,22800
1999-10-15,3.84375,3.84375,3.75,3.75,3.75,5300
1999-10-18,3.65625,3.84375,3.5625,3.84375,3.84375,2000
1999-10-19,3.75,3.75,3.5625,3.5625,3.5625,12400
1999-10-20,3.84375,3.9375,3.75,3.84375,3.84375,4800
1999-10-21,3.5625,3.65625,3.0,3.65625,3.65625,3800
1999-10-22,3.375,3.65625,3.375,3.65625,3.65625,4300
1999-10-25,3.375,3.375,3.375,3.375,3.375,1800
1999-10-26,3.46875,3.46875,3.375,3.375,3.375,1600
1999-10-27,3.375,3.375,3.375,3.375,3.375,0
1999-10-28,3.46875,3.65625,3.46875,3.65625,3.65625,0
1999-10-29,3.65625,4.5,3.65625,3.75,3.75,14800
1999-11-01,3.9375,4.3125,3.65625,3.65625,3.65625,2100
1999-11-02,3.9375,3.9375,3.5625,3.65625,3.65625,1400
1999-11-03,3.65625,3.65625,3.65625,3.65625,3.65625,0
1999-11-04,3.9375,3.9375,3.9375,3.9375,3.9375,2600
1999-11-05,3.9375,4.125,3.9375,4.125,4.125,5900
1999-11-08,3.84375,4.125,3.75,3.9375,3.9375,21600
1999-11-09,2.625,3.75,2.625,3.375,3.375,13200
1999-11-10,4.125,4.3125,3.5625,3.65625,3.65625,5400
1999-11-11,3.9375,4.125,3.75,4.125,4.125,10400
1999-11-12,4.125,4.5,3.75,4.21875,4.21875,19600
1999-11-15,4.21875,4.21875,4.125,4.125,4.125,1300
1999-11-16,4.125,4.125,4.125,4.125,4.125,800
1999-11-17,4.125,4.5,4.125,4.3125,4.3125,4300
1999-11-18,4.3125,4.5,4.3125,4.40625,4.40625,8400
1999-11-19,4.40625,4.6875,4.40625,4.5,4.5,7400
1999-11-22,4.5,4.6875,4.5,4.5,4.5,8800
1999-11-23,4.5,4.6875,4.5,4.5,4.5,7500
1999-11-24,4.875,4.875,4.5,4.6875,4.6875,4200
1999-11-26,4.6875,4.875,4.5,4.6875,4.6875,4500
1999-11-29,4.6875,4.6875,4.40625,4.40625,4.40625,9200
1999-11-30,4.40625,5.34375,4.3125,5.25,5.25,8400
1999-12-01,5.0625,5.0625,4.59375,4.59375,4.59375,1400
1999-12-02,4.6875,4.6875,4.6875,4.6875,4.6875,400
1999-12-03,4.875,4.875,4.6875,4.6875,4.6875,3100
1999-12-06,4.6875,4.6875,4.6875,4.6875,4.6875,2400
1999-12-07,4.6875,4.6875,4.6875,4.6875,4.6875,0
1999-12-08,4.78125,4.875,4.78125,4.875,4.875,400
1999-12-09,4.6875,4.875,4.6875,4.6875,4.6875,5700
1999-12-10,4.6875,4.6875,4.5,4.59375,4.59375,5500
1999-12-13,4.5,4.5,4.5,4.5,4.5,600
1999-12-14,4.5,4.5,4.5,4.5,4.5,8300
1999-12-15,4.5,4.59375,3.9375,4.125,4.125,16700
1999-12-16,4.3125,4.5,4.125,4.125,4.125,19400
1999-12-17,4.125,4.125,4.125,4.125,4.125,1300
1999-12-20,4.5,4.5,4.125,4.125,4.125,6300
1999-12-21,4.125,4.21875,4.125,4.21875,4.21875,23700
1999-12-22,4.265625,4.265625,4.125,4.125,4.125,14800
1999-12-23,4.125,4.125,4.125,4.125,4.125,0
1999-12-27,4.171875,4.21875,3.9375,3.9375,3.9375,17100
1999-12-28,3.9375,4.5,3.9375,4.3125,4.3125,12200
1999-12-29,4.21875,4.21875,4.03125,4.125,4.125,14300
1999-12-30,4.03125,4.21875,4.03125,4.125,4.125,5500
1999-12-31,3.75,4.21875,3.5625,4.21875,4.21875,16200
2000-01-03,4.21875,4.21875,4.21875,4.21875,4.21875,0
2000-01-04,3.9375,4.5,3.9375,3.9375,3.9375,700
2000-01-05,4.03125,4.03125,4.03125,4.03125,4.03125,1500
2000-01-06,4.125,4.5,4.125,4.125,4.125,3600
2000-01-07,4.3125,5.25,4.3125,5.25,5.25,8800
2000-01-10,4.6875,4.6875,4.6875,4.6875,4.6875,300
2000-01-11,4.5,4.6875,4.5,4.6875,4.6875,3100
2000-01-12,4.6875,4.875,4.6875,4.6875,4.6875,900
2000-01-13,4.6875,4.6875,4.6875,4.6875,4.6875,0
2000-01-14,4.875,4.875,4.6875,4.875,4.875,4100
2000-01-18,4.875,5.25,4.78125,4.875,4.875,17800
2000-01-19,5.109375,5.109375,4.875,4.875,4.875,4500
2000-01-20,5.25,5.53125,4.875,5.25,5.25,29100
2000-01-21,6.0,6.375,5.625,5.8125,5.8125,59200
2000-01-24,5.90625,6.0,5.25,5.625,5.625,27300
2000-01-25,5.625,5.625,5.25,5.625,5.625,11400
2000-01-26,5.625,5.625,5.25,5.4375,5.4375,1900
2000-01-27,5.625,5.625,5.4375,5.4375,5.4375,2100
2000-01-28,5.484375,5.625,5.25,5.625,5.625,2700
2000-01-31,5.390625,5.53125,5.25,5.53125,5.53125,1300
2000-02-01,5.34375,5.53125,5.34375,5.53125,5.53125,0
2000-02-02,5.53125,5.53125,5.25,5.25,5.25,9200
2000-02-03,5.34375,5.4375,5.25,5.25,5.25,7700
2000-02-04,5.25,5.90625,5.25,5.90625,5.90625,4500
2000-02-07,5.4375,5.90625,5.25,5.4375,5.4375,6000
2000-02-08,5.25,5.4375,5.25,5.4375,5.4375,300
2000-02-09,5.4375,5.4375,5.25,5.25,5.25,7200
2000-02-10,5.4375,5.4375,5.25,5.25,5.25,7100
2000-02-11,5.25,5.71875,5.25,5.625,5.625,800
2000-02-14,5.53125,6.1875,5.53125,6.0,6.0,40200
2000-02-15,6.0,6.1875,5.25,6.1875,6.1875,16500
2000-02-16,6.375,6.9375,6.0,6.0,6.0,20400
2000-02-17,6.65625,6.65625,6.09375,6.09375,6.09375,3400
2000-02-18,6.328125,6.328125,6.09375,6.09375,6.09375,1500
2000-02-22,6.1875,6.28125,5.625,5.8125,5.8125,9500
2000-02-23,6.0,6.0,5.8125,6.0,6.0,1200
2000-02-24,5.90625,6.0,5.90625,6.0,6.0,1600
2000-02-25,5.8125,6.1875,5.71875,6.0,6.0,10400
2000-02-28,6.1875,6.1875,5.765625,5.765625,5.765625,4700
2000-02-29,6.1875,6.375,6.0,6.0,6.0,10900
2000-03-01,6.65625,6.75,6.0,6.0,6.0,13500
2000-03-02,5.90625,6.375,5.90625,6.0,6.0,16000
2000-03-03,6.1875,6.1875,5.8125,6.0,6.0,15600
2000-03-06,6.09375,6.1875,5.90625,6.0,6.0,18400
2000-03-07,6.0,6.75,6.0,6.5625,6.5625,35600
2000-03-08,6.75,8.625,6.5625,8.0625,8.0625,38900
2000-03-09,10.96875,11.0625,9.65625,10.875,10.875,153200
2000-03-10,11.71875,12.0,9.375,10.125,10.125,61200
2000-03-13,10.3125,10.5,8.25,9.65625,9.65625,48300
2000-03-14,9.9375,10.40625,9.0,10.40625,10.40625,52500
2000-03-15,10.5,10.875,9.09375,9.5625,9.5625,29300
2000-03-16,10.03125,10.875,9.5625,10.875,10.875,29200
2000-03-17,10.5,12.75,9.9375,12.75,12.75,78700
2000-03-20,12.5625,12.75,11.625,12.0,12.0,58200
2000-03-21,11.4375,11.71875,10.875,10.875,10.875,16600
2000-03-22,11.625,12.0,10.5,12.0,12.0,28400
2000-03-23,11.625,11.8125,9.75,11.0625,11.0625,26300
2000-03-24,10.96875,11.25,9.1875,9.65625,9.65625,13500
2000-03-27,9.0,9.1875,8.625,8.8125,8.8125,18000
2000-03-28,8.90625,8.90625,7.78125,8.625,8.625,19800
2000-03-29,8.625,8.625,7.125,7.125,7.125,12100
2000-03-30,7.6875,7.6875,6.1875,6.1875,6.1875,22300
2000-03-31,6.1875,7.125,6.0,7.125,7.125,12700
2000-04-03,7.5,7.5,6.375,6.375,6.375,7400
2000-04-04,6.65625,6.65625,6.0,6.1875,6.1875,25400
2000-04-05,6.09375,7.125,6.09375,6.75,6.75,2100
2000-04-06,7.125,7.5,6.375,7.5,7.5,13100
2000-04-07,7.6875,8.25,7.5,7.5,7.5,10300
2000-04-10,8.25,8.625,7.5,8.15625,8.15625,8700
2000-04-11,7.6875,7.875,7.03125,7.21875,7.21875,10900
2000-04-12,7.21875,7.21875,6.375,6.375,6.375,18700
2000-04-13,6.375,6.5625,6.375,6.375,6.375,8900
2000-04-14,6.375,6.5625,6.1875,6.5625,6.5625,38400
2000-04-17,6.46875,6.5625,6.375,6.5625,6.5625,21800
2000-04-18,6.84375,6.9375,6.75,6.75,6.75,5200
2000-04-19,7.5,7.6875,7.125,7.21875,7.21875,17400
2000-04-20,7.21875,8.25,6.75,8.0625,8.0625,6800
2000-04-24,8.0625,8.4375,8.0625,8.4375,8.4375,16300
2000-04-25,8.4375,9.0,8.25,8.4375,8.4375,12200
2000-04-26,9.0,9.0,8.25,8.25,8.25,9100
2000-04-27,8.25,8.25,7.125,7.125,7.125,9000
2000-04-28,8.0625,8.0625,7.5,7.6875,7.6875,4900
2000-05-01,7.5,7.5,7.3125,7.3125,7.3125,2500
2000-05-02,7.59375,8.0625,7.125,7.5,7.5,2200
2000-05-03,7.125,7.125,6.375,6.375,6.375,9600
2000-05-04,6.9375,7.125,6.5625,6.65625,6.65625,2000
2000-05-05,6.75,7.125,6.75,7.125,7.125,4300
2000-05-08,6.5625,7.3125,6.5625,7.3125,7.3125,6400
2000-05-09,6.9375,6.9375,6.375,6.375,6.375,3700
2000-05-10,6.75,6.75,6.375,6.375,6.375,800
2000-05-11,6.375,6.5625,6.375,6.375,6.375,2500
2000-05-12,6.375,6.5625,6.375,6.375,6.375,1100
2000-05-15,6.375,6.5625,6.375,6.5625,6.5625,7700
2000-05-16,6.375,6.375,6.375,6.375,6.375,700
2000-05-17,6.5625,6.5625,6.375,6.5625,6.5625,3600
2000-05-18,6.5625,6.5625,6.5625,6.5625,6.5625,0
2000-05-19,6.5625,6.65625,6.5625,6.5625,6.5625,5300
2000-05-22,6.65625,7.3125,6.5625,7.125,7.125,14200
2000-05-23,7.5,7.5,6.9375,6.9375,6.9375,400
2000-05-24,7.03125,7.125,6.75,6.75,6.75,8100
2000-05-25,7.125,7.125,6.5625,6.75,6.75,5000
2000-05-26,7.3125,7.5,6.9375,7.3125,7.3125,6100
2000-05-30,7.171875,7.875,6.9375,7.125,7.125,4800
2000-05-31,6.9375,7.125,6.9375,7.125,7.125,300
2000-06-01,7.125,7.21875,7.125,7.21875,7.21875,4300
2000-06-02,7.21875,7.21875,6.9375,6.9375,6.9375,4300
2000-06-05,7.3125,7.5,6.9375,7.3125,7.3125,2100
2000-06-06,7.21875,7.40625,7.21875,7.3125,7.3125,3500
2000-06-07,7.3125,7.6875,7.125,7.125,7.125,2700
2000-06-08,7.125,7.5,7.125,7.40625,7.40625,4500
2000-06-09,7.125,7.125,7.125,7.125,7.125,1000
2000-06-12,7.125,7.40625,6.9375,6.9375,6.9375,2800
2000-06-13,7.125,7.3125,6.9375,7.125,7.125,2300
2000-06-14,7.125,7.125,7.125,7.125,7.125,400
2000-06-15,7.125,7.3125,7.125,7.3125,7.3125,600
2000-06-16,7.3125,7.5,7.125,7.125,7.125,1400
2000-06-19,7.125,7.5,7.125,7.125,7.125,4700
2000-06-20,7.21875,7.21875,7.125,7.125,7.125,1900
2000-06-21,7.125,7.125,7.125,7.125,7.125,2800
2000-06-22,7.125,7.5,7.125,7.125,7.125,4100
2000-06-23,7.5,7.5,7.125,7.3125,7.3125,4200
2000-06-26,7.125,7.21875,7.125,7.21875,7.21875,1800
2000-06-27,7.125,7.3125,7.125,7.3125,7.3125,4200
2000-06-28,7.125,7.125,7.125,7.125,7.125,2100
2000-06-29,7.125,7.3125,7.125,7.3125,7.3125,12600
2000-06-30,7.125,7.3125,7.125,7.3125,7.3125,1200
2000-07-03,7.3125,7.3125,7.3125,7.3125,7.3125,0
2000-07-05,7.3125,7.5,7.125,7.3125,7.3125,1400
2000-07-06,7.3125,7.40625,6.9375,7.40625,7.40625,12600
2000-07-07,7.125,7.5,7.125,7.125,7.125,1200
2000-07-10,6.9375,7.21875,6.9375,7.125,7.125,700
2000-07-11,6.9375,6.9375,6.9375,6.9375,6.9375,1100
2000-07-12,6.9375,6.9375,6.9375,6.9375,6.9375,1000
2000-07-13,6.9375,6.9375,6.9375,6.9375,6.9375,2000
2000-07-14,6.9375,7.21875,6.9375,6.9375,6.9375,9400
2000-07-17,6.9375,6.9375,6.1875,6.1875,6.1875,7700
2000-07-18,6.234375,6.75,6.1875,6.1875,6.1875,5100
2000-07-19,6.375,6.375,6.1875,6.28125,6.28125,400
2000-07-20,6.5625,6.65625,6.375,6.65625,6.65625,1400
2000-07-21,6.375,6.75,6.375,6.5625,6.5625,5600
2000-07-24,6.5625,6.75,6.5625,6.75,6.75,800
2000-07-25,6.75,6.75,6.5625,6.75,6.75,4500
2000-07-26,7.125,7.125,6.1875,6.1875,6.1875,9700
2000-07-27,6.5625,6.5625,6.0,6.375,6.375,1000
2000-07-28,6.375,6.375,5.625,6.0,6.0,900
2000-07-31,6.375,6.375,6.0,6.0,6.0,3600
2000-08-01,6.0,6.0,6.0,6.0,6.0,300
2000-08-02,6.375,6.375,6.0,6.1875,6.1875,2500
2000-08-03,6.0,6.0,5.625,5.625,5.625,4100
2000-08-04,5.90625,6.0,5.8125,6.0,6.0,7000
2000-08-07,5.8125,6.046875,5.8125,5.8125,5.8125,1500
2000-08-08,6.0,6.0,5.8125,5.8125,5.8125,13100
2000-08-09,6.1875,7.03125,6.1875,6.84375,6.84375,20900
2000-08-10,7.03125,8.4375,7.03125,8.4375,8.4375,17100
2000-08-11,8.4375,8.4375,7.6875,7.6875,7.6875,3300
2000-08-14,7.6875,7.6875,7.5,7.5,7.5,1800
2000-08-15,7.6875,8.0625,7.40625,8.0625,8.0625,2500
2000-08-16,7.5,7.6875,7.5,7.6875,7.6875,2200
2000-08-17,7.6875,7.6875,7.5,7.6875,7.6875,11600
2000-08-18,7.5,7.6875,6.9375,7.5,7.5,2200
2000-08-21,7.125,7.171875,7.125,7.125,7.125,2000
2000-08-22,7.21875,7.3125,6.9375,6.9375,6.9375,1500
2000-08-23,7.125,7.125,7.125,7.125,7.125,100
2000-08-24,7.125,7.125,7.125,7.125,7.125,0
2000-08-25,7.125,7.5,7.125,7.5,7.5,1300
2000-08-28,7.453125,7.453125,6.9375,6.9375,6.9375,2000
2000-08-29,7.125,7.125,7.125,7.125,7.125,500
2000-08-30,7.40625,7.5,7.125,7.5,7.5,2000
2000-08-31,7.40625,7.40625,7.3125,7.3125,7.3125,1200
2000-09-01,7.40625,7.5,7.3125,7.3125,7.3125,6100
2000-09-05,7.3125,7.5,7.3125,7.5,7.5,9300
2000-09-06,7.3125,7.6875,7.3125,7.5,7.5,7200
2000-09-07,7.6875,7.875,7.3125,7.875,7.875,7400
2000-09-08,7.875,8.25,7.6875,8.25,8.25,7900
2000-09-11,8.15625,8.25,7.6875,7.875,7.875,11800
2000-09-12,8.0625,8.25,7.6875,8.25,8.25,1800
2000-09-13,7.6875,8.25,7.6875,7.875,7.875,1000
2000-09-14,8.25,8.25,7.875,7.875,7.875,7600
2000-09-15,8.25,8.34375,7.875,7.875,7.875,6600
2000-09-18,7.875,8.0625,7.875,7.875,7.875,3800
2000-09-19,8.25,8.25,7.875,8.25,8.25,16700
2000-09-20,7.875,8.25,7.875,7.875,7.875,5500
2000-09-21,8.25,8.25,7.875,8.0625,8.0625,2700
2000-09-22,7.6875,7.6875,7.6875,7.6875,7.6875,1300
2000-09-25,7.6875,7.6875,7.6875,7.6875,7.6875,4900
2000-09-26,7.546875,7.6875,7.5,7.5,7.5,20500
2000-09-27,7.5,7.5,7.3125,7.3125,7.3125,900
2000-09-28,7.125,7.125,6.5625,6.5625,6.5625,3100
2000-09-29,6.375,6.375,6.375,6.375,6.375,1200
2000-10-02,6.46875,6.75,6.1875,6.75,6.75,3200
2000-10-03,6.375,6.9375,6.375,6.9375,6.9375,1000
2000-10-04,6.75,6.75,6.0,6.0,6.0,7400
2000-10-05,6.0,6.09375,6.0,6.09375,6.09375,1000
2000-10-06,6.046875,6.375,6.0,6.375,6.375,3900
2000-10-09,6.140625,6.375,6.0,6.140625,6.140625,18100
2000-10-10,5.8125,6.375,5.625,6.0,6.0,12100
2000-10-11,6.0,6.1875,6.0,6.0,6.0,1600
2000-10-12,6.0,6.375,6.0,6.09375,6.09375,16800
2000-10-13,6.09375,6.375,6.09375,6.375,6.375,3300
2000-10-16,6.1875,6.703125,6.1875,6.703125,6.703125,200
2000-10-17,6.703125,6.75,6.0,6.0,6.0,4900
2000-10-18,6.0,6.375,5.8125,6.0,6.0,4600
2000-10-19,6.140625,6.75,6.0,6.375,6.375,11900
2000-10-20,6.1875,6.75,6.1875,6.46875,6.46875,3400
2000-10-23,6.65625,6.75,6.65625,6.703125,6.703125,3500
2000-10-24,6.5625,6.5625,6.1875,6.1875,6.1875,1400
2000-10-25,6.1875,6.1875,6.09375,6.09375,6.09375,200
2000-10-26,6.375,6.375,6.375,6.375,6.375,2400
2000-10-27,6.375,6.75,6.1875,6.75,6.75,2100
2000-10-30,6.75,6.9375,6.0,6.75,6.75,2400
2000-10-31,6.421875,6.75,6.421875,6.5625,6.5625,1000
2000-11-01,6.5625,7.125,6.5625,7.125,7.125,13300
2000-11-02,6.75,8.0625,6.75,8.0625,8.0625,14400
2000-11-03,7.875,8.0625,7.5,7.875,7.875,1600
2000-11-06,8.25,8.25,7.875,7.875,7.875,1400
2000-11-07,8.15625,8.15625,8.15625,8.15625,8.15625,100
2000-11-08,7.5,7.546875,7.5,7.5,7.5,700
2000-11-09,8.390625,8.8125,7.5,8.0625,8.0625,36900
2000-11-10,8.25,8.625,8.0625,8.25,8.25,28900
2000-11-13,8.4375,8.4375,7.59375,7.875,7.875,11600
2000-11-14,8.0625,8.15625,8.0625,8.15625,8.15625,5600
2000-11-15,8.0625,8.0625,7.78125,7.875,7.875,6400
2000-11-16,8.0625,8.25,8.0625,8.0625,8.0625,4200
2000-11-17,8.0625,8.15625,7.96875,8.0625,8.0625,19900
2000-11-20,8.0625,8.15625,8.0625,8.0625,8.0625,1700
2000-11-21,8.109375,8.15625,7.875,8.0625,8.0625,3900
2000-11-22,7.6875,8.0625,7.6875,8.0625,8.0625,7500
2000-11-24,7.828125,8.15625,7.78125,8.15625,8.15625,2000
2000-11-27,7.875,7.875,7.125,7.5,7.5,37900
2000-11-28,7.5,7.5,6.9375,6.9375,6.9375,1700
2000-11-29,6.984375,7.3125,6.75,7.3125,7.3125,7900
2000-11-30,7.3125,7.6875,7.125,7.5,7.5,6200
2000-12-01,7.6875,8.15625,7.125,8.0625,8.0625,11900
2000-12-04,8.203125,8.4375,7.875,8.0625,8.0625,12700
2000-12-05,8.0625,8.625,8.0625,8.34375,8.34375,10600
2000-12-06,8.34375,8.625,8.0625,8.625,8.625,7300
2000-12-07,8.53125,8.625,8.4375,8.625,8.625,5000
2000-12-08,8.4375,8.625,8.25,8.4375,8.4375,2400
2000-12-11,8.8125,8.8125,8.4375,8.8125,8.8125,3000
2000-12-12,8.625,8.625,8.625,8.625,8.625,6200
2000-12-13,8.625,8.8125,8.625,8.8125,8.8125,3600
2000-12-14,8.8125,8.8125,8.625,8.625,8.625,300
2000-12-15,8.625,8.625,8.25,8.25,8.25,400
2000-12-18,8.25,8.25,8.0625,8.0625,8.0625,3300
2000-12-19,8.15625,8.25,8.0625,8.0625,8.0625,2600
2000-12-20,8.25,8.25,8.0625,8.25,8.25,3800
2000-12-21,8.0625,8.0625,7.875,7.875,7.875,4300
2000-12-22,7.875,8.0625,7.875,8.0625,8.0625,300
2000-12-26,8.0625,8.0625,7.875,7.875,7.875,5100
2000-12-27,8.0625,8.25,8.0625,8.25,8.25,3800
2000-12-28,8.0625,9.0,8.0625,9.0,9.0,12500
2000-12-29,8.4375,9.0,8.25,8.625,8.625,11800
2001-01-02,8.953125,8.953125,8.25,8.625,8.625,4200
2001-01-03,8.109375,8.625,8.0625,8.0625,8.0625,2200
2001-01-04,8.578125,9.0,8.0625,8.4375,8.4375,15300
2001-01-05,8.4375,8.625,8.4375,8.625,8.625,2800
2001-01-08,8.53125,8.53125,8.53125,8.53125,8.53125,0
2001-01-09,8.4375,8.625,8.25,8.4375,8.4375,15900
2001-01-10,8.4375,8.625,8.4375,8.625,8.625,8800
2001-01-11,8.625,8.625,8.4375,8.578125,8.578125,17600
2001-01-12,8.484375,8.625,8.0625,8.0625,8.0625,9200
2001-01-16,8.0625,8.90625,8.0625,8.625,8.625,7900
2001-01-17,8.625,8.625,8.625,8.625,8.625,1400
2001-01-18,8.71875,8.8125,8.71875,8.71875,8.71875,2900
2001-01-19,8.625,8.71875,8.625,8.71875,8.71875,7700
2001-01-22,8.25,8.34375,8.25,8.34375,8.34375,600
2001-01-23,8.34375,8.34375,8.25,8.34375,8.34375,1500
2001-01-24,8.25,8.4375,8.25,8.4375,8.4375,1900
2001-01-25,8.625,8.71875,8.4375,8.625,8.625,10100
2001-01-26,8.625,8.625,8.4375,8.4375,8.4375,1700
2001-01-29,8.625,8.625,8.4375,8.4375,8.4375,3600
2001-01-30,8.625,8.71875,8.625,8.71875,8.71875,900
2001-01-31,8.8125,8.8125,8.625,8.625,8.625,2000
2001-02-01,8.90625,9.0,8.8125,9.0,9.0,4100
2001-02-02,9.0,9.0,8.8125,8.8125,8.8125,1000
2001-02-05,8.8125,8.90625,8.625,8.625,8.625,4100
2001-02-06,8.71875,9.0,8.4375,9.0,9.0,900
2001-02-07,8.8125,8.8125,8.8125,8.8125,8.8125,300
2001-02-08,8.625,9.0,8.625,9.0,9.0,5200
2001-02-09,8.625,9.0,8.625,9.0,9.0,3500
2001-02-12,9.0,9.0,8.625,8.625,8.625,3700
2001-02-13,9.0,9.28125,9.0,9.0,9.0,2100
2001-02-14,9.0,9.0,9.0,9.0,9.0,300
2001-02-15,9.09375,9.28125,9.0,9.0,9.0,5200
2001-02-16,9.046875,9.09375,8.625,8.625,8.625,8300
2001-02-20,9.0,9.1875,8.8125,8.8125,8.8125,4600
2001-02-21,8.8125,9.28125,8.8125,9.1875,9.1875,5500
2001-02-22,9.0,9.0,9.0,9.0,9.0,400
2001-02-23,9.0,9.28125,9.0,9.28125,9.28125,8500
2001-02-26,9.09375,9.28125,9.0,9.28125,9.28125,7000
2001-02-27,9.28125,9.65625,9.28125,9.65625,9.65625,2300
2001-02-28,9.375,9.75,9.1875,9.1875,9.1875,2000
2001-03-01,9.1875,9.5625,9.09375,9.5625,9.5625,700
2001-03-02,9.5625,9.5625,9.1875,9.1875,9.1875,7700
2001-03-05,9.1875,9.375,9.1875,9.375,9.375,2300
2001-03-06,9.1875,9.375,9.1875,9.375,9.375,1000
2001-03-07,9.28125,9.28125,9.1875,9.1875,9.1875,1100
2001-03-08,9.1875,9.1875,9.0,9.09375,9.09375,7200
2001-03-09,9.1875,9.375,9.1875,9.375,9.375,3400
2001-03-12,9.375,9.375,9.1875,9.1875,9.1875,2100
2001-03-13,9.28125,9.28125,9.0,9.09375,9.09375,5300
2001-03-14,9.09375,9.09375,8.4375,8.53125,8.53125,33700
2001-03-15,8.53125,8.53125,8.53125,8.53125,8.53125,0
2001-03-16,8.953125,9.0,8.625,8.625,8.625,1900
2001-03-19,8.625,8.625,8.625,8.625,8.625,700
2001-03-20,8.53125,8.53125,8.53125,8.53125,8.53125,400
2001-03-21,8.53125,8.53125,8.25,8.25,8.25,1000
2001-03-22,8.296875,8.296875,7.5,7.5,7.5,4000
2001-03-23,7.78125,8.0625,7.6875,7.6875,7.6875,10100
2001-03-26,7.650000095367432,7.650000095367432,7.349999904632568,7.349999904632568,7.349999904632568,4600
2001-03-27,7.230000019073486,7.230000019073486,7.050000190734863,7.050000190734863,7.050000190734863,5700
2001-03-28,7.5,7.5,6.960000038146973,6.960000038146973,6.960000038146973,2200
2001-03-29,7.199999809265137,7.5,7.199999809265137,7.5,7.5,2600
2001-03-30,6.989999771118164,7.650000095367432,6.989999771118164,7.230000019073486,7.230000019073486,600
2001-04-02,7.5,7.5,7.320000171661377,7.320000171661377,7.320000171661377,800
2001-04-03,7.320000171661377,7.590000152587891,7.170000076293945,7.590000152587891,7.590000152587891,700
2001-04-04,7.170000076293945,7.170000076293945,7.050000190734863,7.050000190734863,7.050000190734863,2400
2001-04-05,7.199999809265137,7.199999809265137,6.929999828338623,7.050000190734863,7.050000190734863,8500
2001-04-06,7.050000190734863,7.199999809265137,7.050000190734863,7.050000190734863,7.050000190734863,3200
2001-04-09,7.050000190734863,7.199999809265137,7.050000190734863,7.050000190734863,7.050000190734863,2000
2001-04-10,7.079999923706055,7.079999923706055,4.079999923706055,4.380000114440918,4.380000114440918,14400
2001-04-11,4.46999979019165,5.070000171661377,4.349999904632568,5.070000171661377,5.070000171661377,11200
2001-04-12,4.800000190734863,4.800000190734863,4.440000057220459,4.650000095367432,4.650000095367432,7800
2001-04-16,4.5,4.559999942779541,4.199999809265137,4.289999961853027,4.289999961853027,10000
2001-04-17,4.289999961853027,4.320000171661377,4.289999961853027,4.320000171661377,4.320000171661377,200
2001-04-18,4.320000171661377,4.5,4.320000171661377,4.349999904632568,4.349999904632568,1800
2001-04-19,4.5,4.5,4.349999904632568,4.349999904632568,4.349999904632568,500
2001-04-20,4.380000114440918,4.380000114440918,4.349999904632568,4.380000114440918,4.380000114440918,900
2001-04-23,4.289999961853027,4.289999961853027,4.260000228881836,4.260000228881836,4.260000228881836,200
2001-04-24,4.260000228881836,4.260000228881836,4.050000190734863,4.199999809265137,4.199999809265137,3400
2001-04-25,4.260000228881836,4.260000228881836,4.199999809265137,4.199999809265137,4.199999809265137,3400
2001-04-26,4.349999904632568,4.349999904632568,4.050000190734863,4.050000190734863,4.050000190734863,5200
2001-04-27,4.050000190734863,4.349999904632568,4.050000190734863,4.199999809265137,4.199999809265137,1700
2001-04-30,4.349999904632568,4.349999904632568,4.260000228881836,4.260000228881836,4.260000228881836,2900
2001-05-01,4.260000228881836,4.260000228881836,4.260000228881836,4.260000228881836,4.260000228881836,0
2001-05-02,4.260000228881836,4.349999904632568,4.079999923706055,4.139999866485596,4.139999866485596,3900
2001-05-03,4.289999961853027,4.46999979019165,4.289999961853027,4.320000171661377,4.320000171661377,1500
2001-05-04,4.440000057220459,4.440000057220459,4.440000057220459,4.440000057220459,4.440000057220459,100
2001-05-07,4.349999904632568,4.349999904632568,4.349999904632568,4.349999904632568,4.349999904632568,0
2001-05-08,4.079999923706055,4.230000019073486,4.079999923706055,4.230000019073486,4.230000019073486,1600
2001-05-09,4.199999809265137,4.199999809265137,4.079999923706055,4.079999923706055,4.079999923706055,44000
2001-05-10,4.079999923706055,4.110000133514404,4.050000190734863,4.050000190734863,4.050000190734863,5400
2001-05-11,4.079999923706055,4.199999809265137,3.809999942779541,3.809999942779541,3.809999942779541,5500
2001-05-14,3.900000095367432,3.900000095367432,3.809999942779541,3.809999942779541,3.809999942779541,600
2001-05-15,3.839999914169312,3.930000066757202,3.809999942779541,3.930000066757202,3.930000066757202,1100
2001-05-16,4.170000076293945,4.170000076293945,4.170000076293945,4.170000076293945,4.170000076293945,1600
2001-05-17,4.199999809265137,4.5,4.199999809265137,4.349999904632568,4.349999904632568,6400
2001-05-18,4.260000228881836,4.289999961853027,4.199999809265137,4.199999809265137,4.199999809265137,5500
2001-05-21,4.199999809265137,4.199999809265137,4.110000133514404,4.199999809265137,4.199999809265137,8600
2001-05-22,4.170000076293945,4.170000076293945,4.079999923706055,4.079999923706055,4.079999923706055,700
2001-05-23,4.079999923706055,4.199999809265137,4.079999923706055,4.170000076293945,4.170000076293945,16000
2001-05-24,4.170000076293945,4.170000076293945,4.170000076293945,4.170000076293945,4.170000076293945,2600
2001-05-25,4.139999866485596,4.139999866485596,4.139999866485596,4.139999866485596,4.139999866485596,3400
2001-05-29,4.139999866485596,4.139999866485596,4.019999980926514,4.139999866485596,4.139999866485596,11400
2001-05-30,4.079999923706055,4.110000133514404,4.019999980926514,4.050000190734863,4.050000190734863,30300
2001-05-31,4.110000133514404,4.110000133514404,4.110000133514404,4.110000133514404,4.110000133514404,1400
2001-06-01,4.110000133514404,4.199999809265137,4.110000133514404,4.199999809265137,4.199999809265137,400
2001-06-04,4.199999809265137,4.260000228881836,4.139999866485596,4.139999866485596,4.139999866485596,400
2001-06-05,4.199999809265137,4.349999904632568,4.199999809265137,4.349999904632568,4.349999904632568,3300
2001-06-06,4.199999809265137,4.199999809265137,4.199999809265137,4.199999809265137,4.199999809265137,700
2001-06-07,4.199999809265137,4.199999809265137,4.199999809265137,4.199999809265137,4.199999809265137,0
2001-06-08,4.199999809265137,4.199999809265137,4.139999866485596,4.139999866485596,4.139999866485596,1900
2001-06-11,4.199999809265137,4.230000019073486,4.170000076293945,4.170000076293945,4.170000076293945,900
2001-06-12,4.170000076293945,4.170000076293945,4.170000076293945,4.170000076293945,4.170000076293945,0
2001-06-13,4.170000076293945,4.53000020980835,3.0899999141693115,3.450000047683716,3.450000047683716,26600
2001-06-14,3.450000047683716,3.450000047683716,2.880000114440918,3.0,3.0,5600
2001-06-15,3.180000066757202,3.240000009536743,3.0,3.2100000381469727,3.2100000381469727,3500
2001-06-18,3.150000095367432,3.5999999046325684,3.150000095367432,3.150000095367432,3.150000095367432,2200
2001-06-19,3.150000095367432,3.150000095367432,3.0899999141693115,3.0899999141693115,3.0899999141693115,3000
2001-06-20,3.450000047683716,3.7200000286102295,3.150000095367432,3.150000095367432,3.150000095367432,3000
2001-06-21,3.299999952316284,3.299999952316284,3.299999952316284,3.299999952316284,3.299999952316284,400
2001-06-22,3.299999952316284,3.299999952316284,3.299999952316284,3.299999952316284,3.299999952316284,0
2001-06-25,3.240000009536743,3.240000009536743,3.240000009536743,3.240000009536743,3.240000009536743,600
2001-06-26,3.240000009536743,3.240000009536743,3.240000009536743,3.240000009536743,3.240000009536743,600
2001-06-27,3.3299999237060547,3.450000047683716,3.240000009536743,3.240000009536743,3.240000009536743,4700
2001-06-28,3.240000009536743,3.240000009536743,3.240000009536743,3.240000009536743,3.240000009536743,0
2001-06-29,3.240000009536743,3.240000009536743,3.240000009536743,3.240000009536743,3.240000009536743,1800
2001-07-02,3.240000009536743,3.240000009536743,3.240000009536743,3.240000009536743,3.240000009536743,3700
2001-07-03,3.359999895095825,3.359999895095825,3.240000009536743,3.240000009536743,3.240000009536743,6100
2001-07-05,3.3299999237060547,3.3299999237060547,3.0899999141693115,3.0899999141693115,3.0899999141693115,4700
2001-07-06,3.0899999141693115,3.0899999141693115,3.0899999141693115,3.0899999141693115,3.0899999141693115,0
2001-07-09,3.0899999141693115,3.0899999141693115,3.0899999141693115,3.0899999141693115,3.0899999141693115,1100
2001-07-10,3.0899999141693115,3.0899999141693115,3.0899999141693115,3.0899999141693115,3.0899999141693115,300
2001-07-11,3.150000095367432,3.150000095367432,3.150000095367432,3.150000095367432,3.150000095367432,100
2001-07-12,3.150000095367432,3.150000095367432,3.150000095367432,3.150000095367432,3.150000095367432,300
2001-07-13,3.150000095367432,3.150000095367432,3.150000095367432,3.150000095367432,3.150000095367432,600
2001-07-16,3.240000009536743,3.2699999809265137,3.240000009536743,3.2699999809265137,3.2699999809265137,800
2001-07-17,3.2699999809265137,3.2699999809265137,3.2699999809265137,3.2699999809265137,3.2699999809265137,0
2001-07-18,3.240000009536743,3.240000009536743,3.240000009536743,3.240000009536743,3.240000009536743,1000
2001-07-19,3.2699999809265137,3.2699999809265137,3.2699999809265137,3.2699999809265137,3.2699999809265137,400
2001-07-20,3.299999952316284,3.5999999046325684,3.299999952316284,3.4200000762939453,3.4200000762939453,600
2001-07-23,3.569999933242798,3.569999933242798,3.4200000762939453,3.4200000762939453,3.4200000762939453,1600
2001-07-24,3.539999961853028,3.539999961853028,3.4200000762939453,3.4200000762939453,3.4200000762939453,500
2001-07-25,3.2699999809265137,3.2699999809265137,3.2699999809265137,3.2699999809265137,3.2699999809265137,700
2001-07-26,3.2100000381469727,3.2100000381469727,3.2100000381469727,3.2100000381469727,3.2100000381469727,200
2001-07-27,3.150000095367432,3.150000095367432,3.150000095367432,3.150000095367432,3.150000095367432,0
2001-07-30,3.150000095367432,3.240000009536743,3.150000095367432,3.240000009536743,3.240000009536743,2700
2001-07-31,3.4800000190734863,3.4800000190734863,3.2699999809265137,3.2699999809265137,3.2699999809265137,800
2001-08-01,3.3299999237060547,3.359999895095825,3.299999952316284,3.359999895095825,3.359999895095825,1700
2001-08-02,3.450000047683716,3.4800000190734863,3.450000047683716,3.4800000190734863,3.4800000190734863,1300
2001-08-03,3.4200000762939453,3.4200000762939453,3.2699999809265137,3.299999952316284,3.299999952316284,1100
2001-08-06,3.4200000762939453,3.4200000762939453,3.150000095367432,3.150000095367432,3.150000095367432,2800
2001-08-07,3.180000066757202,3.180000066757202,3.150000095367432,3.150000095367432,3.150000095367432,1600
2001-08-08,3.299999952316284,3.3299999237060547,3.299999952316284,3.3299999237060547,3.3299999237060547,2600
2001-08-09,3.3299999237060547,3.3299999237060547,3.3299999237060547,3.3299999237060547,3.3299999237060547,0
2001-08-10,3.359999895095825,3.359999895095825,3.180000066757202,3.180000066757202,3.180000066757202,200
2001-08-13,3.450000047683716,3.450000047683716,3.299999952316284,3.299999952316284,3.299999952316284,1200
2001-08-14,3.450000047683716,3.450000047683716,3.3299999237060547,3.3299999237060547,3.3299999237060547,1800
2001-08-15,3.359999895095825,3.359999895095825,3.3299999237060547,3.3299999237060547,3.3299999237060547,300
2001-08-16,3.3299999237060547,3.3299999237060547,3.299999952316284,3.299999952316284,3.299999952316284,2000
2001-08-17,3.299999952316284,3.299999952316284,3.299999952316284,3.299999952316284,3.299999952316284,6100
2001-08-20,3.299999952316284,3.299999952316284,3.299999952316284,3.299999952316284,3.299999952316284,1700
2001-08-21,3.299999952316284,3.3299999237060547,3.299999952316284,3.3299999237060547,3.3299999237060547,1700
2001-08-22,3.240000009536743,3.240000009536743,3.240000009536743,3.240000009536743,3.240000009536743,200
2001-08-23,3.240000009536743,3.240000009536743,3.240000009536743,3.240000009536743,3.240000009536743,100
2001-08-24,3.2699999809265137,3.2699999809265137,3.2699999809265137,3.2699999809265137,3.2699999809265137,800
2001-08-27,3.2699999809265137,3.2699999809265137,3.2699999809265137,3.2699999809265137,3.2699999809265137,0
2001-08-28,3.240000009536743,3.240000009536743,3.240000009536743,3.240000009536743,3.240000009536743,600
2001-08-29,3.299999952316284,3.299999952316284,3.299999952316284,3.299999952316284,3.299999952316284,300
2001-08-30,3.299999952316284,3.299999952316284,3.299999952316284,3.299999952316284,3.299999952316284,0
2001-08-31,3.150000095367432,3.150000095367432,3.150000095367432,3.150000095367432,3.150000095367432,300
2001-09-04,3.150000095367432,3.150000095367432,3.150000095367432,3.150000095367432,3.150000095367432,0
2001-09-05,3.150000095367432,3.150000095367432,3.150000095367432,3.150000095367432,3.150000095367432,500
2001-09-06,3.299999952316284,3.299999952316284,3.150000095367432,3.150000095367432,3.150000095367432,2100
2001-09-07,3.299999952316284,3.299999952316284,3.299999952316284,3.299999952316284,3.299999952316284,300
2001-09-10,3.2100000381469727,3.2100000381469727,3.2100000381469727,3.2100000381469727,3.2100000381469727,300
2001-09-17,3.180000066757202,3.240000009536743,3.150000095367432,3.150000095367432,3.150000095367432,800
2001-09-18,3.240000009536743,3.240000009536743,3.240000009536743,3.240000009536743,3.240000009536743,1300
2001-09-19,3.240000009536743,3.240000009536743,3.240000009536743,3.240000009536743,3.240000009536743,700
2001-09-20,3.240000009536743,3.240000009536743,3.240000009536743,3.240000009536743,3.240000009536743,0
2001-09-21,3.180000066757202,3.180000066757202,3.150000095367432,3.180000066757202,3.180000066757202,4200
2001-09-24,3.180000066757202,3.180000066757202,3.180000066757202,3.180000066757202,3.180000066757202,0
2001-09-25,3.180000066757202,3.240000009536743,3.180000066757202,3.240000009536743,3.240000009536743,6500
2001-09-26,3.240000009536743,3.240000009536743,3.240000009536743,3.240000009536743,3.240000009536743,0
2001-09-27,3.240000009536743,3.240000009536743,3.240000009536743,3.240000009536743,3.240000009536743,0
2001-09-28,3.240000009536743,3.240000009536743,3.240000009536743,3.240000009536743,3.240000009536743,0
2001-10-01,3.240000009536743,3.240000009536743,3.240000009536743,3.240000009536743,3.240000009536743,0
2001-10-02,3.2699999809265137,3.2699999809265137,3.2100000381469727,3.2699999809265137,3.2699999809265137,3200
2001-10-03,3.2100000381469727,3.240000009536743,3.180000066757202,3.180000066757202,3.180000066757202,8600
2001-10-04,3.2100000381469727,3.2100000381469727,3.180000066757202,3.180000066757202,3.180000066757202,500
2001-10-05,3.150000095367432,3.150000095367432,3.150000095367432,3.150000095367432,3.150000095367432,7500
2001-10-08,3.2100000381469727,3.240000009536743,3.150000095367432,3.150000095367432,3.150000095367432,8000
2001-10-09,3.150000095367432,3.150000095367432,3.150000095367432,3.150000095367432,3.150000095367432,2600
2001-10-10,3.0899999141693115,3.2699999809265137,3.0899999141693115,3.0899999141693115,3.0899999141693115,23600
2001-10-11,3.0299999713897705,3.0899999141693115,3.0299999713897705,3.059999942779541,3.059999942779541,6700
2001-10-12,3.059999942779541,3.059999942779541,3.059999942779541,3.059999942779541,3.059999942779541,0
2001-10-15,3.0899999141693115,3.0899999141693115,3.0,3.0,3.0,400
2001-10-16,3.299999952316284,3.299999952316284,3.299999952316284,3.299999952316284,3.299999952316284,500
2001-10-17,3.2100000381469727,3.2100000381469727,3.0,3.0,3.0,2700
2001-10-18,3.0,3.0,3.0,3.0,3.0,600
2001-10-19,3.0,3.0,3.0,3.0,3.0,0
2001-10-22,3.0,3.0,2.700000047683716,2.700000047683716,2.700000047683716,100
2001-10-23,2.7300000190734863,2.8499999046325684,2.700000047683716,2.8499999046325684,2.8499999046325684,900
2001-10-24,2.940000057220459,2.970000028610229,2.700000047683716,2.700000047683716,2.700000047683716,800
2001-10-25,2.700000047683716,3.0,2.700000047683716,3.0,3.0,700
2001-10-26,2.700000047683716,2.970000028610229,2.700000047683716,2.970000028610229,2.970000028610229,200
2001-10-29,2.970000028610229,2.970000028610229,2.970000028610229,2.970000028610229,2.970000028610229,0
2001-10-30,2.970000028610229,2.970000028610229,2.970000028610229,2.970000028610229,2.970000028610229,0
2001-10-31,2.970000028610229,2.970000028610229,2.970000028610229,2.970000028610229,2.970000028610229,0
2001-11-01,2.970000028610229,2.970000028610229,2.970000028610229,2.970000028610229,2.970000028610229,0
2001-11-02,2.940000057220459,2.940000057220459,2.700000047683716,2.700000047683716,2.700000047683716,300
2001-11-05,2.700000047683716,2.700000047683716,2.6700000762939453,2.700000047683716,2.700000047683716,500
2001-11-06,2.700000047683716,2.700000047683716,2.700000047683716,2.700000047683716,2.700000047683716,0
2001-11-07,2.430000066757202,2.430000066757202,2.430000066757202,2.430000066757202,2.430000066757202,100
2001-11-08,2.700000047683716,2.700000047683716,2.190000057220459,2.190000057220459,2.190000057220459,1400
2001-11-09,2.190000057220459,2.25,2.190000057220459,2.25,2.25,1600
2001-11-12,2.25,2.25,2.25,2.25,2.25,0
2001-11-13,2.25,2.2799999713897705,2.190000057220459,2.190000057220459,2.190000057220459,2500
2001-11-14,2.25,2.400000095367432,2.25,2.2799999713897705,2.2799999713897705,200
2001-11-15,2.25,2.369999885559082,2.25,2.369999885559082,2.369999885559082,300
2001-11-16,2.369999885559082,2.369999885559082,2.369999885559082,2.369999885559082,2.369999885559082,0
2001-11-19,2.369999885559082,2.4600000381469727,2.369999885559082,2.369999885559082,2.369999885559082,1100
2001-11-20,2.3399999141693115,2.490000009536743,2.3399999141693115,2.490000009536743,2.490000009536743,3400
2001-11-21,2.490000009536743,2.490000009536743,2.490000009536743,2.490000009536743,2.490000009536743,0
2001-11-23,2.490000009536743,2.490000009536743,2.490000009536743,2.490000009536743,2.490000009536743,0
2001-11-26,2.4600000381469727,2.4600000381469727,2.4600000381469727,2.4600000381469727,2.4600000381469727,6000
2001-11-27,2.400000095367432,2.400000095367432,2.400000095367432,2.400000095367432,2.400000095367432,600
2001-11-28,2.400000095367432,2.400000095367432,2.400000095367432,2.400000095367432,2.400000095367432,0
2001-11-29,2.549999952316284,2.549999952316284,2.400000095367432,2.430000066757202,2.430000066757202,400
2001-11-30,2.430000066757202,2.430000066757202,2.430000066757202,2.430000066757202,2.430000066757202,0
2001-12-03,2.549999952316284,2.700000047683716,2.549999952316284,2.700000047683716,2.700000047683716,2400
2001-12-04,2.430000066757202,2.430000066757202,2.430000066757202,2.430000066757202,2.430000066757202,100
2001-12-05,2.400000095367432,2.400000095367432,2.400000095367432,2.400000095367432,2.400000095367432,0
2001-12-06,2.400000095367432,2.400000095367432,2.400000095367432,2.400000095367432,2.400000095367432,1600
2001-12-07,2.4600000381469727,2.549999952316284,2.400000095367432,2.549999952316284,2.549999952316284,3800
2001-12-10,2.400000095367432,2.400000095367432,2.400000095367432,2.400000095367432,2.400000095367432,700
2001-12-11,2.400000095367432,2.400000095367432,2.400000095367432,2.400000095367432,2.400000095367432,1600
2001-12-12,2.5199999809265137,2.5199999809265137,2.5199999809265137,2.5199999809265137,2.5199999809265137,2400
2001-12-13,2.5199999809265137,2.5199999809265137,2.5199999809265137,2.5199999809265137,2.5199999809265137,0
2001-12-14,2.5199999809265137,2.9100000858306885,2.430000066757202,2.9100000858306885,2.9100000858306885,4400
2001-12-17,2.430000066757202,2.430000066757202,2.430000066757202,2.430000066757202,2.430000066757202,1000
2001-12-18,2.5199999809265137,2.5199999809265137,2.5199999809265137,2.5199999809265137,2.5199999809265137,0
2001-12-19,2.8499999046325684,2.8499999046325684,2.700000047683716,2.700000047683716,2.700000047683716,1000
2001-12-20,2.700000047683716,2.700000047683716,2.609999895095825,2.609999895095825,2.609999895095825,800
2001-12-21,2.7300000190734863,2.8499999046325684,2.430000066757202,2.430000066757202,2.430000066757202,8800
2001-12-24,2.4600000381469727,2.4600000381469727,2.430000066757202,2.4600000381469727,2.4600000381469727,5100
2001-12-26,2.4600000381469727,2.640000104904175,2.4600000381469727,2.640000104904175,2.640000104904175,0
2001-12-27,2.549999952316284,2.609999895095825,2.549999952316284,2.609999895095825,2.609999895095825,2300
2001-12-28,2.430000066757202,2.430000066757202,2.430000066757202,2.430000066757202,2.430000066757202,4300
2001-12-31,2.5799999237060547,2.5799999237060547,2.430000066757202,2.4600000381469727,2.4600000381469727,4400
2002-01-02,2.430000066757202,2.430000066757202,2.430000066757202,2.430000066757202,2.430000066757202,0
2002-01-03,2.430000066757202,2.430000066757202,2.430000066757202,2.430000066757202,2.430000066757202,0
2002-01-04,2.430000066757202,2.430000066757202,2.430000066757202,2.430000066757202,2.430000066757202,0
2002-01-07,2.430000066757202,2.549999952316284,2.430000066757202,2.549999952316284,2.549999952316284,400
2002-01-08,2.430000066757202,2.430000066757202,2.430000066757202,2.430000066757202,2.430000066757202,500
2002-01-09,2.430000066757202,2.430000066757202,2.430000066757202,2.430000066757202,2.430000066757202,0
2002-01-10,2.430000066757202,2.430000066757202,2.430000066757202,2.430000066757202,2.430000066757202,0
2002-01-11,2.6700000762939453,2.6700000762939453,2.6700000762939453,2.6700000762939453,2.6700000762939453,0
2002-01-14,2.700000047683716,2.700000047683716,2.700000047683716,2.700000047683716,2.700000047683716,0
2002-01-15,2.700000047683716,2.8499999046325684,2.700000047683716,2.759999990463257,2.759999990463257,1000
2002-01-16,2.759999990463257,3.059999942779541,2.7300000190734863,2.8499999046325684,2.8499999046325684,4800
2002-01-17,3.0299999713897705,3.0299999713897705,3.0299999713897705,3.0299999713897705,3.0299999713897705,300
2002-01-18,2.970000028610229,3.150000095367432,2.8499999046325684,3.150000095367432,3.150000095367432,2600
2002-01-22,3.0899999141693115,3.299999952316284,3.0899999141693115,3.299999952316284,3.299999952316284,1700
2002-01-23,3.299999952316284,3.299999952316284,3.299999952316284,3.299999952316284,3.299999952316284,0
2002-01-24,3.299999952316284,3.299999952316284,3.299999952316284,3.299999952316284,3.299999952316284,0
2002-01-25,3.299999952316284,3.299999952316284,3.299999952316284,3.299999952316284,3.299999952316284,0
2002-01-28,3.299999952316284,3.299999952316284,3.299999952316284,3.299999952316284,3.299999952316284,500
2002-01-29,3.299999952316284,3.299999952316284,3.299999952316284,3.299999952316284,3.299999952316284,0
2002-01-30,3.299999952316284,3.299999952316284,3.150000095367432,3.150000095367432,3.150000095367432,3000
2002-01-31,3.150000095367432,3.150000095367432,3.150000095367432,3.150000095367432,3.150000095367432,300
2002-02-01,2.8499999046325684,3.180000066757202,2.8499999046325684,2.8499999046325684,2.8499999046325684,1000
2002-02-04,2.8499999046325684,2.8499999046325684,2.8499999046325684,2.8499999046325684,2.8499999046325684,0
2002-02-05,2.880000114440918,2.880000114440918,2.8499999046325684,2.8499999046325684,2.8499999046325684,1500
2002-02-06,2.8499999046325684,2.8499999046325684,2.8499999046325684,2.8499999046325684,2.8499999046325684,0
2002-02-07,2.8499999046325684,2.8499999046325684,2.8499999046325684,2.8499999046325684,2.8499999046325684,500
2002-02-08,2.8499999046325684,2.8499999046325684,2.8499999046325684,2.8499999046325684,2.8499999046325684,1000
2002-02-11,2.8499999046325684,2.8499999046325684,2.8499999046325684,2.8499999046325684,2.8499999046325684,0
2002-02-12,2.8499999046325684,2.8499999046325684,2.8499999046325684,2.8499999046325684,2.8499999046325684,100
2002-02-13,2.8499999046325684,2.970000028610229,2.8499999046325684,2.970000028610229,2.970000028610229,5100
2002-02-14,2.970000028610229,2.970000028610229,2.970000028610229,2.970000028610229,2.970000028610229,0
2002-02-15,2.880000114440918,2.880000114440918,2.880000114440918,2.880000114440918,2.880000114440918,300
2002-02-19,2.880000114440918,2.880000114440918,2.880000114440918,2.880000114440918,2.880000114440918,0
2002-02-20,2.880000114440918,2.880000114440918,2.880000114440918,2.880000114440918,2.880000114440918,0
2002-02-21,2.880000114440918,2.880000114440918,2.880000114440918,2.880000114440918,2.880000114440918,1800
2002-02-22,2.7300000190734863,2.8499999046325684,2.7300000190734863,2.8499999046325684,2.8499999046325684,1300
2002-02-25,2.8499999046325684,2.8499999046325684,2.8499999046325684,2.8499999046325684,2.8499999046325684,0
2002-02-26,2.8499999046325684,2.8499999046325684,2.8499999046325684,2.8499999046325684,2.8499999046325684,0
2002-02-27,2.8499999046325684,2.8499999046325684,2.8499999046325684,2.8499999046325684,2.8499999046325684,0
2002-02-28,2.7300000190734863,2.7300000190734863,2.7300000190734863,2.7300000190734863,2.7300000190734863,300
2002-03-01,2.789999961853028,2.789999961853028,2.7300000190734863,2.759999990463257,2.759999990463257,5300
2002-03-04,2.789999961853028,2.789999961853028,2.789999961853028,2.789999961853028,2.789999961853028,100
2002-03-05,2.789999961853028,3.0,2.789999961853028,2.970000028610229,2.970000028610229,2300
2002-03-06,2.970000028610229,2.970000028610229,2.789999961853028,2.789999961853028,2.789999961853028,4900
2002-03-07,2.789999961853028,2.970000028610229,2.789999961853028,2.970000028610229,2.970000028610229,6400
2002-03-08,2.970000028610229,3.119999885559082,2.970000028610229,2.970000028610229,2.970000028610229,4100
2002-03-11,3.059999942779541,3.119999885559082,3.0,3.119999885559082,3.119999885559082,4400
2002-03-12,3.0,3.0,3.0,3.0,3.0,100
2002-03-13,3.0,3.0,3.0,3.0,3.0,800
2002-03-14,3.0,3.0,3.0,3.0,3.0,0
2002-03-15,3.0,3.0,3.0,3.0,3.0,700
2002-03-18,3.059999942779541,4.019999980926514,3.0299999713897705,4.019999980926514,4.019999980926514,8500
2002-03-19,4.380000114440918,4.380000114440918,3.299999952316284,3.809999942779541,3.809999942779541,5400
2002-03-20,3.809999942779541,3.809999942779541,3.569999933242798,3.569999933242798,3.569999933242798,1400
2002-03-21,3.539999961853028,3.539999961853028,3.539999961853028,3.539999961853028,3.539999961853028,100
2002-03-22,3.539999961853028,3.539999961853028,3.539999961853028,3.539999961853028,3.539999961853028,0
2002-03-25,3.509999990463257,3.569999933242798,3.4200000762939453,3.569999933242798,3.569999933242798,4600
2002-03-26,3.569999933242798,3.569999933242798,3.569999933242798,3.569999933242798,3.569999933242798,1300
2002-03-27,3.5999999046325684,3.5999999046325684,3.5999999046325684,3.5999999046325684,3.5999999046325684,1700
2002-03-28,3.5999999046325684,3.5999999046325684,3.5999999046325684,3.5999999046325684,3.5999999046325684,0
2002-04-01,3.569999933242798,3.569999933242798,3.450000047683716,3.450000047683716,3.450000047683716,1300
2002-04-02,3.450000047683716,3.450000047683716,3.4200000762939453,3.4200000762939453,3.4200000762939453,1700
2002-04-03,3.450000047683716,3.450000047683716,3.4200000762939453,3.4200000762939453,3.4200000762939453,100
2002-04-04,3.4200000762939453,3.4200000762939453,3.4200000762939453,3.4200000762939453,3.4200000762939453,100
2002-04-05,3.4200000762939453,3.4200000762939453,3.4200000762939453,3.4200000762939453,3.4200000762939453,0
2002-04-08,3.4200000762939453,3.4200000762939453,3.4200000762939453,3.4200000762939453,3.4200000762939453,0
2002-04-09,3.2699999809265137,3.2699999809265137,3.2699999809265137,3.2699999809265137,3.2699999809265137,200
2002-04-10,3.2699999809265137,3.2699999809265137,3.2699999809265137,3.2699999809265137,3.2699999809265137,0
2002-04-11,3.359999895095825,3.359999895095825,3.359999895095825,3.359999895095825,3.359999895095825,300
2002-04-12,3.299999952316284,3.390000104904175,3.150000095367432,3.150000095367432,3.150000095367432,3200
2002-04-15,3.150000095367432,3.150000095367432,3.150000095367432,3.150000095367432,3.150000095367432,0
2002-04-16,3.150000095367432,3.150000095367432,3.150000095367432,3.150000095367432,3.150000095367432,0
2002-04-17,3.150000095367432,3.150000095367432,3.150000095367432,3.150000095367432,3.150000095367432,0
2002-04-18,3.150000095367432,3.150000095367432,3.150000095367432,3.150000095367432,3.150000095367432,0
2002-04-19,3.150000095367432,3.150000095367432,3.150000095367432,3.150000095367432,3.150000095367432,100
2002-04-22,3.150000095367432,3.150000095367432,3.150000095367432,3.150000095367432,3.150000095367432,0
2002-04-23,3.150000095367432,3.150000095367432,3.150000095367432,3.150000095367432,3.150000095367432,0
2002-04-24,3.240000009536743,3.240000009536743,2.4600000381469727,2.940000057220459,2.940000057220459,2900
2002-04-25,2.940000057220459,2.940000057220459,2.940000057220459,2.940000057220459,2.940000057220459,0
2002-04-26,2.940000057220459,2.940000057220459,2.940000057220459,2.940000057220459,2.940000057220459,0
2002-04-29,2.7300000190734863,2.7300000190734863,2.400000095367432,2.400000095367432,2.400000095367432,900
2002-04-30,2.400000095367432,2.400000095367432,2.400000095367432,2.400000095367432,2.400000095367432,0
2002-05-01,1.919999957084656,2.400000095367432,1.919999957084656,2.400000095367432,2.400000095367432,2700
2002-05-02,2.400000095367432,2.400000095367432,2.400000095367432,2.400000095367432,2.400000095367432,0
2002-05-03,2.069999933242798,2.069999933242798,2.069999933242798,2.069999933242798,2.069999933242798,300
2002-05-06,2.25,2.25,2.25,2.25,2.25,300
2002-05-07,2.220000028610229,2.25,2.220000028610229,2.25,2.25,1800
2002-05-08,2.400000095367432,2.400000095367432,2.369999885559082,2.369999885559082,2.369999885559082,1400
2002-05-09,2.3399999141693115,2.3399999141693115,2.3399999141693115,2.3399999141693115,2.3399999141693115,0
2002-05-10,2.3399999141693115,2.3399999141693115,2.3399999141693115,2.3399999141693115,2.3399999141693115,0
2002-05-13,2.400000095367432,2.5199999809265137,2.400000095367432,2.5199999809265137,2.5199999809265137,3400
2002-05-14,2.4600000381469727,2.4600000381469727,2.4600000381469727,2.4600000381469727,2.4600000381469727,0
2002-05-15,2.4600000381469727,2.4600000381469727,2.4600000381469727,2.4600000381469727,2.4600000381469727,0
2002-05-16,2.4600000381469727,2.4600000381469727,2.4600000381469727,2.4600000381469727,2.4600000381469727,0
2002-05-17,2.4600000381469727,2.4600000381469727,1.6799999475479126,1.919999957084656,1.919999957084656,14500
2002-05-20,1.919999957084656,2.0999999046325684,1.919999957084656,2.0999999046325684,2.0999999046325684,2000
2002-05-21,1.8600000143051147,2.069999933242798,1.8600000143051147,2.069999933242798,2.069999933242798,1700
2002-05-22,2.069999933242798,2.1600000858306885,1.5,1.5299999713897705,1.5299999713897705,8800
2002-05-23,1.5,1.7999999523162842,1.5,1.7999999523162842,1.7999999523162842,14500
2002-05-24,1.7999999523162842,2.130000114440918,1.7699999809265137,1.830000042915344,1.830000042915344,1100
2002-05-28,2.069999933242798,2.069999933242798,2.069999933242798,2.069999933242798,2.069999933242798,0
2002-05-29,2.069999933242798,2.069999933242798,2.069999933242798,2.069999933242798,2.069999933242798,0
2002-05-30,2.069999933242798,2.069999933242798,2.069999933242798,2.069999933242798,2.069999933242798,0
2002-05-31,2.069999933242798,2.069999933242798,2.069999933242798,2.069999933242798,2.069999933242798,0
2002-06-03,2.069999933242798,2.069999933242798,2.069999933242798,2.069999933242798,2.069999933242798,400
2002-06-04,2.069999933242798,2.069999933242798,2.069999933242798,2.069999933242798,2.069999933242798,0
2002-06-05,2.069999933242798,2.069999933242798,2.069999933242798,2.069999933242798,2.069999933242798,0
2002-06-06,2.069999933242798,2.069999933242798,2.069999933242798,2.069999933242798,2.069999933242798,400
2002-06-07,2.069999933242798,2.069999933242798,2.069999933242798,2.069999933242798,2.069999933242798,0
2002-06-10,1.950000047683716,1.950000047683716,1.950000047683716,1.950000047683716,1.950000047683716,100
2002-06-11,1.950000047683716,1.950000047683716,1.950000047683716,1.950000047683716,1.950000047683716,0
2002-06-12,2.0999999046325684,2.0999999046325684,1.6799999475479126,1.9800000190734863,1.9800000190734863,1700
2002-06-13,1.7400000095367432,1.7400000095367432,1.7400000095367432,1.7400000095367432,1.7400000095367432,600
2002-06-14,2.069999933242798,2.069999933242798,2.069999933242798,2.069999933242798,2.069999933242798,1600
2002-06-17,1.7400000095367432,2.069999933242798,1.7400000095367432,2.069999933242798,2.069999933242798,1200
2002-06-18,1.7100000381469729,1.7100000381469729,1.7100000381469729,1.7100000381469729,1.7100000381469729,100
2002-06-19,2.069999933242798,2.069999933242798,2.069999933242798,2.069999933242798,2.069999933242798,2400
2002-06-20,2.130000114440918,2.130000114440918,2.130000114440918,2.130000114440918,2.130000114440918,100
2002-06-21,2.130000114440918,2.130000114440918,2.130000114440918,2.130000114440918,2.130000114440918,0
2002-06-24,2.130000114440918,2.130000114440918,2.130000114440918,2.130000114440918,2.130000114440918,0
2002-06-25,2.130000114440918,2.130000114440918,2.130000114440918,2.130000114440918,2.130000114440918,0
2002-06-26,1.8600000143051147,1.8600000143051147,1.8600000143051147,1.8600000143051147,1.8600000143051147,100
2002-06-27,1.950000047683716,1.950000047683716,1.950000047683716,1.950000047683716,1.950000047683716,0
2002-06-28,1.8899999856948853,1.8899999856948853,1.8899999856948853,1.8899999856948853,1.8899999856948853,100
2002-07-01,1.8899999856948853,1.8899999856948853,1.8899999856948853,1.8899999856948853,1.8899999856948853,0
2002-07-02,1.8899999856948853,1.8899999856948853,1.8899999856948853,1.8899999856948853,1.8899999856948853,0
2002-07-03,1.7699999809265137,1.9800000190734863,1.7699999809265137,1.9800000190734863,1.9800000190734863,8000
2002-07-05,1.9800000190734863,1.9800000190734863,1.9800000190734863,1.9800000190734863,1.9800000190734863,0
2002-07-08,2.069999933242798,2.069999933242798,2.069999933242798,2.069999933242798,2.069999933242798,200
2002-07-09,1.8899999856948853,1.8899999856948853,1.8899999856948853,1.8899999856948853,1.8899999856948853,100
2002-07-10,1.8899999856948853,1.8899999856948853,1.8899999856948853,1.8899999856948853,1.8899999856948853,0
2002-07-11,1.8899999856948853,1.8899999856948853,1.8899999856948853,1.8899999856948853,1.8899999856948853,300
2002-07-12,1.8899999856948853,1.8899999856948853,1.8899999856948853,1.8899999856948853,1.8899999856948853,500
2002-07-15,1.8899999856948853,1.8899999856948853,1.8899999856948853,1.8899999856948853,1.8899999856948853,1600
2002-07-16,1.8899999856948853,1.8899999856948853,1.8899999856948853,1.8899999856948853,1.8899999856948853,0
2002-07-17,1.8899999856948853,1.8899999856948853,1.8899999856948853,1.8899999856948853,1.8899999856948853,300
2002-07-18,1.8899999856948853,1.8899999856948853,1.8600000143051147,1.8600000143051147,1.8600000143051147,7300
2002-07-19,1.7999999523162842,1.7999999523162842,1.7999999523162842,1.7999999523162842,1.7999999523162842,600
2002-07-22,1.7999999523162842,1.7999999523162842,1.7999999523162842,1.7999999523162842,1.7999999523162842,600
2002-07-23,1.830000042915344,1.919999957084656,1.830000042915344,1.830000042915344,1.830000042915344,5900
2002-07-24,1.830000042915344,1.830000042915344,1.830000042915344,1.830000042915344,1.830000042915344,500
2002-07-25,1.830000042915344,1.830000042915344,1.830000042915344,1.830000042915344,1.830000042915344,0
2002-07-26,1.830000042915344,1.830000042915344,1.830000042915344,1.830000042915344,1.830000042915344,0
2002-07-29,1.830000042915344,1.830000042915344,1.830000042915344,1.830000042915344,1.830000042915344,1800
2002-07-30,1.830000042915344,1.830000042915344,1.830000042915344,1.830000042915344,1.830000042915344,300
2002-07-31,1.830000042915344,1.830000042915344,1.830000042915344,1.830000042915344,1.830000042915344,3000
2002-08-01,1.830000042915344,1.830000042915344,1.830000042915344,1.830000042915344,1.830000042915344,0
2002-08-02,1.830000042915344,1.830000042915344,1.830000042915344,1.830000042915344,1.830000042915344,0
2002-08-05,1.8600000143051147,1.8600000143051147,1.8600000143051147,1.8600000143051147,1.8600000143051147,100
2002-08-06,1.8600000143051147,1.8600000143051147,1.7100000381469729,1.7100000381469729,1.7100000381469729,6800
2002-08-07,1.7100000381469729,1.7100000381469729,1.7100000381469729,1.7100000381469729,1.7100000381469729,0
2002-08-08,1.7100000381469729,1.7100000381469729,1.7100000381469729,1.7100000381469729,1.7100000381469729,0
2002-08-09,1.7100000381469729,1.7100000381469729,1.7100000381469729,1.7100000381469729,1.7100000381469729,0
2002-08-12,1.7100000381469729,1.7100000381469729,1.590000033378601,1.590000033378601,1.590000033378601,900
2002-08-13,1.590000033378601,1.590000033378601,1.590000033378601,1.590000033378601,1.590000033378601,100
2002-08-14,1.590000033378601,1.6200000047683716,1.590000033378601,1.6200000047683716,1.6200000047683716,700
2002-08-15,1.590000033378601,1.590000033378601,1.5,1.5299999713897705,1.5299999713897705,2600
2002-08-16,1.5,1.5,1.350000023841858,1.350000023841858,1.350000023841858,1600
2002-08-19,1.409999966621399,1.409999966621399,1.3200000524520874,1.3799999952316284,1.3799999952316284,6000
2002-08-20,1.3799999952316284,1.409999966621399,1.3200000524520874,1.3200000524520874,1.3200000524520874,3500
2002-08-21,1.559999942779541,1.590000033378601,1.559999942779541,1.590000033378601,1.590000033378601,0
2002-08-22,1.590000033378601,1.590000033378601,1.590000033378601,1.590000033378601,1.590000033378601,0
2002-08-23,1.3799999952316284,1.3799999952316284,1.3799999952316284,1.3799999952316284,1.3799999952316284,600
2002-08-26,1.3799999952316284,1.3799999952316284,1.3799999952316284,1.3799999952316284,1.3799999952316284,0
2002-08-27,1.3799999952316284,1.3799999952316284,1.3799999952316284,1.3799999952316284,1.3799999952316284,0
2002-08-28,1.2300000190734863,1.2300000190734863,1.2000000476837158,1.2000000476837158,1.2000000476837158,1300
2002-08-29,1.2000000476837158,1.2000000476837158,1.2000000476837158,1.2000000476837158,1.2000000476837158,0
2002-08-30,1.1699999570846558,1.1699999570846558,1.1699999570846558,1.1699999570846558,1.1699999570846558,200
2002-09-03,1.1699999570846558,1.1699999570846558,1.1699999570846558,1.1699999570846558,1.1699999570846558,0
2002-09-04,1.0199999809265137,1.0199999809265137,1.0199999809265137,1.0199999809265137,1.0199999809265137,0
2002-09-05,0.9900000095367432,1.0199999809265137,0.9900000095367432,1.0199999809265137,1.0199999809265137,3900
2002-09-06,1.0499999523162842,1.0499999523162842,1.0499999523162842,1.0499999523162842,1.0499999523162842,900
2002-09-09,1.1399999856948853,1.3200000524520874,1.1399999856948853,1.3200000524520874,1.3200000524520874,700
2002-09-10,1.3200000524520874,1.3200000524520874,1.2899999618530271,1.2899999618530271,1.2899999618530271,100
2002-09-11,1.2899999618530271,1.2899999618530271,1.2899999618530271,1.2899999618530271,1.2899999618530271,0
2002-09-12,1.2899999618530271,1.2899999618530271,1.2899999618530271,1.2899999618530271,1.2899999618530271,0
2002-09-13,1.2000000476837158,1.2000000476837158,1.2000000476837158,1.2000000476837158,1.2000000476837158,1600
2002-09-16,1.1699999570846558,1.1699999570846558,1.1699999570846558,1.1699999570846558,1.1699999570846558,0
2002-09-17,1.0800000429153442,1.0800000429153442,1.0499999523162842,1.0499999523162842,1.0499999523162842,200
2002-09-18,1.0499999523162842,1.7999999523162842,1.0499999523162842,1.7699999809265137,1.7699999809265137,4100
2002-09-19,2.0999999046325684,2.2799999713897705,2.069999933242798,2.0999999046325684,2.0999999046325684,8300
2002-09-20,2.069999933242798,2.069999933242798,2.039999961853028,2.069999933242798,2.069999933242798,700
2002-09-23,1.9800000190734863,1.9800000190734863,1.590000033378601,1.950000047683716,1.950000047683716,200
2002-09-24,1.919999957084656,1.950000047683716,1.830000042915344,1.830000042915344,1.830000042915344,1800
2002-09-25,1.8600000143051147,1.8600000143051147,1.440000057220459,1.649999976158142,1.649999976158142,1600
2002-09-26,1.7999999523162842,1.830000042915344,1.7999999523162842,1.7999999523162842,1.7999999523162842,900
2002-09-27,1.7999999523162842,1.7999999523162842,0.9300000071525574,1.2599999904632568,1.2599999904632568,3500
2002-09-30,1.2599999904632568,1.2599999904632568,1.2599999904632568,1.2599999904632568,1.2599999904632568,0
2002-10-01,1.2899999618530271,1.2899999618530271,1.2599999904632568,1.2599999904632568,1.2599999904632568,700
2002-10-02,1.2899999618530271,1.2899999618530271,1.1399999856948853,1.1399999856948853,1.1399999856948853,1300
2002-10-03,1.1699999570846558,1.649999976158142,1.1699999570846558,1.590000033378601,1.590000033378601,2900
2002-10-04,1.350000023841858,1.350000023841858,1.350000023841858,1.350000023841858,1.350000023841858,200
2002-10-07,1.350000023841858,1.350000023841858,1.350000023841858,1.350000023841858,1.350000023841858,0
2002-10-08,1.3799999952316284,1.440000057220459,1.3799999952316284,1.440000057220459,1.440000057220459,1400
2002-10-09,1.3799999952316284,1.409999966621399,1.3799999952316284,1.3799999952316284,1.3799999952316284,11800
2002-10-10,1.3799999952316284,1.5,1.3799999952316284,1.5,1.5,1200
2002-10-11,1.3799999952316284,1.3799999952316284,0.8999999761581421,0.8999999761581421,0.8999999761581421,4500
2002-10-14,1.350000023841858,1.350000023841858,1.350000023841858,1.350000023841858,1.350000023841858,200
2002-10-15,1.350000023841858,1.350000023841858,1.350000023841858,1.350000023841858,1.350000023841858,0
2002-10-16,1.0499999523162842,1.1699999570846558,1.0499999523162842,1.1699999570846558,1.1699999570846558,10000
2002-10-17,1.2599999904632568,1.350000023841858,1.2599999904632568,1.350000023841858,1.350000023841858,4600
2002-10-18,1.350000023841858,1.350000023841858,1.350000023841858,1.350000023841858,1.350000023841858,0
2002-10-21,1.350000023841858,1.350000023841858,1.350000023841858,1.350000023841858,1.350000023841858,0
2002-10-22,1.559999942779541,1.7100000381469729,1.559999942779541,1.7100000381469729,1.7100000381469729,2800
2002-10-23,1.7100000381469729,1.7100000381469729,1.7100000381469729,1.7100000381469729,1.7100000381469729,5800
2002-10-24,1.8600000143051147,1.8600000143051147,1.8600000143051147,1.8600000143051147,1.8600000143051147,800
2002-10-25,1.7100000381469729,1.8899999856948853,1.7100000381469729,1.8899999856948853,1.8899999856948853,1100
2002-10-28,1.8899999856948853,1.8899999856948853,1.8899999856948853,1.8899999856948853,1.8899999856948853,0
2002-10-29,1.6200000047683716,1.6200000047683716,1.6200000047683716,1.6200000047683716,1.6200000047683716,0
2002-10-30,1.6200000047683716,1.6200000047683716,1.6200000047683716,1.6200000047683716,1.6200000047683716,0
2002-10-31,1.409999966621399,1.409999966621399,1.409999966621399,1.409999966621399,1.409999966621399,300
2002-11-01,1.409999966621399,1.409999966621399,1.409999966621399,1.409999966621399,1.409999966621399,0
2002-11-04,1.559999942779541,1.559999942779541,1.559999942779541,1.559999942779541,1.559999942779541,600
2002-11-05,1.559999942779541,1.559999942779541,1.559999942779541,1.559999942779541,1.559999942779541,0
2002-11-06,1.559999942779541,1.559999942779541,1.559999942779541,1.559999942779541,1.559999942779541,0
2002-11-07,1.559999942779541,1.559999942779541,1.559999942779541,1.559999942779541,1.559999942779541,0
2002-11-08,1.559999942779541,1.559999942779541,1.559999942779541,1.559999942779541,1.559999942779541,0
2002-11-11,2.069999933242798,2.069999933242798,2.069999933242798,2.069999933242798,2.069999933242798,0
2002-11-12,2.069999933242798,2.069999933242798,2.069999933242798,2.069999933242798,2.069999933242798,0
2002-11-13,1.6200000047683716,1.6200000047683716,1.590000033378601,1.590000033378601,1.590000033378601,500
2002-11-14,1.590000033378601,1.590000033378601,1.590000033378601,1.590000033378601,1.590000033378601,0
2002-11-15,1.649999976158142,1.649999976158142,1.649999976158142,1.649999976158142,1.649999976158142,0
2002-11-18,1.6799999475479126,1.6799999475479126,1.6799999475479126,1.6799999475479126,1.6799999475479126,200
2002-11-19,1.4700000286102295,1.4700000286102295,1.4700000286102295,1.4700000286102295,1.4700000286102295,100
2002-11-20,1.559999942779541,1.590000033378601,1.5,1.559999942779541,1.559999942779541,8300
2002-11-21,1.559999942779541,1.559999942779541,1.559999942779541,1.559999942779541,1.559999942779541,0
2002-11-22,1.590000033378601,1.590000033378601,1.590000033378601,1.590000033378601,1.590000033378601,0
2002-11-25,1.590000033378601,1.590000033378601,1.590000033378601,1.590000033378601,1.590000033378601,0
2002-11-26,1.590000033378601,1.590000033378601,1.590000033378601,1.590000033378601,1.590000033378601,0
2002-11-27,1.559999942779541,1.559999942779541,1.559999942779541,1.559999942779541,1.559999942779541,1900
2002-11-29,1.559999942779541,1.559999942779541,1.559999942779541,1.559999942779541,1.559999942779541,0
2002-12-02,1.5299999713897705,1.5299999713897705,1.5,1.5,1.5,500
2002-12-03,1.5,1.6799999475479126,1.5,1.6799999475479126,1.6799999475479126,3100
2002-12-04,1.5,1.5,1.5,1.5,1.5,2300
2002-12-05,1.5,1.5,1.4700000286102295,1.4700000286102295,1.4700000286102295,9200
2002-12-06,1.559999942779541,1.559999942779541,1.559999942779541,1.559999942779541,1.559999942779541,3300
2002-12-09,1.4700000286102295,1.5,1.350000023841858,1.3799999952316284,1.3799999952316284,7800
2002-12-10,1.3799999952316284,1.3799999952316284,1.3799999952316284,1.3799999952316284,1.3799999952316284,0
2002-12-11,1.350000023841858,1.409999966621399,1.350000023841858,1.409999966621399,1.409999966621399,500
2002-12-12,1.409999966621399,1.409999966621399,1.409999966621399,1.409999966621399,1.409999966621399,1000
2002-12-13,1.3799999952316284,1.3799999952316284,1.3799999952316284,1.3799999952316284,1.3799999952316284,500
2002-12-16,1.3799999952316284,1.440000057220459,1.3799999952316284,1.440000057220459,1.440000057220459,1000
2002-12-17,1.440000057220459,1.440000057220459,1.440000057220459,1.440000057220459,1.440000057220459,0
2002-12-18,1.440000057220459,1.440000057220459,1.3799999952316284,1.409999966621399,1.409999966621399,13500
2002-12-19,1.409999966621399,1.409999966621399,1.3799999952316284,1.3799999952316284,1.3799999952316284,700
2002-12-20,1.3799999952316284,1.3799999952316284,1.350000023841858,1.3799999952316284,1.3799999952316284,1800
2002-12-23,1.350000023841858,1.350000023841858,1.3200000524520874,1.3200000524520874,1.3200000524520874,3000
2002-12-24,1.3200000524520874,1.3200000524520874,1.3200000524520874,1.3200000524520874,1.3200000524520874,0
2002-12-26,1.3200000524520874,1.350000023841858,1.3200000524520874,1.350000023841858,1.350000023841858,3100
2002-12-27,1.350000023841858,1.350000023841858,1.350000023841858,1.350000023841858,1.350000023841858,0
2002-12-30,1.350000023841858,1.4700000286102295,1.350000023841858,1.3799999952316284,1.3799999952316284,1600
2002-12-31,1.3799999952316284,1.3799999952316284,1.3799999952316284,1.3799999952316284,1.3799999952316284,300
2003-01-02,1.440000057220459,1.590000033378601,1.440000057220459,1.590000033378601,1.590000033378601,900
2003-01-03,1.5,1.6200000047683716,1.5,1.6200000047683716,1.6200000047683716,2000
2003-01-06,1.6200000047683716,1.6799999475479126,1.6200000047683716,1.6799999475479126,1.6799999475479126,2300
2003-01-07,1.6799999475479126,1.6799999475479126,1.6799999475479126,1.6799999475479126,1.6799999475479126,300
2003-01-08,1.6799999475479126,1.6799999475479126,1.6799999475479126,1.6799999475479126,1.6799999475479126,0
2003-01-09,1.649999976158142,1.649999976158142,1.649999976158142,1.649999976158142,1.649999976158142,700
2003-01-10,1.649999976158142,1.649999976158142,1.649999976158142,1.649999976158142,1.649999976158142,500
2003-01-13,1.6799999475479126,1.8600000143051147,1.649999976158142,1.8600000143051147,1.8600000143051147,1400
2003-01-14,1.830000042915344,1.950000047683716,1.830000042915344,1.950000047683716,1.950000047683716,400
2003-01-15,1.950000047683716,1.950000047683716,1.950000047683716,1.950000047683716,1.950000047683716,0
2003-01-16,1.9800000190734863,2.220000028610229,1.9800000190734863,2.220000028610229,2.220000028610229,1300
2003-01-17,2.190000057220459,2.5799999237060547,2.190000057220459,2.2799999713897705,2.2799999713897705,900
2003-01-21,2.069999933242798,2.069999933242798,1.830000042915344,2.009999990463257,2.009999990463257,2200
2003-01-22,2.009999990463257,2.009999990463257,2.009999990463257,2.009999990463257,2.009999990463257,100
2003-01-23,2.009999990463257,2.009999990463257,2.009999990463257,2.009999990463257,2.009999990463257,0
2003-01-24,1.8899999856948853,2.039999961853028,1.7999999523162842,2.039999961853028,2.039999961853028,900
2003-01-27,2.009999990463257,2.009999990463257,1.8600000143051147,1.8600000143051147,1.8600000143051147,2000
2003-01-28,1.8600000143051147,1.8600000143051147,1.8600000143051147,1.8600000143051147,1.8600000143051147,0
2003-01-29,1.8600000143051147,1.8600000143051147,1.8600000143051147,1.8600000143051147,1.8600000143051147,0
2003-01-30,1.6200000047683716,1.6200000047683716,1.4700000286102295,1.4700000286102295,1.4700000286102295,100
2003-01-31,1.649999976158142,1.649999976158142,1.649999976158142,1.649999976158142,1.649999976158142,100
2003-02-03,1.649999976158142,1.649999976158142,1.649999976158142,1.649999976158142,1.649999976158142,800
2003-02-04,1.649999976158142,1.649999976158142,1.590000033378601,1.649999976158142,1.649999976158142,800
2003-02-05,1.649999976158142,1.649999976158142,1.590000033378601,1.590000033378601,1.590000033378601,2100
2003-02-06,1.590000033378601,1.590000033378601,1.590000033378601,1.590000033378601,1.590000033378601,0
2003-02-07,1.7100000381469729,1.7100000381469729,1.3200000524520874,1.3200000524520874,1.3200000524520874,400
2003-02-10,1.440000057220459,1.559999942779541,1.409999966621399,1.4700000286102295,1.4700000286102295,800
2003-02-11,1.4700000286102295,1.4700000286102295,1.4700000286102295,1.4700000286102295,1.4700000286102295,0
2003-02-12,1.440000057220459,1.440000057220459,1.440000057220459,1.440000057220459,1.440000057220459,100
2003-02-13,1.6200000047683716,1.649999976158142,1.5,1.5,1.5,1200
2003-02-14,1.5,1.5,1.4700000286102295,1.5,1.5,1100
2003-02-18,1.559999942779541,1.559999942779541,1.559999942779541,1.559999942779541,1.559999942779541,100
2003-02-19,1.5299999713897705,1.5299999713897705,1.5299999713897705,1.5299999713897705,1.5299999713897705,3400
2003-02-20,1.5299999713897705,1.5299999713897705,1.5299999713897705,1.5299999713897705,1.5299999713897705,100
2003-02-21,1.559999942779541,1.7699999809265137,1.559999942779541,1.7699999809265137,1.7699999809265137,200
2003-02-24,1.7999999523162842,1.8899999856948853,1.7999999523162842,1.8899999856948853,1.8899999856948853,1200
2003-02-25,1.830000042915344,1.8899999856948853,1.830000042915344,1.8899999856948853,1.8899999856948853,700
2003-02-26,1.8899999856948853,1.8899999856948853,1.7699999809265137,1.7699999809265137,1.7699999809265137,1700
2003-02-27,1.8600000143051147,1.8899999856948853,1.7999999523162842,1.7999999523162842,1.7999999523162842,2800
2003-02-28,1.7999999523162842,1.7999999523162842,1.7999999523162842,1.7999999523162842,1.7999999523162842,300
2003-03-03,1.7999999523162842,2.039999961853028,1.7999999523162842,1.9800000190734863,1.9800000190734863,600
2003-03-04,2.0999999046325684,2.25,2.0999999046325684,2.130000114440918,2.130000114440918,1700
2003-03-05,2.0999999046325684,2.0999999046325684,2.069999933242798,2.069999933242798,2.069999933242798,1300
2003-03-06,2.039999961853028,2.039999961853028,2.039999961853028,2.039999961853028,2.039999961853028,0
2003-03-07,2.009999990463257,2.009999990463257,2.009999990463257,2.009999990463257,2.009999990463257,100
2003-03-10,2.009999990463257,2.009999990463257,2.009999990463257,2.009999990463257,2.009999990463257,100
2003-03-11,2.009999990463257,2.009999990463257,2.009999990463257,2.009999990463257,2.009999990463257,0
2003-03-12,2.009999990463257,2.009999990463257,1.9800000190734863,1.9800000190734863,1.9800000190734863,200
2003-03-13,2.009999990463257,2.009999990463257,2.009999990463257,2.009999990463257,2.009999990463257,1000
2003-03-14,1.9800000190734863,1.9800000190734863,1.9800000190734863,1.9800000190734863,1.9800000190734863,700
2003-03-17,1.950000047683716,1.950000047683716,1.350000023841858,1.409999966621399,1.409999966621399,7900
2003-03-18,1.5,1.5,1.5,1.5,1.5,300
2003-03-19,1.5,1.5,1.5,1.5,1.5,0
2003-03-20,1.5299999713897705,1.5299999713897705,1.5299999713897705,1.5299999713897705,1.5299999713897705,600
2003-03-21,1.649999976158142,1.7400000095367432,1.649999976158142,1.7400000095367432,1.7400000095367432,300
2003-03-24,1.7400000095367432,1.7400000095367432,1.7400000095367432,1.7400000095367432,1.7400000095367432,0
2003-03-25,1.559999942779541,1.559999942779541,1.559999942779541,1.559999942779541,1.559999942779541,700
2003-03-26,1.559999942779541,1.559999942779541,1.559999942779541,1.559999942779541,1.559999942779541,100
2003-03-27,1.6200000047683716,1.6200000047683716,1.5299999713897705,1.5299999713897705,1.5299999713897705,2200
2003-03-28,1.5299999713897705,1.5299999713897705,1.5299999713897705,1.5299999713897705,1.5299999713897705,0
2003-03-31,1.590000033378601,1.590000033378601,1.590000033378601,1.590000033378601,1.590000033378601,100
2003-04-01,1.3799999952316284,1.559999942779541,1.3799999952316284,1.409999966621399,1.409999966621399,5000
2003-04-02,1.440000057220459,1.440000057220459,1.440000057220459,1.440000057220459,1.440000057220459,300
2003-04-03,1.5,1.5,1.409999966621399,1.5,1.5,2000
2003-04-04,1.5,1.5,1.5,1.5,1.5,0
2003-04-07,1.5,1.5,1.5,1.5,1.5,300
2003-04-08,1.440000057220459,1.440000057220459,1.440000057220459,1.440000057220459,1.440000057220459,300
2003-04-09,1.5,1.559999942779541,1.5,1.559999942779541,1.559999942779541,1000
2003-04-10,1.440000057220459,1.440000057220459,1.409999966621399,1.409999966621399,1.409999966621399,700
2003-04-11,1.5,1.559999942779541,1.5,1.559999942779541,1.559999942779541,200
2003-04-14,1.4700000286102295,1.590000033378601,1.440000057220459,1.590000033378601,1.590000033378601,2900
2003-04-15,1.590000033378601,1.649999976158142,1.590000033378601,1.649999976158142,1.649999976158142,500
2003-04-16,1.649999976158142,1.8899999856948853,1.649999976158142,1.8600000143051147,1.8600000143051147,1500
2003-04-17,1.919999957084656,1.919999957084656,1.919999957084656,1.919999957084656,1.919999957084656,0
2003-04-21,1.7999999523162842,2.009999990463257,1.7999999523162842,2.009999990463257,2.009999990463257,1700
2003-04-22,2.009999990463257,2.25,2.009999990463257,2.25,2.25,2000
2003-04-23,2.25,2.2799999713897705,2.1600000858306885,2.2799999713897705,2.2799999713897705,900
2003-04-24,2.2799999713897705,2.2799999713897705,2.2799999713897705,2.2799999713897705,2.2799999713897705,0
2003-04-25,2.2799999713897705,2.400000095367432,2.25,2.400000095367432,2.400000095367432,1800
2003-04-28,2.2799999713897705,2.2799999713897705,2.25,2.25,2.25,500
2003-04-29,2.25,2.25,2.190000057220459,2.25,2.25,1200
2003-04-30,2.190000057220459,2.25,2.190000057220459,2.190000057220459,2.190000057220459,600
2003-05-01,2.190000057220459,2.25,2.190000057220459,2.25,2.25,300
2003-05-02,2.25,2.400000095367432,2.190000057220459,2.400000095367432,2.400000095367432,2300
2003-05-05,2.400000095367432,2.400000095367432,2.400000095367432,2.400000095367432,2.400000095367432,0
2003-05-06,2.400000095367432,2.400000095367432,2.400000095367432,2.400000095367432,2.400000095367432,100
2003-05-07,2.430000066757202,2.549999952316284,2.430000066757202,2.430000066757202,2.430000066757202,1400
2003-05-08,2.430000066757202,2.430000066757202,2.430000066757202,2.430000066757202,2.430000066757202,0
2003-05-09,2.430000066757202,2.940000057220459,2.430000066757202,2.940000057220459,2.940000057220459,7300
2003-05-12,3.0,3.4200000762939453,2.789999961853028,2.819999933242798,2.819999933242798,12700
2003-05-13,3.0299999713897705,3.0299999713897705,2.9100000858306885,3.0299999713897705,3.0299999713897705,700
2003-05-14,3.059999942779541,3.4200000762939453,2.5799999237060547,3.0,3.0,4800
2003-05-15,2.490000009536743,2.490000009536743,2.490000009536743,2.490000009536743,2.490000009536743,300
2003-05-16,2.940000057220459,3.0,2.940000057220459,3.0,3.0,100
2003-05-19,3.0299999713897705,3.2100000381469727,2.880000114440918,2.880000114440918,2.880000114440918,5100
2003-05-20,2.880000114440918,3.0,2.4600000381469727,2.4600000381469727,2.4600000381469727,1500
2003-05-21,3.0299999713897705,3.0299999713897705,2.8499999046325684,2.8499999046325684,2.8499999046325684,1300
2003-05-22,3.059999942779541,3.299999952316284,2.549999952316284,3.0299999713897705,3.0299999713897705,3600
2003-05-23,2.8499999046325684,3.0299999713897705,2.8499999046325684,3.0299999713897705,3.0299999713897705,1600
2003-05-27,3.0299999713897705,3.0299999713897705,3.0299999713897705,3.0299999713897705,3.0299999713897705,0
2003-05-28,2.970000028610229,3.0,2.940000057220459,3.0,3.0,2500
2003-05-29,3.0,3.150000095367432,3.0,3.150000095367432,3.150000095367432,2200
2003-05-30,3.0299999713897705,3.119999885559082,2.8499999046325684,3.0299999713897705,3.0299999713897705,1600
2003-06-02,3.0299999713897705,3.150000095367432,3.0,3.0,3.0,800
2003-06-03,3.150000095367432,3.150000095367432,3.0299999713897705,3.0299999713897705,3.0299999713897705,3100
2003-06-04,3.0299999713897705,3.0299999713897705,2.549999952316284,3.0299999713897705,3.0299999713897705,2100
2003-06-05,3.0,3.150000095367432,3.0,3.059999942779541,3.059999942779541,1000
2003-06-06,2.700000047683716,3.150000095367432,2.700000047683716,3.0899999141693115,3.0899999141693115,1400
2003-06-09,3.0899999141693115,3.0899999141693115,3.0899999141693115,3.0899999141693115,3.0899999141693115,0
2003-06-10,3.0899999141693115,3.0899999141693115,3.0899999141693115,3.0899999141693115,3.0899999141693115,100
2003-06-11,3.0299999713897705,3.4200000762939453,3.0299999713897705,3.359999895095825,3.359999895095825,5100
2003-06-12,3.2699999809265137,3.5999999046325684,3.2699999809265137,3.4200000762939453,3.4200000762939453,12500
2003-06-13,3.630000114440918,3.630000114440918,3.4200000762939453,3.539999961853028,3.539999961853028,6100
2003-06-16,3.539999961853028,4.53000020980835,3.4800000190734863,3.75,3.75,26500
2003-06-17,4.380000114440918,4.380000114440918,3.75,3.900000095367432,3.900000095367432,9000
2003-06-18,4.139999866485596,4.5,3.809999942779541,3.809999942779541,3.809999942779541,6100
2003-06-19,4.230000019073486,4.230000019073486,4.230000019073486,4.230000019073486,4.230000019073486,600
2003-06-20,4.050000190734863,4.050000190734863,3.869999885559082,3.930000066757202,3.930000066757202,2400
2003-06-23,3.809999942779541,3.900000095367432,3.809999942779541,3.900000095367432,3.900000095367432,4800
2003-06-24,3.75,3.75,3.75,3.75,3.75,300
2003-06-25,3.7799999713897705,3.7799999713897705,3.7799999713897705,3.7799999713897705,3.7799999713897705,1600
2003-06-26,3.7799999713897705,3.930000066757202,3.630000114440918,3.930000066757202,3.930000066757202,5300
2003-06-27,3.9600000381469727,4.199999809265137,3.9600000381469727,3.9600000381469727,3.9600000381469727,1100
2003-06-30,3.930000066757202,4.349999904632568,3.900000095367432,3.900000095367432,3.900000095367432,2300
2003-07-01,4.320000171661377,4.320000171661377,4.170000076293945,4.199999809265137,4.199999809265137,400
2003-07-02,4.230000019073486,4.230000019073486,4.050000190734863,4.050000190734863,4.050000190734863,8700
2003-07-03,4.230000019073486,4.230000019073486,4.230000019073486,4.230000019073486,4.230000019073486,0
2003-07-07,4.230000019073486,4.230000019073486,4.199999809265137,4.199999809265137,4.199999809265137,400
2003-07-08,4.170000076293945,4.170000076293945,4.170000076293945,4.170000076293945,4.170000076293945,100
2003-07-09,4.050000190734863,4.349999904632568,4.050000190734863,4.320000171661377,4.320000171661377,2100
2003-07-10,4.320000171661377,4.46999979019165,4.320000171661377,4.380000114440918,4.380000114440918,3000
2003-07-11,4.380000114440918,4.409999847412109,4.170000076293945,4.199999809265137,4.199999809265137,1700
2003-07-14,4.380000114440918,6.0,4.380000114440918,5.369999885559082,5.369999885559082,25100
2003-07-15,5.849999904632568,5.849999904632568,5.039999961853027,5.820000171661377,5.820000171661377,21300
2003-07-16,5.699999809265137,6.300000190734863,5.130000114440918,6.0,6.0,20700
2003-07-17,5.96999979019165,6.0,5.400000095367432,5.519999980926514,5.519999980926514,8200
2003-07-18,5.099999904632568,5.25,4.829999923706055,5.25,5.25,4800
2003-07-21,5.130000114440918,5.400000095367432,5.010000228881836,5.070000171661377,5.070000171661377,12500
2003-07-22,5.309999942779541,5.400000095367432,4.980000019073486,5.400000095367432,5.400000095367432,8100
2003-07-23,5.670000076293945,5.96999979019165,4.829999923706055,4.860000133514404,4.860000133514404,11500
2003-07-24,4.739999771118164,5.070000171661377,4.739999771118164,5.070000171661377,5.070000171661377,4000
2003-07-25,4.800000190734863,4.800000190734863,4.440000057220459,4.5,4.5,5600
2003-07-28,4.710000038146973,4.800000190734863,4.5,4.769999980926514,4.769999980926514,3000
2003-07-29,4.53000020980835,4.679999828338623,4.380000114440918,4.679999828338623,4.679999828338623,2100
2003-07-30,4.440000057220459,4.769999980926514,4.199999809265137,4.619999885559082,4.619999885559082,700
2003-07-31,4.590000152587891,5.099999904632568,4.050000190734863,4.769999980926514,4.769999980926514,5200
2003-08-01,4.230000019073486,4.590000152587891,3.75,4.380000114440918,4.380000114440918,3000
2003-08-04,4.289999961853027,4.380000114440918,4.199999809265137,4.260000228881836,4.260000228881836,2400
2003-08-05,4.230000019073486,4.230000019073486,4.199999809265137,4.199999809265137,4.199999809265137,2200
2003-08-06,4.320000171661377,4.349999904632568,4.199999809265137,4.199999809265137,4.199999809265137,2800
2003-08-07,4.199999809265137,4.199999809265137,4.199999809265137,4.199999809265137,4.199999809265137,4500
2003-08-08,4.199999809265137,4.260000228881836,4.199999809265137,4.199999809265137,4.199999809265137,1400
2003-08-11,4.199999809265137,4.199999809265137,4.199999809265137,4.199999809265137,4.199999809265137,4300
2003-08-12,4.199999809265137,5.369999885559082,4.199999809265137,4.800000190734863,4.800000190734863,10200
2003-08-13,4.800000190734863,5.070000171661377,4.199999809265137,4.829999923706055,4.829999923706055,17400
2003-08-14,4.619999885559082,5.400000095367432,4.5,4.949999809265137,4.949999809265137,8100
2003-08-15,4.949999809265137,5.400000095367432,4.949999809265137,5.099999904632568,5.099999904632568,2400
2003-08-18,6.0,6.119999885559082,5.28000020980835,5.940000057220459,5.940000057220459,31800
2003-08-19,6.0,6.0,5.489999771118164,5.550000190734863,5.550000190734863,22400
2003-08-20,5.550000190734863,5.639999866485596,5.400000095367432,5.519999980926514,5.519999980926514,11300
2003-08-21,5.610000133514404,5.670000076293945,5.099999904632568,5.519999980926514,5.519999980926514,5700
2003-08-22,5.849999904632568,5.849999904632568,5.429999828338623,5.519999980926514,5.519999980926514,5600
2003-08-25,5.760000228881836,5.849999904632568,5.400000095367432,5.699999809265137,5.699999809265137,8100
2003-08-26,5.699999809265137,5.699999809265137,5.130000114440918,5.489999771118164,5.489999771118164,7700
2003-08-27,5.25,5.519999980926514,4.949999809265137,5.309999942779541,5.309999942779541,11300
2003-08-28,5.340000152587891,5.519999980926514,4.949999809265137,5.130000114440918,5.130000114440918,3700
2003-08-29,5.099999904632568,5.489999771118164,5.099999904632568,5.28000020980835,5.28000020980835,2400
2003-09-02,5.519999980926514,5.519999980926514,5.010000228881836,5.010000228881836,5.010000228881836,8600
2003-09-03,5.369999885559082,5.369999885559082,5.25,5.369999885559082,5.369999885559082,1800
2003-09-04,5.340000152587891,5.369999885559082,5.099999904632568,5.309999942779541,5.309999942779541,4200
2003-09-05,5.369999885559082,5.369999885559082,5.25,5.309999942779541,5.309999942779541,900
2003-09-08,5.309999942779541,5.309999942779541,5.070000171661377,5.21999979019165,5.21999979019165,3100
2003-09-09,5.400000095367432,5.400000095367432,5.25,5.369999885559082,5.369999885559082,4100
2003-09-10,5.309999942779541,5.369999885559082,5.28000020980835,5.28000020980835,5.28000020980835,1100
2003-09-11,5.25,5.550000190734863,5.25,5.25,5.25,5900
2003-09-12,5.400000095367432,5.550000190734863,5.400000095367432,5.400000095367432,5.400000095367432,700
2003-09-15,5.429999828338623,5.429999828338623,5.309999942779541,5.369999885559082,5.369999885559082,2300
2003-09-16,5.429999828338623,5.429999828338623,5.25,5.25,5.25,4600
2003-09-17,5.369999885559082,5.400000095367432,4.800000190734863,5.099999904632568,5.099999904632568,12600
2003-09-18,5.309999942779541,5.369999885559082,5.28000020980835,5.369999885559082,5.369999885559082,300
2003-09-19,4.949999809265137,5.400000095367432,4.949999809265137,5.400000095367432,5.400000095367432,2000
2003-09-22,5.400000095367432,5.400000095367432,5.039999961853027,5.400000095367432,5.400000095367432,3500
2003-09-23,5.550000190734863,5.699999809265137,5.099999904632568,5.519999980926514,5.519999980926514,38500
2003-09-24,5.849999904632568,5.940000057220459,5.340000152587891,5.369999885559082,5.369999885559082,29200
2003-09-25,5.400000095367432,5.639999866485596,5.099999904632568,5.28000020980835,5.28000020980835,10900
2003-09-26,5.21999979019165,5.25,4.650000095367432,4.949999809265137,4.949999809265137,9000
2003-09-29,4.980000019073486,5.190000057220459,4.949999809265137,4.949999809265137,4.949999809265137,2100
2003-09-30,4.860000133514404,4.980000019073486,4.800000190734863,4.800000190734863,4.800000190734863,5300
2003-10-01,5.010000228881836,5.010000228881836,4.679999828338623,4.679999828338623,4.679999828338623,1500
2003-10-02,4.949999809265137,4.949999809265137,4.650000095367432,4.800000190734863,4.800000190734863,11800
2003-10-03,4.920000076293945,4.920000076293945,4.5,4.679999828338623,4.679999828338623,13000
2003-10-06,4.949999809265137,4.949999809265137,4.650000095367432,4.650000095367432,4.650000095367432,5700
2003-10-07,4.800000190734863,4.800000190734863,4.409999847412109,4.559999942779541,4.559999942779541,17600
2003-10-08,4.380000114440918,4.650000095367432,4.079999923706055,4.380000114440918,4.380000114440918,10100
2003-10-09,4.199999809265137,4.440000057220459,4.050000190734863,4.199999809265137,4.199999809265137,10600
2003-10-10,4.079999923706055,4.320000171661377,4.079999923706055,4.199999809265137,4.199999809265137,9900
2003-10-13,4.409999847412109,4.409999847412109,4.079999923706055,4.260000228881836,4.260000228881836,10400
2003-10-14,4.349999904632568,4.409999847412109,4.170000076293945,4.409999847412109,4.409999847412109,13100
2003-10-15,4.559999942779541,4.559999942779541,4.199999809265137,4.409999847412109,4.409999847412109,6800
2003-10-16,4.409999847412109,4.5,4.380000114440918,4.409999847412109,4.409999847412109,3900
2003-10-17,4.409999847412109,4.5,4.199999809265137,4.5,4.5,3900
2003-10-20,4.559999942779541,4.559999942779541,4.349999904632568,4.559999942779541,4.559999942779541,2900
2003-10-21,4.679999828338623,4.679999828338623,4.559999942779541,4.559999942779541,4.559999942779541,700
2003-10-22,4.710000038146973,4.710000038146973,4.5,4.5,4.5,1700
2003-10-23,4.409999847412109,4.590000152587891,4.349999904632568,4.590000152587891,4.590000152587891,800
2003-10-24,4.710000038146973,4.710000038146973,4.380000114440918,4.409999847412109,4.409999847412109,2300
2003-10-27,4.349999904632568,4.650000095367432,4.230000019073486,4.650000095367432,4.650000095367432,4000
2003-10-28,4.53000020980835,4.710000038146973,4.5,4.650000095367432,4.650000095367432,1300
2003-10-29,4.53000020980835,4.710000038146973,4.53000020980835,4.53000020980835,4.53000020980835,300
2003-10-30,4.710000038146973,5.25,4.710000038146973,5.21999979019165,5.21999979019165,7900
2003-10-31,5.369999885559082,5.820000171661377,4.860000133514404,4.860000133514404,4.860000133514404,1700
2003-11-03,5.070000171661377,5.820000171661377,5.070000171661377,5.820000171661377,5.820000171661377,9300
2003-11-04,5.699999809265137,5.849999904632568,5.610000133514404,5.849999904632568,5.849999904632568,11600
2003-11-05,5.849999904632568,6.539999961853027,5.610000133514404,6.449999809265137,6.449999809265137,73200
2003-11-06,6.570000171661377,7.019999980926514,5.099999904632568,5.789999961853027,5.789999961853027,39600
2003-11-07,5.610000133514404,6.329999923706055,5.610000133514404,6.0,6.0,22700
2003-11-10,7.199999809265137,7.199999809265137,6.0,6.599999904632568,6.599999904632568,35900
2003-11-11,6.71999979019165,6.71999979019165,6.0,6.179999828338623,6.179999828338623,11000
2003-11-12,6.420000076293945,6.630000114440918,6.150000095367432,6.150000095367432,6.150000095367432,12700
2003-11-13,6.269999980926514,6.570000171661377,6.059999942779541,6.239999771118164,6.239999771118164,7800
2003-11-14,6.75,6.75,6.0,6.239999771118164,6.239999771118164,12200
2003-11-17,6.449999809265137,6.449999809265137,6.0,6.03000020980835,6.03000020980835,21500
2003-11-18,6.420000076293945,6.510000228881836,6.179999828338623,6.480000019073486,6.480000019073486,4900
2003-11-19,6.360000133514404,6.570000171661377,6.090000152587891,6.539999961853027,6.539999961853027,5200
2003-11-20,6.510000228881836,6.539999961853027,6.210000038146973,6.210000038146973,6.210000038146973,6800
2003-11-21,6.300000190734863,6.420000076293945,6.0,6.269999980926514,6.269999980926514,4500
2003-11-24,6.539999961853027,6.539999961853027,6.329999923706055,6.539999961853027,6.539999961853027,7900
2003-11-25,6.599999904632568,6.599999904632568,6.449999809265137,6.539999961853027,6.539999961853027,3100
2003-11-26,6.78000020980835,6.78000020980835,6.360000133514404,6.599999904632568,6.599999904632568,9400
2003-11-28,6.630000114440918,6.630000114440918,6.389999866485596,6.480000019073486,6.480000019073486,2200
2003-12-01,6.360000133514404,6.570000171661377,5.610000133514404,6.210000038146973,6.210000038146973,14100
2003-12-02,6.179999828338623,6.449999809265137,6.179999828338623,6.210000038146973,6.210000038146973,3600
2003-12-03,6.239999771118164,6.449999809265137,5.909999847412109,5.909999847412109,5.909999847412109,21900
2003-12-04,5.940000057220459,6.300000190734863,5.849999904632568,6.239999771118164,6.239999771118164,55900
2003-12-05,6.150000095367432,6.269999980926514,6.150000095367432,6.179999828338623,6.179999828338623,5000
2003-12-08,6.360000133514404,6.840000152587891,6.210000038146973,6.539999961853027,6.539999961853027,13000
2003-12-09,6.480000019073486,7.409999847412109,6.480000019073486,6.960000038146973,6.960000038146973,42700
2003-12-10,7.46999979019165,7.769999980926514,6.659999847412109,7.199999809265137,7.199999809265137,36100
2003-12-11,7.710000038146973,7.800000190734863,6.840000152587891,7.739999771118164,7.739999771118164,24500
2003-12-12,7.739999771118164,7.739999771118164,6.869999885559082,7.710000038146973,7.710000038146973,20800
2003-12-15,8.1899995803833,8.850000381469727,7.349999904632568,8.25,8.25,38900
2003-12-16,8.850000381469727,8.850000381469727,8.25,8.399999618530273,8.399999618530273,17700
2003-12-17,8.369999885559082,8.850000381469727,8.25,8.399999618530273,8.399999618530273,11200
2003-12-18,8.670000076293945,8.850000381469727,8.460000038146973,8.699999809265137,8.699999809265137,6200
2003-12-19,8.699999809265137,8.9399995803833,8.3100004196167,8.489999771118164,8.489999771118164,6400
2003-12-22,8.34000015258789,9.0,8.25,8.640000343322754,8.640000343322754,13400
2003-12-23,8.3100004196167,9.149999618530272,8.3100004196167,8.460000038146973,8.460000038146973,2800
2003-12-24,8.369999885559082,9.449999809265137,8.369999885559082,9.210000038146973,9.210000038146973,11800
2003-12-26,9.359999656677246,9.600000381469728,9.300000190734863,9.600000381469728,9.600000381469728,19900
2003-12-29,9.600000381469728,9.600000381469728,8.850000381469727,8.850000381469727,8.850000381469727,17700
2003-12-30,8.850000381469727,9.449999809265137,8.850000381469727,9.300000190734863,9.300000190734863,6500
2003-12-31,9.600000381469728,9.600000381469728,8.9399995803833,9.420000076293944,9.420000076293944,10200
2004-01-02,9.600000381469728,9.600000381469728,9.029999732971191,9.210000038146973,9.210000038146973,4300
2004-01-05,9.09000015258789,9.18000030517578,8.279999732971191,8.579999923706055,8.579999923706055,21500
2004-01-06,8.640000343322754,8.640000343322754,7.920000076293945,8.489999771118164,8.489999771118164,14400
2004-01-07,8.039999961853027,8.1899995803833,7.5,8.010000228881836,8.010000228881836,17000
2004-01-08,7.949999809265137,8.699999809265137,7.800000190734863,8.489999771118164,8.489999771118164,19700
2004-01-09,8.399999618530273,8.550000190734863,8.010000228881836,8.25,8.25,3000
2004-01-12,8.100000381469727,8.489999771118164,8.100000381469727,8.1899995803833,8.1899995803833,2800
2004-01-13,8.1899995803833,8.220000267028809,7.949999809265137,8.100000381469727,8.100000381469727,5500
2004-01-14,8.220000267028809,8.220000267028809,8.220000267028809,8.220000267028809,8.220000267028809,0
2004-01-15,7.920000076293945,8.1899995803833,7.019999980926514,7.349999904632568,7.349999904632568,27500
2004-01-16,6.929999828338623,8.220000267028809,6.929999828338623,7.440000057220459,7.440000057220459,4100
2004-01-20,7.5,7.53000020980835,7.260000228881836,7.5,7.5,5000
2004-01-21,7.440000057220459,8.100000381469727,7.440000057220459,8.100000381469727,8.100000381469727,6500
2004-01-22,8.220000267028809,8.25,8.100000381469727,8.25,8.25,5600
2004-01-23,8.25,8.369999885559082,8.1899995803833,8.1899995803833,8.1899995803833,3600
2004-01-26,8.520000457763672,8.520000457763672,7.289999961853027,7.679999828338623,7.679999828338623,28300
2004-01-27,7.679999828338623,7.949999809265137,7.619999885559082,7.710000038146973,7.710000038146973,5400
2004-01-28,7.5,7.590000152587891,6.690000057220459,6.900000095367432,6.900000095367432,17700
2004-01-29,6.690000057220459,7.650000095367432,6.690000057220459,7.5,7.5,28400
2004-01-30,7.46999979019165,7.46999979019165,7.409999847412109,7.46999979019165,7.46999979019165,13500
2004-02-02,7.5,9.449999809265137,7.5,9.0,9.0,91900
2004-02-03,9.300000190734863,9.869999885559082,8.760000228881836,9.210000038146973,9.210000038146973,113200
2004-02-04,9.0,9.149999618530272,8.399999618530273,8.880000114440918,8.880000114440918,26700
2004-02-05,9.149999618530272,9.149999618530272,8.399999618530273,8.670000076293945,8.670000076293945,19200
2004-02-06,8.760000228881836,9.300000190734863,8.369999885559082,9.09000015258789,9.09000015258789,17300
2004-02-09,9.09000015258789,9.600000381469728,8.789999961853027,9.56999969482422,9.56999969482422,48000
2004-02-10,9.300000190734863,9.600000381469728,9.0,9.300000190734863,9.300000190734863,15100
2004-02-11,9.329999923706056,9.600000381469728,9.0600004196167,9.329999923706056,9.329999923706056,10600
2004-02-12,9.449999809265137,9.479999542236328,9.0,9.18000030517578,9.18000030517578,10000
2004-02-13,8.489999771118164,9.600000381469728,8.460000038146973,9.09000015258789,9.09000015258789,30700
2004-02-17,9.239999771118164,9.390000343322754,8.729999542236328,9.210000038146973,9.210000038146973,52100
2004-02-18,9.210000038146973,9.210000038146973,8.789999961853027,9.0,9.0,6400
2004-02-19,9.0600004196167,9.239999771118164,8.9399995803833,9.210000038146973,9.210000038146973,10000
2004-02-20,9.270000457763672,9.270000457763672,8.550000190734863,9.0,9.0,8600
2004-02-23,8.729999542236328,8.970000267028809,8.489999771118164,8.9399995803833,8.9399995803833,5200
2004-02-24,8.729999542236328,8.9399995803833,8.15999984741211,8.489999771118164,8.489999771118164,7600
2004-02-25,8.430000305175781,8.430000305175781,7.289999961853027,7.5,7.5,47000
2004-02-26,7.590000152587891,8.460000038146973,7.5,8.460000038146973,8.460000038146973,19200
2004-02-27,8.430000305175781,8.579999923706055,8.039999961853027,8.489999771118164,8.489999771118164,6800
2004-03-01,8.399999618530273,9.630000114440918,8.399999618530273,9.149999618530272,9.149999618530272,37200
2004-03-02,9.479999542236328,9.600000381469728,8.430000305175781,8.970000267028809,8.970000267028809,19300
2004-03-03,8.90999984741211,9.539999961853027,8.609999656677246,9.029999732971191,9.029999732971191,16300
2004-03-04,9.0,9.420000076293944,8.579999923706055,8.609999656677246,8.609999656677246,9500
2004-03-05,8.579999923706055,9.0,8.579999923706055,8.970000267028809,8.970000267028809,2700
2004-03-08,8.970000267028809,9.119999885559082,8.1899995803833,8.1899995803833,8.1899995803833,31000
2004-03-09,8.130000114440918,8.90999984741211,7.980000019073486,8.850000381469727,8.850000381469727,10400
2004-03-10,8.279999732971191,8.850000381469727,7.860000133514404,8.399999618530273,8.399999618530273,13900
2004-03-11,8.039999961853027,8.550000190734863,8.039999961853027,8.15999984741211,8.15999984741211,2300
2004-03-12,8.34000015258789,8.34000015258789,8.010000228881836,8.039999961853027,8.039999961853027,700
2004-03-15,8.1899995803833,8.1899995803833,7.5,7.949999809265137,7.949999809265137,21100
2004-03-16,7.949999809265137,8.1899995803833,7.46999979019165,7.920000076293945,7.920000076293945,6100
2004-03-17,7.590000152587891,8.100000381469727,7.590000152587891,8.100000381469727,8.100000381469727,3000
2004-03-18,8.100000381469727,8.550000190734863,8.100000381469727,8.460000038146973,8.460000038146973,3000
2004-03-19,8.520000457763672,8.550000190734863,8.220000267028809,8.550000190734863,8.550000190734863,9800
2004-03-22,8.550000190734863,8.550000190734863,8.279999732971191,8.279999732971191,8.279999732971191,800
2004-03-23,8.25,8.25,7.710000038146973,7.829999923706055,7.829999923706055,900
2004-03-24,7.769999980926514,8.100000381469727,7.619999885559082,7.829999923706055,7.829999923706055,1800
2004-03-25,7.769999980926514,7.800000190734863,7.769999980926514,7.800000190734863,7.800000190734863,2700
2004-03-26,7.800000190734863,7.860000133514404,7.800000190734863,7.860000133514404,7.860000133514404,2000
2004-03-29,8.489999771118164,8.550000190734863,8.100000381469727,8.100000381469727,8.100000381469727,9100
2004-03-30,8.399999618530273,8.399999618530273,7.710000038146973,7.739999771118164,7.739999771118164,8900
2004-03-31,8.25,8.25,7.679999828338623,8.069999694824219,8.069999694824219,3600
2004-04-01,7.980000019073486,8.25,7.980000019073486,8.25,8.25,2300
2004-04-02,7.889999866485596,7.980000019073486,7.800000190734863,7.980000019073486,7.980000019073486,4600
2004-04-05,7.829999923706055,8.100000381469727,7.829999923706055,8.039999961853027,8.039999961853027,10400
2004-04-06,7.980000019073486,8.069999694824219,7.889999866485596,7.889999866485596,7.889999866485596,3500
2004-04-07,7.739999771118164,7.860000133514404,6.960000038146973,7.199999809265137,7.199999809265137,18100
2004-04-08,7.619999885559082,7.619999885559082,6.239999771118164,7.199999809265137,7.199999809265137,41100
2004-04-12,7.230000019073486,7.440000057220459,7.230000019073486,7.230000019073486,7.230000019073486,4000
2004-04-13,7.110000133514404,7.349999904632568,6.929999828338623,7.110000133514404,7.110000133514404,7400
2004-04-14,7.019999980926514,7.289999961853027,6.809999942779541,7.019999980926514,7.019999980926514,4200
2004-04-15,7.050000190734863,7.050000190734863,6.539999961853027,6.539999961853027,6.539999961853027,12700
2004-04-16,6.599999904632568,6.869999885559082,6.449999809265137,6.539999961853027,6.539999961853027,6700
2004-04-19,6.449999809265137,7.050000190734863,6.150000095367432,6.300000190734863,6.300000190734863,12700
2004-04-20,6.360000133514404,6.840000152587891,6.300000190734863,6.659999847412109,6.659999847412109,3900
2004-04-21,6.510000228881836,6.599999904632568,6.300000190734863,6.449999809265137,6.449999809265137,2800
2004-04-22,6.449999809265137,6.989999771118164,6.329999923706055,6.900000095367432,6.900000095367432,4300
2004-04-23,7.170000076293945,7.170000076293945,6.599999904632568,7.050000190734863,7.050000190734863,9300
2004-04-26,7.170000076293945,7.349999904632568,6.900000095367432,7.349999904632568,7.349999904632568,12500
2004-04-27,7.349999904632568,7.380000114440918,7.170000076293945,7.170000076293945,7.170000076293945,1500
2004-04-28,7.289999961853027,7.289999961853027,6.929999828338623,7.170000076293945,7.170000076293945,3400
2004-04-29,7.199999809265137,7.230000019073486,6.929999828338623,6.960000038146973,6.960000038146973,3800
2004-04-30,7.019999980926514,7.019999980926514,6.300000190734863,6.570000171661377,6.570000171661377,19200
2004-05-03,6.510000228881836,6.71999979019165,6.329999923706055,6.71999979019165,6.71999979019165,2500
2004-05-04,6.75,6.900000095367432,6.630000114440918,6.900000095367432,6.900000095367432,9000
2004-05-05,7.050000190734863,7.050000190734863,6.090000152587891,6.300000190734863,6.300000190734863,10800
2004-05-06,6.449999809265137,6.599999904632568,6.119999885559082,6.150000095367432,6.150000095367432,10300
2004-05-07,6.059999942779541,6.239999771118164,6.0,6.0,6.0,7900
2004-05-10,6.210000038146973,6.210000038146973,5.25,5.880000114440918,5.880000114440918,15800
2004-05-11,5.820000171661377,5.940000057220459,5.699999809265137,5.730000019073486,5.730000019073486,7000
2004-05-12,5.789999961853027,5.849999904632568,5.550000190734863,5.760000228881836,5.760000228881836,5500
2004-05-13,5.760000228881836,5.940000057220459,5.760000228881836,5.789999961853027,5.789999961853027,2600
2004-05-14,5.909999847412109,5.909999847412109,5.880000114440918,5.909999847412109,5.909999847412109,2200
2004-05-17,5.639999866485596,6.0,5.28000020980835,5.400000095367432,5.400000095367432,10000
2004-05-18,5.190000057220459,5.699999809265137,5.190000057220459,5.550000190734863,5.550000190734863,8600
2004-05-19,6.03000020980835,6.150000095367432,5.880000114440918,6.090000152587891,6.090000152587891,10800
2004-05-20,6.210000038146973,6.389999866485596,6.0,6.03000020980835,6.03000020980835,4300
2004-05-21,6.059999942779541,6.059999942779541,5.400000095367432,5.730000019073486,5.730000019073486,4400
2004-05-24,5.639999866485596,5.96999979019165,5.550000190734863,5.730000019073486,5.730000019073486,2500
2004-05-25,5.579999923706055,5.940000057220459,5.579999923706055,5.730000019073486,5.730000019073486,800
2004-05-26,5.849999904632568,6.360000133514404,5.849999904632568,6.059999942779541,6.059999942779541,6500
2004-05-27,6.150000095367432,6.150000095367432,6.059999942779541,6.119999885559082,6.119999885559082,1900
2004-05-28,6.119999885559082,6.329999923706055,6.119999885559082,6.179999828338623,6.179999828338623,2200
2004-06-01,6.239999771118164,6.420000076293945,6.0,6.179999828338623,6.179999828338623,4600
2004-06-02,6.210000038146973,6.210000038146973,6.119999885559082,6.119999885559082,6.119999885559082,100
2004-06-03,6.119999885559082,6.300000190734863,6.0,6.059999942779541,6.059999942779541,7700
2004-06-04,6.090000152587891,6.090000152587891,6.03000020980835,6.03000020980835,6.03000020980835,2100
2004-06-07,6.179999828338623,6.900000095367432,6.179999828338623,6.329999923706055,6.329999923706055,4700
2004-06-08,6.510000228881836,6.539999961853027,6.269999980926514,6.269999980926514,6.269999980926514,2000
2004-06-09,6.269999980926514,6.269999980926514,6.269999980926514,6.269999980926514,6.269999980926514,100
2004-06-10,6.480000019073486,6.480000019073486,6.269999980926514,6.300000190734863,6.300000190734863,900
2004-06-14,6.449999809265137,6.510000228881836,6.210000038146973,6.210000038146973,6.210000038146973,6100
2004-06-15,6.420000076293945,6.449999809265137,6.420000076293945,6.420000076293945,6.420000076293945,600
2004-06-16,6.449999809265137,6.900000095367432,6.0,6.449999809265137,6.449999809265137,5700
2004-06-17,6.570000171661377,6.659999847412109,6.360000133514404,6.480000019073486,6.480000019073486,8000
2004-06-18,6.329999923706055,6.539999961853027,6.150000095367432,6.150000095367432,6.150000095367432,5400
2004-06-21,6.0,6.059999942779541,5.21999979019165,5.400000095367432,5.400000095367432,10600
2004-06-22,5.400000095367432,5.940000057220459,5.400000095367432,5.400000095367432,5.400000095367432,17400
2004-06-23,5.670000076293945,5.789999961853027,5.400000095367432,5.550000190734863,5.550000190734863,4800
2004-06-24,5.639999866485596,5.760000228881836,5.550000190734863,5.760000228881836,5.760000228881836,1700
2004-06-25,5.460000038146973,5.909999847412109,5.25,5.639999866485596,5.639999866485596,11300
2004-06-28,5.670000076293945,5.849999904632568,5.25,5.730000019073486,5.730000019073486,2000
2004-06-29,5.550000190734863,5.730000019073486,5.550000190734863,5.730000019073486,5.730000019073486,3300
2004-06-30,5.820000171661377,5.820000171661377,5.610000133514404,5.610000133514404,5.610000133514404,4300
2004-07-01,5.699999809265137,5.699999809265137,5.460000038146973,5.610000133514404,5.610000133514404,1700
2004-07-02,5.670000076293945,5.670000076293945,5.429999828338623,5.670000076293945,5.670000076293945,2800
2004-07-06,5.670000076293945,5.670000076293945,5.519999980926514,5.579999923706055,5.579999923706055,1500
2004-07-07,5.940000057220459,8.25,5.940000057220459,7.230000019073486,7.230000019073486,255900
2004-07-08,7.380000114440918,7.380000114440918,6.75,6.960000038146973,6.960000038146973,42100
2004-07-09,7.079999923706055,7.349999904632568,6.75,6.900000095367432,6.900000095367432,17700
2004-07-12,6.929999828338623,6.929999828338623,6.75,6.75,6.75,11600
2004-07-13,7.050000190734863,7.050000190734863,6.570000171661377,6.599999904632568,6.599999904632568,14500
2004-07-14,6.869999885559082,7.110000133514404,6.630000114440918,6.900000095367432,6.900000095367432,5100
2004-07-15,6.900000095367432,7.079999923706055,6.78000020980835,6.989999771118164,6.989999771118164,5400
2004-07-16,7.199999809265137,7.559999942779541,6.869999885559082,7.349999904632568,7.349999904632568,15100
2004-07-19,7.650000095367432,7.920000076293945,7.289999961853027,7.5,7.5,12900
2004-07-20,7.710000038146973,7.710000038146973,7.5,7.559999942779541,7.559999942779541,4500
2004-07-21,7.769999980926514,7.949999809265137,7.650000095367432,7.650000095367432,7.650000095367432,10300
2004-07-22,8.100000381469727,8.100000381469727,7.230000019073486,7.53000020980835,7.53000020980835,3500
2004-07-23,6.599999904632568,7.590000152587891,6.599999904632568,7.349999904632568,7.349999904632568,3200
2004-07-26,7.349999904632568,7.349999904632568,7.139999866485596,7.349999904632568,7.349999904632568,2300
2004-07-27,7.46999979019165,7.949999809265137,7.139999866485596,7.619999885559082,7.619999885559082,6200
2004-07-28,7.5,7.679999828338623,7.5,7.650000095367432,7.650000095367432,2000
2004-07-29,7.559999942779541,7.829999923706055,7.559999942779541,7.739999771118164,7.739999771118164,5000
2004-07-30,7.829999923706055,7.829999923706055,7.679999828338623,7.679999828338623,7.679999828338623,3400
2004-08-02,7.679999828338623,7.920000076293945,7.650000095367432,7.769999980926514,7.769999980926514,3800
2004-08-03,7.800000190734863,7.800000190734863,7.769999980926514,7.769999980926514,7.769999980926514,700
2004-08-04,8.9399995803833,8.9399995803833,8.279999732971191,8.489999771118164,8.489999771118164,30200
2004-08-05,8.670000076293945,8.670000076293945,8.25,8.25,8.25,15600
2004-08-06,8.25,8.279999732971191,7.949999809265137,8.130000114440918,8.130000114440918,9200
2004-08-09,8.130000114440918,8.279999732971191,8.039999961853027,8.25,8.25,3500
2004-08-10,7.980000019073486,8.25,7.980000019073486,8.069999694824219,8.069999694824219,5700
2004-08-11,8.069999694824219,8.130000114440918,7.199999809265137,7.230000019073486,7.230000019073486,5600
2004-08-12,7.5,7.5,7.170000076293945,7.199999809265137,7.199999809265137,2300
2004-08-13,7.260000228881836,7.289999961853027,7.199999809265137,7.289999961853027,7.289999961853027,900
2004-08-16,7.440000057220459,7.440000057220459,6.78000020980835,7.079999923706055,7.079999923706055,3500
2004-08-17,6.809999942779541,7.46999979019165,6.809999942779541,7.380000114440918,7.380000114440918,5900
2004-08-18,6.900000095367432,8.399999618530273,6.900000095367432,7.739999771118164,7.739999771118164,5300
2004-08-19,7.53000020980835,8.25,7.5,8.100000381469727,8.100000381469727,6800
2004-08-20,8.069999694824219,8.3100004196167,8.069999694824219,8.130000114440918,8.130000114440918,3000
2004-08-23,8.130000114440918,8.699999809265137,8.130000114440918,8.670000076293945,8.670000076293945,11200
2004-08-24,8.25,8.550000190734863,8.100000381469727,8.550000190734863,8.550000190734863,6200
2004-08-25,8.3100004196167,8.3100004196167,7.5,7.739999771118164,7.739999771118164,5700
2004-08-26,7.920000076293945,7.949999809265137,7.739999771118164,7.800000190734863,7.800000190734863,1000
2004-08-27,7.710000038146973,7.710000038146973,7.050000190734863,7.710000038146973,7.710000038146973,5100
2004-08-30,7.679999828338623,7.679999828338623,7.050000190734863,7.5,7.5,2800
2004-08-31,7.53000020980835,7.739999771118164,7.5,7.739999771118164,7.739999771118164,900
2004-09-01,7.889999866485596,8.1899995803833,7.46999979019165,8.1899995803833,8.1899995803833,3100
2004-09-02,8.1899995803833,8.670000076293945,8.010000228881836,8.670000076293945,8.670000076293945,5900
2004-09-03,8.789999961853027,8.9399995803833,8.670000076293945,8.760000228881836,8.760000228881836,15800
2004-09-07,8.819999694824219,8.9399995803833,8.729999542236328,8.789999961853027,8.789999961853027,10000
2004-09-08,9.0,9.0,8.579999923706055,8.609999656677246,8.609999656677246,19900
2004-09-09,8.850000381469727,8.9399995803833,8.220000267028809,8.729999542236328,8.729999542236328,23600
2004-09-10,8.880000114440918,9.390000343322754,8.819999694824219,9.09000015258789,9.09000015258789,88600
2004-09-13,9.300000190734863,10.350000381469728,8.850000381469727,8.880000114440918,8.880000114440918,123500
2004-09-14,9.119999885559082,9.420000076293944,9.029999732971191,9.149999618530272,9.149999618530272,23000
2004-09-15,9.18000030517578,9.329999923706056,9.119999885559082,9.270000457763672,9.270000457763672,8200
2004-09-16,9.479999542236328,9.56999969482422,9.149999618530272,9.539999961853027,9.539999961853027,39100
2004-09-17,9.56999969482422,9.600000381469728,9.479999542236328,9.479999542236328,9.479999542236328,27900
2004-09-20,9.600000381469728,9.600000381469728,8.850000381469727,8.90999984741211,8.90999984741211,23700
2004-09-21,8.699999809265137,9.0,8.399999618530273,8.9399995803833,8.9399995803833,16000
2004-09-22,8.489999771118164,8.489999771118164,7.800000190734863,8.1899995803833,8.1899995803833,13800
2004-09-23,7.889999866485596,8.1899995803833,7.590000152587891,8.1899995803833,8.1899995803833,13600
2004-09-24,7.53000020980835,8.489999771118164,7.53000020980835,8.25,8.25,7500
2004-09-27,8.25,8.279999732971191,7.769999980926514,8.010000228881836,8.010000228881836,3500
2004-09-28,7.650000095367432,8.369999885559082,7.559999942779541,7.949999809265137,7.949999809265137,7600
2004-09-29,7.739999771118164,8.100000381469727,7.739999771118164,7.860000133514404,7.860000133514404,2900
2004-09-30,7.53000020980835,7.739999771118164,7.5,7.679999828338623,7.679999828338623,6800
2004-10-01,7.829999923706055,7.829999923706055,7.5,7.619999885559082,7.619999885559082,7800
2004-10-04,7.5,7.949999809265137,6.75,7.5,7.5,28500
2004-10-05,7.5,8.279999732971191,7.46999979019165,8.279999732971191,8.279999732971191,4900
2004-10-06,7.889999866485596,8.729999542236328,7.889999866485596,8.699999809265137,8.699999809265137,26000
2004-10-07,8.729999542236328,9.0,8.460000038146973,8.699999809265137,8.699999809265137,10800
2004-10-08,8.699999809265137,8.699999809265137,8.430000305175781,8.430000305175781,8.430000305175781,1900
2004-10-11,8.430000305175781,8.579999923706055,6.809999942779541,8.100000381469727,8.100000381469727,10400
2004-10-12,7.800000190734863,8.520000457763672,7.800000190734863,8.039999961853027,8.039999961853027,2400
2004-10-13,7.889999866485596,8.819999694824219,7.889999866485596,8.460000038146973,8.460000038146973,7600
2004-10-14,8.489999771118164,8.520000457763672,8.369999885559082,8.369999885559082,8.369999885559082,2200
2004-10-15,8.1899995803833,8.3100004196167,8.069999694824219,8.100000381469727,8.100000381469727,1900
2004-10-18,8.039999961853027,8.039999961853027,8.039999961853027,8.039999961853027,8.039999961853027,300
2004-10-19,8.039999961853027,8.039999961853027,7.829999923706055,7.980000019073486,7.980000019073486,1600
2004-10-20,7.679999828338623,8.1899995803833,7.679999828338623,8.15999984741211,8.15999984741211,3900
2004-10-21,8.220000267028809,8.220000267028809,8.100000381469727,8.100000381469727,8.100000381469727,3700
2004-10-22,8.100000381469727,8.489999771118164,8.100000381469727,8.399999618530273,8.399999618530273,5200
2004-10-25,8.25,8.760000228881836,8.25,8.760000228881836,8.760000228881836,30400
2004-10-26,8.699999809265137,8.699999809265137,8.010000228881836,8.579999923706055,8.579999923706055,8700
2004-10-27,8.579999923706055,8.729999542236328,8.550000190734863,8.699999809265137,8.699999809265137,11300
2004-10-28,8.399999618530273,8.699999809265137,8.100000381469727,8.699999809265137,8.699999809265137,10600
2004-10-29,8.430000305175781,8.430000305175781,7.5,8.25,8.25,29800
2004-11-01,8.100000381469727,8.100000381469727,7.53000020980835,7.949999809265137,7.949999809265137,24300
2004-11-02,8.100000381469727,8.100000381469727,8.010000228881836,8.069999694824219,8.069999694824219,1100
2004-11-03,8.100000381469727,8.100000381469727,8.069999694824219,8.100000381469727,8.100000381469727,1900
2004-11-04,8.279999732971191,8.399999618530273,8.069999694824219,8.369999885559082,8.369999885559082,12700
2004-11-05,8.1899995803833,8.430000305175781,8.1899995803833,8.399999618530273,8.399999618530273,6500
2004-11-08,8.25,8.34000015258789,8.130000114440918,8.15999984741211,8.15999984741211,2800
2004-11-09,8.039999961853027,8.399999618530273,8.039999961853027,8.399999618530273,8.399999618530273,4600
2004-11-10,8.399999618530273,8.399999618530273,8.279999732971191,8.3100004196167,8.3100004196167,1700
2004-11-11,8.220000267028809,8.640000343322754,8.100000381469727,8.640000343322754,8.640000343322754,4900
2004-11-12,8.1899995803833,8.850000381469727,8.1899995803833,8.489999771118164,8.489999771118164,12000
2004-11-15,8.430000305175781,8.520000457763672,8.100000381469727,8.100000381469727,8.100000381469727,19900
2004-11-16,8.1899995803833,8.550000190734863,8.069999694824219,8.34000015258789,8.34000015258789,4100
2004-11-17,8.399999618530273,8.399999618530273,8.069999694824219,8.069999694824219,8.069999694824219,15400
2004-11-18,8.25,8.430000305175781,8.100000381469727,8.430000305175781,8.430000305175781,3400
2004-11-19,8.130000114440918,8.25,8.130000114440918,8.220000267028809,8.220000267028809,1100
2004-11-22,8.34000015258789,8.430000305175781,8.039999961853027,8.039999961853027,8.039999961853027,20200
2004-11-23,8.069999694824219,8.100000381469727,8.069999694824219,8.100000381469727,8.100000381469727,5300
2004-11-24,8.25,8.279999732971191,8.100000381469727,8.100000381469727,8.100000381469727,6700
2004-11-26,8.15999984741211,8.279999732971191,8.069999694824219,8.1899995803833,8.1899995803833,1800
2004-11-29,8.399999618530273,8.399999618530273,6.900000095367432,8.100000381469727,8.100000381469727,23000
2004-11-30,8.3100004196167,8.3100004196167,8.100000381469727,8.100000381469727,8.100000381469727,0
2004-12-01,7.920000076293945,8.369999885559082,7.920000076293945,8.1899995803833,8.1899995803833,9300
2004-12-02,8.100000381469727,8.15999984741211,7.650000095367432,8.100000381469727,8.100000381469727,60400
2004-12-03,7.710000038146973,8.100000381469727,7.619999885559082,8.100000381469727,8.100000381469727,5300
2004-12-06,8.100000381469727,8.130000114440918,8.100000381469727,8.100000381469727,8.100000381469727,800
2004-12-07,7.650000095367432,8.25,7.650000095367432,8.100000381469727,8.100000381469727,7800
2004-12-08,8.039999961853027,8.100000381469727,8.039999961853027,8.100000381469727,8.100000381469727,4200
2004-12-09,8.039999961853027,8.069999694824219,7.800000190734863,7.949999809265137,7.949999809265137,3100
2004-12-10,8.1899995803833,8.25,7.800000190734863,8.100000381469727,8.100000381469727,5700
2004-12-13,8.25,8.25,8.130000114440918,8.15999984741211,8.15999984741211,500
2004-12-14,8.25,8.3100004196167,8.15999984741211,8.15999984741211,8.15999984741211,6600
2004-12-15,8.3100004196167,8.3100004196167,7.679999828338623,7.949999809265137,7.949999809265137,2500
2004-12-16,7.980000019073486,8.130000114440918,7.889999866485596,7.949999809265137,7.949999809265137,1700
2004-12-17,8.100000381469727,8.15999984741211,7.860000133514404,8.069999694824219,8.069999694824219,3700
2004-12-20,8.369999885559082,8.369999885559082,8.069999694824219,8.130000114440918,8.130000114440918,6200
2004-12-21,8.010000228881836,8.130000114440918,7.949999809265137,8.130000114440918,8.130000114440918,3800
2004-12-22,8.1899995803833,8.25,8.010000228881836,8.010000228881836,8.010000228881836,8200
2004-12-23,8.069999694824219,8.220000267028809,8.010000228881836,8.100000381469727,8.100000381469727,22900
2004-12-27,8.039999961853027,8.25,8.010000228881836,8.15999984741211,8.15999984741211,2100
2004-12-28,8.130000114440918,8.130000114440918,8.039999961853027,8.100000381469727,8.100000381469727,4400
2004-12-29,8.069999694824219,8.1899995803833,8.039999961853027,8.100000381469727,8.100000381469727,15400
2004-12-30,8.069999694824219,8.399999618530273,8.069999694824219,8.069999694824219,8.069999694824219,9200
2004-12-31,7.980000019073486,8.369999885559082,7.889999866485596,8.3100004196167,8.3100004196167,2200
2005-01-03,8.369999885559082,8.640000343322754,8.130000114440918,8.130000114440918,8.130000114440918,14900
2005-01-04,8.25,8.3100004196167,7.949999809265137,8.25,8.25,25300
2005-01-05,8.15999984741211,8.15999984741211,8.039999961853027,8.15999984741211,8.15999984741211,1800
2005-01-06,8.15999984741211,8.25,7.949999809265137,8.100000381469727,8.100000381469727,5500
2005-01-07,8.100000381469727,8.15999984741211,7.949999809265137,8.15999984741211,8.15999984741211,19800
2005-01-10,8.520000457763672,8.520000457763672,8.130000114440918,8.34000015258789,8.34000015258789,4700
2005-01-11,8.369999885559082,8.369999885559082,8.100000381469727,8.279999732971191,8.279999732971191,2000
2005-01-12,8.279999732971191,8.279999732971191,8.100000381469727,8.1899995803833,8.1899995803833,2900
2005-01-13,8.069999694824219,8.100000381469727,7.980000019073486,8.069999694824219,8.069999694824219,6000
2005-01-14,8.010000228881836,8.100000381469727,8.010000228881836,8.010000228881836,8.010000228881836,2500
2005-01-18,8.279999732971191,8.279999732971191,7.949999809265137,8.100000381469727,8.100000381469727,3100
2005-01-19,8.100000381469727,8.369999885559082,8.100000381469727,8.15999984741211,8.15999984741211,16700
2005-01-20,8.34000015258789,8.670000076293945,8.34000015258789,8.670000076293945,8.670000076293945,3500
2005-01-21,8.819999694824219,9.600000381469728,8.819999694824219,8.90999984741211,8.90999984741211,12300
2005-01-24,9.239999771118164,9.239999771118164,8.9399995803833,9.149999618530272,9.149999618530272,3500
2005-01-25,9.119999885559082,9.300000190734863,8.760000228881836,9.300000190734863,9.300000190734863,7800
2005-01-26,9.449999809265137,9.449999809265137,9.0600004196167,9.239999771118164,9.239999771118164,8100
2005-01-27,9.449999809265137,9.989999771118164,9.270000457763672,9.539999961853027,9.539999961853027,140200
2005-01-28,9.600000381469728,9.600000381469728,9.359999656677246,9.359999656677246,9.359999656677246,14300
2005-01-31,9.18000030517578,9.510000228881836,8.699999809265137,9.300000190734863,9.300000190734863,10900
2005-02-01,9.56999969482422,9.56999969482422,9.359999656677246,9.449999809265137,9.449999809265137,2800
2005-02-02,9.18000030517578,9.300000190734863,9.029999732971191,9.300000190734863,9.300000190734863,1500
2005-02-03,8.670000076293945,9.239999771118164,8.3100004196167,9.210000038146973,9.210000038146973,1500
2005-02-04,9.239999771118164,9.300000190734863,9.149999618530272,9.149999618530272,9.149999618530272,3500
2005-02-07,9.600000381469728,9.600000381469728,9.300000190734863,9.600000381469728,9.600000381469728,50100
2005-02-08,9.600000381469728,9.600000381469728,9.449999809265137,9.479999542236328,9.479999542236328,6200
2005-02-09,9.600000381469728,9.600000381469728,9.449999809265137,9.600000381469728,9.600000381469728,8100
2005-02-10,9.449999809265137,9.960000038146973,9.449999809265137,9.869999885559082,9.869999885559082,13300
2005-02-11,9.720000267028809,9.899999618530272,9.600000381469728,9.899999618530272,9.899999618530272,14800
2005-02-14,9.630000114440918,9.899999618530272,9.300000190734863,9.390000343322754,9.390000343322754,30600
2005-02-15,9.420000076293944,9.420000076293944,7.559999942779541,8.550000190734863,8.550000190734863,70200
2005-02-16,8.489999771118164,8.880000114440918,8.489999771118164,8.550000190734863,8.550000190734863,16300
2005-02-17,8.699999809265137,9.149999618530272,8.699999809265137,9.0,9.0,5100
2005-02-18,8.90999984741211,9.0,8.90999984741211,9.0,9.0,1900
2005-02-22,9.270000457763672,9.270000457763672,9.0,9.0,9.0,6900
2005-02-23,8.880000114440918,9.149999618530272,8.880000114440918,9.149999618530272,9.149999618530272,8400
2005-02-24,8.850000381469727,9.119999885559082,8.819999694824219,9.119999885559082,9.119999885559082,1900
2005-02-25,8.970000267028809,9.0,8.970000267028809,9.0,9.0,2100
2005-02-28,8.819999694824219,9.0,8.789999961853027,9.0,9.0,9900
2005-03-01,8.90999984741211,8.90999984741211,8.819999694824219,8.850000381469727,8.850000381469727,1500
2005-03-02,8.850000381469727,8.850000381469727,8.609999656677246,8.729999542236328,8.729999542236328,1700
2005-03-03,8.520000457763672,9.0,8.460000038146973,8.760000228881836,8.760000228881836,4000
2005-03-04,8.850000381469727,9.0,8.850000381469727,8.880000114440918,8.880000114440918,5500
2005-03-07,8.699999809265137,8.729999542236328,8.279999732971191,8.640000343322754,8.640000343322754,5100
2005-03-08,8.609999656677246,8.850000381469727,8.430000305175781,8.699999809265137,8.699999809265137,8200
2005-03-09,8.819999694824219,9.029999732971191,8.609999656677246,8.609999656677246,8.609999656677246,38600
2005-03-10,8.640000343322754,8.699999809265137,8.609999656677246,8.699999809265137,8.699999809265137,3700
2005-03-11,8.789999961853027,8.789999961853027,8.640000343322754,8.640000343322754,8.640000343322754,1700
2005-03-14,8.699999809265137,8.699999809265137,8.25,8.670000076293945,8.670000076293945,10500
2005-03-15,8.729999542236328,8.729999542236328,8.25,8.34000015258789,8.34000015258789,1500
2005-03-16,8.34000015258789,8.640000343322754,8.34000015258789,8.550000190734863,8.550000190734863,2200
2005-03-17,8.279999732971191,8.3100004196167,8.25,8.25,8.25,12100
2005-03-18,8.279999732971191,8.460000038146973,8.25,8.460000038146973,8.460000038146973,900
2005-03-21,8.520000457763672,8.520000457763672,8.25,8.25,8.25,4700
2005-03-22,8.399999618530273,8.399999618530273,8.279999732971191,8.279999732971191,8.279999732971191,2000
2005-03-23,8.520000457763672,8.520000457763672,8.3100004196167,8.399999618530273,8.399999618530273,5900
2005-03-24,8.430000305175781,8.550000190734863,8.25,8.25,8.25,6800
2005-03-28,8.34000015258789,8.34000015258789,8.25,8.34000015258789,8.34000015258789,400
2005-03-29,8.1899995803833,8.369999885559082,8.1899995803833,8.279999732971191,8.279999732971191,12700
2005-03-30,8.15999984741211,8.25,8.100000381469727,8.100000381469727,8.100000381469727,8900
2005-03-31,8.15999984741211,8.1899995803833,8.15999984741211,8.1899995803833,8.1899995803833,300
2005-04-01,8.15999984741211,8.34000015258789,8.130000114440918,8.34000015258789,8.34000015258789,3000
2005-04-04,8.399999618530273,8.399999618530273,8.25,8.369999885559082,8.369999885559082,3600
2005-04-05,8.1899995803833,8.279999732971191,8.1899995803833,8.25,8.25,1500
2005-04-06,8.25,8.399999618530273,8.25,8.399999618530273,8.399999618530273,5600
2005-04-07,8.399999618530273,8.399999618530273,8.34000015258789,8.34000015258789,8.34000015258789,9300
2005-04-08,8.279999732971191,8.3100004196167,8.25,8.25,8.25,10600
2005-04-11,8.399999618530273,8.399999618530273,8.100000381469727,8.100000381469727,8.100000381469727,20100
2005-04-12,8.100000381469727,8.130000114440918,7.949999809265137,8.010000228881836,8.010000228881836,5800
2005-04-13,7.949999809265137,8.010000228881836,7.800000190734863,7.800000190734863,7.800000190734863,21200
2005-04-14,7.800000190734863,7.829999923706055,7.650000095367432,7.710000038146973,7.710000038146973,3400
2005-04-15,7.980000019073486,8.220000267028809,7.650000095367432,8.220000267028809,8.220000267028809,14800
2005-04-18,8.25,8.279999732971191,7.800000190734863,7.949999809265137,7.949999809265137,5800
2005-04-19,8.25,8.25,7.650000095367432,8.100000381469727,8.100000381469727,1800
2005-04-20,8.1899995803833,8.25,7.949999809265137,8.010000228881836,8.010000228881836,2800
2005-04-21,8.100000381469727,8.100000381469727,7.800000190734863,7.860000133514404,7.860000133514404,2100
2005-04-22,7.829999923706055,7.920000076293945,7.53000020980835,7.739999771118164,7.739999771118164,16700
2005-04-25,7.5,7.800000190734863,7.409999847412109,7.619999885559082,7.619999885559082,9700
2005-04-26,7.619999885559082,7.710000038146973,7.5,7.5,7.5,2000
2005-04-27,7.5,7.650000095367432,7.199999809265137,7.650000095367432,7.650000095367432,5400
2005-04-28,7.53000020980835,8.1899995803833,7.53000020980835,8.15999984741211,8.15999984741211,4800
2005-04-29,7.829999923706055,7.829999923706055,7.829999923706055,7.829999923706055,7.829999923706055,100
2005-05-02,8.039999961853027,8.15999984741211,7.559999942779541,8.100000381469727,8.100000381469727,1800
2005-05-03,7.949999809265137,8.069999694824219,7.949999809265137,8.039999961853027,8.039999961853027,700
2005-05-04,8.100000381469727,8.100000381469727,8.100000381469727,8.100000381469727,8.100000381469727,2600
2005-05-05,7.889999866485596,8.399999618530273,7.230000019073486,7.679999828338623,7.679999828338623,2400
2005-05-06,7.829999923706055,8.369999885559082,7.349999904632568,8.1899995803833,8.1899995803833,3000
2005-05-09,7.769999980926514,7.949999809265137,7.349999904632568,7.53000020980835,7.53000020980835,3000
2005-05-10,7.739999771118164,8.369999885559082,7.5,8.369999885559082,8.369999885559082,1900
2005-05-11,8.220000267028809,8.25,8.100000381469727,8.15999984741211,8.15999984741211,2900
2005-05-12,8.100000381469727,8.279999732971191,8.039999961853027,8.220000267028809,8.220000267028809,2900
2005-05-13,8.220000267028809,8.9399995803833,8.220000267028809,8.699999809265137,8.699999809265137,27700
2005-05-16,8.699999809265137,9.0,8.520000457763672,8.699999809265137,8.699999809265137,18400
2005-05-17,8.670000076293945,8.880000114440918,8.520000457763672,8.699999809265137,8.699999809265137,12100
2005-05-18,8.699999809265137,8.880000114440918,8.520000457763672,8.699999809265137,8.699999809265137,15400
2005-05-19,8.850000381469727,9.420000076293944,8.850000381469727,9.18000030517578,9.18000030517578,70800
2005-05-20,9.420000076293944,9.899999618530272,9.210000038146973,9.600000381469728,9.600000381469728,43600
2005-05-23,9.869999885559082,10.40999984741211,9.720000267028809,10.050000190734863,10.050000190734863,123400
2005-05-24,10.020000457763672,10.350000381469728,9.93000030517578,9.989999771118164,9.989999771118164,24600
2005-05-25,10.170000076293944,10.289999961853027,9.960000038146973,9.960000038146973,9.960000038146973,11900
2005-05-26,9.899999618530272,10.199999809265137,9.600000381469728,9.899999618530272,9.899999618530272,9100
2005-05-27,9.869999885559082,9.869999885559082,9.56999969482422,9.630000114440918,9.630000114440918,6100
2005-05-31,9.630000114440918,9.779999732971191,9.600000381469728,9.630000114440918,9.630000114440918,1900
2005-06-01,9.6899995803833,9.899999618530272,9.56999969482422,9.899999618530272,9.899999618530272,5000
2005-06-02,10.050000190734863,10.31999969482422,9.75,10.31999969482422,10.31999969482422,3500
2005-06-03,10.350000381469728,10.800000190734863,10.289999961853027,10.68000030517578,10.68000030517578,10600
2005-06-06,10.770000457763672,10.770000457763672,9.84000015258789,9.989999771118164,9.989999771118164,15500
2005-06-07,9.75,10.260000228881836,9.300000190734863,9.8100004196167,9.8100004196167,58700
2005-06-08,9.84000015258789,10.59000015258789,9.6899995803833,9.899999618530272,9.899999618530272,9200
2005-06-09,9.93000030517578,10.170000076293944,9.93000030517578,10.170000076293944,10.170000076293944,200
2005-06-10,9.899999618530272,10.050000190734863,9.869999885559082,9.93000030517578,9.93000030517578,2800
2005-06-13,9.270000457763672,9.93000030517578,9.270000457763672,9.75,9.75,2500
2005-06-14,9.329999923706056,10.050000190734863,9.329999923706056,9.75,9.75,1600
2005-06-15,9.75,10.079999923706056,9.75,9.93000030517578,9.93000030517578,7500
2005-06-16,9.8100004196167,9.960000038146973,9.449999809265137,9.8100004196167,9.8100004196167,3500
2005-06-17,9.779999732971191,9.8100004196167,9.449999809265137,9.600000381469728,9.600000381469728,4500
2005-06-20,9.600000381469728,9.75,9.449999809265137,9.600000381469728,9.600000381469728,16900
2005-06-21,9.630000114440918,9.75,9.539999961853027,9.65999984741211,9.65999984741211,8100
2005-06-22,9.65999984741211,10.5,9.600000381469728,9.75,9.75,9400
2005-06-23,9.779999732971191,10.020000457763672,9.779999732971191,10.020000457763672,10.020000457763672,600
2005-06-24,9.899999618530272,9.899999618530272,9.84000015258789,9.899999618530272,9.899999618530272,2200
2005-06-27,9.93000030517578,10.109999656677246,9.93000030517578,10.020000457763672,10.020000457763672,1100
2005-06-28,9.84000015258789,9.869999885559082,9.600000381469728,9.779999732971191,9.779999732971191,6000
2005-06-29,9.899999618530272,10.5,9.779999732971191,9.779999732971191,9.779999732971191,4400
2005-06-30,9.8100004196167,10.140000343322754,9.8100004196167,10.140000343322754,10.140000343322754,2200
2005-07-01,9.93000030517578,10.020000457763672,9.720000267028809,9.899999618530272,9.899999618530272,1600
2005-07-05,9.630000114440918,10.31999969482422,9.630000114440918,10.31999969482422,10.31999969482422,4300
2005-07-06,10.350000381469728,10.350000381469728,10.079999923706056,10.199999809265137,10.199999809265137,6600
2005-07-07,9.899999618530272,10.050000190734863,9.899999618530272,10.050000190734863,10.050000190734863,2300
2005-07-08,9.329999923706056,9.600000381469728,8.789999961853027,9.0,9.0,59800
2005-07-11,8.850000381469727,8.90999984741211,8.640000343322754,8.670000076293945,8.670000076293945,23600
2005-07-12,9.510000228881836,9.510000228881836,8.100000381469727,8.15999984741211,8.15999984741211,120500
2005-07-13,8.100000381469727,9.239999771118164,8.069999694824219,8.9399995803833,8.9399995803833,18800
2005-07-14,9.0,9.239999771118164,8.550000190734863,8.970000267028809,8.970000267028809,12900
2005-07-15,8.34000015258789,9.09000015258789,8.3100004196167,8.640000343322754,8.640000343322754,6900
2005-07-18,8.760000228881836,8.970000267028809,8.550000190734863,8.609999656677246,8.609999656677246,36300
2005-07-19,8.729999542236328,8.9399995803833,8.550000190734863,8.609999656677246,8.609999656677246,13000
2005-07-20,8.609999656677246,8.729999542236328,8.609999656677246,8.609999656677246,8.609999656677246,4000
2005-07-21,8.3100004196167,8.640000343322754,8.3100004196167,8.609999656677246,8.609999656677246,9900
2005-07-22,8.609999656677246,9.0,8.609999656677246,8.970000267028809,8.970000267028809,4000
2005-07-25,8.970000267028809,8.970000267028809,8.550000190734863,8.760000228881836,8.760000228881836,28900
2005-07-26,8.819999694824219,8.9399995803833,8.550000190734863,8.9399995803833,8.9399995803833,2900
2005-07-27,8.699999809265137,8.699999809265137,8.550000190734863,8.550000190734863,8.550000190734863,5200
2005-07-28,8.760000228881836,9.0,8.699999809265137,8.729999542236328,8.729999542236328,900
2005-07-29,8.819999694824219,8.819999694824219,8.729999542236328,8.760000228881836,8.760000228881836,1100
2005-08-01,8.460000038146973,8.699999809265137,8.130000114440918,8.550000190734863,8.550000190734863,86100
2005-08-02,8.25,8.819999694824219,8.25,8.699999809265137,8.699999809265137,3100
2005-08-03,8.670000076293945,8.670000076293945,8.399999618530273,8.550000190734863,8.550000190734863,1100
2005-08-04,8.399999618530273,8.819999694824219,8.399999618530273,8.550000190734863,8.550000190734863,2900
2005-08-05,8.430000305175781,8.489999771118164,8.430000305175781,8.489999771118164,8.489999771118164,1200
2005-08-08,8.550000190734863,8.729999542236328,8.550000190734863,8.729999542236328,8.729999542236328,1600
2005-08-09,8.579999923706055,9.210000038146973,8.550000190734863,9.029999732971191,9.029999732971191,4700
2005-08-10,9.149999618530272,9.239999771118164,9.0,9.239999771118164,9.239999771118164,4800
2005-08-11,9.239999771118164,9.270000457763672,9.0,9.029999732971191,9.029999732971191,1000
2005-08-12,8.9399995803833,9.0600004196167,8.609999656677246,8.9399995803833,8.9399995803833,4300
2005-08-15,9.0600004196167,9.09000015258789,8.789999961853027,8.90999984741211,8.90999984741211,2100
2005-08-16,9.149999618530272,9.149999618530272,8.850000381469727,9.119999885559082,9.119999885559082,2900
2005-08-17,9.149999618530272,9.149999618530272,8.970000267028809,8.970000267028809,8.970000267028809,900
2005-08-18,8.850000381469727,9.09000015258789,8.850000381469727,8.90999984741211,8.90999984741211,6400
2005-08-19,9.029999732971191,9.029999732971191,9.0,9.0,9.0,100
2005-08-22,9.09000015258789,9.09000015258789,8.550000190734863,8.819999694824219,8.819999694824219,11700
2005-08-23,8.789999961853027,8.789999961853027,8.609999656677246,8.670000076293945,8.670000076293945,6500
2005-08-24,8.819999694824219,8.819999694824219,8.609999656677246,8.699999809265137,8.699999809265137,3800
2005-08-25,8.699999809265137,8.699999809265137,8.699999809265137,8.699999809265137,8.699999809265137,2600
2005-08-26,8.579999923706055,8.699999809265137,8.579999923706055,8.609999656677246,8.609999656677246,2100
2005-08-29,8.880000114440918,8.90999984741211,8.579999923706055,8.880000114440918,8.880000114440918,12200
2005-08-30,8.640000343322754,8.9399995803833,8.579999923706055,8.819999694824219,8.819999694824219,2200
2005-08-31,8.670000076293945,9.270000457763672,8.640000343322754,9.239999771118164,9.239999771118164,14800
2005-09-01,9.239999771118164,9.300000190734863,9.18000030517578,9.210000038146973,9.210000038146973,6900
2005-09-02,9.390000343322754,9.390000343322754,9.0600004196167,9.18000030517578,9.18000030517578,8700
2005-09-06,9.449999809265137,10.050000190734863,9.149999618530272,9.75,9.75,67900
2005-09-07,10.050000190734863,10.050000190734863,9.119999885559082,9.449999809265137,9.449999809265137,97900
2005-09-08,9.359999656677246,9.600000381469728,9.329999923706056,9.539999961853027,9.539999961853027,19400
2005-09-09,9.600000381469728,9.75,9.600000381469728,9.630000114440918,9.630000114440918,16400
2005-09-12,9.75,10.770000457763672,9.600000381469728,10.739999771118164,10.739999771118164,180300
2005-09-13,10.859999656677246,11.670000076293944,10.770000457763672,11.1899995803833,11.1899995803833,104600
2005-09-14,11.25,11.550000190734863,10.829999923706056,11.130000114440918,11.130000114440918,42800
2005-09-15,11.039999961853027,11.039999961853027,10.40999984741211,10.40999984741211,10.40999984741211,16800
2005-09-16,10.40999984741211,10.800000190734863,10.140000343322754,10.5,10.5,23200
2005-09-19,10.649999618530272,10.649999618530272,9.899999618530272,10.470000267028809,10.470000267028809,13900
2005-09-20,10.079999923706056,10.529999732971191,9.899999618530272,10.050000190734863,10.050000190734863,14600
2005-09-21,9.899999618530272,10.199999809265137,9.899999618530272,10.140000343322754,10.140000343322754,9600
2005-09-22,9.989999771118164,9.989999771118164,9.300000190734863,9.630000114440918,9.630000114440918,24100
2005-09-23,9.75,9.75,9.449999809265137,9.630000114440918,9.630000114440918,8300
2005-09-26,9.93000030517578,9.960000038146973,9.56999969482422,9.600000381469728,9.600000381469728,9200
2005-09-27,9.510000228881836,9.75,9.300000190734863,9.720000267028809,9.720000267028809,16100
2005-09-28,9.75,9.93000030517578,9.449999809265137,9.630000114440918,9.630000114440918,9400
2005-09-29,9.479999542236328,9.630000114440918,9.449999809265137,9.600000381469728,9.600000381469728,5100
2005-09-30,9.479999542236328,10.4399995803833,9.449999809265137,10.199999809265137,10.199999809265137,14500
2005-10-03,10.199999809265137,10.5,10.199999809265137,10.5,10.5,5400
2005-10-04,10.710000038146973,10.710000038146973,9.449999809265137,10.350000381469728,10.350000381469728,19800
2005-10-05,10.4399995803833,10.770000457763672,10.170000076293944,10.229999542236328,10.229999542236328,11700
2005-10-06,10.109999656677246,10.5600004196167,9.93000030517578,10.470000267028809,10.470000267028809,7700
2005-10-07,10.4399995803833,10.4399995803833,9.989999771118164,10.079999923706056,10.079999923706056,1300
2005-10-10,10.199999809265137,10.31999969482422,10.079999923706056,10.140000343322754,10.140000343322754,3500
2005-10-11,10.199999809265137,10.289999961853027,9.779999732971191,9.899999618530272,9.899999618530272,4100
2005-10-12,9.93000030517578,9.93000030517578,9.75,9.75,9.75,7100
2005-10-13,9.65999984741211,9.75,9.56999969482422,9.600000381469728,9.600000381469728,8100
2005-10-14,9.869999885559082,10.4399995803833,9.539999961853027,9.989999771118164,9.989999771118164,10800
2005-10-17,10.050000190734863,10.40999984741211,9.65999984741211,10.170000076293944,10.170000076293944,7300
2005-10-18,9.960000038146973,10.350000381469728,9.960000038146973,10.050000190734863,10.050000190734863,2700
2005-10-19,10.050000190734863,10.380000114440918,10.050000190734863,10.31999969482422,10.31999969482422,1100
2005-10-20,10.289999961853027,10.31999969482422,10.020000457763672,10.020000457763672,10.020000457763672,1100
2005-10-21,9.960000038146973,9.960000038146973,9.8100004196167,9.8100004196167,9.8100004196167,1900
2005-10-24,9.8100004196167,9.989999771118164,9.75,9.779999732971191,9.779999732971191,11200
2005-10-25,9.899999618530272,10.199999809265137,9.899999618530272,9.899999618530272,9.899999618530272,11300
2005-10-26,9.899999618530272,9.93000030517578,9.869999885559082,9.869999885559082,9.869999885559082,7200
2005-10-27,9.869999885559082,9.869999885559082,9.869999885559082,9.869999885559082,9.869999885559082,4400
2005-10-28,9.899999618530272,10.140000343322754,9.869999885559082,9.899999618530272,9.899999618530272,3700
2005-10-31,10.140000343322754,10.260000228881836,9.56999969482422,10.199999809265137,10.199999809265137,6600
2005-11-01,9.869999885559082,10.350000381469728,9.869999885559082,10.199999809265137,10.199999809265137,11500
2005-11-02,10.470000267028809,10.619999885559082,10.350000381469728,10.619999885559082,10.619999885559082,33500
2005-11-03,10.800000190734863,10.800000190734863,10.5600004196167,10.5600004196167,10.5600004196167,17100
2005-11-04,10.5600004196167,10.800000190734863,10.5,10.710000038146973,10.710000038146973,6800
2005-11-07,10.800000190734863,10.800000190734863,10.5,10.800000190734863,10.800000190734863,17500
2005-11-08,10.800000190734863,10.800000190734863,10.5600004196167,10.800000190734863,10.800000190734863,6000
2005-11-09,10.649999618530272,10.800000190734863,10.5600004196167,10.710000038146973,10.710000038146973,8300
2005-11-10,10.800000190734863,10.800000190734863,10.800000190734863,10.800000190734863,10.800000190734863,4100
2005-11-11,10.800000190734863,10.800000190734863,10.199999809265137,10.5,10.5,14800
2005-11-14,10.199999809265137,10.800000190734863,9.75,9.75,9.75,74500
2005-11-15,7.5,7.860000133514404,6.75,7.53000020980835,7.53000020980835,375700
2005-11-16,7.5,7.860000133514404,7.409999847412109,7.53000020980835,7.53000020980835,39600
2005-11-17,7.800000190734863,7.800000190734863,7.5,7.53000020980835,7.53000020980835,38000
2005-11-18,7.650000095367432,7.650000095367432,7.440000057220459,7.5,7.5,30400
2005-11-21,7.440000057220459,7.679999828338623,7.440000057220459,7.53000020980835,7.53000020980835,21000
2005-11-22,7.5,7.559999942779541,7.5,7.53000020980835,7.53000020980835,6500
2005-11-23,7.53000020980835,7.53000020980835,7.440000057220459,7.53000020980835,7.53000020980835,6900
2005-11-25,7.349999904632568,7.5,7.320000171661377,7.320000171661377,7.320000171661377,7700
2005-11-28,7.5,7.5,7.139999866485596,7.46999979019165,7.46999979019165,22700
2005-11-29,7.320000171661377,7.53000020980835,7.320000171661377,7.46999979019165,7.46999979019165,30900
2005-11-30,7.409999847412109,7.53000020980835,7.409999847412109,7.5,7.5,7100
2005-12-01,7.559999942779541,7.619999885559082,7.440000057220459,7.590000152587891,7.590000152587891,17300
2005-12-02,7.590000152587891,7.650000095367432,7.230000019073486,7.5,7.5,18900
2005-12-05,7.5,7.5,7.199999809265137,7.46999979019165,7.46999979019165,6100
2005-12-06,7.5,7.5,7.409999847412109,7.409999847412109,7.409999847412109,8600
2005-12-07,7.380000114440918,7.5,7.349999904632568,7.380000114440918,7.380000114440918,9300
2005-12-08,7.349999904632568,7.440000057220459,7.349999904632568,7.440000057220459,7.440000057220459,4900
2005-12-09,7.349999904632568,7.5,7.349999904632568,7.5,7.5,3500
2005-12-12,7.440000057220459,7.5,7.409999847412109,7.5,7.5,3100
2005-12-13,7.349999904632568,7.5,7.289999961853027,7.380000114440918,7.380000114440918,12300
2005-12-14,7.260000228881836,7.650000095367432,6.269999980926514,7.5,7.5,50700
2005-12-15,7.409999847412109,7.46999979019165,7.349999904632568,7.409999847412109,7.409999847412109,61700
2005-12-16,7.349999904632568,7.440000057220459,7.289999961853027,7.289999961853027,7.289999961853027,10400
2005-12-19,7.230000019073486,7.440000057220459,6.960000038146973,7.289999961853027,7.289999961853027,14100
2005-12-20,7.260000228881836,7.320000171661377,7.139999866485596,7.170000076293945,7.170000076293945,6400
2005-12-21,7.260000228881836,7.320000171661377,7.199999809265137,7.199999809265137,7.199999809265137,6000
2005-12-22,7.199999809265137,7.380000114440918,7.139999866485596,7.349999904632568,7.349999904632568,8900
2005-12-23,7.079999923706055,7.53000020980835,7.079999923706055,7.380000114440918,7.380000114440918,6200
2005-12-27,7.170000076293945,7.53000020980835,7.019999980926514,7.199999809265137,7.199999809265137,7700
2005-12-28,7.230000019073486,7.46999979019165,7.230000019073486,7.349999904632568,7.349999904632568,13600
2005-12-29,7.320000171661377,7.5,7.260000228881836,7.409999847412109,7.409999847412109,11700
2005-12-30,7.349999904632568,7.440000057220459,7.260000228881836,7.349999904632568,7.349999904632568,11600
2006-01-03,7.349999904632568,7.559999942779541,7.349999904632568,7.349999904632568,7.349999904632568,22700
2006-01-04,7.260000228881836,7.349999904632568,7.260000228881836,7.349999904632568,7.349999904632568,3400
2006-01-05,7.289999961853027,7.800000190734863,7.139999866485596,7.800000190734863,7.800000190734863,44200
2006-01-06,7.619999885559082,8.100000381469727,7.619999885559082,7.650000095367432,7.650000095367432,51500
2006-01-09,7.949999809265137,7.949999809265137,7.650000095367432,7.650000095367432,7.650000095367432,7500
2006-01-10,7.559999942779541,7.889999866485596,7.440000057220459,7.739999771118164,7.739999771118164,6200
2006-01-11,7.739999771118164,7.889999866485596,7.739999771118164,7.889999866485596,7.889999866485596,500
2006-01-12,7.949999809265137,8.010000228881836,7.679999828338623,7.949999809265137,7.949999809265137,4500
2006-01-13,7.980000019073486,7.980000019073486,7.800000190734863,7.920000076293945,7.920000076293945,2300
2006-01-17,8.010000228881836,8.010000228881836,7.679999828338623,7.920000076293945,7.920000076293945,5400
2006-01-18,7.860000133514404,7.949999809265137,7.679999828338623,7.679999828338623,7.679999828338623,6400
2006-01-19,7.980000019073486,7.980000019073486,7.650000095367432,7.980000019073486,7.980000019073486,3400
2006-01-20,7.829999923706055,7.980000019073486,7.650000095367432,7.980000019073486,7.980000019073486,4200
2006-01-23,8.010000228881836,8.010000228881836,7.800000190734863,7.829999923706055,7.829999923706055,2200
2006-01-24,7.889999866485596,7.889999866485596,7.889999866485596,7.889999866485596,7.889999866485596,1100
2006-01-25,7.800000190734863,7.800000190734863,7.739999771118164,7.800000190734863,7.800000190734863,4000
2006-01-26,7.710000038146973,7.829999923706055,7.710000038146973,7.829999923706055,7.829999923706055,9900
2006-01-27,7.920000076293945,7.980000019073486,7.860000133514404,7.860000133514404,7.860000133514404,8800
2006-01-30,7.829999923706055,7.949999809265137,7.829999923706055,7.949999809265137,7.949999809265137,1200
2006-01-31,7.860000133514404,7.980000019073486,7.829999923706055,7.949999809265137,7.949999809265137,3900
2006-02-01,7.949999809265137,8.579999923706055,7.949999809265137,8.34000015258789,8.34000015258789,15600
2006-02-02,8.069999694824219,8.609999656677246,8.069999694824219,8.279999732971191,8.279999732971191,6200
2006-02-03,8.279999732971191,8.279999732971191,7.800000190734863,7.829999923706055,7.829999923706055,8500
2006-02-06,8.369999885559082,8.399999618530273,7.860000133514404,8.039999961853027,8.039999961853027,500
2006-02-07,8.25,8.25,7.800000190734863,7.800000190734863,7.800000190734863,10800
2006-02-08,7.800000190734863,7.980000019073486,7.800000190734863,7.920000076293945,7.920000076293945,7300
2006-02-09,8.069999694824219,8.100000381469727,7.800000190734863,7.800000190734863,7.800000190734863,7600
2006-02-10,7.349999904632568,7.739999771118164,6.900000095367432,7.349999904632568,7.349999904632568,32900
2006-02-13,7.349999904632568,7.860000133514404,7.199999809265137,7.800000190734863,7.800000190734863,12400
2006-02-14,7.769999980926514,7.800000190734863,7.710000038146973,7.710000038146973,7.710000038146973,9600
2006-02-15,7.679999828338623,7.800000190734863,7.679999828338623,7.679999828338623,7.679999828338623,2600
2006-02-16,7.739999771118164,7.800000190734863,7.739999771118164,7.800000190734863,7.800000190734863,3300
2006-02-17,7.769999980926514,7.829999923706055,6.989999771118164,7.800000190734863,7.800000190734863,10900
2006-02-21,7.800000190734863,7.860000133514404,7.559999942779541,7.559999942779541,7.559999942779541,10800
2006-02-22,7.619999885559082,7.619999885559082,7.5,7.590000152587891,7.590000152587891,1300
2006-02-23,7.590000152587891,7.650000095367432,7.440000057220459,7.440000057220459,7.440000057220459,3600
2006-02-24,7.440000057220459,7.619999885559082,7.349999904632568,7.590000152587891,7.590000152587891,10600
2006-02-27,7.5,7.889999866485596,7.380000114440918,7.53000020980835,7.53000020980835,2000
2006-02-28,7.53000020980835,7.889999866485596,6.869999885559082,7.769999980926514,7.769999980926514,31500
2006-03-01,7.710000038146973,7.800000190734863,7.320000171661377,7.679999828338623,7.679999828338623,20900
2006-03-02,7.619999885559082,7.650000095367432,7.5,7.619999885559082,7.619999885559082,1000
2006-03-03,7.650000095367432,7.650000095367432,7.380000114440918,7.5,7.5,1000
2006-03-06,7.5,7.53000020980835,7.5,7.5,7.5,700
2006-03-07,7.260000228881836,7.46999979019165,7.260000228881836,7.46999979019165,7.46999979019165,1700
2006-03-08,7.5,7.5,7.260000228881836,7.380000114440918,7.380000114440918,9000
2006-03-09,7.260000228881836,7.800000190734863,7.260000228881836,7.619999885559082,7.619999885559082,18100
2006-03-10,7.800000190734863,7.800000190734863,7.5,7.619999885559082,7.619999885559082,13800
2006-03-13,7.53000020980835,7.769999980926514,7.289999961853027,7.650000095367432,7.650000095367432,20200
2006-03-14,7.769999980926514,7.769999980926514,7.46999979019165,7.590000152587891,7.590000152587891,4600
2006-03-15,7.650000095367432,7.650000095367432,7.5,7.590000152587891,7.590000152587891,4700
2006-03-16,7.53000020980835,7.53000020980835,7.440000057220459,7.440000057220459,7.440000057220459,2100
2006-03-17,7.619999885559082,7.619999885559082,7.230000019073486,7.349999904632568,7.349999904632568,11800
2006-03-20,7.349999904632568,7.590000152587891,7.349999904632568,7.380000114440918,7.380000114440918,9600
2006-03-21,7.260000228881836,7.619999885559082,7.260000228881836,7.260000228881836,7.260000228881836,7700
2006-03-22,7.590000152587891,7.590000152587891,7.079999923706055,7.349999904632568,7.349999904632568,7500
2006-03-23,7.349999904632568,7.349999904632568,7.170000076293945,7.289999961853027,7.289999961853027,10500
2006-03-24,7.349999904632568,7.349999904632568,7.230000019073486,7.230000019073486,7.230000019073486,2800
2006-03-27,7.349999904632568,7.349999904632568,7.260000228881836,7.289999961853027,7.289999961853027,7600
2006-03-28,7.110000133514404,7.5,7.110000133514404,7.289999961853027,7.289999961853027,1900
2006-03-29,7.46999979019165,7.5,7.139999866485596,7.139999866485596,7.139999866485596,6500
2006-03-30,7.320000171661377,7.46999979019165,7.260000228881836,7.320000171661377,7.320000171661377,4100
2006-03-31,7.170000076293945,7.440000057220459,7.170000076293945,7.380000114440918,7.380000114440918,4200
2006-04-03,7.46999979019165,7.53000020980835,7.349999904632568,7.5,7.5,13600
2006-04-04,7.619999885559082,7.619999885559082,7.349999904632568,7.590000152587891,7.590000152587891,3500
2006-04-05,7.619999885559082,7.619999885559082,7.409999847412109,7.409999847412109,7.409999847412109,1000
2006-04-06,7.230000019073486,7.590000152587891,7.230000019073486,7.349999904632568,7.349999904632568,700
2006-04-07,7.349999904632568,7.53000020980835,7.289999961853027,7.289999961853027,7.289999961853027,3000
2006-04-10,7.260000228881836,7.289999961853027,7.230000019073486,7.260000228881836,7.260000228881836,2600
2006-04-11,7.260000228881836,7.559999942779541,7.110000133514404,7.110000133514404,7.110000133514404,7800
2006-04-12,7.199999809265137,7.199999809265137,7.050000190734863,7.199999809265137,7.199999809265137,8500
2006-04-13,7.170000076293945,7.199999809265137,7.050000190734863,7.050000190734863,7.050000190734863,12600
2006-04-17,6.900000095367432,7.050000190734863,5.760000228881836,5.789999961853027,5.789999961853027,84300
2006-04-18,5.849999904632568,5.96999979019165,5.28000020980835,5.849999904632568,5.849999904632568,71900
2006-04-19,5.730000019073486,5.940000057220459,5.670000076293945,5.670000076293945,5.670000076293945,42700
2006-04-20,5.550000190734863,5.789999961853027,5.550000190734863,5.579999923706055,5.579999923706055,11200
2006-04-21,5.340000152587891,5.760000228881836,5.309999942779541,5.699999809265137,5.699999809265137,9100
2006-04-24,5.550000190734863,5.699999809265137,5.460000038146973,5.489999771118164,5.489999771118164,12900
2006-04-25,5.489999771118164,5.639999866485596,5.429999828338623,5.429999828338623,5.429999828338623,12600
2006-04-26,5.309999942779541,5.550000190734863,5.309999942779541,5.400000095367432,5.400000095367432,23000
2006-04-27,5.489999771118164,5.489999771118164,5.369999885559082,5.400000095367432,5.400000095367432,9200
2006-04-28,5.309999942779541,5.550000190734863,5.309999942779541,5.550000190734863,5.550000190734863,4000
2006-05-01,5.400000095367432,5.610000133514404,5.400000095367432,5.489999771118164,5.489999771118164,9600
2006-05-02,5.550000190734863,5.579999923706055,5.489999771118164,5.550000190734863,5.550000190734863,9800
2006-05-03,5.550000190734863,5.550000190734863,5.489999771118164,5.489999771118164,5.489999771118164,4900
2006-05-04,5.489999771118164,5.670000076293945,5.340000152587891,5.340000152587891,5.340000152587891,9700
2006-05-05,5.369999885559082,5.550000190734863,5.340000152587891,5.340000152587891,5.340000152587891,13500
2006-05-08,5.25,5.550000190734863,4.889999866485596,5.099999904632568,5.099999904632568,14300
2006-05-09,4.949999809265137,5.25,4.949999809265137,5.190000057220459,5.190000057220459,11600
2006-05-10,5.099999904632568,5.21999979019165,5.099999904632568,5.130000114440918,5.130000114440918,4600
2006-05-11,5.099999904632568,5.190000057220459,5.010000228881836,5.039999961853027,5.039999961853027,6700
2006-05-12,5.039999961853027,5.519999980926514,5.010000228881836,5.039999961853027,5.039999961853027,20000
2006-05-15,4.980000019073486,5.21999979019165,4.980000019073486,5.099999904632568,5.099999904632568,5500
2006-05-16,5.099999904632568,5.460000038146973,4.980000019073486,5.190000057220459,5.190000057220459,6800
2006-05-17,5.159999847412109,5.159999847412109,4.980000019073486,5.039999961853027,5.039999961853027,8700
2006-05-18,4.949999809265137,5.159999847412109,4.949999809265137,5.099999904632568,5.099999904632568,3500
2006-05-19,5.099999904632568,5.130000114440918,5.010000228881836,5.099999904632568,5.099999904632568,5000
2006-05-22,5.099999904632568,5.099999904632568,5.039999961853027,5.099999904632568,5.099999904632568,51300
2006-05-23,5.760000228881836,5.760000228881836,5.159999847412109,5.28000020980835,5.28000020980835,9700
2006-05-24,5.550000190734863,5.670000076293945,5.400000095367432,5.670000076293945,5.670000076293945,5300
2006-05-25,5.670000076293945,5.760000228881836,5.670000076293945,5.760000228881836,5.760000228881836,3300
2006-05-26,5.519999980926514,5.909999847412109,5.519999980926514,5.730000019073486,5.730000019073486,7300
2006-05-30,5.849999904632568,5.849999904632568,5.730000019073486,5.730000019073486,5.730000019073486,1300
2006-05-31,5.699999809265137,5.699999809265137,5.639999866485596,5.670000076293945,5.670000076293945,200
2006-06-01,5.699999809265137,5.699999809265137,5.610000133514404,5.610000133514404,5.610000133514404,2400
2006-06-02,5.610000133514404,5.639999866485596,5.340000152587891,5.400000095367432,5.400000095367432,7800
2006-06-05,5.400000095367432,5.429999828338623,5.25,5.25,5.25,3800
2006-06-06,5.25,5.309999942779541,5.039999961853027,5.099999904632568,5.099999904632568,5300
2006-06-07,5.039999961853027,5.429999828338623,5.039999961853027,5.400000095367432,5.400000095367432,5100
2006-06-08,5.190000057220459,5.429999828338623,5.099999904632568,5.309999942779541,5.309999942779541,3200
2006-06-09,5.429999828338623,5.429999828338623,5.159999847412109,5.159999847412109,5.159999847412109,2700
2006-06-12,5.159999847412109,5.21999979019165,5.039999961853027,5.159999847412109,5.159999847412109,9000
2006-06-13,5.099999904632568,5.159999847412109,5.099999904632568,5.159999847412109,5.159999847412109,4200
2006-06-14,5.099999904632568,5.28000020980835,5.099999904632568,5.190000057220459,5.190000057220459,12300
2006-06-15,5.130000114440918,5.309999942779541,5.099999904632568,5.21999979019165,5.21999979019165,4600
2006-06-16,5.21999979019165,5.309999942779541,5.21999979019165,5.309999942779541,5.309999942779541,1500
2006-06-19,5.340000152587891,5.400000095367432,5.21999979019165,5.21999979019165,5.21999979019165,1500
2006-06-20,5.21999979019165,5.400000095367432,5.21999979019165,5.400000095367432,5.400000095367432,4600
2006-06-21,5.340000152587891,5.400000095367432,5.21999979019165,5.28000020980835,5.28000020980835,2100
2006-06-22,5.25,5.28000020980835,5.21999979019165,5.28000020980835,5.28000020980835,3200
2006-06-23,5.21999979019165,5.639999866485596,5.21999979019165,5.579999923706055,5.579999923706055,8200
2006-06-26,5.579999923706055,5.579999923706055,5.21999979019165,5.28000020980835,5.28000020980835,3600
2006-06-27,5.369999885559082,5.400000095367432,5.369999885559082,5.400000095367432,5.400000095367432,2800
2006-06-28,5.309999942779541,5.429999828338623,5.309999942779541,5.369999885559082,5.369999885559082,2200
2006-06-29,5.28000020980835,5.550000190734863,5.28000020980835,5.550000190734863,5.550000190734863,2000
2006-06-30,5.400000095367432,5.400000095367432,5.25,5.25,5.25,1300
2006-07-03,5.21999979019165,5.21999979019165,5.21999979019165,5.21999979019165,5.21999979019165,400
2006-07-05,5.21999979019165,5.400000095367432,5.130000114440918,5.130000114440918,5.130000114440918,5700
2006-07-06,5.25,5.25,5.099999904632568,5.099999904632568,5.099999904632568,9300
2006-07-07,5.400000095367432,5.400000095367432,5.130000114440918,5.25,5.25,2300
2006-07-10,5.25,5.25,5.159999847412109,5.21999979019165,5.21999979019165,3600
2006-07-11,5.099999904632568,5.099999904632568,5.099999904632568,5.099999904632568,5.099999904632568,1000
2006-07-12,5.190000057220459,5.21999979019165,5.039999961853027,5.039999961853027,5.039999961853027,4000
2006-07-13,5.099999904632568,5.309999942779541,5.039999961853027,5.039999961853027,5.039999961853027,8000
2006-07-14,5.039999961853027,5.039999961853027,4.920000076293945,4.920000076293945,4.920000076293945,2700
2006-07-17,4.800000190734863,4.920000076293945,4.800000190734863,4.889999866485596,4.889999866485596,3500
2006-07-18,4.829999923706055,4.889999866485596,4.829999923706055,4.860000133514404,4.860000133514404,1700
2006-07-19,4.829999923706055,4.829999923706055,4.829999923706055,4.829999923706055,4.829999923706055,200
2006-07-20,4.920000076293945,5.099999904632568,4.920000076293945,5.070000171661377,5.070000171661377,3700
2006-07-21,4.889999866485596,5.070000171661377,4.650000095367432,4.650000095367432,4.650000095367432,7700
2006-07-24,4.559999942779541,5.010000228881836,4.559999942779541,4.829999923706055,4.829999923706055,4000
2006-07-25,4.710000038146973,5.099999904632568,4.710000038146973,5.099999904632568,5.099999904632568,3300
2006-07-26,4.949999809265137,4.980000019073486,4.800000190734863,4.800000190734863,4.800000190734863,2400
2006-07-27,4.800000190734863,4.829999923706055,4.710000038146973,4.710000038146973,4.710000038146973,4200
2006-07-28,4.800000190734863,5.010000228881836,4.800000190734863,4.800000190734863,4.800000190734863,2000
2006-07-31,4.800000190734863,4.920000076293945,4.800000190734863,4.920000076293945,4.920000076293945,100
2006-08-01,4.920000076293945,4.920000076293945,4.920000076293945,4.920000076293945,4.920000076293945,0
2006-08-02,4.980000019073486,4.980000019073486,4.949999809265137,4.949999809265137,4.949999809265137,300
2006-08-03,4.769999980926514,4.800000190734863,4.769999980926514,4.769999980926514,4.769999980926514,400
2006-08-04,4.769999980926514,4.769999980926514,4.679999828338623,4.679999828338623,4.679999828338623,3400
2006-08-07,4.739999771118164,4.800000190734863,4.739999771118164,4.739999771118164,4.739999771118164,1800
2006-08-08,4.769999980926514,4.829999923706055,4.679999828338623,4.679999828338623,4.679999828338623,4100
2006-08-09,4.800000190734863,4.800000190734863,4.739999771118164,4.739999771118164,4.739999771118164,4700
2006-08-10,4.710000038146973,4.829999923706055,4.559999942779541,4.769999980926514,4.769999980926514,9100
2006-08-11,4.710000038146973,4.739999771118164,4.650000095367432,4.650000095367432,4.650000095367432,7200
2006-08-14,4.710000038146973,4.800000190734863,4.079999923706055,4.260000228881836,4.260000228881836,10500
2006-08-15,4.380000114440918,4.380000114440918,4.199999809265137,4.260000228881836,4.260000228881836,13600
2006-08-16,4.320000171661377,4.320000171661377,4.110000133514404,4.110000133514404,4.110000133514404,8900
2006-08-17,4.079999923706055,4.559999942779541,4.079999923706055,4.230000019073486,4.230000019073486,10600
2006-08-18,4.349999904632568,4.650000095367432,4.260000228881836,4.650000095367432,4.650000095367432,5200
2006-08-21,4.650000095367432,4.650000095367432,4.5,4.53000020980835,4.53000020980835,1000
2006-08-22,4.5,4.650000095367432,4.5,4.559999942779541,4.559999942779541,1200
2006-08-23,4.650000095367432,4.650000095367432,4.590000152587891,4.590000152587891,4.590000152587891,300
2006-08-24,4.559999942779541,4.619999885559082,4.5,4.559999942779541,4.559999942779541,2300
2006-08-25,4.559999942779541,4.619999885559082,4.559999942779541,4.559999942779541,4.559999942779541,700
2006-08-28,4.559999942779541,4.559999942779541,4.559999942779541,4.559999942779541,4.559999942779541,600
2006-08-29,4.650000095367432,4.650000095367432,4.650000095367432,4.650000095367432,4.650000095367432,300
2006-08-30,4.619999885559082,4.619999885559082,4.590000152587891,4.590000152587891,4.590000152587891,1300
2006-08-31,4.559999942779541,4.590000152587891,4.53000020980835,4.590000152587891,4.590000152587891,1300
2006-09-01,4.559999942779541,4.650000095367432,4.559999942779541,4.619999885559082,4.619999885559082,9600
2006-09-05,4.590000152587891,4.590000152587891,4.590000152587891,4.590000152587891,4.590000152587891,100
2006-09-06,4.559999942779541,4.679999828338623,4.380000114440918,4.679999828338623,4.679999828338623,2500
2006-09-07,4.769999980926514,4.769999980926514,4.650000095367432,4.650000095367432,4.650000095367432,400
2006-09-08,4.590000152587891,4.590000152587891,4.409999847412109,4.409999847412109,4.409999847412109,5700
2006-09-11,4.349999904632568,4.5,4.170000076293945,4.230000019073486,4.230000019073486,6100
2006-09-12,4.409999847412109,4.5,4.230000019073486,4.230000019073486,4.230000019073486,2100
2006-09-13,4.199999809265137,4.199999809265137,3.930000066757202,3.9600000381469727,3.9600000381469727,21000
2006-09-14,4.050000190734863,4.710000038146973,4.050000190734863,4.440000057220459,4.440000057220459,8400
2006-09-15,4.5,4.559999942779541,4.46999979019165,4.5,4.5,1300
2006-09-18,4.320000171661377,4.409999847412109,4.320000171661377,4.409999847412109,4.409999847412109,0
2006-09-19,4.409999847412109,4.409999847412109,4.230000019073486,4.230000019073486,4.230000019073486,2300
2006-09-20,4.260000228881836,4.260000228881836,4.079999923706055,4.199999809265137,4.199999809265137,1900
2006-09-21,4.170000076293945,4.46999979019165,4.170000076293945,4.349999904632568,4.349999904632568,800
2006-09-22,4.230000019073486,4.440000057220459,4.230000019073486,4.230000019073486,4.230000019073486,2900
2006-09-25,4.199999809265137,4.260000228881836,4.050000190734863,4.050000190734863,4.050000190734863,7200
2006-09-26,4.050000190734863,4.5,4.050000190734863,4.409999847412109,4.409999847412109,3000
2006-09-27,4.5,4.5,4.320000171661377,4.46999979019165,4.46999979019165,2600
2006-09-28,4.46999979019165,4.46999979019165,3.9600000381469727,4.170000076293945,4.170000076293945,25700
2006-09-29,4.230000019073486,4.230000019073486,4.019999980926514,4.019999980926514,4.019999980926514,14600
2006-10-02,3.9600000381469727,4.170000076293945,3.930000066757202,3.930000066757202,3.930000066757202,11700
2006-10-03,3.9600000381469727,4.050000190734863,3.839999914169312,3.839999914169312,3.839999914169312,13700
2006-10-04,3.869999885559082,3.900000095367432,3.839999914169312,3.900000095367432,3.900000095367432,13200
2006-10-05,3.869999885559082,4.079999923706055,3.869999885559082,3.900000095367432,3.900000095367432,3900
2006-10-06,3.900000095367432,4.050000190734863,3.900000095367432,4.050000190734863,4.050000190734863,5300
2006-10-09,4.050000190734863,4.110000133514404,3.9600000381469727,4.079999923706055,4.079999923706055,6500
2006-10-10,4.050000190734863,4.110000133514404,3.990000009536743,4.019999980926514,4.019999980926514,14300
2006-10-11,3.990000009536743,4.079999923706055,3.990000009536743,3.990000009536743,3.990000009536743,10000
2006-10-12,4.139999866485596,4.139999866485596,4.019999980926514,4.019999980926514,4.019999980926514,12700
2006-10-13,4.019999980926514,4.019999980926514,3.990000009536743,3.990000009536743,3.990000009536743,2100
2006-10-16,3.809999942779541,3.990000009536743,3.690000057220459,3.9600000381469727,3.9600000381469727,18800
2006-10-17,3.869999885559082,3.990000009536743,3.809999942779541,3.990000009536743,3.990000009536743,1400
2006-10-18,3.990000009536743,3.990000009536743,3.930000066757202,3.930000066757202,3.930000066757202,36800
2006-10-19,3.7799999713897705,3.900000095367432,3.7799999713897705,3.869999885559082,3.869999885559082,1800
2006-10-20,3.869999885559082,3.900000095367432,3.7799999713897705,3.869999885559082,3.869999885559082,11900
2006-10-23,4.019999980926514,4.050000190734863,3.869999885559082,3.869999885559082,3.869999885559082,2600
2006-10-24,3.900000095367432,3.900000095367432,3.75,3.869999885559082,3.869999885559082,5600
2006-10-25,3.900000095367432,3.900000095367432,3.809999942779541,3.869999885559082,3.869999885559082,6100
2006-10-26,3.869999885559082,3.869999885559082,3.869999885559082,3.869999885559082,3.869999885559082,500
2006-10-27,3.869999885559082,3.869999885559082,3.839999914169312,3.869999885559082,3.869999885559082,9600
2006-10-30,3.7799999713897705,3.839999914169312,3.7799999713897705,3.839999914169312,3.839999914169312,5400
2006-10-31,3.839999914169312,3.839999914169312,3.7200000286102295,3.7200000286102295,3.7200000286102295,10800
2006-11-01,3.630000114440918,3.869999885559082,3.5999999046325684,3.5999999046325684,3.5999999046325684,8600
2006-11-02,3.75,3.839999914169312,3.7200000286102295,3.7200000286102295,3.7200000286102295,3500
2006-11-03,3.75,3.869999885559082,3.75,3.869999885559082,3.869999885559082,1100
2006-11-06,3.930000066757202,3.930000066757202,3.869999885559082,3.900000095367432,3.900000095367432,9600
2006-11-07,3.839999914169312,3.900000095367432,3.839999914169312,3.839999914169312,3.839999914169312,14900
2006-11-08,3.839999914169312,3.839999914169312,3.75,3.75,3.75,4500
2006-11-09,3.75,3.7799999713897705,3.450000047683716,3.569999933242798,3.569999933242798,9900
2006-11-10,3.4800000190734863,3.5999999046325684,3.4800000190734863,3.4800000190734863,3.4800000190734863,2900
2006-11-13,3.4800000190734863,3.5999999046325684,3.240000009536743,3.4800000190734863,3.4800000190734863,28300
2006-11-14,3.2699999809265137,3.630000114440918,3.2699999809265137,3.569999933242798,3.569999933242798,27800
2006-11-15,3.5999999046325684,3.630000114440918,3.539999961853028,3.630000114440918,3.630000114440918,36300
2006-11-16,3.5999999046325684,3.5999999046325684,3.569999933242798,3.5999999046325684,3.5999999046325684,14300
2006-11-17,3.5999999046325684,3.809999942779541,3.5999999046325684,3.7799999713897705,3.7799999713897705,11000
2006-11-20,3.7799999713897705,3.7799999713897705,3.7799999713897705,3.7799999713897705,3.7799999713897705,0
2006-11-21,3.7799999713897705,3.839999914169312,3.7799999713897705,3.839999914169312,3.839999914169312,3000
2006-11-22,3.839999914169312,4.050000190734863,3.839999914169312,3.900000095367432,3.900000095367432,27600
2006-11-24,3.990000009536743,3.990000009536743,3.7799999713897705,3.900000095367432,3.900000095367432,1100
2006-11-27,3.809999942779541,3.900000095367432,3.7799999713897705,3.869999885559082,3.869999885559082,13200
2006-11-28,3.869999885559082,3.900000095367432,3.869999885559082,3.900000095367432,3.900000095367432,15400
2006-11-29,3.990000009536743,4.019999980926514,3.900000095367432,3.900000095367432,3.900000095367432,28100
2006-11-30,3.990000009536743,3.990000009536743,3.839999914169312,3.990000009536743,3.990000009536743,87400
2006-12-01,3.990000009536743,4.380000114440918,3.990000009536743,4.349999904632568,4.349999904632568,24300
2006-12-04,4.380000114440918,4.650000095367432,4.260000228881836,4.53000020980835,4.53000020980835,10900
2006-12-05,4.619999885559082,5.070000171661377,4.590000152587891,4.619999885559082,4.619999885559082,20400
2006-12-06,4.5,4.800000190734863,4.349999904632568,4.619999885559082,4.619999885559082,3800
2006-12-07,4.679999828338623,4.739999771118164,4.650000095367432,4.710000038146973,4.710000038146973,2500
2006-12-08,4.679999828338623,4.679999828338623,4.5,4.5,4.5,1200
2006-12-11,4.5,4.5,4.230000019073486,4.230000019073486,4.230000019073486,14400
2006-12-12,4.230000019073486,4.320000171661377,4.230000019073486,4.289999961853027,4.289999961853027,400
2006-12-13,4.230000019073486,4.320000171661377,4.050000190734863,4.320000171661377,4.320000171661377,8500
2006-12-14,4.289999961853027,4.320000171661377,4.289999961853027,4.289999961853027,4.289999961853027,3000
2006-12-15,4.199999809265137,4.260000228881836,4.079999923706055,4.139999866485596,4.139999866485596,5700
2006-12-18,4.170000076293945,4.320000171661377,4.139999866485596,4.260000228881836,4.260000228881836,7900
2006-12-19,4.139999866485596,4.349999904632568,4.079999923706055,4.349999904632568,4.349999904632568,17800
2006-12-20,4.320000171661377,4.46999979019165,4.320000171661377,4.320000171661377,4.320000171661377,4700
2006-12-21,4.230000019073486,4.349999904632568,4.199999809265137,4.349999904632568,4.349999904632568,2400
2006-12-22,4.349999904632568,4.440000057220459,4.349999904632568,4.409999847412109,4.409999847412109,2200
2006-12-26,4.260000228881836,4.380000114440918,4.199999809265137,4.349999904632568,4.349999904632568,12400
2006-12-27,4.289999961853027,4.349999904632568,4.170000076293945,4.349999904632568,4.349999904632568,13100
2006-12-28,4.320000171661377,4.349999904632568,4.230000019073486,4.260000228881836,4.260000228881836,5400
2006-12-29,4.260000228881836,4.380000114440918,4.199999809265137,4.349999904632568,4.349999904632568,10300
2007-01-03,4.289999961853027,4.440000057220459,4.289999961853027,4.380000114440918,4.380000114440918,3000
2007-01-04,4.380000114440918,4.409999847412109,4.349999904632568,4.409999847412109,4.409999847412109,2000
2007-01-05,4.409999847412109,4.409999847412109,4.199999809265137,4.260000228881836,4.260000228881836,8200
2007-01-08,4.320000171661377,4.409999847412109,4.260000228881836,4.380000114440918,4.380000114440918,2600
2007-01-09,4.46999979019165,4.46999979019165,4.260000228881836,4.289999961853027,4.289999961853027,5200
2007-01-10,4.349999904632568,4.409999847412109,4.349999904632568,4.409999847412109,4.409999847412109,700
2007-01-11,4.409999847412109,4.409999847412109,4.230000019073486,4.260000228881836,4.260000228881836,5300
2007-01-12,4.260000228881836,4.380000114440918,4.170000076293945,4.289999961853027,4.289999961853027,2100
2007-01-16,4.349999904632568,4.559999942779541,4.230000019073486,4.289999961853027,4.289999961853027,4000
2007-01-17,4.46999979019165,4.590000152587891,4.349999904632568,4.5,4.5,8400
2007-01-18,4.53000020980835,4.53000020980835,4.349999904632568,4.46999979019165,4.46999979019165,5600
2007-01-19,4.349999904632568,4.440000057220459,4.349999904632568,4.409999847412109,4.409999847412109,400
2007-01-22,4.380000114440918,4.380000114440918,4.320000171661377,4.320000171661377,4.320000171661377,2700
2007-01-23,4.289999961853027,4.320000171661377,4.199999809265137,4.199999809265137,4.199999809265137,1000
2007-01-24,4.199999809265137,4.199999809265137,4.110000133514404,4.110000133514404,4.110000133514404,4500
2007-01-25,4.079999923706055,4.110000133514404,4.050000190734863,4.079999923706055,4.079999923706055,3000
2007-01-26,4.139999866485596,4.139999866485596,4.079999923706055,4.110000133514404,4.110000133514404,1600
2007-01-29,4.139999866485596,4.139999866485596,3.930000066757202,3.9600000381469727,3.9600000381469727,6200
2007-01-30,3.9600000381469727,4.019999980926514,3.900000095367432,4.019999980926514,4.019999980926514,6500
2007-01-31,4.079999923706055,4.079999923706055,4.019999980926514,4.050000190734863,4.050000190734863,4200
2007-02-01,4.079999923706055,4.199999809265137,4.079999923706055,4.199999809265137,4.199999809265137,600
2007-02-02,4.199999809265137,4.199999809265137,3.900000095367432,3.9600000381469727,3.9600000381469727,7900
2007-02-05,3.839999914169312,3.839999914169312,3.5999999046325684,3.690000057220459,3.690000057220459,7900
2007-02-06,3.75,3.990000009536743,3.75,3.809999942779541,3.809999942779541,9900
2007-02-07,3.7799999713897705,4.079999923706055,3.7799999713897705,4.079999923706055,4.079999923706055,5800
2007-02-08,4.110000133514404,4.110000133514404,3.809999942779541,3.900000095367432,3.900000095367432,1400
2007-02-09,4.409999847412109,4.409999847412109,4.050000190734863,4.199999809265137,4.199999809265137,3300
2007-02-12,4.139999866485596,4.139999866485596,4.139999866485596,4.139999866485596,4.139999866485596,0
2007-02-13,4.139999866485596,4.199999809265137,4.110000133514404,4.199999809265137,4.199999809265137,3600
2007-02-14,3.839999914169312,4.199999809265137,3.75,4.019999980926514,4.019999980926514,39900
2007-02-15,4.079999923706055,4.079999923706055,3.7799999713897705,3.809999942779541,3.809999942779541,800
2007-02-16,3.7799999713897705,4.050000190734863,3.7799999713897705,3.930000066757202,3.930000066757202,1700
2007-02-20,3.930000066757202,3.9600000381469727,3.930000066757202,3.9600000381469727,3.9600000381469727,2100
2007-02-21,3.9600000381469727,4.170000076293945,3.9600000381469727,4.139999866485596,4.139999866485596,3000
2007-02-22,4.079999923706055,4.230000019073486,4.079999923706055,4.199999809265137,4.199999809265137,20800
2007-02-23,4.079999923706055,4.110000133514404,4.079999923706055,4.110000133514404,4.110000133514404,200
2007-02-26,4.079999923706055,4.139999866485596,4.050000190734863,4.050000190734863,4.050000190734863,4600
2007-02-27,3.9600000381469727,4.019999980926514,3.869999885559082,3.869999885559082,3.869999885559082,15200
2007-02-28,3.930000066757202,4.050000190734863,3.930000066757202,4.050000190734863,4.050000190734863,2600
2007-03-01,3.990000009536743,3.990000009536743,3.900000095367432,3.900000095367432,3.900000095367432,3500
2007-03-02,3.9600000381469727,4.050000190734863,3.9600000381469727,3.990000009536743,3.990000009536743,14500
2007-03-05,3.990000009536743,4.079999923706055,3.990000009536743,4.050000190734863,4.050000190734863,2500
2007-03-06,4.019999980926514,4.050000190734863,3.990000009536743,3.990000009536743,3.990000009536743,1400
2007-03-07,4.050000190734863,4.050000190734863,3.9600000381469727,3.990000009536743,3.990000009536743,30200
2007-03-08,4.050000190734863,4.050000190734863,3.7799999713897705,4.050000190734863,4.050000190734863,3600
2007-03-09,4.050000190734863,4.050000190734863,4.050000190734863,4.050000190734863,4.050000190734863,0
2007-03-12,4.110000133514404,4.110000133514404,3.990000009536743,3.990000009536743,3.990000009536743,700
2007-03-13,4.110000133514404,4.199999809265137,4.110000133514404,4.199999809265137,4.199999809265137,10400
2007-03-14,4.139999866485596,4.139999866485596,3.839999914169312,4.019999980926514,4.019999980926514,2100
2007-03-15,3.990000009536743,3.990000009536743,3.930000066757202,3.930000066757202,3.930000066757202,100
2007-03-16,3.9600000381469727,4.170000076293945,3.9600000381469727,4.110000133514404,4.110000133514404,1900
2007-03-19,3.9600000381469727,4.110000133514404,3.900000095367432,3.900000095367432,3.900000095367432,2200
2007-03-20,3.930000066757202,4.079999923706055,3.930000066757202,3.990000009536743,3.990000009536743,2200
2007-03-21,4.199999809265137,4.199999809265137,3.809999942779541,4.019999980926514,4.019999980926514,1200
2007-03-22,4.050000190734863,4.260000228881836,4.050000190734863,4.199999809265137,4.199999809265137,18400
2007-03-23,4.110000133514404,4.260000228881836,4.110000133514404,4.139999866485596,4.139999866485596,3800
2007-03-26,4.110000133514404,4.110000133514404,4.050000190734863,4.110000133514404,4.110000133514404,1600
2007-03-27,4.139999866485596,4.139999866485596,3.990000009536743,3.990000009536743,3.990000009536743,700
2007-03-28,3.930000066757202,3.990000009536743,3.930000066757202,3.9600000381469727,3.9600000381469727,600
2007-03-29,4.110000133514404,4.110000133514404,3.930000066757202,3.9600000381469727,3.9600000381469727,900
2007-03-30,4.019999980926514,4.110000133514404,3.9600000381469727,4.079999923706055,4.079999923706055,900
2007-04-02,4.050000190734863,4.170000076293945,4.050000190734863,4.110000133514404,4.110000133514404,1400
2007-04-03,4.019999980926514,4.260000228881836,4.019999980926514,4.139999866485596,4.139999866485596,3300
2007-04-04,4.230000019073486,4.230000019073486,3.839999914169312,3.9600000381469727,3.9600000381469727,12400
2007-04-05,3.9600000381469727,3.9600000381469727,3.9600000381469727,3.9600000381469727,3.9600000381469727,100
2007-04-09,3.900000095367432,3.9600000381469727,3.809999942779541,3.9600000381469727,3.9600000381469727,4600
2007-04-10,3.900000095367432,4.019999980926514,3.630000114440918,3.930000066757202,3.930000066757202,28200
2007-04-11,4.050000190734863,4.050000190734863,3.930000066757202,3.930000066757202,3.930000066757202,19700
2007-04-12,3.9600000381469727,3.9600000381469727,3.930000066757202,3.930000066757202,3.930000066757202,200
2007-04-13,3.75,4.139999866485596,3.75,4.019999980926514,4.019999980926514,3100
2007-04-16,3.869999885559082,4.139999866485596,3.869999885559082,3.990000009536743,3.990000009536743,2600
2007-04-17,4.079999923706055,4.139999866485596,4.050000190734863,4.050000190734863,4.050000190734863,600
2007-04-18,4.050000190734863,4.170000076293945,3.869999885559082,4.170000076293945,4.170000076293945,2300
2007-04-19,4.050000190734863,4.079999923706055,4.050000190734863,4.079999923706055,4.079999923706055,1000
2007-04-20,4.050000190734863,4.320000171661377,4.050000190734863,4.199999809265137,4.199999809265137,25400
2007-04-23,4.110000133514404,4.440000057220459,4.110000133514404,4.320000171661377,4.320000171661377,2900
2007-04-24,4.289999961853027,4.380000114440918,4.139999866485596,4.139999866485596,4.139999866485596,2400
2007-04-25,4.199999809265137,4.409999847412109,4.110000133514404,4.289999961853027,4.289999961853027,11100
2007-04-26,4.349999904632568,4.349999904632568,4.230000019073486,4.260000228881836,4.260000228881836,3000
2007-04-27,4.050000190734863,4.289999961853027,4.050000190734863,4.289999961853027,4.289999961853027,6400
2007-04-30,4.289999961853027,4.289999961853027,4.289999961853027,4.289999961853027,4.289999961853027,0
2007-05-01,4.289999961853027,4.289999961853027,4.289999961853027,4.289999961853027,4.289999961853027,0
2007-05-02,4.170000076293945,4.289999961853027,4.050000190734863,4.199999809265137,4.199999809265137,7600
2007-05-03,4.230000019073486,4.46999979019165,4.199999809265137,4.46999979019165,4.46999979019165,2400
2007-05-04,4.46999979019165,4.46999979019165,4.349999904632568,4.349999904632568,4.349999904632568,3800
2007-05-07,4.380000114440918,4.46999979019165,4.380000114440918,4.409999847412109,4.409999847412109,600
2007-05-08,4.349999904632568,4.5,4.230000019073486,4.380000114440918,4.380000114440918,2900
2007-05-09,4.320000171661377,4.409999847412109,4.320000171661377,4.409999847412109,4.409999847412109,2000
2007-05-10,4.289999961853027,4.409999847412109,4.019999980926514,4.019999980926514,4.019999980926514,5100
2007-05-11,4.139999866485596,4.409999847412109,4.139999866485596,4.380000114440918,4.380000114440918,3100
2007-05-14,4.260000228881836,4.440000057220459,4.260000228881836,4.380000114440918,4.380000114440918,3100
2007-05-15,4.5,4.800000190734863,4.019999980926514,4.139999866485596,4.139999866485596,36100
2007-05-16,4.739999771118164,5.099999904632568,4.079999923706055,4.230000019073486,4.230000019073486,77200
2007-05-17,4.230000019073486,4.440000057220459,4.170000076293945,4.289999961853027,4.289999961853027,19400
2007-05-18,4.289999961853027,4.440000057220459,4.289999961853027,4.380000114440918,4.380000114440918,2400
2007-05-21,4.409999847412109,4.46999979019165,4.349999904632568,4.349999904632568,4.349999904632568,1600
2007-05-22,4.46999979019165,4.949999809265137,4.46999979019165,4.949999809265137,4.949999809265137,9700
2007-05-23,4.739999771118164,5.070000171661377,4.679999828338623,4.860000133514404,4.860000133514404,8500
2007-05-24,4.860000133514404,4.860000133514404,4.349999904632568,4.440000057220459,4.440000057220459,12800
2007-05-25,4.559999942779541,4.860000133514404,4.559999942779541,4.650000095367432,4.650000095367432,4500
2007-05-29,4.710000038146973,4.980000019073486,4.679999828338623,4.889999866485596,4.889999866485596,6900
2007-05-30,4.920000076293945,5.070000171661377,4.920000076293945,5.010000228881836,5.010000228881836,3100
2007-05-31,4.829999923706055,4.949999809265137,4.829999923706055,4.889999866485596,4.889999866485596,2100
2007-06-01,4.949999809265137,5.070000171661377,4.949999809265137,5.039999961853027,5.039999961853027,3400
2007-06-04,4.920000076293945,4.949999809265137,4.800000190734863,4.889999866485596,4.889999866485596,5100
2007-06-05,4.949999809265137,4.980000019073486,4.829999923706055,4.829999923706055,4.829999923706055,1800
2007-06-06,4.829999923706055,4.980000019073486,4.829999923706055,4.829999923706055,4.829999923706055,3500
2007-06-07,4.829999923706055,4.829999923706055,4.739999771118164,4.800000190734863,4.800000190734863,4400
2007-06-08,4.860000133514404,4.860000133514404,4.679999828338623,4.679999828338623,4.679999828338623,4000
2007-06-11,4.739999771118164,4.739999771118164,4.619999885559082,4.619999885559082,4.619999885559082,6900
2007-06-12,4.590000152587891,4.710000038146973,4.5,4.619999885559082,4.619999885559082,7700
2007-06-13,4.619999885559082,4.710000038146973,4.619999885559082,4.650000095367432,4.650000095367432,1500
2007-06-14,4.710000038146973,4.710000038146973,4.53000020980835,4.53000020980835,4.53000020980835,5500
2007-06-15,4.53000020980835,4.650000095367432,4.53000020980835,4.619999885559082,4.619999885559082,2400
2007-06-18,4.559999942779541,4.559999942779541,4.559999942779541,4.559999942779541,4.559999942779541,300
2007-06-19,4.590000152587891,4.590000152587891,4.590000152587891,4.590000152587891,4.590000152587891,300
2007-06-20,4.619999885559082,4.619999885559082,4.53000020980835,4.590000152587891,4.590000152587891,700
2007-06-21,4.5,4.679999828338623,4.5,4.679999828338623,4.679999828338623,5800
2007-06-22,4.739999771118164,4.829999923706055,4.710000038146973,4.800000190734863,4.800000190734863,3300
2007-06-25,4.829999923706055,4.829999923706055,4.800000190734863,4.829999923706055,4.829999923706055,6100
2007-06-26,4.920000076293945,4.920000076293945,4.860000133514404,4.860000133514404,4.860000133514404,5100
2007-06-27,4.920000076293945,4.920000076293945,4.829999923706055,4.860000133514404,4.860000133514404,2900
2007-06-28,4.829999923706055,4.829999923706055,4.679999828338623,4.739999771118164,4.739999771118164,1900
2007-06-29,4.739999771118164,4.739999771118164,4.739999771118164,4.739999771118164,4.739999771118164,0
2007-07-02,4.860000133514404,4.949999809265137,4.5,4.679999828338623,4.679999828338623,8900
2007-07-03,4.710000038146973,4.800000190734863,4.619999885559082,4.619999885559082,4.619999885559082,1900
2007-07-05,4.710000038146973,4.860000133514404,4.710000038146973,4.860000133514404,4.860000133514404,200
2007-07-06,4.679999828338623,4.920000076293945,4.559999942779541,4.889999866485596,4.889999866485596,4800
2007-07-09,5.039999961853027,5.070000171661377,5.010000228881836,5.010000228881836,5.010000228881836,6700
2007-07-10,5.190000057220459,5.25,5.070000171661377,5.190000057220459,5.190000057220459,6400
2007-07-11,5.28000020980835,5.820000171661377,5.25,5.820000171661377,5.820000171661377,38500
2007-07-12,5.96999979019165,5.96999979019165,5.400000095367432,5.400000095367432,5.400000095367432,8000
2007-07-13,5.429999828338623,5.670000076293945,5.429999828338623,5.519999980926514,5.519999980926514,2300
2007-07-16,5.760000228881836,5.820000171661377,5.429999828338623,5.610000133514404,5.610000133514404,4200
2007-07-17,5.760000228881836,5.760000228881836,5.579999923706055,5.670000076293945,5.670000076293945,2200
2007-07-18,5.639999866485596,5.699999809265137,5.610000133514404,5.610000133514404,5.610000133514404,1100
2007-07-19,5.639999866485596,5.699999809265137,5.28000020980835,5.340000152587891,5.340000152587891,4100
2007-07-20,5.309999942779541,5.400000095367432,5.25,5.25,5.25,7400
2007-07-23,5.25,5.400000095367432,5.25,5.340000152587891,5.340000152587891,1900
2007-07-24,5.550000190734863,5.670000076293945,5.519999980926514,5.519999980926514,5.519999980926514,2300
2007-07-25,5.670000076293945,5.670000076293945,5.28000020980835,5.489999771118164,5.489999771118164,3100
2007-07-26,5.25,5.489999771118164,5.099999904632568,5.21999979019165,5.21999979019165,2500
2007-07-27,4.980000019073486,5.190000057220459,4.980000019073486,5.190000057220459,5.190000057220459,2300
2007-07-30,5.340000152587891,5.340000152587891,5.039999961853027,5.159999847412109,5.159999847412109,5100
2007-07-31,5.099999904632568,5.400000095367432,5.010000228881836,5.070000171661377,5.070000171661377,2000
2007-08-01,5.25,5.400000095367432,5.010000228881836,5.010000228881836,5.010000228881836,2600
2007-08-02,4.769999980926514,5.670000076293945,4.349999904632568,4.800000190734863,4.800000190734863,14700
2007-08-03,4.679999828338623,4.800000190734863,4.650000095367432,4.800000190734863,4.800000190734863,3500
2007-08-06,4.650000095367432,4.710000038146973,4.53000020980835,4.679999828338623,4.679999828338623,2900
2007-08-07,4.710000038146973,4.860000133514404,4.679999828338623,4.860000133514404,4.860000133514404,1200
2007-08-08,5.25,5.25,4.650000095367432,4.829999923706055,4.829999923706055,700
2007-08-09,4.949999809265137,5.369999885559082,4.889999866485596,4.949999809265137,4.949999809265137,2400
2007-08-10,4.949999809265137,5.099999904632568,4.829999923706055,4.829999923706055,4.829999923706055,4500
2007-08-13,5.070000171661377,5.070000171661377,4.230000019073486,4.860000133514404,4.860000133514404,500
2007-08-14,4.739999771118164,5.099999904632568,4.619999885559082,4.920000076293945,4.920000076293945,5900
2007-08-15,4.980000019073486,4.980000019073486,4.829999923706055,4.860000133514404,4.860000133514404,100
2007-08-16,4.829999923706055,4.920000076293945,4.590000152587891,4.800000190734863,4.800000190734863,3000
2007-08-17,4.739999771118164,4.739999771118164,4.320000171661377,4.409999847412109,4.409999847412109,1500
2007-08-20,4.230000019073486,4.920000076293945,4.230000019073486,4.710000038146973,4.710000038146973,3900
2007-08-21,4.769999980926514,4.769999980926514,4.230000019073486,4.650000095367432,4.650000095367432,1300
2007-08-22,4.769999980926514,4.769999980926514,4.289999961853027,4.590000152587891,4.590000152587891,3100
2007-08-23,4.710000038146973,4.889999866485596,4.710000038146973,4.889999866485596,4.889999866485596,3500
2007-08-24,4.889999866485596,4.889999866485596,4.349999904632568,4.46999979019165,4.46999979019165,4300
2007-08-27,4.440000057220459,4.46999979019165,4.349999904632568,4.46999979019165,4.46999979019165,1100
2007-08-28,4.800000190734863,4.800000190734863,4.440000057220459,4.440000057220459,4.440000057220459,1300
2007-08-29,4.800000190734863,4.889999866485596,4.380000114440918,4.5,4.5,1800
2007-08-30,4.349999904632568,4.860000133514404,4.349999904632568,4.860000133514404,4.860000133514404,2100
2007-08-31,4.889999866485596,4.889999866485596,4.5,4.710000038146973,4.710000038146973,5900
2007-09-04,4.889999866485596,4.889999866485596,4.5,4.5,4.5,2100
2007-09-05,4.440000057220459,4.829999923706055,4.440000057220459,4.650000095367432,4.650000095367432,4300
2007-09-06,4.53000020980835,4.650000095367432,4.440000057220459,4.5,4.5,3600
2007-09-07,4.409999847412109,4.53000020980835,4.409999847412109,4.46999979019165,4.46999979019165,1300
2007-09-10,4.440000057220459,4.590000152587891,4.349999904632568,4.5,4.5,2300
2007-09-11,4.53000020980835,4.590000152587891,4.409999847412109,4.590000152587891,4.590000152587891,4300
2007-09-12,4.559999942779541,4.559999942779541,4.5,4.5,4.5,2000
2007-09-13,4.53000020980835,4.559999942779541,4.5,4.53000020980835,4.53000020980835,5300
2007-09-14,4.199999809265137,4.53000020980835,4.139999866485596,4.409999847412109,4.409999847412109,5300
2007-09-17,4.349999904632568,4.409999847412109,4.349999904632568,4.349999904632568,4.349999904632568,4000
2007-09-18,4.320000171661377,4.440000057220459,3.930000066757202,4.380000114440918,4.380000114440918,8500
2007-09-19,4.440000057220459,4.440000057220459,4.079999923706055,4.409999847412109,4.409999847412109,2500
2007-09-20,4.230000019073486,4.349999904632568,4.139999866485596,4.349999904632568,4.349999904632568,900
2007-09-21,4.320000171661377,4.320000171661377,4.139999866485596,4.170000076293945,4.170000076293945,300
2007-09-24,4.289999961853027,4.289999961853027,3.900000095367432,4.079999923706055,4.079999923706055,11000
2007-09-25,3.900000095367432,4.349999904632568,3.900000095367432,4.289999961853027,4.289999961853027,2600
2007-09-26,4.349999904632568,4.349999904632568,4.349999904632568,4.349999904632568,4.349999904632568,0
2007-09-27,4.349999904632568,4.349999904632568,4.349999904632568,4.349999904632568,4.349999904632568,0
2007-09-28,4.289999961853027,4.440000057220459,4.260000228881836,4.440000057220459,4.440000057220459,4700
2007-10-01,4.079999923706055,4.650000095367432,4.079999923706055,4.650000095367432,4.650000095367432,3700
2007-10-02,4.349999904632568,4.349999904632568,4.349999904632568,4.349999904632568,4.349999904632568,900
2007-10-03,4.380000114440918,4.559999942779541,4.349999904632568,4.349999904632568,4.349999904632568,1200
2007-10-04,4.409999847412109,4.440000057220459,4.409999847412109,4.440000057220459,4.440000057220459,1600
2007-10-05,4.079999923706055,4.440000057220459,4.050000190734863,4.440000057220459,4.440000057220459,1900
2007-10-08,4.440000057220459,4.440000057220459,4.440000057220459,4.440000057220459,4.440000057220459,400
2007-10-09,4.230000019073486,4.590000152587891,4.199999809265137,4.199999809265137,4.199999809265137,5500
2007-10-10,4.199999809265137,4.559999942779541,4.170000076293945,4.5,4.5,800
2007-10-11,4.230000019073486,4.46999979019165,4.230000019073486,4.230000019073486,4.230000019073486,1100
2007-10-12,4.46999979019165,4.46999979019165,4.46999979019165,4.46999979019165,4.46999979019165,200
2007-10-15,4.380000114440918,4.5,4.050000190734863,4.050000190734863,4.050000190734863,12600
2007-10-16,3.990000009536743,4.320000171661377,3.990000009536743,4.289999961853027,4.289999961853027,2200
2007-10-17,3.990000009536743,4.46999979019165,3.990000009536743,4.050000190734863,4.050000190734863,1700
2007-10-18,3.990000009536743,4.260000228881836,3.990000009536743,4.170000076293945,4.170000076293945,1300
2007-10-19,4.050000190734863,4.110000133514404,3.930000066757202,4.019999980926514,4.019999980926514,4500
2007-10-22,3.900000095367432,4.289999961853027,3.900000095367432,4.260000228881836,4.260000228881836,2400
2007-10-23,4.260000228881836,4.260000228881836,3.9600000381469727,4.110000133514404,4.110000133514404,2000
2007-10-24,4.050000190734863,4.260000228881836,3.9600000381469727,4.230000019073486,4.230000019073486,4600
2007-10-25,4.139999866485596,4.199999809265137,4.139999866485596,4.199999809265137,4.199999809265137,700
2007-10-26,4.019999980926514,4.380000114440918,3.990000009536743,4.199999809265137,4.199999809265137,1400
2007-10-29,4.199999809265137,4.199999809265137,3.990000009536743,4.050000190734863,4.050000190734863,800
2007-10-30,4.199999809265137,4.409999847412109,4.199999809265137,4.289999961853027,4.289999961853027,1100
2007-10-31,4.380000114440918,4.409999847412109,4.380000114440918,4.380000114440918,4.380000114440918,400
2007-11-01,4.260000228881836,4.380000114440918,4.260000228881836,4.380000114440918,4.380000114440918,1900
2007-11-02,4.349999904632568,4.349999904632568,4.349999904632568,4.349999904632568,4.349999904632568,800
2007-11-05,4.199999809265137,4.199999809265137,3.9600000381469727,3.9600000381469727,3.9600000381469727,400
2007-11-06,4.050000190734863,4.349999904632568,4.050000190734863,4.199999809265137,4.199999809265137,3400
2007-11-07,4.050000190734863,4.199999809265137,4.019999980926514,4.199999809265137,4.199999809265137,1100
2007-11-08,4.019999980926514,4.170000076293945,4.019999980926514,4.019999980926514,4.019999980926514,500
2007-11-09,4.019999980926514,4.019999980926514,3.990000009536743,3.990000009536743,3.990000009536743,500
2007-11-12,3.900000095367432,4.050000190734863,3.900000095367432,4.050000190734863,4.050000190734863,2900
2007-11-13,4.050000190734863,4.170000076293945,3.900000095367432,4.170000076293945,4.170000076293945,2600
2007-11-14,4.199999809265137,4.739999771118164,4.199999809265137,4.5,4.5,12400
2007-11-15,4.5,4.650000095367432,4.230000019073486,4.46999979019165,4.46999979019165,6400
2007-11-16,4.559999942779541,4.559999942779541,4.559999942779541,4.559999942779541,4.559999942779541,800
2007-11-19,4.380000114440918,4.53000020980835,4.349999904632568,4.46999979019165,4.46999979019165,2100
2007-11-20,4.53000020980835,4.53000020980835,4.230000019073486,4.349999904632568,4.349999904632568,10500
2007-11-21,4.349999904632568,4.5,4.349999904632568,4.5,4.5,300
2007-11-23,4.230000019073486,4.440000057220459,4.170000076293945,4.440000057220459,4.440000057220459,6600
2007-11-26,4.409999847412109,4.409999847412109,4.409999847412109,4.409999847412109,4.409999847412109,1000
2007-11-27,4.260000228881836,4.260000228881836,4.199999809265137,4.260000228881836,4.260000228881836,4300
2007-11-28,4.170000076293945,4.230000019073486,4.170000076293945,4.170000076293945,4.170000076293945,11400
2007-11-29,4.170000076293945,4.199999809265137,4.139999866485596,4.139999866485596,4.139999866485596,3500
2007-11-30,4.199999809265137,4.199999809265137,4.199999809265137,4.199999809265137,4.199999809265137,1600
2007-12-03,4.230000019073486,4.440000057220459,4.230000019073486,4.440000057220459,4.440000057220459,1900
2007-12-04,4.46999979019165,4.46999979019165,4.46999979019165,4.46999979019165,4.46999979019165,0
2007-12-05,4.380000114440918,4.710000038146973,4.260000228881836,4.53000020980835,4.53000020980835,4500
2007-12-06,4.380000114440918,4.380000114440918,4.380000114440918,4.380000114440918,4.380000114440918,700
2007-12-07,4.380000114440918,4.380000114440918,4.380000114440918,4.380000114440918,4.380000114440918,0
2007-12-10,4.349999904632568,4.380000114440918,4.349999904632568,4.349999904632568,4.349999904632568,4500
2007-12-11,4.349999904632568,4.380000114440918,4.349999904632568,4.349999904632568,4.349999904632568,3600
2007-12-12,4.320000171661377,4.320000171661377,4.289999961853027,4.289999961853027,4.289999961853027,3000
2007-12-13,4.320000171661377,4.46999979019165,4.289999961853027,4.46999979019165,4.46999979019165,1100
2007-12-14,4.440000057220459,4.46999979019165,4.440000057220459,4.440000057220459,4.440000057220459,3500
2007-12-17,4.440000057220459,4.46999979019165,4.440000057220459,4.440000057220459,4.440000057220459,3100
2007-12-18,4.409999847412109,4.409999847412109,4.409999847412109,4.409999847412109,4.409999847412109,100
2007-12-19,4.409999847412109,4.5,4.380000114440918,4.440000057220459,4.440000057220459,1600
2007-12-20,4.349999904632568,4.46999979019165,4.349999904632568,4.46999979019165,4.46999979019165,1800
2007-12-21,4.409999847412109,4.440000057220459,4.289999961853027,4.440000057220459,4.440000057220459,5700
2007-12-24,4.289999961853027,4.440000057220459,4.289999961853027,4.440000057220459,4.440000057220459,4000
2007-12-26,4.5,4.5,4.289999961853027,4.46999979019165,4.46999979019165,11000
2007-12-27,4.320000171661377,4.440000057220459,4.289999961853027,4.440000057220459,4.440000057220459,4100
2007-12-28,4.289999961853027,4.440000057220459,4.230000019073486,4.349999904632568,4.349999904632568,1000
2007-12-31,4.260000228881836,4.409999847412109,4.260000228881836,4.349999904632568,4.349999904632568,8200
2008-01-02,4.380000114440918,4.46999979019165,4.380000114440918,4.46999979019165,4.46999979019165,3600
2008-01-03,4.46999979019165,4.46999979019165,4.440000057220459,4.440000057220459,4.440000057220459,300
2008-01-04,4.409999847412109,4.409999847412109,4.320000171661377,4.380000114440918,4.380000114440918,500
2008-01-07,4.289999961853027,4.289999961853027,4.289999961853027,4.289999961853027,4.289999961853027,0
2008-01-08,4.289999961853027,4.289999961853027,4.289999961853027,4.289999961853027,4.289999961853027,0
2008-01-09,4.440000057220459,4.440000057220459,4.349999904632568,4.440000057220459,4.440000057220459,3000
2008-01-10,4.440000057220459,4.5,4.409999847412109,4.440000057220459,4.440000057220459,900
2008-01-11,4.409999847412109,4.5,4.409999847412109,4.440000057220459,4.440000057220459,1800
2008-01-14,4.440000057220459,4.440000057220459,4.409999847412109,4.440000057220459,4.440000057220459,1400
2008-01-15,4.5,4.590000152587891,4.5,4.590000152587891,4.590000152587891,3000
2008-01-16,4.53000020980835,4.769999980926514,4.53000020980835,4.559999942779541,4.559999942779541,2000
2008-01-17,4.559999942779541,4.559999942779541,4.289999961853027,4.289999961853027,4.289999961853027,8200
2008-01-18,4.289999961853027,4.289999961853027,4.289999961853027,4.289999961853027,4.289999961853027,1400
2008-01-22,4.289999961853027,4.320000171661377,4.230000019073486,4.320000171661377,4.320000171661377,2300
2008-01-23,4.289999961853027,4.320000171661377,4.289999961853027,4.320000171661377,4.320000171661377,3500
2008-01-24,4.349999904632568,4.46999979019165,4.349999904632568,4.46999979019165,4.46999979019165,1100
2008-01-25,4.46999979019165,4.5,4.409999847412109,4.5,4.5,900
2008-01-28,4.46999979019165,4.5,4.440000057220459,4.5,4.5,600
2008-01-29,4.5,4.5,4.5,4.5,4.5,900
2008-01-30,4.46999979019165,4.619999885559082,4.46999979019165,4.46999979019165,4.46999979019165,900
2008-01-31,4.5,4.5,4.5,4.5,4.5,200
2008-02-01,4.559999942779541,4.559999942779541,4.5,4.5,4.5,500
2008-02-04,4.650000095367432,4.920000076293945,4.619999885559082,4.739999771118164,4.739999771118164,1400
2008-02-05,4.949999809265137,4.949999809265137,4.289999961853027,4.559999942779541,4.559999942779541,2800
2008-02-06,4.53000020980835,4.590000152587891,4.380000114440918,4.590000152587891,4.590000152587891,500
2008-02-07,4.320000171661377,4.559999942779541,4.320000171661377,4.559999942779541,4.559999942779541,400
2008-02-08,4.5,4.53000020980835,4.5,4.53000020980835,4.53000020980835,2800
2008-02-11,4.650000095367432,4.739999771118164,4.650000095367432,4.739999771118164,4.739999771118164,100
2008-02-12,4.739999771118164,4.739999771118164,4.739999771118164,4.739999771118164,4.739999771118164,0
2008-02-13,4.739999771118164,4.739999771118164,4.739999771118164,4.739999771118164,4.739999771118164,0
2008-02-14,4.739999771118164,4.739999771118164,4.739999771118164,4.739999771118164,4.739999771118164,0
2008-02-15,4.920000076293945,5.130000114440918,4.650000095367432,5.130000114440918,5.130000114440918,16200
2008-02-19,5.25,5.25,5.099999904632568,5.099999904632568,5.099999904632568,3800
2008-02-20,5.21999979019165,5.25,5.099999904632568,5.099999904632568,5.099999904632568,2700
2008-02-21,5.130000114440918,5.21999979019165,5.099999904632568,5.099999904632568,5.099999904632568,3300
2008-02-22,5.099999904632568,5.25,5.099999904632568,5.130000114440918,5.130000114440918,5700
2008-02-25,5.21999979019165,5.400000095367432,4.679999828338623,5.039999961853027,5.039999961853027,15000
2008-02-26,5.039999961853027,5.340000152587891,5.039999961853027,5.099999904632568,5.099999904632568,9000
2008-02-27,5.130000114440918,5.28000020980835,5.099999904632568,5.099999904632568,5.099999904632568,800
2008-02-28,4.920000076293945,4.920000076293945,4.860000133514404,4.860000133514404,4.860000133514404,0
2008-02-29,4.800000190734863,4.860000133514404,4.769999980926514,4.800000190734863,4.800000190734863,3300
2008-03-03,4.920000076293945,4.980000019073486,4.920000076293945,4.949999809265137,4.949999809265137,900
2008-03-04,4.949999809265137,4.949999809265137,4.710000038146973,4.739999771118164,4.739999771118164,6100
2008-03-05,4.800000190734863,4.800000190734863,4.800000190734863,4.800000190734863,4.800000190734863,100
2008-03-06,4.800000190734863,4.800000190734863,4.800000190734863,4.800000190734863,4.800000190734863,0
2008-03-07,4.739999771118164,4.739999771118164,4.710000038146973,4.710000038146973,4.710000038146973,1300
2008-03-10,4.650000095367432,4.920000076293945,4.619999885559082,4.800000190734863,4.800000190734863,2900
2008-03-11,4.889999866485596,4.920000076293945,4.650000095367432,4.889999866485596,4.889999866485596,1700
2008-03-12,4.800000190734863,4.800000190734863,4.559999942779541,4.710000038146973,4.710000038146973,3900
2008-03-13,4.769999980926514,4.769999980926514,4.769999980926514,4.769999980926514,4.769999980926514,2700
2008-03-14,4.650000095367432,4.769999980926514,4.650000095367432,4.739999771118164,4.739999771118164,2100
2008-03-17,4.769999980926514,4.860000133514404,4.590000152587891,4.739999771118164,4.739999771118164,2200
2008-03-18,4.889999866485596,5.28000020980835,4.650000095367432,5.070000171661377,5.070000171661377,1700
2008-03-19,4.650000095367432,4.920000076293945,4.650000095367432,4.920000076293945,4.920000076293945,0
2008-03-20,4.949999809265137,4.949999809265137,4.650000095367432,4.860000133514404,4.860000133514404,3200
2008-03-24,4.559999942779541,4.590000152587891,4.5,4.590000152587891,4.590000152587891,1800
2008-03-25,4.559999942779541,4.559999942779541,4.380000114440918,4.380000114440918,4.380000114440918,6100
2008-03-26,4.769999980926514,4.769999980926514,4.769999980926514,4.769999980926514,4.769999980926514,600
2008-03-27,4.769999980926514,4.769999980926514,4.769999980926514,4.769999980926514,4.769999980926514,0
2008-03-28,4.53000020980835,4.739999771118164,4.380000114440918,4.380000114440918,4.380000114440918,2100
2008-03-31,4.769999980926514,4.769999980926514,4.5,4.590000152587891,4.590000152587891,2500
2008-04-01,4.650000095367432,4.920000076293945,4.650000095367432,4.920000076293945,4.920000076293945,1600
2008-04-02,5.039999961853027,5.039999961853027,4.920000076293945,4.920000076293945,4.920000076293945,3200
2008-04-03,5.010000228881836,5.010000228881836,4.53000020980835,4.590000152587891,4.590000152587891,5900
2008-04-04,4.590000152587891,4.590000152587891,4.590000152587891,4.590000152587891,4.590000152587891,0
2008-04-07,4.5,4.889999866485596,4.5,4.889999866485596,4.889999866485596,1300
2008-04-08,4.949999809265137,4.949999809265137,4.380000114440918,4.5,4.5,6600
2008-04-09,4.889999866485596,4.889999866485596,4.440000057220459,4.590000152587891,4.590000152587891,1200
2008-04-10,4.949999809265137,4.949999809265137,4.440000057220459,4.559999942779541,4.559999942779541,1100
2008-04-11,4.619999885559082,4.769999980926514,4.5,4.710000038146973,4.710000038146973,7600
2008-04-14,4.46999979019165,4.679999828338623,4.320000171661377,4.440000057220459,4.440000057220459,14400
2008-04-15,4.409999847412109,4.409999847412109,3.7799999713897705,3.900000095367432,3.900000095367432,24000
2008-04-16,4.170000076293945,4.320000171661377,3.930000066757202,4.320000171661377,4.320000171661377,27800
2008-04-17,4.289999961853027,4.380000114440918,4.289999961853027,4.289999961853027,4.289999961853027,2500
2008-04-18,3.9600000381469727,4.440000057220459,3.9600000381469727,4.110000133514404,4.110000133514404,13200
2008-04-21,4.139999866485596,4.139999866485596,3.990000009536743,4.050000190734863,4.050000190734863,23100
2008-04-22,4.349999904632568,4.349999904632568,4.110000133514404,4.320000171661377,4.320000171661377,2700
2008-04-23,4.170000076293945,4.320000171661377,4.019999980926514,4.320000171661377,4.320000171661377,3900
2008-04-24,4.230000019073486,4.409999847412109,4.230000019073486,4.320000171661377,4.320000171661377,700
2008-04-25,4.440000057220459,4.619999885559082,4.409999847412109,4.619999885559082,4.619999885559082,900
2008-04-28,4.590000152587891,5.039999961853027,4.409999847412109,4.679999828338623,4.679999828338623,6500
2008-04-29,5.010000228881836,5.010000228881836,4.619999885559082,4.710000038146973,4.710000038146973,1500
2008-04-30,4.949999809265137,4.949999809265137,4.739999771118164,4.889999866485596,4.889999866485596,2200
2008-05-01,4.710000038146973,4.860000133514404,4.5,4.679999828338623,4.679999828338623,1100
2008-05-02,4.829999923706055,4.829999923706055,4.53000020980835,4.650000095367432,4.650000095367432,8200
2008-05-05,4.650000095367432,4.769999980926514,4.650000095367432,4.739999771118164,4.739999771118164,1700
2008-05-06,4.800000190734863,4.800000190734863,4.710000038146973,4.800000190734863,4.800000190734863,300
2008-05-07,4.739999771118164,4.769999980926514,4.5,4.650000095367432,4.650000095367432,2500
2008-05-08,4.829999923706055,4.829999923706055,4.650000095367432,4.679999828338623,4.679999828338623,2200
2008-05-09,4.769999980926514,4.769999980926514,4.53000020980835,4.650000095367432,4.650000095367432,1500
2008-05-12,4.739999771118164,4.949999809265137,4.710000038146973,4.920000076293945,4.920000076293945,14300
2008-05-13,4.949999809265137,5.21999979019165,4.949999809265137,5.099999904632568,5.099999904632568,5500
2008-05-14,5.130000114440918,5.190000057220459,4.949999809265137,5.099999904632568,5.099999904632568,4800
2008-05-15,5.099999904632568,5.21999979019165,5.010000228881836,5.010000228881836,5.010000228881836,4700
2008-05-16,4.380000114440918,4.800000190734863,4.050000190734863,4.5,4.5,48200
2008-05-19,4.019999980926514,4.380000114440918,3.900000095367432,4.110000133514404,4.110000133514404,11000
2008-05-20,4.079999923706055,4.260000228881836,4.019999980926514,4.230000019073486,4.230000019073486,2700
2008-05-21,4.260000228881836,4.260000228881836,4.050000190734863,4.170000076293945,4.170000076293945,8400
2008-05-22,4.170000076293945,4.260000228881836,4.170000076293945,4.260000228881836,4.260000228881836,2700
2008-05-23,4.230000019073486,4.230000019073486,4.079999923706055,4.079999923706055,4.079999923706055,1600
2008-05-27,4.019999980926514,4.199999809265137,4.019999980926514,4.139999866485596,4.139999866485596,1800
2008-05-28,4.139999866485596,4.139999866485596,3.990000009536743,3.990000009536743,3.990000009536743,8300
2008-05-29,4.050000190734863,4.050000190734863,3.839999914169312,3.900000095367432,3.900000095367432,14400
2008-05-30,3.809999942779541,4.050000190734863,3.690000057220459,3.869999885559082,3.869999885559082,11000
2008-06-02,3.900000095367432,3.9600000381469727,3.75,3.869999885559082,3.869999885559082,5900
2008-06-03,3.869999885559082,3.9600000381469727,3.839999914169312,3.839999914169312,3.839999914169312,6300
2008-06-04,3.930000066757202,3.930000066757202,3.900000095367432,3.900000095367432,3.900000095367432,2000
2008-06-05,3.9600000381469727,4.050000190734863,3.9600000381469727,4.050000190734863,4.050000190734863,2400
2008-06-06,4.019999980926514,4.050000190734863,3.930000066757202,4.019999980926514,4.019999980926514,4700
2008-06-09,4.079999923706055,4.079999923706055,3.990000009536743,3.990000009536743,3.990000009536743,600
2008-06-10,3.900000095367432,3.930000066757202,3.5999999046325684,3.5999999046325684,3.5999999046325684,11400
2008-06-11,3.509999990463257,3.539999961853028,2.759999990463257,3.180000066757202,3.180000066757202,38100
2008-06-12,3.2100000381469727,3.240000009536743,2.549999952316284,3.2100000381469727,3.2100000381469727,60700
2008-06-13,3.240000009536743,3.240000009536743,3.150000095367432,3.180000066757202,3.180000066757202,9100
2008-06-16,3.150000095367432,3.2699999809265137,3.119999885559082,3.240000009536743,3.240000009536743,8400
2008-06-17,3.660000085830689,3.660000085830689,3.359999895095825,3.4800000190734863,3.4800000190734863,5100
2008-06-18,3.569999933242798,3.569999933242798,3.359999895095825,3.4200000762939453,3.4200000762939453,1200
2008-06-19,3.4200000762939453,3.4200000762939453,3.390000104904175,3.4200000762939453,3.4200000762939453,700
2008-06-20,3.3299999237060547,3.359999895095825,3.3299999237060547,3.359999895095825,3.359999895095825,2100
2008-06-23,3.359999895095825,3.359999895095825,3.2699999809265137,3.3299999237060547,3.3299999237060547,4600
2008-06-24,3.2699999809265137,3.2699999809265137,2.940000057220459,3.0899999141693115,3.0899999141693115,15100
2008-06-25,3.0899999141693115,3.119999885559082,3.0,3.0299999713897705,3.0299999713897705,7100
2008-06-26,3.0,3.3299999237060547,3.0,3.299999952316284,3.299999952316284,8800
2008-06-27,3.180000066757202,3.180000066757202,3.150000095367432,3.150000095367432,3.150000095367432,3600
2008-06-30,3.0299999713897705,3.180000066757202,3.0,3.180000066757202,3.180000066757202,9100
2008-07-01,3.0299999713897705,3.180000066757202,3.0,3.0,3.0,2600
2008-07-02,3.0,3.0,3.0,3.0,3.0,0
2008-07-03,3.059999942779541,3.059999942779541,3.059999942779541,3.059999942779541,3.059999942779541,0
2008-07-07,2.940000057220459,2.940000057220459,2.880000114440918,2.880000114440918,2.880000114440918,3100
2008-07-08,2.789999961853028,2.819999933242798,2.700000047683716,2.789999961853028,2.789999961853028,25100
2008-07-09,2.700000047683716,2.7300000190734863,2.700000047683716,2.700000047683716,2.700000047683716,2300
2008-07-10,2.700000047683716,2.700000047683716,2.700000047683716,2.700000047683716,2.700000047683716,8000
2008-07-11,2.700000047683716,2.819999933242798,2.700000047683716,2.789999961853028,2.789999961853028,7900
2008-07-14,2.700000047683716,2.819999933242798,2.700000047683716,2.7300000190734863,2.7300000190734863,3100
2008-07-15,2.759999990463257,2.759999990463257,2.6700000762939453,2.6700000762939453,2.6700000762939453,9900
2008-07-16,2.700000047683716,2.759999990463257,2.700000047683716,2.7300000190734863,2.7300000190734863,300
2008-07-17,2.7300000190734863,3.0,2.7300000190734863,2.880000114440918,2.880000114440918,5100
2008-07-18,3.0,3.0,2.7300000190734863,2.8499999046325684,2.8499999046325684,2200
2008-07-21,2.819999933242798,2.940000057220459,2.819999933242798,2.9100000858306885,2.9100000858306885,2300
2008-07-22,2.9100000858306885,2.9100000858306885,2.9100000858306885,2.9100000858306885,2.9100000858306885,0
2008-07-23,2.8499999046325684,2.880000114440918,2.8499999046325684,2.880000114440918,2.880000114440918,700
2008-07-24,2.7300000190734863,2.7300000190734863,2.700000047683716,2.700000047683716,2.700000047683716,200
2008-07-25,2.700000047683716,3.150000095367432,2.700000047683716,3.0,3.0,6000
2008-07-28,2.819999933242798,2.819999933242798,2.819999933242798,2.819999933242798,2.819999933242798,400
2008-07-29,2.819999933242798,2.940000057220459,2.819999933242798,2.940000057220459,2.940000057220459,5000
2008-07-30,2.940000057220459,2.940000057220459,2.940000057220459,2.940000057220459,2.940000057220459,0
2008-07-31,2.940000057220459,3.180000066757202,2.940000057220459,3.180000066757202,3.180000066757202,4700
2008-08-01,3.240000009536743,3.390000104904175,3.240000009536743,3.390000104904175,3.390000104904175,200
2008-08-04,3.059999942779541,3.059999942779541,3.059999942779541,3.059999942779541,3.059999942779541,1700
2008-08-05,3.119999885559082,3.119999885559082,3.119999885559082,3.119999885559082,3.119999885559082,0
2008-08-06,3.0899999141693115,3.0899999141693115,3.0899999141693115,3.0899999141693115,3.0899999141693115,100
2008-08-07,3.0899999141693115,3.0899999141693115,2.700000047683716,2.8499999046325684,2.8499999046325684,5100
2008-08-08,2.7300000190734863,2.940000057220459,2.7300000190734863,2.940000057220459,2.940000057220459,200
2008-08-11,2.880000114440918,3.0,2.700000047683716,2.819999933242798,2.819999933242798,2000
2008-08-12,2.819999933242798,2.9100000858306885,2.819999933242798,2.8499999046325684,2.8499999046325684,3400
2008-08-13,2.8499999046325684,2.8499999046325684,2.789999961853028,2.789999961853028,2.789999961853028,3300
2008-08-14,2.700000047683716,2.759999990463257,2.6700000762939453,2.700000047683716,2.700000047683716,9000
2008-08-15,2.700000047683716,3.0,2.609999895095825,3.0,3.0,11900
2008-08-18,2.759999990463257,2.759999990463257,2.700000047683716,2.700000047683716,2.700000047683716,1700
2008-08-19,2.789999961853028,2.789999961853028,2.789999961853028,2.789999961853028,2.789999961853028,500
2008-08-20,2.700000047683716,2.819999933242798,2.700000047683716,2.819999933242798,2.819999933242798,2000
2008-08-21,2.789999961853028,2.789999961853028,2.789999961853028,2.789999961853028,2.789999961853028,0
2008-08-22,2.819999933242798,2.819999933242798,2.759999990463257,2.759999990463257,2.759999990463257,700
2008-08-25,2.700000047683716,2.819999933242798,2.700000047683716,2.819999933242798,2.819999933242798,400
2008-08-26,2.700000047683716,2.759999990463257,2.700000047683716,2.700000047683716,2.700000047683716,4600
2008-08-27,2.700000047683716,3.150000095367432,2.609999895095825,2.970000028610229,2.970000028610229,2200
2008-08-28,2.970000028610229,2.970000028610229,2.970000028610229,2.970000028610229,2.970000028610229,0
2008-08-29,2.640000104904175,2.970000028610229,2.609999895095825,2.970000028610229,2.970000028610229,8000
2008-09-02,2.8499999046325684,2.8499999046325684,2.700000047683716,2.8499999046325684,2.8499999046325684,1500
2008-09-03,2.7300000190734863,2.7300000190734863,2.640000104904175,2.640000104904175,2.640000104904175,1400
2008-09-04,2.759999990463257,2.759999990463257,2.759999990463257,2.759999990463257,2.759999990463257,200
2008-09-05,2.789999961853028,2.789999961853028,2.759999990463257,2.759999990463257,2.759999990463257,2000
2008-09-08,2.7300000190734863,2.759999990463257,2.700000047683716,2.700000047683716,2.700000047683716,700
2008-09-09,2.640000104904175,2.700000047683716,2.640000104904175,2.640000104904175,2.640000104904175,7800
2008-09-10,2.6700000762939453,2.6700000762939453,2.640000104904175,2.640000104904175,2.640000104904175,2300
2008-09-11,2.5799999237060547,2.700000047683716,2.5799999237060547,2.5799999237060547,2.5799999237060547,3800
2008-09-12,2.609999895095825,2.6700000762939453,2.549999952316284,2.549999952316284,2.549999952316284,18800
2008-09-15,2.8499999046325684,2.8499999046325684,2.4600000381469727,2.4600000381469727,2.4600000381469727,3400
2008-09-16,2.549999952316284,2.549999952316284,2.430000066757202,2.430000066757202,2.430000066757202,2000
2008-09-17,2.430000066757202,2.430000066757202,2.430000066757202,2.430000066757202,2.430000066757202,100
2008-09-18,2.5799999237060547,2.700000047683716,2.5799999237060547,2.700000047683716,2.700000047683716,1000
2008-09-19,2.4600000381469727,2.700000047683716,2.4600000381469727,2.6700000762939453,2.6700000762939453,6600
2008-09-22,2.549999952316284,2.549999952316284,2.549999952316284,2.549999952316284,2.549999952316284,200
2008-09-23,2.549999952316284,2.6700000762939453,2.490000009536743,2.6700000762939453,2.6700000762939453,5600
2008-09-24,2.490000009536743,2.549999952316284,2.490000009536743,2.549999952316284,2.549999952316284,0
2008-09-25,2.549999952316284,2.549999952316284,2.490000009536743,2.549999952316284,2.549999952316284,5300
2008-09-26,2.549999952316284,2.7300000190734863,2.5199999809265137,2.549999952316284,2.549999952316284,9600
2008-09-29,2.4600000381469727,2.490000009536743,2.130000114440918,2.400000095367432,2.400000095367432,10400
2008-09-30,2.309999942779541,2.8499999046325684,2.309999942779541,2.8499999046325684,2.8499999046325684,5800
2008-10-01,2.8499999046325684,2.8499999046325684,2.8499999046325684,2.8499999046325684,2.8499999046325684,0
2008-10-02,2.549999952316284,2.609999895095825,2.490000009536743,2.490000009536743,2.490000009536743,2800
2008-10-03,2.490000009536743,2.490000009536743,2.490000009536743,2.490000009536743,2.490000009536743,0
2008-10-06,2.1600000858306885,2.400000095367432,2.1600000858306885,2.2799999713897705,2.2799999713897705,7900
2008-10-07,2.2799999713897705,2.2799999713897705,2.190000057220459,2.25,2.25,1300
2008-10-08,2.190000057220459,2.190000057220459,2.1600000858306885,2.1600000858306885,2.1600000858306885,4900
2008-10-09,2.009999990463257,2.130000114440918,2.009999990463257,2.0999999046325684,2.0999999046325684,1400
2008-10-10,1.830000042915344,1.8600000143051147,1.830000042915344,1.8600000143051147,1.8600000143051147,700
2008-10-13,1.830000042915344,2.009999990463257,1.830000042915344,1.8899999856948853,1.8899999856948853,15800
2008-10-14,1.919999957084656,2.130000114440918,1.919999957084656,2.130000114440918,2.130000114440918,6300
2008-10-15,2.0999999046325684,2.0999999046325684,2.0999999046325684,2.0999999046325684,2.0999999046325684,700
2008-10-16,1.9800000190734863,2.009999990463257,1.9800000190734863,2.009999990463257,2.009999990463257,1200
2008-10-17,1.8899999856948853,2.190000057220459,1.8899999856948853,2.190000057220459,2.190000057220459,3500
2008-10-20,2.1600000858306885,2.190000057220459,2.0999999046325684,2.0999999046325684,2.0999999046325684,4300
2008-10-21,2.0999999046325684,2.0999999046325684,2.0999999046325684,2.0999999046325684,2.0999999046325684,0
2008-10-22,1.8600000143051147,1.8899999856948853,1.7999999523162842,1.830000042915344,1.830000042915344,2100
2008-10-23,1.950000047683716,1.950000047683716,1.8600000143051147,1.8899999856948853,1.8899999856948853,1700
2008-10-24,1.8899999856948853,1.8899999856948853,1.8899999856948853,1.8899999856948853,1.8899999856948853,0
2008-10-27,1.8899999856948853,1.8899999856948853,1.8899999856948853,1.8899999856948853,1.8899999856948853,0
2008-10-28,1.830000042915344,1.830000042915344,1.649999976158142,1.7999999523162842,1.7999999523162842,6400
2008-10-29,1.5299999713897705,1.7400000095367432,1.5,1.6799999475479126,1.6799999475479126,9100
2008-10-30,1.559999942779541,1.7699999809265137,1.5299999713897705,1.590000033378601,1.590000033378601,3000
2008-10-31,1.7699999809265137,1.7699999809265137,1.7699999809265137,1.7699999809265137,1.7699999809265137,300
2008-11-03,1.5299999713897705,1.8899999856948853,1.5299999713897705,1.8899999856948853,1.8899999856948853,800
2008-11-04,1.830000042915344,1.8600000143051147,1.7999999523162842,1.8600000143051147,1.8600000143051147,1700
2008-11-05,1.830000042915344,1.830000042915344,1.830000042915344,1.830000042915344,1.830000042915344,100
2008-11-06,1.7400000095367432,1.7400000095367432,1.7400000095367432,1.7400000095367432,1.7400000095367432,0
2008-11-07,1.5299999713897705,1.919999957084656,1.5299999713897705,1.919999957084656,1.919999957084656,1500
2008-11-10,1.6799999475479126,1.7100000381469729,1.6799999475479126,1.7100000381469729,1.7100000381469729,1500
2008-11-11,1.7100000381469729,1.7100000381469729,1.7100000381469729,1.7100000381469729,1.7100000381469729,0
2008-11-12,1.590000033378601,1.649999976158142,1.559999942779541,1.649999976158142,1.649999976158142,2300
2008-11-13,1.559999942779541,1.6799999475479126,1.559999942779541,1.6799999475479126,1.6799999475479126,300
2008-11-14,1.440000057220459,1.5,1.2599999904632568,1.5,1.5,14700
2008-11-17,1.2899999618530271,1.409999966621399,1.2899999618530271,1.409999966621399,1.409999966621399,12900
2008-11-18,1.5,1.5,1.2899999618530271,1.350000023841858,1.350000023841858,4200
2008-11-19,1.350000023841858,1.5,1.2899999618530271,1.2899999618530271,1.2899999618530271,21400
2008-11-20,1.7400000095367432,1.7400000095367432,1.3200000524520874,1.559999942779541,1.559999942779541,9300
2008-11-21,1.5299999713897705,1.649999976158142,1.5299999713897705,1.649999976158142,1.649999976158142,9500
2008-11-24,1.5,1.5,1.5,1.5,1.5,200
2008-11-25,1.440000057220459,1.440000057220459,1.350000023841858,1.409999966621399,1.409999966621399,3000
2008-11-26,1.350000023841858,1.590000033378601,1.350000023841858,1.4700000286102295,1.4700000286102295,2400
2008-11-28,1.440000057220459,1.6200000047683716,1.3799999952316284,1.6200000047683716,1.6200000047683716,2200
2008-12-01,1.5,1.5,1.5,1.5,1.5,3300
2008-12-02,1.5,1.5,1.5,1.5,1.5,200
2008-12-03,1.5,1.5,1.5,1.5,1.5,0
2008-12-04,1.350000023841858,1.4700000286102295,1.2899999618530271,1.4700000286102295,1.4700000286102295,6300
2008-12-05,1.350000023841858,1.5,1.350000023841858,1.350000023841858,1.350000023841858,3200
2008-12-08,1.0499999523162842,1.3799999952316284,1.0499999523162842,1.3799999952316284,1.3799999952316284,12600
2008-12-09,1.2000000476837158,1.3799999952316284,1.2000000476837158,1.3799999952316284,1.3799999952316284,16300
2008-12-10,1.440000057220459,1.5,1.2899999618530271,1.350000023841858,1.350000023841858,1900
2008-12-11,1.350000023841858,1.350000023841858,1.350000023841858,1.350000023841858,1.350000023841858,0
2008-12-12,1.2599999904632568,1.2899999618530271,1.2599999904632568,1.2899999618530271,1.2899999618530271,100
2008-12-15,1.2000000476837158,1.2000000476837158,1.1399999856948853,1.1699999570846558,1.1699999570846558,2400
2008-12-16,1.0800000429153442,1.1699999570846558,1.0800000429153442,1.1399999856948853,1.1399999856948853,5300
2008-12-17,1.0499999523162842,1.2000000476837158,1.0499999523162842,1.0800000429153442,1.0800000429153442,11500
2008-12-18,1.0800000429153442,1.1699999570846558,1.0800000429153442,1.1699999570846558,1.1699999570846558,1700
2008-12-19,1.0800000429153442,1.3200000524520874,1.0499999523162842,1.0800000429153442,1.0800000429153442,5200
2008-12-22,1.0800000429153442,1.1399999856948853,1.0499999523162842,1.0499999523162842,1.0499999523162842,10300
2008-12-23,1.1399999856948853,1.2000000476837158,1.1399999856948853,1.1699999570846558,1.1699999570846558,3600
2008-12-24,1.2000000476837158,1.2899999618530271,1.2000000476837158,1.2300000190734863,1.2300000190734863,1400
2008-12-26,1.1399999856948853,1.2599999904632568,1.1399999856948853,1.2599999904632568,1.2599999904632568,1000
2008-12-29,1.1699999570846558,1.4700000286102295,1.1699999570846558,1.2300000190734863,1.2300000190734863,23800
2008-12-30,1.440000057220459,1.440000057220459,1.3799999952316284,1.440000057220459,1.440000057220459,6300
2008-12-31,1.5,1.5,1.2899999618530271,1.2899999618530271,1.2899999618530271,9700
2009-01-02,1.1699999570846558,1.5,1.1699999570846558,1.5,1.5,4000
2009-01-05,1.0199999809265137,1.5,1.0199999809265137,1.5,1.5,2000
2009-01-06,1.4700000286102295,1.4700000286102295,1.409999966621399,1.409999966621399,1.409999966621399,4200
2009-01-07,1.3799999952316284,1.3799999952316284,1.350000023841858,1.350000023841858,1.350000023841858,800
2009-01-08,1.350000023841858,1.350000023841858,1.350000023841858,1.350000023841858,1.350000023841858,3600
2009-01-09,1.3799999952316284,1.4700000286102295,1.3799999952316284,1.409999966621399,1.409999966621399,4000
2009-01-12,1.5,1.5,1.440000057220459,1.440000057220459,1.440000057220459,2800
2009-01-13,1.409999966621399,1.409999966621399,1.350000023841858,1.3799999952316284,1.3799999952316284,2100
2009-01-14,1.350000023841858,1.350000023841858,1.350000023841858,1.350000023841858,1.350000023841858,400
2009-01-15,1.350000023841858,1.350000023841858,1.350000023841858,1.350000023841858,1.350000023841858,200
2009-01-16,1.3799999952316284,1.3799999952316284,1.3799999952316284,1.3799999952316284,1.3799999952316284,300
2009-01-20,1.0499999523162842,1.1699999570846558,1.0499999523162842,1.1699999570846558,1.1699999570846558,6700
2009-01-21,1.2599999904632568,1.2899999618530271,1.2000000476837158,1.2599999904632568,1.2599999904632568,3500
2009-01-22,1.2599999904632568,1.2599999904632568,1.2599999904632568,1.2599999904632568,1.2599999904632568,0
2009-01-23,1.2599999904632568,1.2599999904632568,1.2599999904632568,1.2599999904632568,1.2599999904632568,0
2009-01-26,1.2000000476837158,1.2899999618530271,1.2000000476837158,1.2000000476837158,1.2000000476837158,5400
2009-01-27,1.2300000190734863,1.2300000190734863,1.2300000190734863,1.2300000190734863,1.2300000190734863,400
2009-01-28,1.2000000476837158,1.3799999952316284,1.2000000476837158,1.3799999952316284,1.3799999952316284,1700
2009-01-29,1.2599999904632568,1.2599999904632568,1.2599999904632568,1.2599999904632568,1.2599999904632568,600
2009-01-30,1.2300000190734863,1.3799999952316284,1.2000000476837158,1.2000000476837158,1.2000000476837158,2900
2009-02-02,1.350000023841858,1.350000023841858,1.350000023841858,1.350000023841858,1.350000023841858,0
2009-02-03,1.2300000190734863,1.2300000190734863,1.1399999856948853,1.2300000190734863,1.2300000190734863,700
2009-02-04,1.2300000190734863,1.2300000190734863,1.2300000190734863,1.2300000190734863,1.2300000190734863,800
2009-02-05,1.2300000190734863,1.2599999904632568,1.2300000190734863,1.2599999904632568,1.2599999904632568,1200
2009-02-06,1.1699999570846558,1.2599999904632568,1.1399999856948853,1.2599999904632568,1.2599999904632568,1600
2009-02-09,1.2000000476837158,1.2000000476837158,1.1399999856948853,1.2000000476837158,1.2000000476837158,2200
2009-02-10,1.2000000476837158,1.2000000476837158,1.2000000476837158,1.2000000476837158,1.2000000476837158,0
2009-02-11,1.1699999570846558,1.1699999570846558,1.1699999570846558,1.1699999570846558,1.1699999570846558,200
2009-02-12,1.1699999570846558,1.350000023841858,1.1699999570846558,1.2000000476837158,1.2000000476837158,11300
2009-02-13,1.3200000524520874,1.409999966621399,1.3200000524520874,1.350000023841858,1.350000023841858,6400
2009-02-17,1.350000023841858,1.350000023841858,1.2599999904632568,1.2599999904632568,1.2599999904632568,2800
2009-02-18,1.2000000476837158,1.2599999904632568,1.0800000429153442,1.0800000429153442,1.0800000429153442,5300
2009-02-19,1.2000000476837158,1.2000000476837158,1.1399999856948853,1.1399999856948853,1.1399999856948853,4000
2009-02-20,1.1399999856948853,1.1399999856948853,1.0800000429153442,1.1100000143051147,1.1100000143051147,700
2009-02-23,1.0800000429153442,1.1399999856948853,1.0800000429153442,1.1399999856948853,1.1399999856948853,3800
2009-02-24,1.0800000429153442,1.1699999570846558,1.0800000429153442,1.1699999570846558,1.1699999570846558,3300
2009-02-25,1.1100000143051147,1.1699999570846558,1.1100000143051147,1.1699999570846558,1.1699999570846558,1100
2009-02-26,1.1699999570846558,1.1699999570846558,1.1699999570846558,1.1699999570846558,1.1699999570846558,0
2009-02-27,1.1699999570846558,1.1699999570846558,1.1699999570846558,1.1699999570846558,1.1699999570846558,0
2009-03-02,1.0800000429153442,1.0800000429153442,1.0499999523162842,1.0499999523162842,1.0499999523162842,7900
2009-03-03,1.0499999523162842,1.0499999523162842,0.8100000023841858,0.8100000023841858,0.8100000023841858,37400
2009-03-04,0.9300000071525574,0.9900000095367432,0.8999999761581421,0.9900000095367432,0.9900000095367432,4000
2009-03-05,0.959999978542328,0.959999978542328,0.959999978542328,0.959999978542328,0.959999978542328,800
2009-03-06,0.959999978542328,0.959999978542328,0.959999978542328,0.959999978542328,0.959999978542328,0
2009-03-09,0.8999999761581421,0.8999999761581421,0.8999999761581421,0.8999999761581421,0.8999999761581421,0
2009-03-10,0.959999978542328,1.2300000190734863,0.959999978542328,1.0199999809265137,1.0199999809265137,2700
2009-03-11,0.9900000095367432,1.0499999523162842,0.9900000095367432,1.0499999523162842,1.0499999523162842,3600
2009-03-12,1.1399999856948853,1.1399999856948853,1.0800000429153442,1.0800000429153442,1.0800000429153442,4700
2009-03-13,1.0800000429153442,1.1399999856948853,1.0800000429153442,1.1100000143051147,1.1100000143051147,6900
2009-03-16,0.9900000095367432,1.1100000143051147,0.8399999737739563,0.9900000095367432,0.9900000095367432,9000
2009-03-17,1.0800000429153442,1.2000000476837158,1.0499999523162842,1.0499999523162842,1.0499999523162842,3100
2009-03-18,1.2000000476837158,1.2000000476837158,1.2000000476837158,1.2000000476837158,1.2000000476837158,100
2009-03-19,1.2300000190734863,1.2599999904632568,1.1399999856948853,1.1399999856948853,1.1399999856948853,3200
2009-03-20,1.1399999856948853,1.1399999856948853,1.1399999856948853,1.1399999856948853,1.1399999856948853,0
2009-03-23,1.0499999523162842,1.2000000476837158,1.0199999809265137,1.2000000476837158,1.2000000476837158,8100
2009-03-24,1.2000000476837158,1.2000000476837158,1.0800000429153442,1.0800000429153442,1.0800000429153442,13000
2009-03-25,1.0800000429153442,1.1699999570846558,1.0800000429153442,1.1100000143051147,1.1100000143051147,2800
2009-03-26,1.2899999618530271,1.350000023841858,1.1699999570846558,1.350000023841858,1.350000023841858,2900
2009-03-27,1.350000023841858,1.409999966621399,1.2300000190734863,1.2300000190734863,1.2300000190734863,5800
2009-03-30,1.2300000190734863,1.2300000190734863,1.2000000476837158,1.2000000476837158,1.2000000476837158,1300
2009-03-31,1.2899999618530271,1.2899999618530271,1.2899999618530271,1.2899999618530271,1.2899999618530271,2200
2009-04-01,1.2899999618530271,1.2899999618530271,1.2599999904632568,1.2599999904632568,1.2599999904632568,2700
2009-04-02,1.2899999618530271,1.2899999618530271,1.2300000190734863,1.2300000190734863,1.2300000190734863,3000
2009-04-03,1.2599999904632568,1.2599999904632568,1.2599999904632568,1.2599999904632568,1.2599999904632568,1500
2009-04-06,1.2000000476837158,1.3200000524520874,1.1699999570846558,1.3200000524520874,1.3200000524520874,7500
2009-04-07,1.2599999904632568,1.2599999904632568,1.1699999570846558,1.2000000476837158,1.2000000476837158,10400
2009-04-08,1.2000000476837158,1.2000000476837158,1.2000000476837158,1.2000000476837158,1.2000000476837158,0
2009-04-09,1.2300000190734863,1.2899999618530271,1.2000000476837158,1.2000000476837158,1.2000000476837158,8700
2009-04-13,1.2300000190734863,1.2300000190734863,1.1399999856948853,1.2000000476837158,1.2000000476837158,5800
2009-04-14,1.2000000476837158,1.2000000476837158,1.1399999856948853,1.1699999570846558,1.1699999570846558,5800
2009-04-15,1.2000000476837158,1.2300000190734863,1.1399999856948853,1.2300000190734863,1.2300000190734863,4300
2009-04-16,1.2000000476837158,1.2000000476837158,1.1699999570846558,1.1699999570846558,1.1699999570846558,600
2009-04-17,1.2000000476837158,1.2899999618530271,1.1399999856948853,1.2899999618530271,1.2899999618530271,4900
2009-04-20,1.1699999570846558,1.2599999904632568,1.1399999856948853,1.2599999904632568,1.2599999904632568,3400
2009-04-21,0.9900000095367432,1.1699999570846558,0.9900000095367432,1.1399999856948853,1.1399999856948853,5100
2009-04-22,1.1699999570846558,1.2899999618530271,1.1699999570846558,1.2899999618530271,1.2899999618530271,2500
2009-04-23,1.2000000476837158,1.2000000476837158,1.2000000476837158,1.2000000476837158,1.2000000476837158,1900
2009-04-24,1.2000000476837158,1.2000000476837158,1.2000000476837158,1.2000000476837158,1.2000000476837158,5100
2009-04-27,1.1699999570846558,1.2000000476837158,1.1399999856948853,1.1399999856948853,1.1399999856948853,6600
2009-04-28,1.1699999570846558,1.2000000476837158,1.1699999570846558,1.2000000476837158,1.2000000476837158,5700
2009-04-29,1.2000000476837158,1.2899999618530271,1.2000000476837158,1.2599999904632568,1.2599999904632568,3900
2009-04-30,1.2599999904632568,1.3200000524520874,1.2599999904632568,1.2599999904632568,1.2599999904632568,2400
2009-05-01,1.2599999904632568,1.2599999904632568,1.2599999904632568,1.2599999904632568,1.2599999904632568,0
2009-05-04,1.350000023841858,1.440000057220459,1.2599999904632568,1.350000023841858,1.350000023841858,3200
2009-05-05,1.350000023841858,1.350000023841858,1.350000023841858,1.350000023841858,1.350000023841858,0
2009-05-06,1.5,1.5,1.4700000286102295,1.4700000286102295,1.4700000286102295,900
2009-05-07,1.649999976158142,1.649999976158142,1.5,1.5,1.5,11200
2009-05-08,1.5,1.5,1.4700000286102295,1.4700000286102295,1.4700000286102295,1100
2009-05-11,1.7400000095367432,1.7400000095367432,1.350000023841858,1.350000023841858,1.350000023841858,1500
2009-05-12,1.5,1.5,1.5,1.5,1.5,1300
2009-05-13,1.5,1.5,1.5,1.5,1.5,200
2009-05-14,1.2899999618530271,1.440000057220459,1.2899999618530271,1.409999966621399,1.409999966621399,9700
2009-05-15,0.959999978542328,1.3200000524520874,0.959999978542328,1.1100000143051147,1.1100000143051147,31400
2009-05-18,1.1399999856948853,1.2000000476837158,1.0800000429153442,1.1100000143051147,1.1100000143051147,2400
2009-05-19,1.0800000429153442,1.0800000429153442,0.9900000095367432,1.0499999523162842,1.0499999523162842,10200
2009-05-20,1.0800000429153442,1.0800000429153442,1.0499999523162842,1.0499999523162842,1.0499999523162842,2000
2009-05-21,1.0499999523162842,1.0800000429153442,1.0199999809265137,1.0800000429153442,1.0800000429153442,4200
2009-05-22,1.0800000429153442,1.0800000429153442,1.0499999523162842,1.0499999523162842,1.0499999523162842,1900
2009-05-26,0.9900000095367432,1.1100000143051147,0.9900000095367432,1.1100000143051147,1.1100000143051147,400
2009-05-27,1.0800000429153442,1.0800000429153442,1.0499999523162842,1.0499999523162842,1.0499999523162842,1000
2009-05-28,1.1100000143051147,1.1100000143051147,1.0199999809265137,1.1100000143051147,1.1100000143051147,5200
2009-05-29,1.0800000429153442,1.2000000476837158,1.0800000429153442,1.2000000476837158,1.2000000476837158,3100
2009-06-01,0.8700000047683716,1.2000000476837158,0.8700000047683716,1.0800000429153442,1.0800000429153442,15800
2009-06-02,1.1699999570846558,1.2000000476837158,1.1399999856948853,1.1699999570846558,1.1699999570846558,10300
2009-06-03,1.1399999856948853,1.2300000190734863,1.0800000429153442,1.1699999570846558,1.1699999570846558,5000
2009-06-04,1.2599999904632568,1.2599999904632568,1.1399999856948853,1.1399999856948853,1.1399999856948853,5000
2009-06-05,1.1399999856948853,1.2300000190734863,1.1399999856948853,1.2000000476837158,1.2000000476837158,2200
2009-06-08,1.1699999570846558,1.1699999570846558,1.1699999570846558,1.1699999570846558,1.1699999570846558,400
2009-06-09,1.2000000476837158,1.2000000476837158,1.2000000476837158,1.2000000476837158,1.2000000476837158,1000
2009-06-10,1.2000000476837158,1.350000023841858,1.1699999570846558,1.2000000476837158,1.2000000476837158,15000
2009-06-11,1.350000023841858,1.919999957084656,1.2599999904632568,1.2599999904632568,1.2599999904632568,28300
2009-06-12,1.3200000524520874,1.4700000286102295,1.3200000524520874,1.4700000286102295,1.4700000286102295,16100
2009-06-15,1.3799999952316284,1.409999966621399,1.3200000524520874,1.3200000524520874,1.3200000524520874,4700
2009-06-16,1.3200000524520874,1.3200000524520874,1.2899999618530271,1.2899999618530271,1.2899999618530271,1300
2009-06-17,1.3200000524520874,1.3200000524520874,1.2899999618530271,1.2899999618530271,1.2899999618530271,1800
2009-06-18,1.2899999618530271,1.3200000524520874,1.2599999904632568,1.3200000524520874,1.3200000524520874,1200
2009-06-19,1.3200000524520874,1.3200000524520874,1.2599999904632568,1.2599999904632568,1.2599999904632568,400
2009-06-22,1.3200000524520874,1.350000023841858,1.2599999904632568,1.350000023841858,1.350000023841858,1400
2009-06-23,1.2899999618530271,1.2899999618530271,1.2599999904632568,1.2899999618530271,1.2899999618530271,600
2009-06-24,1.2899999618530271,1.440000057220459,1.2599999904632568,1.2599999904632568,1.2599999904632568,500
2009-06-25,1.2300000190734863,1.350000023841858,1.2000000476837158,1.350000023841858,1.350000023841858,3100
2009-06-26,1.2899999618530271,1.5299999713897705,1.2599999904632568,1.3200000524520874,1.3200000524520874,5100
2009-06-29,1.3200000524520874,1.3200000524520874,1.2300000190734863,1.2300000190734863,1.2300000190734863,1800
2009-06-30,1.3200000524520874,1.409999966621399,1.2599999904632568,1.3200000524520874,1.3200000524520874,17600
2009-07-01,1.440000057220459,1.440000057220459,1.2599999904632568,1.350000023841858,1.350000023841858,2700
2009-07-02,1.409999966621399,1.409999966621399,1.409999966621399,1.409999966621399,1.409999966621399,800
2009-07-06,1.3200000524520874,1.3200000524520874,1.3200000524520874,1.3200000524520874,1.3200000524520874,2600
2009-07-07,1.3200000524520874,1.350000023841858,1.3200000524520874,1.3200000524520874,1.3200000524520874,5900
2009-07-08,1.2899999618530271,1.2899999618530271,1.2899999618530271,1.2899999618530271,1.2899999618530271,100
2009-07-09,1.2300000190734863,1.2899999618530271,1.2300000190734863,1.2899999618530271,1.2899999618530271,2700
2009-07-10,1.2899999618530271,1.2899999618530271,1.2899999618530271,1.2899999618530271,1.2899999618530271,0
2009-07-13,1.2300000190734863,1.2599999904632568,1.2300000190734863,1.2300000190734863,1.2300000190734863,3200
2009-07-14,1.2300000190734863,1.3200000524520874,1.2300000190734863,1.3200000524520874,1.3200000524520874,1900
2009-07-15,1.2300000190734863,1.2899999618530271,1.2300000190734863,1.2899999618530271,1.2899999618530271,500
2009-07-16,1.2599999904632568,1.2599999904632568,1.1699999570846558,1.2599999904632568,1.2599999904632568,3300
2009-07-17,1.2000000476837158,1.2599999904632568,1.2000000476837158,1.2599999904632568,1.2599999904632568,800
2009-07-20,1.2599999904632568,1.2599999904632568,1.2599999904632568,1.2599999904632568,1.2599999904632568,0
2009-07-21,1.2599999904632568,1.2899999618530271,1.2599999904632568,1.2899999618530271,1.2899999618530271,400
2009-07-22,1.2899999618530271,1.2899999618530271,1.2899999618530271,1.2899999618530271,1.2899999618530271,300
2009-07-23,1.2899999618530271,1.350000023841858,1.2899999618530271,1.350000023841858,1.350000023841858,1100
2009-07-24,1.350000023841858,1.350000023841858,1.3200000524520874,1.3200000524520874,1.3200000524520874,900
2009-07-27,1.3200000524520874,1.350000023841858,1.3200000524520874,1.350000023841858,1.350000023841858,400
2009-07-28,1.2899999618530271,1.2899999618530271,1.2899999618530271,1.2899999618530271,1.2899999618530271,0
2009-07-29,1.2899999618530271,1.2899999618530271,1.2899999618530271,1.2899999618530271,1.2899999618530271,0
2009-07-30,1.3200000524520874,1.3200000524520874,1.3200000524520874,1.3200000524520874,1.3200000524520874,300
2009-07-31,1.3200000524520874,1.3200000524520874,1.3200000524520874,1.3200000524520874,1.3200000524520874,100
2009-08-03,1.3200000524520874,1.409999966621399,1.2599999904632568,1.2899999618530271,1.2899999618530271,2400
2009-08-04,1.3200000524520874,1.3200000524520874,1.2899999618530271,1.2899999618530271,1.2899999618530271,4300
2009-08-05,1.2599999904632568,1.2599999904632568,1.1399999856948853,1.2300000190734863,1.2300000190734863,8200
2009-08-06,1.2300000190734863,1.2300000190734863,1.2000000476837158,1.2300000190734863,1.2300000190734863,2300
2009-08-07,1.350000023841858,1.350000023841858,1.2599999904632568,1.2599999904632568,1.2599999904632568,2000
2009-08-10,1.2599999904632568,1.2599999904632568,1.2300000190734863,1.2599999904632568,1.2599999904632568,2500
2009-08-11,1.2300000190734863,1.3200000524520874,1.2300000190734863,1.3200000524520874,1.3200000524520874,6100
2009-08-12,1.3200000524520874,1.3200000524520874,1.3200000524520874,1.3200000524520874,1.3200000524520874,1600
2009-08-13,1.3200000524520874,1.3799999952316284,1.3200000524520874,1.350000023841858,1.350000023841858,600
2009-08-14,1.350000023841858,1.350000023841858,1.350000023841858,1.350000023841858,1.350000023841858,0
2009-08-17,1.350000023841858,1.350000023841858,1.2599999904632568,1.350000023841858,1.350000023841858,600
2009-08-18,1.350000023841858,1.350000023841858,1.350000023841858,1.350000023841858,1.350000023841858,0
2009-08-19,1.2599999904632568,1.3200000524520874,1.2599999904632568,1.3200000524520874,1.3200000524520874,1000
2009-08-20,1.1399999856948853,1.2899999618530271,1.1399999856948853,1.2899999618530271,1.2899999618530271,1700
2009-08-21,1.2899999618530271,1.2899999618530271,1.2899999618530271,1.2899999618530271,1.2899999618530271,0
2009-08-24,1.3200000524520874,1.3200000524520874,1.3200000524520874,1.3200000524520874,1.3200000524520874,1300
2009-08-25,1.350000023841858,1.7999999523162842,1.350000023841858,1.5,1.5,8300
2009-08-26,1.5,1.5,1.5,1.5,1.5,0
2009-08-27,1.409999966621399,1.590000033378601,1.350000023841858,1.350000023841858,1.350000023841858,4400
2009-08-28,1.5,1.5299999713897705,1.4700000286102295,1.5299999713897705,1.5299999713897705,400
2009-08-31,1.5299999713897705,1.5299999713897705,1.409999966621399,1.440000057220459,1.440000057220459,1700
2009-09-01,1.350000023841858,1.3799999952316284,1.350000023841858,1.3799999952316284,1.3799999952316284,1900
2009-09-02,1.2599999904632568,1.440000057220459,1.2599999904632568,1.350000023841858,1.350000023841858,1400
2009-09-03,1.350000023841858,1.350000023841858,1.350000023841858,1.350000023841858,1.350000023841858,0
2009-09-04,1.350000023841858,1.350000023841858,1.350000023841858,1.350000023841858,1.350000023841858,3000
2009-09-08,1.350000023841858,1.350000023841858,1.350000023841858,1.350000023841858,1.350000023841858,900
2009-09-09,1.350000023841858,1.350000023841858,1.350000023841858,1.350000023841858,1.350000023841858,0
2009-09-10,1.409999966621399,1.409999966621399,1.350000023841858,1.350000023841858,1.350000023841858,200
2009-09-11,1.440000057220459,1.440000057220459,1.440000057220459,1.440000057220459,1.440000057220459,1800
2009-09-14,1.5,1.5,1.5,1.5,1.5,100
2009-09-15,1.5,1.5,1.440000057220459,1.440000057220459,1.440000057220459,2200
2009-09-16,1.5,1.5,1.2000000476837158,1.409999966621399,1.409999966621399,1600
2009-09-17,1.409999966621399,1.409999966621399,1.409999966621399,1.409999966621399,1.409999966621399,1600
2009-09-18,1.7999999523162842,2.069999933242798,1.6799999475479126,1.7999999523162842,1.7999999523162842,50500
2009-09-21,1.7699999809265137,1.8899999856948853,1.7699999809265137,1.7999999523162842,1.7999999523162842,1900
2009-09-22,1.830000042915344,1.919999957084656,1.830000042915344,1.830000042915344,1.830000042915344,4800
2009-09-23,2.069999933242798,2.069999933242798,1.8600000143051147,1.8600000143051147,1.8600000143051147,2900
2009-09-24,1.8899999856948853,1.950000047683716,1.649999976158142,1.950000047683716,1.950000047683716,2200
2009-09-25,1.950000047683716,1.950000047683716,1.919999957084656,1.919999957084656,1.919999957084656,600
2009-09-28,2.220000028610229,2.220000028610229,1.7400000095367432,1.7400000095367432,1.7400000095367432,8900
2009-09-29,1.7100000381469729,1.7999999523162842,1.6799999475479126,1.6799999475479126,1.6799999475479126,4900
2009-09-30,1.7400000095367432,1.7699999809265137,1.7400000095367432,1.7699999809265137,1.7699999809265137,700
2009-10-01,1.7699999809265137,1.7699999809265137,1.7400000095367432,1.7400000095367432,1.7400000095367432,600
2009-10-02,1.7699999809265137,1.950000047683716,1.7400000095367432,1.830000042915344,1.830000042915344,42900
2009-10-05,1.830000042915344,2.039999961853028,1.830000042915344,1.8600000143051147,1.8600000143051147,1000
2009-10-06,1.830000042915344,1.8600000143051147,1.830000042915344,1.830000042915344,1.830000042915344,800
2009-10-07,1.649999976158142,1.8600000143051147,1.649999976158142,1.7699999809265137,1.7699999809265137,4300
2009-10-08,1.6799999475479126,1.7699999809265137,1.6799999475479126,1.7400000095367432,1.7400000095367432,3000
2009-10-09,1.7400000095367432,1.7699999809265137,1.649999976158142,1.7400000095367432,1.7400000095367432,6600
2009-10-12,1.559999942779541,1.7100000381469729,1.559999942779541,1.7100000381469729,1.7100000381469729,800
2009-10-13,1.5,1.7400000095367432,1.5,1.7400000095367432,1.7400000095367432,3600
2009-10-14,1.7400000095367432,1.7400000095367432,1.7100000381469729,1.7100000381469729,1.7100000381469729,4600
2009-10-15,1.7100000381469729,1.7100000381469729,1.7100000381469729,1.7100000381469729,1.7100000381469729,800
2009-10-16,1.7100000381469729,1.7100000381469729,1.7100000381469729,1.7100000381469729,1.7100000381469729,6600
2009-10-19,1.7100000381469729,1.7400000095367432,1.6799999475479126,1.7100000381469729,1.7100000381469729,14800
2009-10-20,1.7100000381469729,1.7100000381469729,1.7100000381469729,1.7100000381469729,1.7100000381469729,200
2009-10-21,1.7400000095367432,1.8600000143051147,1.7400000095367432,1.7999999523162842,1.7999999523162842,2800
2009-10-22,1.7400000095367432,1.7999999523162842,1.7400000095367432,1.7999999523162842,1.7999999523162842,3600
2009-10-23,1.830000042915344,1.830000042915344,1.7999999523162842,1.830000042915344,1.830000042915344,2800
2009-10-26,1.830000042915344,1.8600000143051147,1.830000042915344,1.8600000143051147,1.8600000143051147,1400
2009-10-27,1.8600000143051147,1.8600000143051147,1.7400000095367432,1.8600000143051147,1.8600000143051147,3200
2009-10-28,1.7400000095367432,1.7999999523162842,1.649999976158142,1.7699999809265137,1.7699999809265137,2900
2009-10-29,1.919999957084656,2.25,1.919999957084656,1.9800000190734863,1.9800000190734863,24700
2009-10-30,1.9800000190734863,1.9800000190734863,1.830000042915344,1.919999957084656,1.919999957084656,11200
2009-11-02,1.7999999523162842,1.950000047683716,1.7999999523162842,1.830000042915344,1.830000042915344,3500
2009-11-03,1.8600000143051147,2.190000057220459,1.7999999523162842,1.9800000190734863,1.9800000190734863,11600
2009-11-04,1.919999957084656,2.069999933242798,1.8600000143051147,1.9800000190734863,1.9800000190734863,3300
2009-11-05,1.9800000190734863,2.009999990463257,1.8899999856948853,1.950000047683716,1.950000047683716,5700
2009-11-06,1.950000047683716,1.9800000190734863,1.8600000143051147,1.950000047683716,1.950000047683716,8900
2009-11-09,1.9800000190734863,2.039999961853028,1.950000047683716,2.039999961853028,2.039999961853028,6700
2009-11-10,2.130000114440918,2.130000114440918,2.039999961853028,2.039999961853028,2.039999961853028,1400
2009-11-11,2.039999961853028,2.039999961853028,2.039999961853028,2.039999961853028,2.039999961853028,1100
2009-11-12,2.039999961853028,2.039999961853028,1.919999957084656,1.919999957084656,1.919999957084656,600
2009-11-13,2.069999933242798,2.069999933242798,2.069999933242798,2.069999933242798,2.069999933242798,100
2009-11-16,1.8899999856948853,1.919999957084656,1.8899999856948853,1.919999957084656,1.919999957084656,800
2009-11-17,2.069999933242798,2.069999933242798,1.950000047683716,1.950000047683716,1.950000047683716,1300
2009-11-18,1.950000047683716,1.950000047683716,1.950000047683716,1.950000047683716,1.950000047683716,0
2009-11-19,1.950000047683716,1.950000047683716,1.950000047683716,1.950000047683716,1.950000047683716,0
2009-11-20,1.950000047683716,1.950000047683716,1.950000047683716,1.950000047683716,1.950000047683716,0
2009-11-23,1.830000042915344,1.8600000143051147,1.830000042915344,1.8600000143051147,1.8600000143051147,100
2009-11-24,1.8600000143051147,1.8600000143051147,1.830000042915344,1.830000042915344,1.830000042915344,2400
2009-11-25,1.8600000143051147,1.8600000143051147,1.830000042915344,1.830000042915344,1.830000042915344,1600
2009-11-27,1.830000042915344,1.830000042915344,1.830000042915344,1.830000042915344,1.830000042915344,0
2009-11-30,1.8899999856948853,1.8899999856948853,1.8899999856948853,1.8899999856948853,1.8899999856948853,8300
2009-12-01,1.8600000143051147,1.8600000143051147,1.7999999523162842,1.830000042915344,1.830000042915344,3300
2009-12-02,1.8899999856948853,1.8899999856948853,1.7999999523162842,1.8899999856948853,1.8899999856948853,1100
2009-12-03,1.830000042915344,1.830000042915344,1.830000042915344,1.830000042915344,1.830000042915344,600
2009-12-04,1.8600000143051147,1.8600000143051147,1.8600000143051147,1.8600000143051147,1.8600000143051147,500
2009-12-07,2.009999990463257,2.009999990463257,1.8600000143051147,1.8600000143051147,1.8600000143051147,1700
2009-12-08,1.8600000143051147,1.8600000143051147,1.8600000143051147,1.8600000143051147,1.8600000143051147,1600
2009-12-09,1.8600000143051147,1.8600000143051147,1.8600000143051147,1.8600000143051147,1.8600000143051147,800
2009-12-10,1.8600000143051147,1.8600000143051147,1.7999999523162842,1.8600000143051147,1.8600000143051147,8200
2009-12-11,1.8600000143051147,1.8600000143051147,1.5,1.6799999475479126,1.6799999475479126,55000
2009-12-14,1.5299999713897705,1.6799999475479126,1.5299999713897705,1.590000033378601,1.590000033378601,3600
2009-12-15,1.2000000476837158,1.590000033378601,1.2000000476837158,1.559999942779541,1.559999942779541,5400
2009-12-16,1.4700000286102295,1.4700000286102295,1.440000057220459,1.4700000286102295,1.4700000286102295,600
2009-12-17,1.4700000286102295,1.4700000286102295,1.4700000286102295,1.4700000286102295,1.4700000286102295,0
2009-12-18,1.3799999952316284,1.5,1.350000023841858,1.3799999952316284,1.3799999952316284,2400
2009-12-21,1.440000057220459,1.5299999713897705,1.440000057220459,1.5,1.5,69400
2009-12-22,1.409999966621399,1.5,1.3799999952316284,1.5,1.5,1100
2009-12-23,1.5299999713897705,1.5299999713897705,1.3799999952316284,1.5,1.5,16800
2009-12-24,1.559999942779541,1.559999942779541,1.5,1.5299999713897705,1.5299999713897705,7700
2009-12-28,1.5,1.5299999713897705,1.5,1.5,1.5,3300
2009-12-29,1.5,1.5299999713897705,1.5,1.5,1.5,25000
2009-12-30,1.5299999713897705,1.559999942779541,1.409999966621399,1.5,1.5,25700
2009-12-31,1.5,1.559999942779541,1.5,1.5299999713897705,1.5299999713897705,19200
2010-01-04,1.5,1.5299999713897705,1.5,1.5299999713897705,1.5299999713897705,700
2010-01-05,1.5299999713897705,1.5299999713897705,1.440000057220459,1.4700000286102295,1.4700000286102295,10400
2010-01-06,1.5,1.5,1.440000057220459,1.440000057220459,1.440000057220459,2700
2010-01-07,1.5,1.5,1.440000057220459,1.4700000286102295,1.4700000286102295,1800
2010-01-08,1.4700000286102295,1.4700000286102295,1.4700000286102295,1.4700000286102295,1.4700000286102295,1500
2010-01-11,1.4700000286102295,1.4700000286102295,1.4700000286102295,1.4700000286102295,1.4700000286102295,0
2010-01-12,1.559999942779541,1.559999942779541,1.409999966621399,1.5,1.5,10900
2010-01-13,1.4700000286102295,1.7400000095367432,1.409999966621399,1.5,1.5,16200
2010-01-14,1.440000057220459,2.0999999046325684,1.440000057220459,2.069999933242798,2.069999933242798,76600
2010-01-15,1.8899999856948853,2.640000104904175,1.7400000095367432,1.8899999856948853,1.8899999856948853,322400
2010-01-19,1.950000047683716,1.950000047683716,1.559999942779541,1.559999942779541,1.559999942779541,47800
2010-01-20,1.590000033378601,1.6200000047683716,1.5,1.5299999713897705,1.5299999713897705,13800
2010-01-21,1.6200000047683716,1.7100000381469729,1.559999942779541,1.649999976158142,1.649999976158142,13100
2010-01-22,1.649999976158142,1.649999976158142,1.5,1.559999942779541,1.559999942779541,17600
2010-01-25,1.5299999713897705,1.7100000381469729,1.5299999713897705,1.559999942779541,1.559999942779541,1700
2010-01-26,1.5299999713897705,1.5299999713897705,1.5,1.5,1.5,9500
2010-01-27,1.5299999713897705,1.5299999713897705,1.4700000286102295,1.4700000286102295,1.4700000286102295,7000
2010-01-28,1.559999942779541,1.559999942779541,1.440000057220459,1.4700000286102295,1.4700000286102295,9800
2010-01-29,1.440000057220459,1.559999942779541,1.440000057220459,1.4700000286102295,1.4700000286102295,3200
2010-02-01,1.4700000286102295,1.5299999713897705,1.440000057220459,1.5,1.5,7100
2010-02-02,1.4700000286102295,1.559999942779541,1.4700000286102295,1.5299999713897705,1.5299999713897705,200
2010-02-03,1.5299999713897705,1.5299999713897705,1.4700000286102295,1.5,1.5,1200
2010-02-04,1.5,1.5,1.440000057220459,1.440000057220459,1.440000057220459,4800
2010-02-05,1.649999976158142,1.649999976158142,1.5,1.559999942779541,1.559999942779541,9100
2010-02-08,1.590000033378601,1.590000033378601,1.440000057220459,1.4700000286102295,1.4700000286102295,4000
2010-02-09,1.4700000286102295,1.559999942779541,1.4700000286102295,1.559999942779541,1.559999942779541,2100
2010-02-10,1.5,1.5299999713897705,1.5,1.5,1.5,1800
2010-02-11,1.4700000286102295,1.649999976158142,1.4700000286102295,1.5,1.5,28500
2010-02-12,1.5,1.5,1.3799999952316284,1.440000057220459,1.440000057220459,35500
2010-02-16,1.440000057220459,1.440000057220459,1.409999966621399,1.440000057220459,1.440000057220459,100
2010-02-17,1.5,1.5,1.3200000524520874,1.440000057220459,1.440000057220459,6000
2010-02-18,1.350000023841858,1.5,1.350000023841858,1.5,1.5,1500
2010-02-19,1.3799999952316284,1.5,1.3799999952316284,1.5,1.5,2200
2010-02-22,1.5,1.649999976158142,1.5,1.590000033378601,1.590000033378601,59900
2010-02-23,1.6200000047683716,1.649999976158142,1.559999942779541,1.559999942779541,1.559999942779541,16600
2010-02-24,1.590000033378601,1.590000033378601,1.5,1.5299999713897705,1.5299999713897705,12200
2010-02-25,1.5,1.5,1.350000023841858,1.440000057220459,1.440000057220459,9100
2010-02-26,1.409999966621399,1.440000057220459,1.409999966621399,1.409999966621399,1.409999966621399,10600
2010-03-01,1.440000057220459,1.5299999713897705,1.440000057220459,1.5299999713897705,1.5299999713897705,2600
2010-03-02,1.5,1.5,1.409999966621399,1.4700000286102295,1.4700000286102295,11000
2010-03-03,1.440000057220459,1.5,1.440000057220459,1.5,1.5,3700
2010-03-04,1.4700000286102295,1.4700000286102295,1.4700000286102295,1.4700000286102295,1.4700000286102295,1100
2010-03-05,1.440000057220459,1.5299999713897705,1.440000057220459,1.4700000286102295,1.4700000286102295,9100
2010-03-08,1.440000057220459,1.5,1.440000057220459,1.5,1.5,2900
2010-03-09,1.5299999713897705,1.5299999713897705,1.5,1.5,1.5,10400
2010-03-10,1.5,1.590000033378601,1.5,1.590000033378601,1.590000033378601,101400
2010-03-11,1.590000033378601,1.7699999809265137,1.5299999713897705,1.6200000047683716,1.6200000047683716,90800
2010-03-12,1.6200000047683716,1.6200000047683716,1.5,1.559999942779541,1.559999942779541,25300
2010-03-15,1.559999942779541,1.590000033378601,1.4700000286102295,1.559999942779541,1.559999942779541,29300
2010-03-16,1.5,1.5299999713897705,1.440000057220459,1.5,1.5,10400
2010-03-17,1.5,1.5299999713897705,1.4700000286102295,1.5299999713897705,1.5299999713897705,4900
2010-03-18,1.5,1.5299999713897705,1.4700000286102295,1.5299999713897705,1.5299999713897705,7900
2010-03-19,1.6200000047683716,1.6200000047683716,1.440000057220459,1.5,1.5,12700
2010-03-22,1.5,1.5,1.4700000286102295,1.5,1.5,2900
2010-03-23,1.5,1.559999942779541,1.5,1.559999942779541,1.559999942779541,10600
2010-03-24,1.5,1.559999942779541,1.5,1.559999942779541,1.559999942779541,2700
2010-03-25,1.559999942779541,1.559999942779541,1.5,1.5,1.5,3400
2010-03-26,1.559999942779541,1.559999942779541,1.5,1.5,1.5,4500
2010-03-29,1.5,1.5,1.4700000286102295,1.5,1.5,1600
2010-03-30,1.5,1.559999942779541,1.5,1.5,1.5,8400
2010-03-31,1.5,1.5299999713897705,1.5,1.5299999713897705,1.5299999713897705,4600
2010-04-01,1.5,1.559999942779541,1.5,1.559999942779541,1.559999942779541,7100
2010-04-05,1.5,1.559999942779541,1.5,1.559999942779541,1.559999942779541,1000
2010-04-06,1.5,1.5299999713897705,1.5,1.5299999713897705,1.5299999713897705,3200
2010-04-07,1.559999942779541,1.6799999475479126,1.559999942779541,1.6200000047683716,1.6200000047683716,57200
2010-04-08,1.6200000047683716,1.6799999475479126,1.590000033378601,1.590000033378601,1.590000033378601,14500
2010-04-09,1.590000033378601,1.649999976158142,1.590000033378601,1.649999976158142,1.649999976158142,6600
2010-04-12,1.649999976158142,1.7100000381469729,1.649999976158142,1.6799999475479126,1.6799999475479126,14000
2010-04-13,1.590000033378601,1.649999976158142,1.559999942779541,1.590000033378601,1.590000033378601,11600
2010-04-14,1.6200000047683716,1.649999976158142,1.6200000047683716,1.649999976158142,1.649999976158142,8600
2010-04-15,1.6200000047683716,1.7400000095367432,1.6200000047683716,1.7400000095367432,1.7400000095367432,6400
2010-04-16,1.7100000381469729,1.7699999809265137,1.6799999475479126,1.7100000381469729,1.7100000381469729,8700
2010-04-19,1.7100000381469729,1.7100000381469729,1.7100000381469729,1.7100000381469729,1.7100000381469729,2200
2010-04-20,1.6200000047683716,1.7400000095367432,1.6200000047683716,1.6799999475479126,1.6799999475479126,2600
2010-04-21,1.7400000095367432,1.7400000095367432,1.6799999475479126,1.7100000381469729,1.7100000381469729,6600
2010-04-22,1.649999976158142,1.7100000381469729,1.649999976158142,1.649999976158142,1.649999976158142,4900
2010-04-23,1.7100000381469729,1.950000047683716,1.7100000381469729,1.7699999809265137,1.7699999809265137,14600
2010-04-26,1.7400000095367432,1.950000047683716,1.7400000095367432,1.8600000143051147,1.8600000143051147,8500
2010-04-27,1.8899999856948853,1.8899999856948853,1.8899999856948853,1.8899999856948853,1.8899999856948853,700
2010-04-28,2.069999933242798,2.759999990463257,1.919999957084656,2.759999990463257,2.759999990463257,260800
2010-04-29,2.819999933242798,2.880000114440918,2.430000066757202,2.5799999237060547,2.5799999237060547,91200
2010-04-30,2.549999952316284,2.549999952316284,1.9800000190734863,2.130000114440918,2.130000114440918,168700
2010-05-03,2.0999999046325684,2.130000114440918,2.039999961853028,2.0999999046325684,2.0999999046325684,25000
2010-05-04,2.130000114440918,2.3399999141693115,2.130000114440918,2.2799999713897705,2.2799999713897705,33700
2010-05-05,2.2799999713897705,2.4600000381469727,2.220000028610229,2.220000028610229,2.220000028610229,32400
2010-05-06,2.1600000858306885,2.2799999713897705,2.1600000858306885,2.1600000858306885,2.1600000858306885,5500
2010-05-07,2.0999999046325684,2.220000028610229,1.9800000190734863,2.220000028610229,2.220000028610229,21800
2010-05-10,2.2799999713897705,2.490000009536743,2.25,2.25,2.25,16500
2010-05-11,2.309999942779541,2.369999885559082,2.190000057220459,2.25,2.25,3600
2010-05-12,2.369999885559082,2.400000095367432,2.220000028610229,2.369999885559082,2.369999885559082,2800
2010-05-13,2.4600000381469727,2.4600000381469727,2.25,2.25,2.25,3900
2010-05-14,2.220000028610229,2.369999885559082,2.130000114440918,2.369999885559082,2.369999885559082,6200
2010-05-17,2.369999885559082,2.369999885559082,2.130000114440918,2.309999942779541,2.309999942779541,4200
2010-05-18,2.220000028610229,2.369999885559082,2.190000057220459,2.309999942779541,2.309999942779541,5900
2010-05-19,2.190000057220459,2.400000095367432,2.1600000858306885,2.400000095367432,2.400000095367432,11500
2010-05-20,2.400000095367432,2.400000095367432,2.130000114440918,2.130000114440918,2.130000114440918,11200
2010-05-21,2.130000114440918,2.190000057220459,2.0999999046325684,2.190000057220459,2.190000057220459,8300
2010-05-24,2.190000057220459,2.190000057220459,2.1600000858306885,2.1600000858306885,2.1600000858306885,700
2010-05-25,2.130000114440918,2.1600000858306885,2.0999999046325684,2.0999999046325684,2.0999999046325684,7400
2010-05-26,2.1600000858306885,2.1600000858306885,2.069999933242798,2.0999999046325684,2.0999999046325684,14800
2010-05-27,2.069999933242798,2.1600000858306885,1.9800000190734863,2.1600000858306885,2.1600000858306885,7500
2010-05-28,2.039999961853028,2.130000114440918,2.039999961853028,2.130000114440918,2.130000114440918,300
2010-06-01,2.1600000858306885,2.1600000858306885,2.0999999046325684,2.0999999046325684,2.0999999046325684,7200
2010-06-02,2.0999999046325684,2.130000114440918,2.069999933242798,2.0999999046325684,2.0999999046325684,7000
2010-06-03,2.0999999046325684,2.0999999046325684,2.0999999046325684,2.0999999046325684,2.0999999046325684,2200
2010-06-04,2.0999999046325684,2.0999999046325684,2.009999990463257,2.0999999046325684,2.0999999046325684,6100
2010-06-07,2.009999990463257,2.0999999046325684,2.009999990463257,2.039999961853028,2.039999961853028,1600
2010-06-08,1.9800000190734863,2.190000057220459,1.9800000190734863,2.130000114440918,2.130000114440918,2400
2010-06-09,2.069999933242798,2.0999999046325684,2.009999990463257,2.0999999046325684,2.0999999046325684,13900
2010-06-10,2.039999961853028,2.039999961853028,2.039999961853028,2.039999961853028,2.039999961853028,100
2010-06-11,2.130000114440918,2.130000114440918,2.130000114440918,2.130000114440918,2.130000114440918,300
2010-06-14,2.130000114440918,2.130000114440918,2.039999961853028,2.069999933242798,2.069999933242798,2600
2010-06-15,2.0999999046325684,2.1600000858306885,2.0999999046325684,2.1600000858306885,2.1600000858306885,1900
2010-06-16,2.1600000858306885,2.1600000858306885,2.039999961853028,2.039999961853028,2.039999961853028,4100
2010-06-17,2.1600000858306885,2.1600000858306885,2.009999990463257,2.009999990463257,2.009999990463257,12700
2010-06-18,1.9800000190734863,2.5,1.9600000381469729,2.009999990463257,2.009999990463257,5900
2010-06-21,2.0299999713897705,2.0299999713897705,1.9600000381469729,1.9600000381469729,1.9600000381469729,13000
2010-06-22,2.0,2.009999990463257,2.0,2.0,2.0,3900
2010-06-23,1.9299999475479128,1.9299999475479128,1.9299999475479128,1.9299999475479128,1.9299999475479128,2600
2010-06-24,1.9299999475479128,1.9900000095367432,1.809999942779541,1.9900000095367432,1.9900000095367432,22800
2010-06-25,1.8799999952316284,1.899999976158142,1.840000033378601,1.8600000143051147,1.8600000143051147,4600
2010-06-28,1.8600000143051147,1.8600000143051147,1.820000052452088,1.8600000143051147,1.8600000143051147,4800
2010-06-29,1.809999942779541,1.899999976158142,1.7599999904632568,1.7699999809265137,1.7699999809265137,9100
2010-06-30,1.7100000381469729,1.8899999856948853,1.7100000381469729,1.8899999856948853,1.8899999856948853,4300
2010-07-01,1.8899999856948853,1.8899999856948853,1.8899999856948853,1.8899999856948853,1.8899999856948853,0
2010-07-02,1.7400000095367432,1.7999999523162842,1.7300000190734863,1.7999999523162842,1.7999999523162842,800
2010-07-06,1.7100000381469729,1.7100000381469729,1.659999966621399,1.6799999475479126,1.6799999475479126,9600
2010-07-07,1.690000057220459,1.7000000476837158,1.690000057220459,1.7000000476837158,1.7000000476837158,700
2010-07-08,1.690000057220459,1.7000000476837158,1.690000057220459,1.7000000476837158,1.7000000476837158,1300
2010-07-09,1.7000000476837158,1.7000000476837158,1.7000000476837158,1.7000000476837158,1.7000000476837158,0
2010-07-12,1.690000057220459,1.690000057220459,1.6699999570846558,1.6699999570846558,1.6699999570846558,700
2010-07-13,1.7899999618530271,1.8799999952316284,1.7899999618530271,1.820000052452088,1.820000052452088,2500
2010-07-14,1.820000052452088,1.820000052452088,1.820000052452088,1.820000052452088,1.820000052452088,0
2010-07-15,1.7000000476837158,1.7300000190734863,1.7000000476837158,1.7300000190734863,1.7300000190734863,1500
2010-07-16,1.659999966621399,1.659999966621399,1.6200000047683716,1.649999976158142,1.649999976158142,9900
2010-07-19,1.6200000047683716,1.7999999523162842,1.6200000047683716,1.7999999523162842,1.7999999523162842,2400
2010-07-20,1.7100000381469729,1.7899999618530271,1.649999976158142,1.7899999618530271,1.7899999618530271,1400
2010-07-21,1.7000000476837158,1.7100000381469729,1.6299999952316284,1.7100000381469729,1.7100000381469729,1400
2010-07-22,1.7599999904632568,1.7799999713897705,1.7599999904632568,1.7799999713897705,1.7799999713897705,1000
2010-07-23,1.75,1.7699999809265137,1.6699999570846558,1.7000000476837158,1.7000000476837158,5600
2010-07-26,1.659999966621399,1.7799999713897705,1.649999976158142,1.7799999713897705,1.7799999713897705,6600
2010-07-27,1.7300000190734863,1.7300000190734863,1.7200000286102295,1.7200000286102295,1.7200000286102295,2300
2010-07-28,1.7200000286102295,1.7200000286102295,1.6699999570846558,1.7100000381469729,1.7100000381469729,11600
2010-07-29,1.7100000381469729,1.7100000381469729,1.7100000381469729,1.7100000381469729,1.7100000381469729,400
2010-07-30,1.7100000381469729,1.7100000381469729,1.659999966621399,1.659999966621399,1.659999966621399,5100
2010-08-02,1.6699999570846558,1.6699999570846558,1.6699999570846558,1.6699999570846558,1.6699999570846558,100
2010-08-03,1.659999966621399,1.690000057220459,1.659999966621399,1.690000057220459,1.690000057220459,500
2010-08-04,1.6799999475479126,1.7200000286102295,1.6799999475479126,1.7000000476837158,1.7000000476837158,4300
2010-08-05,1.7100000381469729,1.7100000381469729,1.659999966621399,1.6699999570846558,1.6699999570846558,2900
2010-08-06,1.7200000286102295,1.7200000286102295,1.7200000286102295,1.7200000286102295,1.7200000286102295,6000
2010-08-09,1.7100000381469729,1.75,1.7100000381469729,1.75,1.75,6000
2010-08-10,1.7200000286102295,1.75,1.7200000286102295,1.75,1.75,5000
2010-08-11,1.75,1.75,1.7000000476837158,1.7000000476837158,1.7000000476837158,2500
2010-08-12,1.7000000476837158,1.7000000476837158,1.7000000476837158,1.7000000476837158,1.7000000476837158,500
2010-08-13,1.7699999809265137,1.7699999809265137,1.7699999809265137,1.7699999809265137,1.7699999809265137,500
2010-08-16,1.7100000381469729,1.7100000381469729,1.7000000476837158,1.7000000476837158,1.7000000476837158,3200
2010-08-17,1.7000000476837158,1.7400000095367432,1.690000057220459,1.7400000095367432,1.7400000095367432,9300
2010-08-18,1.75,1.75,1.7400000095367432,1.75,1.75,5600
2010-08-19,1.75,1.75,1.7300000190734863,1.7300000190734863,1.7300000190734863,4500
2010-08-20,1.75,1.7899999618530271,1.7300000190734863,1.7699999809265137,1.7699999809265137,9800
2010-08-23,1.7400000095367432,1.7899999618530271,1.7400000095367432,1.7899999618530271,1.7899999618530271,8900
2010-08-24,1.7599999904632568,1.7599999904632568,1.7400000095367432,1.7400000095367432,1.7400000095367432,4300
2010-08-25,1.7400000095367432,1.7999999523162842,1.7300000190734863,1.7799999713897705,1.7799999713897705,12600
2010-08-26,1.75,1.75,1.7400000095367432,1.7400000095367432,1.7400000095367432,4200
2010-08-27,1.75,1.7899999618530271,1.75,1.75,1.75,6200
2010-08-30,1.75,1.75,1.7400000095367432,1.7400000095367432,1.7400000095367432,5400
2010-08-31,1.75,1.7599999904632568,1.7400000095367432,1.7400000095367432,1.7400000095367432,4300
2010-09-01,1.7100000381469729,1.7100000381469729,1.7000000476837158,1.7000000476837158,1.7000000476837158,1000
2010-09-02,1.75,1.75,1.7400000095367432,1.7400000095367432,1.7400000095367432,1100
2010-09-03,1.75,1.7899999618530271,1.75,1.7899999618530271,1.7899999618530271,4800
2010-09-07,1.7899999618530271,1.820000052452088,1.7899999618530271,1.820000052452088,1.820000052452088,6700
2010-09-08,1.850000023841858,1.8600000143051147,1.850000023841858,1.8600000143051147,1.8600000143051147,1600
2010-09-09,1.8899999856948853,1.9600000381469729,1.8899999856948853,1.9600000381469729,1.9600000381469729,4600
2010-09-10,1.950000047683716,2.130000114440918,1.8799999952316284,2.0999999046325684,2.0999999046325684,18600
2010-09-13,2.119999885559082,2.240000009536743,2.119999885559082,2.190000057220459,2.190000057220459,21400
2010-09-14,2.180000066757202,2.200000047683716,2.119999885559082,2.200000047683716,2.200000047683716,4900
2010-09-15,2.200000047683716,2.3399999141693115,2.200000047683716,2.319999933242798,2.319999933242798,20200
2010-09-16,2.289999961853028,2.309999942779541,2.240000009536743,2.309999942779541,2.309999942779541,22800
2010-09-17,2.299999952316284,2.3499999046325684,2.299999952316284,2.3399999141693115,2.3399999141693115,13300
2010-09-20,2.3399999141693115,2.3399999141693115,2.2799999713897705,2.309999942779541,2.309999942779541,8000
2010-09-21,2.3299999237060547,2.390000104904175,2.289999961853028,2.3499999046325684,2.3499999046325684,25000
2010-09-22,2.3299999237060547,2.3299999237060547,2.220000028610229,2.220000028610229,2.220000028610229,10500
2010-09-23,2.2100000381469727,2.220000028610229,2.2100000381469727,2.220000028610229,2.220000028610229,2400
2010-09-24,2.25,2.3499999046325684,2.240000009536743,2.299999952316284,2.299999952316284,15900
2010-09-27,2.4100000858306885,2.4100000858306885,2.359999895095825,2.400000095367432,2.400000095367432,36800
2010-09-28,2.400000095367432,2.400000095367432,2.390000104904175,2.400000095367432,2.400000095367432,19700
2010-09-29,2.200000047683716,2.25,2.0199999809265137,2.0999999046325684,2.0999999046325684,184900
2010-09-30,2.0,2.0999999046325684,1.8899999856948853,2.0999999046325684,2.0999999046325684,61500
2010-10-01,2.039999961853028,2.039999961853028,1.950000047683716,1.950000047683716,1.950000047683716,8900
2010-10-04,1.919999957084656,1.950000047683716,1.909999966621399,1.950000047683716,1.950000047683716,6600
2010-10-05,1.940000057220459,1.950000047683716,1.9299999475479128,1.950000047683716,1.950000047683716,2900
2010-10-06,1.9700000286102293,2.009999990463257,1.9299999475479128,1.9299999475479128,1.9299999475479128,1700
2010-10-07,1.9299999475479128,2.009999990463257,1.9299999475479128,2.0,2.0,5800
2010-10-08,1.940000057220459,2.009999990463257,1.940000057220459,1.9600000381469729,1.9600000381469729,6600
2010-10-11,2.0,2.009999990463257,1.9900000095367432,2.009999990463257,2.009999990463257,5400
2010-10-12,2.0199999809265137,2.069999933242798,2.0199999809265137,2.069999933242798,2.069999933242798,6000
2010-10-13,2.0999999046325684,2.2100000381469727,2.0899999141693115,2.1600000858306885,2.1600000858306885,2500
2010-10-14,2.150000095367432,2.150000095367432,2.009999990463257,2.069999933242798,2.069999933242798,6500
2010-10-15,2.0299999713897705,2.059999942779541,2.0299999713897705,2.059999942779541,2.059999942779541,12000
2010-10-18,2.039999961853028,2.059999942779541,1.9800000190734863,2.059999942779541,2.059999942779541,800
2010-10-19,2.009999990463257,2.069999933242798,2.009999990463257,2.049999952316284,2.049999952316284,5700
2010-10-20,2.039999961853028,2.049999952316284,2.0299999713897705,2.0299999713897705,2.0299999713897705,4200
2010-10-21,2.069999933242798,2.069999933242798,2.0299999713897705,2.0299999713897705,2.0299999713897705,11100
2010-10-22,2.0299999713897705,2.059999942779541,1.9900000095367432,1.9900000095367432,1.9900000095367432,3000
2010-10-25,2.039999961853028,2.039999961853028,1.9600000381469729,1.9600000381469729,1.9600000381469729,2600
2010-10-26,1.9600000381469729,2.0,1.940000057220459,1.940000057220459,1.940000057220459,700
2010-10-27,1.899999976158142,1.899999976158142,1.899999976158142,1.899999976158142,1.899999976158142,400
2010-10-28,1.9299999475479128,1.950000047683716,1.9299999475479128,1.950000047683716,1.950000047683716,1900
2010-10-29,1.9299999475479128,1.9299999475479128,1.9299999475479128,1.9299999475479128,1.9299999475479128,400
2010-11-01,1.9600000381469729,2.0,1.919999957084656,1.9700000286102293,1.9700000286102293,5500
2010-11-02,1.9700000286102293,1.9700000286102293,1.9700000286102293,1.9700000286102293,1.9700000286102293,0
2010-11-03,1.940000057220459,1.9700000286102293,1.8600000143051147,1.950000047683716,1.950000047683716,1000
2010-11-04,1.950000047683716,1.950000047683716,1.909999966621399,1.919999957084656,1.919999957084656,1700
2010-11-05,1.9600000381469729,2.039999961853028,1.950000047683716,1.9800000190734863,1.9800000190734863,7600
2010-11-08,1.940000057220459,2.039999961853028,1.919999957084656,2.039999961853028,2.039999961853028,5100
2010-11-09,1.9600000381469729,2.0,1.950000047683716,2.0,2.0,9400
2010-11-10,2.299999952316284,2.4200000762939453,2.259999990463257,2.319999933242798,2.319999933242798,88100
2010-11-11,2.299999952316284,2.299999952316284,2.25,2.25,2.25,20600
2010-11-12,2.220000028610229,2.220000028610229,2.1600000858306885,2.200000047683716,2.200000047683716,16900
2010-11-15,2.2100000381469727,2.25,2.2100000381469727,2.25,2.25,18700
2010-11-16,2.25,2.25,2.1600000858306885,2.240000009536743,2.240000009536743,13100
2010-11-17,2.220000028610229,2.240000009536743,2.200000047683716,2.240000009536743,2.240000009536743,38800
2010-11-18,2.220000028610229,2.2799999713897705,2.220000028610229,2.259999990463257,2.259999990463257,8100
2010-11-19,2.2699999809265137,2.2699999809265137,2.150000095367432,2.1600000858306885,2.1600000858306885,17900
2010-11-22,2.190000057220459,2.190000057220459,2.150000095367432,2.1600000858306885,2.1600000858306885,3100
2010-11-23,2.140000104904175,2.150000095367432,2.140000104904175,2.150000095367432,2.150000095367432,12600
2010-11-24,2.140000104904175,2.150000095367432,2.140000104904175,2.150000095367432,2.150000095367432,14300
2010-11-26,2.130000114440918,2.130000114440918,2.130000114440918,2.130000114440918,2.130000114440918,500
2010-11-29,2.140000104904175,2.140000104904175,2.0899999141693115,2.0999999046325684,2.0999999046325684,16700
2010-11-30,2.069999933242798,2.140000104904175,2.069999933242798,2.130000114440918,2.130000114440918,3300
2010-12-01,2.109999895095825,2.109999895095825,2.0999999046325684,2.0999999046325684,2.0999999046325684,2000
2010-12-02,2.0899999141693115,2.130000114440918,2.0899999141693115,2.0899999141693115,2.0899999141693115,10900
2010-12-03,2.0799999237060547,2.0999999046325684,2.0799999237060547,2.0999999046325684,2.0999999046325684,7000
2010-12-06,2.1600000858306885,2.1600000858306885,2.0999999046325684,2.0999999046325684,2.0999999046325684,7400
2010-12-07,2.0999999046325684,2.109999895095825,2.0999999046325684,2.0999999046325684,2.0999999046325684,13500
2010-12-08,2.0799999237060547,2.0999999046325684,2.049999952316284,2.0799999237060547,2.0799999237060547,6200
2010-12-09,2.0999999046325684,2.119999885559082,2.0899999141693115,2.0999999046325684,2.0999999046325684,14100
2010-12-10,2.069999933242798,2.0999999046325684,2.049999952316284,2.0999999046325684,2.0999999046325684,8800
2010-12-13,2.0799999237060547,2.0999999046325684,2.059999942779541,2.0799999237060547,2.0799999237060547,11700
2010-12-14,2.0799999237060547,2.0799999237060547,2.0799999237060547,2.0799999237060547,2.0799999237060547,0
2010-12-15,2.0899999141693115,2.0899999141693115,2.009999990463257,2.059999942779541,2.059999942779541,12800
2010-12-16,2.0799999237060547,2.0799999237060547,2.059999942779541,2.0799999237060547,2.0799999237060547,4200
2010-12-17,2.039999961853028,2.059999942779541,1.9800000190734863,2.039999961853028,2.039999961853028,6100
2010-12-20,2.039999961853028,2.049999952316284,2.039999961853028,2.039999961853028,2.039999961853028,3900
2010-12-21,2.039999961853028,2.039999961853028,2.039999961853028,2.039999961853028,2.039999961853028,0
2010-12-22,2.0299999713897705,2.039999961853028,2.0299999713897705,2.039999961853028,2.039999961853028,2100
2010-12-23,2.049999952316284,2.049999952316284,2.009999990463257,2.009999990463257,2.009999990463257,12900
2010-12-27,2.0199999809265137,2.0199999809265137,2.0199999809265137,2.0199999809265137,2.0199999809265137,100
2010-12-28,2.0,2.009999990463257,1.950000047683716,2.0,2.0,14100
2010-12-29,1.9800000190734863,2.069999933242798,1.9800000190734863,2.0199999809265137,2.0199999809265137,2100
2010-12-30,2.049999952316284,2.069999933242798,1.9800000190734863,2.0,2.0,7400
2010-12-31,2.0199999809265137,2.059999942779541,1.9700000286102293,2.009999990463257,2.009999990463257,14500
2011-01-03,2.0,2.039999961853028,1.9600000381469729,2.039999961853028,2.039999961853028,1500
2011-01-04,2.0199999809265137,2.0299999713897705,2.0199999809265137,2.0199999809265137,2.0199999809265137,4600
2011-01-05,2.049999952316284,2.069999933242798,2.049999952316284,2.069999933242798,2.069999933242798,1500
2011-01-06,2.049999952316284,2.0999999046325684,2.0199999809265137,2.049999952316284,2.049999952316284,21700
2011-01-07,2.009999990463257,2.039999961853028,2.0,2.039999961853028,2.039999961853028,2300
2011-01-10,2.049999952316284,2.0999999046325684,2.049999952316284,2.0999999046325684,2.0999999046325684,2300
2011-01-11,2.0899999141693115,2.0999999046325684,2.0899999141693115,2.0999999046325684,2.0999999046325684,1400
2011-01-12,2.119999885559082,2.1600000858306885,2.119999885559082,2.150000095367432,2.150000095367432,17500
2011-01-13,2.140000104904175,2.1600000858306885,2.140000104904175,2.150000095367432,2.150000095367432,1700
2011-01-14,2.109999895095825,2.130000114440918,2.0899999141693115,2.0999999046325684,2.0999999046325684,1900
2011-01-18,2.150000095367432,2.150000095367432,2.0999999046325684,2.150000095367432,2.150000095367432,1400
2011-01-19,2.140000104904175,2.140000104904175,2.0999999046325684,2.140000104904175,2.140000104904175,7200
2011-01-20,2.109999895095825,2.109999895095825,2.109999895095825,2.109999895095825,2.109999895095825,1100
2011-01-21,2.119999885559082,2.119999885559082,2.0999999046325684,2.0999999046325684,2.0999999046325684,1600
2011-01-24,2.0999999046325684,2.0999999046325684,2.0999999046325684,2.0999999046325684,2.0999999046325684,6500
2011-01-25,2.0899999141693115,2.130000114440918,2.009999990463257,2.0899999141693115,2.0899999141693115,13100
2011-01-26,2.0799999237060547,2.119999885559082,2.039999961853028,2.109999895095825,2.109999895095825,1400
2011-01-27,2.109999895095825,2.180000066757202,2.0999999046325684,2.0999999046325684,2.0999999046325684,1000
2011-01-28,2.0999999046325684,2.0999999046325684,2.0999999046325684,2.0999999046325684,2.0999999046325684,0
2011-01-31,2.130000114440918,2.200000047683716,2.130000114440918,2.200000047683716,2.200000047683716,4800
2011-02-01,2.1600000858306885,2.200000047683716,2.1600000858306885,2.1600000858306885,2.1600000858306885,400
2011-02-02,2.140000104904175,2.140000104904175,2.069999933242798,2.109999895095825,2.109999895095825,3400
2011-02-03,2.109999895095825,2.109999895095825,2.109999895095825,2.109999895095825,2.109999895095825,0
2011-02-04,2.119999885559082,2.180000066757202,2.119999885559082,2.180000066757202,2.180000066757202,3100
2011-02-07,2.150000095367432,2.25,2.140000104904175,2.2100000381469727,2.2100000381469727,18000
2011-02-08,2.190000057220459,2.220000028610229,2.1700000762939453,2.200000047683716,2.200000047683716,22000
2011-02-09,2.1600000858306885,2.25,2.1600000858306885,2.190000057220459,2.190000057220459,13200
2011-02-10,2.2100000381469727,2.220000028610229,2.190000057220459,2.220000028610229,2.220000028610229,38100
2011-02-11,2.430000066757202,2.869999885559082,2.4200000762939453,2.539999961853028,2.539999961853028,366800
2011-02-14,2.700000047683716,2.700000047683716,2.400000095367432,2.430000066757202,2.430000066757202,55700
2011-02-15,2.430000066757202,2.5199999809265137,2.430000066757202,2.5199999809265137,2.5199999809265137,26800
2011-02-16,2.4600000381469727,2.470000028610229,2.430000066757202,2.4600000381469727,2.4600000381469727,10200
2011-02-17,2.5,2.5,2.299999952316284,2.4100000858306885,2.4100000858306885,37800
2011-02-18,2.4100000858306885,2.450000047683716,2.4100000858306885,2.4200000762939453,2.4200000762939453,14800
2011-02-22,2.4100000858306885,2.5,2.400000095367432,2.450000047683716,2.450000047683716,18600
2011-02-23,2.450000047683716,2.490000009536743,2.359999895095825,2.380000114440918,2.380000114440918,17500
2011-02-24,2.400000095367432,2.440000057220459,2.380000114440918,2.4100000858306885,2.4100000858306885,11100
2011-02-25,2.4100000858306885,2.4100000858306885,2.3499999046325684,2.390000104904175,2.390000104904175,6700
2011-02-28,2.400000095367432,2.4800000190734863,2.3499999046325684,2.4800000190734863,2.4800000190734863,13600
2011-03-01,2.4100000858306885,2.4100000858306885,2.400000095367432,2.400000095367432,2.400000095367432,1500
2011-03-02,2.4100000858306885,2.490000009536743,2.380000114440918,2.450000047683716,2.450000047683716,8800
2011-03-03,2.470000028610229,2.5199999809265137,2.470000028610229,2.470000028610229,2.470000028610229,12300
2011-03-04,2.4800000190734863,2.5,2.390000104904175,2.390000104904175,2.390000104904175,9200
2011-03-07,2.440000057220459,2.470000028610229,2.3499999046325684,2.369999885559082,2.369999885559082,3200
2011-03-08,2.390000104904175,2.390000104904175,2.3499999046325684,2.390000104904175,2.390000104904175,4700
2011-03-09,2.390000104904175,2.400000095367432,2.359999895095825,2.400000095367432,2.400000095367432,1600
2011-03-10,2.390000104904175,2.390000104904175,2.240000009536743,2.380000114440918,2.380000114440918,20700
2011-03-11,2.289999961853028,2.3399999141693115,2.289999961853028,2.309999942779541,2.309999942779541,10200
2011-03-14,2.309999942779541,2.309999942779541,2.309999942779541,2.309999942779541,2.309999942779541,0
2011-03-15,2.259999990463257,2.4100000858306885,2.2100000381469727,2.259999990463257,2.259999990463257,6900
2011-03-16,2.259999990463257,2.3399999141693115,2.240000009536743,2.3399999141693115,2.3399999141693115,8100
2011-03-17,2.3299999237060547,2.3299999237060547,2.289999961853028,2.299999952316284,2.299999952316284,700
2011-03-18,2.259999990463257,2.2799999713897705,2.259999990463257,2.2799999713897705,2.2799999713897705,1300
2011-03-21,2.2799999713897705,2.430000066757202,2.200000047683716,2.430000066757202,2.430000066757202,7700
2011-03-22,2.430000066757202,2.430000066757202,2.430000066757202,2.430000066757202,2.430000066757202,0
2011-03-23,2.450000047683716,2.450000047683716,2.440000057220459,2.440000057220459,2.440000057220459,700
2011-03-24,2.440000057220459,2.440000057220459,2.359999895095825,2.359999895095825,2.359999895095825,700
2011-03-25,2.3299999237060547,2.3299999237060547,2.3299999237060547,2.3299999237060547,2.3299999237060547,2600
2011-03-28,2.3299999237060547,2.3299999237060547,2.3299999237060547,2.3299999237060547,2.3299999237060547,0
2011-03-29,2.3399999141693115,2.3399999141693115,2.2799999713897705,2.3399999141693115,2.3399999141693115,8900
2011-03-30,2.3399999141693115,2.3399999141693115,2.2300000190734863,2.289999961853028,2.289999961853028,9000
2011-03-31,2.299999952316284,2.299999952316284,2.299999952316284,2.299999952316284,2.299999952316284,2000
2011-04-01,2.2699999809265137,2.2699999809265137,2.259999990463257,2.2699999809265137,2.2699999809265137,2700
2011-04-04,2.309999942779541,2.3299999237060547,2.2799999713897705,2.2799999713897705,2.2799999713897705,5800
2011-04-05,2.299999952316284,2.319999933242798,2.2799999713897705,2.299999952316284,2.299999952316284,5200
2011-04-06,2.3299999237060547,2.3299999237060547,2.3299999237060547,2.3299999237060547,2.3299999237060547,500
2011-04-07,2.3299999237060547,2.400000095367432,2.3299999237060547,2.380000114440918,2.380000114440918,1900
2011-04-08,2.390000104904175,2.390000104904175,2.3399999141693115,2.3499999046325684,2.3499999046325684,4000
2011-04-11,2.380000114440918,2.390000104904175,2.2799999713897705,2.2799999713897705,2.2799999713897705,2700
2011-04-12,2.3399999141693115,2.3399999141693115,2.259999990463257,2.259999990463257,2.259999990463257,2900
2011-04-13,2.289999961853028,2.299999952316284,2.289999961853028,2.299999952316284,2.299999952316284,1000
2011-04-14,2.319999933242798,2.3499999046325684,2.220000028610229,2.259999990463257,2.259999990463257,7200
2011-04-15,2.309999942779541,2.309999942779541,2.259999990463257,2.259999990463257,2.259999990463257,800
2011-04-18,2.259999990463257,2.259999990463257,2.259999990463257,2.259999990463257,2.259999990463257,0
2011-04-19,2.450000047683716,2.450000047683716,2.2799999713897705,2.3399999141693115,2.3399999141693115,1800
2011-04-20,2.450000047683716,2.450000047683716,2.369999885559082,2.369999885559082,2.369999885559082,700
2011-04-21,2.450000047683716,2.450000047683716,2.259999990463257,2.3499999046325684,2.3499999046325684,4400
2011-04-25,2.359999895095825,2.380000114440918,2.289999961853028,2.289999961853028,2.289999961853028,3400
2011-04-26,2.259999990463257,2.289999961853028,2.259999990463257,2.289999961853028,2.289999961853028,400
2011-04-27,2.2699999809265137,2.380000114440918,2.259999990463257,2.380000114440918,2.380000114440918,14000
2011-04-28,2.390000104904175,2.390000104904175,2.3499999046325684,2.380000114440918,2.380000114440918,3700
2011-04-29,2.319999933242798,2.400000095367432,2.309999942779541,2.400000095367432,2.400000095367432,3600
2011-05-02,2.359999895095825,2.359999895095825,2.359999895095825,2.359999895095825,2.359999895095825,1300
2011-05-03,2.359999895095825,2.359999895095825,2.359999895095825,2.359999895095825,2.359999895095825,0
2011-05-04,2.309999942779541,2.359999895095825,2.309999942779541,2.359999895095825,2.359999895095825,2300
2011-05-05,2.359999895095825,2.450000047683716,2.359999895095825,2.4100000858306885,2.4100000858306885,3100
2011-05-06,2.359999895095825,2.4200000762939453,2.359999895095825,2.400000095367432,2.400000095367432,7500
2011-05-09,2.400000095367432,2.400000095367432,2.309999942779541,2.400000095367432,2.400000095367432,8900
2011-05-10,3.049999952316284,4.03000020980835,2.9200000762939453,2.9200000762939453,2.9200000762939453,1055800
2011-05-11,2.940000057220459,3.039999961853028,2.7799999713897705,2.9100000858306885,2.9100000858306885,132100
2011-05-12,2.900000095367432,3.220000028610229,2.799999952316284,3.150000095367432,3.150000095367432,65400
2011-05-13,3.1700000762939453,3.220000028610229,3.0,3.0299999713897705,3.0299999713897705,37000
2011-05-16,3.009999990463257,3.140000104904175,2.869999885559082,3.039999961853028,3.039999961853028,20800
2011-05-17,3.0,3.1600000858306885,2.950000047683716,3.119999885559082,3.119999885559082,15700
2011-05-18,3.150000095367432,3.180000066757202,3.059999942779541,3.069999933242798,3.069999933242798,16000
2011-05-19,3.039999961853028,3.0999999046325684,3.039999961853028,3.0799999237060547,3.0799999237060547,2000
2011-05-20,3.119999885559082,3.119999885559082,2.859999895095825,3.0299999713897705,3.0299999713897705,24600
2011-05-23,2.970000028610229,3.200000047683716,2.809999942779541,3.0999999046325684,3.0999999046325684,14000
2011-05-24,3.049999952316284,3.0999999046325684,3.0299999713897705,3.0899999141693115,3.0899999141693115,11000
2011-05-25,3.0799999237060547,3.0899999141693115,2.880000114440918,3.0,3.0,10400
2011-05-26,2.990000009536743,3.039999961853028,2.859999895095825,3.039999961853028,3.039999961853028,7500
2011-05-27,2.9600000381469727,3.0899999141693115,2.9600000381469727,3.0899999141693115,3.0899999141693115,7700
2011-05-31,3.049999952316284,3.150000095367432,3.0299999713897705,3.0899999141693115,3.0899999141693115,7100
2011-06-01,3.119999885559082,3.200000047683716,3.039999961853028,3.049999952316284,3.049999952316284,16000
2011-06-02,3.0799999237060547,3.0799999237060547,2.9800000190734863,2.9800000190734863,2.9800000190734863,6800
2011-06-03,3.0299999713897705,3.180000066757202,3.0299999713897705,3.049999952316284,3.049999952316284,20000
2011-06-06,3.009999990463257,3.0299999713897705,2.9600000381469727,3.0,3.0,4500
2011-06-07,3.0,3.0,2.8299999237060547,2.8399999141693115,2.8399999141693115,9500
2011-06-08,2.859999895095825,2.930000066757202,2.799999952316284,2.869999885559082,2.869999885559082,6800
2011-06-09,2.900000095367432,2.940000057220459,2.619999885559082,2.8299999237060547,2.8299999237060547,13800
2011-06-10,2.859999895095825,3.0,2.490000009536743,2.640000104904175,2.640000104904175,22900
2011-06-13,2.640000104904175,2.7100000381469727,2.609999895095825,2.700000047683716,2.700000047683716,8500
2011-06-14,2.789999961853028,2.789999961853028,2.650000095367432,2.75,2.75,2200
2011-06-15,2.75,2.759999990463257,2.650000095367432,2.759999990463257,2.759999990463257,5600
2011-06-16,2.720000028610229,2.799999952316284,2.720000028610229,2.799999952316284,2.799999952316284,4600
2011-06-17,2.7699999809265137,2.819999933242798,2.700000047683716,2.7799999713897705,2.7799999713897705,12500
2011-06-20,2.75,2.7699999809265137,2.700000047683716,2.75,2.75,8700
2011-06-21,2.7699999809265137,2.7699999809265137,2.630000114440918,2.75,2.75,3300
2011-06-22,2.740000009536743,2.75,2.740000009536743,2.75,2.75,1700
2011-06-23,2.619999885559082,2.819999933242798,2.619999885559082,2.799999952316284,2.799999952316284,5500
2011-06-24,2.799999952316284,2.799999952316284,2.6700000762939453,2.6700000762939453,2.6700000762939453,600
2011-06-27,2.640000104904175,2.650000095367432,2.630000114440918,2.650000095367432,2.650000095367432,10700
2011-06-28,2.650000095367432,2.799999952316284,2.650000095367432,2.75,2.75,1800
2011-06-29,2.299999952316284,2.299999952316284,1.9900000095367432,2.0999999046325684,2.0999999046325684,164600
2011-06-30,2.150000095367432,2.150000095367432,2.0299999713897705,2.0799999237060547,2.0799999237060547,45000
2011-07-01,2.0799999237060547,2.0799999237060547,1.7799999713897705,1.8600000143051147,1.8600000143051147,72800
2011-07-05,1.809999942779541,1.8899999856948853,1.690000057220459,1.850000023841858,1.850000023841858,48000
2011-07-06,1.820000052452088,1.8600000143051147,1.820000052452088,1.850000023841858,1.850000023841858,9700
2011-07-07,1.850000023841858,1.8899999856948853,1.850000023841858,1.8899999856948853,1.8899999856948853,6600
2011-07-08,1.8799999952316284,1.8799999952316284,1.8600000143051147,1.8600000143051147,1.8600000143051147,40700
2011-07-11,1.8799999952316284,1.8799999952316284,1.850000023841858,1.8799999952316284,1.8799999952316284,41000
2011-07-12,1.840000033378601,1.899999976158142,1.840000033378601,1.899999976158142,1.899999976158142,45300
2011-07-13,1.8799999952316284,1.909999966621399,1.870000004768372,1.899999976158142,1.899999976158142,14400
2011-07-14,1.870000004768372,1.919999957084656,1.870000004768372,1.899999976158142,1.899999976158142,38000
2011-07-15,1.8799999952316284,1.8899999856948853,1.8799999952316284,1.8799999952316284,1.8799999952316284,6200
2011-07-18,1.8799999952316284,1.9299999475479128,1.850000023841858,1.899999976158142,1.899999976158142,8700
2011-07-19,1.899999976158142,1.919999957084656,1.870000004768372,1.919999957084656,1.919999957084656,28500
2011-07-20,1.950000047683716,1.950000047683716,1.899999976158142,1.940000057220459,1.940000057220459,44500
2011-07-21,1.919999957084656,1.950000047683716,1.919999957084656,1.950000047683716,1.950000047683716,13300
2011-07-22,1.9700000286102293,2.049999952316284,1.9600000381469729,2.049999952316284,2.049999952316284,11500
2011-07-25,1.9900000095367432,2.039999961853028,1.9800000190734863,2.0,2.0,5600
2011-07-26,1.9800000190734863,2.039999961853028,1.9800000190734863,1.9900000095367432,1.9900000095367432,5400
2011-07-27,2.0,2.0199999809265137,2.0,2.009999990463257,2.009999990463257,9200
2011-07-28,2.0,2.0,1.9900000095367432,1.9900000095367432,1.9900000095367432,700
2011-07-29,1.9900000095367432,2.049999952316284,1.9900000095367432,2.0199999809265137,2.0199999809265137,8400
2011-08-01,2.0299999713897705,2.049999952316284,2.009999990463257,2.0199999809265137,2.0199999809265137,3500
2011-08-02,2.039999961853028,2.049999952316284,2.0,2.0,2.0,2800
2011-08-03,2.009999990463257,2.0199999809265137,1.919999957084656,1.9900000095367432,1.9900000095367432,3000
2011-08-04,1.8600000143051147,1.8899999856948853,1.8600000143051147,1.870000004768372,1.870000004768372,2700
2011-08-05,1.940000057220459,1.940000057220459,1.75,1.809999942779541,1.809999942779541,7200
2011-08-08,1.75,1.7699999809265137,1.75,1.7699999809265137,1.7699999809265137,13000
2011-08-09,1.75,1.7799999713897705,1.75,1.7799999713897705,1.7799999713897705,4600
2011-08-10,1.7799999713897705,1.820000052452088,1.7799999713897705,1.820000052452088,1.820000052452088,500
2011-08-11,1.7999999523162842,1.7999999523162842,1.7300000190734863,1.7999999523162842,1.7999999523162842,14000
2011-08-12,1.7799999713897705,1.909999966621399,1.7799999713897705,1.909999966621399,1.909999966621399,6600
2011-08-15,1.8899999856948853,1.909999966621399,1.8899999856948853,1.909999966621399,1.909999966621399,1300
2011-08-16,1.940000057220459,1.940000057220459,1.820000052452088,1.899999976158142,1.899999976158142,900
2011-08-17,1.8799999952316284,1.8799999952316284,1.8799999952316284,1.8799999952316284,1.8799999952316284,300
2011-08-18,1.8799999952316284,1.8799999952316284,1.8799999952316284,1.8799999952316284,1.8799999952316284,0
2011-08-19,1.7999999523162842,1.7999999523162842,1.7999999523162842,1.7999999523162842,1.7999999523162842,500
2011-08-22,1.7699999809265137,1.7799999713897705,1.7200000286102295,1.7200000286102295,1.7200000286102295,7300
2011-08-23,1.7100000381469729,1.75,1.7000000476837158,1.7400000095367432,1.7400000095367432,6900
2011-08-24,1.7200000286102295,1.7200000286102295,1.6399999856948853,1.649999976158142,1.649999976158142,7100
2011-08-25,1.6799999475479126,1.7599999904632568,1.6799999475479126,1.7200000286102295,1.7200000286102295,5500
2011-08-26,1.7599999904632568,1.7799999713897705,1.7599999904632568,1.7799999713897705,1.7799999713897705,600
2011-08-29,1.7799999713897705,1.7799999713897705,1.7799999713897705,1.7799999713897705,1.7799999713897705,0
2011-08-30,1.7799999713897705,1.7799999713897705,1.7799999713897705,1.7799999713897705,1.7799999713897705,0
2011-08-31,1.7599999904632568,1.7999999523162842,1.75,1.7899999618530271,1.7899999618530271,4100
2011-09-01,1.7100000381469729,1.7100000381469729,1.7100000381469729,1.7100000381469729,1.7100000381469729,700
2011-09-02,1.7100000381469729,1.7100000381469729,1.7100000381469729,1.7100000381469729,1.7100000381469729,0
2011-09-06,1.7100000381469729,1.7100000381469729,1.7100000381469729,1.7100000381469729,1.7100000381469729,0
2011-09-07,1.7799999713897705,1.7999999523162842,1.7300000190734863,1.7999999523162842,1.7999999523162842,5800
2011-09-08,1.820000052452088,1.820000052452088,1.820000052452088,1.820000052452088,1.820000052452088,200
2011-09-09,1.75,1.7799999713897705,1.75,1.7799999713897705,1.7799999713897705,9100
2011-09-12,1.7799999713897705,1.820000052452088,1.7799999713897705,1.7799999713897705,1.7799999713897705,4400
2011-09-13,1.7799999713897705,1.830000042915344,1.7799999713897705,1.830000042915344,1.830000042915344,3300
2011-09-14,1.7699999809265137,1.940000057220459,1.7699999809265137,1.940000057220459,1.940000057220459,4100
2011-09-15,2.5899999141693115,2.5899999141693115,2.150000095367432,2.3499999046325684,2.3499999046325684,71400
2011-09-16,2.400000095367432,2.4100000858306885,2.150000095367432,2.2300000190734863,2.2300000190734863,20900
2011-09-19,2.150000095367432,2.150000095367432,2.150000095367432,2.150000095367432,2.150000095367432,17500
2011-09-20,2.150000095367432,2.220000028610229,2.130000114440918,2.220000028610229,2.220000028610229,2500
2011-09-21,2.180000066757202,2.190000057220459,2.119999885559082,2.180000066757202,2.180000066757202,6200
2011-09-22,2.180000066757202,2.180000066757202,1.909999966621399,1.9800000190734863,1.9800000190734863,15500
2011-09-23,1.909999966621399,2.0299999713897705,1.8799999952316284,1.940000057220459,1.940000057220459,2500
2011-09-26,1.950000047683716,1.950000047683716,1.870000004768372,1.950000047683716,1.950000047683716,14700
2011-09-27,2.0,2.0,1.909999966621399,1.950000047683716,1.950000047683716,7700
2011-09-28,1.940000057220459,2.0,1.940000057220459,2.0,2.0,6100
2011-09-29,2.049999952316284,2.049999952316284,1.950000047683716,2.039999961853028,2.039999961853028,3700
2011-09-30,1.9900000095367432,2.0,1.919999957084656,2.0,2.0,5900
2011-10-03,2.0,2.0199999809265137,1.9700000286102293,1.9700000286102293,1.9700000286102293,6100
2011-10-04,1.9700000286102293,1.9700000286102293,1.9600000381469729,1.9700000286102293,1.9700000286102293,1400
2011-10-05,2.0799999237060547,2.0999999046325684,2.049999952316284,2.0899999141693115,2.0899999141693115,8000
2011-10-06,2.039999961853028,2.039999961853028,2.039999961853028,2.039999961853028,2.039999961853028,400
2011-10-07,2.0899999141693115,2.0899999141693115,2.0,2.0,2.0,1600
2011-10-10,2.0199999809265137,2.0199999809265137,2.0199999809265137,2.0199999809265137,2.0199999809265137,4200
2011-10-11,2.0199999809265137,2.0199999809265137,1.9800000190734863,2.0,2.0,2800
2011-10-12,2.059999942779541,2.200000047683716,2.0299999713897705,2.180000066757202,2.180000066757202,9700
2011-10-13,2.200000047683716,2.200000047683716,2.1600000858306885,2.1600000858306885,2.1600000858306885,1400
2011-10-14,2.150000095367432,2.2100000381469727,2.150000095367432,2.2100000381469727,2.2100000381469727,10200
2011-10-17,2.2100000381469727,2.2100000381469727,2.2100000381469727,2.2100000381469727,2.2100000381469727,200
2011-10-18,2.2100000381469727,2.2300000190734863,1.9700000286102293,2.0999999046325684,2.0999999046325684,8300
2011-10-19,2.150000095367432,2.190000057220459,2.039999961853028,2.039999961853028,2.039999961853028,5500
2011-10-20,2.049999952316284,2.119999885559082,2.049999952316284,2.119999885559082,2.119999885559082,200
2011-10-21,2.150000095367432,2.289999961853028,2.150000095367432,2.2799999713897705,2.2799999713897705,11200
2011-10-24,2.2699999809265137,2.2699999809265137,2.130000114440918,2.2100000381469727,2.2100000381469727,16800
2011-10-25,2.220000028610229,2.2300000190734863,2.220000028610229,2.2300000190734863,2.2300000190734863,1200
2011-10-26,2.240000009536743,2.25,2.240000009536743,2.25,2.25,500
2011-10-27,2.259999990463257,2.2699999809265137,2.200000047683716,2.200000047683716,2.200000047683716,5100
2011-10-28,2.200000047683716,2.2300000190734863,2.200000047683716,2.2300000190734863,2.2300000190734863,5700
2011-10-31,2.119999885559082,2.200000047683716,2.109999895095825,2.119999885559082,2.119999885559082,5100
2011-11-01,2.0999999046325684,2.400000095367432,2.0999999046325684,2.3499999046325684,2.3499999046325684,24000
2011-11-02,2.3299999237060547,2.3299999237060547,2.25,2.25,2.25,1800
2011-11-03,2.430000066757202,2.430000066757202,2.299999952316284,2.369999885559082,2.369999885559082,6500
2011-11-04,2.380000114440918,2.440000057220459,2.3399999141693115,2.380000114440918,2.380000114440918,2600
2011-11-07,2.440000057220459,2.4600000381469727,2.2799999713897705,2.369999885559082,2.369999885559082,6000
2011-11-08,2.359999895095825,2.440000057220459,2.240000009536743,2.240000009536743,2.240000009536743,4200
2011-11-09,2.2300000190734863,2.25,1.809999942779541,2.1600000858306885,2.1600000858306885,17100
2011-11-10,2.5,2.5,2.150000095367432,2.150000095367432,2.150000095367432,38100
2011-11-11,2.2300000190734863,2.299999952316284,2.150000095367432,2.299999952316284,2.299999952316284,8100
2011-11-14,2.240000009536743,2.369999885559082,2.150000095367432,2.1700000762939453,2.1700000762939453,4300
2011-11-15,2.150000095367432,2.150000095367432,2.150000095367432,2.150000095367432,2.150000095367432,200
2011-11-16,2.150000095367432,2.3299999237060547,2.150000095367432,2.1600000858306885,2.1600000858306885,4100
2011-11-17,2.25,2.2799999713897705,2.150000095367432,2.2799999713897705,2.2799999713897705,106000
2011-11-18,2.240000009536743,2.359999895095825,2.200000047683716,2.25,2.25,6900
2011-11-21,2.25,2.3499999046325684,2.25,2.2799999713897705,2.2799999713897705,3200
2011-11-22,2.299999952316284,2.299999952316284,2.2699999809265137,2.2699999809265137,2.2699999809265137,3900
2011-11-23,2.2699999809265137,2.319999933242798,2.25,2.2699999809265137,2.2699999809265137,35900
2011-11-25,2.299999952316284,2.299999952316284,2.2699999809265137,2.2799999713897705,2.2799999713897705,800
2011-11-28,2.3299999237060547,2.3399999141693115,2.2699999809265137,2.299999952316284,2.299999952316284,27700
2011-11-29,2.299999952316284,2.400000095367432,2.299999952316284,2.359999895095825,2.359999895095825,31400
2011-11-30,2.450000047683716,2.5,2.400000095367432,2.470000028610229,2.470000028610229,15000
2011-12-01,2.450000047683716,2.569999933242798,2.3399999141693115,2.490000009536743,2.490000009536743,21700
2011-12-02,2.440000057220459,2.450000047683716,2.400000095367432,2.4200000762939453,2.4200000762939453,8100
2011-12-05,2.430000066757202,2.430000066757202,2.2799999713897705,2.3399999141693115,2.3399999141693115,2800
2011-12-06,2.3399999141693115,2.3399999141693115,2.2699999809265137,2.2699999809265137,2.2699999809265137,700
2011-12-07,2.3399999141693115,2.369999885559082,2.2699999809265137,2.2799999713897705,2.2799999713897705,2900
2011-12-08,2.2799999713897705,2.2799999713897705,2.2799999713897705,2.2799999713897705,2.2799999713897705,0
2011-12-09,2.2799999713897705,2.2799999713897705,2.2799999713897705,2.2799999713897705,2.2799999713897705,0
2011-12-12,2.2799999713897705,2.2799999713897705,2.069999933242798,2.1600000858306885,2.1600000858306885,7700
2011-12-13,2.049999952316284,2.0999999046325684,2.049999952316284,2.0799999237060547,2.0799999237060547,7200
2011-12-14,2.150000095367432,2.150000095367432,2.009999990463257,2.0799999237060547,2.0799999237060547,3300
2011-12-15,2.0799999237060547,2.200000047683716,2.0799999237060547,2.119999885559082,2.119999885559082,5100
2011-12-16,2.150000095367432,2.190000057220459,2.150000095367432,2.150000095367432,2.150000095367432,17300
2011-12-19,2.180000066757202,2.200000047683716,2.0199999809265137,2.0899999141693115,2.0899999141693115,7300
2011-12-20,2.119999885559082,2.200000047683716,1.9800000190734863,2.180000066757202,2.180000066757202,9400
2011-12-21,2.109999895095825,2.200000047683716,2.109999895095825,2.150000095367432,2.150000095367432,15900
2011-12-22,2.200000047683716,2.299999952316284,2.1700000762939453,2.2799999713897705,2.2799999713897705,46200
2011-12-23,2.299999952316284,2.430000066757202,2.299999952316284,2.430000066757202,2.430000066757202,12000
2011-12-27,2.4100000858306885,2.5,2.3499999046325684,2.490000009536743,2.490000009536743,11600
2011-12-28,2.450000047683716,2.450000047683716,2.3499999046325684,2.3499999046325684,2.3499999046325684,7500
2011-12-29,2.3499999046325684,2.369999885559082,2.3499999046325684,2.3499999046325684,2.3499999046325684,4400
2011-12-30,2.369999885559082,2.4600000381469727,2.3499999046325684,2.4600000381469727,2.4600000381469727,5500
2012-01-03,2.430000066757202,2.539999961853028,2.430000066757202,2.539999961853028,2.539999961853028,3500
2012-01-04,2.539999961853028,2.539999961853028,2.539999961853028,2.539999961853028,2.539999961853028,0
2012-01-05,2.549999952316284,2.569999933242798,2.359999895095825,2.4800000190734863,2.4800000190734863,2700
2012-01-06,2.5299999713897705,2.569999933242798,2.5299999713897705,2.559999942779541,2.559999942779541,8400
2012-01-09,2.569999933242798,2.569999933242798,2.4200000762939453,2.4200000762939453,2.4200000762939453,4300
2012-01-10,2.5,2.539999961853028,2.490000009536743,2.5,2.5,4900
2012-01-11,2.490000009536743,2.559999942779541,2.490000009536743,2.5199999809265137,2.5199999809265137,5400
2012-01-12,2.5,2.549999952316284,2.4800000190734863,2.549999952316284,2.549999952316284,3900
2012-01-13,2.6600000858306885,2.6600000858306885,2.4800000190734863,2.5,2.5,5000
2012-01-17,2.450000047683716,2.450000047683716,2.450000047683716,2.450000047683716,2.450000047683716,100
2012-01-18,2.490000009536743,3.900000095367432,2.490000009536743,2.900000095367432,2.900000095367432,54700
2012-01-19,3.119999885559082,3.400000095367432,2.5999999046325684,2.700000047683716,2.700000047683716,24300
2012-01-20,2.7300000190734863,2.75,2.569999933242798,2.5999999046325684,2.5999999046325684,16900
2012-01-23,2.569999933242798,2.680000066757202,2.549999952316284,2.569999933242798,2.569999933242798,8200
2012-01-24,2.450000047683716,2.5999999046325684,2.450000047683716,2.5999999046325684,2.5999999046325684,8000
2012-01-25,2.440000057220459,2.5999999046325684,2.4200000762939453,2.5999999046325684,2.5999999046325684,2500
2012-01-26,2.609999895095825,2.650000095367432,2.549999952316284,2.5999999046325684,2.5999999046325684,4200
2012-01-27,2.619999885559082,2.650000095367432,2.5199999809265137,2.5999999046325684,2.5999999046325684,2800
2012-01-30,2.430000066757202,2.5999999046325684,2.430000066757202,2.5899999141693115,2.5899999141693115,13500
2012-01-31,2.5999999046325684,2.75,2.5899999141693115,2.619999885559082,2.619999885559082,8300
2012-02-01,2.619999885559082,2.630000114440918,2.5999999046325684,2.5999999046325684,2.5999999046325684,1100
2012-02-02,2.640000104904175,2.819999933242798,2.619999885559082,2.7799999713897705,2.7799999713897705,13400
2012-02-03,2.789999961853028,3.049999952316284,2.789999961853028,2.900000095367432,2.900000095367432,7300
2012-02-06,2.900000095367432,2.900000095367432,2.75,2.8399999141693115,2.8399999141693115,21800
2012-02-07,2.5999999046325684,2.5999999046325684,2.150000095367432,2.3499999046325684,2.3499999046325684,76300
2012-02-08,2.3499999046325684,2.430000066757202,2.200000047683716,2.200000047683716,2.200000047683716,74000
2012-02-09,2.289999961853028,2.289999961853028,2.190000057220459,2.25,2.25,23300
2012-02-10,2.259999990463257,2.259999990463257,2.150000095367432,2.190000057220459,2.190000057220459,12800
2012-02-13,2.190000057220459,2.190000057220459,2.009999990463257,2.140000104904175,2.140000104904175,18400
2012-02-14,2.0899999141693115,2.140000104904175,2.0899999141693115,2.0899999141693115,2.0899999141693115,3200
2012-02-15,2.130000114440918,2.130000114440918,1.9900000095367432,1.9900000095367432,1.9900000095367432,27300
2012-02-16,1.9800000190734863,2.0,1.9299999475479128,1.950000047683716,1.950000047683716,12400
2012-02-17,1.919999957084656,1.9900000095367432,1.919999957084656,1.950000047683716,1.950000047683716,8300
2012-02-21,1.940000057220459,2.059999942779541,1.940000057220459,1.9800000190734863,1.9800000190734863,14400
2012-02-22,2.0199999809265137,2.0999999046325684,2.0,2.0899999141693115,2.0899999141693115,10200
2012-02-23,2.0999999046325684,2.25,2.0899999141693115,2.0999999046325684,2.0999999046325684,10700
2012-02-24,2.119999885559082,2.190000057220459,2.049999952316284,2.0999999046325684,2.0999999046325684,6400
2012-02-27,2.0999999046325684,2.130000114440918,2.049999952316284,2.130000114440918,2.130000114440918,1000
2012-02-28,2.180000066757202,2.25,2.150000095367432,2.25,2.25,31300
2012-02-29,2.220000028610229,2.240000009536743,2.140000104904175,2.240000009536743,2.240000009536743,5400
2012-03-01,2.25,2.25,2.119999885559082,2.119999885559082,2.119999885559082,5800
2012-03-02,2.1700000762939453,2.240000009536743,2.140000104904175,2.140000104904175,2.140000104904175,7200
2012-03-05,2.1700000762939453,2.299999952316284,2.1700000762939453,2.259999990463257,2.259999990463257,6600
2012-03-06,2.180000066757202,2.259999990463257,2.180000066757202,2.180000066757202,2.180000066757202,3100
2012-03-07,2.240000009536743,2.299999952316284,2.240000009536743,2.289999961853028,2.289999961853028,5700
2012-03-08,2.1600000858306885,2.180000066757202,2.150000095367432,2.1700000762939453,2.1700000762939453,900
2012-03-09,2.150000095367432,2.240000009536743,2.0999999046325684,2.150000095367432,2.150000095367432,1700
2012-03-12,2.150000095367432,2.25,2.150000095367432,2.150000095367432,2.150000095367432,6300
2012-03-13,2.220000028610229,2.220000028610229,2.200000047683716,2.200000047683716,2.200000047683716,300
2012-03-14,2.150000095367432,2.25,2.150000095367432,2.240000009536743,2.240000009536743,1700
2012-03-15,2.25,2.309999942779541,2.25,2.299999952316284,2.299999952316284,2900
2012-03-16,2.380000114440918,2.4800000190734863,2.309999942779541,2.3299999237060547,2.3299999237060547,14400
2012-03-19,2.319999933242798,2.3399999141693115,2.109999895095825,2.180000066757202,2.180000066757202,20500
2012-03-20,2.180000066757202,2.200000047683716,2.180000066757202,2.200000047683716,2.200000047683716,700
2012-03-21,2.2100000381469727,2.400000095367432,2.2100000381469727,2.25,2.25,5300
2012-03-22,2.259999990463257,2.309999942779541,2.259999990463257,2.309999942779541,2.309999942779541,400
2012-03-23,2.359999895095825,2.4100000858306885,2.3299999237060547,2.3499999046325684,2.3499999046325684,7700
2012-03-26,2.400000095367432,2.490000009536743,2.400000095367432,2.4600000381469727,2.4600000381469727,9900
2012-03-27,2.400000095367432,2.4600000381469727,2.400000095367432,2.430000066757202,2.430000066757202,8700
2012-03-28,2.450000047683716,3.0199999809265137,2.400000095367432,2.400000095367432,2.400000095367432,27400
2012-03-29,2.509999990463257,2.5999999046325684,2.430000066757202,2.5199999809265137,2.5199999809265137,8900
2012-03-30,2.5199999809265137,2.5199999809265137,2.450000047683716,2.450000047683716,2.450000047683716,3900
2012-04-02,2.4100000858306885,2.430000066757202,2.299999952316284,2.3299999237060547,2.3299999237060547,12400
2012-04-03,2.309999942779541,2.3299999237060547,2.309999942779541,2.3299999237060547,2.3299999237060547,700
2012-04-04,2.2699999809265137,2.2799999713897705,2.2699999809265137,2.2799999713897705,2.2799999713897705,1600
2012-04-05,2.2699999809265137,2.2699999809265137,2.2699999809265137,2.2699999809265137,2.2699999809265137,400
2012-04-09,2.259999990463257,2.299999952316284,2.180000066757202,2.180000066757202,2.180000066757202,10200
2012-04-10,2.200000047683716,2.299999952316284,2.200000047683716,2.200000047683716,2.200000047683716,5300
2012-04-11,2.1600000858306885,2.1600000858306885,2.109999895095825,2.150000095367432,2.150000095367432,3000
2012-04-12,2.150000095367432,2.359999895095825,2.150000095367432,2.359999895095825,2.359999895095825,5800
2012-04-13,2.400000095367432,2.400000095367432,2.400000095367432,2.400000095367432,2.400000095367432,900
2012-04-16,2.390000104904175,2.390000104904175,2.2100000381469727,2.3399999141693115,2.3399999141693115,1900
2012-04-17,2.1700000762939453,2.299999952316284,2.1700000762939453,2.240000009536743,2.240000009536743,3200
2012-04-18,2.200000047683716,2.2300000190734863,2.180000066757202,2.180000066757202,2.180000066757202,2300
2012-04-19,2.390000104904175,2.390000104904175,2.180000066757202,2.309999942779541,2.309999942779541,3000
2012-04-20,2.299999952316284,2.299999952316284,2.180000066757202,2.180000066757202,2.180000066757202,2200
2012-04-23,2.190000057220459,2.309999942779541,2.190000057220459,2.299999952316284,2.299999952316284,8100
2012-04-24,2.309999942779541,2.309999942779541,2.25,2.2699999809265137,2.2699999809265137,1900
2012-04-25,2.2699999809265137,2.2699999809265137,2.2699999809265137,2.2699999809265137,2.2699999809265137,0
2012-04-26,2.289999961853028,2.289999961853028,2.190000057220459,2.259999990463257,2.259999990463257,10800
2012-04-27,2.180000066757202,2.2300000190734863,2.180000066757202,2.180000066757202,2.180000066757202,14900
2012-04-30,2.190000057220459,2.4100000858306885,2.0999999046325684,2.259999990463257,2.259999990463257,20000
2012-05-01,2.180000066757202,2.180000066757202,2.180000066757202,2.180000066757202,2.180000066757202,200
2012-05-02,2.4100000858306885,2.4100000858306885,2.299999952316284,2.299999952316284,2.299999952316284,4700
2012-05-03,2.309999942779541,2.309999942779541,2.130000114440918,2.1700000762939453,2.1700000762939453,4600
2012-05-04,2.1700000762939453,2.1700000762939453,2.130000114440918,2.130000114440918,2.130000114440918,2700
2012-05-07,2.0999999046325684,2.109999895095825,2.0,2.109999895095825,2.109999895095825,16000
2012-05-08,2.009999990463257,2.049999952316284,2.0,2.0,2.0,4800
2012-05-09,1.9299999475479128,2.0799999237060547,1.899999976158142,2.059999942779541,2.059999942779541,7600
2012-05-10,2.059999942779541,2.059999942779541,1.919999957084656,2.039999961853028,2.039999961853028,2500
2012-05-11,1.9600000381469729,2.0,1.9600000381469729,1.9900000095367432,1.9900000095367432,2500
2012-05-14,1.9299999475479128,1.9600000381469729,1.9299999475479128,1.9299999475479128,1.9299999475479128,600
2012-05-15,1.919999957084656,1.9299999475479128,1.909999966621399,1.9299999475479128,1.9299999475479128,1500
2012-05-16,1.9800000190734863,2.180000066757202,1.9700000286102293,2.119999885559082,2.119999885559082,14300
2012-05-17,2.130000114440918,2.200000047683716,1.909999966621399,1.9900000095367432,1.9900000095367432,6700
2012-05-18,2.0,2.0,1.909999966621399,1.919999957084656,1.919999957084656,12300
2012-05-21,1.9900000095367432,1.9900000095367432,1.950000047683716,1.950000047683716,1.950000047683716,2100
2012-05-22,1.9700000286102293,2.180000066757202,1.940000057220459,2.119999885559082,2.119999885559082,24000
2012-05-23,2.150000095367432,2.150000095367432,1.919999957084656,1.9800000190734863,1.9800000190734863,38000
2012-05-24,1.909999966621399,1.9600000381469729,1.870000004768372,1.8799999952316284,1.8799999952316284,23400
2012-05-25,1.899999976158142,2.039999961853028,1.820000052452088,1.850000023841858,1.850000023841858,9200
2012-05-29,1.950000047683716,1.9600000381469729,1.809999942779541,1.850000023841858,1.850000023841858,17400
2012-05-30,1.7999999523162842,2.119999885559082,1.7999999523162842,2.0,2.0,19000
2012-05-31,2.0199999809265137,2.049999952316284,2.0,2.0199999809265137,2.0199999809265137,6000
2012-06-01,1.9900000095367432,2.190000057220459,1.9900000095367432,2.0799999237060547,2.0799999237060547,7800
2012-06-04,2.0,2.069999933242798,1.850000023841858,1.9800000190734863,1.9800000190734863,17400
2012-06-05,1.9900000095367432,1.9900000095367432,1.9900000095367432,1.9900000095367432,1.9900000095367432,400
2012-06-06,1.9700000286102293,1.9700000286102293,1.950000047683716,1.9700000286102293,1.9700000286102293,3700
2012-06-07,2.0,2.0,1.950000047683716,1.9900000095367432,1.9900000095367432,10100
2012-06-08,1.9800000190734863,1.9800000190734863,1.9800000190734863,1.9800000190734863,1.9800000190734863,200
2012-06-11,2.0,2.049999952316284,1.9700000286102293,2.049999952316284,2.049999952316284,14000
2012-06-12,2.009999990463257,2.009999990463257,1.940000057220459,1.940000057220459,1.940000057220459,5700
2012-06-13,2.0,2.049999952316284,1.9800000190734863,1.9800000190734863,1.9800000190734863,2500
2012-06-14,1.9900000095367432,2.0,1.9900000095367432,2.0,2.0,1100
2012-06-15,1.9700000286102293,2.039999961853028,1.8899999856948853,2.039999961853028,2.039999961853028,3400
2012-06-18,2.0,2.039999961853028,1.9800000190734863,2.0,2.0,18700
2012-06-19,1.9900000095367432,2.0,1.9800000190734863,1.9900000095367432,1.9900000095367432,18800
2012-06-20,2.0,2.0,2.0,2.0,2.0,10000
2012-06-21,2.0,2.049999952316284,1.9800000190734863,1.9800000190734863,1.9800000190734863,8200
2012-06-22,2.049999952316284,2.049999952316284,2.049999952316284,2.049999952316284,2.049999952316284,800
2012-06-25,2.049999952316284,2.059999942779541,2.0,2.059999942779541,2.059999942779541,7800
2012-06-26,2.059999942779541,2.059999942779541,2.009999990463257,2.039999961853028,2.039999961853028,5300
2012-06-27,2.049999952316284,2.049999952316284,2.049999952316284,2.049999952316284,2.049999952316284,2200
2012-06-28,2.059999942779541,2.059999942779541,2.0199999809265137,2.039999961853028,2.039999961853028,14500
2012-06-29,2.049999952316284,2.049999952316284,2.0,2.0299999713897705,2.0299999713897705,2300
2012-07-02,2.0,2.0,1.950000047683716,1.9900000095367432,1.9900000095367432,6800
2012-07-03,1.9900000095367432,1.9900000095367432,1.9900000095367432,1.9900000095367432,1.9900000095367432,1000
2012-07-05,2.0,2.0,1.9700000286102293,2.0,2.0,17400
2012-07-06,2.0,2.0,1.9800000190734863,1.9800000190734863,1.9800000190734863,3800
2012-07-09,2.0,2.0,1.9900000095367432,1.9900000095367432,1.9900000095367432,2700
2012-07-10,2.0,2.0,2.0,2.0,2.0,2200
2012-07-11,2.0,2.0,1.950000047683716,1.950000047683716,1.950000047683716,16500
2012-07-12,1.9700000286102293,1.9700000286102293,1.950000047683716,1.9600000381469729,1.9600000381469729,1600
2012-07-13,1.9600000381469729,1.9600000381469729,1.9600000381469729,1.9600000381469729,1.9600000381469729,0
2012-07-16,1.9900000095367432,2.059999942779541,1.9299999475479128,2.039999961853028,2.039999961853028,2900
2012-07-17,2.0,2.0,1.940000057220459,1.9900000095367432,1.9900000095367432,21300
2012-07-18,1.9900000095367432,1.9900000095367432,1.940000057220459,1.940000057220459,1.940000057220459,2800
2012-07-19,1.9800000190734863,1.9900000095367432,1.940000057220459,1.9900000095367432,1.9900000095367432,2200
2012-07-20,1.9299999475479128,1.9800000190734863,1.830000042915344,1.8899999856948853,1.8899999856948853,24200
2012-07-23,1.899999976158142,1.899999976158142,1.840000033378601,1.8799999952316284,1.8799999952316284,2000
2012-07-24,1.899999976158142,1.899999976158142,1.899999976158142,1.899999976158142,1.899999976158142,100
2012-07-25,1.899999976158142,1.899999976158142,1.899999976158142,1.899999976158142,1.899999976158142,2100
2012-07-26,1.899999976158142,1.899999976158142,1.7799999713897705,1.840000033378601,1.840000033378601,7600
2012-07-27,1.8899999856948853,1.8899999856948853,1.7699999809265137,1.7699999809265137,1.7699999809265137,4500
2012-07-30,1.820000052452088,1.820000052452088,1.7000000476837158,1.7000000476837158,1.7000000476837158,8300
2012-07-31,1.7899999618530271,1.7899999618530271,1.75,1.75,1.75,1500
2012-08-01,1.7999999523162842,1.850000023841858,1.7999999523162842,1.7999999523162842,1.7999999523162842,2900
2012-08-02,1.7699999809265137,1.7699999809265137,1.659999966621399,1.659999966621399,1.659999966621399,12400
2012-08-03,1.7000000476837158,1.7000000476837158,1.659999966621399,1.6799999475479126,1.6799999475479126,2900
2012-08-06,1.919999957084656,1.9700000286102293,1.7599999904632568,1.830000042915344,1.830000042915344,36500
2012-08-07,1.850000023841858,1.899999976158142,1.7699999809265137,1.7699999809265137,1.7699999809265137,12500
2012-08-08,1.6799999475479126,1.7599999904632568,1.659999966621399,1.7400000095367432,1.7400000095367432,15200
2012-08-09,1.690000057220459,1.7000000476837158,1.649999976158142,1.690000057220459,1.690000057220459,15500
2012-08-10,1.6799999475479126,1.6799999475479126,1.4299999475479126,1.5199999809265137,1.5199999809265137,38900
2012-08-13,1.6100000143051147,1.6100000143051147,1.5,1.5299999713897705,1.5299999713897705,20500
2012-08-14,1.600000023841858,1.6399999856948853,1.5,1.6399999856948853,1.6399999856948853,21300
2012-08-15,1.649999976158142,1.7899999618530271,1.649999976158142,1.7799999713897705,1.7799999713897705,4100
2012-08-16,1.850000023841858,1.850000023841858,1.6799999475479126,1.6799999475479126,1.6799999475479126,7800
2012-08-17,1.7599999904632568,1.8799999952316284,1.7599999904632568,1.809999942779541,1.809999942779541,9000
2012-08-20,1.850000023841858,1.950000047683716,1.850000023841858,1.9299999475479128,1.9299999475479128,17800
2012-08-21,1.9299999475479128,1.9299999475479128,1.919999957084656,1.919999957084656,1.919999957084656,2300
2012-08-22,1.809999942779541,1.899999976158142,1.7999999523162842,1.899999976158142,1.899999976158142,2900
2012-08-23,1.899999976158142,1.950000047683716,1.899999976158142,1.950000047683716,1.950000047683716,1300
2012-08-24,1.899999976158142,2.0899999141693115,1.899999976158142,2.0,2.0,17900
2012-08-27,2.049999952316284,2.049999952316284,2.0,2.0,2.0,3400
2012-08-28,2.0299999713897705,2.0299999713897705,2.0,2.0,2.0,1600
2012-08-29,2.0,2.049999952316284,1.909999966621399,1.919999957084656,1.919999957084656,3100
2012-08-30,1.9600000381469729,2.059999942779541,1.9299999475479128,1.9299999475479128,1.9299999475479128,2200
2012-08-31,1.9700000286102293,2.180000066757202,1.9700000286102293,1.9700000286102293,1.9700000286102293,6600
2012-09-04,1.9700000286102293,2.0999999046325684,1.919999957084656,2.0999999046325684,2.0999999046325684,12100
2012-09-05,2.0,2.0,1.909999966621399,1.909999966621399,1.909999966621399,31900
2012-09-06,1.909999966621399,1.9800000190734863,1.7799999713897705,1.899999976158142,1.899999976158142,43700
2012-09-07,1.919999957084656,1.9700000286102293,1.659999966621399,1.850000023841858,1.850000023841858,6900
2012-09-10,1.850000023841858,1.850000023841858,1.7000000476837158,1.7300000190734863,1.7300000190734863,7200
2012-09-11,1.7300000190734863,1.7999999523162842,1.690000057220459,1.7100000381469729,1.7100000381469729,6600
2012-09-12,1.6399999856948853,1.7899999618530271,1.6399999856948853,1.7899999618530271,1.7899999618530271,800
2012-09-13,1.649999976158142,1.75,1.1799999475479126,1.7300000190734863,1.7300000190734863,31200
2012-09-14,1.6699999570846558,1.7200000286102295,1.6699999570846558,1.7100000381469729,1.7100000381469729,15300
2012-09-17,1.7100000381469729,1.7200000286102295,1.7100000381469729,1.7200000286102295,1.7200000286102295,11900
2012-09-18,1.7000000476837158,1.7000000476837158,1.649999976158142,1.649999976158142,1.649999976158142,2700
2012-09-19,1.649999976158142,1.649999976158142,1.649999976158142,1.649999976158142,1.649999976158142,0
2012-09-20,1.690000057220459,1.7699999809265137,1.690000057220459,1.7599999904632568,1.7599999904632568,3100
2012-09-21,1.7300000190734863,1.870000004768372,1.7000000476837158,1.870000004768372,1.870000004768372,9500
2012-09-24,1.899999976158142,1.919999957084656,1.7599999904632568,1.919999957084656,1.919999957084656,6500
2012-09-25,1.940000057220459,1.940000057220459,1.899999976158142,1.909999966621399,1.909999966621399,2800
2012-09-26,1.8600000143051147,1.8600000143051147,1.7100000381469729,1.7999999523162842,1.7999999523162842,2600
2012-09-27,1.7300000190734863,1.7799999713897705,1.7200000286102295,1.7200000286102295,1.7200000286102295,5300
2012-09-28,1.7100000381469729,1.7200000286102295,1.7100000381469729,1.7200000286102295,1.7200000286102295,1300
2012-10-01,1.7100000381469729,1.8899999856948853,1.7100000381469729,1.7400000095367432,1.7400000095367432,9700
2012-10-02,1.75,1.75,1.7300000190734863,1.7300000190734863,1.7300000190734863,900
2012-10-03,1.7300000190734863,1.8899999856948853,1.7300000190734863,1.8600000143051147,1.8600000143051147,3400
2012-10-04,1.840000033378601,1.8899999856948853,1.830000042915344,1.8899999856948853,1.8899999856948853,9400
2012-10-05,1.8899999856948853,1.899999976158142,1.8600000143051147,1.8799999952316284,1.8799999952316284,15300
2012-10-08,1.840000033378601,1.899999976158142,1.840000033378601,1.899999976158142,1.899999976158142,300
2012-10-09,1.870000004768372,1.909999966621399,1.7200000286102295,1.7200000286102295,1.7200000286102295,7400
2012-10-10,1.7999999523162842,1.7999999523162842,1.7699999809265137,1.7899999618530271,1.7899999618530271,4800
2012-10-11,1.7899999618530271,1.7899999618530271,1.7899999618530271,1.7899999618530271,1.7899999618530271,0
2012-10-12,1.7799999713897705,1.830000042915344,1.7799999713897705,1.830000042915344,1.830000042915344,3900
2012-10-15,1.850000023841858,1.919999957084656,1.850000023841858,1.870000004768372,1.870000004768372,18800
2012-10-16,1.909999966621399,1.909999966621399,1.75,1.8799999952316284,1.8799999952316284,35600
2012-10-17,1.7999999523162842,1.940000057220459,1.7999999523162842,1.9299999475479128,1.9299999475479128,42500
2012-10-18,1.9299999475479128,1.950000047683716,1.899999976158142,1.950000047683716,1.950000047683716,24100
2012-10-19,1.7799999713897705,1.9900000095367432,1.7799999713897705,1.840000033378601,1.840000033378601,6200
2012-10-22,1.830000042915344,1.830000042915344,1.809999942779541,1.820000052452088,1.820000052452088,2900
2012-10-23,1.7899999618530271,1.899999976158142,1.7799999713897705,1.850000023841858,1.850000023841858,13500
2012-10-24,1.850000023841858,2.0,1.850000023841858,1.8899999856948853,1.8899999856948853,12100
2012-10-25,1.919999957084656,1.940000057220459,1.8600000143051147,1.9299999475479128,1.9299999475479128,14800
2012-10-26,1.940000057220459,2.0999999046325684,1.7899999618530271,2.0999999046325684,2.0999999046325684,41700
2012-10-31,2.059999942779541,2.059999942779541,2.009999990463257,2.0199999809265137,2.0199999809265137,600
2012-11-01,2.0999999046325684,2.0999999046325684,2.069999933242798,2.069999933242798,2.069999933242798,300
2012-11-02,2.0999999046325684,2.200000047683716,2.059999942779541,2.190000057220459,2.190000057220459,5800
2012-11-05,2.119999885559082,2.119999885559082,2.059999942779541,2.109999895095825,2.109999895095825,12300
2012-11-06,2.069999933242798,2.069999933242798,2.059999942779541,2.059999942779541,2.059999942779541,3000
2012-11-07,2.049999952316284,2.180000066757202,1.899999976158142,2.180000066757202,2.180000066757202,6000
2012-11-08,2.069999933242798,2.0899999141693115,2.0,2.0299999713897705,2.0299999713897705,10900
2012-11-09,1.9600000381469729,1.9600000381469729,1.950000047683716,1.950000047683716,1.950000047683716,5400
2012-11-12,1.9700000286102293,1.9700000286102293,1.9700000286102293,1.9700000286102293,1.9700000286102293,200
2012-11-13,1.9800000190734863,1.9800000190734863,1.950000047683716,1.950000047683716,1.950000047683716,5600
2012-11-14,1.909999966621399,2.140000104904175,1.8899999856948853,2.140000104904175,2.140000104904175,3300
2012-11-15,2.140000104904175,2.140000104904175,2.140000104904175,2.140000104904175,2.140000104904175,0
2012-11-16,1.9800000190734863,2.049999952316284,1.9800000190734863,1.9800000190734863,1.9800000190734863,7100
2012-11-19,2.0,2.0299999713897705,1.950000047683716,2.009999990463257,2.009999990463257,25400
2012-11-20,1.909999966621399,1.909999966621399,1.909999966621399,1.909999966621399,1.909999966621399,500
2012-11-21,1.940000057220459,1.9800000190734863,1.940000057220459,1.950000047683716,1.950000047683716,300
2012-11-23,1.950000047683716,1.950000047683716,1.950000047683716,1.950000047683716,1.950000047683716,0
2012-11-26,1.909999966621399,2.0,1.909999966621399,1.950000047683716,1.950000047683716,4200
2012-11-27,2.009999990463257,2.009999990463257,1.909999966621399,1.909999966621399,1.909999966621399,400
2012-11-28,1.919999957084656,1.9299999475479128,1.909999966621399,1.9299999475479128,1.9299999475479128,2700
2012-11-29,1.9800000190734863,2.0,1.919999957084656,1.919999957084656,1.919999957084656,2900
2012-11-30,1.909999966621399,1.9900000095367432,1.909999966621399,1.9900000095367432,1.9900000095367432,2100
2012-12-03,1.9900000095367432,2.009999990463257,1.9900000095367432,2.009999990463257,2.009999990463257,2500
2012-12-04,2.049999952316284,2.049999952316284,2.049999952316284,2.049999952316284,2.049999952316284,6100
2012-12-05,1.9700000286102293,2.049999952316284,1.950000047683716,2.049999952316284,2.049999952316284,2400
2012-12-06,2.049999952316284,2.049999952316284,2.049999952316284,2.049999952316284,2.049999952316284,0
2012-12-07,1.9600000381469729,1.9600000381469729,1.950000047683716,1.950000047683716,1.950000047683716,400
2012-12-10,2.039999961853028,2.049999952316284,2.039999961853028,2.049999952316284,2.049999952316284,1000
2012-12-11,2.039999961853028,2.140000104904175,2.039999961853028,2.0899999141693115,2.0899999141693115,2100
2012-12-12,2.049999952316284,2.0799999237060547,1.9600000381469729,2.0799999237060547,2.0799999237060547,5800
2012-12-13,2.069999933242798,2.069999933242798,2.0,2.0199999809265137,2.0199999809265137,5600
2012-12-14,2.009999990463257,2.009999990463257,1.9600000381469729,1.9600000381469729,1.9600000381469729,3500
2012-12-17,1.919999957084656,1.9700000286102293,1.919999957084656,1.940000057220459,1.940000057220459,1000
2012-12-18,1.909999966621399,1.9700000286102293,1.909999966621399,1.940000057220459,1.940000057220459,6400
2012-12-19,1.950000047683716,1.9700000286102293,1.809999942779541,1.8799999952316284,1.8799999952316284,10900
2012-12-20,1.840000033378601,2.0,1.840000033378601,1.950000047683716,1.950000047683716,4900
2012-12-21,1.909999966621399,2.0199999809265137,1.840000033378601,2.0199999809265137,2.0199999809265137,3600
2012-12-24,2.0199999809265137,2.0199999809265137,2.0199999809265137,2.0199999809265137,2.0199999809265137,0
2012-12-26,1.8600000143051147,2.0299999713897705,1.820000052452088,2.0299999713897705,2.0299999713897705,15200
2012-12-27,2.0,2.0,1.840000033378601,1.909999966621399,1.909999966621399,18500
2012-12-28,1.899999976158142,2.009999990463257,1.899999976158142,2.009999990463257,2.009999990463257,2200
2012-12-31,1.850000023841858,2.059999942779541,1.850000023841858,2.049999952316284,2.049999952316284,2100
2013-01-02,2.049999952316284,2.049999952316284,2.049999952316284,2.049999952316284,2.049999952316284,0
2013-01-03,2.049999952316284,2.049999952316284,2.049999952316284,2.049999952316284,2.049999952316284,0
2013-01-04,1.950000047683716,1.950000047683716,1.950000047683716,1.950000047683716,1.950000047683716,2600
2013-01-07,1.950000047683716,1.950000047683716,1.950000047683716,1.950000047683716,1.950000047683716,600
2013-01-08,2.039999961853028,2.0999999046325684,2.039999961853028,2.039999961853028,2.039999961853028,4800
2013-01-09,2.049999952316284,2.0999999046325684,2.049999952316284,2.0799999237060547,2.0799999237060547,13600
2013-01-10,2.069999933242798,2.369999885559082,2.059999942779541,2.369999885559082,2.369999885559082,27200
2013-01-11,2.140000104904175,2.1700000762939453,2.059999942779541,2.0799999237060547,2.0799999237060547,21000
2013-01-14,2.0799999237060547,2.180000066757202,1.9600000381469729,2.059999942779541,2.059999942779541,9800
2013-01-15,2.039999961853028,2.039999961853028,2.039999961853028,2.039999961853028,2.039999961853028,100
2013-01-16,1.9600000381469729,2.0199999809265137,1.9600000381469729,2.0199999809265137,2.0199999809265137,1300
2013-01-17,2.0199999809265137,2.0199999809265137,1.8799999952316284,1.950000047683716,1.950000047683716,4600
2013-01-18,1.909999966621399,1.919999957084656,1.909999966621399,1.919999957084656,1.919999957084656,600
2013-01-22,2.0,2.109999895095825,2.0,2.0,2.0,19300
2013-01-23,2.009999990463257,2.009999990463257,2.009999990463257,2.009999990463257,2.009999990463257,300
2013-01-24,2.009999990463257,2.2100000381469727,2.009999990463257,2.200000047683716,2.200000047683716,7400
2013-01-25,2.140000104904175,2.140000104904175,2.069999933242798,2.119999885559082,2.119999885559082,4800
2013-01-28,2.190000057220459,2.190000057220459,2.0199999809265137,2.0299999713897705,2.0299999713897705,3200
2013-01-29,2.130000114440918,2.190000057220459,2.0799999237060547,2.190000057220459,2.190000057220459,800
2013-01-30,2.0899999141693115,2.0899999141693115,2.0899999141693115,2.0899999141693115,2.0899999141693115,1200
2013-01-31,2.0199999809265137,2.200000047683716,2.0199999809265137,2.180000066757202,2.180000066757202,11500
2013-02-01,2.1600000858306885,2.180000066757202,2.140000104904175,2.140000104904175,2.140000104904175,21800
2013-02-04,2.140000104904175,2.140000104904175,2.140000104904175,2.140000104904175,2.140000104904175,0
2013-02-05,2.1700000762939453,2.180000066757202,2.1700000762939453,2.180000066757202,2.180000066757202,3300
2013-02-06,2.180000066757202,2.200000047683716,2.109999895095825,2.180000066757202,2.180000066757202,5900
2013-02-07,2.180000066757202,2.190000057220459,2.049999952316284,2.069999933242798,2.069999933242798,13800
2013-02-08,2.130000114440918,2.130000114440918,2.049999952316284,2.069999933242798,2.069999933242798,10900
2013-02-11,2.0999999046325684,2.1700000762939453,2.0999999046325684,2.140000104904175,2.140000104904175,400
2013-02-12,2.150000095367432,2.2300000190734863,2.150000095367432,2.2300000190734863,2.2300000190734863,1900
2013-02-13,2.180000066757202,2.180000066757202,2.150000095367432,2.150000095367432,2.150000095367432,800
2013-02-14,2.150000095367432,2.240000009536743,2.0999999046325684,2.240000009536743,2.240000009536743,5800
2013-02-15,2.240000009536743,2.240000009536743,2.240000009536743,2.240000009536743,2.240000009536743,0
2013-02-19,2.259999990463257,2.2699999809265137,2.180000066757202,2.200000047683716,2.200000047683716,14800
2013-02-20,2.2300000190734863,2.2300000190734863,2.190000057220459,2.190000057220459,2.190000057220459,1800
2013-02-21,2.190000057220459,2.190000057220459,2.190000057220459,2.190000057220459,2.190000057220459,0
2013-02-22,2.190000057220459,2.190000057220459,2.1700000762939453,2.1700000762939453,2.1700000762939453,1300
2013-02-25,2.109999895095825,2.109999895095825,2.0999999046325684,2.0999999046325684,2.0999999046325684,3000
2013-02-26,2.119999885559082,2.119999885559082,2.049999952316284,2.0799999237060547,2.0799999237060547,3300
2013-02-27,2.0799999237060547,2.0799999237060547,2.0799999237060547,2.0799999237060547,2.0799999237060547,0
2013-02-28,2.039999961853028,2.059999942779541,2.039999961853028,2.059999942779541,2.059999942779541,900
2013-03-01,2.0299999713897705,2.0299999713897705,2.0299999713897705,2.0299999713897705,2.0299999713897705,700
2013-03-04,2.0299999713897705,2.0299999713897705,2.0299999713897705,2.0299999713897705,2.0299999713897705,0
2013-03-05,2.0299999713897705,2.0299999713897705,2.009999990463257,2.0199999809265137,2.0199999809265137,4200
2013-03-06,2.0,2.0299999713897705,2.0,2.0,2.0,10800
2013-03-07,2.009999990463257,2.009999990463257,2.0,2.0,2.0,19000
2013-03-08,2.0,2.130000114440918,1.9900000095367432,2.119999885559082,2.119999885559082,30000
2013-03-11,2.109999895095825,2.130000114440918,2.069999933242798,2.069999933242798,2.069999933242798,1100
2013-03-12,2.059999942779541,2.0799999237060547,2.059999942779541,2.0799999237060547,2.0799999237060547,300
2013-03-13,2.25,2.25,2.0199999809265137,2.109999895095825,2.109999895095825,2400
2013-03-14,2.140000104904175,2.140000104904175,2.140000104904175,2.140000104904175,2.140000104904175,1100
2013-03-15,2.1700000762939453,2.1700000762939453,2.0899999141693115,2.0899999141693115,2.0899999141693115,1000
2013-03-18,2.059999942779541,2.059999942779541,2.059999942779541,2.059999942779541,2.059999942779541,200
2013-03-19,2.0199999809265137,2.0199999809265137,2.009999990463257,2.0199999809265137,2.0199999809265137,5600
2013-03-20,2.009999990463257,2.009999990463257,2.009999990463257,2.009999990463257,2.009999990463257,1000
2013-03-21,2.0,2.0,2.0,2.0,2.0,100
2013-03-22,2.009999990463257,2.009999990463257,2.0,2.0,2.0,900
2013-03-25,2.0,2.0,2.0,2.0,2.0,0
2013-03-26,2.049999952316284,2.049999952316284,2.0,2.0,2.0,1700
2013-03-27,2.0,2.0299999713897705,2.0,2.0199999809265137,2.0199999809265137,2700
2013-03-28,2.0,2.0899999141693115,2.0,2.0899999141693115,2.0899999141693115,400
2013-04-01,2.009999990463257,2.0799999237060547,2.0,2.0799999237060547,2.0799999237060547,2700
2013-04-02,2.009999990463257,2.009999990463257,2.0,2.009999990463257,2.009999990463257,1000
2013-04-03,2.0,2.0,2.0,2.0,2.0,500
2013-04-04,2.0,2.0,2.0,2.0,2.0,300
2013-04-05,2.0,2.009999990463257,2.0,2.0,2.0,900
2013-04-08,2.0,2.0,1.9800000190734863,2.0,2.0,2300
2013-04-09,2.0,2.009999990463257,2.0,2.0,2.0,8400
2013-04-10,2.0799999237060547,2.0799999237060547,2.009999990463257,2.009999990463257,2.009999990463257,2100
2013-04-11,2.009999990463257,2.009999990463257,2.009999990463257,2.009999990463257,2.009999990463257,0
2013-04-12,2.0199999809265137,2.0199999809265137,2.0199999809265137,2.0199999809265137,2.0199999809265137,400
2013-04-15,2.0,2.0199999809265137,1.9900000095367432,2.0199999809265137,2.0199999809265137,26800
2013-04-16,2.0,2.0,2.0,2.0,2.0,200
2013-04-17,2.0,2.0,2.0,2.0,2.0,1000
2013-04-18,2.049999952316284,2.049999952316284,2.049999952316284,2.049999952316284,2.049999952316284,1900
2013-04-19,2.0899999141693115,2.0999999046325684,2.0799999237060547,2.0999999046325684,2.0999999046325684,7800
2013-04-22,2.0999999046325684,2.0999999046325684,2.0999999046325684,2.0999999046325684,2.0999999046325684,500
2013-04-23,2.049999952316284,2.0899999141693115,2.049999952316284,2.0899999141693115,2.0899999141693115,2400
2013-04-24,2.0899999141693115,2.0899999141693115,2.0899999141693115,2.0899999141693115,2.0899999141693115,0
2013-04-25,2.069999933242798,2.069999933242798,2.039999961853028,2.039999961853028,2.039999961853028,5000
2013-04-26,2.009999990463257,2.0199999809265137,2.0,2.0,2.0,700
2013-04-29,2.0,2.049999952316284,2.0,2.039999961853028,2.039999961853028,10900
2013-04-30,2.039999961853028,2.039999961853028,2.0,2.0,2.0,16900
2013-05-01,2.0,2.0,1.940000057220459,1.9700000286102293,1.9700000286102293,6100
2013-05-02,1.950000047683716,1.9700000286102293,1.940000057220459,1.940000057220459,1.940000057220459,300
2013-05-03,2.0199999809265137,2.049999952316284,1.9700000286102293,1.9700000286102293,1.9700000286102293,7900
2013-05-06,1.899999976158142,2.009999990463257,1.899999976158142,2.009999990463257,2.009999990463257,26800
2013-05-07,2.039999961853028,2.039999961853028,2.0,2.0,2.0,46400
2013-05-08,2.0199999809265137,2.039999961853028,2.0,2.0199999809265137,2.0199999809265137,9600
2013-05-09,2.039999961853028,2.049999952316284,2.0299999713897705,2.0299999713897705,2.0299999713897705,14600
2013-05-10,2.049999952316284,2.049999952316284,2.0299999713897705,2.039999961853028,2.039999961853028,18300
2013-05-13,2.039999961853028,2.059999942779541,2.039999961853028,2.039999961853028,2.039999961853028,11900
2013-05-14,2.039999961853028,2.039999961853028,1.899999976158142,1.909999966621399,1.909999966621399,75600
2013-05-15,1.909999966621399,1.909999966621399,1.909999966621399,1.909999966621399,1.909999966621399,0
2013-05-16,1.899999976158142,1.899999976158142,1.899999976158142,1.899999976158142,1.899999976158142,100
2013-05-17,1.909999966621399,1.909999966621399,1.899999976158142,1.899999976158142,1.899999976158142,11300
2013-05-20,1.9900000095367432,1.9900000095367432,1.899999976158142,1.899999976158142,1.899999976158142,3300
2013-05-21,1.899999976158142,1.9299999475479128,1.899999976158142,1.9299999475479128,1.9299999475479128,8000
2013-05-22,1.9299999475479128,1.9299999475479128,1.9299999475479128,1.9299999475479128,1.9299999475479128,0
2013-05-23,1.899999976158142,1.899999976158142,1.899999976158142,1.899999976158142,1.899999976158142,13400
2013-05-24,1.909999966621399,1.909999966621399,1.899999976158142,1.899999976158142,1.899999976158142,3900
2013-05-28,1.909999966621399,1.909999966621399,1.899999976158142,1.899999976158142,1.899999976158142,800
2013-05-29,1.909999966621399,1.909999966621399,1.909999966621399,1.909999966621399,1.909999966621399,2000
2013-05-30,1.909999966621399,1.909999966621399,1.909999966621399,1.909999966621399,1.909999966621399,500
2013-05-31,1.899999976158142,1.899999976158142,1.899999976158142,1.899999976158142,1.899999976158142,17200
2013-06-03,1.899999976158142,1.899999976158142,1.899999976158142,1.899999976158142,1.899999976158142,22100
2013-06-04,1.899999976158142,1.899999976158142,1.899999976158142,1.899999976158142,1.899999976158142,0
2013-06-05,1.899999976158142,1.899999976158142,1.899999976158142,1.899999976158142,1.899999976158142,1300
2013-06-06,1.899999976158142,1.899999976158142,1.899999976158142,1.899999976158142,1.899999976158142,0
2013-06-07,1.919999957084656,1.919999957084656,1.919999957084656,1.919999957084656,1.919999957084656,100
2013-06-10,1.9299999475479128,1.9299999475479128,1.899999976158142,1.899999976158142,1.899999976158142,5000
2013-06-11,1.899999976158142,1.950000047683716,1.899999976158142,1.940000057220459,1.940000057220459,11000
2013-06-12,1.7999999523162842,1.840000033378601,1.7999999523162842,1.840000033378601,1.840000033378601,1100
2013-06-13,1.899999976158142,1.899999976158142,1.899999976158142,1.899999976158142,1.899999976158142,9900
2013-06-14,1.899999976158142,1.899999976158142,1.899999976158142,1.899999976158142,1.899999976158142,0
2013-06-17,1.899999976158142,1.899999976158142,1.899999976158142,1.899999976158142,1.899999976158142,0
2013-06-18,1.940000057220459,1.940000057220459,1.899999976158142,1.899999976158142,1.899999976158142,1100
2013-06-19,1.899999976158142,1.909999966621399,1.899999976158142,1.909999966621399,1.909999966621399,1800
2013-06-20,1.909999966621399,1.909999966621399,1.909999966621399,1.909999966621399,1.909999966621399,0
2013-06-21,1.909999966621399,1.909999966621399,1.909999966621399,1.909999966621399,1.909999966621399,0
2013-06-24,1.899999976158142,1.899999976158142,1.899999976158142,1.899999976158142,1.899999976158142,1100
2013-06-25,1.909999966621399,1.909999966621399,1.899999976158142,1.899999976158142,1.899999976158142,27400
2013-06-26,1.899999976158142,1.899999976158142,1.899999976158142,1.899999976158142,1.899999976158142,0
2013-06-27,1.899999976158142,1.899999976158142,1.899999976158142,1.899999976158142,1.899999976158142,0
2013-06-28,1.899999976158142,1.899999976158142,1.899999976158142,1.899999976158142,1.899999976158142,0
2013-07-01,1.899999976158142,1.919999957084656,1.899999976158142,1.909999966621399,1.909999966621399,14600
2013-07-02,1.909999966621399,1.909999966621399,1.909999966621399,1.909999966621399,1.909999966621399,100
2013-07-03,1.899999976158142,1.899999976158142,1.899999976158142,1.899999976158142,1.899999976158142,10000
2013-07-05,1.899999976158142,1.899999976158142,1.899999976158142,1.899999976158142,1.899999976158142,100
2013-07-08,1.909999966621399,1.919999957084656,1.909999966621399,1.919999957084656,1.919999957084656,3200
2013-07-09,1.909999966621399,1.909999966621399,1.909999966621399,1.909999966621399,1.909999966621399,5000
2013-07-10,1.919999957084656,1.919999957084656,1.919999957084656,1.919999957084656,1.919999957084656,900
2013-07-11,1.899999976158142,1.899999976158142,1.899999976158142,1.899999976158142,1.899999976158142,3300
2013-07-12,1.899999976158142,1.899999976158142,1.899999976158142,1.899999976158142,1.899999976158142,11500
2013-07-15,1.909999966621399,1.919999957084656,1.909999966621399,1.919999957084656,1.919999957084656,12000
2013-07-16,1.919999957084656,1.940000057220459,1.909999966621399,1.909999966621399,1.909999966621399,5000
2013-07-17,1.950000047683716,2.009999990463257,1.909999966621399,1.909999966621399,1.909999966621399,26300
2013-07-18,1.909999966621399,1.9299999475479128,1.909999966621399,1.919999957084656,1.919999957084656,4700
2013-07-19,1.909999966621399,1.940000057220459,1.909999966621399,1.940000057220459,1.940000057220459,8100
2013-07-22,1.950000047683716,1.950000047683716,1.919999957084656,1.919999957084656,1.919999957084656,3000
2013-07-23,1.950000047683716,1.950000047683716,1.950000047683716,1.950000047683716,1.950000047683716,2100
2013-07-24,1.950000047683716,1.950000047683716,1.940000057220459,1.940000057220459,1.940000057220459,500
2013-07-25,1.940000057220459,1.940000057220459,1.940000057220459,1.940000057220459,1.940000057220459,0
2013-07-26,1.950000047683716,1.950000047683716,1.950000047683716,1.950000047683716,1.950000047683716,1100
2013-07-29,1.950000047683716,1.950000047683716,1.950000047683716,1.950000047683716,1.950000047683716,0
2013-07-30,1.950000047683716,1.950000047683716,1.950000047683716,1.950000047683716,1.950000047683716,1800
2013-07-31,1.940000057220459,1.940000057220459,1.9299999475479128,1.9299999475479128,1.9299999475479128,300
2013-08-01,1.9299999475479128,1.9299999475479128,1.9299999475479128,1.9299999475479128,1.9299999475479128,0
2013-08-02,1.9299999475479128,1.9299999475479128,1.9299999475479128,1.9299999475479128,1.9299999475479128,0
2013-08-05,1.919999957084656,1.919999957084656,1.899999976158142,1.899999976158142,1.899999976158142,5800
2013-08-06,1.899999976158142,1.899999976158142,1.899999976158142,1.899999976158142,1.899999976158142,0
2013-08-07,1.899999976158142,1.899999976158142,1.899999976158142,1.899999976158142,1.899999976158142,1000
2013-08-08,1.899999976158142,1.9900000095367432,1.899999976158142,1.9900000095367432,1.9900000095367432,3100
2013-08-09,1.950000047683716,2.0,1.950000047683716,1.9800000190734863,1.9800000190734863,1900
2013-08-12,1.950000047683716,1.950000047683716,1.950000047683716,1.950000047683716,1.950000047683716,100
2013-08-13,1.950000047683716,1.950000047683716,1.950000047683716,1.950000047683716,1.950000047683716,0
2013-08-14,1.899999976158142,1.950000047683716,1.899999976158142,1.950000047683716,1.950000047683716,5000
2013-08-15,1.919999957084656,1.919999957084656,1.919999957084656,1.919999957084656,1.919999957084656,100
2013-08-16,1.899999976158142,1.899999976158142,1.820000052452088,1.899999976158142,1.899999976158142,14800
2013-08-19,1.909999966621399,1.909999966621399,1.899999976158142,1.899999976158142,1.899999976158142,2900
2013-08-20,1.899999976158142,1.899999976158142,1.899999976158142,1.899999976158142,1.899999976158142,100
2013-08-21,1.899999976158142,1.899999976158142,1.899999976158142,1.899999976158142,1.899999976158142,800
2013-08-22,1.919999957084656,1.950000047683716,1.919999957084656,1.9299999475479128,1.9299999475479128,12000
2013-08-23,1.9700000286102293,1.9700000286102293,1.919999957084656,1.919999957084656,1.919999957084656,4900
2013-08-26,1.919999957084656,1.919999957084656,1.919999957084656,1.919999957084656,1.919999957084656,2000
2013-08-27,1.899999976158142,1.899999976158142,1.899999976158142,1.899999976158142,1.899999976158142,800
2013-08-28,1.899999976158142,1.899999976158142,1.899999976158142,1.899999976158142,1.899999976158142,20600
2013-08-29,1.899999976158142,1.899999976158142,1.899999976158142,1.899999976158142,1.899999976158142,11000
2013-08-30,1.919999957084656,1.919999957084656,1.919999957084656,1.919999957084656,1.919999957084656,3000
2013-09-03,1.9800000190734863,1.9800000190734863,1.9800000190734863,1.9800000190734863,1.9800000190734863,0
2013-09-04,1.9800000190734863,1.9800000190734863,1.9800000190734863,1.9800000190734863,1.9800000190734863,0
2013-09-05,1.9800000190734863,1.9800000190734863,1.9800000190734863,1.9800000190734863,1.9800000190734863,0
2013-09-06,1.9800000190734863,1.9800000190734863,1.9800000190734863,1.9800000190734863,1.9800000190734863,4300
2013-09-09,1.9600000381469729,1.9600000381469729,1.919999957084656,1.9299999475479128,1.9299999475479128,3000
2013-09-10,2.0,2.0,1.909999966621399,1.909999966621399,1.909999966621399,8500
2013-09-11,2.0,2.0,1.899999976158142,1.899999976158142,1.899999976158142,5100
2013-09-12,1.899999976158142,1.940000057220459,1.899999976158142,1.9299999475479128,1.9299999475479128,400
2013-09-13,1.940000057220459,1.940000057220459,1.940000057220459,1.940000057220459,1.940000057220459,1200
2013-09-16,1.950000047683716,1.950000047683716,1.950000047683716,1.950000047683716,1.950000047683716,1800
2013-09-17,1.9600000381469729,1.9600000381469729,1.9600000381469729,1.9600000381469729,1.9600000381469729,100
2013-09-18,1.9900000095367432,1.9900000095367432,1.9900000095367432,1.9900000095367432,1.9900000095367432,100
2013-09-19,1.9900000095367432,1.9900000095367432,1.9900000095367432,1.9900000095367432,1.9900000095367432,0
2013-09-20,2.0,2.0,1.9900000095367432,2.0,2.0,22300
2013-09-23,2.0,2.009999990463257,2.0,2.009999990463257,2.009999990463257,5500
2013-09-24,2.0,2.0899999141693115,2.0,2.069999933242798,2.069999933242798,63900
2013-09-25,2.119999885559082,2.190000057220459,2.069999933242798,2.0999999046325684,2.0999999046325684,41000
2013-09-26,2.0199999809265137,2.0799999237060547,2.009999990463257,2.009999990463257,2.009999990463257,36200
2013-09-27,2.0,2.009999990463257,1.919999957084656,1.950000047683716,1.950000047683716,18000
2013-09-30,2.0,2.039999961853028,2.0,2.0,2.0,12100
2013-10-01,2.0,2.140000104904175,2.0,2.119999885559082,2.119999885559082,19600
2013-10-02,2.049999952316284,2.109999895095825,2.049999952316284,2.109999895095825,2.109999895095825,16600
2013-10-03,2.069999933242798,2.069999933242798,2.039999961853028,2.059999942779541,2.059999942779541,1800
2013-10-04,2.0199999809265137,2.5,2.0199999809265137,2.4800000190734863,2.4800000190734863,155100
2013-10-07,2.549999952316284,2.990000009536743,2.359999895095825,2.549999952316284,2.549999952316284,358800
2013-10-08,2.559999942779541,2.640000104904175,2.2699999809265137,2.390000104904175,2.390000104904175,61700
2013-10-09,2.369999885559082,2.4200000762939453,2.3399999141693115,2.4200000762939453,2.4200000762939453,16200
2013-10-10,2.400000095367432,2.4200000762939453,2.3299999237060547,2.4200000762939453,2.4200000762939453,22400
2013-10-11,2.3499999046325684,2.4200000762939453,2.3499999046325684,2.390000104904175,2.390000104904175,15900
2013-10-14,2.3499999046325684,2.4800000190734863,2.3499999046325684,2.450000047683716,2.450000047683716,19300
2013-10-15,2.470000028610229,2.4800000190734863,2.3499999046325684,2.380000114440918,2.380000114440918,24500
2013-10-16,2.4100000858306885,2.4100000858306885,2.359999895095825,2.390000104904175,2.390000104904175,8800
2013-10-17,2.450000047683716,2.450000047683716,2.4200000762939453,2.4200000762939453,2.4200000762939453,1000
2013-10-18,2.4100000858306885,2.450000047683716,2.3499999046325684,2.400000095367432,2.400000095367432,11200
2013-10-21,2.3499999046325684,2.450000047683716,2.289999961853028,2.3499999046325684,2.3499999046325684,9500
2013-10-22,2.390000104904175,2.390000104904175,2.369999885559082,2.380000114440918,2.380000114440918,2200
2013-10-23,2.3499999046325684,2.369999885559082,2.2699999809265137,2.319999933242798,2.319999933242798,14100
2013-10-24,2.309999942779541,2.400000095367432,2.2799999713897705,2.400000095367432,2.400000095367432,11300
2013-10-25,2.359999895095825,2.369999885559082,2.359999895095825,2.369999885559082,2.369999885559082,200
2013-10-28,2.319999933242798,2.319999933242798,2.2799999713897705,2.2799999713897705,2.2799999713897705,4900
2013-10-29,2.25,2.619999885559082,2.25,2.450000047683716,2.450000047683716,24600
2013-10-30,2.1700000762939453,2.3399999141693115,2.1700000762939453,2.309999942779541,2.309999942779541,40700
2013-10-31,2.319999933242798,2.3299999237060547,2.319999933242798,2.3299999237060547,2.3299999237060547,4900
2013-11-01,2.2799999713897705,2.289999961853028,2.190000057220459,2.190000057220459,2.190000057220459,31100
2013-11-04,2.1700000762939453,2.200000047683716,2.1700000762939453,2.1700000762939453,2.1700000762939453,14200
2013-11-05,2.1700000762939453,2.1700000762939453,2.119999885559082,2.1700000762939453,2.1700000762939453,18600
2013-11-06,2.1600000858306885,2.1700000762939453,2.150000095367432,2.150000095367432,2.150000095367432,6000
2013-11-07,2.150000095367432,2.1600000858306885,2.140000104904175,2.140000104904175,2.140000104904175,22800
2013-11-08,2.1600000858306885,2.220000028610229,2.1600000858306885,2.220000028610229,2.220000028610229,23300
2013-11-11,2.190000057220459,2.200000047683716,2.190000057220459,2.200000047683716,2.200000047683716,500
2013-11-12,2.180000066757202,2.2100000381469727,2.1700000762939453,2.1700000762939453,2.1700000762939453,1600
2013-11-13,2.1700000762939453,2.180000066757202,2.150000095367432,2.1600000858306885,2.1600000858306885,7500
2013-11-14,2.2100000381469727,2.3399999141693115,2.2100000381469727,2.259999990463257,2.259999990463257,32500
2013-11-15,2.309999942779541,2.359999895095825,2.2699999809265137,2.2699999809265137,2.2699999809265137,8200
2013-11-18,2.2699999809265137,2.3299999237060547,2.2699999809265137,2.3299999237060547,2.3299999237060547,2100
2013-11-19,2.299999952316284,2.299999952316284,2.299999952316284,2.299999952316284,2.299999952316284,100
2013-11-20,2.319999933242798,2.3399999141693115,2.309999942779541,2.3399999141693115,2.3399999141693115,400
2013-11-21,2.3499999046325684,2.3499999046325684,2.3499999046325684,2.3499999046325684,2.3499999046325684,10000
2013-11-22,2.3499999046325684,2.3499999046325684,2.299999952316284,2.319999933242798,2.319999933242798,1400
2013-11-25,2.299999952316284,2.299999952316284,2.299999952316284,2.299999952316284,2.299999952316284,300
2013-11-26,2.3299999237060547,2.359999895095825,2.3299999237060547,2.359999895095825,2.359999895095825,8800
2013-11-27,2.309999942779541,2.3399999141693115,2.309999942779541,2.3399999141693115,2.3399999141693115,4100
2013-11-29,2.3399999141693115,2.380000114440918,2.3399999141693115,2.3499999046325684,2.3499999046325684,2600
2013-12-02,2.3499999046325684,2.3499999046325684,2.3499999046325684,2.3499999046325684,2.3499999046325684,0
2013-12-03,2.3399999141693115,2.380000114440918,2.3399999141693115,2.3499999046325684,2.3499999046325684,8600
2013-12-04,2.3399999141693115,2.3399999141693115,2.3399999141693115,2.3399999141693115,2.3399999141693115,1000
2013-12-05,2.3399999141693115,2.3399999141693115,2.3399999141693115,2.3399999141693115,2.3399999141693115,0
2013-12-06,2.369999885559082,2.380000114440918,2.359999895095825,2.359999895095825,2.359999895095825,2600
2013-12-09,2.359999895095825,2.359999895095825,2.359999895095825,2.359999895095825,2.359999895095825,0
2013-12-10,2.390000104904175,2.400000095367432,2.390000104904175,2.390000104904175,2.390000104904175,2900
2013-12-11,2.359999895095825,2.369999885559082,2.359999895095825,2.369999885559082,2.369999885559082,3000
2013-12-12,2.359999895095825,2.390000104904175,2.359999895095825,2.390000104904175,2.390000104904175,2000
2013-12-13,2.390000104904175,2.400000095367432,2.390000104904175,2.390000104904175,2.390000104904175,1500
2013-12-16,2.4200000762939453,2.490000009536743,2.4200000762939453,2.490000009536743,2.490000009536743,1800
2013-12-17,2.400000095367432,2.400000095367432,2.3499999046325684,2.359999895095825,2.359999895095825,10500
2013-12-18,2.400000095367432,2.400000095367432,2.3499999046325684,2.3499999046325684,2.3499999046325684,12300
2013-12-19,2.299999952316284,2.3299999237060547,2.259999990463257,2.319999933242798,2.319999933242798,15400
2013-12-20,2.2699999809265137,2.2699999809265137,2.240000009536743,2.2699999809265137,2.2699999809265137,2100
2013-12-23,2.25,2.319999933242798,2.25,2.319999933242798,2.319999933242798,62500
2013-12-24,2.319999933242798,2.390000104904175,2.2699999809265137,2.369999885559082,2.369999885559082,8400
2013-12-26,2.369999885559082,2.450000047683716,2.369999885559082,2.4100000858306885,2.4100000858306885,23200
2013-12-27,2.440000057220459,2.450000047683716,2.400000095367432,2.430000066757202,2.430000066757202,21900
2013-12-30,2.2799999713897705,2.400000095367432,2.2699999809265137,2.3399999141693115,2.3399999141693115,14900
2013-12-31,2.319999933242798,2.539999961853028,2.309999942779541,2.430000066757202,2.430000066757202,17700
2014-01-02,2.299999952316284,2.430000066757202,2.299999952316284,2.369999885559082,2.369999885559082,26200
2014-01-03,2.380000114440918,2.430000066757202,2.380000114440918,2.430000066757202,2.430000066757202,6100
2014-01-06,2.430000066757202,2.5799999237060547,2.430000066757202,2.549999952316284,2.549999952316284,22700
2014-01-07,2.549999952316284,2.690000057220459,2.549999952316284,2.650000095367432,2.650000095367432,98200
2014-01-08,2.6700000762939453,2.940000057220459,2.6700000762939453,2.8499999046325684,2.8499999046325684,77000
2014-01-09,2.7699999809265137,2.869999885559082,2.7699999809265137,2.869999885559082,2.869999885559082,18000
2014-01-10,2.880000114440918,2.880000114440918,2.75,2.8299999237060547,2.8299999237060547,23100
2014-01-13,2.8299999237060547,2.8499999046325684,2.75,2.75,2.75,15800
2014-01-14,2.819999933242798,2.8299999237060547,2.819999933242798,2.8299999237060547,2.8299999237060547,5800
2014-01-15,2.8299999237060547,2.8499999046325684,2.8299999237060547,2.8299999237060547,2.8299999237060547,10200
2014-01-16,2.8299999237060547,2.8299999237060547,2.8299999237060547,2.8299999237060547,2.8299999237060547,0
2014-01-17,2.809999942779541,2.809999942779541,2.75,2.75,2.75,1700
2014-01-21,2.720000028610229,2.8499999046325684,2.549999952316284,2.6600000858306885,2.6600000858306885,21900
2014-01-22,2.6600000858306885,3.799999952316284,2.6600000858306885,3.7699999809265137,3.7699999809265137,660100
2014-01-23,3.5199999809265137,3.5999999046325684,3.119999885559082,3.3499999046325684,3.3499999046325684,676000
2014-01-24,3.4200000762939453,3.5999999046325684,3.289999961853028,3.569999933242798,3.569999933242798,436600
2014-01-27,3.619999885559082,3.650000095367432,3.299999952316284,3.369999885559082,3.369999885559082,151100
2014-01-28,3.380000114440918,3.380000114440918,3.049999952316284,3.1700000762939453,3.1700000762939453,90100
2014-01-29,3.140000104904175,3.319999933242798,3.0999999046325684,3.150000095367432,3.150000095367432,66000
2014-01-30,3.150000095367432,3.3499999046325684,3.109999895095825,3.289999961853028,3.289999961853028,48400
2014-01-31,3.1600000858306885,3.1700000762939453,3.0299999713897705,3.0299999713897705,3.0299999713897705,24500
2014-02-03,3.059999942779541,3.150000095367432,2.990000009536743,3.009999990463257,3.009999990463257,68000
2014-02-04,3.059999942779541,3.150000095367432,3.0199999809265137,3.049999952316284,3.049999952316284,29300
2014-02-05,3.0299999713897705,3.109999895095825,2.950000047683716,2.950000047683716,2.950000047683716,63800
2014-02-06,2.9200000762939453,2.950000047683716,2.900000095367432,2.950000047683716,2.950000047683716,28700
2014-02-07,2.6600000858306885,2.6600000858306885,2.5,2.5899999141693115,2.5899999141693115,121600
2014-02-10,2.549999952316284,2.5799999237060547,2.509999990463257,2.509999990463257,2.509999990463257,29700
2014-02-11,2.5,2.559999942779541,2.4100000858306885,2.509999990463257,2.509999990463257,54600
2014-02-12,2.5,2.509999990463257,2.430000066757202,2.430000066757202,2.430000066757202,25900
2014-02-13,2.4200000762939453,2.4800000190734863,2.4100000858306885,2.430000066757202,2.430000066757202,29500
2014-02-14,2.450000047683716,2.450000047683716,2.400000095367432,2.4200000762939453,2.4200000762939453,22800
2014-02-18,2.4100000858306885,2.450000047683716,2.400000095367432,2.4200000762939453,2.4200000762939453,42700
2014-02-19,2.4600000381469727,2.5,2.430000066757202,2.470000028610229,2.470000028610229,26400
2014-02-20,2.5299999713897705,2.539999961853028,2.440000057220459,2.440000057220459,2.440000057220459,31900
2014-02-21,2.450000047683716,2.5199999809265137,2.450000047683716,2.450000047683716,2.450000047683716,10700
2014-02-24,2.4600000381469727,2.4800000190734863,2.440000057220459,2.440000057220459,2.440000057220459,23200
2014-02-25,2.5,2.5,2.299999952316284,2.3499999046325684,2.3499999046325684,49900
2014-02-26,2.2300000190734863,2.390000104904175,2.2100000381469727,2.25,2.25,45600
2014-02-27,2.220000028610229,2.309999942779541,2.220000028610229,2.289999961853028,2.289999961853028,25300
2014-02-28,2.299999952316284,2.3299999237060547,2.25,2.25,2.25,19400
2014-03-03,2.25,2.2699999809265137,2.2300000190734863,2.240000009536743,2.240000009536743,25700
2014-03-04,2.319999933242798,2.319999933242798,2.25,2.25,2.25,4800
2014-03-05,2.299999952316284,2.309999942779541,2.25,2.25,2.25,19900
2014-03-06,2.259999990463257,2.309999942779541,2.25,2.2799999713897705,2.2799999713897705,17900
2014-03-07,2.2799999713897705,2.299999952316284,2.2100000381469727,2.240000009536743,2.240000009536743,51000
2014-03-10,2.190000057220459,2.2699999809265137,2.190000057220459,2.259999990463257,2.259999990463257,22800
2014-03-11,2.259999990463257,2.2699999809265137,2.2300000190734863,2.2300000190734863,2.2300000190734863,16500
2014-03-12,2.240000009536743,2.25,2.150000095367432,2.220000028610229,2.220000028610229,12100
2014-03-13,2.1600000858306885,2.25,2.1600000858306885,2.240000009536743,2.240000009536743,12000
2014-03-14,2.2300000190734863,2.25,2.220000028610229,2.240000009536743,2.240000009536743,25700
2014-03-17,2.180000066757202,2.2699999809265137,2.180000066757202,2.2100000381469727,2.2100000381469727,47200
2014-03-18,2.25,2.25,2.190000057220459,2.2300000190734863,2.2300000190734863,26700
2014-03-19,2.25,2.259999990463257,2.240000009536743,2.240000009536743,2.240000009536743,15300
2014-03-20,2.240000009536743,2.289999961853028,2.1700000762939453,2.2799999713897705,2.2799999713897705,26500
2014-03-21,2.299999952316284,2.299999952316284,2.1600000858306885,2.190000057220459,2.190000057220459,42100
2014-03-24,2.1700000762939453,2.1700000762939453,2.109999895095825,2.150000095367432,2.150000095367432,16900
2014-03-25,2.0999999046325684,2.119999885559082,2.0899999141693115,2.0899999141693115,2.0899999141693115,6100
2014-03-26,1.9800000190734863,2.140000104904175,1.950000047683716,2.0899999141693115,2.0899999141693115,10900
2014-03-27,2.0899999141693115,2.0899999141693115,2.0899999141693115,2.0899999141693115,2.0899999141693115,0
2014-03-28,2.0799999237060547,2.0799999237060547,2.009999990463257,2.039999961853028,2.039999961853028,4600
2014-03-31,2.049999952316284,2.119999885559082,1.9900000095367432,1.9900000095367432,1.9900000095367432,7100
2014-04-01,2.130000114440918,2.130000114440918,2.059999942779541,2.0799999237060547,2.0799999237060547,600
2014-04-02,2.0799999237060547,2.190000057220459,2.049999952316284,2.190000057220459,2.190000057220459,25900
2014-04-03,2.150000095367432,2.1700000762939453,2.150000095367432,2.1700000762939453,2.1700000762939453,13700
2014-04-04,2.069999933242798,2.119999885559082,2.059999942779541,2.119999885559082,2.119999885559082,6900
2014-04-07,2.0299999713897705,2.059999942779541,1.9700000286102293,2.009999990463257,2.009999990463257,35300
2014-04-08,2.009999990463257,2.0199999809265137,2.009999990463257,2.0199999809265137,2.0199999809265137,700
2014-04-09,2.119999885559082,2.119999885559082,2.0199999809265137,2.059999942779541,2.059999942779541,9500
2014-04-10,2.009999990463257,2.069999933242798,2.009999990463257,2.009999990463257,2.009999990463257,18900
2014-04-11,2.049999952316284,2.049999952316284,2.049999952316284,2.049999952316284,2.049999952316284,4900
2014-04-14,2.039999961853028,2.049999952316284,2.039999961853028,2.039999961853028,2.039999961853028,6700
2014-04-15,2.039999961853028,2.039999961853028,1.9900000095367432,2.0299999713897705,2.0299999713897705,15300
2014-04-16,2.0299999713897705,2.049999952316284,2.0,2.0299999713897705,2.0299999713897705,29500
2014-04-17,2.0199999809265137,2.0299999713897705,2.0199999809265137,2.0299999713897705,2.0299999713897705,22000
2014-04-21,2.039999961853028,2.059999942779541,2.039999961853028,2.039999961853028,2.039999961853028,2000
2014-04-22,2.049999952316284,2.049999952316284,2.0199999809265137,2.049999952316284,2.049999952316284,4300
2014-04-23,2.0,2.0299999713897705,1.9600000381469729,2.0199999809265137,2.0199999809265137,18200
2014-04-24,2.0299999713897705,2.0999999046325684,2.0299999713897705,2.0899999141693115,2.0899999141693115,28900
2014-04-25,2.109999895095825,2.190000057220459,2.109999895095825,2.190000057220459,2.190000057220459,16200
2014-04-28,2.190000057220459,2.200000047683716,2.049999952316284,2.049999952316284,2.049999952316284,9300
2014-04-29,2.059999942779541,2.069999933242798,2.059999942779541,2.069999933242798,2.069999933242798,900
2014-04-30,2.0299999713897705,2.0299999713897705,2.009999990463257,2.0199999809265137,2.0199999809265137,6300
2014-05-01,2.069999933242798,2.069999933242798,1.909999966621399,2.049999952316284,2.049999952316284,33300
2014-05-02,2.0899999141693115,2.220000028610229,2.0899999141693115,2.0999999046325684,2.0999999046325684,3500
2014-05-05,2.140000104904175,2.190000057220459,2.049999952316284,2.1700000762939453,2.1700000762939453,6200
2014-05-06,2.1700000762939453,2.3399999141693115,2.1700000762939453,2.220000028610229,2.220000028610229,32600
2014-05-07,2.200000047683716,2.2300000190734863,2.1700000762939453,2.200000047683716,2.200000047683716,6000
2014-05-08,2.2300000190734863,2.240000009536743,2.1700000762939453,2.200000047683716,2.200000047683716,17200
2014-05-09,2.150000095367432,2.1700000762939453,2.150000095367432,2.1700000762939453,2.1700000762939453,1200
2014-05-12,2.289999961853028,2.359999895095825,2.180000066757202,2.299999952316284,2.299999952316284,28500
2014-05-13,2.25,2.299999952316284,2.0999999046325684,2.1700000762939453,2.1700000762939453,9700
2014-05-14,2.299999952316284,2.299999952316284,2.130000114440918,2.180000066757202,2.180000066757202,5400
2014-05-15,2.190000057220459,2.190000057220459,1.899999976158142,1.899999976158142,1.899999976158142,9100
2014-05-16,1.950000047683716,2.049999952316284,1.950000047683716,2.049999952316284,2.049999952316284,19300
2014-05-19,1.9900000095367432,2.0799999237060547,1.9900000095367432,2.0799999237060547,2.0799999237060547,11300
2014-05-20,2.0999999046325684,2.190000057220459,2.049999952316284,2.119999885559082,2.119999885559082,10900
2014-05-21,2.059999942779541,2.0899999141693115,2.059999942779541,2.059999942779541,2.059999942779541,3400
2014-05-22,2.119999885559082,2.119999885559082,2.059999942779541,2.0999999046325684,2.0999999046325684,6300
2014-05-23,2.059999942779541,2.059999942779541,2.049999952316284,2.049999952316284,2.049999952316284,6000
2014-05-27,2.069999933242798,2.119999885559082,2.069999933242798,2.119999885559082,2.119999885559082,700
2014-05-28,2.109999895095825,2.140000104904175,2.109999895095825,2.130000114440918,2.130000114440918,1300
2014-05-29,2.0999999046325684,2.140000104904175,2.0999999046325684,2.119999885559082,2.119999885559082,900
2014-05-30,2.119999885559082,2.119999885559082,2.049999952316284,2.049999952316284,2.049999952316284,9700
2014-06-02,2.049999952316284,2.049999952316284,2.049999952316284,2.049999952316284,2.049999952316284,500
2014-06-03,2.049999952316284,2.109999895095825,2.049999952316284,2.109999895095825,2.109999895095825,1000
2014-06-04,2.059999942779541,2.059999942779541,2.059999942779541,2.059999942779541,2.059999942779541,2100
2014-06-05,2.039999961853028,2.039999961853028,2.039999961853028,2.039999961853028,2.039999961853028,100
2014-06-06,2.009999990463257,2.069999933242798,2.009999990463257,2.0299999713897705,2.0299999713897705,18800
2014-06-09,2.009999990463257,2.049999952316284,2.009999990463257,2.009999990463257,2.009999990463257,5800
2014-06-10,2.039999961853028,2.039999961853028,2.009999990463257,2.039999961853028,2.039999961853028,10800
2014-06-11,2.039999961853028,2.0799999237060547,2.039999961853028,2.0799999237060547,2.0799999237060547,700
2014-06-12,2.049999952316284,2.049999952316284,2.049999952316284,2.049999952316284,2.049999952316284,1000
2014-06-13,2.150000095367432,2.150000095367432,2.009999990463257,2.009999990463257,2.009999990463257,400
2014-06-16,2.0,2.049999952316284,1.9900000095367432,1.9900000095367432,1.9900000095367432,12400
2014-06-17,2.0899999141693115,2.0899999141693115,2.049999952316284,2.049999952316284,2.049999952316284,400
2014-06-18,2.0799999237060547,2.0999999046325684,2.0799999237060547,2.0999999046325684,2.0999999046325684,1400
2014-06-19,2.109999895095825,2.109999895095825,2.109999895095825,2.109999895095825,2.109999895095825,3000
2014-06-20,2.119999885559082,2.119999885559082,2.0899999141693115,2.0899999141693115,2.0899999141693115,6700
2014-06-23,2.0799999237060547,2.0799999237060547,2.0799999237060547,2.0799999237060547,2.0799999237060547,300
2014-06-24,2.0899999141693115,2.140000104904175,2.0899999141693115,2.130000114440918,2.130000114440918,14200
2014-06-25,2.0999999046325684,2.130000114440918,2.069999933242798,2.130000114440918,2.130000114440918,6600
2014-06-26,2.069999933242798,2.319999933242798,2.049999952316284,2.220000028610229,2.220000028610229,36100
2014-06-27,2.180000066757202,2.2699999809265137,2.180000066757202,2.180000066757202,2.180000066757202,12200
2014-06-30,2.109999895095825,2.140000104904175,2.0799999237060547,2.0999999046325684,2.0999999046325684,9400
2014-07-01,2.049999952316284,2.0899999141693115,2.0199999809265137,2.049999952316284,2.049999952316284,16800
2014-07-02,2.0299999713897705,2.0999999046325684,2.0,2.049999952316284,2.049999952316284,13700
2014-07-03,2.049999952316284,2.190000057220459,2.009999990463257,2.150000095367432,2.150000095367432,18400
2014-07-07,2.0999999046325684,2.0999999046325684,2.0999999046325684,2.0999999046325684,2.0999999046325684,700
2014-07-08,2.059999942779541,2.0999999046325684,1.9700000286102293,2.049999952316284,2.049999952316284,13300
2014-07-09,2.049999952316284,2.109999895095825,1.9800000190734863,2.039999961853028,2.039999961853028,29400
2014-07-10,1.9800000190734863,2.049999952316284,1.9800000190734863,2.049999952316284,2.049999952316284,9400
2014-07-11,2.039999961853028,2.069999933242798,2.039999961853028,2.059999942779541,2.059999942779541,2100
2014-07-14,2.069999933242798,2.069999933242798,2.0199999809265137,2.0199999809265137,2.0199999809265137,4300
2014-07-15,2.059999942779541,2.069999933242798,2.0199999809265137,2.049999952316284,2.049999952316284,7100
2014-07-16,2.059999942779541,2.059999942779541,2.009999990463257,2.009999990463257,2.009999990463257,2000
2014-07-17,2.049999952316284,2.069999933242798,2.039999961853028,2.049999952316284,2.049999952316284,4200
2014-07-18,2.049999952316284,2.190000057220459,2.049999952316284,2.140000104904175,2.140000104904175,47900
2014-07-21,2.2100000381469727,2.2799999713897705,2.1600000858306885,2.259999990463257,2.259999990463257,71700
2014-07-22,2.2300000190734863,2.2300000190734863,2.140000104904175,2.140000104904175,2.140000104904175,12300
2014-07-23,2.0999999046325684,2.200000047683716,2.0899999141693115,2.200000047683716,2.200000047683716,30500
2014-07-24,2.220000028610229,2.259999990463257,2.119999885559082,2.2300000190734863,2.2300000190734863,24500
2014-07-25,2.25,2.25,2.130000114440918,2.1600000858306885,2.1600000858306885,23600
2014-07-28,2.150000095367432,2.150000095367432,2.109999895095825,2.150000095367432,2.150000095367432,24200
2014-07-29,2.2100000381469727,2.2100000381469727,2.130000114440918,2.190000057220459,2.190000057220459,10400
2014-07-30,2.119999885559082,2.2100000381469727,2.119999885559082,2.190000057220459,2.190000057220459,2800
2014-07-31,2.069999933242798,2.2100000381469727,2.069999933242798,2.150000095367432,2.150000095367432,25600
2014-08-01,2.220000028610229,2.220000028610229,2.039999961853028,2.0799999237060547,2.0799999237060547,11500
2014-08-04,2.140000104904175,2.150000095367432,2.140000104904175,2.140000104904175,2.140000104904175,13500
2014-08-05,2.109999895095825,2.2300000190734863,2.049999952316284,2.049999952316284,2.049999952316284,10200
2014-08-06,2.049999952316284,2.180000066757202,2.049999952316284,2.180000066757202,2.180000066757202,16100
2014-08-07,2.1600000858306885,2.200000047683716,2.109999895095825,2.109999895095825,2.109999895095825,21700
2014-08-08,2.0999999046325684,2.180000066757202,2.0999999046325684,2.150000095367432,2.150000095367432,24500
2014-08-11,2.1700000762939453,2.1700000762939453,2.1700000762939453,2.1700000762939453,2.1700000762939453,500
2014-08-12,2.180000066757202,2.180000066757202,2.130000114440918,2.130000114440918,2.130000114440918,400
2014-08-13,2.109999895095825,2.1600000858306885,2.109999895095825,2.109999895095825,2.109999895095825,2800
2014-08-14,2.180000066757202,2.220000028610229,2.150000095367432,2.220000028610229,2.220000028610229,2800
2014-08-15,2.119999885559082,2.2100000381469727,2.119999885559082,2.119999885559082,2.119999885559082,6100
2014-08-18,2.180000066757202,2.180000066757202,2.140000104904175,2.140000104904175,2.140000104904175,1400
2014-08-19,2.1600000858306885,2.1600000858306885,2.1600000858306885,2.1600000858306885,2.1600000858306885,1700
2014-08-20,2.109999895095825,2.119999885559082,2.0999999046325684,2.109999895095825,2.109999895095825,1200
2014-08-21,2.0999999046325684,2.119999885559082,2.0999999046325684,2.119999885559082,2.119999885559082,400
2014-08-22,2.0999999046325684,2.109999895095825,2.0999999046325684,2.0999999046325684,2.0999999046325684,4300
2014-08-25,2.109999895095825,2.109999895095825,2.109999895095825,2.109999895095825,2.109999895095825,200
2014-08-26,2.0999999046325684,2.119999885559082,2.049999952316284,2.0799999237060547,2.0799999237060547,8600
2014-08-27,2.0799999237060547,2.0799999237060547,2.0799999237060547,2.0799999237060547,2.0799999237060547,0
2014-08-28,2.059999942779541,2.059999942779541,2.059999942779541,2.059999942779541,2.059999942779541,300
2014-08-29,2.069999933242798,2.069999933242798,2.039999961853028,2.059999942779541,2.059999942779541,10700
2014-09-02,2.049999952316284,2.0899999141693115,2.049999952316284,2.049999952316284,2.049999952316284,11900
2014-09-03,2.049999952316284,2.059999942779541,2.039999961853028,2.059999942779541,2.059999942779541,6800
2014-09-04,2.049999952316284,2.049999952316284,2.049999952316284,2.049999952316284,2.049999952316284,3700
2014-09-05,2.069999933242798,2.069999933242798,2.0199999809265137,2.069999933242798,2.069999933242798,7700
2014-09-08,2.049999952316284,2.049999952316284,2.039999961853028,2.049999952316284,2.049999952316284,14800
2014-09-09,2.039999961853028,2.069999933242798,2.039999961853028,2.059999942779541,2.059999942779541,35600
2014-09-10,2.059999942779541,2.150000095367432,2.059999942779541,2.150000095367432,2.150000095367432,21800
2014-09-11,2.059999942779541,2.130000114440918,2.059999942779541,2.069999933242798,2.069999933242798,2300
2014-09-12,2.180000066757202,2.190000057220459,2.109999895095825,2.140000104904175,2.140000104904175,5300
2014-09-15,2.109999895095825,2.180000066757202,2.0999999046325684,2.109999895095825,2.109999895095825,30300
2014-09-16,2.1700000762939453,2.200000047683716,2.1700000762939453,2.180000066757202,2.180000066757202,9400
2014-09-17,2.180000066757202,2.190000057220459,2.180000066757202,2.180000066757202,2.180000066757202,6000
2014-09-18,2.200000047683716,2.240000009536743,2.200000047683716,2.200000047683716,2.200000047683716,22200
2014-09-19,2.950000047683716,3.940000057220459,2.6600000858306885,2.789999961853028,2.789999961853028,5321400
2014-09-22,2.8299999237060547,2.900000095367432,2.4100000858306885,2.5,2.5,383800
2014-09-23,2.5,2.5,2.319999933242798,2.4200000762939453,2.4200000762939453,173400
2014-09-24,2.400000095367432,2.430000066757202,2.259999990463257,2.319999933242798,2.319999933242798,46600
2014-09-25,2.2699999809265137,2.299999952316284,2.259999990463257,2.2799999713897705,2.2799999713897705,24000
2014-09-26,2.289999961853028,2.549999952316284,2.259999990463257,2.259999990463257,2.259999990463257,35100
2014-09-29,2.2699999809265137,2.3499999046325684,2.25,2.319999933242798,2.319999933242798,47600
2014-09-30,2.369999885559082,2.369999885559082,2.25,2.2799999713897705,2.2799999713897705,58700
2014-10-01,2.289999961853028,2.289999961853028,2.180000066757202,2.25,2.25,42000
2014-10-02,2.2799999713897705,2.289999961853028,2.220000028610229,2.2799999713897705,2.2799999713897705,30600
2014-10-03,2.25,2.319999933242798,2.190000057220459,2.2799999713897705,2.2799999713897705,11900
2014-10-06,2.289999961853028,2.3299999237060547,2.259999990463257,2.309999942779541,2.309999942779541,36900
2014-10-07,2.289999961853028,2.289999961853028,2.220000028610229,2.240000009536743,2.240000009536743,14300
2014-10-08,2.25,2.2699999809265137,2.200000047683716,2.25,2.25,29500
2014-10-09,2.2100000381469727,2.25,2.150000095367432,2.240000009536743,2.240000009536743,25500
2014-10-10,2.2100000381469727,2.289999961853028,2.2100000381469727,2.289999961853028,2.289999961853028,8400
2014-10-13,2.2699999809265137,2.299999952316284,2.220000028610229,2.240000009536743,2.240000009536743,6200
2014-10-14,2.299999952316284,2.299999952316284,2.240000009536743,2.240000009536743,2.240000009536743,1900
2014-10-15,2.2300000190734863,2.2300000190734863,2.150000095367432,2.1600000858306885,2.1600000858306885,27400
2014-10-16,2.140000104904175,2.240000009536743,2.140000104904175,2.240000009536743,2.240000009536743,7100
2014-10-17,2.140000104904175,2.25,2.119999885559082,2.2100000381469727,2.2100000381469727,9600
2014-10-20,2.200000047683716,2.2300000190734863,2.200000047683716,2.2100000381469727,2.2100000381469727,700
2014-10-21,2.3299999237060547,2.3399999141693115,2.2100000381469727,2.220000028610229,2.220000028610229,4500
2014-10-22,2.2100000381469727,2.220000028610229,2.2100000381469727,2.2100000381469727,2.2100000381469727,6900
2014-10-23,2.190000057220459,2.240000009536743,2.190000057220459,2.240000009536743,2.240000009536743,13000
2014-10-24,2.25,2.299999952316284,2.25,2.299999952316284,2.299999952316284,9300
2014-10-27,2.299999952316284,2.299999952316284,2.289999961853028,2.299999952316284,2.299999952316284,1900
2014-10-28,2.2699999809265137,2.309999942779541,2.2699999809265137,2.2699999809265137,2.2699999809265137,4800
2014-10-29,2.25,2.299999952316284,2.25,2.2699999809265137,2.2699999809265137,9200
2014-10-30,2.2799999713897705,2.4800000190734863,2.2699999809265137,2.4800000190734863,2.4800000190734863,2000
2014-10-31,2.4600000381469727,2.4600000381469727,2.2799999713897705,2.430000066757202,2.430000066757202,15100
2014-11-03,2.359999895095825,2.359999895095825,2.299999952316284,2.309999942779541,2.309999942779541,4700
2014-11-04,2.359999895095825,2.4100000858306885,2.319999933242798,2.4100000858306885,2.4100000858306885,6500
2014-11-05,2.4100000858306885,2.4600000381469727,2.309999942779541,2.319999933242798,2.319999933242798,3400
2014-11-06,2.450000047683716,2.569999933242798,2.369999885559082,2.509999990463257,2.509999990463257,62100
2014-11-07,2.509999990463257,2.619999885559082,2.450000047683716,2.4600000381469727,2.4600000381469727,14400
2014-11-10,2.549999952316284,2.5999999046325684,2.470000028610229,2.509999990463257,2.509999990463257,6500
2014-11-11,2.509999990463257,2.569999933242798,2.4800000190734863,2.509999990463257,2.509999990463257,15100
2014-11-12,2.509999990463257,2.640000104904175,2.450000047683716,2.630000114440918,2.630000114440918,16500
2014-11-13,2.549999952316284,2.609999895095825,2.5199999809265137,2.5199999809265137,2.5199999809265137,13000
2014-11-14,2.450000047683716,2.450000047683716,2.319999933242798,2.369999885559082,2.369999885559082,32400
2014-11-17,2.369999885559082,2.369999885559082,2.369999885559082,2.369999885559082,2.369999885559082,0
2014-11-18,2.2699999809265137,2.319999933242798,2.190000057220459,2.220000028610229,2.220000028610229,21400
2014-11-19,2.240000009536743,2.390000104904175,2.240000009536743,2.390000104904175,2.390000104904175,5300
2014-11-20,2.2799999713897705,2.380000114440918,2.2799999713897705,2.299999952316284,2.299999952316284,10600
2014-11-21,2.380000114440918,2.380000114440918,2.299999952316284,2.299999952316284,2.299999952316284,2900
2014-11-24,2.309999942779541,2.309999942779541,2.200000047683716,2.220000028610229,2.220000028610229,4700
2014-11-25,2.240000009536743,2.3399999141693115,2.240000009536743,2.3399999141693115,2.3399999141693115,2800
2014-11-26,2.3399999141693115,2.3399999141693115,2.3399999141693115,2.3399999141693115,2.3399999141693115,0
2014-11-28,2.3399999141693115,2.3399999141693115,2.3399999141693115,2.3399999141693115,2.3399999141693115,0
2014-12-01,2.299999952316284,2.319999933242798,2.2100000381469727,2.2699999809265137,2.2699999809265137,14600
2014-12-02,2.2699999809265137,2.299999952316284,2.2699999809265137,2.299999952316284,2.299999952316284,7100
2014-12-03,2.289999961853028,2.3399999141693115,2.289999961853028,2.309999942779541,2.309999942779541,6900
2014-12-04,2.299999952316284,2.299999952316284,2.220000028610229,2.289999961853028,2.289999961853028,14400
2014-12-05,2.309999942779541,2.309999942779541,2.309999942779541,2.309999942779541,2.309999942779541,3100
2014-12-08,2.289999961853028,2.299999952316284,2.289999961853028,2.299999952316284,2.299999952316284,7000
2014-12-09,2.289999961853028,2.369999885559082,2.289999961853028,2.369999885559082,2.369999885559082,3100
2014-12-10,2.3399999141693115,2.390000104904175,2.3399999141693115,2.390000104904175,2.390000104904175,3000
2014-12-11,2.359999895095825,2.359999895095825,2.3499999046325684,2.3499999046325684,2.3499999046325684,1300
2014-12-12,2.299999952316284,2.309999942779541,2.299999952316284,2.299999952316284,2.299999952316284,700
2014-12-15,2.299999952316284,2.299999952316284,2.299999952316284,2.299999952316284,2.299999952316284,2900
2014-12-16,2.3499999046325684,2.3499999046325684,2.3499999046325684,2.3499999046325684,2.3499999046325684,2500
2014-12-17,2.309999942779541,2.309999942779541,2.299999952316284,2.309999942779541,2.309999942779541,500
2014-12-18,2.309999942779541,2.309999942779541,2.309999942779541,2.309999942779541,2.309999942779541,100
2014-12-19,2.309999942779541,2.3299999237060547,2.289999961853028,2.3299999237060547,2.3299999237060547,3800
2014-12-22,2.299999952316284,2.319999933242798,2.299999952316284,2.309999942779541,2.309999942779541,2200
2014-12-23,2.3399999141693115,2.3399999141693115,2.319999933242798,2.319999933242798,2.319999933242798,1200
2014-12-24,2.309999942779541,2.3499999046325684,2.309999942779541,2.3499999046325684,2.3499999046325684,3300
2014-12-26,2.299999952316284,2.450000047683716,2.299999952316284,2.450000047683716,2.450000047683716,600
2014-12-29,2.470000028610229,2.470000028610229,2.3499999046325684,2.380000114440918,2.380000114440918,700
2014-12-30,2.390000104904175,2.450000047683716,2.380000114440918,2.400000095367432,2.400000095367432,1600
2014-12-31,2.490000009536743,2.490000009536743,2.400000095367432,2.470000028610229,2.470000028610229,1300
2015-01-02,2.450000047683716,2.5,2.369999885559082,2.450000047683716,2.450000047683716,1900
2015-01-05,2.5,2.569999933242798,2.400000095367432,2.400000095367432,2.400000095367432,34200
2015-01-06,2.4100000858306885,2.549999952316284,2.4100000858306885,2.539999961853028,2.539999961853028,9000
2015-01-07,2.4200000762939453,2.5,2.4200000762939453,2.490000009536743,2.490000009536743,2700
2015-01-08,2.470000028610229,2.470000028610229,2.4100000858306885,2.450000047683716,2.450000047683716,1800
2015-01-09,2.4100000858306885,2.5299999713897705,2.4100000858306885,2.5199999809265137,2.5199999809265137,2700
2015-01-12,2.4100000858306885,2.4200000762939453,2.4100000858306885,2.4200000762939453,2.4200000762939453,2100
2015-01-13,2.430000066757202,2.430000066757202,2.4200000762939453,2.4200000762939453,2.4200000762939453,2900
2015-01-14,2.4800000190734863,2.4800000190734863,2.4100000858306885,2.4100000858306885,2.4100000858306885,6900
2015-01-15,2.430000066757202,2.4800000190734863,2.430000066757202,2.4600000381469727,2.4600000381469727,11900
2015-01-16,2.4600000381469727,2.5,2.4600000381469727,2.470000028610229,2.470000028610229,400
2015-01-20,2.440000057220459,2.4600000381469727,2.440000057220459,2.4600000381469727,2.4600000381469727,1400
2015-01-21,2.400000095367432,2.549999952316284,2.400000095367432,2.4600000381469727,2.4600000381469727,45200
2015-01-22,2.470000028610229,2.470000028610229,2.470000028610229,2.470000028610229,2.470000028610229,1700
2015-01-23,2.4800000190734863,2.4800000190734863,2.4800000190734863,2.4800000190734863,2.4800000190734863,600
2015-01-26,2.5,2.5,2.4800000190734863,2.4800000190734863,2.4800000190734863,1500
2015-01-27,2.4200000762939453,2.470000028610229,2.4200000762939453,2.440000057220459,2.440000057220459,6800
2015-01-28,2.440000057220459,2.440000057220459,2.319999933242798,2.369999885559082,2.369999885559082,29900
2015-01-29,2.3399999141693115,2.369999885559082,2.319999933242798,2.369999885559082,2.369999885559082,1800
2015-01-30,2.380000114440918,2.380000114440918,2.380000114440918,2.380000114440918,2.380000114440918,300
2015-02-02,2.359999895095825,2.359999895095825,2.359999895095825,2.359999895095825,2.359999895095825,600
2015-02-03,2.369999885559082,2.4600000381469727,2.359999895095825,2.390000104904175,2.390000104904175,1300
2015-02-04,2.4200000762939453,2.4200000762939453,2.380000114440918,2.400000095367432,2.400000095367432,4700
2015-02-05,2.4200000762939453,2.450000047683716,2.4200000762939453,2.440000057220459,2.440000057220459,6900
2015-02-06,2.450000047683716,2.470000028610229,2.450000047683716,2.470000028610229,2.470000028610229,1200
2015-02-09,2.470000028610229,2.470000028610229,2.4600000381469727,2.470000028610229,2.470000028610229,8900
2015-02-10,2.4800000190734863,2.4800000190734863,2.4600000381469727,2.470000028610229,2.470000028610229,4900
2015-02-11,2.3399999141693115,2.400000095367432,2.3399999141693115,2.400000095367432,2.400000095367432,9600
2015-02-12,2.390000104904175,2.390000104904175,2.3499999046325684,2.359999895095825,2.359999895095825,5600
2015-02-13,2.390000104904175,2.4200000762939453,2.390000104904175,2.400000095367432,2.400000095367432,26300
2015-02-17,2.3399999141693115,2.369999885559082,2.319999933242798,2.3499999046325684,2.3499999046325684,14600
2015-02-18,2.299999952316284,2.3299999237060547,2.299999952316284,2.319999933242798,2.319999933242798,9500
2015-02-19,2.309999942779541,2.309999942779541,2.259999990463257,2.259999990463257,2.259999990463257,12100
2015-02-20,2.2799999713897705,2.299999952316284,2.2799999713897705,2.2799999713897705,2.2799999713897705,3600
2015-02-23,2.2799999713897705,2.2799999713897705,2.2100000381469727,2.2100000381469727,2.2100000381469727,12700
2015-02-24,2.150000095367432,2.220000028610229,2.150000095367432,2.1700000762939453,2.1700000762939453,20900
2015-02-25,2.1700000762939453,2.2699999809265137,2.0899999141693115,2.119999885559082,2.119999885559082,88100
2015-02-26,2.0999999046325684,2.140000104904175,2.049999952316284,2.0999999046325684,2.0999999046325684,22200
2015-02-27,2.0899999141693115,2.0999999046325684,2.049999952316284,2.0799999237060547,2.0799999237060547,8200
2015-03-02,2.0799999237060547,2.140000104904175,2.0799999237060547,2.119999885559082,2.119999885559082,6500
2015-03-03,2.119999885559082,2.130000114440918,2.0799999237060547,2.0799999237060547,2.0799999237060547,14600
2015-03-04,2.109999895095825,2.119999885559082,2.0,2.039999961853028,2.039999961853028,23700
2015-03-05,2.059999942779541,2.059999942779541,2.049999952316284,2.049999952316284,2.049999952316284,8300
2015-03-06,2.0299999713897705,2.059999942779541,2.0299999713897705,2.059999942779541,2.059999942779541,4500
2015-03-09,2.039999961853028,2.109999895095825,2.039999961853028,2.069999933242798,2.069999933242798,18600
2015-03-10,2.0799999237060547,2.3499999046325684,2.0799999237060547,2.150000095367432,2.150000095367432,39200
2015-03-11,2.180000066757202,2.180000066757202,2.109999895095825,2.109999895095825,2.109999895095825,4300
2015-03-12,2.0999999046325684,2.109999895095825,2.0999999046325684,2.109999895095825,2.109999895095825,8100
2015-03-13,2.059999942779541,2.0999999046325684,2.059999942779541,2.0999999046325684,2.0999999046325684,3600
2015-03-16,2.190000057220459,2.220000028610229,2.190000057220459,2.2100000381469727,2.2100000381469727,3300
2015-03-17,2.140000104904175,2.2699999809265137,2.119999885559082,2.25,2.25,15100
2015-03-18,2.2100000381469727,2.2100000381469727,2.140000104904175,2.140000104904175,2.140000104904175,2500
2015-03-19,2.2699999809265137,2.2799999713897705,2.2699999809265137,2.2799999713897705,2.2799999713897705,1600
2015-03-20,2.2699999809265137,2.3399999141693115,2.190000057220459,2.190000057220459,2.190000057220459,8600
2015-03-23,2.119999885559082,2.150000095367432,2.119999885559082,2.150000095367432,2.150000095367432,1000
2015-03-24,2.109999895095825,2.109999895095825,2.0299999713897705,2.0299999713897705,2.0299999713897705,22300
2015-03-25,2.0999999046325684,2.240000009536743,2.0999999046325684,2.130000114440918,2.130000114440918,5700
2015-03-26,2.130000114440918,2.130000114440918,2.130000114440918,2.130000114440918,2.130000114440918,0
2015-03-27,2.0999999046325684,2.0999999046325684,2.0899999141693115,2.0999999046325684,2.0999999046325684,2400
2015-03-30,2.0899999141693115,2.0999999046325684,2.039999961853028,2.049999952316284,2.049999952316284,3000
2015-03-31,2.049999952316284,2.059999942779541,2.0299999713897705,2.059999942779541,2.059999942779541,10600
2015-04-01,2.009999990463257,2.059999942779541,2.009999990463257,2.059999942779541,2.059999942779541,2900
2015-04-02,2.0899999141693115,2.0899999141693115,2.059999942779541,2.059999942779541,2.059999942779541,800
2015-04-06,2.180000066757202,2.180000066757202,2.039999961853028,2.150000095367432,2.150000095367432,3600
2015-04-07,2.0899999141693115,2.0899999141693115,2.059999942779541,2.069999933242798,2.069999933242798,4700
2015-04-08,2.039999961853028,2.039999961853028,2.039999961853028,2.039999961853028,2.039999961853028,200
2015-04-09,2.069999933242798,2.109999895095825,2.049999952316284,2.109999895095825,2.109999895095825,1400
2015-04-10,2.059999942779541,2.119999885559082,2.059999942779541,2.069999933242798,2.069999933242798,4800
2015-04-13,2.0899999141693115,2.0999999046325684,2.059999942779541,2.059999942779541,2.059999942779541,1300
2015-04-14,2.069999933242798,2.0999999046325684,2.069999933242798,2.0999999046325684,2.0999999046325684,600
2015-04-15,2.0999999046325684,2.0999999046325684,2.0999999046325684,2.0999999046325684,2.0999999046325684,1000
2015-04-16,2.0799999237060547,2.0799999237060547,2.0799999237060547,2.0799999237060547,2.0799999237060547,100
2015-04-17,2.0999999046325684,2.0999999046325684,1.9900000095367432,2.009999990463257,2.009999990463257,55500
2015-04-20,2.0,2.059999942779541,2.0,2.059999942779541,2.059999942779541,6700
2015-04-21,2.0899999141693115,2.0899999141693115,2.0799999237060547,2.0899999141693115,2.0899999141693115,1100
2015-04-22,2.0999999046325684,2.0999999046325684,2.0999999046325684,2.0999999046325684,2.0999999046325684,100
2015-04-23,2.0799999237060547,2.0999999046325684,2.049999952316284,2.0999999046325684,2.0999999046325684,6400
2015-04-24,2.0999999046325684,2.0999999046325684,2.0999999046325684,2.0999999046325684,2.0999999046325684,0
2015-04-27,2.0299999713897705,2.049999952316284,2.009999990463257,2.039999961853028,2.039999961853028,6800
2015-04-28,2.0799999237060547,2.0799999237060547,2.059999942779541,2.059999942779541,2.059999942779541,1200
2015-04-29,2.059999942779541,2.059999942779541,2.059999942779541,2.059999942779541,2.059999942779541,0
2015-04-30,2.009999990463257,2.009999990463257,2.0,2.009999990463257,2.009999990463257,2800
2015-05-01,2.0,2.0,2.0,2.0,2.0,500
2015-05-04,2.009999990463257,2.009999990463257,2.009999990463257,2.009999990463257,2.009999990463257,200
2015-05-05,2.009999990463257,2.0199999809265137,2.0,2.0,2.0,2800
2015-05-06,2.0,2.0,2.0,2.0,2.0,1700
2015-05-07,2.0199999809265137,2.0999999046325684,2.0,2.0899999141693115,2.0899999141693115,21800
2015-05-08,2.039999961853028,2.039999961853028,2.039999961853028,2.039999961853028,2.039999961853028,3300
2015-05-11,2.039999961853028,2.0899999141693115,2.0299999713897705,2.0299999713897705,2.0299999713897705,1500
2015-05-12,2.039999961853028,2.0999999046325684,2.0299999713897705,2.0999999046325684,2.0999999046325684,8700
2015-05-13,2.0299999713897705,2.0299999713897705,2.0299999713897705,2.0299999713897705,2.0299999713897705,2300
2015-05-14,2.0799999237060547,2.0999999046325684,2.0299999713897705,2.039999961853028,2.039999961853028,6000
2015-05-15,2.490000009536743,2.490000009536743,2.0899999141693115,2.190000057220459,2.190000057220459,85100
2015-05-18,2.400000095367432,2.400000095367432,2.25,2.289999961853028,2.289999961853028,13900
2015-05-19,2.220000028610229,2.220000028610229,2.119999885559082,2.140000104904175,2.140000104904175,1900
2015-05-20,2.200000047683716,2.299999952316284,2.200000047683716,2.299999952316284,2.299999952316284,11000
2015-05-21,2.25,2.259999990463257,2.25,2.25,2.25,2200
2015-05-22,2.25,2.289999961853028,2.25,2.289999961853028,2.289999961853028,2500
2015-05-26,2.289999961853028,2.319999933242798,2.25,2.319999933242798,2.319999933242798,14300
2015-05-27,2.390000104904175,2.390000104904175,2.319999933242798,2.3299999237060547,2.3299999237060547,1200
2015-05-28,2.319999933242798,2.319999933242798,2.2699999809265137,2.309999942779541,2.309999942779541,6200
2015-05-29,2.2300000190734863,2.3299999237060547,2.220000028610229,2.2699999809265137,2.2699999809265137,7600
2015-06-01,2.2799999713897705,2.289999961853028,2.2699999809265137,2.289999961853028,2.289999961853028,1200
2015-06-02,2.289999961853028,2.359999895095825,2.289999961853028,2.319999933242798,2.319999933242798,6500
2015-06-03,2.299999952316284,2.400000095367432,2.289999961853028,2.380000114440918,2.380000114440918,15200
2015-06-04,2.3499999046325684,2.4200000762939453,2.3499999046325684,2.4200000762939453,2.4200000762939453,6200
2015-06-05,2.400000095367432,2.4200000762939453,2.3299999237060547,2.4200000762939453,2.4200000762939453,4400
2015-06-08,2.4200000762939453,2.430000066757202,2.380000114440918,2.380000114440918,2.380000114440918,6500
2015-06-09,2.3499999046325684,2.369999885559082,2.3499999046325684,2.369999885559082,2.369999885559082,3400
2015-06-10,2.390000104904175,2.4200000762939453,2.390000104904175,2.390000104904175,2.390000104904175,4900
2015-06-11,2.369999885559082,2.400000095367432,2.2300000190734863,2.289999961853028,2.289999961853028,15700
2015-06-12,2.3399999141693115,2.3399999141693115,2.3299999237060547,2.3399999141693115,2.3399999141693115,2200
2015-06-15,2.240000009536743,2.309999942779541,2.240000009536743,2.2699999809265137,2.2699999809265137,5300
2015-06-16,2.259999990463257,2.3299999237060547,2.220000028610229,2.2799999713897705,2.2799999713897705,4200
2015-06-17,2.2300000190734863,2.2799999713897705,2.2300000190734863,2.2699999809265137,2.2699999809265137,2700
2015-06-18,2.309999942779541,2.309999942779541,2.309999942779541,2.309999942779541,2.309999942779541,100
2015-06-19,2.309999942779541,2.309999942779541,2.2699999809265137,2.289999961853028,2.289999961853028,5000
2015-06-22,2.289999961853028,2.3399999141693115,2.289999961853028,2.319999933242798,2.319999933242798,3000
2015-06-23,2.299999952316284,2.319999933242798,2.299999952316284,2.319999933242798,2.319999933242798,2400
2015-06-24,2.3399999141693115,2.3399999141693115,2.3299999237060547,2.3299999237060547,2.3299999237060547,400
2015-06-25,2.319999933242798,2.319999933242798,2.299999952316284,2.309999942779541,2.309999942779541,6200
2015-06-26,2.299999952316284,2.299999952316284,2.299999952316284,2.299999952316284,2.299999952316284,4000
2015-06-29,2.289999961853028,2.299999952316284,2.25,2.299999952316284,2.299999952316284,5900
2015-06-30,2.299999952316284,2.3399999141693115,2.299999952316284,2.3399999141693115,2.3399999141693115,5900
2015-07-01,2.380000114440918,2.4600000381469727,2.369999885559082,2.369999885559082,2.369999885559082,22300
2015-07-02,2.4600000381469727,2.470000028610229,2.3499999046325684,2.430000066757202,2.430000066757202,7300
2015-07-06,2.4200000762939453,2.4200000762939453,2.3399999141693115,2.3399999141693115,2.3399999141693115,9100
2015-07-07,2.3499999046325684,2.359999895095825,2.3499999046325684,2.3499999046325684,2.3499999046325684,2900
2015-07-08,2.3499999046325684,2.380000114440918,2.3399999141693115,2.3399999141693115,2.3399999141693115,3300
2015-07-09,2.3399999141693115,2.3499999046325684,2.3399999141693115,2.3499999046325684,2.3499999046325684,5400
2015-07-10,2.3299999237060547,2.359999895095825,2.3299999237060547,2.359999895095825,2.359999895095825,1200
2015-07-13,2.3499999046325684,2.369999885559082,2.3499999046325684,2.369999885559082,2.369999885559082,2600
2015-07-14,2.3499999046325684,2.3499999046325684,2.3399999141693115,2.3499999046325684,2.3499999046325684,2500
2015-07-15,2.3499999046325684,2.359999895095825,2.3499999046325684,2.359999895095825,2.359999895095825,1100
2015-07-16,2.3499999046325684,2.3499999046325684,2.3299999237060547,2.3399999141693115,2.3399999141693115,5600
2015-07-17,2.309999942779541,2.3399999141693115,2.309999942779541,2.3399999141693115,2.3399999141693115,2600
2015-07-20,2.3399999141693115,2.369999885559082,2.299999952316284,2.369999885559082,2.369999885559082,8300
2015-07-21,2.3299999237060547,2.3399999141693115,2.309999942779541,2.3399999141693115,2.3399999141693115,900
2015-07-22,2.3499999046325684,2.390000104904175,2.3499999046325684,2.3499999046325684,2.3499999046325684,3900
2015-07-23,2.440000057220459,2.440000057220459,2.369999885559082,2.380000114440918,2.380000114440918,9400
2015-07-24,2.390000104904175,2.390000104904175,2.309999942779541,2.309999942779541,2.309999942779541,9800
2015-07-27,2.299999952316284,2.3299999237060547,2.299999952316284,2.319999933242798,2.319999933242798,3300
2015-07-28,2.3399999141693115,2.3399999141693115,2.299999952316284,2.299999952316284,2.299999952316284,10600
2015-07-29,2.309999942779541,2.3499999046325684,2.309999942779541,2.3299999237060547,2.3299999237060547,11000
2015-07-30,2.3299999237060547,2.3299999237060547,2.3299999237060547,2.3299999237060547,2.3299999237060547,2500
2015-07-31,2.3299999237060547,2.3399999141693115,2.3299999237060547,2.3299999237060547,2.3299999237060547,11500
2015-08-03,2.3299999237060547,2.3299999237060547,2.299999952316284,2.299999952316284,2.299999952316284,4800
2015-08-04,2.3299999237060547,2.3299999237060547,2.319999933242798,2.319999933242798,2.319999933242798,4400
2015-08-05,2.3299999237060547,2.3299999237060547,2.3299999237060547,2.3299999237060547,2.3299999237060547,2400
2015-08-06,2.319999933242798,2.319999933242798,2.309999942779541,2.309999942779541,2.309999942779541,6300
2015-08-07,2.299999952316284,2.309999942779541,2.299999952316284,2.299999952316284,2.299999952316284,6200
2015-08-10,2.309999942779541,2.309999942779541,2.299999952316284,2.309999942779541,2.309999942779541,9800
2015-08-11,2.309999942779541,2.309999942779541,2.289999961853028,2.289999961853028,2.289999961853028,500
2015-08-12,2.309999942779541,2.319999933242798,2.299999952316284,2.319999933242798,2.319999933242798,15500
2015-08-13,2.319999933242798,2.319999933242798,2.299999952316284,2.299999952316284,2.299999952316284,9000
2015-08-14,2.3299999237060547,2.3299999237060547,2.3299999237060547,2.3299999237060547,2.3299999237060547,2000
2015-08-17,2.299999952316284,2.319999933242798,2.299999952316284,2.299999952316284,2.299999952316284,5200
2015-08-18,2.309999942779541,2.3399999141693115,2.309999942779541,2.3399999141693115,2.3399999141693115,3800
2015-08-19,2.3399999141693115,2.3399999141693115,2.3399999141693115,2.3399999141693115,2.3399999141693115,100
2015-08-20,2.299999952316284,2.3399999141693115,2.299999952316284,2.299999952316284,2.299999952316284,4500
2015-08-21,2.2699999809265137,2.299999952316284,2.220000028610229,2.299999952316284,2.299999952316284,17300
2015-08-24,2.299999952316284,2.319999933242798,2.299999952316284,2.299999952316284,2.299999952316284,13600
2015-08-25,2.309999942779541,2.3399999141693115,2.299999952316284,2.3399999141693115,2.3399999141693115,5700
2015-08-26,2.3399999141693115,2.3399999141693115,2.3399999141693115,2.3399999141693115,2.3399999141693115,3600
2015-08-27,2.3399999141693115,2.3399999141693115,2.3399999141693115,2.3399999141693115,2.3399999141693115,500
2015-08-28,2.299999952316284,2.3499999046325684,2.299999952316284,2.3399999141693115,2.3399999141693115,8700
2015-08-31,2.3399999141693115,2.3399999141693115,2.3399999141693115,2.3399999141693115,2.3399999141693115,0
2015-09-01,2.359999895095825,2.380000114440918,2.3399999141693115,2.3399999141693115,2.3399999141693115,1900
2015-09-02,2.380000114440918,2.380000114440918,2.3499999046325684,2.3499999046325684,2.3499999046325684,800
2015-09-03,2.3399999141693115,2.3399999141693115,2.3299999237060547,2.3299999237060547,2.3299999237060547,4600
2015-09-04,2.3299999237060547,2.3499999046325684,2.3299999237060547,2.3499999046325684,2.3499999046325684,6400
2015-09-08,2.380000114440918,2.380000114440918,2.369999885559082,2.369999885559082,2.369999885559082,3000
2015-09-09,2.3399999141693115,2.359999895095825,2.3399999141693115,2.359999895095825,2.359999895095825,1100
2015-09-10,2.3299999237060547,2.390000104904175,2.309999942779541,2.309999942779541,2.309999942779541,3300
2015-09-11,2.2699999809265137,2.3299999237060547,2.259999990463257,2.319999933242798,2.319999933242798,10100
2015-09-14,2.3299999237060547,2.3299999237060547,2.299999952316284,2.319999933242798,2.319999933242798,16100
2015-09-15,2.319999933242798,2.319999933242798,2.299999952316284,2.299999952316284,2.299999952316284,16300
2015-09-16,2.319999933242798,2.3499999046325684,2.319999933242798,2.3499999046325684,2.3499999046325684,1600
2015-09-17,2.3499999046325684,2.369999885559082,2.3499999046325684,2.369999885559082,2.369999885559082,8200
2015-09-18,2.5,3.069999933242798,2.4800000190734863,2.539999961853028,2.539999961853028,247900
2015-09-21,2.619999885559082,2.650000095367432,2.5299999713897705,2.559999942779541,2.559999942779541,41300
2015-09-22,2.569999933242798,2.569999933242798,2.470000028610229,2.5199999809265137,2.5199999809265137,18600
2015-09-23,2.5299999713897705,2.5799999237060547,2.5,2.5199999809265137,2.5199999809265137,11000
2015-09-24,2.5,2.5,2.390000104904175,2.5,2.5,25600
2015-09-25,2.5,2.5899999141693115,2.5,2.569999933242798,2.569999933242798,12100
2015-09-28,2.549999952316284,2.549999952316284,2.5,2.549999952316284,2.549999952316284,3800
2015-09-29,2.549999952316284,2.5899999141693115,2.3299999237060547,2.4100000858306885,2.4100000858306885,45000
2015-09-30,2.450000047683716,2.4600000381469727,2.440000057220459,2.4600000381469727,2.4600000381469727,3400
2015-10-01,2.4600000381469727,2.5,2.4200000762939453,2.4200000762939453,2.4200000762939453,1200
2015-10-02,2.430000066757202,2.450000047683716,2.369999885559082,2.369999885559082,2.369999885559082,14000
2015-10-05,2.440000057220459,2.4800000190734863,2.4100000858306885,2.4100000858306885,2.4100000858306885,3800
2015-10-06,2.400000095367432,2.4600000381469727,2.380000114440918,2.430000066757202,2.430000066757202,20400
2015-10-07,2.5199999809265137,2.6600000858306885,2.490000009536743,2.490000009536743,2.490000009536743,19800
2015-10-08,2.5,2.569999933242798,2.490000009536743,2.490000009536743,2.490000009536743,3600
2015-10-09,2.509999990463257,2.5299999713897705,2.5,2.5199999809265137,2.5199999809265137,12000
2015-10-12,2.509999990463257,2.509999990463257,2.5,2.509999990463257,2.509999990463257,1000
2015-10-13,2.5299999713897705,2.5299999713897705,2.509999990463257,2.509999990463257,2.509999990463257,600
2015-10-14,2.5199999809265137,2.5199999809265137,2.5,2.5199999809265137,2.5199999809265137,7300
2015-10-15,2.539999961853028,2.539999961853028,2.539999961853028,2.539999961853028,2.539999961853028,200
2015-10-16,2.569999933242798,2.569999933242798,2.5,2.5199999809265137,2.5199999809265137,11300
2015-10-19,2.539999961853028,2.5799999237060547,2.539999961853028,2.559999942779541,2.559999942779541,1900
2015-10-20,2.700000047683716,2.700000047683716,2.5,2.5299999713897705,2.5299999713897705,6200
2015-10-21,2.559999942779541,2.559999942779541,2.5299999713897705,2.5299999713897705,2.5299999713897705,400
2015-10-22,2.549999952316284,2.549999952316284,2.5299999713897705,2.539999961853028,2.539999961853028,1600
2015-10-23,2.569999933242798,2.5799999237060547,2.549999952316284,2.5799999237060547,2.5799999237060547,9700
2015-10-26,2.5799999237060547,2.5999999046325684,2.549999952316284,2.569999933242798,2.569999933242798,8400
2015-10-27,2.5799999237060547,2.5999999046325684,2.569999933242798,2.569999933242798,2.569999933242798,5200
2015-10-28,2.5899999141693115,2.5899999141693115,2.5299999713897705,2.549999952316284,2.549999952316284,6200
2015-10-29,2.5799999237060547,2.5899999141693115,2.539999961853028,2.539999961853028,2.539999961853028,4900
2015-10-30,2.5899999141693115,2.5899999141693115,2.539999961853028,2.539999961853028,2.539999961853028,3100
2015-11-02,2.5899999141693115,2.7699999809265137,2.5899999141693115,2.759999990463257,2.759999990463257,14700
2015-11-03,2.75,2.789999961853028,2.720000028610229,2.720000028610229,2.720000028610229,7800
2015-11-04,2.740000009536743,2.759999990463257,2.740000009536743,2.75,2.75,3600
2015-11-05,2.75,2.809999942779541,2.75,2.75,2.75,7000
2015-11-06,2.8499999046325684,2.8499999046325684,2.7699999809265137,2.7799999713897705,2.7799999713897705,8500
2015-11-09,2.700000047683716,2.720000028610229,2.690000057220459,2.720000028610229,2.720000028610229,1600
2015-11-10,2.740000009536743,2.740000009536743,2.690000057220459,2.740000009536743,2.740000009536743,10000
2015-11-11,2.75,2.75,2.650000095367432,2.700000047683716,2.700000047683716,4500
2015-11-12,2.650000095367432,2.680000066757202,2.549999952316284,2.549999952316284,2.549999952316284,9000
2015-11-13,2.640000104904175,2.640000104904175,2.5299999713897705,2.549999952316284,2.549999952316284,2100
2015-11-16,2.559999942779541,2.559999942779541,2.5,2.5,2.5,10000
2015-11-17,2.5199999809265137,2.5299999713897705,2.5199999809265137,2.5299999713897705,2.5299999713897705,2800
2015-11-18,2.5,2.5299999713897705,2.5,2.5,2.5,10500
2015-11-19,2.509999990463257,2.509999990463257,2.4800000190734863,2.4800000190734863,2.4800000190734863,7800
2015-11-20,2.450000047683716,2.470000028610229,2.450000047683716,2.450000047683716,2.450000047683716,4100
2015-11-23,2.450000047683716,2.450000047683716,2.450000047683716,2.450000047683716,2.450000047683716,1000
2015-11-24,2.309999942779541,2.4200000762939453,2.309999942779541,2.4200000762939453,2.4200000762939453,1000
2015-11-25,2.380000114440918,2.380000114440918,2.380000114440918,2.380000114440918,2.380000114440918,100
2015-11-27,2.380000114440918,2.380000114440918,2.380000114440918,2.380000114440918,2.380000114440918,7900
2015-11-30,2.380000114440918,2.380000114440918,2.380000114440918,2.380000114440918,2.380000114440918,1600
2015-12-01,2.390000104904175,2.400000095367432,2.390000104904175,2.400000095367432,2.400000095367432,1100
2015-12-02,2.400000095367432,2.400000095367432,2.400000095367432,2.400000095367432,2.400000095367432,0
2015-12-03,2.400000095367432,2.4200000762939453,2.390000104904175,2.400000095367432,2.400000095367432,13400
2015-12-04,2.4100000858306885,2.4200000762939453,2.390000104904175,2.4200000762939453,2.4200000762939453,1400
2015-12-07,2.400000095367432,2.400000095367432,2.400000095367432,2.400000095367432,2.400000095367432,500
2015-12-08,2.390000104904175,2.390000104904175,2.390000104904175,2.390000104904175,2.390000104904175,200
2015-12-09,2.400000095367432,2.4200000762939453,2.400000095367432,2.400000095367432,2.400000095367432,13000
2015-12-10,2.400000095367432,2.430000066757202,2.390000104904175,2.390000104904175,2.390000104904175,9900
2015-12-11,2.390000104904175,2.390000104904175,2.390000104904175,2.390000104904175,2.390000104904175,2900
2015-12-14,2.380000114440918,2.4200000762939453,2.380000114440918,2.4200000762939453,2.4200000762939453,2600
2015-12-15,2.380000114440918,2.4200000762939453,2.359999895095825,2.4200000762939453,2.4200000762939453,2900
2015-12-16,2.380000114440918,2.5299999713897705,2.380000114440918,2.490000009536743,2.490000009536743,20700
2015-12-17,2.5,2.5,2.5,2.5,2.5,300
2015-12-18,2.450000047683716,2.450000047683716,2.450000047683716,2.450000047683716,2.450000047683716,7900
2015-12-21,2.430000066757202,2.430000066757202,2.430000066757202,2.430000066757202,2.430000066757202,2100
2015-12-22,2.4800000190734863,2.5,2.4800000190734863,2.5,2.5,8500
2015-12-23,2.440000057220459,2.490000009536743,2.400000095367432,2.400000095367432,2.400000095367432,1800
2015-12-24,2.450000047683716,2.450000047683716,2.450000047683716,2.450000047683716,2.450000047683716,2500
2015-12-28,2.450000047683716,2.470000028610229,2.4200000762939453,2.470000028610229,2.470000028610229,3900
2015-12-29,2.440000057220459,2.450000047683716,2.440000057220459,2.450000047683716,2.450000047683716,5000
2015-12-30,2.400000095367432,2.430000066757202,2.400000095367432,2.430000066757202,2.430000066757202,5600
2015-12-31,2.4200000762939453,2.4200000762939453,2.4100000858306885,2.4200000762939453,2.4200000762939453,1200
2016-01-04,2.400000095367432,2.4100000858306885,2.400000095367432,2.4100000858306885,2.4100000858306885,3000
2016-01-05,2.400000095367432,2.4200000762939453,2.380000114440918,2.380000114440918,2.380000114440918,23600
2016-01-06,2.4200000762939453,2.4200000762939453,2.359999895095825,2.369999885559082,2.369999885559082,7000
2016-01-07,2.299999952316284,2.3499999046325684,2.299999952316284,2.3399999141693115,2.3399999141693115,14800
2016-01-08,2.3399999141693115,2.400000095367432,2.3299999237060547,2.400000095367432,2.400000095367432,2100
2016-01-11,2.390000104904175,2.4100000858306885,2.3499999046325684,2.3499999046325684,2.3499999046325684,17300
2016-01-12,2.369999885559082,2.390000104904175,2.299999952316284,2.299999952316284,2.299999952316284,15400
2016-01-13,2.299999952316284,2.299999952316284,2.289999961853028,2.299999952316284,2.299999952316284,9700
2016-01-14,2.299999952316284,2.4600000381469727,2.299999952316284,2.299999952316284,2.299999952316284,3900
2016-01-15,2.319999933242798,2.319999933242798,2.2300000190734863,2.259999990463257,2.259999990463257,70200
2016-01-19,2.2699999809265137,2.3299999237060547,2.25,2.299999952316284,2.299999952316284,4400
2016-01-20,2.25,2.2799999713897705,2.240000009536743,2.240000009536743,2.240000009536743,11100
2016-01-21,2.25,2.309999942779541,2.25,2.289999961853028,2.289999961853028,4000
2016-01-22,2.25,2.400000095367432,2.25,2.390000104904175,2.390000104904175,5700
2016-01-25,2.390000104904175,2.430000066757202,2.299999952316284,2.299999952316284,2.299999952316284,6800
2016-01-26,2.3499999046325684,2.3499999046325684,2.309999942779541,2.309999942779541,2.309999942779541,2100
2016-01-27,2.3299999237060547,2.3299999237060547,2.3299999237060547,2.3299999237060547,2.3299999237060547,300
2016-01-28,2.3399999141693115,2.3399999141693115,2.3399999141693115,2.3399999141693115,2.3399999141693115,2500
2016-01-29,2.309999942779541,2.309999942779541,2.309999942779541,2.309999942779541,2.309999942779541,300
2016-02-01,2.309999942779541,2.3399999141693115,2.309999942779541,2.3399999141693115,2.3399999141693115,1300
2016-02-02,2.3499999046325684,2.3499999046325684,2.309999942779541,2.309999942779541,2.309999942779541,2800
2016-02-03,2.319999933242798,2.450000047683716,2.299999952316284,2.319999933242798,2.319999933242798,9600
2016-02-04,2.319999933242798,2.319999933242798,2.319999933242798,2.319999933242798,2.319999933242798,0
2016-02-05,2.3499999046325684,2.3499999046325684,2.3499999046325684,2.3499999046325684,2.3499999046325684,1000
2016-02-08,2.3499999046325684,2.3499999046325684,2.3499999046325684,2.3499999046325684,2.3499999046325684,1100
2016-02-09,2.440000057220459,2.5,2.369999885559082,2.450000047683716,2.450000047683716,25500
2016-02-10,2.440000057220459,2.440000057220459,2.440000057220459,2.440000057220459,2.440000057220459,1500
2016-02-11,2.4800000190734863,2.490000009536743,2.369999885559082,2.369999885559082,2.369999885559082,8800
2016-02-12,2.5,3.400000095367432,2.5,2.609999895095825,2.609999895095825,441900
2016-02-16,2.5899999141693115,2.990000009536743,2.5199999809265137,2.859999895095825,2.859999895095825,94400
2016-02-17,2.869999885559082,2.950000047683716,2.7799999713897705,2.880000114440918,2.880000114440918,19300
2016-02-18,2.900000095367432,2.900000095367432,2.869999885559082,2.869999885559082,2.869999885559082,5800
2016-02-19,2.819999933242798,2.900000095367432,2.650000095367432,2.900000095367432,2.900000095367432,15700
2016-02-22,2.9100000858306885,2.990000009536743,2.900000095367432,2.940000057220459,2.940000057220459,9000
2016-02-23,2.940000057220459,2.950000047683716,2.759999990463257,2.940000057220459,2.940000057220459,5300
2016-02-24,2.9200000762939453,2.9600000381469727,2.9200000762939453,2.950000047683716,2.950000047683716,7900
2016-02-25,2.950000047683716,2.9600000381469727,2.869999885559082,2.890000104904175,2.890000104904175,2800
2016-02-26,2.8499999046325684,3.039999961853028,2.8499999046325684,3.039999961853028,3.039999961853028,40300
2016-02-29,3.0199999809265137,3.2300000190734863,3.0199999809265137,3.180000066757202,3.180000066757202,39800
2016-03-01,3.119999885559082,3.200000047683716,3.119999885559082,3.1700000762939453,3.1700000762939453,54500
2016-03-02,3.180000066757202,3.319999933242798,3.140000104904175,3.2799999713897705,3.2799999713897705,32100
2016-03-03,3.3299999237060547,3.3299999237060547,3.1600000858306885,3.180000066757202,3.180000066757202,14800
2016-03-04,3.3299999237060547,3.3299999237060547,3.1700000762939453,3.25,3.25,35000
2016-03-07,3.2699999809265137,3.289999961853028,3.200000047683716,3.289999961853028,3.289999961853028,15200
2016-03-08,3.25,3.25,3.150000095367432,3.2100000381469727,3.2100000381469727,17100
2016-03-09,3.1700000762939453,3.299999952316284,3.119999885559082,3.2799999713897705,3.2799999713897705,20700
2016-03-10,3.25,3.359999895095825,3.25,3.359999895095825,3.359999895095825,23400
2016-03-11,3.359999895095825,3.359999895095825,3.200000047683716,3.2100000381469727,3.2100000381469727,600
2016-03-14,3.2799999713897705,3.289999961853028,3.200000047683716,3.289999961853028,3.289999961853028,12900
2016-03-15,3.25,3.400000095367432,3.25,3.390000104904175,3.390000104904175,13900
2016-03-16,3.400000095367432,3.4800000190734863,3.240000009536743,3.4800000190734863,3.4800000190734863,23700
2016-03-17,3.380000114440918,3.450000047683716,3.299999952316284,3.400000095367432,3.400000095367432,4000
2016-03-18,3.430000066757202,3.430000066757202,3.0999999046325684,3.299999952316284,3.299999952316284,16800
2016-03-21,3.309999942779541,3.450000047683716,3.299999952316284,3.450000047683716,3.450000047683716,13500
2016-03-22,3.400000095367432,3.400000095367432,3.359999895095825,3.369999885559082,3.369999885559082,3000
2016-03-23,3.450000047683716,3.450000047683716,3.359999895095825,3.4100000858306885,3.4100000858306885,21600
2016-03-24,3.4600000381469727,3.470000028610229,3.299999952316284,3.470000028610229,3.470000028610229,4500
2016-03-28,3.4800000190734863,3.650000095367432,3.470000028610229,3.539999961853028,3.539999961853028,36900
2016-03-29,3.569999933242798,3.7799999713897705,3.569999933242798,3.650000095367432,3.650000095367432,45500
2016-03-30,3.670000076293945,3.950000047683716,3.670000076293945,3.759999990463257,3.759999990463257,68000
2016-03-31,3.859999895095825,3.900000095367432,3.7200000286102295,3.819999933242798,3.819999933242798,20600
2016-04-01,3.819999933242798,3.900000095367432,3.819999933242798,3.849999904632568,3.849999904632568,9300
2016-04-04,3.900000095367432,3.900000095367432,3.700000047683716,3.740000009536743,3.740000009536743,11200
2016-04-05,3.7200000286102295,3.7200000286102295,3.509999990463257,3.619999885559082,3.619999885559082,9700
2016-04-06,3.549999952316284,3.680000066757202,3.5199999809265137,3.539999961853028,3.539999961853028,20400
2016-04-07,3.509999990463257,3.660000085830689,3.509999990463257,3.640000104904175,3.640000104904175,2400
2016-04-08,3.680000066757202,3.680000066757202,3.5199999809265137,3.559999942779541,3.559999942779541,7400
2016-04-11,3.619999885559082,3.7300000190734863,3.5,3.5,3.5,4100
2016-04-12,3.4800000190734863,3.5299999713897705,3.309999942779541,3.3299999237060547,3.3299999237060547,16500
2016-04-13,3.380000114440918,3.400000095367432,3.299999952316284,3.3299999237060547,3.3299999237060547,10400
2016-04-14,3.130000114440918,3.430000066757202,3.109999895095825,3.3499999046325684,3.3499999046325684,17300
2016-04-15,3.309999942779541,3.430000066757202,3.309999942779541,3.319999933242798,3.319999933242798,10000
2016-04-18,3.319999933242798,3.4200000762939453,3.309999942779541,3.3299999237060547,3.3299999237060547,14400
2016-04-19,3.3299999237060547,3.3499999046325684,3.3299999237060547,3.3499999046325684,3.3499999046325684,900
2016-04-20,3.400000095367432,3.569999933242798,3.400000095367432,3.539999961853028,3.539999961853028,8100
2016-04-21,3.5999999046325684,3.7899999618530273,3.5999999046325684,3.7699999809265137,3.7699999809265137,12700
2016-04-22,3.740000009536743,3.7799999713897705,3.609999895095825,3.7799999713897705,3.7799999713897705,12300
2016-04-25,3.7100000381469727,3.740000009536743,3.630000114440918,3.700000047683716,3.700000047683716,2000
2016-04-26,3.7100000381469727,3.7100000381469727,3.650000095367432,3.650000095367432,3.650000095367432,4100
2016-04-27,3.700000047683716,3.700000047683716,3.619999885559082,3.650000095367432,3.650000095367432,5700
2016-04-28,3.650000095367432,3.700000047683716,3.609999895095825,3.609999895095825,3.609999895095825,3100
2016-04-29,3.5999999046325684,3.680000066757202,3.440000057220459,3.5199999809265137,3.5199999809265137,24200
2016-05-02,3.5899999141693115,3.5899999141693115,3.539999961853028,3.539999961853028,3.539999961853028,2600
2016-05-03,3.539999961853028,3.5799999237060547,3.5299999713897705,3.5799999237060547,3.5799999237060547,2200
2016-05-04,3.549999952316284,3.549999952316284,3.430000066757202,3.430000066757202,3.430000066757202,8600
2016-05-05,3.430000066757202,3.609999895095825,3.430000066757202,3.5899999141693115,3.5899999141693115,4600
2016-05-06,3.4200000762939453,3.4800000190734863,3.4200000762939453,3.4800000190734863,3.4800000190734863,1000
2016-05-09,3.5799999237060547,3.7899999618530273,3.569999933242798,3.7699999809265137,3.7699999809265137,35600
2016-05-10,3.799999952316284,3.900000095367432,3.799999952316284,3.900000095367432,3.900000095367432,44600
2016-05-11,3.940000057220459,3.950000047683716,3.849999904632568,3.869999885559082,3.869999885559082,12300
2016-05-12,3.859999895095825,3.859999895095825,3.7100000381469727,3.7699999809265137,3.7699999809265137,8300
2016-05-13,3.819999933242798,4.400000095367432,3.819999933242798,4.239999771118164,4.239999771118164,216000
2016-05-16,4.329999923706055,4.400000095367432,4.159999847412109,4.239999771118164,4.239999771118164,29400
2016-05-17,4.28000020980835,4.340000152587891,3.990000009536743,4.070000171661377,4.070000171661377,23400
2016-05-18,4.010000228881836,4.050000190734863,3.650000095367432,3.950000047683716,3.950000047683716,30200
2016-05-19,3.9700000286102295,4.050000190734863,3.9600000381469727,3.9800000190734863,3.9800000190734863,7200
2016-05-20,3.990000009536743,4.0,3.7699999809265137,3.920000076293945,3.920000076293945,33300
2016-05-23,3.950000047683716,3.9800000190734863,3.7200000286102295,3.9700000286102295,3.9700000286102295,22700
2016-05-24,3.930000066757202,3.940000057220459,3.7799999713897705,3.880000114440918,3.880000114440918,6400
2016-05-25,3.809999942779541,3.839999914169312,3.670000076293945,3.829999923706055,3.829999923706055,37600
2016-05-26,3.869999885559082,4.079999923706055,3.839999914169312,4.019999980926514,4.019999980926514,34300
2016-05-27,4.039999961853027,4.110000133514404,3.7699999809265137,4.079999923706055,4.079999923706055,18200
2016-05-31,4.0,4.179999828338623,4.0,4.079999923706055,4.079999923706055,19900
2016-06-01,3.990000009536743,4.329999923706055,3.940000057220459,4.28000020980835,4.28000020980835,64900
2016-06-02,4.300000190734863,4.300000190734863,4.059999942779541,4.150000095367432,4.150000095367432,25200
2016-06-03,4.25,4.25,4.0,4.050000190734863,4.050000190734863,8700
2016-06-06,4.050000190734863,4.340000152587891,4.050000190734863,4.340000152587891,4.340000152587891,20100
2016-06-07,4.300000190734863,4.5,4.269999980926514,4.300000190734863,4.300000190734863,91400
2016-06-08,4.309999942779541,4.650000095367432,4.25,4.639999866485596,4.639999866485596,71000
2016-06-09,4.650000095367432,5.119999885559082,4.5,4.75,4.75,108900
2016-06-10,4.809999942779541,4.889999866485596,4.510000228881836,4.75,4.75,46900
2016-06-13,4.809999942779541,4.980000019073486,4.510000228881836,4.71999979019165,4.71999979019165,45000
2016-06-14,4.75,4.96999979019165,4.619999885559082,4.75,4.75,28500
2016-06-15,4.800000190734863,5.239999771118164,4.789999961853027,5.019999980926514,5.019999980926514,88500
2016-06-16,5.210000038146973,5.210000038146973,5.010000228881836,5.03000020980835,5.03000020980835,35200
2016-06-17,5.010000228881836,5.179999828338623,4.949999809265137,4.96999979019165,4.96999979019165,59000
2016-06-20,5.039999961853027,5.179999828338623,5.0,5.159999847412109,5.159999847412109,31000
2016-06-21,5.099999904632568,5.099999904632568,4.550000190734863,5.070000171661377,5.070000171661377,47300
2016-06-22,5.090000152587891,5.150000095367432,4.670000076293945,4.670000076293945,4.670000076293945,22900
2016-06-23,4.889999866485596,5.139999866485596,4.559999942779541,4.96999979019165,4.96999979019165,17200
2016-06-24,4.78000020980835,5.090000152587891,4.610000133514404,5.070000171661377,5.070000171661377,22000
2016-06-27,5.179999828338623,5.179999828338623,4.730000019073486,4.960000038146973,4.960000038146973,28500
2016-06-28,4.960000038146973,5.179999828338623,4.960000038146973,5.179999828338623,5.179999828338623,21300
2016-06-29,5.199999809265137,5.619999885559082,5.059999942779541,5.610000133514404,5.610000133514404,56500
2016-06-30,5.699999809265137,5.869999885559082,5.369999885559082,5.559999942779541,5.559999942779541,86400
2016-07-01,5.599999904632568,5.699999809265137,5.420000076293945,5.53000020980835,5.53000020980835,16100
2016-07-05,5.519999980926514,5.730000019073486,5.110000133514404,5.409999847412109,5.409999847412109,69000
2016-07-06,5.369999885559082,5.449999809265137,4.550000190734863,5.320000171661377,5.320000171661377,54300
2016-07-07,5.190000057220459,5.300000190734863,5.170000076293945,5.199999809265137,5.199999809265137,16300
2016-07-08,5.230000019073486,5.5,5.110000133514404,5.429999828338623,5.429999828338623,32200
2016-07-11,5.519999980926514,5.889999866485596,5.519999980926514,5.869999885559082,5.869999885559082,55700
2016-07-12,5.960000038146973,6.539999961853027,5.869999885559082,6.289999961853027,6.289999961853027,67200
2016-07-13,6.380000114440918,6.480000019073486,6.300000190734863,6.480000019073486,6.480000019073486,43700
2016-07-14,6.539999961853027,6.679999828338623,6.46999979019165,6.53000020980835,6.53000020980835,58800
2016-07-15,6.639999866485596,6.679999828338623,5.650000095367432,5.860000133514404,5.860000133514404,87800
2016-07-18,5.599999904632568,6.0,5.590000152587891,5.949999809265137,5.949999809265137,28600
2016-07-19,5.989999771118164,6.260000228881836,5.699999809265137,5.730000019073486,5.730000019073486,19600
2016-07-20,5.809999942779541,6.050000190734863,5.760000228881836,5.900000095367432,5.900000095367432,19600
2016-07-21,5.900000095367432,6.03000020980835,5.610000133514404,5.769999980926514,5.769999980926514,20200
2016-07-22,5.699999809265137,5.75,5.5,5.550000190734863,5.550000190734863,28700
2016-07-25,5.46999979019165,5.480000019073486,5.269999980926514,5.409999847412109,5.409999847412109,28200
2016-07-26,5.400000095367432,5.489999771118164,5.349999904632568,5.460000038146973,5.460000038146973,9000
2016-07-27,5.429999828338623,5.550000190734863,5.21999979019165,5.550000190734863,5.550000190734863,15600
2016-07-28,5.519999980926514,5.619999885559082,5.460000038146973,5.570000171661377,5.570000171661377,14500
2016-07-29,5.5,5.559999942779541,5.360000133514404,5.510000228881836,5.510000228881836,28300
2016-08-01,5.5,5.5,5.389999866485596,5.409999847412109,5.409999847412109,4700
2016-08-02,5.349999904632568,5.349999904632568,5.0,5.059999942779541,5.059999942779541,15500
2016-08-03,5.010000228881836,5.099999904632568,5.010000228881836,5.079999923706055,5.079999923706055,12100
2016-08-04,5.050000190734863,5.119999885559082,4.96999979019165,5.110000133514404,5.110000133514404,11000
2016-08-05,5.059999942779541,5.150000095367432,4.860000133514404,4.989999771118164,4.989999771118164,18400
2016-08-08,4.849999904632568,4.900000095367432,4.579999923706055,4.610000133514404,4.610000133514404,105200
2016-08-09,4.599999904632568,4.949999809265137,4.360000133514404,4.710000038146973,4.710000038146973,83400
2016-08-10,4.710000038146973,4.840000152587891,4.610000133514404,4.820000171661377,4.820000171661377,8800
2016-08-11,4.78000020980835,4.800000190734863,4.71999979019165,4.800000190734863,4.800000190734863,7000
2016-08-12,4.75,4.940000057220459,4.630000114440918,4.789999961853027,4.789999961853027,4200
2016-08-15,4.710000038146973,4.829999923706055,4.699999809265137,4.71999979019165,4.71999979019165,9000
2016-08-16,4.639999866485596,4.809999942779541,4.639999866485596,4.699999809265137,4.699999809265137,14600
2016-08-17,4.75,4.75,4.550000190734863,4.550000190734863,4.550000190734863,23900
2016-08-18,4.510000228881836,4.679999828338623,4.510000228881836,4.599999904632568,4.599999904632568,12200
2016-08-19,4.599999904632568,4.659999847412109,4.599999904632568,4.659999847412109,4.659999847412109,4100
2016-08-22,4.599999904632568,4.599999904632568,4.539999961853027,4.550000190734863,4.550000190734863,5300
2016-08-23,4.579999923706055,4.579999923706055,4.550000190734863,4.579999923706055,4.579999923706055,1700
2016-08-24,4.599999904632568,4.710000038146973,4.550000190734863,4.639999866485596,4.639999866485596,39400
2016-08-25,4.630000114440918,5.139999866485596,4.630000114440918,5.090000152587891,5.090000152587891,90600
2016-08-26,5.090000152587891,5.349999904632568,5.090000152587891,5.329999923706055,5.329999923706055,34000
2016-08-29,5.329999923706055,5.840000152587891,5.329999923706055,5.730000019073486,5.730000019073486,34400
2016-08-30,5.75,6.269999980926514,5.389999866485596,5.610000133514404,5.610000133514404,120900
2016-08-31,5.440000057220459,5.809999942779541,5.050000190734863,5.389999866485596,5.389999866485596,48100
2016-09-01,4.960000038146973,5.309999942779541,4.949999809265137,5.230000019073486,5.230000019073486,9600
2016-09-02,5.230000019073486,5.230000019073486,5.179999828338623,5.179999828338623,5.179999828338623,3000
2016-09-06,5.039999961853027,5.340000152587891,5.039999961853027,5.340000152587891,5.340000152587891,24800
2016-09-07,5.309999942779541,5.599999904632568,5.289999961853027,5.380000114440918,5.380000114440918,20200
2016-09-08,5.539999961853027,5.699999809265137,5.320000171661377,5.639999866485596,5.639999866485596,16000
2016-09-09,5.53000020980835,5.53000020980835,5.21999979019165,5.25,5.25,12400
2016-09-12,5.179999828338623,5.269999980926514,5.010000228881836,5.150000095367432,5.150000095367432,8200
2016-09-13,5.190000057220459,5.289999961853027,5.150000095367432,5.210000038146973,5.210000038146973,5200
2016-09-14,5.309999942779541,5.349999904632568,5.170000076293945,5.349999904632568,5.349999904632568,10400
2016-09-15,5.300000190734863,5.420000076293945,5.210000038146973,5.349999904632568,5.349999904632568,5400
2016-09-16,5.53000020980835,5.730000019073486,5.03000020980835,5.190000057220459,5.190000057220459,43100
2016-09-19,5.170000076293945,5.190000057220459,4.699999809265137,4.869999885559082,4.869999885559082,46600
2016-09-20,4.900000095367432,4.900000095367432,4.610000133514404,4.889999866485596,4.889999866485596,10600
2016-09-21,4.75,4.960000038146973,4.639999866485596,4.760000228881836,4.760000228881836,6900
2016-09-22,4.739999771118164,4.920000076293945,4.599999904632568,4.869999885559082,4.869999885559082,34200
2016-09-23,4.820000171661377,5.099999904632568,4.71999979019165,4.949999809265137,4.949999809265137,35700
2016-09-26,4.869999885559082,5.119999885559082,4.610000133514404,4.78000020980835,4.78000020980835,19900
2016-09-27,4.570000171661377,4.900000095367432,4.550000190734863,4.739999771118164,4.739999771118164,20900
2016-09-28,4.800000190734863,4.880000114440918,4.590000152587891,4.699999809265137,4.699999809265137,77800
2016-09-29,4.789999961853027,4.789999961853027,4.409999847412109,4.409999847412109,4.409999847412109,14600
2016-09-30,4.5,4.579999923706055,4.349999904632568,4.579999923706055,4.579999923706055,15800
2016-10-03,4.5,4.5,4.409999847412109,4.409999847412109,4.409999847412109,3900
2016-10-04,4.449999809265137,4.449999809265137,4.349999904632568,4.360000133514404,4.360000133514404,3800
2016-10-05,4.309999942779541,4.440000057220459,4.269999980926514,4.309999942779541,4.309999942779541,8300
2016-10-06,4.329999923706055,4.710000038146973,4.329999923706055,4.619999885559082,4.619999885559082,53700
2016-10-07,4.659999847412109,5.239999771118164,4.610000133514404,5.199999809265137,5.199999809265137,74900
2016-10-10,5.0,5.150000095367432,4.400000095367432,4.900000095367432,4.900000095367432,62700
2016-10-11,4.75,5.150000095367432,4.75,4.900000095367432,4.900000095367432,40500
2016-10-12,5.050000190734863,5.400000095367432,4.900000095367432,4.949999809265137,4.949999809265137,64300
2016-10-13,4.949999809265137,4.949999809265137,4.650000095367432,4.650000095367432,4.650000095367432,7300
2016-10-14,4.699999809265137,4.699999809265137,4.599999904632568,4.610000133514404,4.610000133514404,5600
2016-10-17,4.650000095367432,4.699999809265137,4.550000190734863,4.550000190734863,4.550000190734863,2300
2016-10-18,4.650000095367432,4.699999809265137,4.510000228881836,4.550000190734863,4.550000190734863,7100
2016-10-19,4.5,4.679999828338623,4.5,4.550000190734863,4.550000190734863,6700
2016-10-20,4.599999904632568,4.650000095367432,4.449999809265137,4.599999904632568,4.599999904632568,27700
2016-10-21,4.550000190734863,4.75,4.5,4.699999809265137,4.699999809265137,26900
2016-10-24,4.75,5.0,4.650000095367432,4.949999809265137,4.949999809265137,43600
2016-10-25,4.949999809265137,5.150000095367432,4.849999904632568,4.900000095367432,4.900000095367432,79400
2016-10-26,4.949999809265137,5.0,4.800000190734863,4.949999809265137,4.949999809265137,49700
2016-10-27,4.949999809265137,4.949999809265137,4.769999980926514,4.800000190734863,4.800000190734863,40900
2016-10-28,4.800000190734863,4.900000095367432,4.400000095367432,4.5,4.5,72800
2016-10-31,4.5,4.650000095367432,4.449999809265137,4.650000095367432,4.650000095367432,6000
2016-11-01,4.650000095367432,4.650000095367432,4.260000228881836,4.400000095367432,4.400000095367432,18200
2016-11-02,4.349999904632568,4.400000095367432,4.050000190734863,4.400000095367432,4.400000095367432,37000
2016-11-03,4.349999904632568,4.400000095367432,4.159999847412109,4.25,4.25,9700
2016-11-04,4.099999904632568,4.300000190734863,4.099999904632568,4.150000095367432,4.150000095367432,11900
2016-11-07,4.199999809265137,4.25,4.0,4.25,4.25,33200
2016-11-08,4.199999809265137,4.289999961853027,3.799999952316284,4.099999904632568,4.099999904632568,35100
2016-11-09,4.0,4.28000020980835,4.0,4.25,4.25,16900
2016-11-10,4.25,4.300000190734863,4.179999828338623,4.25,4.25,3400
2016-11-11,4.21999979019165,4.5,4.21999979019165,4.5,4.5,8400
2016-11-14,4.5,4.699999809265137,4.5,4.699999809265137,4.699999809265137,20700
2016-11-15,4.760000228881836,4.760000228881836,4.550000190734863,4.550000190734863,4.550000190734863,8600
2016-11-16,4.550000190734863,4.599999904632568,4.5,4.519999980926514,4.519999980926514,4900
2016-11-17,4.599999904632568,4.699999809265137,4.510000228881836,4.699999809265137,4.699999809265137,7900
2016-11-18,4.599999904632568,4.599999904632568,4.400000095367432,4.400000095367432,4.400000095367432,5200
2016-11-21,4.5,4.5,4.449999809265137,4.449999809265137,4.449999809265137,7000
2016-11-22,4.400000095367432,4.449999809265137,4.400000095367432,4.449999809265137,4.449999809265137,5700
2016-11-23,4.460000038146973,4.5,4.21999979019165,4.400000095367432,4.400000095367432,23300
2016-11-25,4.5,4.5,4.5,4.5,4.5,200
2016-11-28,4.550000190734863,4.550000190734863,4.309999942779541,4.449999809265137,4.449999809265137,10300
2016-11-29,4.269999980926514,4.429999828338623,4.25,4.25,4.25,6500
2016-11-30,4.25,4.400000095367432,4.25,4.300000190734863,4.300000190734863,3200
2016-12-01,4.400000095367432,4.460000038146973,4.349999904632568,4.400000095367432,4.400000095367432,3700
2016-12-02,4.349999904632568,4.400000095367432,4.349999904632568,4.400000095367432,4.400000095367432,2200
2016-12-05,4.400000095367432,4.449999809265137,4.349999904632568,4.400000095367432,4.400000095367432,10000
2016-12-06,4.349999904632568,4.449999809265137,4.349999904632568,4.429999828338623,4.429999828338623,2100
2016-12-07,4.449999809265137,4.449999809265137,4.349999904632568,4.349999904632568,4.349999904632568,4100
2016-12-08,4.449999809265137,4.650000095367432,4.449999809265137,4.449999809265137,4.449999809265137,16000
2016-12-09,4.559999942779541,4.730000019073486,4.400000095367432,4.480000019073486,4.480000019073486,10800
2016-12-12,4.349999904632568,4.670000076293945,4.25,4.599999904632568,4.599999904632568,14900
2016-12-13,4.650000095367432,4.650000095367432,4.650000095367432,4.650000095367432,4.650000095367432,300
2016-12-14,4.599999904632568,4.650000095367432,4.5,4.5,4.5,10700
2016-12-15,4.5,4.550000190734863,4.449999809265137,4.550000190734863,4.550000190734863,2500
2016-12-16,4.420000076293945,4.550000190734863,4.400000095367432,4.5,4.5,10000
2016-12-19,4.670000076293945,4.670000076293945,4.5,4.550000190734863,4.550000190734863,9200
2016-12-20,4.5,4.5,4.5,4.5,4.5,800
2016-12-21,4.650000095367432,4.75,4.599999904632568,4.650000095367432,4.650000095367432,8100
2016-12-22,4.699999809265137,4.71999979019165,4.650000095367432,4.650000095367432,4.650000095367432,7800
2016-12-23,4.699999809265137,5.0,4.650000095367432,4.849999904632568,4.849999904632568,10200
2016-12-27,4.75,5.0,4.75,5.0,5.0,10400
2016-12-28,5.050000190734863,5.349999904632568,5.0,5.260000228881836,5.260000228881836,16100
2016-12-29,5.300000190734863,5.300000190734863,4.599999904632568,4.650000095367432,4.650000095367432,19200
2016-12-30,4.75,4.820000171661377,4.5,4.699999809265137,4.699999809265137,21100
2017-01-03,4.960000038146973,5.050000190734863,4.949999809265137,5.0,5.0,4800
2017-01-04,5.099999904632568,5.349999904632568,5.050000190734863,5.150000095367432,5.150000095367432,15500
2017-01-05,5.449999809265137,5.449999809265137,5.150000095367432,5.150000095367432,5.150000095367432,12800
2017-01-06,5.25,5.5,5.25,5.349999904632568,5.349999904632568,11800
2017-01-09,5.349999904632568,5.449999809265137,5.349999904632568,5.400000095367432,5.400000095367432,10500
2017-01-10,5.349999904632568,5.480000019073486,5.300000190734863,5.349999904632568,5.349999904632568,13000
2017-01-11,5.300000190734863,5.5,5.25,5.5,5.5,10900
2017-01-12,5.440000057220459,5.5,5.349999904632568,5.5,5.5,25000
2017-01-13,5.5,5.610000133514404,5.369999885559082,5.599999904632568,5.599999904632568,15600
2017-01-17,5.5,5.53000020980835,5.349999904632568,5.400000095367432,5.400000095367432,5000
2017-01-18,5.300000190734863,5.550000190734863,5.050000190734863,5.199999809265137,5.199999809265137,16200
2017-01-19,5.199999809265137,5.199999809265137,5.199999809265137,5.199999809265137,5.199999809265137,0
2017-01-20,5.199999809265137,5.199999809265137,5.099999904632568,5.099999904632568,5.099999904632568,5900
2017-01-23,5.0,5.150000095367432,5.0,5.150000095367432,5.150000095367432,11200
2017-01-24,5.150000095367432,5.150000095367432,5.0,5.099999904632568,5.099999904632568,9900
2017-01-25,5.039999961853027,5.150000095367432,5.0,5.050000190734863,5.050000190734863,4000
2017-01-26,5.050000190734863,5.150000095367432,5.050000190734863,5.099999904632568,5.099999904632568,2200
2017-01-27,5.150000095367432,5.400000095367432,5.099999904632568,5.329999923706055,5.329999923706055,9600
2017-01-30,5.25,5.25,5.150000095367432,5.25,5.25,4000
2017-01-31,5.25,5.300000190734863,5.150000095367432,5.25,5.25,6500
2017-02-01,5.150000095367432,5.199999809265137,5.150000095367432,5.150000095367432,5.150000095367432,12400
2017-02-02,5.199999809265137,5.25,5.099999904632568,5.25,5.25,13300
2017-02-03,5.449999809265137,5.449999809265137,5.199999809265137,5.400000095367432,5.400000095367432,12300
2017-02-06,5.400000095367432,5.400000095367432,5.25,5.25,5.25,1100
2017-02-07,5.050000190734863,5.409999847412109,5.050000190734863,5.400000095367432,5.400000095367432,2800
2017-02-08,5.5,5.5,5.340000152587891,5.5,5.5,13700
2017-02-09,5.5,5.5,5.170000076293945,5.449999809265137,5.449999809265137,9300
2017-02-10,5.099999904632568,5.150000095367432,4.800000190734863,4.900000095367432,4.900000095367432,65100
2017-02-13,4.900000095367432,5.130000114440918,4.800000190734863,5.099999904632568,5.099999904632568,13000
2017-02-14,5.050000190734863,5.400000095367432,5.050000190734863,5.300000190734863,5.300000190734863,11000
2017-02-15,5.25,5.25,5.150000095367432,5.199999809265137,5.199999809265137,2300
2017-02-16,5.199999809265137,5.349999904632568,5.199999809265137,5.300000190734863,5.300000190734863,8800
2017-02-17,5.199999809265137,5.199999809265137,5.099999904632568,5.099999904632568,5.099999904632568,5900
2017-02-21,5.150000095367432,5.150000095367432,5.0,5.0,5.0,18800
2017-02-22,5.050000190734863,5.050000190734863,5.0,5.0,5.0,6000
2017-02-23,5.0,5.050000190734863,4.849999904632568,5.050000190734863,5.050000190734863,44100
2017-02-24,5.0,5.050000190734863,4.949999809265137,5.0,5.0,45100
2017-02-27,5.050000190734863,5.050000190734863,4.769999980926514,5.050000190734863,5.050000190734863,18000
2017-02-28,5.099999904632568,5.099999904632568,4.949999809265137,5.0,5.0,900
2017-03-01,5.0,5.050000190734863,4.949999809265137,5.0,5.0,19900
2017-03-02,4.949999809265137,5.050000190734863,4.949999809265137,5.050000190734863,5.050000190734863,6700
2017-03-03,5.0,5.050000190734863,4.949999809265137,5.050000190734863,5.050000190734863,11600
2017-03-06,4.960000038146973,5.010000228881836,4.960000038146973,5.0,5.0,3000
2017-03-07,4.949999809265137,4.949999809265137,4.949999809265137,4.949999809265137,4.949999809265137,200
2017-03-08,4.860000133514404,4.949999809265137,4.849999904632568,4.949999809265137,4.949999809265137,5800
2017-03-09,4.900000095367432,4.900000095367432,4.800000190734863,4.849999904632568,4.849999904632568,2800
2017-03-10,4.849999904632568,4.949999809265137,4.800000190734863,4.800000190734863,4.800000190734863,1200
2017-03-13,4.800000190734863,4.800000190734863,4.75,4.75,4.75,11800
2017-03-14,4.78000020980835,4.78000020980835,4.559999942779541,4.650000095367432,4.650000095367432,3300
2017-03-15,4.650000095367432,4.75,4.550000190734863,4.650000095367432,4.650000095367432,12700
2017-03-16,4.599999904632568,4.800000190734863,4.599999904632568,4.75,4.75,4100
2017-03-17,4.699999809265137,4.75,4.699999809265137,4.75,4.75,9700
2017-03-20,4.75,4.75,4.699999809265137,4.699999809265137,4.699999809265137,3800
2017-03-21,4.699999809265137,4.71999979019165,4.690000057220459,4.71999979019165,4.71999979019165,900
2017-03-22,4.550000190734863,4.659999847412109,4.539999961853027,4.599999904632568,4.599999904632568,13500
2017-03-23,4.659999847412109,4.699999809265137,4.650000095367432,4.699999809265137,4.699999809265137,5700
2017-03-24,4.699999809265137,4.699999809265137,4.639999866485596,4.650000095367432,4.650000095367432,1500
2017-03-27,4.550000190734863,4.650000095367432,4.550000190734863,4.650000095367432,4.650000095367432,2600
2017-03-28,4.599999904632568,4.650000095367432,4.599999904632568,4.619999885559082,4.619999885559082,1400
2017-03-29,4.599999904632568,4.699999809265137,4.550000190734863,4.699999809265137,4.699999809265137,29300
2017-03-30,4.699999809265137,4.900000095367432,4.550000190734863,4.550000190734863,4.550000190734863,28300
2017-03-31,4.599999904632568,4.599999904632568,4.599999904632568,4.599999904632568,4.599999904632568,400
2017-04-03,4.550000190734863,4.559999942779541,4.550000190734863,4.550000190734863,4.550000190734863,2600
2017-04-04,4.599999904632568,4.599999904632568,4.550000190734863,4.559999942779541,4.559999942779541,4200
2017-04-05,4.5,4.690000057220459,4.449999809265137,4.510000228881836,4.510000228881836,5400
2017-04-06,4.5,4.5,4.449999809265137,4.449999809265137,4.449999809265137,3700
2017-04-07,4.489999771118164,4.489999771118164,4.449999809265137,4.449999809265137,4.449999809265137,2200
2017-04-10,4.449999809265137,4.449999809265137,4.449999809265137,4.449999809265137,4.449999809265137,0
2017-04-11,4.400000095367432,4.489999771118164,4.300000190734863,4.300000190734863,4.300000190734863,11600
2017-04-12,4.300000190734863,4.449999809265137,4.300000190734863,4.449999809265137,4.449999809265137,800
2017-04-13,4.5,4.5,4.5,4.5,4.5,1800
2017-04-17,4.5,4.599999904632568,4.5,4.550000190734863,4.550000190734863,2700
2017-04-18,4.5,4.699999809265137,4.5,4.650000095367432,4.650000095367432,16300
2017-04-19,4.639999866485596,4.639999866485596,4.550000190734863,4.550000190734863,4.550000190734863,2100
2017-04-20,4.550000190734863,4.599999904632568,4.550000190734863,4.599999904632568,4.599999904632568,3600
2017-04-21,4.550000190734863,4.599999904632568,4.510000228881836,4.599999904632568,4.599999904632568,5200
2017-04-24,4.690000057220459,4.699999809265137,4.650000095367432,4.659999847412109,4.659999847412109,4600
2017-04-25,4.599999904632568,4.699999809265137,4.550000190734863,4.650000095367432,4.650000095367432,4800
2017-04-26,4.650000095367432,4.75,4.650000095367432,4.75,4.75,2300
2017-04-27,4.800000190734863,4.800000190734863,4.71999979019165,4.760000228881836,4.760000228881836,3900
2017-04-28,4.71999979019165,4.849999904632568,4.71999979019165,4.849999904632568,4.849999904632568,5000
2017-05-01,4.760000228881836,4.800000190734863,4.760000228881836,4.789999961853027,4.789999961853027,1600
2017-05-02,4.849999904632568,4.900000095367432,4.800000190734863,4.900000095367432,4.900000095367432,4500
2017-05-03,4.800000190734863,4.900000095367432,4.800000190734863,4.849999904632568,4.849999904632568,12700
2017-05-04,4.849999904632568,4.880000114440918,4.849999904632568,4.880000114440918,4.880000114440918,800
2017-05-05,5.0,5.0,4.900000095367432,4.900000095367432,4.900000095367432,11300
2017-05-08,4.900000095367432,4.949999809265137,4.849999904632568,4.900000095367432,4.900000095367432,7700
2017-05-09,4.75,4.949999809265137,4.75,4.949999809265137,4.949999809265137,500
2017-05-10,4.900000095367432,5.449999809265137,4.900000095367432,5.230000019073486,5.230000019073486,7700
2017-05-11,5.449999809265137,6.0,5.329999923706055,5.650000095367432,5.650000095367432,17600
2017-05-12,6.0,6.25,5.949999809265137,6.0,6.0,74700
2017-05-15,6.199999809265137,6.199999809265137,5.949999809265137,6.050000190734863,6.050000190734863,11600
2017-05-16,6.0,6.150000095367432,6.0,6.099999904632568,6.099999904632568,6300
2017-05-17,6.0,6.050000190734863,5.650000095367432,5.849999904632568,5.849999904632568,35400
2017-05-18,5.699999809265137,5.849999904632568,5.650000095367432,5.650000095367432,5.650000095367432,4000
2017-05-19,5.849999904632568,5.849999904632568,5.650000095367432,5.650000095367432,5.650000095367432,14000
2017-05-22,5.699999809265137,5.699999809265137,5.289999961853027,5.289999961853027,5.289999961853027,9900
2017-05-23,5.300000190734863,5.659999847412109,5.25,5.650000095367432,5.650000095367432,10900
2017-05-24,5.539999961853027,5.650000095367432,5.539999961853027,5.650000095367432,5.650000095367432,3400
2017-05-25,5.690000057220459,5.699999809265137,5.650000095367432,5.659999847412109,5.659999847412109,5500
2017-05-26,5.699999809265137,5.75,5.699999809265137,5.71999979019165,5.71999979019165,1800
2017-05-30,5.550000190734863,5.75,5.550000190734863,5.650000095367432,5.650000095367432,4300
2017-05-31,5.599999904632568,5.650000095367432,5.599999904632568,5.650000095367432,5.650000095367432,3300
2017-06-01,5.659999847412109,5.75,5.650000095367432,5.650000095367432,5.650000095367432,1500
2017-06-02,5.699999809265137,5.699999809265137,5.650000095367432,5.650000095367432,5.650000095367432,800
2017-06-05,5.710000038146973,6.099999904632568,5.710000038146973,6.0,6.0,10700
2017-06-06,6.0,6.0,5.590000152587891,5.599999904632568,5.599999904632568,7500
2017-06-07,5.579999923706055,5.599999904632568,5.579999923706055,5.599999904632568,5.599999904632568,4400
2017-06-08,5.550000190734863,5.590000152587891,5.409999847412109,5.5,5.5,6300
2017-06-09,5.550000190734863,5.849999904632568,5.550000190734863,5.849999904632568,5.849999904632568,13000
2017-06-12,5.849999904632568,6.0,5.599999904632568,5.75,5.75,8300
2017-06-13,5.75,5.809999942779541,5.599999904632568,5.650000095367432,5.650000095367432,13300
2017-06-14,5.699999809265137,5.699999809265137,5.599999904632568,5.619999885559082,5.619999885559082,1500
2017-06-15,5.650000095367432,5.800000190734863,5.5,5.5,5.5,9200
2017-06-16,5.199999809265137,5.369999885559082,5.130000114440918,5.369999885559082,5.369999885559082,5500
2017-06-19,5.400000095367432,5.449999809265137,5.300000190734863,5.400000095367432,5.400000095367432,16200
2017-06-20,5.449999809265137,5.449999809265137,5.449999809265137,5.449999809265137,5.449999809265137,4800
2017-06-21,5.550000190734863,5.650000095367432,5.5,5.650000095367432,5.650000095367432,5900
2017-06-22,5.550000190734863,5.800000190734863,5.550000190734863,5.75,5.75,6600
2017-06-23,5.599999904632568,5.650000095367432,5.599999904632568,5.650000095367432,5.650000095367432,400
2017-06-26,5.599999904632568,5.800000190734863,5.349999904632568,5.800000190734863,5.800000190734863,4500
2017-06-27,5.75,5.900000095367432,5.75,5.900000095367432,5.900000095367432,3700
2017-06-28,5.849999904632568,6.099999904632568,5.849999904632568,6.099999904632568,6.099999904632568,9500
2017-06-29,6.050000190734863,6.150000095367432,5.880000114440918,6.150000095367432,6.150000095367432,17100
2017-06-30,6.150000095367432,6.349999904632568,6.050000190734863,6.150000095367432,6.150000095367432,11400
2017-07-03,6.329999923706055,6.550000190734863,6.300000190734863,6.349999904632568,6.349999904632568,17900
2017-07-05,6.25,6.349999904632568,6.25,6.300000190734863,6.300000190734863,3900
2017-07-06,6.349999904632568,6.349999904632568,6.25,6.300000190734863,6.300000190734863,1300
2017-07-07,6.349999904632568,6.5,6.199999809265137,6.199999809265137,6.199999809265137,9200
2017-07-10,6.25,6.28000020980835,6.199999809265137,6.199999809265137,6.199999809265137,7500
2017-07-11,6.199999809265137,6.230000019073486,6.199999809265137,6.199999809265137,6.199999809265137,4400
2017-07-12,6.150000095367432,6.25,6.099999904632568,6.099999904632568,6.099999904632568,14700
2017-07-13,6.050000190734863,6.099999904632568,6.050000190734863,6.050000190734863,6.050000190734863,4800
2017-07-14,6.0,6.099999904632568,6.0,6.0,6.0,6400
2017-07-17,6.070000171661377,6.099999904632568,5.949999809265137,6.050000190734863,6.050000190734863,10300
2017-07-18,6.039999961853027,6.099999904632568,5.849999904632568,5.900000095367432,5.900000095367432,12200
2017-07-19,6.0,6.099999904632568,5.949999809265137,6.050000190734863,6.050000190734863,19200
2017-07-20,6.099999904632568,6.300000190734863,5.949999809265137,6.300000190734863,6.300000190734863,36100
2017-07-21,6.300000190734863,6.400000095367432,6.199999809265137,6.300000190734863,6.300000190734863,34200
2017-07-24,6.400000095367432,6.400000095367432,6.25,6.300000190734863,6.300000190734863,10300
2017-07-25,6.300000190734863,6.300000190734863,6.25,6.25,6.25,4600
2017-07-26,6.349999904632568,6.349999904632568,6.179999828338623,6.25,6.25,3400
2017-07-27,6.25,6.25,6.150000095367432,6.150000095367432,6.150000095367432,2500
2017-07-28,6.099999904632568,6.150000095367432,6.099999904632568,6.130000114440918,6.130000114440918,4700
2017-07-31,6.090000152587891,6.25,6.0,6.199999809265137,6.199999809265137,10500
2017-08-01,6.099999904632568,6.150000095367432,6.099999904632568,6.099999904632568,6.099999904632568,11900
2017-08-02,6.099999904632568,6.150000095367432,6.079999923706055,6.150000095367432,6.150000095367432,1600
2017-08-03,6.170000076293945,6.170000076293945,6.050000190734863,6.050000190734863,6.050000190734863,3900
2017-08-04,6.050000190734863,6.099999904632568,6.0,6.050000190734863,6.050000190734863,3700
2017-08-07,6.199999809265137,6.25,6.070000171661377,6.25,6.25,20600
2017-08-08,6.199999809265137,6.199999809265137,6.099999904632568,6.150000095367432,6.150000095367432,2000
2017-08-09,6.150000095367432,6.230000019073486,6.0,6.099999904632568,6.099999904632568,10100
2017-08-10,6.0,6.150000095367432,5.800000190734863,6.150000095367432,6.150000095367432,24600
2017-08-11,6.150000095367432,6.300000190734863,6.150000095367432,6.300000190734863,6.300000190734863,9100
2017-08-14,6.199999809265137,6.300000190734863,6.199999809265137,6.25,6.25,3000
2017-08-15,6.300000190734863,6.300000190734863,6.199999809265137,6.300000190734863,6.300000190734863,3400
2017-08-16,6.300000190734863,6.300000190734863,6.25,6.25,6.25,3100
2017-08-17,6.25,6.550000190734863,6.199999809265137,6.210000038146973,6.210000038146973,118000
2017-08-18,6.400000095367432,6.650000095367432,6.349999904632568,6.599999904632568,6.599999904632568,52000
2017-08-21,6.349999904632568,6.800000190734863,6.349999904632568,6.650000095367432,6.650000095367432,58000
2017-08-22,6.699999809265137,6.699999809265137,6.5,6.610000133514404,6.610000133514404,8200
2017-08-23,6.699999809265137,6.699999809265137,6.599999904632568,6.599999904632568,6.599999904632568,16000
2017-08-24,6.699999809265137,6.699999809265137,6.5,6.5,6.5,23800
2017-08-25,6.550000190734863,6.690000057220459,6.349999904632568,6.449999809265137,6.449999809265137,19900
2017-08-28,6.75,6.75,6.599999904632568,6.599999904632568,6.599999904632568,25500
2017-08-29,6.699999809265137,6.75,6.449999809265137,6.699999809265137,6.699999809265137,15500
2017-08-30,6.690000057220459,6.699999809265137,6.599999904632568,6.699999809265137,6.699999809265137,10500
2017-08-31,6.75,6.849999904632568,6.659999847412109,6.75,6.75,54100
2017-09-01,6.699999809265137,7.050000190734863,6.699999809265137,6.980000019073486,6.980000019073486,89800
2017-09-05,7.050000190734863,7.099999904632568,6.349999904632568,6.900000095367432,6.900000095367432,70300
2017-09-06,7.0,7.300000190734863,7.0,7.25,7.25,85900
2017-09-07,7.349999904632568,7.380000114440918,7.099999904632568,7.300000190734863,7.300000190734863,27300
2017-09-08,7.210000038146973,7.550000190734863,7.210000038146973,7.5,7.5,43400
2017-09-11,7.75,7.900000095367432,7.400000095367432,7.650000095367432,7.650000095367432,42700
2017-09-12,7.650000095367432,7.690000057220459,7.5,7.599999904632568,7.599999904632568,13900
2017-09-13,7.699999809265137,7.699999809265137,7.340000152587891,7.599999904632568,7.599999904632568,12900
2017-09-14,7.699999809265137,7.699999809265137,7.050000190734863,7.150000095367432,7.150000095367432,28800
2017-09-15,7.050000190734863,7.5,6.849999904632568,7.449999809265137,7.449999809265137,21200
2017-09-18,7.699999809265137,7.800000190734863,7.630000114440918,7.760000228881836,7.760000228881836,47600
2017-09-19,7.800000190734863,7.800000190734863,7.75,7.769999980926514,7.769999980926514,6400
2017-09-20,7.760000228881836,7.800000190734863,7.650000095367432,7.699999809265137,7.699999809265137,22000
2017-09-21,7.650000095367432,7.849999904632568,7.599999904632568,7.599999904632568,7.599999904632568,17100
2017-09-22,7.400000095367432,7.75,7.25,7.5,7.5,27300
2017-09-25,7.599999904632568,7.650000095367432,7.349999904632568,7.5,7.5,19000
2017-09-26,7.449999809265137,7.449999809265137,7.300000190734863,7.400000095367432,7.400000095367432,8600
2017-09-27,7.400000095367432,7.409999847412109,7.199999809265137,7.25,7.25,11300
2017-09-28,7.25,7.25,7.050000190734863,7.199999809265137,7.199999809265137,10400
2017-09-29,7.150000095367432,7.25,7.099999904632568,7.25,7.25,25300
2017-10-02,7.25,7.400000095367432,7.099999904632568,7.25,7.25,47800
2017-10-03,7.25,7.349999904632568,7.050000190734863,7.150000095367432,7.150000095367432,25000
2017-10-04,7.099999904632568,7.349999904632568,6.800000190734863,7.050000190734863,7.050000190734863,56300
2017-10-05,7.099999904632568,7.150000095367432,6.550000190734863,7.099999904632568,7.099999904632568,32700
2017-10-06,7.099999904632568,7.300000190734863,6.900000095367432,7.300000190734863,7.300000190734863,18200
2017-10-09,7.099999904632568,7.300000190734863,7.0,7.150000095367432,7.150000095367432,13700
2017-10-10,7.150000095367432,7.349999904632568,6.860000133514404,7.150000095367432,7.150000095367432,10300
2017-10-11,7.300000190734863,7.349999904632568,7.25,7.329999923706055,7.329999923706055,10300
2017-10-12,7.300000190734863,7.349999904632568,7.150000095367432,7.199999809265137,7.199999809265137,6700
2017-10-13,7.199999809265137,7.289999961853027,7.199999809265137,7.199999809265137,7.199999809265137,5500
2017-10-16,7.300000190734863,7.78000020980835,7.300000190734863,7.75,7.75,49500
2017-10-17,7.900000095367432,8.0,7.710000038146973,7.75,7.75,47900
2017-10-18,7.800000190734863,7.849999904632568,7.699999809265137,7.739999771118164,7.739999771118164,22200
2017-10-19,7.849999904632568,7.849999904632568,7.699999809265137,7.699999809265137,7.699999809265137,34200
2017-10-20,7.800000190734863,7.800000190734863,7.699999809265137,7.75,7.75,4800
2017-10-23,7.900000095367432,7.900000095367432,7.699999809265137,7.75,7.75,29300
2017-10-24,7.75,7.800000190734863,7.699999809265137,7.699999809265137,7.699999809265137,9100
2017-10-25,7.699999809265137,7.75,7.349999904632568,7.400000095367432,7.400000095367432,25000
2017-10-26,7.599999904632568,7.599999904632568,7.349999904632568,7.449999809265137,7.449999809265137,7500
2017-10-27,7.5,7.5,7.300000190734863,7.349999904632568,7.349999904632568,12000
2017-10-30,7.25,7.300000190734863,7.099999904632568,7.199999809265137,7.199999809265137,23900
2017-10-31,7.150000095367432,7.550000190734863,7.0,7.5,7.5,53800
2017-11-01,7.599999904632568,7.849999904632568,7.210000038146973,7.5,7.5,39600
2017-11-02,7.349999904632568,7.699999809265137,7.349999904632568,7.360000133514404,7.360000133514404,11200
2017-11-03,7.400000095367432,7.550000190734863,7.099999904632568,7.199999809265137,7.199999809265137,12600
2017-11-06,7.25,7.5,7.150000095367432,7.349999904632568,7.349999904632568,8500
2017-11-07,7.25,7.389999866485596,7.199999809265137,7.199999809265137,7.199999809265137,11800
2017-11-08,7.199999809265137,7.300000190734863,7.150000095367432,7.199999809265137,7.199999809265137,13600
2017-11-09,7.199999809265137,7.400000095367432,7.079999923706055,7.400000095367432,7.400000095367432,11300
2017-11-10,7.5,7.550000190734863,7.199999809265137,7.199999809265137,7.199999809265137,9900
2017-11-13,7.199999809265137,7.300000190734863,7.199999809265137,7.260000228881836,7.260000228881836,19600
2017-11-14,7.300000190734863,7.400000095367432,7.25,7.360000133514404,7.360000133514404,15600
2017-11-15,7.300000190734863,7.400000095367432,7.300000190734863,7.349999904632568,7.349999904632568,7300
2017-11-16,7.349999904632568,7.489999771118164,7.349999904632568,7.420000076293945,7.420000076293945,8100
2017-11-17,7.400000095367432,7.5,7.300000190734863,7.5,7.5,10200
2017-11-20,7.5,7.5,7.300000190734863,7.349999904632568,7.349999904632568,12100
2017-11-21,7.449999809265137,7.5,7.400000095367432,7.400000095367432,7.400000095367432,8400
2017-11-22,7.400000095367432,7.449999809265137,7.349999904632568,7.440000057220459,7.440000057220459,8000
2017-11-24,7.400000095367432,7.449999809265137,7.349999904632568,7.349999904632568,7.349999904632568,9400
2017-11-27,7.300000190734863,7.300000190734863,7.25,7.300000190734863,7.300000190734863,8400
2017-11-28,7.25,7.300000190734863,7.079999923706055,7.150000095367432,7.150000095367432,22500
2017-11-29,7.050000190734863,7.090000152587891,6.900000095367432,7.03000020980835,7.03000020980835,14800
2017-11-30,7.0,7.0,6.800000190734863,6.849999904632568,6.849999904632568,13400
2017-12-01,6.900000095367432,7.0,6.659999847412109,7.0,7.0,8500
2017-12-04,7.0,7.199999809265137,6.760000228881836,6.849999904632568,6.849999904632568,14100
2017-12-05,6.900000095367432,7.150000095367432,6.75,7.050000190734863,7.050000190734863,10800
2017-12-06,7.119999885559082,7.119999885559082,6.929999828338623,7.050000190734863,7.050000190734863,11400
2017-12-07,6.96999979019165,7.050000190734863,6.75,7.0,7.0,9400
2017-12-08,6.900000095367432,6.949999809265137,6.75,6.929999828338623,6.929999828338623,7300
2017-12-11,6.900000095367432,7.099999904632568,6.760000228881836,7.0,7.0,8300
2017-12-12,7.0,7.0,6.949999809265137,6.949999809265137,6.949999809265137,5600
2017-12-13,6.949999809265137,7.25,6.949999809265137,7.050000190734863,7.050000190734863,31800
2017-12-14,7.150000095367432,7.25,6.849999904632568,7.0,7.0,15800
2017-12-15,6.949999809265137,7.050000190734863,6.949999809265137,7.050000190734863,7.050000190734863,3100
2017-12-18,7.0,7.099999904632568,6.800000190734863,6.849999904632568,6.849999904632568,12200
2017-12-19,7.0,7.050000190734863,6.900000095367432,6.900000095367432,6.900000095367432,5200
2017-12-20,6.949999809265137,7.349999904632568,6.949999809265137,7.050000190734863,7.050000190734863,5200
2017-12-21,7.050000190734863,7.050000190734863,6.849999904632568,6.900000095367432,6.900000095367432,3400
2017-12-22,7.050000190734863,7.199999809265137,6.849999904632568,6.949999809265137,6.949999809265137,12000
2017-12-26,6.949999809265137,6.949999809265137,6.900000095367432,6.949999809265137,6.949999809265137,5000
2017-12-27,6.849999904632568,6.949999809265137,6.800000190734863,6.949999809265137,6.949999809265137,4400
2017-12-28,6.949999809265137,7.25,6.949999809265137,7.099999904632568,7.099999904632568,12300
2017-12-29,7.150000095367432,7.309999942779541,6.699999809265137,6.800000190734863,6.800000190734863,31000
2018-01-02,6.800000190734863,6.800000190734863,6.449999809265137,6.800000190734863,6.800000190734863,33000
2018-01-03,6.800000190734863,7.199999809265137,6.710000038146973,7.199999809265137,7.199999809265137,19300
2018-01-04,7.010000228881836,7.150000095367432,6.900000095367432,7.150000095367432,7.150000095367432,12000
2018-01-05,7.150000095367432,7.150000095367432,7.099999904632568,7.099999904632568,7.099999904632568,4300
2018-01-08,7.099999904632568,7.099999904632568,6.610000133514404,6.949999809265137,6.949999809265137,6200
2018-01-09,7.0,7.150000095367432,6.909999847412109,7.150000095367432,7.150000095367432,7000
2018-01-10,7.059999942779541,7.150000095367432,6.949999809265137,7.099999904632568,7.099999904632568,4100
2018-01-11,7.0,7.150000095367432,6.900000095367432,7.150000095367432,7.150000095367432,6500
2018-01-12,7.150000095367432,7.150000095367432,7.050000190734863,7.150000095367432,7.150000095367432,4600
2018-01-16,7.150000095367432,7.199999809265137,6.610000133514404,7.099999904632568,7.099999904632568,14100
2018-01-17,6.949999809265137,7.0,6.849999904632568,7.0,7.0,3500
2018-01-18,6.900000095367432,7.059999942779541,6.900000095367432,7.0,7.0,8500
2018-01-19,6.900000095367432,7.099999904632568,6.900000095367432,7.099999904632568,7.099999904632568,5700
2018-01-22,7.0,7.099999904632568,6.900000095367432,7.099999904632568,7.099999904632568,11600
2018-01-23,7.0,7.0,6.809999942779541,6.949999809265137,6.949999809265137,6600
2018-01-24,6.900000095367432,6.949999809265137,6.809999942779541,6.880000114440918,6.880000114440918,2100
2018-01-25,6.829999923706055,6.869999885559082,6.820000171661377,6.860000133514404,6.860000133514404,6600
2018-01-26,6.860000133514404,6.949999809265137,6.829999923706055,6.949999809265137,6.949999809265137,3600
2018-01-29,6.849999904632568,6.949999809265137,6.849999904632568,6.849999904632568,6.849999904632568,3700
2018-01-30,6.849999904632568,6.849999904632568,6.699999809265137,6.75,6.75,4700
2018-01-31,6.75,6.849999904632568,6.699999809265137,6.75,6.75,12300
2018-02-01,6.699999809265137,6.710000038146973,6.630000114440918,6.650000095367432,6.650000095367432,7500
2018-02-02,6.550000190734863,6.699999809265137,6.400000095367432,6.400000095367432,6.400000095367432,23400
2018-02-05,6.349999904632568,6.380000114440918,6.300000190734863,6.349999904632568,6.349999904632568,10700
2018-02-06,6.25,6.550000190734863,6.25,6.5,6.5,10300
2018-02-07,6.519999980926514,6.949999809265137,6.480000019073486,6.849999904632568,6.849999904632568,13100
2018-02-08,6.75,6.800000190734863,6.650000095367432,6.75,6.75,8000
2018-02-09,6.949999809265137,7.0,6.650000095367432,6.800000190734863,6.800000190734863,24000
2018-02-12,6.75,7.050000190734863,6.699999809265137,6.949999809265137,6.949999809265137,15300
2018-02-13,7.0,7.099999904632568,6.949999809265137,6.949999809265137,6.949999809265137,6000
2018-02-14,6.949999809265137,7.0,6.75,6.75,6.75,8200
2018-02-15,6.800000190734863,7.099999904632568,6.800000190734863,7.0,7.0,7500
2018-02-16,7.050000190734863,7.099999904632568,7.0,7.0,7.0,2600
2018-02-20,6.900000095367432,7.0,6.449999809265137,6.800000190734863,6.800000190734863,25400
2018-02-21,6.849999904632568,6.949999809265137,6.849999904632568,6.949999809265137,6.949999809265137,4000
2018-02-22,6.949999809265137,6.949999809265137,6.78000020980835,6.800000190734863,6.800000190734863,2300
2018-02-23,6.900000095367432,7.050000190734863,6.900000095367432,7.0,7.0,11000
2018-02-26,6.949999809265137,6.949999809265137,6.75,6.800000190734863,6.800000190734863,17800
2018-02-27,6.849999904632568,6.900000095367432,6.75,6.800000190734863,6.800000190734863,5100
2018-02-28,6.849999904632568,6.849999904632568,6.789999961853027,6.800000190734863,6.800000190734863,3700
2018-03-01,6.900000095367432,6.900000095367432,6.75,6.75,6.75,3000
2018-03-02,6.75,6.75,6.650000095367432,6.650000095367432,6.650000095367432,10000
2018-03-05,6.699999809265137,7.0,6.699999809265137,6.75,6.75,5600
2018-03-06,6.699999809265137,6.900000095367432,6.699999809265137,6.800000190734863,6.800000190734863,7000
2018-03-07,6.75,6.949999809265137,6.710000038146973,6.849999904632568,6.849999904632568,5500
2018-03-08,6.849999904632568,6.900000095367432,6.849999904632568,6.849999904632568,6.849999904632568,6800
2018-03-09,6.900000095367432,7.0,6.889999866485596,7.0,7.0,11900
2018-03-12,7.0,7.010000228881836,6.849999904632568,7.0,7.0,9700
2018-03-13,7.0,7.0,6.849999904632568,6.849999904632568,6.849999904632568,3700
2018-03-14,6.849999904632568,6.949999809265137,6.849999904632568,6.900000095367432,6.900000095367432,2100
2018-03-15,6.900000095367432,6.900000095367432,6.849999904632568,6.860000133514404,6.860000133514404,6700
2018-03-16,6.900000095367432,7.050000190734863,6.900000095367432,7.050000190734863,7.050000190734863,5500
2018-03-19,6.900000095367432,7.03000020980835,6.900000095367432,6.949999809265137,6.949999809265137,5900
2018-03-20,6.900000095367432,6.949999809265137,6.900000095367432,6.909999847412109,6.909999847412109,3400
2018-03-21,6.949999809265137,7.0,6.949999809265137,6.960000038146973,6.960000038146973,12300
2018-03-22,6.989999771118164,7.0,6.960000038146973,6.989999771118164,6.989999771118164,5100
2018-03-23,6.980000019073486,7.0,6.900000095367432,6.900000095367432,6.900000095367432,5600
2018-03-26,6.849999904632568,7.0,6.849999904632568,6.900000095367432,6.900000095367432,1100
2018-03-27,6.900000095367432,6.949999809265137,6.900000095367432,6.949999809265137,6.949999809265137,1500
2018-03-28,6.949999809265137,6.949999809265137,6.900000095367432,6.900000095367432,6.900000095367432,1200
2018-03-29,6.900000095367432,7.0,6.849999904632568,6.849999904632568,6.849999904632568,6900
2018-04-02,6.800000190734863,6.820000171661377,6.650000095367432,6.75,6.75,8000
2018-04-03,6.800000190734863,6.849999904632568,6.75,6.849999904632568,6.849999904632568,1400
2018-04-04,6.699999809265137,6.900000095367432,6.650000095367432,6.900000095367432,6.900000095367432,10400
2018-04-05,7.0,7.0,6.849999904632568,6.940000057220459,6.940000057220459,2600
2018-04-06,7.0,7.0,6.769999980926514,6.849999904632568,6.849999904632568,20500
2018-04-09,6.949999809265137,7.0,6.900000095367432,6.960000038146973,6.960000038146973,7300
2018-04-10,6.949999809265137,7.050000190734863,6.829999923706055,7.0,7.0,3000
2018-04-11,6.820000171661377,7.0,6.820000171661377,6.96999979019165,6.96999979019165,3300
2018-04-12,7.0,7.0,6.949999809265137,6.949999809265137,6.949999809265137,2500
2018-04-13,6.900000095367432,7.050000190734863,6.75,7.0,7.0,4600
2018-04-16,7.050000190734863,7.099999904632568,6.800000190734863,6.949999809265137,6.949999809265137,16600
2018-04-17,6.900000095367432,6.900000095367432,6.820000171661377,6.880000114440918,6.880000114440918,3500
2018-04-18,6.900000095367432,6.920000076293945,6.880000114440918,6.880000114440918,6.880000114440918,2000
2018-04-19,6.949999809265137,6.949999809265137,6.849999904632568,6.880000114440918,6.880000114440918,3900
2018-04-20,6.849999904632568,6.849999904632568,6.849999904632568,6.849999904632568,6.849999904632568,3400
2018-04-23,6.800000190734863,6.849999904632568,6.75,6.849999904632568,6.849999904632568,6700
2018-04-24,6.849999904632568,6.849999904632568,6.75,6.800000190734863,6.800000190734863,1900
2018-04-25,6.849999904632568,6.849999904632568,6.599999904632568,6.800000190734863,6.800000190734863,5800
2018-04-26,6.71999979019165,6.78000020980835,6.71999979019165,6.78000020980835,6.78000020980835,600
2018-04-27,6.75,6.75,6.699999809265137,6.699999809265137,6.699999809265137,3700
2018-04-30,6.75,6.75,6.699999809265137,6.75,6.75,2300
2018-05-01,6.75,6.75,6.75,6.75,6.75,400
2018-05-02,6.75,6.78000020980835,6.659999847412109,6.78000020980835,6.78000020980835,1600
2018-05-03,6.800000190734863,6.96999979019165,6.800000190734863,6.849999904632568,6.849999904632568,11200
2018-05-04,6.829999923706055,6.849999904632568,6.800000190734863,6.800000190734863,6.800000190734863,600
2018-05-07,6.829999923706055,7.0,6.829999923706055,6.949999809265137,6.949999809265137,5600
2018-05-08,6.949999809265137,6.949999809265137,6.849999904632568,6.849999904632568,6.849999904632568,4300
2018-05-09,6.900000095367432,6.900000095367432,6.849999904632568,6.849999904632568,6.849999904632568,2400
2018-05-10,6.900000095367432,7.0,6.849999904632568,6.949999809265137,6.949999809265137,5300
2018-05-11,6.800000190734863,6.880000114440918,6.800000190734863,6.880000114440918,6.880000114440918,11600
2018-05-14,6.800000190734863,6.800000190734863,6.699999809265137,6.800000190734863,6.800000190734863,20900
2018-05-15,6.699999809265137,6.75,6.599999904632568,6.650000095367432,6.650000095367432,5400
2018-05-16,6.650000095367432,6.699999809265137,6.5,6.599999904632568,6.599999904632568,10100
2018-05-17,6.610000133514404,6.690000057220459,6.599999904632568,6.650000095367432,6.650000095367432,2500
2018-05-18,6.650000095367432,6.650000095367432,6.650000095367432,6.650000095367432,6.650000095367432,2300
2018-05-21,6.650000095367432,6.699999809265137,6.650000095367432,6.650000095367432,6.650000095367432,11700
2018-05-22,6.659999847412109,6.699999809265137,6.659999847412109,6.659999847412109,6.659999847412109,2500
2018-05-23,6.650000095367432,6.650000095367432,6.5,6.5,6.5,5200
2018-05-24,6.53000020980835,6.599999904632568,6.510000228881836,6.599999904632568,6.599999904632568,2900
2018-05-25,6.599999904632568,6.599999904632568,6.550000190734863,6.550000190734863,6.550000190734863,4600
2018-05-29,6.510000228881836,6.599999904632568,6.5,6.599999904632568,6.599999904632568,2700
2018-05-30,6.599999904632568,6.699999809265137,6.550000190734863,6.550000190734863,6.550000190734863,8400
2018-05-31,6.550000190734863,6.699999809265137,6.5,6.699999809265137,6.699999809265137,6200
2018-06-01,6.619999885559082,6.699999809265137,6.599999904632568,6.699999809265137,6.699999809265137,4500
2018-06-04,6.699999809265137,6.699999809265137,6.5,6.579999923706055,6.579999923706055,5200
2018-06-05,6.599999904632568,6.599999904632568,6.550000190734863,6.550000190734863,6.550000190734863,5900
2018-06-06,6.5,6.550000190734863,6.050000190734863,6.349999904632568,6.349999904632568,26700
2018-06-07,6.300000190734863,6.300000190734863,6.199999809265137,6.300000190734863,6.300000190734863,15500
2018-06-08,6.349999904632568,6.349999904632568,6.289999961853027,6.349999904632568,6.349999904632568,7900
2018-06-11,6.289999961853027,6.329999923706055,6.25,6.329999923706055,6.329999923706055,8400
2018-06-12,6.25,6.300000190734863,6.25,6.28000020980835,6.28000020980835,16600
2018-06-13,6.230000019073486,6.300000190734863,6.199999809265137,6.300000190734863,6.300000190734863,5400
2018-06-14,6.099999904632568,6.25,6.099999904632568,6.25,6.25,13100
2018-06-15,6.150000095367432,6.400000095367432,6.150000095367432,6.400000095367432,6.400000095367432,7400
2018-06-18,6.25,6.400000095367432,6.25,6.400000095367432,6.400000095367432,5300
2018-06-19,6.400000095367432,6.5,6.380000114440918,6.449999809265137,6.449999809265137,4900
2018-06-20,6.5,6.699999809265137,6.5,6.639999866485596,6.639999866485596,13400
2018-06-21,6.75,6.75,6.539999961853027,6.570000171661377,6.570000171661377,2500
2018-06-22,6.619999885559082,6.650000095367432,6.599999904632568,6.599999904632568,6.599999904632568,3800
2018-06-25,6.550000190734863,6.699999809265137,6.550000190734863,6.650000095367432,6.650000095367432,10900
2018-06-26,6.570000171661377,6.599999904632568,6.559999942779541,6.599999904632568,6.599999904632568,2000
2018-06-27,6.599999904632568,6.599999904632568,6.599999904632568,6.599999904632568,6.599999904632568,0
2018-06-28,6.650000095367432,6.650000095367432,6.550000190734863,6.650000095367432,6.650000095367432,1400
2018-06-29,6.599999904632568,6.650000095367432,6.599999904632568,6.650000095367432,6.650000095367432,700
2018-07-02,6.630000114440918,6.639999866485596,6.550000190734863,6.599999904632568,6.599999904632568,5500
2018-07-03,6.5,6.599999904632568,6.5,6.599999904632568,6.599999904632568,1100
2018-07-05,6.699999809265137,6.699999809265137,6.599999904632568,6.599999904632568,6.599999904632568,2800
2018-07-06,6.650000095367432,6.699999809265137,6.650000095367432,6.659999847412109,6.659999847412109,4200
2018-07-09,6.659999847412109,6.690000057220459,6.650000095367432,6.670000076293945,6.670000076293945,3800
2018-07-10,6.670000076293945,6.679999828338623,6.650000095367432,6.650000095367432,6.650000095367432,2400
2018-07-11,6.650000095367432,6.679999828338623,6.650000095367432,6.679999828338623,6.679999828338623,800
2018-07-12,6.699999809265137,6.75,6.650000095367432,6.650000095367432,6.650000095367432,2700
2018-07-13,6.639999866485596,6.639999866485596,6.639999866485596,6.639999866485596,6.639999866485596,400
2018-07-16,6.650000095367432,6.75,6.650000095367432,6.650000095367432,6.650000095367432,2100
2018-07-17,6.710000038146973,6.71999979019165,6.710000038146973,6.71999979019165,6.71999979019165,700
2018-07-18,6.699999809265137,6.730000019073486,6.699999809265137,6.699999809265137,6.699999809265137,1200
2018-07-19,6.75,6.75,6.75,6.75,6.75,1000
2018-07-20,6.739999771118164,6.739999771118164,6.739999771118164,6.739999771118164,6.739999771118164,100
2018-07-23,6.75,6.75,6.699999809265137,6.699999809265137,6.699999809265137,400
2018-07-24,6.75,6.75,6.599999904632568,6.599999904632568,6.599999904632568,800
2018-07-25,6.599999904632568,6.599999904632568,6.400000095367432,6.5,6.5,5000
2018-07-26,6.5,6.5,6.460000038146973,6.460000038146973,6.460000038146973,5900
2018-07-27,6.489999771118164,6.489999771118164,6.489999771118164,6.489999771118164,6.489999771118164,400
2018-07-30,6.449999809265137,6.5,6.329999923706055,6.329999923706055,6.329999923706055,2700
2018-07-31,6.309999942779541,6.349999904632568,6.199999809265137,6.199999809265137,6.199999809265137,9500
2018-08-01,6.300000190734863,6.400000095367432,6.25,6.400000095367432,6.400000095367432,2000
2018-08-02,6.349999904632568,6.349999904632568,6.150000095367432,6.239999771118164,6.239999771118164,4800
2018-08-03,6.190000057220459,6.300000190734863,6.190000057220459,6.25,6.25,7400
2018-08-06,6.25,6.389999866485596,6.25,6.300000190734863,6.300000190734863,17000
2018-08-07,6.300000190734863,6.360000133514404,6.300000190734863,6.360000133514404,6.360000133514404,2000
2018-08-08,6.400000095367432,6.599999904632568,6.340000152587891,6.349999904632568,6.349999904632568,13200
2018-08-09,6.349999904632568,6.699999809265137,6.349999904632568,6.650000095367432,6.650000095367432,6400
2018-08-10,6.699999809265137,6.949999809265137,6.670000076293945,6.699999809265137,6.699999809265137,30100
2018-08-13,6.550000190734863,6.559999942779541,6.550000190734863,6.559999942779541,6.559999942779541,400
2018-08-14,6.650000095367432,6.699999809265137,6.550000190734863,6.550000190734863,6.550000190734863,16800
2018-08-15,6.690000057220459,6.699999809265137,6.650000095367432,6.650000095367432,6.650000095367432,17500
2018-08-16,6.699999809265137,6.730000019073486,6.630000114440918,6.699999809265137,6.699999809265137,30300
2018-08-17,6.699999809265137,6.699999809265137,6.599999904632568,6.599999904632568,6.599999904632568,2500
2018-08-20,6.75,6.929999828338623,6.75,6.900000095367432,6.900000095367432,8100
2018-08-21,6.949999809265137,6.960000038146973,6.599999904632568,6.800000190734863,6.800000190734863,4800
2018-08-22,6.949999809265137,7.099999904632568,6.949999809265137,7.050000190734863,7.050000190734863,9100
2018-08-23,7.150000095367432,7.25,7.0,7.0,7.0,14500
2018-08-24,7.0,7.25,7.0,7.199999809265137,7.199999809265137,7200
2018-08-27,7.25,7.300000190734863,7.150000095367432,7.150000095367432,7.150000095367432,1700
2018-08-28,7.300000190734863,7.349999904632568,7.25,7.25,7.25,2900
2018-08-29,7.150000095367432,7.150000095367432,7.050000190734863,7.050000190734863,7.050000190734863,3800
2018-08-30,7.199999809265137,7.199999809265137,7.099999904632568,7.099999904632568,7.099999904632568,4300
2018-08-31,7.400000095367432,9.25,7.400000095367432,8.949999809265137,8.949999809265137,147600
2018-09-04,9.100000381469728,9.600000381469728,8.960000038146973,9.350000381469728,9.350000381469728,80600
2018-09-05,9.300000190734863,11.0,9.149999618530272,9.800000190734863,9.800000190734863,59000
2018-09-06,9.75,10.600000381469728,9.670000076293944,10.0,10.0,46000
2018-09-07,10.0,10.300000190734863,9.75,9.75,9.75,32200
2018-09-10,9.800000190734863,10.399999618530272,9.449999809265137,9.449999809265137,9.449999809265137,32200
2018-09-11,9.399999618530272,10.100000381469728,9.119999885559082,9.5,9.5,28900
2018-09-12,9.550000190734863,10.100000381469728,9.550000190734863,9.899999618530272,9.899999618530272,20500
2018-09-13,9.949999809265137,10.390000343322754,9.949999809265137,10.199999809265137,10.199999809265137,58900
2018-09-14,10.199999809265137,10.5,10.119999885559082,10.300000190734863,10.300000190734863,31200
2018-09-17,10.350000381469728,11.850000381469728,10.350000381469728,11.699999809265137,11.699999809265137,79500
2018-09-18,11.699999809265137,12.699999809265137,11.699999809265137,12.449999809265137,12.449999809265137,153200
2018-09-19,13.0,13.0,11.25,11.699999809265137,11.699999809265137,105500
2018-09-20,11.800000190734863,12.93000030517578,11.800000190734863,12.449999809265137,12.449999809265137,41900
2018-09-21,12.550000190734863,12.800000190734863,11.510000228881836,12.649999618530272,12.649999618530272,55100
2018-09-24,12.699999809265137,13.399999618530272,12.25,12.25,12.25,38500
2018-09-25,11.949999809265137,12.699999809265137,11.350000381469728,12.449999809265137,12.449999809265137,52700
2018-09-26,12.300000190734863,12.300000190734863,11.199999809265137,11.199999809265137,11.199999809265137,33800
2018-09-27,11.100000381469728,11.850000381469728,10.699999809265137,11.300000190734863,11.300000190734863,32700
2018-09-28,11.199999809265137,11.199999809265137,10.0,10.399999618530272,10.399999618530272,20800
2018-10-01,9.789999961853027,10.4399995803833,9.65999984741211,10.300000190734863,10.300000190734863,32800
2018-10-02,10.18000030517578,10.5,10.109999656677246,10.109999656677246,10.109999656677246,9400
2018-10-03,10.0,10.75,9.9399995803833,10.119999885559082,10.119999885559082,15200
2018-10-04,10.18000030517578,10.65999984741211,10.119999885559082,10.65999984741211,10.65999984741211,13200
2018-10-05,10.5600004196167,10.5600004196167,10.06999969482422,10.079999923706056,10.079999923706056,4000
2018-10-08,9.979999542236328,10.029999732971191,9.220000267028809,9.399999618530272,9.399999618530272,22800
2018-10-09,9.390000343322754,9.93000030517578,9.199999809265137,9.84000015258789,9.84000015258789,7000
2018-10-10,9.5,9.880000114440918,8.979999542236328,9.0,9.0,20800
2018-10-11,9.43000030517578,9.43000030517578,8.989999771118164,8.989999771118164,8.989999771118164,12000
2018-10-12,8.979999542236328,9.600000381469728,8.979999542236328,9.600000381469728,9.600000381469728,3400
2018-10-15,9.600000381469728,10.229999542236328,9.600000381469728,10.050000190734863,10.050000190734863,10100
2018-10-16,9.869999885559082,9.869999885559082,9.369999885559082,9.829999923706056,9.829999923706056,11700
2018-10-17,9.630000114440918,9.739999771118164,9.630000114440918,9.739999771118164,9.739999771118164,2100
2018-10-18,9.770000457763672,9.899999618530272,9.770000457763672,9.84000015258789,9.84000015258789,2200
2018-10-19,9.850000381469728,10.039999961853027,9.329999923706056,9.510000228881836,9.510000228881836,11500
2018-10-22,9.350000381469728,9.600000381469728,9.350000381469728,9.520000457763672,9.520000457763672,10000
2018-10-23,9.43000030517578,9.460000038146973,8.979999542236328,9.149999618530272,9.149999618530272,13900
2018-10-24,8.979999542236328,9.539999961853027,8.979999542236328,9.210000038146973,9.210000038146973,8000
2018-10-25,9.25,9.25,8.979999542236328,8.979999542236328,8.979999542236328,600
2018-10-26,8.979999542236328,9.020000457763672,8.010000228881836,8.819999694824219,8.819999694824219,5600
2018-10-29,8.760000228881836,9.300000190734863,8.760000228881836,9.010000228881836,9.010000228881836,7700
2018-10-30,9.06999969482422,9.09000015258789,8.960000038146973,9.0,9.0,6300
2018-10-31,9.010000228881836,9.59000015258789,8.800000190734863,8.800000190734863,8.800000190734863,6300
2018-11-01,9.399999618530272,9.600000381469728,9.399999618530272,9.600000381469728,9.600000381469728,3000
2018-11-02,9.600000381469728,9.699999809265137,9.600000381469728,9.600000381469728,9.600000381469728,2300
2018-11-05,9.460000038146973,9.489999771118164,9.25,9.25,9.25,2300
2018-11-06,9.010000228881836,9.5,9.010000228881836,9.119999885559082,9.119999885559082,2200
2018-11-07,9.600000381469728,9.75,9.100000381469728,9.18000030517578,9.18000030517578,23500
2018-11-08,9.300000190734863,9.300000190734863,9.300000190734863,9.300000190734863,9.300000190734863,16200
2018-11-09,11.199999809265137,12.5,11.149999618530272,12.079999923706056,12.079999923706056,174200
2018-11-12,12.289999961853027,12.979999542236328,12.06999969482422,12.550000190734863,12.550000190734863,81800
2018-11-13,12.600000381469728,14.350000381469728,12.5600004196167,13.56999969482422,13.56999969482422,102700
2018-11-14,13.3100004196167,14.239999771118164,13.300000190734863,13.81999969482422,13.81999969482422,48600
2018-11-15,14.0,14.720000267028809,13.770000457763672,14.100000381469728,14.100000381469728,61900
2018-11-16,14.0600004196167,16.0,13.899999618530272,14.399999618530272,14.399999618530272,175700
2018-11-19,14.5,15.479999542236328,13.899999618530272,14.199999809265137,14.199999809265137,93500
2018-11-20,14.06999969482422,14.279999732971191,13.050000190734863,13.890000343322754,13.890000343322754,62600
2018-11-21,13.710000038146973,14.100000381469728,13.649999618530272,13.84000015258789,13.84000015258789,56300
2018-11-23,13.859999656677246,14.90999984741211,13.800000190734863,13.800000190734863,13.800000190734863,62900
2018-11-26,13.850000381469728,14.800000190734863,13.850000381469728,14.4399995803833,14.4399995803833,58100
2018-11-27,14.199999809265137,14.640000343322754,13.600000381469728,14.279999732971191,14.279999732971191,50900
2018-11-28,14.079999923706056,14.640000343322754,13.800000190734863,14.31999969482422,14.31999969482422,52700
2018-11-29,14.1899995803833,14.779999732971191,13.75,14.449999809265137,14.449999809265137,76500
2018-11-30,14.4399995803833,14.949999809265137,14.050000190734863,14.600000381469728,14.600000381469728,79800
2018-12-03,14.649999618530272,14.90999984741211,14.199999809265137,14.399999618530272,14.399999618530272,46200
2018-12-04,14.470000267028809,14.84000015258789,14.279999732971191,14.489999771118164,14.489999771118164,20500
2018-12-06,14.210000038146973,14.479999542236328,13.949999809265137,14.15999984741211,14.15999984741211,36200
2018-12-07,14.15999984741211,14.539999961853027,13.880000114440918,14.0600004196167,14.0600004196167,33500
2018-12-10,14.010000228881836,14.539999961853027,13.720000267028809,13.770000457763672,13.770000457763672,26900
2018-12-11,14.079999923706056,14.109999656677246,13.449999809265137,13.699999809265137,13.699999809265137,18300
2018-12-12,13.68000030517578,13.9399995803833,12.5,13.65999984741211,13.65999984741211,37900
2018-12-13,13.329999923706056,13.869999885559082,13.0,13.670000076293944,13.670000076293944,47800
2018-12-14,13.670000076293944,13.670000076293944,12.350000381469728,12.850000381469728,12.850000381469728,45900
2018-12-17,12.609999656677246,13.6899995803833,12.550000190734863,12.619999885559082,12.619999885559082,39600
2018-12-18,12.739999771118164,13.449999809265137,12.670000076293944,13.34000015258789,13.34000015258789,36100
2018-12-19,13.050000190734863,13.449999809265137,12.3100004196167,12.420000076293944,12.420000076293944,23900
2018-12-20,12.300000190734863,12.6899995803833,11.81999969482422,11.920000076293944,11.920000076293944,81700
2018-12-21,12.0,12.06999969482422,10.770000457763672,12.0,12.0,76700
2018-12-24,12.0,12.0600004196167,11.380000114440918,11.460000038146973,11.460000038146973,18400
2018-12-26,11.470000267028809,12.300000190734863,11.460000038146973,11.989999771118164,11.989999771118164,29400
2018-12-27,11.699999809265137,12.050000190734863,11.609999656677246,11.899999618530272,11.899999618530272,22800
2018-12-28,12.010000228881836,12.68000030517578,11.710000038146973,12.399999618530272,12.399999618530272,25800
2018-12-31,12.369999885559082,12.40999984741211,11.75,12.079999923706056,12.079999923706056,14500
2019-01-02,12.020000457763672,12.25,11.600000381469728,12.15999984741211,12.15999984741211,15700
2019-01-03,12.140000343322754,12.300000190734863,11.619999885559082,11.779999732971191,11.779999732971191,23700
2019-01-04,11.949999809265137,12.380000114440918,11.25,12.0600004196167,12.0600004196167,56100
2019-01-07,12.100000381469728,12.399999618530272,11.550000190734863,11.6899995803833,11.6899995803833,23200
2019-01-08,11.93000030517578,12.40999984741211,11.699999809265137,12.210000038146973,12.210000038146973,26200
2019-01-09,12.140000343322754,12.81999969482422,12.140000343322754,12.399999618530272,12.399999618530272,51700
2019-01-10,12.40999984741211,12.75,12.119999885559082,12.56999969482422,12.56999969482422,33100
2019-01-11,12.369999885559082,12.420000076293944,11.800000190734863,11.81999969482422,11.81999969482422,37000
2019-01-14,11.850000381469728,12.56999969482422,11.850000381469728,12.350000381469728,12.350000381469728,20700
2019-01-15,12.350000381469728,12.550000190734863,11.93000030517578,12.140000343322754,12.140000343322754,25100
2019-01-16,12.140000343322754,12.59000015258789,12.140000343322754,12.220000267028809,12.220000267028809,17400
2019-01-17,12.279999732971191,13.390000343322754,12.0,13.100000381469728,13.100000381469728,41200
2019-01-18,13.449999809265137,13.449999809265137,12.979999542236328,13.390000343322754,13.390000343322754,18400
2019-01-22,13.350000381469728,13.699999809265137,13.0,13.0,13.0,42000
2019-01-23,13.020000457763672,13.399999618530272,13.020000457763672,13.289999961853027,13.289999961853027,17200
2019-01-24,13.399999618530272,13.449999809265137,13.119999885559082,13.1899995803833,13.1899995803833,6200
2019-01-25,13.359999656677246,13.4399995803833,12.84000015258789,13.1899995803833,13.1899995803833,12100
2019-01-28,13.1899995803833,13.289999961853027,13.0,13.210000038146973,13.210000038146973,10300
2019-01-29,13.170000076293944,15.0,13.100000381469728,14.760000228881836,14.760000228881836,65200
2019-01-30,14.859999656677246,14.899999618530272,14.25,14.34000015258789,14.34000015258789,20500
2019-01-31,14.270000457763672,15.300000190734863,13.670000076293944,15.25,15.25,54400
2019-02-01,15.25,15.25,14.449999809265137,14.890000343322754,14.890000343322754,7500
2019-02-04,14.640000343322754,14.6899995803833,14.0,14.550000190734863,14.550000190734863,24800
2019-02-05,14.329999923706056,14.989999771118164,14.25,14.75,14.75,19900
2019-02-06,14.75,14.989999771118164,14.34000015258789,14.489999771118164,14.489999771118164,17200
2019-02-07,14.449999809265137,14.449999809265137,14.100000381469728,14.300000190734863,14.300000190734863,18000
2019-02-08,14.43000030517578,15.399999618530272,14.100000381469728,15.199999809265137,15.199999809265137,125500
2019-02-11,15.300000190734863,15.699999809265137,15.300000190734863,15.43000030517578,15.43000030517578,83000
2019-02-12,15.43000030517578,16.049999237060547,15.43000030517578,16.0,16.0,95200
2019-02-13,16.149999618530273,16.149999618530273,14.649999618530272,15.149999618530272,15.149999618530272,47700
2019-02-14,15.25,15.56999969482422,14.109999656677246,15.31999969482422,15.31999969482422,30100
2019-02-15,15.270000457763672,15.75,14.949999809265137,15.640000343322754,15.640000343322754,20800
2019-02-19,15.720000267028809,16.0,15.270000457763672,16.0,16.0,50600
2019-02-20,15.84000015258789,16.0,15.479999542236328,15.550000190734863,15.550000190734863,33800
2019-02-21,15.609999656677246,15.890000343322754,14.529999732971191,14.93000030517578,14.93000030517578,16500
2019-02-22,14.93000030517578,15.220000267028809,14.5,14.770000457763672,14.770000457763672,21400
2019-02-25,14.850000381469728,15.380000114440918,14.670000076293944,14.75,14.75,19000
2019-02-26,14.8100004196167,15.079999923706056,14.25,14.25,14.25,27300
2019-02-27,14.300000190734863,15.149999618530272,14.300000190734863,15.039999961853027,15.039999961853027,32900
2019-02-28,14.649999618530272,15.0,14.06999969482422,14.979999542236328,14.979999542236328,16300
2019-03-01,14.960000038146973,14.960000038146973,14.210000038146973,14.40999984741211,14.40999984741211,22200
2019-03-04,14.550000190734863,15.0,14.229999542236328,14.460000038146973,14.460000038146973,25800
2019-03-05,14.34000015258789,14.729999542236328,14.300000190734863,14.619999885559082,14.619999885559082,12000
2019-03-06,14.260000228881836,14.989999771118164,14.260000228881836,14.890000343322754,14.890000343322754,26900
2019-03-07,14.720000267028809,14.890000343322754,14.449999809265137,14.779999732971191,14.779999732971191,9200
2019-03-08,14.670000076293944,14.789999961853027,14.260000228881836,14.789999961853027,14.789999961853027,14000
2019-03-11,14.529999732971191,14.529999732971191,13.75,13.75,13.75,81800
2019-03-12,13.81999969482422,14.18000030517578,13.59000015258789,14.15999984741211,14.15999984741211,22300
2019-03-13,14.199999809265137,14.289999961853027,13.890000343322754,14.0,14.0,14800
2019-03-14,13.899999618530272,14.380000114440918,13.899999618530272,14.15999984741211,14.15999984741211,12000
2019-03-15,14.25,14.510000228881836,13.9399995803833,14.479999542236328,14.479999542236328,9400
2019-03-18,14.529999732971191,14.600000381469728,13.760000228881836,13.800000190734863,13.800000190734863,22700
2019-03-19,13.770000457763672,14.270000457763672,13.770000457763672,14.050000190734863,14.050000190734863,14500
2019-03-20,14.050000190734863,14.279999732971191,13.8100004196167,14.229999542236328,14.229999542236328,11000
2019-03-21,14.050000190734863,14.989999771118164,14.039999961853027,14.699999809265137,14.699999809265137,68300
2019-03-22,14.600000381469728,14.850000381469728,14.300000190734863,14.300000190734863,14.300000190734863,29200
2019-03-25,14.359999656677246,14.600000381469728,14.300000190734863,14.600000381469728,14.600000381469728,13300
2019-03-26,14.59000015258789,15.25,14.300000190734863,14.380000114440918,14.380000114440918,58400
2019-03-27,14.390000343322754,15.100000381469728,14.350000381469728,14.470000267028809,14.470000267028809,26700
2019-03-28,14.510000228881836,14.760000228881836,14.40999984741211,14.4399995803833,14.4399995803833,17700
2019-03-29,14.699999809265137,14.710000038146973,14.479999542236328,14.479999542236328,14.479999542236328,12800
2019-04-01,14.489999771118164,14.890000343322754,14.380000114440918,14.890000343322754,14.890000343322754,22400
2019-04-02,14.850000381469728,15.5,14.420000076293944,14.979999542236328,14.979999542236328,49800
2019-04-03,14.899999618530272,14.90999984741211,14.619999885559082,14.619999885559082,14.619999885559082,4400
2019-04-04,14.699999809265137,15.1899995803833,14.539999961853027,14.609999656677246,14.609999656677246,18700
2019-04-05,14.649999618530272,15.020000457763672,14.510000228881836,14.890000343322754,14.890000343322754,20100
2019-04-08,14.880000114440918,15.40999984741211,14.710000038146973,15.050000190734863,15.050000190734863,38200
2019-04-09,15.050000190734863,15.109999656677246,14.899999618530272,14.899999618530272,14.899999618530272,13100
2019-04-10,14.899999618530272,15.1899995803833,14.899999618530272,14.9399995803833,14.9399995803833,10700
2019-04-11,15.029999732971191,15.1899995803833,14.90999984741211,15.1899995803833,15.1899995803833,10900
2019-04-12,15.149999618530272,15.199999809265137,14.829999923706056,14.829999923706056,14.829999923706056,9900
2019-04-15,14.90999984741211,15.869999885559082,14.899999618530272,15.25,15.25,40800
2019-04-16,15.140000343322754,17.0,14.869999885559082,15.4399995803833,15.4399995803833,37300
2019-04-17,15.420000076293944,15.739999771118164,14.899999618530272,15.029999732971191,15.029999732971191,23600
2019-04-18,15.170000076293944,15.239999771118164,14.90999984741211,15.18000030517578,15.18000030517578,12300
2019-04-22,15.199999809265137,15.699999809265137,14.970000267028809,15.460000038146973,15.460000038146973,14300
2019-04-23,15.6899995803833,16.420000076293945,15.279999732971191,15.970000267028809,15.970000267028809,42600
2019-04-24,16.110000610351562,16.450000762939453,15.609999656677246,16.25,16.25,20300
2019-04-25,16.459999084472656,16.889999389648438,16.209999084472656,16.799999237060547,16.799999237060547,42200
2019-04-26,16.799999237060547,17.5,16.450000762939453,17.5,17.5,82000
2019-04-29,17.239999771118164,17.950000762939453,16.770000457763672,16.770000457763672,16.770000457763672,55300
2019-04-30,17.0,17.440000534057617,17.0,17.18000030517578,17.18000030517578,22100
2019-05-01,17.190000534057617,17.239999771118164,16.110000610351562,16.15999984741211,16.15999984741211,18900
2019-05-02,16.15999984741211,16.530000686645508,16.15999984741211,16.459999084472656,16.459999084472656,24300
2019-05-03,16.530000686645508,17.25,16.350000381469727,17.110000610351562,17.110000610351562,19000
2019-05-06,16.860000610351562,17.190000534057617,16.729999542236328,16.729999542236328,16.729999542236328,21200
2019-05-07,17.030000686645508,17.239999771118164,16.219999313354492,17.100000381469727,17.100000381469727,29200
2019-05-08,17.1299991607666,17.690000534057617,17.1200008392334,17.420000076293945,17.420000076293945,20200
2019-05-09,17.25,17.950000762939453,17.139999389648438,17.780000686645508,17.780000686645508,34500
2019-05-10,15.210000038146973,15.210000038146973,12.300000190734863,12.850000381469728,12.850000381469728,203500
2019-05-13,12.600000381469728,13.0,12.31999969482422,12.779999732971191,12.779999732971191,80700
2019-05-14,12.9399995803833,14.0,12.800000190734863,13.479999542236328,13.479999542236328,59400
2019-05-15,13.479999542236328,13.729999542236328,12.920000076293944,13.729999542236328,13.729999542236328,30000
2019-05-16,13.65999984741211,13.739999771118164,13.09000015258789,13.739999771118164,13.739999771118164,22500
2019-05-17,13.729999542236328,14.279999732971191,13.619999885559082,13.9399995803833,13.9399995803833,34800
2019-05-20,13.949999809265137,14.050000190734863,13.18000030517578,13.979999542236328,13.979999542236328,19400
2019-05-21,14.119999885559082,14.119999885559082,13.90999984741211,13.989999771118164,13.989999771118164,24300
2019-05-22,13.850000381469728,14.020000457763672,13.68000030517578,13.800000190734863,13.800000190734863,20100
2019-05-23,13.65999984741211,13.93000030517578,13.579999923706056,13.710000038146973,13.710000038146973,13100
2019-05-24,13.649999618530272,13.979999542236328,13.15999984741211,13.15999984741211,13.15999984741211,31300
2019-05-28,13.300000190734863,13.56999969482422,13.0600004196167,13.149999618530272,13.149999618530272,17400
2019-05-29,13.029999732971191,13.079999923706056,11.779999732971191,11.920000076293944,11.920000076293944,41300
2019-05-30,11.920000076293944,12.1899995803833,11.8100004196167,11.81999969482422,11.81999969482422,32600
2019-05-31,11.699999809265137,11.779999732971191,10.779999732971191,11.34000015258789,11.34000015258789,29700
2019-06-03,11.199999809265137,11.34000015258789,11.010000228881836,11.029999732971191,11.029999732971191,23400
2019-06-04,11.0,11.0,10.800000190734863,10.81999969482422,10.81999969482422,26600
2019-06-05,10.81999969482422,11.140000343322754,10.81999969482422,10.899999618530272,10.899999618530272,26400
2019-06-06,11.0,11.140000343322754,10.84000015258789,10.859999656677246,10.859999656677246,22800
2019-06-07,10.8100004196167,10.859999656677246,10.510000228881836,10.760000228881836,10.760000228881836,31700
2019-06-10,10.609999656677246,10.739999771118164,10.369999885559082,10.449999809265137,10.449999809265137,43500
2019-06-11,10.449999809265137,11.279999732971191,10.449999809265137,11.25,11.25,22900
2019-06-12,11.1899995803833,11.390000343322754,11.100000381469728,11.210000038146973,11.210000038146973,4100
2019-06-13,11.34000015258789,11.739999771118164,11.010000228881836,11.010000228881836,11.010000228881836,18800
2019-06-14,11.140000343322754,11.59000015258789,11.09000015258789,11.130000114440918,11.130000114440918,19100
2019-06-17,11.100000381469728,11.630000114440918,10.81999969482422,11.539999961853027,11.539999961853027,20700
2019-06-18,11.470000267028809,12.43000030517578,11.470000267028809,11.800000190734863,11.800000190734863,25300
2019-06-19,11.859999656677246,12.0,11.479999542236328,11.949999809265137,11.949999809265137,26600
2019-06-20,12.050000190734863,13.239999771118164,12.050000190734863,13.15999984741211,13.15999984741211,24000
2019-06-21,13.260000228881836,13.729999542236328,12.350000381469728,13.390000343322754,13.390000343322754,30800
2019-06-24,13.350000381469728,13.350000381469728,12.789999961853027,12.9399995803833,12.9399995803833,33500
2019-06-25,12.90999984741211,12.920000076293944,12.609999656677246,12.609999656677246,12.609999656677246,21300
2019-06-26,12.649999618530272,13.8100004196167,12.649999618530272,13.520000457763672,13.520000457763672,32700
2019-06-27,13.649999618530272,13.649999618530272,13.130000114440918,13.239999771118164,13.239999771118164,6100
2019-06-28,13.239999771118164,13.8100004196167,12.979999542236328,12.979999542236328,12.979999542236328,13900
2019-07-01,13.229999542236328,13.289999961853027,12.979999542236328,13.289999961853027,13.289999961853027,5400
2019-07-02,13.479999542236328,13.479999542236328,12.859999656677246,13.079999923706056,13.079999923706056,6800
2019-07-03,12.979999542236328,13.350000381469728,12.8100004196167,13.300000190734863,13.300000190734863,11900
2019-07-05,13.15999984741211,13.18000030517578,12.760000228881836,13.109999656677246,13.109999656677246,2800
2019-07-08,13.029999732971191,13.220000267028809,12.829999923706056,13.18000030517578,13.18000030517578,9400
2019-07-09,13.4399995803833,13.5,12.90999984741211,13.279999732971191,13.279999732971191,11000
2019-07-10,13.0,13.40999984741211,12.920000076293944,13.300000190734863,13.300000190734863,13900
2019-07-11,13.029999732971191,13.75,13.029999732971191,13.119999885559082,13.119999885559082,17300
2019-07-12,13.15999984741211,14.229999542236328,13.010000228881836,13.890000343322754,13.890000343322754,12500
2019-07-15,13.899999618530272,14.199999809265137,13.880000114440918,14.140000343322754,14.140000343322754,6000
2019-07-16,14.210000038146973,14.420000076293944,14.029999732971191,14.420000076293944,14.420000076293944,9900
2019-07-17,14.489999771118164,14.6899995803833,13.960000038146973,14.050000190734863,14.050000190734863,18700
2019-07-18,13.979999542236328,14.479999542236328,13.979999542236328,14.399999618530272,14.399999618530272,5100
2019-07-19,14.25,14.270000457763672,13.9399995803833,14.119999885559082,14.119999885559082,8900
2019-07-22,13.949999809265137,14.06999969482422,13.9399995803833,13.9399995803833,13.9399995803833,4200
2019-07-23,13.979999542236328,14.18000030517578,13.9399995803833,13.9399995803833,13.9399995803833,10100
2019-07-24,13.9399995803833,14.300000190734863,13.9399995803833,14.100000381469728,14.100000381469728,5700
2019-07-25,14.229999542236328,14.329999923706056,14.020000457763672,14.039999961853027,14.039999961853027,4500
2019-07-26,14.050000190734863,14.75,14.050000190734863,14.420000076293944,14.420000076293944,10800
2019-07-29,14.460000038146973,14.800000190734863,14.460000038146973,14.550000190734863,14.550000190734863,15700
2019-07-30,14.529999732971191,14.699999809265137,14.15999984741211,14.520000457763672,14.520000457763672,6700
2019-07-31,14.550000190734863,14.550000190734863,14.0,14.220000267028809,14.220000267028809,9000
2019-08-01,14.0,14.0,13.550000190734863,13.81999969482422,13.81999969482422,19600
2019-08-02,13.890000343322754,14.0,13.550000190734863,14.0,14.0,5900
2019-08-05,13.789999961853027,13.789999961853027,13.119999885559082,13.43000030517578,13.43000030517578,5500
2019-08-06,13.31999969482422,13.670000076293944,13.25,13.4399995803833,13.4399995803833,7400
2019-08-07,13.380000114440918,13.84000015258789,12.949999809265137,13.15999984741211,13.15999984741211,9500
2019-08-08,13.1899995803833,14.100000381469728,13.149999618530272,13.850000381469728,13.850000381469728,15700
2019-08-09,13.949999809265137,14.050000190734863,13.779999732971191,14.050000190734863,14.050000190734863,4000
2019-08-12,13.869999885559082,14.039999961853027,13.5,14.0,14.0,7900
2019-08-13,14.100000381469728,14.199999809265137,13.989999771118164,14.199999809265137,14.199999809265137,7700
2019-08-14,13.81999969482422,14.199999809265137,13.399999618530272,13.710000038146973,13.710000038146973,46700
2019-08-15,14.0,14.149999618530272,13.890000343322754,14.010000228881836,14.010000228881836,6400
2019-08-16,13.899999618530272,14.199999809265137,13.859999656677246,13.979999542236328,13.979999542236328,22400
2019-08-19,13.609999656677246,14.220000267028809,13.43000030517578,14.18000030517578,14.18000030517578,12100
2019-08-20,14.18000030517578,14.329999923706056,14.18000030517578,14.229999542236328,14.229999542236328,11000
2019-08-21,14.279999732971191,14.329999923706056,13.720000267028809,13.770000457763672,13.770000457763672,28800
2019-08-22,14.029999732971191,14.220000267028809,13.760000228881836,13.770000457763672,13.770000457763672,6300
2019-08-23,13.850000381469728,14.15999984741211,13.600000381469728,14.0,14.0,14800
2019-08-26,14.029999732971191,14.3100004196167,13.869999885559082,13.970000267028809,13.970000267028809,9900
2019-08-27,14.140000343322754,14.220000267028809,13.539999961853027,13.779999732971191,13.779999732971191,22300
2019-08-28,13.5600004196167,13.760000228881836,13.5600004196167,13.760000228881836,13.760000228881836,1600
2019-08-29,13.760000228881836,13.760000228881836,13.460000038146973,13.699999809265137,13.699999809265137,4500
2019-08-30,13.699999809265137,14.34000015258789,13.0,14.34000015258789,14.34000015258789,27000
2019-09-03,14.050000190734863,14.119999885559082,13.399999618530272,13.850000381469728,13.850000381469728,25400
2019-09-04,14.010000228881836,14.199999809265137,13.65999984741211,14.09000015258789,14.09000015258789,19200
2019-09-05,13.970000267028809,14.420000076293944,13.4399995803833,14.420000076293944,14.420000076293944,17100
2019-09-06,14.220000267028809,14.329999923706056,13.460000038146973,13.890000343322754,13.890000343322754,42300
2019-09-09,14.109999656677246,14.109999656677246,13.460000038146973,13.699999809265137,13.699999809265137,38600
2019-09-10,13.630000114440918,15.520000457763672,13.59000015258789,15.170000076293944,15.170000076293944,35300
2019-09-11,15.399999618530272,15.890000343322754,14.550000190734863,15.06999969482422,15.06999969482422,36000
2019-09-12,15.270000457763672,15.59000015258789,14.770000457763672,15.3100004196167,15.3100004196167,31300
2019-09-13,15.300000190734863,16.549999237060547,14.899999618530272,15.380000114440918,15.380000114440918,85400
2019-09-16,15.699999809265137,15.949999809265137,15.239999771118164,15.460000038146973,15.460000038146973,10300
2019-09-17,15.25,15.4399995803833,14.649999618530272,14.649999618530272,14.649999618530272,9700
2019-09-18,15.0,15.479999542236328,14.800000190734863,15.06999969482422,15.06999969482422,14400
2019-09-19,14.779999732971191,15.56999969482422,14.779999732971191,15.390000343322754,15.390000343322754,11400
2019-09-20,15.119999885559082,15.800000190734863,14.390000343322754,15.609999656677246,15.609999656677246,8100
2019-09-23,15.359999656677246,15.800000190734863,15.199999809265137,15.800000190734863,15.800000190734863,7600
2019-09-24,15.449999809265137,15.510000228881836,14.550000190734863,14.739999771118164,14.739999771118164,10100
2019-09-25,14.729999542236328,15.25,14.56999969482422,14.81999969482422,14.81999969482422,40200
2019-09-26,15.09000015258789,15.210000038146973,14.979999542236328,15.09000015258789,15.09000015258789,1800
2019-09-27,15.0,15.329999923706056,14.68000030517578,15.130000114440918,15.130000114440918,2100
2019-09-30,15.130000114440918,15.34000015258789,15.119999885559082,15.300000190734863,15.300000190734863,2700
2019-10-01,15.270000457763672,15.800000190734863,14.949999809265137,15.130000114440918,15.130000114440918,9700
2019-10-02,14.960000038146973,15.289999961853027,14.90999984741211,15.010000228881836,15.010000228881836,1600
2019-10-03,15.579999923706056,15.640000343322754,14.93000030517578,15.18000030517578,15.18000030517578,5200
2019-10-04,15.199999809265137,15.199999809265137,14.600000381469728,14.989999771118164,14.989999771118164,3200
2019-10-07,14.779999732971191,14.8100004196167,14.380000114440918,14.380000114440918,14.380000114440918,5500
2019-10-08,13.899999618530272,14.229999542236328,13.899999618530272,14.050000190734863,14.050000190734863,7000
2019-10-09,14.229999542236328,14.229999542236328,13.510000228881836,13.970000267028809,13.970000267028809,13600
2019-10-10,13.779999732971191,13.880000114440918,13.18000030517578,13.579999923706056,13.579999923706056,4700
2019-10-11,13.449999809265137,13.989999771118164,13.449999809265137,13.649999618530272,13.649999618530272,5500
2019-10-14,13.630000114440918,13.920000076293944,13.630000114440918,13.649999618530272,13.649999618530272,6700
2019-10-15,13.65999984741211,13.850000381469728,13.600000381469728,13.609999656677246,13.609999656677246,8600
2019-10-16,13.609999656677246,13.640000343322754,13.210000038146973,13.210000038146973,13.210000038146973,3800
2019-10-17,13.420000076293944,14.1899995803833,13.420000076293944,13.84000015258789,13.84000015258789,13700
2019-10-18,13.899999618530272,14.460000038146973,13.899999618530272,14.010000228881836,14.010000228881836,3500
2019-10-21,14.260000228881836,14.479999542236328,14.09000015258789,14.369999885559082,14.369999885559082,3400
2019-10-22,14.369999885559082,14.420000076293944,14.050000190734863,14.25,14.25,5100
2019-10-23,13.68000030517578,14.220000267028809,13.5600004196167,13.81999969482422,13.81999969482422,9800
2019-10-24,13.970000267028809,14.260000228881836,13.59000015258789,14.260000228881836,14.260000228881836,1600
2019-10-25,14.130000114440918,14.3100004196167,13.899999618530272,13.899999618530272,13.899999618530272,4800
2019-10-28,14.0,14.0,13.130000114440918,13.300000190734863,13.300000190734863,10400
2019-10-29,13.390000343322754,13.859999656677246,13.300000190734863,13.300000190734863,13.300000190734863,3200
2019-10-30,13.59000015258789,13.670000076293944,13.300000190734863,13.350000381469728,13.350000381469728,4600
2019-10-31,13.380000114440918,13.649999618530272,13.130000114440918,13.350000381469728,13.350000381469728,12600
2019-11-01,13.359999656677246,13.619999885559082,13.15999984741211,13.15999984741211,13.15999984741211,8200
2019-11-04,13.40999984741211,13.789999961853027,13.170000076293944,13.399999618530272,13.399999618530272,12400
2019-11-05,13.600000381469728,14.079999923706056,13.600000381469728,13.68000030517578,13.68000030517578,2700
2019-11-06,13.720000267028809,13.84000015258789,13.130000114440918,13.609999656677246,13.609999656677246,8800
2019-11-07,13.850000381469728,13.859999656677246,13.5600004196167,13.619999885559082,13.619999885559082,7700
2019-11-08,13.619999885559082,13.619999885559082,13.210000038146973,13.300000190734863,13.300000190734863,4300
2019-11-11,13.350000381469728,14.0,13.199999809265137,13.270000457763672,13.270000457763672,40900
2019-11-12,13.300000190734863,13.649999618530272,13.289999961853027,13.390000343322754,13.390000343322754,11300
2019-11-13,13.18000030517578,13.18000030517578,12.06999969482422,12.09000015258789,12.09000015258789,61300
2019-11-14,11.81999969482422,12.289999961853027,11.399999618530272,11.68000030517578,11.68000030517578,32500
2019-11-15,11.539999961853027,12.149999618530272,11.510000228881836,11.779999732971191,11.779999732971191,28700
2019-11-18,11.670000076293944,12.18000030517578,11.670000076293944,11.720000267028809,11.720000267028809,16500
2019-11-19,12.100000381469728,12.529999732971191,11.890000343322754,12.359999656677246,12.359999656677246,18400
2019-11-20,12.399999618530272,12.859999656677246,11.880000114440918,12.68000030517578,12.68000030517578,6300
2019-11-21,12.489999771118164,13.300000190734863,11.850000381469728,12.279999732971191,12.279999732971191,32500
2019-11-22,12.34000015258789,12.510000228881836,11.630000114440918,12.149999618530272,12.149999618530272,41400
2019-11-25,12.25,12.920000076293944,12.25,12.449999809265137,12.449999809265137,37600
2019-11-26,12.4399995803833,12.979999542236328,12.4399995803833,12.899999618530272,12.899999618530272,12000
2019-11-27,13.06999969482422,13.420000076293944,12.970000267028809,13.420000076293944,13.420000076293944,17200
2019-11-29,13.550000190734863,14.06999969482422,13.460000038146973,14.06999969482422,14.06999969482422,14100
2019-12-02,13.989999771118164,14.170000076293944,13.960000038146973,14.06999969482422,14.06999969482422,11800
2019-12-03,14.0,14.859999656677246,13.890000343322754,14.220000267028809,14.220000267028809,13100
2019-12-04,14.350000381469728,15.699999809265137,14.350000381469728,15.460000038146973,15.460000038146973,27800
2019-12-05,15.640000343322754,15.869999885559082,15.149999618530272,15.600000381469728,15.600000381469728,18500
2019-12-06,15.829999923706056,15.920000076293944,15.0,15.880000114440918,15.880000114440918,26400
2019-12-09,15.770000457763672,16.239999771118164,15.4399995803833,15.729999542236328,15.729999542236328,22400
2019-12-10,15.420000076293944,15.489999771118164,14.109999656677246,14.279999732971191,14.279999732971191,23300
2019-12-11,14.329999923706056,15.449999809265137,13.539999961853027,15.010000228881836,15.010000228881836,39400
2019-12-12,14.609999656677246,15.75,14.609999656677246,15.729999542236328,15.729999542236328,13900
2019-12-13,15.199999809265137,15.710000038146973,15.199999809265137,15.640000343322754,15.640000343322754,7900
2019-12-16,15.720000267028809,16.200000762939453,15.479999542236328,15.899999618530272,15.899999618530272,55100
2019-12-17,16.15999984741211,16.18000030517578,15.739999771118164,15.920000076293944,15.920000076293944,11300
2019-12-18,16.18000030517578,16.18000030517578,15.75,16.0,16.0,18200
2019-12-19,16.229999542236328,16.90999984741211,15.890000343322754,16.399999618530273,16.399999618530273,15500
2019-12-20,16.34000015258789,16.780000686645508,15.880000114440918,16.399999618530273,16.399999618530273,22900
2019-12-23,16.049999237060547,16.780000686645508,16.049999237060547,16.649999618530273,16.649999618530273,4400
2019-12-24,16.520000457763672,16.520000457763672,16.18000030517578,16.299999237060547,16.299999237060547,2300
2019-12-26,16.299999237060547,16.600000381469727,15.68000030517578,16.219999313354492,16.219999313354492,20900
2019-12-27,16.290000915527344,16.799999237060547,16.219999313354492,16.639999389648438,16.639999389648438,8600
2019-12-30,16.489999771118164,17.68000030517578,16.170000076293945,17.030000686645508,17.030000686645508,15300
2019-12-31,17.260000228881836,17.940000534057617,17.0,17.549999237060547,17.549999237060547,33400
2020-01-02,17.59000015258789,18.15999984741211,17.549999237060547,17.59000015258789,17.59000015258789,20800
2020-01-03,17.389999389648438,17.68000030517578,17.06999969482422,17.309999465942383,17.309999465942383,8800
2020-01-06,17.100000381469727,17.420000076293945,17.100000381469727,17.350000381469727,17.350000381469727,6200
2020-01-07,17.469999313354492,17.5,16.600000381469727,17.010000228881836,17.010000228881836,19300
2020-01-08,16.979999542236328,17.219999313354492,16.5,16.5,16.5,14900
2020-01-09,16.329999923706055,17.06999969482422,15.949999809265137,16.209999084472656,16.209999084472656,7800
2020-01-10,16.200000762939453,16.889999389648438,16.149999618530273,16.579999923706055,16.579999923706055,6900
2020-01-13,16.719999313354492,16.940000534057617,16.549999237060547,16.899999618530273,16.899999618530273,5200
2020-01-14,17.020000457763672,17.040000915527344,16.739999771118164,17.010000228881836,17.010000228881836,4700
2020-01-15,16.90999984741211,17.15999984741211,16.68000030517578,16.68000030517578,16.68000030517578,6100
2020-01-16,17.0,17.299999237060547,16.670000076293945,17.299999237060547,17.299999237060547,8200
2020-01-17,17.31999969482422,17.389999389648438,16.979999542236328,17.049999237060547,17.049999237060547,2300
2020-01-21,17.0,17.329999923706055,16.93000030517578,17.329999923706055,17.329999923706055,5900
2020-01-22,17.270000457763672,17.5,16.649999618530273,16.93000030517578,16.93000030517578,31100
2020-01-23,17.06999969482422,17.06999969482422,16.239999771118164,16.690000534057617,16.690000534057617,5400
2020-01-24,17.18000030517578,17.219999313354492,16.75,16.780000686645508,16.780000686645508,10700
2020-01-27,16.579999923706055,17.0,16.239999771118164,16.3799991607666,16.3799991607666,10700
2020-01-28,16.3799991607666,16.989999771118164,16.3799991607666,16.979999542236328,16.979999542236328,7400
2020-01-29,16.959999084472656,16.959999084472656,16.399999618530273,16.469999313354492,16.469999313354492,7200
2020-01-30,16.229999542236328,16.5,16.0,16.0,16.0,8200
2020-01-31,16.40999984741211,16.450000762939453,15.4399995803833,15.4399995803833,15.4399995803833,11600
2020-02-03,15.75,16.729999542236328,15.75,16.149999618530273,16.149999618530273,2900
2020-02-04,16.239999771118164,16.65999984741211,16.200000762939453,16.420000076293945,16.420000076293945,6700
2020-02-05,16.579999923706055,16.889999389648438,16.479999542236328,16.889999389648438,16.889999389648438,6200
2020-02-06,16.940000534057617,17.649999618530273,16.5,17.329999923706055,17.329999923706055,12200
2020-02-07,17.229999542236328,19.96999931335449,17.229999542236328,18.209999084472656,18.209999084472656,35800
2020-02-10,18.39999961853028,20.049999237060547,18.39999961853028,19.700000762939453,19.700000762939453,31500
2020-02-11,19.979999542236328,20.5,19.8700008392334,20.01000022888184,20.01000022888184,11800
2020-02-12,19.75,20.0,19.21999931335449,19.299999237060547,19.299999237060547,22800
2020-02-13,19.65999984741211,19.65999984741211,19.049999237060547,19.049999237060547,19.049999237060547,5400
2020-02-14,19.32999992370605,19.790000915527344,18.729999542236328,18.729999542236328,18.729999542236328,5700
2020-02-18,18.51000022888184,19.850000381469727,18.1299991607666,18.5,18.5,11100
2020-02-19,18.51000022888184,19.3700008392334,18.39999961853028,18.6200008392334,18.6200008392334,11200
2020-02-20,18.61000061035156,19.270000457763672,18.61000061035156,19.1200008392334,19.1200008392334,10600
2020-02-21,19.309999465942383,19.350000381469727,18.739999771118164,19.11000061035156,19.11000061035156,5600
2020-02-24,18.270000457763672,18.89999961853028,18.040000915527344,18.739999771118164,18.739999771118164,24400
2020-02-25,18.3700008392334,19.600000381469727,18.25,18.46999931335449,18.46999931335449,15600
2020-02-26,19.40999984741211,19.40999984741211,18.39999961853028,18.46999931335449,18.46999931335449,1800
2020-02-27,17.649999618530273,18.43000030517578,17.489999771118164,18.049999237060547,18.049999237060547,19400
2020-02-28,17.209999084472656,18.600000381469727,17.209999084472656,18.479999542236328,18.479999542236328,15000
2020-03-02,18.88999938964844,19.5,18.64999961853028,19.299999237060547,19.299999237060547,10600
2020-03-03,19.59000015258789,19.979999542236328,19.18000030517578,19.84000015258789,19.84000015258789,17800
2020-03-04,20.030000686645508,22.39999961853028,20.030000686645508,22.25,22.25,30400
2020-03-05,21.809999465942383,23.89999961853028,21.11000061035156,22.100000381469727,22.100000381469727,56300
2020-03-06,21.209999084472656,22.0,20.5,21.76000022888184,21.76000022888184,3900
2020-03-09,21.0,21.36000061035156,18.57999992370605,19.5,19.5,15100
2020-03-10,21.36000061035156,21.36000061035156,18.82999992370605,19.75,19.75,19000
2020-03-11,18.850000381469727,19.6200008392334,18.170000076293945,18.200000762939453,18.200000762939453,12800
2020-03-12,17.43000030517578,18.1299991607666,17.1200008392334,17.25,17.25,13200
2020-03-13,17.690000534057617,18.420000076293945,16.75,16.90999984741211,16.90999984741211,43100
2020-03-16,15.510000228881836,15.899999618530272,12.829999923706056,14.699999809265137,14.699999809265137,23900
2020-03-17,14.5600004196167,16.270000457763672,13.489999771118164,15.56999969482422,15.56999969482422,29500
2020-03-18,14.489999771118164,16.1200008392334,13.800000190734863,14.460000038146973,14.460000038146973,27600
2020-03-19,14.489999771118164,16.100000381469727,14.0600004196167,15.390000343322754,15.390000343322754,25000
2020-03-20,15.25,15.25,14.0,14.039999961853027,14.039999961853027,20400
2020-03-23,13.5,15.5,13.5,14.09000015258789,14.09000015258789,41700
2020-03-24,15.079999923706056,15.720000267028809,14.5,15.18000030517578,15.18000030517578,25200
2020-03-25,14.850000381469728,16.959999084472656,14.010000228881836,16.059999465942383,16.059999465942383,38000
2020-03-26,16.0,17.020000457763672,15.1899995803833,15.1899995803833,15.1899995803833,29600
2020-03-27,15.0,16.170000076293945,15.0,16.149999618530273,16.149999618530273,15200
2020-03-30,16.889999389648438,16.959999084472656,14.859999656677246,15.3100004196167,15.3100004196167,21000
2020-03-31,15.210000038146973,16.56999969482422,14.890000343322754,16.200000762939453,16.200000762939453,21400
2020-04-01,16.100000381469727,16.200000762939453,15.300000190734863,15.829999923706056,15.829999923706056,10400
2020-04-02,15.460000038146973,16.100000381469727,14.479999542236328,14.479999542236328,,44100
2020-04-03,14.800000190734863,15.40999984741211,14.760000228881836,15.3100004196167,,27400
2020-04-06,15.539999961853027,16.399999618530273,15.539999961853027,16.190000534057617,,20200
2020-04-07,16.43000030517578,16.950000762939453,16.0,16.540000915527344,,17800
2020-04-08,16.690000534057617,17.149999618530273,14.789999961853027,14.899999618530272,,18500
2020-04-09,15.789999961853027,16.350000381469727,15.789999961853027,16.350000381469727,,52400
2020-04-13,16.40999984741211,17.549999237060547,15.68000030517578,17.0,,22500
2020-04-14,17.389999389648438,17.389999389648438,16.850000381469727,17.09000015258789,,12400
2020-04-15,17.0,19.0,17.0,18.270000457763672,,36100
2020-04-16,18.270000457763672,18.399999618530277,16.84000015258789,18.1200008392334,,6400
2020-04-17,18.5,18.5,17.0,17.6200008392334,,13800
2020-04-20,17.729999542236328,18.399999618530277,17.469999313354492,18.200000762939453,,29600
2020-04-21,18.049999237060547,18.100000381469727,17.520000457763672,17.989999771118164,,9300
2020-04-22,17.170000076293945,17.920000076293945,16.709999084472656,17.010000228881836,,6500
2020-04-23,17.350000381469727,17.799999237060547,17.020000457763672,17.600000381469727,,4100
2020-04-24,17.829999923706055,17.969999313354492,17.350000381469727,17.770000457763672,,1300
2020-04-27,17.3700008392334,17.3799991607666,16.829999923706055,17.270000457763672,,6300
2020-04-28,17.270000457763672,17.440000534057617,16.670000076293945,17.389999389648438,,5200
2020-04-29,17.360000610351562,18.049999237060547,17.360000610351562,17.68000030517578,,8000
2020-04-30,17.15999984741211,17.989999771118164,17.100000381469727,17.200000762939453,,9100
2020-05-01,17.0,17.450000762939453,16.100000381469727,16.100000381469727,,9400
2020-05-04,16.399999618530273,16.770000457763672,16.399999618530273,16.40999984741211,,5200
2020-05-05,16.579999923706055,17.040000915527344,15.949999809265137,16.100000381469727,,17000
2020-05-06,16.100000381469727,16.280000686645508,15.800000190734863,16.100000381469727,,9200
2020-05-07,16.100000381469727,17.5,16.100000381469727,16.979999542236328,,5200
2020-05-08,18.0,18.399999618530277,17.56999969482422,18.34000015258789,,24000
2020-05-11,18.09000015258789,18.299999237060547,17.549999237060547,17.700000762939453,,15000
2020-05-12,18.0,18.0,16.950000762939453,17.760000228881836,,3800
2020-05-13,17.520000457763672,17.700000762939453,16.809999465942383,17.3799991607666,,5500
2020-05-14,17.229999542236328,17.25,17.100000381469727,17.25,,600
2020-05-15,17.610000610351562,17.690000534057617,16.959999084472656,16.959999084472656,,1700
2020-05-18,17.440000534057617,18.280000686645508,17.350000381469727,17.8799991607666,,8200
2020-05-19,17.889999389648438,18.299999237060547,17.450000762939453,17.530000686645508,,10400
2020-05-20,17.989999771118164,18.799999237060547,17.8799991607666,18.709999084472656,,21600
2020-05-21,18.6200008392334,18.649999618530277,18.010000228881836,18.200000762939453,,12100
2020-05-22,18.350000381469727,18.350000381469727,17.90999984741211,18.040000915527344,,3500
2020-05-26,18.600000381469727,18.989999771118164,18.100000381469727,18.96999931335449,,16100
2020-05-27,19.190000534057617,20.0,18.46999931335449,19.239999771118164,,15300
2020-05-28,19.600000381469727,19.700000762939453,19.25,19.25,,5400
2020-05-29,19.209999084472656,22.0,18.38999938964844,19.700000762939453,,97200
2020-06-01,19.93000030517578,20.5,19.770000457763672,19.950000762939453,,6600
2020-06-02,19.96999931335449,20.489999771118164,19.40999984741211,19.5,,12000
2020-06-03,19.100000381469727,19.600000381469727,18.700000762939453,19.5,,9900
2020-06-04,19.57999992370605,19.57999992370605,18.729999542236328,18.96999931335449,,9000
2020-06-05,19.399999618530277,19.86000061035156,18.700000762939453,19.38999938964844,,6800
2020-06-08,19.309999465942383,19.75,18.559999465942383,19.350000381469727,,12700
2020-06-09,19.0,19.5,18.940000534057617,19.100000381469727,,5000
2020-06-10,19.149999618530277,19.34000015258789,18.920000076293945,19.1299991607666,,2500
2020-06-11,18.75,18.90999984741211,17.649999618530273,17.8799991607666,,9700
2020-06-12,18.11000061035156,18.709999084472656,18.0,18.010000228881836,,4000
2020-06-15,18.0,18.3700008392334,17.809999465942383,18.049999237060547,,6400
2020-06-16,18.82999992370605,19.01000022888184,18.46999931335449,18.63999938964844,,5300
2020-06-17,19.0,19.06999969482422,18.600000381469727,18.76000022888184,,15400
2020-06-18,18.6299991607666,18.93000030517578,18.540000915527344,18.82999992370605,,2400
2020-06-19,19.0,19.0,17.90999984741211,18.690000534057617,,19200
2020-06-22,18.309999465942383,18.309999465942383,17.989999771118164,18.170000076293945,,8200
2020-06-23,18.270000457763672,18.270000457763672,17.68000030517578,18.049999237060547,,7200
2020-06-24,18.25,18.25,16.760000228881836,17.389999389648438,,33500
2020-06-25,17.06999969482422,17.3700008392334,17.0,17.0,,6000
2020-06-26,16.81999969482422,18.0,16.81999969482422,17.950000762939453,,10900
2020-06-29,17.610000610351562,18.18000030517578,17.450000762939453,17.709999084472656,,10600
2020-06-30,17.899999618530273,18.18000030517578,17.719999313354492,17.81999969482422,,13000
2020-07-01,17.700000762939453,18.100000381469727,17.670000076293945,18.049999237060547,,5700
2020-07-02,17.950000762939453,18.15999984741211,17.670000076293945,17.93000030517578,,9800
2020-07-06,18.020000457763672,18.059999465942383,17.459999084472656,17.790000915527344,,7600
2020-07-07,17.5,17.829999923706055,17.34000015258789,17.40999984741211,,3000
2020-07-08,17.579999923706055,17.579999923706055,16.770000457763672,17.010000228881836,,15100
2020-07-09,17.200000762939453,17.479999542236328,17.049999237060547,17.43000030517578,,3300
2020-07-10,17.09000015258789,17.530000686645508,16.81999969482422,17.34000015258789,,5700
2020-07-13,17.59000015258789,18.149999618530277,17.450000762939453,18.149999618530277,,7900
2020-07-14,18.06999969482422,18.3700008392334,17.510000228881836,18.3700008392334,,9500
2020-07-15,18.15999984741211,19.34000015258789,18.11000061035156,19.309999465942383,,13200
2020-07-16,18.799999237060547,18.96999931335449,18.6200008392334,18.950000762939453,,5900
2020-07-17,18.600000381469727,19.739999771118164,18.600000381469727,19.34000015258789,,21100
2020-07-20,19.36000061035156,19.450000762939453,18.739999771118164,19.40999984741211,,5600
2020-07-21,19.229999542236328,19.549999237060547,19.229999542236328,19.5,,4100
2020-07-22,19.299999237060547,19.93000030517578,19.299999237060547,19.920000076293945,,8800
2020-07-23,19.729999542236328,20.61000061035156,19.5,20.0,,2600
2020-07-24,19.81999969482422,21.0,19.81999969482422,20.5,,3200
2020-07-27,20.5,20.75,20.299999237060547,20.739999771118164,,19400
2020-07-28,20.549999237060547,20.600000381469727,20.190000534057617,20.190000534057617,,1200
2020-07-29,20.3700008392334,20.790000915527344,19.90999984741211,20.01000022888184,,5200
2020-07-30,19.920000076293945,20.600000381469727,19.100000381469727,19.93000030517578,,20600
2020-07-31,19.299999237060547,19.65999984741211,19.01000022888184,19.01000022888184,,1500
2020-08-03,18.76000022888184,20.68000030517578,18.290000915527344,20.68000030517578,,22400
2020-08-04,19.989999771118164,21.0,19.989999771118164,20.790000915527344,,6500
2020-08-05,20.86000061035156,20.899999618530277,20.399999618530277,20.649999618530277,,3700
2020-08-06,20.13999938964844,20.809999465942383,19.88999938964844,20.239999771118164,,6600
2020-08-07,20.5,20.76000022888184,20.5,20.75,,9700
2020-08-10,20.75,22.5,20.75,22.38999938964844,,11400
2020-08-11,22.0,22.459999084472656,21.020000457763672,21.07999992370605,,6500
2020-08-12,21.049999237060547,21.71999931335449,21.049999237060547,21.700000762939453,,3800
2020-08-13,21.38999938964844,22.149999618530277,21.38999938964844,21.84000015258789,,16500
2020-08-14,21.82999992370605,22.18000030517578,20.670000076293945,21.600000381469727,,8200
2020-08-17,21.559999465942383,22.11000061035156,20.32999992370605,21.68000030517578,,6500
2020-08-18,21.56999969482422,22.399999618530277,20.40999984741211,22.34000015258789,,6700
2020-08-19,22.61000061035156,22.84000015258789,21.56999969482422,21.56999969482422,,3500
2020-08-20,21.350000381469727,22.979999542236328,21.350000381469727,21.899999618530277,,2600
2020-08-21,21.75,21.989999771118164,21.0,21.479999542236328,,6300
2020-08-24,21.229999542236328,21.5,21.1299991607666,21.1299991607666,,2400
2020-08-25,21.1299991607666,21.1299991607666,20.950000762939453,21.1200008392334,,1700
2020-08-26,21.0,21.299999237060547,20.989999771118164,21.170000076293945,,4000
2020-08-27,21.21999931335449,21.3700008392334,21.13999938964844,21.25,,4000
2020-08-28,23.0,26.520000457763672,23.0,25.0,,67500
2020-08-31,25.200000762939453,31.75,25.200000762939453,28.86000061035156,,123600
2020-09-01,28.0,29.450000762939453,27.25,29.450000762939453,,37800
2020-09-02,28.940000534057617,30.989999771118164,27.549999237060547,30.989999771118164,,30600
2020-09-03,30.13999938964844,30.13999938964844,28.149999618530277,28.25,,10900
2020-09-04,29.040000915527344,31.350000381469727,28.690000534057617,28.690000534057617,,11500
2020-09-08,29.18000030517578,30.0,26.75,28.700000762939453,,23200
2020-09-09,29.01000022888184,32.97999954223633,29.01000022888184,30.76000022888184,,60500
2020-09-10,31.75,31.75,30.020000457763672,30.049999237060547,,19500
2020-09-11,30.149999618530277,30.149999618530277,27.549999237060547,28.100000381469727,,44700
2020-09-14,28.799999237060547,31.68000030517578,28.799999237060547,31.420000076293945,,30100
2020-09-15,32.33000183105469,32.33000183105469,29.36000061035156,30.520000457763672,,15600
2020-09-16,30.21999931335449,30.989999771118164,30.100000381469727,30.420000076293945,,9600
2020-09-17,30.0,30.100000381469727,29.600000381469727,29.600000381469727,,9800
2020-09-18,30.3700008392334,30.38999938964844,28.520000457763672,28.770000457763672,,32000
2020-09-21,29.06999969482422,30.46999931335449,28.18000030517578,30.46999931335449,,14500
2020-09-22,30.75,30.75,26.5,27.299999237060547,,65800
2020-09-23,27.07999992370605,27.290000915527344,26.799999237060547,27.01000022888184,,27700
2020-09-24,27.0,28.6200008392334,26.280000686645508,26.950000762939453,,44300
2020-09-25,26.700000762939453,28.280000686645508,26.700000762939453,27.13999938964844,,28000
2020-09-28,28.290000915527344,28.450000762939453,26.43000030517578,27.46999931335449,,13700
2020-09-29,28.600000381469727,28.600000381469727,26.57999992370605,27.799999237060547,,16900
2020-09-30,27.770000457763672,28.600000381469727,27.770000457763672,28.600000381469727,,13600
2020-10-01,28.40999984741211,28.950000762939453,27.56999969482422,28.200000762939453,,45400
2020-10-02,28.5,29.5,28.0,29.5,,15400
2020-10-05,29.57999992370605,29.57999992370605,27.950000762939453,28.5,,19600
2020-10-06,28.8799991607666,29.549999237060547,28.13999938964844,28.809999465942383,,9600
2020-10-07,29.100000381469727,29.3700008392334,28.020000457763672,29.3700008392334,,6100
2020-10-08,29.170000076293945,29.34000015258789,28.63999938964844,29.100000381469727,,4800
2020-10-09,29.190000534057617,31.959999084472656,28.149999618530277,28.5,,87600
2020-10-12,29.5,29.5,27.76000022888184,28.229999542236328,,15600
2020-10-13,28.15999984741211,28.18000030517578,27.700000762939453,28.07999992370605,,5900
2020-10-14,28.309999465942383,29.280000686645508,27.700000762939453,27.71999931335449,,10800
2020-10-15,27.61000061035156,28.71999931335449,26.149999618530277,26.959999084472656,,14900
2020-10-16,27.5,27.8700008392334,26.6200008392334,27.030000686645508,,18800
2020-10-19,27.0,27.65999984741211,27.0,27.290000915527344,,8700
2020-10-20,27.149999618530277,34.5,27.149999618530277,32.310001373291016,,396200
2020-10-21,32.970001220703125,34.880001068115234,32.810001373291016,33.7599983215332,,75600
2020-10-22,34.0,36.650001525878906,34.0,36.52000045776367,,66400
2020-10-23,37.11000061035156,38.04999923706055,35.0,35.41999816894531,,50600
2020-10-26,35.0,38.47999954223633,33.7599983215332,35.630001068115234,,38400
2020-10-27,36.13999938964844,37.25,34.540000915527344,34.79999923706055,,86100
2020-10-28,34.540000915527344,35.04999923706055,33.7599983215332,33.86000061035156,,22600
2020-10-29,33.880001068115234,37.11000061035156,33.880001068115234,36.20000076293945,,16900
2020-10-30,35.900001525878906,37.43000030517578,35.0,35.04999923706055,,39700
2020-11-02,36.59999847412109,38.41999816894531,33.900001525878906,34.5,,30500
2020-11-03,34.86000061035156,36.56999969482422,34.189998626708984,34.189998626708984,,33400
2020-11-04,34.5,35.70000076293945,34.5,34.84000015258789,,14400
2020-11-05,35.95000076293945,36.470001220703125,35.060001373291016,35.70000076293945,,32000
2020-11-06,34.810001373291016,35.849998474121094,33.7599983215332,34.349998474121094,,40300
2020-11-09,37.09000015258789,41.59999847412109,37.09000015258789,38.54999923706055,,101600
2020-11-10,38.75,39.7599983215332,36.58000183105469,38.290000915527344,,103700
2020-11-11,39.0,39.0,36.77000045776367,37.61000061035156,,185600
2020-11-12,37.70000076293945,38.119998931884766,35.0,35.560001373291016,,61800
2020-11-13,36.119998931884766,37.33000183105469,35.189998626708984,36.810001373291016,,66500
2020-11-16,38.2599983215332,39.41999816894531,36.900001525878906,37.5,,154000
2020-11-17,37.40999984741211,38.0,36.5,37.16999816894531,,20400
2020-11-18,37.04999923706055,37.18000030517578,36.119998931884766,36.61000061035156,,11200
2020-11-19,36.540000915527344,36.97999954223633,35.36000061035156,36.400001525878906,,21400
2020-11-20,36.65999984741211,37.68999862670898,36.65999984741211,37.68999862670898,,17000
2020-11-23,38.0,38.83000183105469,36.54999923706055,37.08000183105469,,25000
2020-11-24,37.369998931884766,38.43999862670898,36.59999847412109,38.43999862670898,,29200
2020-11-25,38.13999938964844,38.5,37.02000045776367,37.970001220703125,,13500
2020-11-27,37.970001220703125,41.5,37.91999816894531,38.68999862670898,,56100
2020-11-30,38.790000915527344,38.79999923706055,37.18000030517578,37.619998931884766,,21300
2020-12-01,38.83000183105469,39.400001525878906,37.52000045776367,38.5099983215332,,42700
2020-12-02,38.29999923706055,39.81999969482422,37.869998931884766,39.63999938964844,,21900
2020-12-03,39.83000183105469,40.2400016784668,39.2599983215332,39.34000015258789,,16500
2020-12-04,39.31999969482422,40.150001525878906,38.93000030517578,39.4900016784668,,40400
2020-12-07,38.43000030517578,39.61000061035156,37.88999938964844,38.970001220703125,,29200
2020-12-08,38.95000076293945,38.95000076293945,38.209999084472656,38.93999862670898,,21200
2020-12-09,38.93999862670898,39.47999954223633,38.310001373291016,38.459999084472656,,17800
2020-12-10,38.459999084472656,40.540000915527344,38.150001525878906,40.540000915527344,,26200
2020-12-11,40.25,40.5,39.40999984741211,40.36000061035156,,6600
2020-12-14,40.5,41.11000061035156,39.5,39.630001068115234,,28300
2020-12-15,40.13999938964844,41.0,38.68000030517578,40.33000183105469,,32600
2020-12-16,39.9900016784668,41.5,39.9900016784668,41.400001525878906,,14300
2020-12-17,41.0099983215332,41.400001525878906,40.18999862670898,40.52999877929688,,9400
2020-12-18,40.58000183105469,42.59999847412109,39.77999877929688,42.59999847412109,,37400
2020-12-21,41.18000030517578,41.33000183105469,39.52000045776367,41.02000045776367,,31500
2020-12-22,41.20000076293945,41.70000076293945,40.290000915527344,41.400001525878906,,23100
2020-12-23,41.400001525878906,42.0,40.2599983215332,40.5099983215332,,14000
2020-12-24,40.2599983215332,40.2599983215332,39.09999847412109,39.47999954223633,,10100
2020-12-28,39.5,40.290000915527344,30.700000762939453,31.600000381469727,,279900
2020-12-29,31.290000915527344,34.0,31.170000076293945,32.66999816894531,,77400
2020-12-30,30.8700008392334,32.11000061035156,29.18000030517578,31.920000076293945,,91000
2020-12-31,31.700000762939453,31.700000762939453,30.799999237060547,30.96999931335449,,17000
2021-01-04,31.100000381469727,31.100000381469727,28.270000457763672,29.25,,39400
2021-01-05,29.18000030517578,31.0,29.0,30.979999542236328,,20800
2021-01-06,30.56999969482422,30.96999931335449,29.0,29.450000762939453,,33100
2021-01-07,29.3799991607666,29.3799991607666,28.34000015258789,28.71999931335449,,43400
2021-01-08,28.920000076293945,30.350000381469727,28.5,29.489999771118164,,36500
2021-01-11,29.489999771118164,29.76000022888184,28.600000381469727,28.899999618530277,,18400
2021-01-12,28.799999237060547,29.450000762939453,28.36000061035156,28.739999771118164,,17500
2021-01-13,28.739999771118164,29.96999931335449,28.51000022888184,29.399999618530277,,41700
2021-01-14,29.57999992370605,30.309999465942383,28.989999771118164,29.049999237060547,,18900
2021-01-15,29.100000381469727,29.11000061035156,28.0,28.700000762939453,,23500
2021-01-19,29.690000534057617,30.350000381469727,29.100000381469727,30.030000686645508,,22400
2021-01-20,30.21999931335449,32.279998779296875,30.11000061035156,31.030000686645508,,73700
2021-01-21,31.020000457763672,32.400001525878906,31.020000457763672,31.75,,21200
2021-01-22,31.799999237060547,32.630001068115234,31.63999938964844,32.400001525878906,,19100
2021-01-25,32.099998474121094,32.779998779296875,31.350000381469727,31.90999984741211,,24700
2021-01-26,31.989999771118164,34.22999954223633,31.950000762939453,33.65999984741211,,28300
2021-01-27,33.31999969482422,33.540000915527344,30.040000915527344,32.369998931884766,,19000
2021-01-28,32.58000183105469,33.0,30.65999984741211,31.899999618530277,,10800
2021-01-29,32.25,32.25,30.270000457763672,30.959999084472656,,14300
2021-02-01,31.18000030517578,32.459999084472656,31.18000030517578,32.459999084472656,,9300
2021-02-02,32.5,32.5,31.57999992370605,32.15999984741211,,5400
2021-02-03,31.280000686645508,33.5,31.280000686645508,33.220001220703125,,17100
2021-02-04,33.41999816894531,33.470001220703125,32.34000015258789,33.29999923706055,,9600
2021-02-05,31.61000061035156,31.61000061035156,24.559999465942383,26.709999084472656,,173200
2021-02-08,26.709999084472656,28.0,26.0,26.559999465942383,,91500
2021-02-09,26.709999084472656,27.100000381469727,26.0,26.420000076293945,,42700
2021-02-10,27.5,28.75,26.5,26.93000030517578,,60600
2021-02-11,26.729999542236328,27.040000915527344,25.239999771118164,25.82999992370605,,29900
2021-02-12,25.90999984741211,26.75,25.68000030517578,26.729999542236328,,37400
2021-02-16,26.57999992370605,26.57999992370605,25.5,25.65999984741211,,41700
2021-02-17,25.540000915527344,26.56999969482422,25.479999542236328,26.13999938964844,,27900
2021-02-18,26.6200008392334,27.6200008392334,26.530000686645508,26.88999938964844,,51800
2021-02-19,27.049999237060547,27.049999237060547,26.43000030517578,26.43000030517578,,21700
2021-02-22,26.5,26.530000686645508,25.59000015258789,25.989999771118164,,22700
2021-02-23,25.649999618530277,25.90999984741211,23.75,24.950000762939453,,49000
2021-02-24,25.13999938964844,26.030000686645508,25.0,25.40999984741211,,23700
2021-02-25,25.290000915527344,27.09000015258789,24.8700008392334,26.450000762939453,,46700
2021-02-26,26.31999969482422,26.40999984741211,24.649999618530277,24.649999618530277,,40000
2021-03-01,24.670000076293945,25.850000381469727,24.670000076293945,25.530000686645508,,23900
2021-03-02,25.040000915527344,25.82999992370605,24.899999618530277,25.76000022888184,,17300
2021-03-03,25.239999771118164,25.540000915527344,24.01000022888184,24.26000022888184,,25800
2021-03-04,23.700000762939453,23.770000457763672,21.649999618530277,22.25,,53000
2021-03-05,22.51000022888184,23.520000457763672,21.25,22.770000457763672,,39400
2021-03-08,22.940000534057617,23.38999938964844,21.350000381469727,21.96999931335449,,84100
2021-03-09,22.13999938964844,23.25,22.06999969482422,22.809999465942383,,45400
2021-03-10,22.809999465942383,23.09000015258789,22.309999465942383,22.65999984741211,,18900
2021-03-11,22.739999771118164,23.82999992370605,22.739999771118164,23.32999992370605,,23600
2021-03-12,23.350000381469727,24.739999771118164,23.0,23.600000381469727,,28300
2021-03-15,23.420000076293945,24.36000061035156,23.270000457763672,23.530000686645508,,19100
2021-03-16,23.81999969482422,24.36000061035156,23.59000015258789,23.770000457763672,,9300
2021-03-17,23.540000915527344,23.86000061035156,23.25,23.25,,8100
2021-03-18,23.350000381469727,23.729999542236328,22.549999237060547,22.93000030517578,,9400
2021-03-19,23.280000686645508,24.989999771118164,22.899999618530277,24.989999771118164,,37500
2021-03-22,24.690000534057617,24.690000534057617,23.290000915527344,23.489999771118164,,18800
2021-03-23,23.770000457763672,23.770000457763672,22.56999969482422,22.96999931335449,,13000
2021-03-24,23.059999465942383,28.309999465942383,22.790000915527344,26.96999931335449,,128200
2021-03-25,27.420000076293945,28.200000762939453,26.299999237060547,27.0,,75800
2021-03-26,27.309999465942383,27.309999465942383,25.63999938964844,26.899999618530277,,21700
2021-03-29,27.190000534057617,27.40999984741211,25.71999931335449,25.809999465942383,,30700
2021-03-30,25.63999938964844,26.34000015258789,25.63999938964844,26.270000457763672,,12900
2021-03-31,26.43000030517578,27.21999931335449,25.76000022888184,26.950000762939453,,19400
2021-04-01,27.0,27.36000061035156,26.549999237060547,27.09000015258789,,20800
2021-04-05,27.149999618530277,27.700000762939453,26.959999084472656,27.549999237060547,,28100
2021-04-06,27.56999969482422,27.84000015258789,26.93000030517578,27.1200008392334,,17000
2021-04-07,27.3799991607666,27.6200008392334,26.549999237060547,27.0,,19200
2021-04-08,26.979999542236328,27.0,26.75,26.770000457763672,,5300
2021-04-09,26.809999465942383,27.0,26.549999237060547,26.88999938964844,,10600
2021-04-12,26.989999771118164,26.989999771118164,25.799999237060547,25.799999237060547,,9700
2021-04-13,25.559999465942383,27.0,25.559999465942383,25.76000022888184,,10200
2021-04-14,26.1200008392334,26.739999771118164,26.01000022888184,26.56999969482422,,10900
2021-04-15,26.5,26.700000762939453,25.68000030517578,26.040000915527344,,11500
2021-04-16,25.959999084472656,26.440000534057617,25.81999969482422,26.030000686645508,,4700
2021-04-19,26.0,26.71999931335449,25.6200008392334,26.209999084472656,,6200
2021-04-20,25.729999542236328,26.21999931335449,25.420000076293945,25.979999542236328,,8600
2021-04-21,25.440000534057617,26.71999931335449,25.40999984741211,25.93000030517578,,17300
2021-04-22,26.25,26.57999992370605,26.100000381469727,26.280000686645508,,9400
2021-04-23,26.5,27.0,26.38999938964844,26.8799991607666,,16300
2021-04-26,26.670000076293945,26.84000015258789,26.209999084472656,26.6299991607666,,5900
2021-04-27,26.809999465942383,29.209999084472656,26.809999465942383,29.209999084472656,,63900
2021-04-28,28.940000534057617,29.56999969482422,28.46999931335449,29.040000915527344,,18000
2021-04-29,28.920000076293945,28.920000076293945,27.899999618530277,28.09000015258789,,7200
2021-04-30,28.11000061035156,29.25,28.01000022888184,28.520000457763672,,11900
2021-05-03,28.5,29.280000686645508,27.600000381469727,28.540000915527344,,15700
2021-05-04,28.239999771118164,29.290000915527344,27.850000381469727,29.0,,18900
2021-05-05,28.950000762939453,29.63999938964844,28.530000686645508,29.299999237060547,,15500
2021-05-06,29.11000061035156,29.600000381469727,28.190000534057617,29.299999237060547,,11600
2021-05-07,32.0,38.45000076293945,31.979999542236328,34.369998931884766,,115300
2021-05-10,34.400001525878906,35.150001525878906,33.099998474121094,34.75,,68300
2021-05-11,34.25,34.25,33.08000183105469,33.560001373291016,,16800
2021-05-12,33.560001373291016,34.0,32.290000915527344,32.79999923706055,,19200
2021-05-13,32.900001525878906,33.88999938964844,32.5,33.20000076293945,,41100
2021-05-14,33.97999954223633,35.2599983215332,33.5099983215332,35.0,,26900
2021-05-17,35.2599983215332,35.93000030517578,33.90999984741211,35.459999084472656,,14700
2021-05-18,35.72999954223633,35.72999954223633,35.06999969482422,35.38999938964844,,7000
2021-05-19,35.16999816894531,35.16999816894531,34.40999984741211,35.130001068115234,,5900
2021-05-20,34.70000076293945,35.810001373291016,34.52000045776367,35.66999816894531,,28500
2021-05-21,35.56999969482422,35.79999923706055,34.59000015258789,35.79999923706055,,5500
2021-05-24,35.13999938964844,35.40999984741211,34.7599983215332,34.88999938964844,,13500
2021-05-25,33.189998626708984,35.09000015258789,33.189998626708984,33.75,,14600
2021-05-26,34.25,34.91999816894531,33.52000045776367,34.310001373291016,,15500
2021-05-27,34.83000183105469,35.68000030517578,33.720001220703125,34.099998474121094,,19400
2021-05-28,34.27000045776367,34.529998779296875,34.060001373291016,34.18000030517578,,9900
2021-06-01,34.38999938964844,34.38999938964844,33.560001373291016,33.63999938964844,,2800
2021-06-02,33.65999984741211,34.470001220703125,33.16999816894531,33.970001220703125,,8600
2021-06-03,33.20000076293945,33.779998779296875,33.0099983215332,33.599998474121094,,5400
2021-06-04,33.75,34.13999938964844,33.63999938964844,33.63999938964844,,5900
2021-06-07,33.93000030517578,33.93000030517578,33.0099983215332,33.400001525878906,,10000
2021-06-08,33.91999816894531,33.9900016784668,33.060001373291016,33.150001525878906,,6200
2021-06-09,33.20000076293945,33.95000076293945,33.20000076293945,33.2599983215332,,2600
2021-06-10,33.5,33.5,33.0,33.0,,7000
2021-06-11,33.0099983215332,33.150001525878906,32.2400016784668,32.2400016784668,,5200
2021-06-14,32.150001525878906,33.0099983215332,32.04999923706055,32.290000915527344,,16800
2021-06-15,32.5099983215332,34.02000045776367,32.47999954223633,33.33000183105469,,23700
2021-06-16,33.20000076293945,34.47999954223633,32.689998626708984,32.689998626708984,,13700
2021-06-17,33.16999816894531,33.16999816894531,30.01000022888184,31.0,,23500
2021-06-18,30.88999938964844,30.920000076293945,28.690000534057617,28.979999542236328,,52600
2021-06-21,29.549999237060547,29.850000381469727,29.0,29.07999992370605,,10000
2021-06-22,29.6200008392334,29.6200008392334,28.709999084472656,29.309999465942383,,9500
2021-06-23,29.26000022888184,29.51000022888184,28.780000686645508,29.350000381469727,,4900
2021-06-24,29.049999237060547,29.700000762939453,28.549999237060547,29.309999465942383,,10500
2021-06-25,29.649999618530277,32.619998931884766,28.88999938964844,30.0,,50900
2021-06-28,30.0,31.489999771118164,29.649999618530277,30.11000061035156,,22100
2021-06-29,29.88999938964844,31.11000061035156,29.670000076293945,30.549999237060547,,9200
2021-06-30,30.84000015258789,31.3700008392334,30.26000022888184,30.559999465942383,,12400
2021-07-01,30.559999465942383,31.899999618530277,30.549999237060547,31.299999237060547,,30100
2021-07-02,31.190000534057617,31.690000534057617,30.8700008392334,31.100000381469727,,9100
2021-07-06,31.100000381469727,31.299999237060547,30.149999618530277,30.149999618530277,,8900
2021-07-07,30.34000015258789,30.770000457763672,30.34000015258789,30.770000457763672,,5900
2021-07-08,30.209999084472656,30.700000762939453,29.799999237060547,30.030000686645508,,2800
2021-07-09,30.21999931335449,30.739999771118164,29.809999465942383,30.309999465942383,,7600
2021-07-12,30.26000022888184,30.799999237060547,29.809999465942383,30.07999992370605,,6200
2021-07-13,30.15999984741211,30.18000030517578,29.18000030517578,29.34000015258789,,8700
2021-07-14,29.0,29.57999992370605,28.43000030517578,28.799999237060547,,13400
2021-07-15,29.07999992370605,30.440000534057617,28.200000762939453,28.81999969482422,,60700
2021-07-16,29.13999938964844,29.530000686645508,28.5,29.149999618530277,,46300
2021-07-19,28.51000022888184,28.81999969482422,27.3700008392334,28.100000381469727,,15900
2021-07-20,28.09000015258789,29.57999992370605,28.09000015258789,29.01000022888184,,14100
2021-07-21,29.5,30.149999618530277,29.01000022888184,29.3799991607666,,29600
2021-07-22,29.25,30.32999992370605,29.25,29.850000381469727,,35300
2021-07-23,29.959999084472656,30.030000686645508,29.149999618530277,29.36000061035156,,38100
2021-07-26,28.309999465942383,29.90999984741211,28.309999465942383,29.6200008392334,,19700
2021-07-27,28.780000686645508,29.729999542236328,28.46999931335449,29.450000762939453,,42700
2021-07-28,29.46999931335449,30.149999618530277,29.309999465942383,30.149999618530277,,8000
2021-07-29,29.88999938964844,30.790000915527344,29.799999237060547,30.790000915527344,,6000
2021-07-30,30.739999771118164,31.26000022888184,30.270000457763672,30.68000030517578,,10000
2021-08-02,30.46999931335449,30.86000061035156,29.76000022888184,29.790000915527344,,4900
2021-08-03,29.809999465942383,30.290000915527344,29.399999618530277,30.25,,2200
2021-08-04,30.25,30.25,30.25,30.25,,800
2021-08-05,29.770000457763672,29.770000457763672,29.399999618530277,29.690000534057617,,2100
2021-08-06,29.71999931335449,30.8799991607666,29.71999931335449,30.200000762939453,,20800
2021-08-09,30.1299991607666,31.25,30.1299991607666,30.700000762939453,,15000
2021-08-10,30.600000381469727,30.8700008392334,30.030000686645508,30.5,,11600
2021-08-11,30.5,30.709999084472656,30.21999931335449,30.36000061035156,,4800
2021-08-12,30.63999938964844,31.0,30.13999938964844,30.450000762939453,,10800
2021-08-13,30.32999992370605,30.450000762939453,30.0,30.0,,5400
2021-08-16,29.989999771118164,30.8799991607666,29.989999771118164,30.3700008392334,,9000
2021-08-17,29.989999771118164,30.43000030517578,29.5,30.190000534057617,,6800
2021-08-18,30.25,31.0,29.540000915527344,30.809999465942383,,8900
2021-08-19,30.450000762939453,30.799999237060547,29.040000915527344,29.850000381469727,,34100
2021-08-20,29.96999931335449,31.5,29.96999931335449,31.0,,21300
2021-08-23,31.170000076293945,31.8700008392334,30.34000015258789,30.75,,15300
2021-08-24,30.899999618530277,31.32999992370605,30.01000022888184,31.299999237060547,,8700
2021-08-25,31.0,32.0,30.81999969482422,31.51000022888184,,7200
2021-08-26,31.3799991607666,31.51000022888184,30.200000762939453,30.649999618530277,,19000
2021-08-27,28.5,29.0,26.280000686645508,26.34000015258789,,98200
2021-08-30,26.690000534057617,27.32999992370605,25.65999984741211,25.700000762939453,,18200
2021-08-31,25.31999969482422,26.06999969482422,24.90999984741211,25.200000762939453,,29300
2021-09-01,25.5,26.59000015258789,25.299999237060547,25.51000022888184,,16700
2021-09-02,25.399999618530277,26.0,25.020000457763672,25.15999984741211,,27800
2021-09-03,25.34000015258789,26.25,25.149999618530277,26.0,,9700
2021-09-07,25.68000030517578,26.0,25.149999618530277,25.270000457763672,,11800
2021-09-08,25.15999984741211,25.489999771118164,24.600000381469727,24.690000534057617,,13400
2021-09-09,24.600000381469727,24.600000381469727,23.61000061035156,23.780000686645508,,15700
2021-09-10,24.149999618530277,24.56999969482422,23.950000762939453,24.26000022888184,,20100
2021-09-13,24.21999931335449,25.450000762939453,24.040000915527344,25.0,,27100
2021-09-14,25.350000381469727,25.670000076293945,24.56999969482422,24.63999938964844,,14400
2021-09-15,25.5,27.38999938964844,25.5,25.88999938964844,,27900
2021-09-16,25.90999984741211,26.75,25.5,25.559999465942383,,34400
2021-09-17,25.81999969482422,26.399999618530277,25.31999969482422,26.399999618530277,,84500
2021-09-20,25.82999992370605,26.5,25.82999992370605,26.06999969482422,,2800
2021-09-21,26.489999771118164,27.13999938964844,26.450000762939453,26.559999465942383,,7200
2021-09-22,26.940000534057617,27.239999771118164,26.450000762939453,27.13999938964844,,4400
2021-09-23,26.979999542236328,27.0,26.600000381469727,26.600000381469727,,5500
2021-09-24,27.100000381469727,27.100000381469727,26.0,26.0,,1700
2021-09-27,26.350000381469727,26.649999618530277,26.07999992370605,26.09000015258789,,2700
2021-09-28,26.239999771118164,26.729999542236328,26.059999465942383,26.729999542236328,,6200
2021-09-29,26.82999992370605,26.82999992370605,25.559999465942383,25.559999465942383,,9000
2021-09-30,25.950000762939453,25.950000762939453,25.670000076293945,25.670000076293945,,2000
2021-10-01,25.559999465942383,25.729999542236328,25.559999465942383,25.729999542236328,,2700
2021-10-04,25.600000381469727,25.690000534057617,23.06999969482422,24.670000076293945,,28300
2021-10-05,25.350000381469727,25.899999618530277,24.459999084472656,25.799999237060547,,14600
2021-10-06,24.549999237060547,26.0,24.549999237060547,25.31999969482422,,4700
2021-10-07,25.6200008392334,26.040000915527344,24.809999465942383,24.809999465942383,,2700
2021-10-08,25.200000762939453,25.270000457763672,24.850000381469727,24.850000381469727,,5600
2021-10-11,25.18000030517578,25.31999969482422,25.100000381469727,25.100000381469727,,1700
2021-10-12,25.40999984741211,25.40999984741211,24.90999984741211,24.90999984741211,,1400
2021-10-13,25.899999618530277,25.899999618530277,25.100000381469727,25.100000381469727,,1500
2021-10-14,25.100000381469727,25.989999771118164,24.899999618530277,25.700000762939453,,5500
2021-10-15,26.459999084472656,26.459999084472656,25.399999618530277,25.709999084472656,,2600
2021-10-18,25.100000381469727,26.0,25.100000381469727,25.899999618530277,,1000
2021-10-19,25.38999938964844,25.549999237060547,25.149999618530277,25.149999618530277,,5400
2021-10-20,25.049999237060547,25.149999618530277,25.049999237060547,25.100000381469727,,1900
2021-10-21,25.600000381469727,25.600000381469727,25.25,25.25,,900
2021-10-22,25.399999618530277,25.459999084472656,24.5,25.43000030517578,,8100
2021-10-25,25.32999992370605,25.32999992370605,24.84000015258789,25.049999237060547,,4900
2021-10-26,25.049999237060547,25.049999237060547,24.290000915527344,24.690000534057617,,3700
2021-10-27,24.540000915527344,24.540000915527344,23.84000015258789,24.239999771118164,,4000
2021-10-28,24.209999084472656,25.3799991607666,24.209999084472656,25.3799991607666,,1800
2021-10-29,24.989999771118164,25.0,24.270000457763672,24.270000457763672,,2400
2021-11-01,24.600000381469727,25.170000076293945,24.299999237060547,25.0,,2900
2021-11-02,24.96999931335449,25.21999931335449,24.549999237060547,24.979999542236328,,4600
2021-11-03,25.100000381469727,25.32999992370605,25.0,25.1200008392334,,8500
2021-11-04,24.920000076293945,25.100000381469727,24.690000534057617,24.690000534057617,,3200
2021-11-05,24.56999969482422,25.75,24.56999969482422,24.989999771118164,,8100
2021-11-08,24.5,25.5,24.5,25.26000022888184,,2200
2021-11-09,25.0,25.25,25.0,25.239999771118164,,1100
2021-11-10,24.56999969482422,25.01000022888184,24.56999969482422,25.0,,900
2021-11-11,25.0,25.149999618530277,24.729999542236328,24.729999542236328,,3300
2021-11-12,24.5,24.5,23.26000022888184,23.26000022888184,,17700
2021-11-15,23.200000762939453,23.5,22.75,23.170000076293945,,16400
2021-11-16,23.25,23.5,21.0,21.11000061035156,,77200
2021-11-17,21.149999618530277,21.940000534057617,21.0,21.0,,8600
2021-11-18,21.0,21.399999618530277,20.059999465942383,20.530000686645508,,10800
2021-11-19,20.5,20.81999969482422,20.15999984741211,20.440000534057617,,23700
2021-11-22,20.59000015258789,21.709999084472656,20.5,20.5,,20300
2021-11-23,20.71999931335449,22.959999084472656,20.700000762939453,22.790000915527344,,23300
2021-11-24,22.239999771118164,23.1299991607666,21.1299991607666,22.790000915527344,,10200
2021-11-26,22.31999969482422,22.96999931335449,22.200000762939453,22.479999542236328,,9600
2021-11-29,22.549999237060547,24.989999771118164,22.549999237060547,23.809999465942383,,19800
2021-11-30,23.82999992370605,24.979999542236328,22.200000762939453,22.549999237060547,,23300
2021-12-01,22.690000534057617,24.030000686645508,22.25,22.25,,20300
2021-12-02,22.420000076293945,24.11000061035156,22.01000022888184,22.8700008392334,,42700
2021-12-03,22.8700008392334,24.709999084472656,21.8799991607666,22.21999931335449,,28300
2021-12-06,22.700000762939453,23.700000762939453,21.75,23.190000534057617,,12800
2021-12-07,23.700000762939453,24.540000915527344,23.280000686645508,24.540000915527344,,6800
2021-12-08,24.190000534057617,25.600000381469727,23.61000061035156,24.049999237060547,,23200
2021-12-09,24.049999237060547,24.88999938964844,23.88999938964844,23.88999938964844,,3300
2021-12-10,23.229999542236328,24.0,23.13999938964844,23.479999542236328,,3000
2021-12-13,23.799999237060547,23.989999771118164,23.5,23.5,,2500
2021-12-14,23.51000022888184,23.51000022888184,21.40999984741211,23.07999992370605,,8200
2021-12-15,23.399999618530277,24.0,22.11000061035156,23.6200008392334,,11700
2021-12-16,23.350000381469727,24.3799991607666,22.57999992370605,24.0,,10700
2021-12-17,23.899999618530277,23.899999618530277,22.90999984741211,22.90999984741211,,12400
2021-12-20,23.43000030517578,23.43000030517578,22.25,23.21999931335449,,8400
2021-12-21,23.0,23.299999237060547,22.65999984741211,23.0,,5500
2021-12-22,23.059999465942383,23.36000061035156,22.68000030517578,22.68000030517578,,4500
2021-12-23,22.459999084472656,23.899999618530277,22.450000762939453,23.600000381469727,,2900
2021-12-27,21.88999938964844,24.0,21.88999938964844,24.0,,7500
2021-12-28,23.520000457763672,24.209999084472656,23.520000457763672,23.63999938964844,,4700
2021-12-29,23.020000457763672,23.989999771118164,22.600000381469727,23.989999771118164,,2700
2021-12-30,22.600000381469727,23.989999771118164,22.600000381469727,23.979999542236328,,4400
2021-12-31,23.61000061035156,23.71999931335449,23.209999084472656,23.209999084472656,,2500
2022-01-03,23.5,24.46999931335449,23.5,24.43000030517578,,3000
2022-01-04,24.700000762939453,25.75,24.68000030517578,25.100000381469727,,6600
2022-01-05,25.239999771118164,25.6299991607666,24.51000022888184,24.51000022888184,,7100
2022-01-06,24.86000061035156,25.5,23.25,24.43000030517578,,4200
2022-01-07,24.43000030517578,24.43000030517578,24.43000030517578,24.43000030517578,,300
2022-01-10,24.200000762939453,24.280000686645508,24.0,24.0,,2300
2022-01-11,23.25,24.0,23.25,23.850000381469727,,3200
2022-01-12,23.96999931335449,24.989999771118164,23.96999931335449,24.989999771118164,,3100
2022-01-13,25.0,25.5,24.209999084472656,24.209999084472656,,6300
2022-01-14,24.43000030517578,25.86000061035156,24.01000022888184,25.1299991607666,,9100
2022-01-18,25.030000686645508,25.200000762939453,24.040000915527344,24.450000762939453,,9200
2022-01-19,24.5,24.75,24.049999237060547,24.649999618530277,,9400
2022-01-20,24.299999237060547,24.450000762939453,23.88999938964844,24.100000381469727,,8800
2022-01-21,23.920000076293945,25.3799991607666,23.25,23.75,,17400
2022-01-24,24.0,24.25,23.280000686645508,24.239999771118164,,5800
2022-01-25,24.309999465942383,25.6299991607666,24.309999465942383,24.799999237060547,,4500
2022-01-26,24.989999771118164,25.59000015258789,24.700000762939453,24.700000762939453,,8200
2022-01-27,25.0,25.0,24.100000381469727,24.84000015258789,,5000
2022-01-28,24.030000686645508,24.200000762939453,23.32999992370605,23.809999465942383,,2100
2022-01-31,23.809999465942383,25.280000686645508,23.729999542236328,24.549999237060547,,8800
2022-02-01,24.549999237060547,24.549999237060547,24.549999237060547,24.549999237060547,,0
2022-02-02,25.540000915527344,26.51000022888184,25.11000061035156,25.809999465942383,,8000
2022-02-03,25.549999237060547,25.88999938964844,24.979999542236328,24.979999542236328,,3100
2022-02-04,23.86000061035156,23.86000061035156,20.770000457763672,22.530000686645508,,27900
2022-02-07,22.399999618530277,22.5,22.0,22.200000762939453,,8900
2022-02-08,22.600000381469727,23.200000762939453,21.649999618530277,22.0,,7900
2022-02-09,22.100000381469727,22.299999237060547,21.600000381469727,21.600000381469727,,6900
2022-02-10,22.190000534057617,22.190000534057617,20.76000022888184,21.0,,10100
2022-02-11,21.040000915527344,21.559999465942383,20.799999237060547,21.25,,9400
2022-02-14,21.0,21.299999237060547,19.82999992370605,19.82999992370605,,9600
2022-02-15,19.899999618530277,20.5,19.5,19.809999465942383,,15100
2022-02-16,20.0,21.01000022888184,19.920000076293945,20.309999465942383,,5500
2022-02-17,20.32999992370605,20.32999992370605,19.51000022888184,20.049999237060547,,1300
2022-02-18,19.700000762939453,19.700000762939453,19.13999938964844,19.31999969482422,,5300
2022-02-22,19.31999969482422,19.399999618530277,17.290000915527344,17.540000915527344,,13800
2022-02-23,17.479999542236328,18.989999771118164,17.040000915527344,17.270000457763672,,7600
2022-02-24,16.479999542236328,17.579999923706055,16.479999542236328,16.799999237060547,,49900
2022-02-25,17.209999084472656,17.579999923706055,16.940000534057617,17.0,,6400
2022-02-28,16.719999313354492,18.600000381469727,16.719999313354492,18.559999465942383,,14500
2022-03-01,18.56999969482422,19.3700008392334,17.700000762939453,17.700000762939453,,5500
2022-03-02,19.46999931335449,19.46999931335449,18.020000457763672,18.56999969482422,,7000
2022-03-03,18.790000915527344,18.979999542236328,18.549999237060547,18.979999542236328,,3400
2022-03-04,17.889999389648438,18.61000061035156,17.829999923706055,17.829999923706055,,5100
2022-03-07,17.829999923706055,17.829999923706055,16.049999237060547,16.110000610351562,,9400
2022-03-08,16.31999969482422,16.329999923706055,15.06999969482422,15.06999969482422,,11100
2022-03-09,15.369999885559082,15.989999771118164,15.0,15.0,,5500
2022-03-10,15.279999732971191,15.5600004196167,15.050000190734863,15.479999542236328,,14600
2022-03-11,14.93000030517578,16.530000686645508,14.93000030517578,15.800000190734863,,10400
2022-03-14,15.390000343322754,16.719999313354492,15.390000343322754,15.920000076293944,,13400
2022-03-15,16.18000030517578,17.0,15.9399995803833,15.9399995803833,,8200
2022-03-16,16.5,16.5,15.3100004196167,15.510000228881836,,8300
2022-03-17,15.8100004196167,16.170000076293945,15.5600004196167,15.640000343322754,,7800
2022-03-18,15.979999542236328,16.899999618530273,15.520000457763672,15.739999771118164,,14800
2022-03-21,16.0,16.709999084472656,15.760000228881836,16.510000228881836,,7900
2022-03-22,16.59000015258789,18.21999931335449,16.59000015258789,17.100000381469727,,16400
2022-03-23,17.040000915527344,19.51000022888184,16.81999969482422,18.190000534057617,,18000
2022-03-24,18.0,18.3799991607666,17.610000610351562,18.3799991607666,,800
2022-03-25,18.399999618530277,18.399999618530277,17.510000228881836,18.0,,2300
2022-03-28,17.829999923706055,18.0,17.100000381469727,17.700000762939453,,6700
2022-03-29,16.959999084472656,17.690000534057617,16.959999084472656,17.219999313354492,,5100
2022-03-30,17.079999923706055,17.18000030517578,16.399999618530273,16.989999771118164,,7400
2022-03-31,16.56999969482422,17.739999771118164,16.530000686645508,16.530000686645508,,4100
2022-04-01,17.719999313354492,17.719999313354492,16.200000762939453,16.200000762939453,,1700
2022-04-04,16.200000762939453,16.75,16.200000762939453,16.299999237060547,,5500
2022-04-05,16.149999618530273,16.200000762939453,15.670000076293944,15.6899995803833,,6400
2022-04-06,15.670000076293944,15.670000076293944,14.5600004196167,14.600000381469728,,13600
2022-04-07,14.5,14.9399995803833,14.020000457763672,14.380000114440918,,34100
2022-04-08,14.130000114440918,14.949999809265137,14.130000114440918,14.470000267028809,,16400
2022-04-11,14.720000267028809,15.100000381469728,13.489999771118164,14.739999771118164,,25100
2022-04-12,14.649999618530272,14.90999984741211,13.800000190734863,14.350000381469728,,23500
2022-04-13,14.5600004196167,14.75,14.100000381469728,14.619999885559082,,7200
2022-04-14,14.59000015258789,15.510000228881836,14.59000015258789,15.279999732971191,,10000
2022-04-18,15.010000228881836,15.130000114440918,13.920000076293944,13.920000076293944,,18900
2022-04-19,13.920000076293944,16.0,13.920000076293944,15.510000228881836,,29900
2022-04-20,15.489999771118164,17.049999237060547,15.359999656677246,16.350000381469727,,21600
2022-04-21,16.059999465942383,16.65999984741211,15.010000228881836,15.199999809265137,,17400
2022-04-22,15.130000114440918,15.300000190734863,14.550000190734863,14.550000190734863,,6500
2022-04-25,14.760000228881836,15.479999542236328,14.510000228881836,15.18000030517578,,8000
2022-04-26,15.239999771118164,15.260000228881836,14.510000228881836,14.630000114440918,,6300
2022-04-27,14.850000381469728,15.609999656677246,14.539999961853027,14.710000038146973,,15300
2022-04-28,14.699999809265137,15.0600004196167,14.699999809265137,14.949999809265137,,5700
2022-04-29,15.0,15.470000267028809,14.649999618530272,15.100000381469728,,8500
2022-05-02,15.229999542236328,15.40999984741211,14.850000381469728,15.100000381469728,,2900
2022-05-03,15.15999984741211,16.010000228881836,15.0,15.359999656677246,,9100
2022-05-04,15.630000114440918,16.270000457763672,15.34000015258789,15.670000076293944,,6300
2022-05-05,15.479999542236328,16.040000915527344,14.869999885559082,15.350000381469728,,6200
2022-05-06,14.81999969482422,14.81999969482422,12.399999618530272,13.75,,37500
2022-05-09,13.710000038146973,13.710000038146973,13.0,13.15999984741211,,5200
2022-05-10,13.300000190734863,15.960000038146973,13.300000190734863,15.289999961853027,,57300
2022-05-11,15.15999984741211,16.25,14.619999885559082,14.850000381469728,,11700
2022-05-12,15.039999961853027,15.34000015258789,14.06999969482422,14.890000343322754,,8600
2022-05-13,14.520000457763672,15.1899995803833,14.149999618530272,15.119999885559082,,13700
2022-05-16,14.920000076293944,16.56999969482422,14.920000076293944,16.09000015258789,,11300
2022-05-17,15.979999542236328,16.610000610351562,15.800000190734863,16.510000228881836,,4100
2022-05-18,15.850000381469728,16.299999237060547,15.300000190734863,16.190000534057617,,5500
2022-05-19,15.699999809265137,15.899999618530272,15.100000381469728,15.109999656677246,,2500
2022-05-20,15.06999969482422,15.06999969482422,15.06999969482422,15.06999969482422,,500
2022-05-23,15.3100004196167,15.600000381469728,14.75,15.600000381469728,,2600
2022-05-24,15.600000381469728,15.600000381469728,14.59000015258789,15.050000190734863,,6100
2022-05-25,15.06999969482422,15.34000015258789,15.06999969482422,15.34000015258789,,2000
2022-05-26,15.460000038146973,15.699999809265137,15.25,15.510000228881836,,2100
2022-05-27,15.510000228881836,15.510000228881836,15.510000228881836,15.510000228881836,,0
2022-05-31,15.710000038146973,16.440000534057617,15.289999961853027,15.989999771118164,,6300
2022-06-01,15.779999732971191,15.859999656677246,15.59000015258789,15.859999656677246,,2500
2022-06-02,15.529999732971191,16.18000030517578,15.170000076293944,15.170000076293944,,9900
2022-06-03,15.5,15.5600004196167,15.300000190734863,15.5600004196167,,2700
2022-06-06,15.899999618530272,16.079999923706055,15.630000114440918,15.630000114440918,,5300
2022-06-07,16.75,17.0,16.010000228881836,16.049999237060547,,3800
2022-06-08,16.020000457763672,16.489999771118164,16.020000457763672,16.489999771118164,,800
2022-06-09,16.489999771118164,16.489999771118164,16.489999771118164,16.489999771118164,,400
2022-06-10,15.760000228881836,15.760000228881836,15.760000228881836,15.760000228881836,,600
2022-06-13,15.75,16.549999237060547,15.43000030517578,15.43000030517578,,16100
2022-06-14,15.729999542236328,16.079999923706055,15.600000381469728,15.739999771118164,,5400
2022-06-15,15.93000030517578,16.239999771118164,15.600000381469728,15.600000381469728,,10000
2022-06-16,15.5600004196167,15.600000381469728,15.550000190734863,15.5600004196167,,2600
2022-06-17,15.220000267028809,15.75,15.220000267028809,15.75,,1000
2022-06-21,15.960000038146973,15.960000038146973,15.18000030517578,15.18000030517578,,500
2022-06-22,15.210000038146973,16.270000457763672,15.210000038146973,15.890000343322754,,3700
2022-06-23,15.920000076293944,16.299999237060547,15.59000015258789,15.729999542236328,,2700
2022-06-24,15.920000076293944,15.920000076293944,15.5,15.5,,1600
2022-06-27,15.5,15.5,15.5,15.5,,300
2022-06-28,15.760000228881836,16.049999237060547,15.760000228881836,15.949999809265137,,2200
2022-06-29,15.920000076293944,16.399999618530273,15.5600004196167,15.949999809265137,,6300
2022-06-30,15.979999542236328,16.43000030517578,15.100000381469728,15.949999809265137,,10800
2022-07-01,15.949999809265137,16.25,15.5600004196167,16.09000015258789,,6100
2022-07-05,15.869999885559082,16.170000076293945,15.199999809265137,15.199999809265137,,1000
2022-07-06,15.390000343322754,15.4399995803833,15.390000343322754,15.4399995803833,,700
2022-07-07,15.600000381469728,15.600000381469728,15.600000381469728,15.600000381469728,,800
2022-07-08,15.579999923706056,16.059999465942383,15.56999969482422,15.979999542236328,,1000
2022-07-11,16.25,16.5,15.789999961853027,15.789999961853027,,2600
2022-07-12,15.829999923706056,15.829999923706056,15.5,15.5,,1000
2022-07-13,15.5,15.829999923706056,15.5,15.760000228881836,,2100
2022-07-14,15.760000228881836,15.760000228881836,15.760000228881836,15.760000228881836,,300
2022-07-15,15.75,15.75,15.539999961853027,15.75,,2400
2022-07-18,15.550000190734863,15.989999771118164,15.550000190734863,15.649999618530272,,6800
2022-07-19,15.630000114440918,15.699999809265137,15.600000381469728,15.600000381469728,,2500
2022-07-20,15.699999809265137,16.25,15.699999809265137,15.989999771118164,,13000
2022-07-21,16.0,16.1200008392334,15.850000381469728,15.850000381469728,,1200
2022-07-22,16.1200008392334,16.1200008392334,16.1200008392334,16.1200008392334,,700
2022-07-25,16.1200008392334,16.1200008392334,16.1200008392334,16.1200008392334,,300
2022-07-26,15.890000343322754,15.890000343322754,15.850000381469728,15.850000381469728,,900
2022-07-27,15.850000381469728,15.850000381469728,15.850000381469728,15.850000381469728,,0
2022-07-28,15.649999618530272,16.5,15.649999618530272,15.899999618530272,,3500
2022-07-29,16.239999771118164,16.760000228881836,16.010000228881836,16.010000228881836,,3200
2022-08-01,15.93000030517578,15.93000030517578,15.149999618530272,15.399999618530272,,7800
2022-08-02,15.399999618530272,15.399999618530272,15.399999618530272,15.399999618530272,,0
2022-08-03,15.489999771118164,15.9399995803833,15.489999771118164,15.800000190734863,,2700
2022-08-04,15.59000015258789,15.899999618530272,15.59000015258789,15.75,,3800
2022-08-05,15.850000381469728,15.949999809265137,15.779999732971191,15.949999809265137,,3300
2022-08-08,16.75,16.75,15.829999923706056,16.15999984741211,,3200
2022-08-09,16.709999084472656,17.0,16.170000076293945,16.170000076293945,,6600
2022-08-10,16.290000915527344,16.799999237060547,16.25,16.670000076293945,,4000
2022-08-11,16.649999618530273,17.600000381469727,16.649999618530273,17.309999465942383,,3400
2022-08-12,17.299999237060547,18.32999992370605,17.020000457763672,17.100000381469727,,7500
2022-08-15,17.299999237060547,18.93000030517578,16.950000762939453,17.309999465942383,,8000
2022-08-16,18.0,18.0,17.450000762939453,17.6299991607666,,2200
2022-08-17,17.510000228881836,17.709999084472656,17.510000228881836,17.709999084472656,,700
2022-08-18,17.559999465942383,17.559999465942383,17.559999465942383,17.559999465942383,,400
2022-08-19,17.559999465942383,17.559999465942383,17.559999465942383,17.559999465942383,,0
2022-08-22,17.549999237060547,17.549999237060547,17.5,17.5,,600
2022-08-23,16.610000610351562,17.549999237060547,16.610000610351562,17.399999618530273,,2600
2022-08-24,17.450000762939453,17.510000228881836,17.450000762939453,17.510000228881836,,500
2022-08-25,17.899999618530273,17.899999618530273,17.899999618530273,17.899999618530273,,900
2022-08-26,18.920000076293945,20.850000381469727,17.989999771118164,18.649999618530277,,17300
2022-08-29,18.5,18.649999618530277,18.100000381469727,18.649999618530277,,2100
2022-08-30,18.959999084472656,19.049999237060547,18.09000015258789,19.0,,8900
2022-08-31,18.950000762939453,19.5,18.950000762939453,19.200000762939453,,5400
2022-09-01,19.149999618530277,19.950000762939453,18.709999084472656,19.600000381469727,,8800
2022-09-02,19.020000457763672,20.020000457763672,19.020000457763672,19.649999618530277,,5300
2022-09-06,19.850000381469727,20.149999618530277,19.649999618530277,19.68000030517578,,9000
2022-09-07,19.84000015258789,20.170000076293945,19.84000015258789,20.170000076293945,,1500
2022-09-08,20.190000534057617,20.25,20.190000534057617,20.25,,400
2022-09-09,20.5,21.43000030517578,20.149999618530277,20.149999618530277,,14300
2022-09-12,20.420000076293945,20.59000015258789,20.200000762939453,20.200000762939453,,4200
2022-09-13,20.0,20.0,18.959999084472656,18.959999084472656,,4200
2022-09-14,19.81999969482422,19.81999969482422,19.049999237060547,19.049999237060547,,1100
2022-09-15,19.190000534057617,19.450000762939453,18.850000381469727,19.190000534057617,,1500
2022-09-16,19.200000762939453,20.25,18.200000762939453,18.200000762939453,,13800
2022-09-19,18.040000915527344,18.059999465942383,17.600000381469727,17.780000686645508,,5900
2022-09-20,18.440000534057617,18.61000061035156,18.020000457763672,18.020000457763672,,2100
2022-09-21,17.989999771118164,19.26000022888184,17.989999771118164,18.25,,5600
2022-09-22,18.170000076293945,18.549999237060547,16.09000015258789,16.200000762939453,,28700
2022-09-23,16.0,17.200000762939453,15.119999885559082,15.119999885559082,,20300
2022-09-26,15.619999885559082,16.43000030517578,14.470000267028809,14.9399995803833,,28200
2022-09-27,15.039999961853027,16.8799991607666,14.949999809265137,15.619999885559082,,28400
2022-09-28,15.899999618530272,17.6299991607666,15.760000228881836,16.450000762939453,,28400
2022-09-29,16.809999465942383,17.31999969482422,16.239999771118164,17.049999237060547,,51600
2022-09-30,16.81999969482422,17.899999618530273,16.700000762939453,17.719999313354492,,10500
2022-10-03,17.75,19.670000076293945,17.579999923706055,18.649999618530277,,23000
2022-10-04,19.049999237060547,19.3700008392334,19.040000915527344,19.34000015258789,,1700
2022-10-05,18.600000381469727,18.96999931335449,18.600000381469727,18.600000381469727,,2100
2022-10-06,18.899999618530277,19.600000381469727,18.899999618530277,19.5,,6000
2022-10-07,19.299999237060547,19.799999237060547,18.899999618530277,19.61000061035156,,10500
2022-10-10,19.21999931335449,19.920000076293945,19.040000915527344,19.520000457763672,,10800
2022-10-11,19.600000381469727,20.549999237060547,19.239999771118164,19.649999618530277,,20400
2022-10-12,19.709999084472656,19.729999542236328,19.030000686645508,19.030000686645508,,900
2022-10-13,19.100000381469727,20.049999237060547,18.899999618530277,19.51000022888184,,11900
2022-10-14,19.559999465942383,20.170000076293945,19.31999969482422,19.780000686645508,,6100
2022-10-17,20.0,21.0,19.93000030517578,19.93000030517578,,3500
2022-10-18,18.88999938964844,20.149999618530277,18.88999938964844,19.5,,8600
2022-10-19,19.32999992370605,19.61000061035156,19.049999237060547,19.100000381469727,,1900
2022-10-20,19.520000457763672,19.799999237060547,19.200000762939453,19.5,,2600
2022-10-21,19.020000457763672,19.600000381469727,19.020000457763672,19.5,,2600
2022-10-24,19.21999931335449,19.21999931335449,18.989999771118164,18.989999771118164,,1000
2022-10-25,19.57999992370605,19.57999992370605,19.57999992370605,19.57999992370605,,100
2022-10-26,19.600000381469727,19.600000381469727,19.280000686645508,19.5,,2100
2022-10-27,19.350000381469727,19.350000381469727,18.8799991607666,18.899999618530277,,1300
2022-10-28,18.799999237060547,19.25,18.3700008392334,19.200000762939453,,4000
2022-10-31,19.399999618530277,19.600000381469727,19.38999938964844,19.38999938964844,,9500
2022-11-01,19.690000534057617,19.690000534057617,18.8799991607666,18.8799991607666,,5600
2022-11-02,19.100000381469727,19.100000381469727,18.799999237060547,18.799999237060547,,1600
2022-11-03,18.5,18.5,17.700000762939453,18.15999984741211,,4100
2022-11-04,17.989999771118164,18.56999969482422,17.65999984741211,17.719999313354492,,7700
2022-11-07,17.3799991607666,17.709999084472656,17.149999618530273,17.149999618530273,,10400
2022-11-08,17.0,17.34000015258789,16.299999237060547,16.309999465942383,,26400
2022-11-09,16.0,16.709999084472656,16.0,16.399999618530273,,16300
2022-11-10,16.40999984741211,17.049999237060547,16.40999984741211,17.0,,3100
2022-11-11,16.219999313354492,17.0,16.139999389648438,17.0,,2000
2022-11-14,16.780000686645508,16.860000610351562,16.780000686645508,16.860000610351562,,1300
2022-11-15,16.809999465942383,16.850000381469727,16.399999618530273,16.850000381469727,,5900
2022-11-16,16.420000076293945,16.420000076293945,16.399999618530273,16.399999618530273,,700
2022-11-17,16.5,17.309999465942383,16.479999542236328,16.600000381469727,,18400
2022-11-18,16.600000381469727,16.600000381469727,16.600000381469727,16.600000381469727,,400
2022-11-21,16.850000381469727,18.489999771118164,16.850000381469727,17.260000228881836,,10400
2022-11-22,17.420000076293945,18.450000762939453,17.3799991607666,17.3799991607666,,14800
2022-11-23,18.0,18.270000457763672,17.6299991607666,17.799999237060547,,6800
2022-11-25,18.010000228881836,18.729999542236328,18.0,18.0,,7300
2022-11-28,18.440000534057617,18.440000534057617,17.450000762939453,17.610000610351562,,2800
2022-11-29,18.239999771118164,18.239999771118164,17.649999618530273,17.799999237060547,,3300
2022-11-30,18.0,19.09000015258789,17.100000381469727,17.610000610351562,,3500
2022-12-01,17.100000381469727,17.510000228881836,17.09000015258789,17.309999465942383,,11400
2022-12-02,17.239999771118164,17.299999237060547,16.68000030517578,16.68000030517578,,8500
2022-12-05,16.790000915527344,17.239999771118164,16.65999984741211,16.899999618530273,,8500
2022-12-06,17.0,17.979999542236328,16.760000228881836,17.200000762939453,,10200
2022-12-07,17.110000610351562,18.059999465942383,17.110000610351562,17.510000228881836,,7700
2022-12-08,17.579999923706055,17.989999771118164,17.5,17.790000915527344,,4000
2022-12-09,17.600000381469727,17.610000610351562,17.600000381469727,17.610000610351562,,600
2022-12-12,17.790000915527344,17.790000915527344,17.790000915527344,17.790000915527344,,400
2022-12-13,17.790000915527344,17.790000915527344,17.790000915527344,17.790000915527344,,400
2022-12-14,17.3799991607666,17.989999771118164,17.3799991607666,17.479999542236328,,2400
2022-12-15,17.899999618530273,17.899999618530273,17.389999389648438,17.389999389648438,,2700
2022-12-16,17.799999237060547,17.799999237060547,17.3700008392334,17.799999237060547,,900
2022-12-19,17.3700008392334,17.399999618530273,16.600000381469727,16.600000381469727,,5300
2022-12-20,16.850000381469727,16.850000381469727,16.389999389648438,16.389999389648438,,1500
2022-12-21,16.520000457763672,16.520000457763672,16.299999237060547,16.329999923706055,,500
2022-12-22,16.3799991607666,16.399999618530273,16.3799991607666,16.399999618530273,,600
2022-12-23,16.260000228881836,16.399999618530273,16.200000762939453,16.399999618530273,,1400
2022-12-27,16.170000076293945,16.170000076293945,15.0,15.800000190734863,,5600
2022-12-28,16.200000762939453,16.200000762939453,15.949999809265137,15.949999809265137,,1000
2022-12-29,15.949999809265137,16.1299991607666,15.949999809265137,16.1299991607666,,1000
2022-12-30,16.0,16.0,15.609999656677246,15.899999618530272,,2700
2023-01-03,15.899999618530272,15.899999618530272,15.899999618530272,15.899999618530272,,0
2023-01-04,15.600000381469728,16.399999618530273,15.600000381469728,16.0,,3700
2023-01-05,16.0,16.0,16.0,16.0,,400
2023-01-06,16.75,17.200000762939453,16.75,17.200000762939453,,1000
2023-01-09,16.799999237060547,18.86000061035156,16.799999237060547,17.139999389648438,,13800
2023-01-10,17.100000381469727,17.600000381469727,16.969999313354492,17.110000610351562,,2100
2023-01-11,17.020000457763672,17.360000610351562,16.950000762939453,16.950000762939453,,4000
2023-01-12,16.899999618530273,17.479999542236328,16.899999618530273,17.1299991607666,,10400
2023-01-13,17.3799991607666,17.40999984741211,16.899999618530273,17.149999618530273,,4300
2023-01-17,16.920000076293945,16.920000076293945,16.920000076293945,16.920000076293945,,300
2023-01-18,16.729999542236328,16.729999542236328,16.729999542236328,16.729999542236328,,300
2023-01-19,16.729999542236328,16.729999542236328,16.729999542236328,16.729999542236328,,0
2023-01-20,16.809999465942383,17.1200008392334,16.75,17.1200008392334,,2300
2023-01-23,17.190000534057617,17.610000610351562,17.0,17.010000228881836,,9800
2023-01-24,17.049999237060547,17.200000762939453,16.68000030517578,16.950000762939453,,6800
2023-01-25,16.75,17.18000030517578,16.75,16.979999542236328,,4500
2023-01-26,17.0,17.700000762939453,17.0,17.399999618530273,,27500
2023-01-27,17.200000762939453,17.299999237060547,16.889999389648438,16.889999389648438,,13800
2023-01-30,17.010000228881836,17.219999313354492,17.010000228881836,17.200000762939453,,3300
2023-01-31,17.200000762939453,17.25,17.18000030517578,17.229999542236328,,4100
2023-02-01,17.329999923706055,17.5,17.329999923706055,17.5,,1700
2023-02-02,17.5,17.5,17.399999618530273,17.399999618530273,,9300
2023-02-03,17.0,17.100000381469727,16.700000762939453,16.709999084472656,,10800
2023-02-06,16.610000610351562,16.6200008392334,16.56999969482422,16.600000381469727,,4700
2023-02-07,16.700000762939453,16.790000915527344,16.700000762939453,16.790000915527344,,3500
2023-02-08,16.549999237060547,16.639999389648438,16.239999771118164,16.530000686645508,,14000
2023-02-09,16.540000915527344,16.540000915527344,16.299999237060547,16.510000228881836,,3000
2023-02-10,16.450000762939453,16.489999771118164,16.299999237060547,16.299999237060547,,1400
2023-02-13,16.309999465942383,16.309999465942383,16.200000762939453,16.200000762939453,,2600
2023-02-14,16.219999313354492,16.260000228881836,15.550000190734863,16.260000228881836,,6900
2023-02-15,15.699999809265137,15.859999656677246,15.699999809265137,15.859999656677246,,7900
2023-02-16,15.899999618530272,15.899999618530272,15.699999809265137,15.699999809265137,,4700
2023-02-17,15.760000228881836,16.010000228881836,15.600000381469728,15.760000228881836,,13600
2023-02-21,15.56999969482422,15.56999969482422,15.399999618530272,15.489999771118164,,2300
2023-02-22,15.779999732971191,15.800000190734863,15.779999732971191,15.800000190734863,,8500
2023-02-23,15.609999656677246,15.609999656677246,15.260000228881836,15.31999969482422,,5400
2023-02-24,15.31999969482422,15.31999969482422,15.31999969482422,15.31999969482422,,400
2023-02-27,15.31999969482422,15.31999969482422,15.31999969482422,15.31999969482422,,0
2023-02-28,15.31999969482422,15.699999809265137,14.800000190734863,15.470000267028809,,4400
2023-03-01,15.350000381469728,15.350000381469728,15.350000381469728,15.350000381469728,,300
2023-03-02,16.34000015258789,16.34000015258789,15.289999961853027,15.289999961853027,,600
2023-03-03,15.65999984741211,16.799999237060547,15.5,16.549999237060547,,15300
2023-03-06,17.0,17.139999389648438,16.510000228881836,16.709999084472656,,5000
2023-03-07,17.0,17.0,16.360000610351562,16.6299991607666,,5100
2023-03-08,16.6299991607666,16.6299991607666,16.6299991607666,16.6299991607666,,300
2023-03-09,17.030000686645508,17.049999237060547,16.989999771118164,17.0,,1400
2023-03-10,16.81999969482422,16.989999771118164,16.81999969482422,16.989999771118164,,800
2023-03-13,16.6200008392334,16.639999389648438,16.299999237060547,16.600000381469727,,5500
2023-03-14,16.059999465942383,17.0,16.059999465942383,16.360000610351562,,1900
2023-03-15,17.299999237060547,17.299999237060547,17.299999237060547,17.299999237060547,,900
2023-03-16,17.059999465942383,17.059999465942383,17.059999465942383,17.059999465942383,,200
2023-03-17,16.8700008392334,17.5,16.8700008392334,17.5,,1200
2023-03-20,17.43000030517578,18.559999465942383,17.43000030517578,17.709999084472656,,11300
2023-03-21,17.940000534057617,17.940000534057617,17.09000015258789,17.200000762939453,,2800
2023-03-22,17.399999618530273,17.399999618530273,16.860000610351562,16.860000610351562,,1300
2023-03-23,16.8700008392334,17.299999237060547,16.5,17.0,,9700
2023-03-24,16.75,17.110000610351562,16.5,17.0,,2800
2023-03-27,16.450000762939453,16.450000762939453,16.40999984741211,16.40999984741211,,400
2023-03-28,16.729999542236328,17.3700008392334,16.700000762939453,16.860000610351562,,13400
2023-03-29,16.770000457763672,17.1200008392334,16.239999771118164,16.239999771118164,,700
2023-03-30,16.75,16.93000030517578,16.239999771118164,16.610000610351562,,4100
2023-03-31,16.5,16.549999237060547,16.389999389648438,16.40999984741211,,1800
2023-04-03,16.40999984741211,16.40999984741211,16.40999984741211,16.40999984741211,,200
2023-04-04,16.739999771118164,17.170000076293945,16.739999771118164,17.170000076293945,,500
2023-04-05,17.219999313354492,17.809999465942383,17.219999313354492,17.75,,3500
2023-04-06,17.510000228881836,17.510000228881836,16.559999465942383,16.899999618530273,,13800
2023-04-10,16.93000030517578,17.450000762939453,16.5,16.5,,8500
2023-04-11,16.540000915527344,16.549999237060547,16.239999771118164,16.299999237060547,,5500
2023-04-12,16.270000457763672,16.549999237060547,16.270000457763672,16.450000762939453,,2400
2023-04-13,16.799999237060547,16.799999237060547,16.690000534057617,16.690000534057617,,500
2023-04-14,16.360000610351562,16.399999618530273,16.299999237060547,16.299999237060547,,5800
2023-04-17,16.020000457763672,16.260000228881836,15.420000076293944,16.049999237060547,,13400
2023-04-18,15.699999809265137,16.0,15.699999809265137,15.899999618530272,,700
2023-04-19,16.049999237060547,16.309999465942383,16.049999237060547,16.059999465942383,,3300
2023-04-20,16.059999465942383,16.059999465942383,16.059999465942383,16.059999465942383,,500
2023-04-21,16.450000762939453,16.549999237060547,16.450000762939453,16.549999237060547,,1000
2023-04-24,16.399999618530273,16.399999618530273,16.25,16.25,,1500
2023-04-25,15.949999809265137,15.949999809265137,15.949999809265137,15.949999809265137,,700
2023-04-26,16.0,16.06999969482422,15.970000267028809,15.979999542236328,,4400
2023-04-27,16.100000381469727,16.100000381469727,15.8100004196167,15.8100004196167,,3100
2023-04-28,15.850000381469728,15.899999618530272,15.600000381469728,15.899999618530272,,2400
2023-05-01,15.600000381469728,15.84000015258789,15.399999618530272,15.5,,1500
2023-05-02,15.6899995803833,15.6899995803833,15.6899995803833,15.6899995803833,,400
2023-05-03,15.720000267028809,16.200000762939453,15.510000228881836,15.510000228881836,,6500
2023-05-04,15.510000228881836,15.510000228881836,15.510000228881836,15.510000228881836,,300
2023-05-05,16.969999313354492,16.969999313354492,15.600000381469728,15.600000381469728,,11300
2023-05-08,16.75,16.75,15.710000038146973,15.710000038146973,,2800
2023-05-09,15.899999618530272,16.540000915527344,15.75,16.09000015258789,,7100
2023-05-10,16.18000030517578,16.18000030517578,15.600000381469728,15.649999618530272,,3500
2023-05-11,15.6899995803833,15.93000030517578,15.649999618530272,15.899999618530272,,4500
2023-05-12,15.949999809265137,15.949999809265137,15.510000228881836,15.93000030517578,,2000
2023-05-15,15.699999809265137,15.800000190734863,15.399999618530272,15.800000190734863,,6200
2023-05-16,15.859999656677246,15.93000030517578,15.850000381469728,15.850000381469728,,1900
2023-05-17,15.779999732971191,16.850000381469727,15.779999732971191,16.200000762939453,,12200
2023-05-18,16.84000015258789,16.84000015258789,16.15999984741211,16.600000381469727,,11900
2023-05-19,16.799999237060547,18.25,16.799999237060547,17.56999969482422,,14800
2023-05-22,17.799999237060547,18.82999992370605,17.790000915527344,18.559999465942383,,15500
2023-05-23,18.739999771118164,19.100000381469727,18.450000762939453,18.700000762939453,,4000
2023-05-24,18.75,18.75,18.520000457763672,18.520000457763672,,4300
2023-05-25,18.649999618530277,18.649999618530277,18.280000686645508,18.63999938964844,,1800
2023-05-26,18.5,18.739999771118164,18.280000686645508,18.280000686645508,,5000
2023-05-30,18.63999938964844,19.5,18.63999938964844,19.049999237060547,,4400
2023-05-31,19.059999465942383,19.059999465942383,18.76000022888184,19.0,,2700
2023-06-01,18.709999084472656,18.979999542236328,18.709999084472656,18.979999542236328,,1100
2023-06-02,18.790000915527344,19.0,18.43000030517578,19.0,,2200
2023-06-05,19.440000534057617,19.68000030517578,18.75,19.0,,9800
2023-06-06,19.0,19.0,18.36000061035156,18.6200008392334,,1200
2023-06-07,18.739999771118164,18.739999771118164,18.739999771118164,18.739999771118164,,1100
2023-06-08,19.0,19.0,18.6299991607666,18.96999931335449,,2400
2023-06-09,18.6299991607666,19.0,18.6299991607666,19.0,,1300
2023-06-12,18.81999969482422,18.81999969482422,18.440000534057617,18.75,,3200
2023-06-13,18.559999465942383,19.489999771118164,18.559999465942383,19.239999771118164,,5100
2023-06-14,19.01000022888184,19.13999938964844,18.600000381469727,19.13999938964844,,6100
2023-06-15,18.979999542236328,18.979999542236328,18.940000534057617,18.940000534057617,,1000
2023-06-16,18.76000022888184,18.96999931335449,18.76000022888184,18.96999931335449,,4300
2023-06-20,19.06999969482422,19.06999969482422,18.93000030517578,18.940000534057617,,900
2023-06-21,18.84000015258789,19.149999618530277,18.84000015258789,19.100000381469727,,900
2023-06-22,19.0,19.07999992370605,18.670000076293945,18.670000076293945,,1300
2023-06-23,19.149999618530277,19.149999618530277,19.149999618530277,19.149999618530277,,600
2023-06-26,19.200000762939453,19.200000762939453,18.71999931335449,18.71999931335449,,1200
2023-06-27,18.71999931335449,18.71999931335449,18.71999931335449,18.71999931335449,,700
2023-06-28,18.68000030517578,18.700000762939453,18.100000381469727,18.26000022888184,,7500
2023-06-29,18.75,19.100000381469727,18.270000457763672,19.0,,7900
2023-06-30,19.0,19.100000381469727,19.0,19.100000381469727,,1100
2023-07-03,18.729999542236328,19.0,18.020000457763672,18.020000457763672,,2300
2023-07-05,18.280000686645508,18.280000686645508,18.280000686645508,18.280000686645508,,400
2023-07-06,18.280000686645508,18.280000686645508,18.280000686645508,18.280000686645508,,0
2023-07-07,18.780000686645508,18.780000686645508,18.280000686645508,18.31999969482422,,3500
2023-07-10,18.59000015258789,18.63999938964844,18.280000686645508,18.63999938964844,,1800
2023-07-11,19.11000061035156,19.11000061035156,18.63999938964844,18.63999938964844,,700
2023-07-12,18.93000030517578,18.93000030517578,18.93000030517578,18.93000030517578,,500
2023-07-13,18.690000534057617,18.700000762939453,18.46999931335449,18.46999931335449,,700
2023-07-14,18.46999931335449,18.46999931335449,18.46999931335449,18.46999931335449,,500
2023-07-17,18.46999931335449,18.46999931335449,18.46999931335449,18.46999931335449,,0
2023-07-18,18.530000686645508,18.649999618530277,18.25,18.649999618530277,,700
2023-07-19,18.979999542236328,18.979999542236328,18.93000030517578,18.940000534057617,,2100
2023-07-20,18.31999969482422,18.780000686645508,18.31999969482422,18.780000686645508,,1400
2023-07-21,18.549999237060547,18.549999237060547,18.549999237060547,18.549999237060547,,200
2023-07-24,18.559999465942383,19.149999618530277,18.559999465942383,18.690000534057617,,1600
2023-07-25,18.75,18.8799991607666,18.700000762939453,18.8799991607666,,700
2023-07-26,18.700000762939453,18.790000915527344,18.40999984741211,18.59000015258789,,2800
2023-07-27,18.59000015258789,18.59000015258789,18.59000015258789,18.59000015258789,,0
2023-07-28,18.59000015258789,18.59000015258789,18.59000015258789,18.59000015258789,,200
2023-07-31,18.459999084472656,18.459999084472656,18.0,18.0,,3500
2023-08-01,18.0,18.0,18.0,18.0,,500
2023-08-02,18.0,18.0,17.190000534057617,17.579999923706055,,4300
2023-08-03,17.65999984741211,18.399999618530277,17.65999984741211,18.399999618530277,,1900
2023-08-04,18.399999618530277,18.399999618530277,17.969999313354492,18.100000381469727,,700
2023-08-07,17.84000015258789,17.84000015258789,17.84000015258789,17.84000015258789,,300
2023-08-08,17.6299991607666,18.489999771118164,17.389999389648438,17.389999389648438,,3800
2023-08-09,17.389999389648438,17.389999389648438,17.389999389648438,17.389999389648438,,600
2023-08-10,17.649999618530273,17.649999618530273,17.59000015258789,17.649999618530273,,2100
2023-08-11,17.309999465942383,17.5,17.209999084472656,17.209999084472656,,2000
2023-08-14,16.899999618530273,16.899999618530273,16.309999465942383,16.5,,7500
2023-08-15,16.010000228881836,16.5,16.010000228881836,16.5,,900
2023-08-16,16.5,16.5,16.31999969482422,16.31999969482422,,900
2023-08-17,16.219999313354492,16.219999313354492,16.100000381469727,16.100000381469727,,1100
2023-08-18,15.949999809265137,16.219999313354492,15.649999618530272,16.139999389648438,,3400
2023-08-21,16.1299991607666,16.440000534057617,15.550000190734863,15.949999809265137,,2200
2023-08-22,15.760000228881836,15.760000228881836,15.75,15.75,,900
2023-08-23,15.75,15.75,15.5600004196167,15.65999984741211,,2200
2023-08-24,15.779999732971191,16.0,15.779999732971191,16.0,,3300
2023-08-25,16.079999923706055,16.139999389648438,16.06999969482422,16.110000610351562,,5500
2023-08-28,16.100000381469727,17.770000457763672,16.100000381469727,17.760000228881836,,5000
2023-08-29,17.760000228881836,17.790000915527344,17.100000381469727,17.100000381469727,,1400
2023-08-30,17.170000076293945,17.170000076293945,15.989999771118164,16.700000762939453,,3700
2023-08-31,16.5,17.010000228881836,16.270000457763672,17.010000228881836,,4100
2023-09-01,17.43000030517578,17.43000030517578,17.350000381469727,17.40999984741211,,1100
2023-09-05,17.360000610351562,17.450000762939453,16.850000381469727,16.850000381469727,,8000
2023-09-06,18.059999465942383,18.059999465942383,18.059999465942383,18.059999465942383,,900
2023-09-07,17.540000915527344,17.540000915527344,17.540000915527344,17.540000915527344,,300
2023-09-08,17.0,17.0,16.600000381469727,16.899999618530273,,3600
2023-09-11,16.760000228881836,16.860000610351562,16.510000228881836,16.510000228881836,,1300
2023-09-12,16.459999084472656,16.459999084472656,16.459999084472656,16.459999084472656,,200
2023-09-13,16.5,16.600000381469727,16.299999237060547,16.600000381469727,,5900
2023-09-14,16.5,16.600000381469727,16.100000381469727,16.600000381469727,,2100
2023-09-15,16.200000762939453,16.200000762939453,16.0,16.0,,5800
2023-09-18,15.949999809265137,16.3799991607666,15.779999732971191,15.899999618530272,,2300
2023-09-19,16.170000076293945,16.489999771118164,15.880000114440918,15.899999618530272,,3700
2023-09-20,15.800000190734863,15.800000190734863,15.800000190734863,15.800000190734863,,300
2023-09-21,16.0,16.0,15.800000190734863,15.8100004196167,,1900
2023-09-22,15.8100004196167,15.8100004196167,15.8100004196167,15.8100004196167,,200
2023-09-25,16.420000076293945,16.420000076293945,15.760000228881836,15.760000228881836,,4600
2023-09-26,15.649999618530272,15.649999618530272,15.520000457763672,15.520000457763672,,700
2023-09-27,15.850000381469728,16.0,15.520000457763672,16.0,,1500
2023-09-28,15.5600004196167,15.5600004196167,15.5600004196167,15.5600004196167,,500
2023-09-29,15.699999809265137,15.699999809265137,15.640000343322754,15.699999809265137,,700
2023-10-02,15.520000457763672,15.640000343322754,15.520000457763672,15.600000381469728,,1700
2023-10-03,15.670000076293944,15.670000076293944,15.649999618530272,15.649999618530272,,2400
2023-10-04,15.600000381469728,15.600000381469728,15.0,15.300000190734863,,5900
2023-10-05,15.300000190734863,15.300000190734863,15.079999923706056,15.079999923706056,,800
2023-10-06,15.050000190734863,15.300000190734863,15.050000190734863,15.199999809265137,,1100
2023-10-09,15.520000457763672,15.539999961853027,15.3100004196167,15.539999961853027,,900
2023-10-10,15.130000114440918,15.130000114440918,15.130000114440918,15.130000114440918,,400
2023-10-11,15.539999961853027,15.539999961853027,14.649999618530272,15.010000228881836,,8200
2023-10-12,14.800000190734863,15.270000457763672,14.800000190734863,15.18000030517578,,3900
2023-10-13,14.829999923706056,14.829999923706056,14.510000228881836,14.630000114440918,,8600
2023-10-16,15.449999809265137,17.25,15.449999809265137,16.280000686645508,,54000
2023-10-17,16.530000686645508,17.149999618530273,16.389999389648438,16.950000762939453,,12600
2023-10-18,17.0,17.100000381469727,16.850000381469727,17.049999237060547,,4900
2023-10-19,16.75,17.149999618530273,16.670000076293945,16.940000534057617,,10000
2023-10-20,17.200000762939453,17.899999618530273,16.8799991607666,16.969999313354492,,6100
2023-10-23,16.75,17.18000030517578,16.75,17.110000610351562,,7300
2023-10-24,17.170000076293945,17.510000228881836,17.15999984741211,17.3700008392334,,6200
2023-10-25,17.100000381469727,17.3799991607666,17.010000228881836,17.059999465942383,,1700
2023-10-26,17.06999969482422,17.329999923706055,17.010000228881836,17.09000015258789,,2400
2023-10-27,17.09000015258789,17.09000015258789,17.09000015258789,17.09000015258789,,700
2023-10-30,16.989999771118164,17.719999313354492,16.989999771118164,17.719999313354492,,2000
2023-10-31,18.020000457763672,18.020000457763672,17.0,17.0,,1600
2023-11-01,17.440000534057617,17.700000762939453,17.440000534057617,17.700000762939453,,1800
2023-11-02,17.760000228881836,18.63999938964844,17.760000228881836,18.6299991607666,,15300
2023-11-03,18.399999618530277,18.540000915527344,17.56999969482422,18.0,,13700
2023-11-06,18.11000061035156,18.11000061035156,17.75,17.75,,1500
2023-11-07,17.440000534057617,17.440000534057617,17.440000534057617,17.440000534057617,,1100
2023-11-08,17.450000762939453,17.760000228881836,17.309999465942383,17.309999465942383,,2600
2023-11-09,17.459999084472656,17.530000686645508,17.459999084472656,17.530000686645508,,600
2023-11-10,17.399999618530273,18.1200008392334,17.15999984741211,18.1200008392334,,1500
2023-11-13,17.860000610351562,18.1200008392334,17.5,17.90999984741211,,3300
2023-11-14,18.020000457763672,18.020000457763672,18.020000457763672,18.020000457763672,,600
2023-11-15,17.899999618530273,17.899999618530273,17.600000381469727,17.600000381469727,,1400
2023-11-16,17.5,17.5,17.270000457763672,17.459999084472656,,700
2023-11-17,17.200000762939453,17.360000610351562,17.100000381469727,17.100000381469727,,8800
2023-11-20,16.950000762939453,18.040000915527344,16.950000762939453,17.350000381469727,,5000
2023-11-21,17.350000381469727,17.350000381469727,17.350000381469727,17.350000381469727,,300
2023-11-22,17.209999084472656,17.389999389648438,17.110000610351562,17.170000076293945,,1000
2023-11-24,17.170000076293945,17.170000076293945,17.170000076293945,17.170000076293945,,300
2023-11-27,17.56999969482422,17.56999969482422,17.09000015258789,17.09000015258789,,1000
2023-11-28,17.09000015258789,17.09000015258789,15.850000381469728,15.899999618530272,,9700
2023-11-29,15.90999984741211,16.8799991607666,15.90999984741211,16.030000686645508,,1700
2023-11-30,16.059999465942383,16.15999984741211,15.699999809265137,16.15999984741211,,8800
2023-12-01,16.25,16.5,16.139999389648438,16.34000015258789,,7100
2023-12-04,16.34000015258789,16.34000015258789,16.170000076293945,16.25,,4100
2023-12-05,16.0,16.1299991607666,16.0,16.049999237060547,,2600
2023-12-06,16.25,16.25,16.0,16.0,,1100
2023-12-07,16.100000381469727,16.1299991607666,16.100000381469727,16.1299991607666,,800
2023-12-08,16.299999237060547,16.760000228881836,16.25,16.760000228881836,,5700
2023-12-11,16.110000610351562,16.75,16.110000610351562,16.18000030517578,,6600
2023-12-12,16.299999237060547,16.360000610351562,16.299999237060547,16.299999237060547,,1200
2023-12-13,16.559999465942383,16.559999465942383,16.350000381469727,16.399999618530273,,1300
2023-12-14,16.549999237060547,16.549999237060547,16.329999923706055,16.399999618530273,,1800
2023-12-15,16.399999618530273,16.399999618530273,16.200000762939453,16.389999389648438,,3300
2023-12-18,16.399999618530273,16.75,16.309999465942383,16.309999465942383,,3200
2023-12-19,16.649999618530273,17.100000381469727,16.649999618530273,17.100000381469727,,8400
2023-12-20,17.15999984741211,17.329999923706055,17.010000228881836,17.329999923706055,,2400
2023-12-21,17.489999771118164,17.489999771118164,16.899999618530273,16.90999984741211,,2900
2023-12-22,17.010000228881836,17.209999084472656,17.010000228881836,17.209999084472656,,4200
2023-12-26,16.950000762939453,16.979999542236328,16.950000762939453,16.950000762939453,,3600
2023-12-27,17.18000030517578,17.31999969482422,17.15999984741211,17.25,,7800
2023-12-28,17.010000228881836,17.440000534057617,17.010000228881836,17.440000534057617,,1700
2023-12-29,16.940000534057617,18.040000915527344,16.940000534057617,17.520000457763672,,1700
2024-01-02,17.100000381469727,17.600000381469727,17.100000381469727,17.600000381469727,,1600
2024-01-03,17.959999084472656,18.3799991607666,17.690000534057617,18.31999969482422,,4800
2024-01-04,18.0,18.549999237060547,18.0,18.549999237060547,,9000
2024-01-05,18.8700008392334,19.850000381469727,18.850000381469727,19.350000381469727,,9700
2024-01-08,19.540000915527344,19.75,19.36000061035156,19.420000076293945,,5700
2024-01-09,19.600000381469727,20.690000534057617,19.600000381469727,20.239999771118164,,13500
2024-01-10,20.07999992370605,21.75,20.07999992370605,21.200000762939453,,18700
2024-01-11,20.84000015258789,20.940000534057617,20.100000381469727,20.100000381469727,,5600
2024-01-12,20.59000015258789,21.0,20.100000381469727,20.920000076293945,,9300
2024-01-16,20.93000030517578,21.399999618530277,20.93000030517578,21.0,,6700
2024-01-17,20.739999771118164,21.5,20.739999771118164,20.8799991607666,,5400
2024-01-18,20.770000457763672,20.989999771118164,20.5,20.979999542236328,,1900
2024-01-19,21.100000381469727,21.5,21.100000381469727,21.1200008392334,,4700
2024-01-22,21.280000686645508,22.989999771118164,21.280000686645508,21.51000022888184,,10400
2024-01-23,21.31999969482422,21.71999931335449,21.31999969482422,21.700000762939453,,3500
2024-01-24,21.420000076293945,21.690000534057617,21.200000762939453,21.350000381469727,,9900
2024-01-25,21.3700008392334,22.190000534057617,21.1299991607666,21.549999237060547,,5100
2024-01-26,21.34000015258789,21.81999969482422,21.34000015258789,21.520000457763672,,6300
2024-01-29,21.549999237060547,22.700000762939453,21.549999237060547,22.5,,11500
2024-01-30,22.149999618530277,22.8799991607666,22.149999618530277,22.5,,7900
2024-01-31,22.190000534057617,22.8799991607666,21.520000457763672,21.520000457763672,,9300
2024-02-01,21.559999465942383,21.989999771118164,21.559999465942383,21.65999984741211,,6500
2024-02-02,21.61000061035156,22.200000762939453,21.0,21.440000534057617,,15300
2024-02-05,21.07999992370605,21.15999984741211,20.71999931335449,20.71999931335449,,4300
2024-02-06,21.0,21.57999992370605,20.38999938964844,20.75,,11700
2024-02-07,20.5,21.65999984741211,20.200000762939453,20.75,,11000
2024-02-08,20.239999771118164,21.420000076293945,20.239999771118164,21.11000061035156,,11600
2024-02-09,20.299999237060547,20.299999237060547,18.5,18.59000015258789,,35000
2024-02-12,18.5,18.5,17.770000457763672,17.809999465942383,,14100
2024-02-13,17.829999923706055,17.860000610351562,17.649999618530273,17.700000762939453,,5100
2024-02-14,17.889999389648438,18.0,17.799999237060547,17.989999771118164,,4700
2024-02-15,17.989999771118164,18.36000061035156,17.8799991607666,18.34000015258789,,20300
2024-02-16,18.059999465942383,18.690000534057617,17.649999618530273,17.65999984741211,,12000
2024-02-20,17.469999313354492,17.489999771118164,16.18000030517578,17.489999771118164,,13400
2024-02-21,16.920000076293945,18.200000762939453,16.920000076293945,17.600000381469727,,10400
2024-02-22,17.760000228881836,18.209999084472656,17.110000610351562,17.110000610351562,,8200
2024-02-23,17.1200008392334,17.18000030517578,16.34000015258789,16.549999237060547,,6900
2024-02-26,16.389999389648438,17.6200008392334,16.389999389648438,17.0,,12900
2024-02-27,16.889999389648438,17.440000534057617,16.5,16.5,,10300
2024-02-28,16.899999618530273,17.34000015258789,16.799999237060547,16.940000534057617,,9100
2024-02-29,17.030000686645508,17.100000381469727,17.030000686645508,17.100000381469727,,1300
2024-03-01,17.0,17.0,16.809999465942383,16.809999465942383,,1100
2024-03-04,17.079999923706055,18.09000015258789,17.049999237060547,17.75,,15100
2024-03-05,17.280000686645508,17.700000762939453,16.75,17.3700008392334,,9100
2024-03-06,17.190000534057617,17.790000915527344,17.0,17.5,,12500
2024-03-07,17.600000381469727,17.639999389648438,17.299999237060547,17.389999389648438,,4800
2024-03-08,17.34000015258789,17.510000228881836,17.100000381469727,17.280000686645508,,5100
2024-03-11,17.350000381469727,17.56999969482422,17.25,17.399999618530273,,4700
2024-03-12,17.600000381469727,17.600000381469727,17.219999313354492,17.329999923706055,,6600
2024-03-13,17.25,17.709999084472656,17.25,17.399999618530273,,7600
2024-03-14,17.649999618530273,17.649999618530273,17.399999618530273,17.399999618530273,,5100
2024-03-15,17.600000381469727,17.600000381469727,17.110000610351562,17.149999618530273,,9200
2024-03-18,17.049999237060547,17.549999237060547,17.010000228881836,17.200000762939453,,9100
2024-03-19,17.079999923706055,17.450000762939453,16.899999618530273,17.010000228881836,,7400
2024-03-20,16.90999984741211,17.34000015258789,16.8700008392334,17.200000762939453,,7400
2024-03-21,17.420000076293945,17.84000015258789,17.420000076293945,17.790000915527344,,5500
2024-03-22,17.790000915527344,17.790000915527344,17.110000610351562,17.389999389648438,,6100
2024-03-25,17.399999618530273,17.399999618530273,17.149999618530273,17.149999618530273,,3100
2024-03-26,17.100000381469727,17.299999237060547,17.030000686645508,17.219999313354492,,4000
2024-03-27,17.399999618530273,17.639999389648438,17.360000610351562,17.40999984741211,,4300
2024-03-28,17.600000381469727,17.709999084472656,17.600000381469727,17.600000381469727,,2300
2024-04-01,17.920000076293945,17.920000076293945,17.549999237060547,17.549999237060547,,3000
2024-04-02,17.690000534057617,17.799999237060547,17.690000534057617,17.75,,5200
2024-04-03,17.8799991607666,18.290000915527344,17.8799991607666,18.25,,9000
2024-04-04,18.100000381469727,19.059999465942383,18.100000381469727,18.32999992370605,,10200
2024-04-05,18.21999931335449,18.600000381469727,17.950000762939453,17.950000762939453,,6400
2024-04-08,18.15999984741211,18.520000457763672,18.0,18.11000061035156,,11200
2024-04-09,18.200000762939453,18.350000381469727,17.420000076293945,17.81999969482422,,5400
2024-04-10,18.149999618530277,18.149999618530277,17.81999969482422,18.149999618530277,,4000
2024-04-11,18.010000228881836,18.399999618530277,17.889999389648438,18.399999618530277,,9800
2024-04-12,18.020000457763672,18.170000076293945,17.610000610351562,18.040000915527344,,8400
2024-04-15,18.170000076293945,18.96999931335449,18.149999618530277,18.96999931335449,,6100
2024-04-16,18.25,18.850000381469727,18.25,18.420000076293945,,4500
2024-04-17,18.84000015258789,18.84000015258789,18.25,18.26000022888184,,5700
2024-04-18,18.26000022888184,19.200000762939453,18.239999771118164,18.75,,6200
2024-04-19,18.51000022888184,19.239999771118164,18.51000022888184,19.0,,7300
2024-04-22,18.88999938964844,19.239999771118164,18.540000915527344,18.540000915527344,,4700
2024-04-23,18.479999542236328,18.989999771118164,18.450000762939453,18.75,,4700
2024-04-24,17.649999618530273,18.76000022888184,17.649999618530273,18.5,,4500
2024-04-25,18.399999618530277,18.71999931335449,18.399999618530277,18.459999084472656,,5700
2024-04-26,18.51000022888184,18.979999542236328,18.200000762939453,18.68000030517578,,6400
2024-04-29,18.399999618530277,18.799999237060547,18.040000915527344,18.399999618530277,,5200
2024-04-30,18.799999237060547,18.799999237060547,18.5,18.5,,4100
2024-05-01,18.5,18.61000061035156,18.5,18.61000061035156,,2300
2024-05-02,18.5,18.5,18.100000381469727,18.21999931335449,,4600
2024-05-03,18.34000015258789,18.920000076293945,17.649999618530273,18.25,,21400
2024-05-06,18.34000015258789,18.649999618530277,17.649999618530273,17.780000686645508,,24700
2024-05-07,18.049999237060547,18.280000686645508,17.799999237060547,17.899999618530273,,5900
2024-05-08,18.57999992370605,18.82999992370605,17.90999984741211,18.700000762939453,,10600
2024-05-09,18.6200008392334,18.799999237060547,18.450000762939453,18.450000762939453,,18600
2024-05-10,18.770000457763672,18.96999931335449,18.489999771118164,18.61000061035156,,12100
2024-05-13,18.649999618530277,19.239999771118164,18.649999618530277,18.90999984741211,,9100
2024-05-14,18.90999984741211,19.530000686645508,18.90999984741211,19.32999992370605,,12700
2024-05-15,19.32999992370605,19.809999465942383,18.950000762939453,19.59000015258789,,8400
2024-05-16,19.200000762939453,20.440000534057617,19.200000762939453,19.950000762939453,,14400
2024-05-17,19.770000457763672,19.950000762939453,19.420000076293945,19.5,,2000
2024-05-20,19.600000381469727,19.600000381469727,19.299999237060547,19.299999237060547,,4300
2024-05-21,19.299999237060547,20.0,19.149999618530277,19.149999618530277,,5000
2024-05-22,19.3700008392334,19.649999618530277,19.280000686645508,19.649999618530277,,6500
2024-05-23,19.3700008392334,19.600000381469727,19.3700008392334,19.520000457763672,,3400
2024-05-24,19.56999969482422,19.739999771118164,19.51000022888184,19.739999771118164,,2500
2024-05-28,19.739999771118164,20.0,19.25,19.670000076293945,,8000
2024-05-29,19.5,19.5,19.049999237060547,19.25,,4800
2024-05-30,19.239999771118164,19.989999771118164,19.239999771118164,19.600000381469727,,10200
2024-05-31,19.57999992370605,20.049999237060547,19.57999992370605,19.709999084472656,,3600
2024-06-03,19.709999084472656,20.01000022888184,19.520000457763672,19.530000686645508,,11500
2024-06-04,19.71999931335449,19.8799991607666,19.649999618530277,19.8799991607666,,4100
2024-06-05,19.68000030517578,19.90999984741211,19.65999984741211,19.75,,5000
2024-06-06,19.68000030517578,19.75,19.15999984741211,19.75,,10200
2024-06-07,19.59000015258789,19.75,19.450000762939453,19.479999542236328,,4600
2024-06-10,19.450000762939453,19.75,19.450000762939453,19.57999992370605,,3900
2024-06-11,19.6299991607666,19.950000762939453,19.6299991607666,19.86000061035156,,4800
2024-06-12,19.450000762939453,19.75,19.0,19.700000762939453,,4600
2024-06-13,19.100000381469727,19.700000762939453,19.0,19.600000381469727,,8100
2024-06-14,19.5,19.5,19.31999969482422,19.31999969482422,,1800
2024-06-17,19.38999938964844,19.520000457763672,19.1299991607666,19.299999237060547,,5000
2024-06-18,19.1200008392334,19.1200008392334,18.950000762939453,18.950000762939453,,3400
2024-06-20,18.899999618530277,18.899999618530277,18.61000061035156,18.790000915527344,,1500
2024-06-21,18.93000030517578,18.93000030517578,18.25,18.790000915527344,,7200
2024-06-24,18.68000030517578,18.68000030517578,18.25,18.489999771118164,,6100
2024-06-25,18.350000381469727,18.600000381469727,18.34000015258789,18.600000381469727,,1900
2024-06-26,18.520000457763672,18.88999938964844,18.520000457763672,18.88999938964844,,1600
2024-06-27,18.26000022888184,18.899999618530277,18.26000022888184,18.899999618530277,,900
2024-06-28,18.5,19.63999938964844,18.399999618530277,19.63999938964844,,6200
2024-07-01,18.32999992370605,18.899999618530277,18.299999237060547,18.350000381469727,,12300
2024-07-02,18.350000381469727,18.46999931335449,17.93000030517578,17.93000030517578,,8200
2024-07-03,17.860000610351562,18.09000015258789,16.84000015258789,17.1299991607666,,3900
2024-07-05,17.020000457763672,17.809999465942383,17.020000457763672,17.450000762939453,,7300
2024-07-08,17.829999923706055,18.200000762939453,17.700000762939453,17.899999618530273,,3500
2024-07-09,17.40999984741211,18.200000762939453,17.200000762939453,17.639999389648438,,9000
2024-07-10,18.5,18.5,17.479999542236328,17.93000030517578,,6500
2024-07-11,17.75,18.1299991607666,17.34000015258789,17.549999237060547,,6200
2024-07-12,17.5,18.229999542236328,17.399999618530273,17.770000457763672,,11000
2024-07-15,17.700000762939453,18.809999465942383,17.600000381469727,18.51000022888184,,11400
2024-07-16,18.600000381469727,19.6299991607666,18.13999938964844,19.399999618530277,,14200
2024-07-17,19.729999542236328,19.959999084472656,18.979999542236328,19.899999618530277,,9000
2024-07-18,19.899999618530277,20.299999237060547,19.190000534057617,19.25,,12300
2024-07-19,19.309999465942383,20.21999931335449,18.690000534057617,19.600000381469727,,6200
2024-07-22,19.32999992370605,19.799999237060547,19.049999237060547,19.049999237060547,,5200
2024-07-23,18.809999465942383,19.399999618530277,18.809999465942383,19.399999618530277,,1400
2024-07-24,19.21999931335449,19.21999931335449,19.200000762939453,19.21999931335449,,800
2024-07-25,19.350000381469727,19.350000381469727,18.61000061035156,19.07999992370605,,700
2024-07-26,18.979999542236328,19.43000030517578,18.71999931335449,18.790000915527344,,1800
2024-07-29,19.200000762939453,20.06999969482422,18.88999938964844,19.790000915527344,,9300
2024-07-30,19.899999618530277,20.6299991607666,19.899999618530277,20.31999969482422,,21500
2024-07-31,20.3799991607666,20.700000762939453,20.21999931335449,20.21999931335449,,12100
2024-08-01,20.21999931335449,20.450000762939453,20.209999084472656,20.309999465942383,,4300
2024-08-02,20.200000762939453,20.200000762939453,19.61000061035156,19.61000061035156,,3500
2024-08-05,18.6200008392334,18.6200008392334,17.809999465942383,17.940000534057617,,15400
2024-08-06,18.479999542236328,20.100000381469727,18.479999542236328,19.170000076293945,,8500
2024-08-07,19.01000022888184,19.459999084472656,19.01000022888184,19.21999931335449,,5800
2024-08-08,20.049999237060547,20.049999237060547,19.059999465942383,19.63999938964844,,4600
2024-08-09,19.57999992370605,19.940000534057617,19.31999969482422,19.31999969482422,,3800
2024-08-12,19.5,19.5,18.81999969482422,18.81999969482422,,6400
2024-08-13,18.75,19.0,18.649999618530277,18.649999618530277,,2100
2024-08-14,18.299999237060547,18.670000076293945,18.299999237060547,18.670000076293945,,1000
2024-08-15,19.0,20.0,19.0,19.420000076293945,,6200
2024-08-16,19.63999938964844,19.75,19.63999938964844,19.75,,3300
2024-08-19,19.75,19.979999542236328,19.75,19.979999542236328,,4800
2024-08-20,19.68000030517578,20.049999237060547,19.450000762939453,19.950000762939453,,2700
2024-08-21,19.799999237060547,21.200000762939453,19.799999237060547,20.520000457763672,,29800
2024-08-22,20.989999771118164,20.989999771118164,20.07999992370605,20.700000762939453,,6900
2024-08-23,20.81999969482422,21.040000915527344,20.700000762939453,20.950000762939453,,9300
2024-08-26,20.82999992370605,21.739999771118164,20.32999992370605,21.200000762939453,,6100
2024-08-27,21.0,22.790000915527344,21.0,21.6299991607666,,11900
2024-08-28,21.700000762939453,22.280000686645508,21.649999618530277,21.979999542236328,,6400
2024-08-29,22.040000915527344,24.739999771118164,22.040000915527344,23.1200008392334,,17900
2024-08-30,23.1200008392334,24.489999771118164,22.81999969482422,23.32999992370605,,12300
2024-09-03,23.06999969482422,23.06999969482422,22.32999992370605,22.32999992370605,,14200
2024-09-04,22.170000076293945,23.299999237060547,21.61000061035156,22.100000381469727,,33300
2024-09-05,21.700000762939453,22.5,21.200000762939453,22.26000022888184,,35500
2024-09-06,22.5,23.90999984741211,22.0,23.280000686645508,,26500
2024-09-09,23.51000022888184,27.600000381469727,23.450000762939453,26.489999771118164,,35700
2024-09-10,26.690000534057617,27.5,26.670000076293945,27.040000915527344,,16400
2024-09-11,27.6200008392334,27.6200008392334,25.459999084472656,25.709999084472656,,26700
2024-09-12,26.09000015258789,27.15999984741211,26.09000015258789,26.100000381469727,,11900
2024-09-13,26.11000061035156,28.0,26.11000061035156,26.690000534057617,,25300
2024-09-16,27.21999931335449,29.989999771118164,27.21999931335449,28.38999938964844,,59900
2024-09-17,29.32999992370605,29.38999938964844,23.68000030517578,24.75,,63800
2024-09-18,25.600000381469727,27.209999084472656,25.01000022888184,25.5,,42700
2024-09-19,25.530000686645508,27.88999938964844,25.520000457763672,27.6200008392334,,12900
2024-09-20,27.809999465942383,28.770000457763672,26.670000076293945,26.709999084472656,,22100
2024-09-23,26.82999992370605,28.899999618530277,26.520000457763672,28.049999237060547,,38900
2024-09-24,27.739999771118164,28.5,26.3799991607666,26.600000381469727,,30100
2024-09-25,26.600000381469727,28.299999237060547,26.600000381469727,28.299999237060547,,26200
2024-09-26,28.020000457763672,29.290000915527344,27.059999465942383,27.520000457763672,,24900
2024-09-27,27.71999931335449,28.729999542236328,27.34000015258789,27.34000015258789,,28700
2024-09-30,27.350000381469727,29.850000381469727,27.350000381469727,29.850000381469727,,40200
2024-10-01,29.850000381469727,31.950000762939453,29.850000381469727,31.34000015258789,,42500
2024-10-02,30.96999931335449,34.040000915527344,30.56999969482422,30.76000022888184,,60700
2024-10-03,30.770000457763672,31.530000686645508,29.979999542236328,30.739999771118164,,21700
2024-10-04,30.81999969482422,33.0,30.770000457763672,31.040000915527344,,30100
2024-10-07,30.8799991607666,30.8799991607666,27.920000076293945,28.01000022888184,,16300
2024-10-08,28.100000381469727,28.670000076293945,27.06999969482422,27.68000030517578,,16600
2024-10-09,28.020000457763672,29.350000381469727,28.020000457763672,29.25,,11300
2024-10-10,29.21999931335449,29.350000381469727,27.68000030517578,29.13999938964844,,14500
2024-10-11,29.549999237060547,29.549999237060547,28.6200008392334,29.38999938964844,,14500
2024-10-14,28.899999618530277,28.979999542236328,27.989999771118164,27.989999771118164,,18900
2024-10-15,28.020000457763672,28.700000762939453,27.68000030517578,28.100000381469727,,10200
2024-10-16,28.350000381469727,28.96999931335449,28.18000030517578,28.350000381469727,,9300
2024-10-17,28.21999931335449,28.21999931335449,27.450000762939453,28.049999237060547,,9800
2024-10-18,27.940000534057617,27.940000534057617,26.299999237060547,26.950000762939453,,10300
2024-10-21,27.209999084472656,28.440000534057617,26.280000686645508,28.440000534057617,,19600
2024-10-22,28.01000022888184,28.440000534057617,27.770000457763672,28.440000534057617,,9500
2024-10-23,28.299999237060547,28.299999237060547,27.3700008392334,27.3700008392334,,6100
2024-10-24,27.18000030517578,28.489999771118164,26.76000022888184,28.489999771118164,,13600
2024-10-25,28.100000381469727,29.600000381469727,28.100000381469727,29.06999969482422,,9400
2024-10-28,28.93000030517578,30.649999618530277,28.86000061035156,30.209999084472656,,15800
2024-10-29,30.209999084472656,30.649999618530277,29.8700008392334,30.209999084472656,,8600
2024-10-30,30.0,30.850000381469727,30.0,30.5,,8000
2024-10-31,30.450000762939453,31.780000686645508,29.959999084472656,31.020000457763672,,35900
2024-11-01,42.25,46.5,34.79999923706055,36.93999862670898,,449200
2024-11-04,37.5099983215332,41.869998931884766,37.15999984741211,40.630001068115234,,84700
2024-11-05,41.0,41.970001220703125,39.59999847412109,41.209999084472656,,51100
2024-11-06,41.959999084472656,43.04999923706055,40.4900016784668,43.04999923706055,,45400
2024-11-07,41.34999847412109,41.90999984741211,40.02000045776367,41.09999847412109,,21900
2024-11-08,41.08000183105469,43.7400016784668,41.08000183105469,42.68000030517578,,14800
2024-11-11,44.650001525878906,49.93999862670898,43.220001220703125,47.34000015258789,,62100
2024-11-12,46.77000045776367,49.97999954223633,45.09999847412109,49.54999923706055,,56000
2024-11-13,49.09999847412109,49.09999847412109,46.81999969482422,46.959999084472656,,38500
2024-11-14,46.7599983215332,48.4900016784668,45.77999877929688,47.810001373291016,,66600
2024-11-15,47.459999084472656,48.970001220703125,45.70000076293945,46.11000061035156,,20600
2024-11-18,46.060001373291016,46.060001373291016,41.38999938964844,41.959999084472656,,45500
2024-11-19,41.959999084472656,46.11000061035156,41.7599983215332,45.209999084472656,,21800
2024-11-20,44.91999816894531,47.630001068115234,44.91999816894531,47.630001068115234,,18000
2024-11-21,47.02000045776367,47.02000045776367,42.06999969482422,42.33000183105469,,39800
2024-11-22,43.31999969482422,47.0,43.18999862670898,46.75,,21900
2024-11-25,46.560001373291016,49.02000045776367,45.25,49.0,,37200
2024-11-26,48.52999877929688,50.400001525878906,47.18000030517578,50.25,,50600
2024-11-27,50.36000061035156,51.97999954223633,49.04999923706055,50.9900016784668,,56600
2024-11-29,50.9900016784668,51.93999862670898,48.81999969482422,51.0,,25600
2024-12-02,50.68000030517578,51.08000183105469,48.0099983215332,49.0099983215332,,58200
2024-12-03,49.38999938964844,54.0099983215332,45.91999816894531,53.81999969482422,,69900
2024-12-04,53.209999084472656,54.2400016784668,50.5,50.70000076293945,,55800
2024-12-05,51.65999984741211,54.34999847412109,51.34000015258789,53.790000915527344,,44800
2024-12-06,52.58000183105469,54.84000015258789,50.5,53.77000045776367,,47000
2024-12-09,53.58000183105469,53.58000183105469,45.959999084472656,47.31999969482422,,53100
2024-12-10,48.90999984741211,50.56999969482422,47.650001525878906,49.70000076293945,,27100
2024-12-11,49.869998931884766,49.869998931884766,46.84999847412109,48.18999862670898,,11200
2024-12-12,48.41999816894531,50.22999954223633,48.41999816894531,49.7599983215332,,18400
2024-12-13,49.11000061035156,49.43999862670898,47.59000015258789,49.43999862670898,,9200
2024-12-16,49.119998931884766,49.84000015258789,48.41999816894531,48.47999954223633,,11400
2024-12-17,48.060001373291016,48.45000076293945,45.0,48.45000076293945,,8400
2024-12-18,48.540000915527344,49.68000030517578,45.33000183105469,45.72999954223633,,46200
2024-12-19,46.81999969482422,46.81999969482422,42.560001373291016,46.34999847412109,,18100
2024-12-20,46.22999954223633,48.810001373291016,45.75,48.7400016784668,,64400
2024-12-23,48.18999862670898,48.18999862670898,45.900001525878906,45.900001525878906,,8700
2024-12-24,45.38999938964844,48.130001068115234,45.38999938964844,48.130001068115234,,10600
2024-12-26,47.400001525878906,50.15999984741211,47.400001525878906,49.709999084472656,,17500
2024-12-27,48.790000915527344,50.09999847412109,48.310001373291016,49.29999923706055,,8900
2024-12-30,48.97999954223633,48.97999954223633,44.52999877929688,45.90999984741211,,19200
2024-12-31,46.0,46.97999954223633,44.54999923706055,46.75,,10200
2025-01-02,46.060001373291016,48.2599983215332,46.060001373291016,46.36000061035156,,27400
2025-01-03,46.540000915527344,46.9900016784668,45.619998931884766,46.9900016784668,,16400
2025-01-06,52.040000915527344,59.59999847412109,50.09000015258789,57.77999877929688,,75900
2025-01-07,58.0,58.36000061035156,50.45000076293945,52.0,,33500
2025-01-08,52.20000076293945,52.84999847412109,49.2400016784668,49.70000076293945,,33900
2025-01-10,49.130001068115234,49.75,46.16999816894531,46.970001220703125,,26900
2025-01-13,46.119998931884766,47.0,45.13999938964844,46.7400016784668,,19100
2025-01-14,46.33000183105469,46.400001525878906,44.38999938964844,45.0,,15500
2025-01-15,44.58000183105469,45.34999847412109,44.34999847412109,45.29999923706055,,12900
2025-01-16,44.43999862670898,44.900001525878906,43.75,44.33000183105469,,19200
2025-01-17,43.970001220703125,45.5,43.5,44.34999847412109,,31500
2025-01-21,44.5,46.619998931884766,43.47999954223633,44.31999969482422,,29900
2025-01-22,44.5,44.5,41.52000045776367,41.650001525878906,,26600
2025-01-23,41.5,42.0,41.25,41.86000061035156,,16000
2025-01-24,41.86000061035156,41.95000076293945,40.29999923706055,40.65999984741211,,23500
2025-01-27,40.0,42.25,39.470001220703125,41.27000045776367,,42700
2025-01-28,40.790000915527344,42.0,40.560001373291016,41.790000915527344,,20400
2025-01-29,41.61000061035156,44.54999923706055,41.61000061035156,43.2599983215332,,41500
2025-01-30,43.18000030517578,45.27000045776367,42.09999847412109,42.95000076293945,,32200
2025-01-31,43.06999969482422,44.0,36.66999816894531,37.970001220703125,,98300
2025-02-03,36.5099983215332,37.25,34.630001068115234,35.29999923706055,,49600
2025-02-04,34.689998626708984,35.959999084472656,34.130001068115234,34.34000015258789,,28800
2025-02-05,34.650001525878906,35.02000045776367,32.189998626708984,32.470001220703125,,49800
2025-02-06,33.09000015258789,35.20000076293945,32.439998626708984,34.34000015258789,,29200
2025-02-07,33.84000015258789,35.13999938964844,33.33000183105469,33.59000015258789,,23000
2025-02-10,33.15999984741211,35.84000015258789,32.459999084472656,33.25,,25000
2025-02-11,32.70000076293945,36.08000183105469,32.119998931884766,35.790000915527344,,34600
2025-02-12,34.90999984741211,35.790000915527344,33.959999084472656,34.5099983215332,,14900
2025-02-13,34.209999084472656,35.529998779296875,33.84000015258789,34.560001373291016,,6200
2025-02-14,34.459999084472656,36.34999847412109,34.349998474121094,35.41999816894531,,13800
2025-02-18,35.22999954223633,37.619998931884766,34.7599983215332,36.18000030517578,,21900
2025-02-19,35.810001373291016,36.0,34.0,34.43000030517578,,28500
2025-02-20,33.77000045776367,35.459999084472656,32.7599983215332,33.33000183105469,,19000
2025-02-21,32.93000030517578,33.09000015258789,32.0,32.0,,10600
2025-02-24,31.799999237060547,34.7400016784668,31.34000015258789,33.11000061035156,,36700
2025-02-25,33.61000061035156,33.880001068115234,31.809999465942383,33.869998931884766,,14500
2025-02-26,33.4900016784668,34.4900016784668,33.209999084472656,33.220001220703125,,9500
2025-02-27,33.720001220703125,33.900001525878906,32.79999923706055,33.72999954223633,,22200
2025-02-28,33.630001068115234,35.22999954223633,32.150001525878906,34.720001220703125,,14900
2025-03-03,35.130001068115234,39.9900016784668,35.130001068115234,36.06999969482422,,36000
2025-03-04,35.52000045776367,36.9900016784668,34.04999923706055,34.31999969482422,,18700
2025-03-05,34.619998931884766,35.45000076293945,33.11000061035156,34.349998474121094,,22900
2025-03-06,33.68000030517578,34.31999969482422,33.209999084472656,34.040000915527344,,19900
2025-03-07,34.0099983215332,41.0,30.790000915527344,40.08000183105469,,156700
2025-03-10,43.77999877929688,45.0,41.75,44.369998931884766,,101800
2025-03-11,44.38999938964844,48.2599983215332,43.97999954223633,47.77999877929688,,66200
2025-03-12,47.83000183105469,48.61000061035156,45.2400016784668,46.52999877929688,,47300
2025-03-13,46.4900016784668,47.470001220703125,44.650001525878906,45.70000076293945,,32800
2025-03-14,46.459999084472656,50.0,46.459999084472656,49.65999984741211,,58800
2025-03-17,49.9900016784668,49.9900016784668,46.79999923706055,48.88999938964844,,36100
2025-03-18,49.43999862670898,49.900001525878906,48.0,49.77999877929688,,19000
2025-03-19,49.77999877929688,50.0,48.59000015258789,49.84999847412109,,22700
2025-03-20,49.2400016784668,50.400001525878906,47.709999084472656,49.04999923706055,,20900
2025-03-21,49.0,49.0,47.400001525878906,48.91999816894531,,14200
2025-03-24,49.61000061035156,50.02000045776367,48.40999984741211,50.0,,31100
2025-03-25,49.90999984741211,51.66999816894531,49.09999847412109,49.619998931884766,,46300
2025-03-26,50.0,52.0,48.29999923706055,49.40999984741211,,18700
2025-03-27,49.40999984741211,49.97999954223633,47.5,49.97999954223633,,15700
2025-03-28,49.7599983215332,50.0,47.7400016784668,48.22999954223633,,25000
2025-03-31,47.369998931884766,50.0,47.0,49.58000183105469,,28600
2025-04-01,49.9900016784668,51.7599983215332,48.75,51.400001525878906,,40100
2025-04-02,52.61000061035156,56.560001373291016,52.22999954223633,55.18999862670898,,76600
2025-04-03,53.09000015258789,53.09000015258789,48.7599983215332,50.650001525878906,,51300
2025-04-04,50.7599983215332,51.59999847412109,47.77000045776367,50.900001525878906,,37400
2025-04-07,49.880001068115234,55.5099983215332,46.79999923706055,52.869998931884766,,98000
2025-04-08,55.34000015258789,57.15999984741211,53.04999923706055,54.970001220703125,,59400
2025-04-09,54.880001068115234,60.709999084472656,54.40999984741211,58.630001068115234,,65700
2025-04-10,58.41999816894531,62.459999084472656,57.400001525878906,61.09999847412109,,52800
2025-04-11,61.09999847412109,65.87000274658203,59.95000076293945,63.22999954223633,,55500
2025-04-14,65.16000366210938,65.16000366210938,56.38999938964844,59.310001373291016,,68600
2025-04-15,59.709999084472656,65.0,59.709999084472656,63.93999862670898,,33400
2025-04-16,63.4900016784668,64.95999908447266,60.150001525878906,61.33000183105469,,37300
2025-04-17,61.88999938964844,63.630001068115234,60.33000183105469,60.83000183105469,,31100
2025-04-21,60.0099983215332,61.25,57.75,58.310001373291016,,35700
2025-04-22,58.970001220703125,64.7300033569336,58.2599983215332,63.459999084472656,,55100
2025-04-23,64.86000061035156,66.43000030517578,62.97999954223633,63.66999816894531,,44600
2025-04-24,63.70000076293945,70.26000213623047,63.68999862670898,66.91999816894531,,77800
2025-04-25,66.55000305175781,67.88999938964844,62.459999084472656,64.88999938964844,,54400
2025-04-28,65.83999633789062,69.95999908447266,65.44000244140625,69.0,,53600
2025-04-29,69.1500015258789,70.25,65.7300033569336,66.4000015258789,,44900
2025-04-30,66.23999786376953,68.33000183105469,64.16999816894531,65.68000030517578,,32000
2025-05-01,66.08999633789062,67.87000274658203,65.13999938964844,67.30000305175781,,26800
2025-05-02,61.880001068115234,61.880001068115234,42.400001525878906,45.86000061035156,,278500
2025-05-05,46.65999984741211,51.95000076293945,43.93000030517578,44.93999862670898,,156300
2025-05-06,44.0,46.34000015258789,43.43999862670898,44.79999923706055,,81900
2025-05-07,45.880001068115234,46.040000915527344,42.5,42.720001220703125,,48300
2025-05-08,42.790000915527344,44.650001525878906,41.630001068115234,43.380001068115234,,45700
2025-05-09,43.09000015258789,45.290000915527344,43.0,44.290000915527344,,30600
2025-05-12,46.97999954223633,47.4900016784668,39.61000061035156,40.27000045776367,,136900
2025-05-13,40.47999954223633,43.0099983215332,40.18999862670898,42.4900016784668,,78900
2025-05-14,42.06999969482422,44.119998931884766,42.06999969482422,43.34000015258789,,35800
2025-05-15,43.4900016784668,45.15999984741211,43.06999969482422,43.119998931884766,,31000
2025-05-16,42.83000183105469,44.0,42.45000076293945,43.119998931884766,,36500
2025-05-19,42.79999923706055,44.25,42.79999923706055,43.22999954223633,,27400
2025-05-20,43.2400016784668,45.33000183105469,43.2400016784668,44.56999969482422,,33900
2025-05-21,44.70000076293945,45.9900016784668,44.310001373291016,44.400001525878906,,49200
2025-05-22,44.400001525878906,46.0,44.16999816894531,45.619998931884766,,34100
2025-05-23,44.5099983215332,46.72999954223633,44.5,46.2400016784668,,32200
2025-05-27,47.619998931884766,47.70000076293945,44.0,44.11000061035156,,51800
2025-05-28,44.630001068115234,44.630001068115234,41.13999938964844,41.290000915527344,,47700
2025-05-29,41.0,41.5,39.75,40.34999847412109,,44800
2025-05-30,40.09999847412109,41.5,38.61000061035156,40.04999923706055,,34500
2025-06-02,39.95000076293945,39.95000076293945,38.25,39.2400016784668,,39600
2025-06-03,39.66999816894531,43.65999984741211,39.5,42.790000915527344,,53700
2025-06-04,43.08000183105469,43.540000915527344,40.84000015258789,41.25,,35700
2025-06-05,41.25,42.630001068115234,41.02999877929688,42.22999954223633,,37100
2025-06-06,42.70000076293945,43.65999984741211,41.93000030517578,42.90999984741211,,37100
2025-06-09,42.959999084472656,42.959999084472656,41.18999862670898,41.25,,30100
2025-06-10,41.97999954223633,42.66999816894531,40.59999847412109,42.25,,24300
2025-06-11,42.56999969482422,43.380001068115234,41.7599983215332,41.7599983215332,,45500
2025-06-12,42.0,43.220001220703125,40.5,40.91999816894531,,27500
2025-06-13,40.59999847412109,41.0,39.52000045776367,39.560001373291016,,24800
2025-06-16,40.0,41.7400016784668,40.0,40.56999969482422,,17200
2025-06-17,39.91999816894531,43.119998931884766,39.91999816894531,42.630001068115234,,59000
2025-06-18,42.70000076293945,42.88999938964844,40.63999938964844,40.84000015258789,,26700
2025-06-20,40.880001068115234,41.650001525878906,40.4900016784668,40.540000915527344,,19800
2025-06-23,41.16999816894531,42.0,40.5099983215332,41.81999969482422,,101700
2025-06-24,41.65999984741211,42.93000030517578,41.310001373291016,42.369998931884766,,95500
2025-06-25,42.84999847412109,43.68999862670898,41.5,42.15999984741211,,64100
2025-06-26,42.150001525878906,43.880001068115234,42.0,43.11000061035156,,68800
2025-06-27,43.0,45.66999816894531,42.38999938964844,44.880001068115234,,374000
2025-06-30,44.68000030517578,45.86000061035156,43.09999847412109,43.63999938964844,,101500
2025-07-01,44.54999923706055,45.0,43.0,43.59000015258789,,52500
2025-07-02,43.209999084472656,45.5,43.209999084472656,45.04999923706055,,43000
2025-07-03,45.43999862670898,47.90999984741211,45.18000030517578,47.81999969482422,,27800
2025-07-07,47.83000183105469,48.9900016784668,46.02000045776367,46.220001220703125,,111900
2025-07-08,46.5,47.88999938964844,46.38999938964844,47.70000076293945,,68400
2025-07-09,47.720001220703125,49.0,46.380001068115234,48.9900016784668,,56900
2025-07-10,48.900001525878906,49.09000015258789,47.04999923706055,47.7599983215332,,40700
2025-07-11,47.209999084472656,47.25,44.709999084472656,45.0099983215332,,43600
2025-07-14,44.9900016784668,46.400001525878906,43.59000015258789,46.22999954223633,,92800
2025-07-15,46.02000045776367,46.5,43.619998931884766,45.18000030517578,,66400
2025-07-16,45.52999877929688,47.65999984741211,45.060001373291016,47.52999877929688,,58800
2025-07-17,47.900001525878906,48.02000045776367,46.29999923706055,47.27000045776367,,34300
2025-07-18,47.61000061035156,47.61000061035156,45.84999847412109,46.18999862670898,,24900
2025-07-21,46.65999984741211,47.36000061035156,46.16999816894531,46.65999984741211,,23100
2025-07-22,46.369998931884766,48.02999877929688,46.369998931884766,47.66999816894531,,21200
2025-07-23,48.470001220703125,50.91999816894531,48.310001373291016,50.59999847412109,,24800
2025-07-24,50.59999847412109,51.93000030517578,49.310001373291016,49.81999969482422,,38700
2025-07-25,50.40999984741211,50.40999984741211,49.0099983215332,49.43000030517578,,17800
2025-07-28,49.84000015258789,54.4900016784668,48.709999084472656,53.5,,146800
2025-07-29,54.88999938964844,56.5,51.52000045776367,51.52000045776367,,63800
2025-07-30,51.5099983215332,51.68999862670898,49.119998931884766,50.27999877929688,,39400
2025-07-31,50.7400016784668,51.7400016784668,50.0099983215332,50.04999923706055,,27600
2025-08-01,49.7599983215332,49.7599983215332,46.88999938964844,47.34999847412109,,43200
2025-08-04,47.43000030517578,48.63999938964844,45.54999923706055,45.709999084472656,,57200
2025-08-05,45.810001373291016,47.0,44.0099983215332,45.09000015258789,,35500
2025-08-06,45.4900016784668,45.93999862670898,43.7400016784668,45.72999954223633,,24300
2025-08-07,46.79999923706055,47.459999084472656,45.97999954223633,46.52999877929688,,19900
2025-08-08,46.77000045776367,48.77000045776367,46.5,47.75,,21900
2025-08-11,48.0099983215332,48.47999954223633,38.06999969482422,38.40999984741211,,137800
2025-08-12,38.560001373291016,39.7599983215332,36.0,39.41999816894531,,125200
2025-08-13,39.95000076293945,42.68000030517578,39.04999923706055,42.34000015258789,,42400
2025-08-14,42.34000015258789,42.34000015258789,40.709999084472656,40.709999084472656,,32400
2025-08-15,40.81999969482422,43.0,40.7599983215332,42.72999954223633,,33800
2025-08-18,42.43000030517578,45.209999084472656,42.2599983215332,44.09999847412109,,28300
2025-08-19,44.27999877929688,44.93000030517578,42.70000076293945,43.91999816894531,,20300
2025-08-20,43.95000076293945,44.7400016784668,43.5,44.7400016784668,,13900
2025-08-21,45.0,48.18999862670898,44.369998931884766,48.0,,32100
2025-08-22,47.75,48.45000076293945,45.31999969482422,46.02999877929688,,36400
2025-08-25,46.0,47.86000061035156,45.84999847412109,46.209999084472656,,21700
2025-08-26,46.02999877929688,47.41999816894531,45.68999862670898,46.709999084472656,,22800
2025-08-27,46.68000030517578,47.79999923706055,45.5,45.5,,24900
2025-08-28,46.0,47.459999084472656,45.77999877929688,46.45000076293945,,19100
2025-08-29,46.77999877929688,47.5,46.5,46.880001068115234,,14300
2025-09-02,46.130001068115234,47.0,45.75,46.040000915527344,,14100
2025-09-03,46.09000015258789,47.25,45.72999954223633,46.470001220703125,,15100
2025-09-04,46.5,47.810001373291016,45.04999923706055,45.7400016784668,,22700
2025-09-05,43.34999847412109,43.34999847412109,38.02000045776367,38.18999862670898,,90800
2025-09-08,38.130001068115234,38.310001373291016,35.04999923706055,35.56999969482422,,78200
2025-09-09,35.310001373291016,37.369998931884766,35.29999923706055,36.38999938964844,,64700
2025-09-10,36.2400016784668,36.380001068115234,35.29999923706055,35.70000076293945,,42500
2025-09-11,35.70000076293945,35.880001068115234,35.0,35.189998626708984,,34500
2025-09-12,35.20000076293945,35.20000076293945,32.91999816894531,33.06999969482422,,47900
2025-09-15,33.0,33.45000076293945,31.71999931335449,32.619998931884766,,54700
2025-09-16,32.63999938964844,34.540000915527344,32.58000183105469,33.810001373291016,,44200
2025-09-17,35.0,35.0,32.65999984741211,32.689998626708984,,33600
2025-09-18,33.13999938964844,34.7599983215332,32.970001220703125,34.7599983215332,,53300
2025-09-19,34.630001068115234,34.709999084472656,33.869998931884766,34.36000061035156,,46800
2025-09-22,34.27000045776367,34.77000045776367,33.38999938964844,34.34000015258789,,24200
2025-09-23,34.400001525878906,34.959999084472656,33.900001525878906,33.90999984741211,,22600
2025-09-24,33.88999938964844,35.29999923706055,33.349998474121094,34.939998626708984,,26800
2025-09-25,33.709999084472656,34.93000030517578,33.54999923706055,33.650001525878906,,21400
2025-09-26,33.5,34.45000076293945,33.400001525878906,33.9900016784668,,22000
2025-09-29,33.900001525878906,34.849998474121094,33.77000045776367,33.900001525878906,,21900
2025-09-30,33.720001220703125,34.34000015258789,33.369998931884766,33.849998474121094,,35500
2025-10-01,33.630001068115234,34.209999084472656,33.349998474121094,33.790000915527344,,22500
2025-10-02,33.38999938964844,33.7599983215332,33.349998474121094,33.59000015258789,,18800
2025-10-03,33.5,35.75,33.349998474121094,34.029998779296875,,34100
2025-10-06,34.02000045776367,34.36000061035156,33.349998474121094,33.84000015258789,,19700
2025-10-07,33.84000015258789,34.0,32.70000076293945,32.81999969482422,,31800
2025-10-08,32.79999923706055,35.06999969482422,32.16999816894531,34.7400016784668,,48600
2025-10-09,35.02000045776367,35.5099983215332,33.970001220703125,34.650001525878906,,37900
2025-10-10,34.849998474121094,34.849998474121094,32.869998931884766,33.33000183105469,,27400
2025-10-13,34.0099983215332,35.34000015258789,24.21999931335449,26.520000457763672,,489500
2025-10-14,26.040000915527344,26.149999618530277,24.040000915527344,25.350000381469727,,142000
2025-10-15,25.049999237060547,25.850000381469727,24.59000015258789,25.1200008392334,,59900
2025-10-16,24.729999542236328,24.950000762939453,23.46999931335449,23.90999984741211,,83000
2025-10-17,26.479999542236328,28.0,25.07999992370605,26.21999931335449,,196700
2025-10-20,25.920000076293945,26.5,25.25,25.63999938964844,,72100
2025-10-21,25.600000381469727,26.5,25.309999465942383,26.07999992370605,,34800
2025-10-22,26.07999992370605,26.5,25.59000015258789,26.36000061035156,,51000
2025-10-23,26.290000915527344,29.479999542236328,26.149999618530277,28.06999969482422,,108000
2025-10-24,28.100000381469727,29.049999237060547,27.350000381469727,28.399999618530277,,44400
2025-10-27,28.40999984741211,29.299999237060547,28.399999618530277,28.8700008392334,,32900
2025-10-28,29.030000686645508,29.040000915527344,28.5,28.709999084472656,,28700
2025-10-29,28.57999992370605,31.450000762939453,28.57999992370605,30.709999084472656,,79300
2025-10-30,30.520000457763672,30.979999542236328,29.68000030517578,30.6299991607666,,43400
2025-10-31,32.45000076293945,36.33000183105469,32.029998779296875,36.2400016784668,,137000
2025-11-03,36.220001220703125,36.400001525878906,33.52000045776367,35.900001525878906,,103400
2025-11-04,35.119998931884766,36.88999938964844,33.689998626708984,33.7400016784668,,42500
2025-11-05,33.66999816894531,33.709999084472656,32.09000015258789,32.349998474121094,,28100
2025-11-06,32.439998626708984,33.290000915527344,32.310001373291016,32.59000015258789,,31600
2025-11-07,31.940000534057617,32.47999954223633,30.950000762939453,30.950000762939453,,46400
2025-11-10,31.5,32.970001220703125,31.21999931335449,32.529998779296875,,23100
2025-11-11,32.47999954223633,34.470001220703125,31.479999542236328,33.61000061035156,,33200
2025-11-12,33.36000061035156,33.650001525878906,32.29999923706055,32.47999954223633,,19100
2025-11-13,32.400001525878906,32.400001525878906,31.51000022888184,31.84000015258789,,19800
2025-11-14,31.71999931335449,33.29999923706055,31.34000015258789,32.09000015258789,,26600
2025-11-17,31.88999938964844,32.709999084472656,30.13999938964844,30.459999084472656,,30600
2025-11-18,30.309999465942383,30.790000915527344,29.15999984741211,30.34000015258789,,46300
2025-11-19,30.76000022888184,30.76000022888184,28.809999465942383,28.90999984741211,,32700
2025-11-20,30.1200008392334,31.989999771118164,29.290000915527344,30.82999992370605,,49800
2025-11-21,30.549999237060547,33.11000061035156,30.549999237060547,32.65999984741211,,41900
2025-11-24,33.0,33.79999923706055,32.13999938964844,33.0,,25900
2025-11-25,33.279998779296875,36.54999923706055,33.279998779296875,36.40999984741211,,48600
2025-11-26,36.400001525878906,37.20000076293945,36.29999923706055,36.7599983215332,,27300
2025-11-28,37.65999984741211,37.72999954223633,35.220001220703125,36.43999862670898,,14500
2025-12-01,36.43999862670898,38.150001525878906,36.43999862670898,37.470001220703125,,19000
2025-12-02,37.58000183105469,37.91999816894531,37.0,37.560001373291016,,29400
2025-12-03,37.61000061035156,40.0,37.61000061035156,39.15999984741211,,37200
2025-12-04,39.560001373291016,40.9900016784668,39.34000015258789,40.70000076293945,,19600
2025-12-05,40.97999954223633,41.54999923706055,40.16999816894531,40.220001220703125,,14900
2025-12-08,39.9900016784668,41.209999084472656,39.720001220703125,41.0,,15200
2025-12-09,40.41999816894531,41.720001220703125,40.41999816894531,41.709999084472656,,21000
2025-12-10,41.400001525878906,42.84000015258789,41.400001525878906,42.4900016784668,,22700
2025-12-11,41.9900016784668,44.43000030517578,41.70000076293945,43.56999969482422,,37000
2025-12-12,43.5,44.4900016784668,42.66999816894531,43.380001068115234,,34000
2025-12-15,43.95000076293945,44.34000015258789,41.88999938964844,43.79999923706055,,32100
2025-12-16,43.47999954223633,45.130001068115234,43.47999954223633,44.70000076293945,,47400
2025-12-17,44.59999847412109,46.0,42.0,43.09000015258789,,51400
2025-12-18,43.959999084472656,43.959999084472656,41.5,42.18000030517578,,21500
2025-12-19,42.27999877929688,44.220001220703125,38.130001068115234,38.68000030517578,,46000
2025-12-22,41.0,47.400001525878906,41.0,42.68000030517578,,48700
2025-12-23,42.45000076293945,42.75,40.70000076293945,41.38999938964844,,32300
2025-12-24,43.29999923706055,43.29999923706055,39.5,40.400001525878906,,62500
2025-12-26,40.380001068115234,40.40999984741211,39.02000045776367,39.45000076293945,,10700
2025-12-29,39.2599983215332,40.369998931884766,38.4900016784668,39.43999862670898,,19700
2025-12-30,39.29999923706055,39.7599983215332,38.09999847412109,38.59999847412109,,24500
2025-12-31,38.880001068115234,38.880001068115234,37.52000045776367,38.47999954223633,,29000
2026-01-02,38.47999954223633,38.86000061035156,36.56999969482422,37.720001220703125,,29000
2026-01-05,38.04999923706055,39.650001525878906,37.58000183105469,38.720001220703125,,21100
2026-01-06,38.720001220703125,41.0,38.709999084472656,40.959999084472656,,29600
2026-01-07,40.900001525878906,41.650001525878906,39.709999084472656,40.040000915527344,,41300
2026-01-08,40.9900016784668,41.84999847412109,40.43000030517578,41.29999923706055,,11200
2026-01-09,41.54999923706055,41.93000030517578,40.18999862670898,41.7400016784668,,53000
2026-01-12,41.5,43.59999847412109,41.5,43.27000045776367,,19200
2026-01-13,43.619998931884766,43.68999862670898,39.97999954223633,40.34000015258789,,38400
2026-01-14,39.900001525878906,41.11000061035156,39.75,41.08000183105469,,7400
2026-01-15,41.20000076293945,42.36000061035156,40.02999877929688,41.72999954223633,,32800
2026-01-16,41.72999954223633,43.38999938964844,41.72999954223633,42.22999954223633,,15500
2026-01-20,42.02000045776367,42.29999923706055,40.790000915527344,41.72999954223633,,5900
2026-01-21,41.400001525878906,41.540000915527344,39.61000061035156,40.84999847412109,,23700
2026-01-22,40.61000061035156,42.25,40.25,40.41999816894531,,19100
2026-01-23,39.45000076293945,40.0,38.54999923706055,39.119998931884766,,12300
2026-01-26,39.119998931884766,41.34999847412109,39.119998931884766,40.869998931884766,,21200
2026-01-27,40.869998931884766,42.0,40.5,41.22999954223633,,30000
2026-01-28,41.5099983215332,41.84999847412109,39.400001525878906,39.41999816894531,,45500
2026-01-29,39.88999938964844,39.88999938964844,38.65999984741211,39.40999984741211,,13100
2026-01-30,39.88999938964844,40.77000045776367,37.95000076293945,39.22999954223633,,56200
2026-02-02,38.869998931884766,40.43000030517578,38.869998931884766,40.060001373291016,,33800
2026-02-03,40.18000030517578,41.0,38.5099983215332,40.02999877929688,,39000
2026-02-04,40.20000076293945,40.20000076293945,38.7599983215332,39.29999923706055,,35900
2026-02-05,39.09999847412109,39.380001068115234,38.150001525878906,38.45000076293945,,21900
2026-02-06,39.34999847412109,40.5,39.0,39.45000076293945,,20800
2026-02-09,39.650001525878906,40.20000076293945,39.119998931884766,39.70000076293945,,31800
2026-02-10,39.93000030517578,39.970001220703125,37.06999969482422,37.33000183105469,,29700
2026-02-11,38.5,39.4900016784668,37.400001525878906,38.02999877929688,,19900
2026-02-12,38.18000030517578,38.77999877929688,37.52999877929688,38.09000015258789,,17200
2026-02-13,38.5,40.0,38.5,39.47999954223633,,17300
2026-02-17,39.959999084472656,40.20000076293945,39.36000061035156,39.90999984741211,,13700
2026-02-18,39.86000061035156,40.83000183105469,39.63999938964844,40.65999984741211,,30700
2026-02-19,40.93000030517578,41.09000015258789,38.45000076293945,39.0,,20400
2026-02-20,38.560001373291016,39.72999954223633,38.2599983215332,39.52000045776367,,10100
2026-02-23,39.72999954223633,40.75,39.5,40.369998931884766,,16800
2026-02-24,40.40999984741211,42.54999923706055,38.83000183105469,41.95000076293945,,34900
2026-02-25,42.0,42.59999847412109,40.77999877929688,42.59999847412109,,22900
2026-02-26,42.0,44.68000030517578,40.04999923706055,44.68000030517578,,26200
2026-02-27,43.61000061035156,44.880001068115234,43.61000061035156,44.310001373291016,,21600
2026-03-02,44.5099983215332,46.5,43.0099983215332,46.130001068115234,,18100
2026-03-03,46.0,47.810001373291016,44.79999923706055,47.5099983215332,,26400
2026-03-04,47.5,50.47999954223633,47.5,48.04999923706055,,27100
2026-03-05,46.72999954223633,47.61000061035156,45.650001525878906,47.61000061035156,,19200
2026-03-06,47.619998931884766,48.709999084472656,45.0,45.290000915527344,,46500
2026-03-09,45.0099983215332,45.900001525878906,43.90999984741211,44.900001525878906,,16900
2026-03-10,44.0,45.34000015258789,43.90999984741211,44.720001220703125,,20700
2026-03-11,44.75,47.59999847412109,43.63999938964844,45.66999816894531,,58400
2026-03-12,45.310001373291016,49.0,45.119998931884766,46.81999969482422,,36000
2026-03-13,48.15999984741211,51.814998626708984,47.5,48.459999084472656,,40539
