Date,open,high,low,close,adj close,volume
2007-06-27,22.0,24.38999938964844,19.700000762939453,23.46999931335449,23.46999931335449,0
2007-06-28,23.88999938964844,26.270000457763672,22.5,25.59000015258789,25.59000015258789,804300
2007-06-29,26.200000762939453,26.200000762939453,22.26000022888184,23.14999961853028,23.14999961853028,604000
2007-07-02,23.489999771118164,23.489999771118164,22.0,22.40999984741211,22.40999984741211,324100
2007-07-03,22.770000457763672,22.770000457763672,22.0,22.38999938964844,22.38999938964844,86300
2007-07-05,22.21999931335449,23.200000762939453,22.049999237060547,22.940000534057617,22.940000534057617,221200
2007-07-06,22.90999984741211,25.07999992370605,22.90999984741211,24.709999084472656,24.709999084472656,219600
2007-07-09,25.239999771118164,25.39999961853028,23.21999931335449,23.799999237060547,23.799999237060547,130700
2007-07-10,23.420000076293945,25.049999237060547,23.420000076293945,24.209999084472656,24.209999084472656,158100
2007-07-11,24.489999771118164,25.170000076293945,24.420000076293945,24.979999542236328,24.979999542236328,133000
2007-07-12,25.229999542236328,28.270000457763672,25.229999542236328,26.86000061035156,26.86000061035156,418400
2007-07-13,27.21999931335449,28.0,25.5,26.040000915527344,26.040000915527344,175600
2007-07-16,26.3700008392334,26.3700008392334,24.780000686645508,24.88999938964844,24.88999938964844,58500
2007-07-17,25.0,25.100000381469727,24.0,24.290000915527344,24.290000915527344,142100
2007-07-18,24.229999542236328,24.420000076293945,23.56999969482422,24.07999992370605,24.07999992370605,69300
2007-07-19,23.799999237060547,25.09000015258789,23.799999237060547,24.520000457763672,24.520000457763672,74300
2007-07-20,24.540000915527344,24.540000915527344,23.86000061035156,24.020000457763672,24.020000457763672,66700
2007-07-23,23.82999992370605,24.799999237060547,23.06999969482422,24.190000534057617,24.190000534057617,105500
2007-07-24,24.01000022888184,24.25,23.38999938964844,23.739999771118164,23.739999771118164,62800
2007-07-25,23.559999465942383,23.82999992370605,22.790000915527344,23.780000686645508,23.780000686645508,77400
2007-07-26,23.5,23.5,22.0,23.21999931335449,23.21999931335449,73400
2007-07-27,23.39999961853028,23.489999771118164,22.729999542236328,22.989999771118164,22.989999771118164,63200
2007-07-30,23.1299991607666,23.46999931335449,22.8799991607666,23.200000762939453,23.200000762939453,55700
2007-07-31,23.020000457763672,23.89999961853028,23.0,23.479999542236328,23.479999542236328,205200
2007-08-01,24.0,24.549999237060547,22.0,24.39999961853028,24.39999961853028,70900
2007-08-02,24.200000762939453,24.65999984741211,23.989999771118164,24.1200008392334,24.1200008392334,81100
2007-08-03,24.520000457763672,25.700000762939453,23.290000915527344,24.350000381469727,24.350000381469727,136400
2007-08-06,23.8799991607666,24.350000381469727,22.0,23.020000457763672,23.020000457763672,86600
2007-08-07,23.059999465942383,23.170000076293945,22.64999961853028,23.01000022888184,23.01000022888184,51700
2007-08-08,22.0,23.020000457763672,21.07999992370605,22.13999938964844,22.13999938964844,210100
2007-08-09,21.63999938964844,22.59000015258789,21.63999938964844,22.59000015258789,22.59000015258789,47800
2007-08-10,22.020000457763672,23.540000915527344,22.0,23.540000915527344,23.540000915527344,57600
2007-08-13,23.239999771118164,23.420000076293945,22.979999542236328,22.979999542236328,22.979999542236328,8500
2007-08-14,22.51000022888184,23.64999961853028,22.3799991607666,22.57999992370605,22.57999992370605,39100
2007-08-15,21.979999542236328,23.040000915527344,21.979999542236328,22.549999237060547,22.549999237060547,68400
2007-08-16,22.020000457763672,23.280000686645508,22.0,22.14999961853028,22.14999961853028,136600
2007-08-17,24.39999961853028,24.39999961853028,22.0,22.290000915527344,22.290000915527344,84000
2007-08-20,22.1200008392334,22.290000915527344,21.86000061035156,22.0,22.0,227000
2007-08-21,21.950000762939453,22.940000534057617,21.5,22.61000061035156,22.61000061035156,76500
2007-08-22,22.0,22.75,22.0,22.59000015258789,22.59000015258789,19500
2007-08-23,22.5,22.75,22.5,22.729999542236328,22.729999542236328,21800
2007-08-24,22.450000762939453,22.56999969482422,22.030000686645508,22.299999237060547,22.299999237060547,9400
2007-08-27,22.299999237060547,22.40999984741211,21.01000022888184,21.25,21.25,141900
2007-08-28,21.299999237060547,21.440000534057617,20.6299991607666,21.170000076293945,21.170000076293945,81700
2007-08-29,21.25,21.96999931335449,21.14999961853028,21.5,21.5,59100
2007-08-30,21.5,22.190000534057617,20.86000061035156,21.75,21.75,73400
2007-08-31,21.6200008392334,21.799999237060547,21.280000686645508,21.420000076293945,21.420000076293945,30600
2007-09-04,21.420000076293945,22.299999237060547,21.39999961853028,22.049999237060547,22.049999237060547,53200
2007-09-05,21.940000534057617,22.21999931335449,21.940000534057617,22.21999931335449,22.21999931335449,11000
2007-09-06,22.440000534057617,22.530000686645508,20.6200008392334,22.280000686645508,22.280000686645508,19100
2007-09-07,21.049999237060547,22.520000457763672,21.049999237060547,22.059999465942383,22.059999465942383,6300
2007-09-10,21.6200008392334,22.56999969482422,21.6200008392334,22.38999938964844,22.38999938964844,25100
2007-09-11,22.459999084472656,23.200000762939453,22.450000762939453,23.190000534057617,23.190000534057617,17600
2007-09-12,23.07999992370605,23.190000534057617,22.61000061035156,23.18000030517578,23.18000030517578,7600
2007-09-13,23.479999542236328,23.600000381469727,22.43000030517578,23.520000457763672,23.520000457763672,15200
2007-09-14,23.65999984741211,24.239999771118164,23.280000686645508,24.21999931335449,24.21999931335449,63800
2007-09-17,22.34000015258789,25.13999938964844,22.34000015258789,24.709999084472656,24.709999084472656,41100
2007-09-18,24.86000061035156,25.959999084472656,24.86000061035156,25.90999984741211,25.90999984741211,34300
2007-09-19,25.959999084472656,26.8799991607666,25.959999084472656,26.700000762939453,26.700000762939453,57800
2007-09-20,26.559999465942383,26.82999992370605,26.07999992370605,26.43000030517578,26.43000030517578,44700
2007-09-21,26.299999237060547,27.190000534057617,26.25,27.190000534057617,27.190000534057617,43100
2007-09-24,26.93000030517578,27.75,26.690000534057617,27.549999237060547,27.549999237060547,14000
2007-09-25,24.780000686645508,28.0,24.780000686645508,27.770000457763672,27.770000457763672,61800
2007-09-26,28.14999961853028,30.520000457763672,27.920000076293945,30.46999931335449,30.46999931335449,58100
2007-09-27,30.59000015258789,31.64999961853028,28.84000015258789,29.14999961853028,29.14999961853028,148800
2007-09-28,29.14999961853028,29.600000381469727,27.0,27.0,27.0,574200
2007-10-01,27.0,29.0,26.96999931335449,28.850000381469727,28.850000381469727,131500
2007-10-02,28.950000762939453,30.46999931335449,28.3799991607666,29.030000686645508,29.030000686645508,133400
2007-10-03,32.560001373291016,33.599998474121094,31.1299991607666,31.18000030517578,31.18000030517578,1104000
2007-10-04,31.489999771118164,31.559999465942383,30.739999771118164,30.96999931335449,30.96999931335449,271900
2007-10-05,31.530000686645508,31.549999237060547,30.0,31.100000381469727,31.100000381469727,169300
2007-10-08,31.31999969482422,31.96999931335449,30.049999237060547,31.21999931335449,31.21999931335449,155400
2007-10-09,32.5,37.810001373291016,31.520000457763672,37.02000045776367,37.02000045776367,874500
2007-10-10,37.0,39.25,35.349998474121094,37.83000183105469,37.83000183105469,253100
2007-10-11,39.25,40.0,34.470001220703125,35.0,35.0,511200
2007-10-12,35.189998626708984,36.619998931884766,34.47999954223633,35.880001068115234,35.880001068115234,254300
2007-10-15,36.060001373291016,36.95000076293945,34.040000915527344,34.220001220703125,34.220001220703125,233300
2007-10-16,33.68000030517578,35.5,33.099998474121094,34.86000061035156,34.86000061035156,281000
2007-10-17,35.5,37.709999084472656,35.5,37.18000030517578,37.18000030517578,291000
2007-10-18,37.220001220703125,42.0,36.5099983215332,40.900001525878906,40.900001525878906,310700
2007-10-19,41.400001525878906,41.97999954223633,37.619998931884766,37.93000030517578,37.93000030517578,296800
2007-10-22,37.400001525878906,38.47999954223633,36.0099983215332,37.5,37.5,216400
2007-10-23,39.16999816894531,39.5,37.0,38.040000915527344,38.040000915527344,213300
2007-10-24,37.61000061035156,37.66999816894531,35.560001373291016,36.68000030517578,36.68000030517578,226600
2007-10-25,36.70000076293945,37.4900016784668,35.0,35.189998626708984,35.189998626708984,134100
2007-10-26,35.849998474121094,36.9900016784668,35.459999084472656,36.45000076293945,36.45000076293945,101000
2007-10-29,36.5099983215332,38.0,36.400001525878906,36.97999954223633,36.97999954223633,83600
2007-10-30,37.38999938964844,37.4900016784668,36.5,36.52000045776367,36.52000045776367,107400
2007-10-31,36.84000015258789,37.77999877929688,36.11000061035156,36.65999984741211,36.65999984741211,106400
2007-11-01,33.95000076293945,33.95000076293945,30.59000015258789,31.5,31.5,561800
2007-11-02,31.690000534057617,32.0,29.40999984741211,31.489999771118164,31.489999771118164,211200
2007-11-05,29.049999237060547,31.39999961853028,29.049999237060547,30.559999465942383,30.559999465942383,189700
2007-11-06,30.690000534057617,34.25,30.209999084472656,33.310001373291016,33.310001373291016,177600
2007-11-07,32.849998474121094,33.95000076293945,31.850000381469727,33.09000015258789,33.09000015258789,118900
2007-11-08,33.06999969482422,33.459999084472656,30.559999465942383,31.39999961853028,31.39999961853028,156600
2007-11-09,30.290000915527344,32.349998474121094,29.26000022888184,31.280000686645508,31.280000686645508,207800
2007-11-12,31.200000762939453,31.989999771118164,30.1299991607666,31.38999938964844,31.38999938964844,101800
2007-11-13,31.280000686645508,31.739999771118164,29.63999938964844,30.209999084472656,30.209999084472656,177800
2007-11-14,30.280000686645508,31.57999992370605,29.5,31.489999771118164,31.489999771118164,89200
2007-11-15,30.34000015258789,31.38999938964844,30.13999938964844,30.46999931335449,30.46999931335449,74600
2007-11-16,30.3700008392334,31.350000381469727,30.01000022888184,30.530000686645508,30.530000686645508,61100
2007-11-19,30.049999237060547,30.989999771118164,28.06999969482422,28.76000022888184,28.76000022888184,112800
2007-11-20,28.75,29.600000381469727,28.0,28.739999771118164,28.739999771118164,127800
2007-11-21,28.100000381469727,28.25,26.8700008392334,27.01000022888184,27.01000022888184,135800
2007-11-23,26.61000061035156,28.6299991607666,26.38999938964844,28.299999237060547,28.299999237060547,67600
2007-11-26,28.239999771118164,30.38999938964844,28.01000022888184,29.780000686645508,29.780000686645508,191700
2007-11-27,30.25,30.86000061035156,29.0,30.100000381469727,30.100000381469727,140900
2007-11-28,30.489999771118164,31.25,29.61000061035156,30.600000381469727,30.600000381469727,242400
2007-11-29,31.309999465942383,34.7400016784668,29.280000686645508,34.70000076293945,34.70000076293945,379500
2007-11-30,35.400001525878906,35.95000076293945,32.22999954223633,32.45000076293945,32.45000076293945,344300
2007-12-03,32.310001373291016,34.630001068115234,31.489999771118164,34.630001068115234,34.630001068115234,132700
2007-12-04,34.0,36.630001068115234,33.79999923706055,36.060001373291016,36.060001373291016,181500
2007-12-05,36.369998931884766,37.869998931884766,35.939998626708984,37.25,37.25,214100
2007-12-06,37.0,37.40999984741211,36.209999084472656,37.33000183105469,37.33000183105469,108100
2007-12-07,37.5,37.5,35.54999923706055,36.130001068115234,36.130001068115234,100600
2007-12-10,36.25,36.4900016784668,35.54999923706055,36.22999954223633,36.22999954223633,64700
2007-12-11,36.150001525878906,37.220001220703125,35.5,36.02999877929688,36.02999877929688,72300
2007-12-12,37.18000030517578,37.290000915527344,35.18000030517578,35.5,35.5,97500
2007-12-13,35.29999923706055,35.29999923706055,34.08000183105469,34.540000915527344,34.540000915527344,114100
2007-12-14,34.650001525878906,34.650001525878906,33.68000030517578,34.209999084472656,34.209999084472656,35600
2007-12-17,34.400001525878906,34.43000030517578,33.0,34.040000915527344,34.040000915527344,86400
2007-12-18,34.25,34.25,32.459999084472656,32.970001220703125,32.970001220703125,146100
2007-12-19,33.040000915527344,33.439998626708984,31.690000534057617,32.65999984741211,32.65999984741211,149400
2007-12-20,33.150001525878906,33.369998931884766,32.09000015258789,33.36000061035156,33.36000061035156,72800
2007-12-21,33.380001068115234,34.52000045776367,33.380001068115234,34.0,34.0,439700
2007-12-24,32.119998931884766,32.810001373291016,30.700000762939453,32.65999984741211,32.65999984741211,389800
2007-12-26,32.689998626708984,33.95000076293945,32.689998626708984,33.650001525878906,33.650001525878906,111500
2007-12-27,33.41999816894531,34.0,32.0,32.29999923706055,32.29999923706055,130400
2007-12-28,32.689998626708984,33.09000015258789,32.0,32.0,32.0,94800
2007-12-31,32.0,32.7400016784668,31.90999984741211,32.630001068115234,32.630001068115234,109000
2008-01-02,33.22999954223633,33.22999954223633,31.950000762939453,32.369998931884766,32.369998931884766,139600
2008-01-03,31.959999084472656,32.25,31.01000022888184,31.489999771118164,31.489999771118164,218000
2008-01-04,31.030000686645508,31.030000686645508,30.030000686645508,30.239999771118164,30.239999771118164,127400
2008-01-07,30.13999938964844,30.600000381469727,29.280000686645508,30.0,30.0,125800
2008-01-08,29.950000762939453,30.1200008392334,29.21999931335449,29.940000534057617,29.940000534057617,110100
2008-01-09,30.479999542236328,31.239999771118164,29.690000534057617,31.100000381469727,31.100000381469727,184800
2008-01-10,30.96999931335449,30.96999931335449,29.049999237060547,29.780000686645508,29.780000686645508,438200
2008-01-11,29.26000022888184,30.100000381469727,29.11000061035156,30.0,30.0,340500
2008-01-14,30.07999992370605,30.07999992370605,29.32999992370605,30.01000022888184,30.01000022888184,210900
2008-01-15,26.959999084472656,28.5,23.1299991607666,26.5,26.5,1563600
2008-01-16,25.09000015258789,27.350000381469727,22.959999084472656,27.280000686645508,27.280000686645508,773600
2008-01-17,27.14999961853028,28.200000762939453,25.8700008392334,26.350000381469727,26.350000381469727,343400
2008-01-18,26.32999992370605,27.6200008392334,26.0,26.350000381469727,26.350000381469727,254400
2008-01-22,25.26000022888184,25.76000022888184,23.34000015258789,25.1299991607666,25.1299991607666,177800
2008-01-23,24.030000686645508,25.1299991607666,23.770000457763672,24.64999961853028,24.64999961853028,627100
2008-01-24,24.89999961853028,26.5,24.89999961853028,25.3700008392334,25.3700008392334,195200
2008-01-25,25.6299991607666,26.43000030517578,25.61000061035156,26.18000030517578,26.18000030517578,118700
2008-01-28,26.25,27.0,25.06999969482422,26.950000762939453,26.950000762939453,80900
2008-01-29,26.979999542236328,27.100000381469727,26.32999992370605,26.739999771118164,26.739999771118164,137500
2008-01-30,26.700000762939453,26.850000381469727,26.049999237060547,26.39999961853028,26.39999961853028,184600
2008-01-31,25.96999931335449,27.32999992370605,25.5,26.770000457763672,26.770000457763672,160600
2008-02-01,26.81999969482422,27.700000762939453,26.6299991607666,27.420000076293945,27.420000076293945,90100
2008-02-04,27.540000915527344,27.670000076293945,26.84000015258789,27.489999771118164,27.489999771118164,73000
2008-02-05,27.700000762939453,27.700000762939453,25.420000076293945,26.450000762939453,26.450000762939453,86500
2008-02-06,26.770000457763672,26.770000457763672,25.540000915527344,25.75,25.75,201800
2008-02-07,25.5,27.950000762939453,25.5,27.450000762939453,27.450000762939453,428200
2008-02-08,23.90999984741211,25.450000762939453,21.88999938964844,22.920000076293945,22.920000076293945,1489300
2008-02-11,23.100000381469727,24.209999084472656,23.100000381469727,23.89999961853028,23.89999961853028,232700
2008-02-12,24.1299991607666,24.1299991607666,20.14999961853028,20.96999931335449,20.96999931335449,757100
2008-02-13,21.31999969482422,22.1200008392334,21.020000457763672,21.770000457763672,21.770000457763672,299700
2008-02-14,21.68000030517578,22.71999931335449,21.020000457763672,22.549999237060547,22.549999237060547,236800
2008-02-15,22.3700008392334,22.64999961853028,21.979999542236328,22.61000061035156,22.61000061035156,145200
2008-02-19,22.61000061035156,22.71999931335449,21.76000022888184,22.07999992370605,22.07999992370605,254800
2008-02-20,21.850000381469727,22.11000061035156,21.739999771118164,21.920000076293945,21.920000076293945,126900
2008-02-21,21.93000030517578,21.93000030517578,20.38999938964844,20.43000030517578,20.43000030517578,440400
2008-02-22,20.549999237060547,20.549999237060547,19.06999969482422,19.3799991607666,19.3799991607666,387200
2008-02-25,19.270000457763672,20.61000061035156,19.190000534057617,20.31999969482422,20.31999969482422,194500
2008-02-26,20.1299991607666,20.75,19.51000022888184,20.739999771118164,20.739999771118164,261600
2008-02-27,20.690000534057617,20.690000534057617,20.01000022888184,20.39999961853028,20.39999961853028,167900
2008-02-28,20.36000061035156,20.75,20.200000762939453,20.489999771118164,20.489999771118164,186900
2008-02-29,20.59000015258789,20.63999938964844,19.790000915527344,20.6200008392334,20.6200008392334,267800
2008-03-03,20.530000686645508,20.670000076293945,19.809999465942383,20.030000686645508,20.030000686645508,237400
2008-03-04,20.0,20.190000534057617,19.89999961853028,20.049999237060547,20.049999237060547,89300
2008-03-05,20.270000457763672,20.270000457763672,19.15999984741211,19.450000762939453,19.450000762939453,212900
2008-03-06,19.39999961853028,19.600000381469727,19.309999465942383,19.46999931335449,19.46999931335449,124800
2008-03-07,19.299999237060547,20.020000457763672,19.15999984741211,19.549999237060547,19.549999237060547,119000
2008-03-10,18.950000762939453,19.40999984741211,17.309999465942383,18.200000762939453,18.200000762939453,461100
2008-03-11,18.799999237060547,20.38999938964844,18.559999465942383,19.979999542236328,19.979999542236328,238800
2008-03-12,20.0,20.170000076293945,19.40999984741211,20.15999984741211,20.15999984741211,175300
2008-03-13,19.88999938964844,20.520000457763672,19.190000534057617,20.07999992370605,20.07999992370605,156400
2008-03-14,20.270000457763672,20.270000457763672,19.25,19.68000030517578,19.68000030517578,97600
2008-03-17,19.15999984741211,19.81999969482422,18.950000762939453,19.6200008392334,19.6200008392334,97000
2008-03-18,19.950000762939453,20.770000457763672,19.75,20.76000022888184,20.76000022888184,128900
2008-03-19,20.76000022888184,22.13999938964844,20.76000022888184,21.51000022888184,21.51000022888184,180200
2008-03-20,21.71999931335449,21.71999931335449,19.21999931335449,19.479999542236328,19.479999542236328,444200
2008-03-24,19.5,19.63999938964844,18.89999961853028,19.049999237060547,19.049999237060547,200400
2008-03-25,19.200000762939453,19.6299991607666,19.1299991607666,19.479999542236328,19.479999542236328,172000
2008-03-26,19.420000076293945,19.59000015258789,19.299999237060547,19.5,19.5,72700
2008-03-27,20.059999465942383,20.5,19.540000915527344,19.89999961853028,19.89999961853028,296000
2008-03-28,19.81999969482422,20.1299991607666,19.809999465942383,19.89999961853028,19.89999961853028,118200
2008-03-31,19.61000061035156,20.170000076293945,19.61000061035156,20.059999465942383,20.059999465942383,74600
2008-04-01,20.190000534057617,20.93000030517578,19.920000076293945,20.82999992370605,20.82999992370605,190900
2008-04-02,20.350000381469727,21.14999961853028,20.350000381469727,21.13999938964844,21.13999938964844,150200
2008-04-03,20.93000030517578,21.299999237060547,20.21999931335449,20.420000076293945,20.420000076293945,171800
2008-04-04,20.350000381469727,21.0,20.34000015258789,20.8700008392334,20.8700008392334,80000
2008-04-07,22.0,24.14999961853028,21.920000076293945,22.989999771118164,22.989999771118164,621400
2008-04-08,22.780000686645508,23.21999931335449,22.450000762939453,23.13999938964844,23.13999938964844,76600
2008-04-09,23.26000022888184,23.26000022888184,22.479999542236328,22.809999465942383,22.809999465942383,74100
2008-04-10,22.709999084472656,23.25,22.5,23.25,23.25,61600
2008-04-11,23.15999984741211,23.15999984741211,22.5,22.75,22.75,110100
2008-04-14,22.6200008392334,22.959999084472656,22.15999984741211,22.809999465942383,22.809999465942383,117300
2008-04-15,22.75,23.190000534057617,22.600000381469727,22.75,22.75,181100
2008-04-16,22.989999771118164,23.709999084472656,22.790000915527344,23.489999771118164,23.489999771118164,116700
2008-04-17,23.43000030517578,23.75,23.34000015258789,23.57999992370605,23.57999992370605,134500
2008-04-18,22.93000030517578,23.559999465942383,22.670000076293945,23.18000030517578,23.18000030517578,283400
2008-04-21,23.239999771118164,24.049999237060547,21.71999931335449,21.780000686645508,21.780000686645508,435200
2008-04-22,21.82999992370605,22.01000022888184,21.1299991607666,21.530000686645508,21.530000686645508,251200
2008-04-23,21.540000915527344,21.780000686645508,21.31999969482422,21.479999542236328,21.479999542236328,168700
2008-04-24,21.489999771118164,22.520000457763672,21.13999938964844,22.239999771118164,22.239999771118164,209300
2008-04-25,22.32999992370605,22.700000762939453,21.450000762939453,21.51000022888184,21.51000022888184,333700
2008-04-28,21.5,21.729999542236328,17.770000457763672,17.93000030517578,17.93000030517578,1242600
2008-04-29,18.040000915527344,20.84000015258789,18.040000915527344,20.190000534057617,20.190000534057617,1275100
2008-04-30,20.299999237060547,20.36000061035156,18.670000076293945,18.8700008392334,18.8700008392334,483600
2008-05-01,19.0,20.21999931335449,18.75,19.84000015258789,19.84000015258789,342500
2008-05-02,23.86000061035156,24.950000762939453,21.32999992370605,22.700000762939453,22.700000762939453,1673200
2008-05-05,22.670000076293945,23.09000015258789,22.040000915527344,22.280000686645508,22.280000686645508,441900
2008-05-06,22.030000686645508,22.21999931335449,21.86000061035156,21.989999771118164,21.989999771118164,413400
2008-05-07,22.07999992370605,22.670000076293945,22.020000457763672,22.1299991607666,22.1299991607666,350000
2008-05-08,22.290000915527344,22.290000915527344,21.920000076293945,21.940000534057617,21.940000534057617,366000
2008-05-09,21.89999961853028,22.3799991607666,21.200000762939453,21.420000076293945,21.420000076293945,502700
2008-05-12,21.549999237060547,21.93000030517578,21.39999961853028,21.6200008392334,21.6200008392334,194200
2008-05-13,21.39999961853028,21.940000534057617,21.229999542236328,21.65999984741211,21.65999984741211,386500
2008-05-14,21.46999931335449,22.76000022888184,21.290000915527344,22.520000457763672,22.520000457763672,322400
2008-05-15,22.299999237060547,23.200000762939453,22.25,22.989999771118164,22.989999771118164,213400
2008-05-16,23.1299991607666,23.1299991607666,21.729999542236328,22.790000915527344,22.790000915527344,315500
2008-05-19,22.8700008392334,23.530000686645508,21.18000030517578,23.200000762939453,23.200000762939453,381900
2008-05-20,23.01000022888184,23.290000915527344,22.739999771118164,23.170000076293945,23.170000076293945,216000
2008-05-21,23.06999969482422,23.8799991607666,22.799999237060547,23.059999465942383,23.059999465942383,149300
2008-05-22,23.0,23.549999237060547,22.799999237060547,23.21999931335449,23.21999931335449,168700
2008-05-23,23.200000762939453,23.61000061035156,22.82999992370605,23.309999465942383,23.309999465942383,116500
2008-05-27,23.25,23.600000381469727,23.06999969482422,23.18000030517578,23.18000030517578,89000
2008-05-28,23.15999984741211,23.479999542236328,23.0,23.40999984741211,23.40999984741211,171500
2008-05-29,23.3700008392334,24.920000076293945,23.31999969482422,24.68000030517578,24.68000030517578,341500
2008-05-30,24.700000762939453,24.86000061035156,24.350000381469727,24.5,24.5,527700
2008-06-02,24.46999931335449,24.46999931335449,23.850000381469727,24.440000534057617,24.440000534057617,158300
2008-06-03,24.059999465942383,24.940000534057617,24.0,24.76000022888184,24.76000022888184,273100
2008-06-04,24.5,25.209999084472656,24.459999084472656,25.15999984741211,25.15999984741211,144100
2008-06-05,25.200000762939453,27.64999961853028,24.6200008392334,27.11000061035156,27.11000061035156,490700
2008-06-06,26.700000762939453,27.100000381469727,26.1299991607666,26.850000381469727,26.850000381469727,381500
2008-06-09,26.489999771118164,26.489999771118164,25.530000686645508,26.1299991607666,26.1299991607666,300700
2008-06-10,25.51000022888184,26.200000762939453,25.350000381469727,25.61000061035156,25.61000061035156,221200
2008-06-11,25.479999542236328,26.530000686645508,25.479999542236328,26.39999961853028,26.39999961853028,205800
2008-06-12,26.39999961853028,27.479999542236328,26.26000022888184,26.59000015258789,26.59000015258789,323700
2008-06-13,26.780000686645508,27.420000076293945,26.56999969482422,27.40999984741211,27.40999984741211,82700
2008-06-16,27.059999465942383,27.6299991607666,26.32999992370605,26.61000061035156,26.61000061035156,261200
2008-06-17,26.350000381469727,28.559999465942383,25.84000015258789,28.270000457763672,28.270000457763672,293600
2008-06-18,28.299999237060547,29.100000381469727,27.299999237060547,28.020000457763672,28.020000457763672,250400
2008-06-19,27.88999938964844,28.280000686645508,27.3799991607666,28.06999969482422,28.06999969482422,119800
2008-06-20,27.799999237060547,28.229999542236328,27.59000015258789,27.82999992370605,27.82999992370605,182400
2008-06-23,27.6200008392334,28.15999984741211,27.600000381469727,27.690000534057617,27.690000534057617,224300
2008-06-24,24.0,25.32999992370605,21.049999237060547,21.450000762939453,21.450000762939453,1911400
2008-06-25,22.11000061035156,23.559999465942383,21.90999984741211,22.8799991607666,22.8799991607666,1587300
2008-06-26,22.540000915527344,23.059999465942383,22.18000030517578,22.61000061035156,22.61000061035156,514600
2008-06-27,22.520000457763672,22.61000061035156,20.959999084472656,21.479999542236328,21.479999542236328,1735200
2008-06-30,21.270000457763672,22.21999931335449,21.09000015258789,21.81999969482422,21.81999969482422,262700
2008-07-01,21.530000686645508,21.93000030517578,20.06999969482422,21.82999992370605,21.82999992370605,536800
2008-07-02,21.799999237060547,21.93000030517578,19.959999084472656,20.39999961853028,20.39999961853028,467700
2008-07-03,20.489999771118164,20.559999465942383,19.90999984741211,20.100000381469727,20.100000381469727,166200
2008-07-07,20.520000457763672,20.81999969482422,19.280000686645508,19.450000762939453,19.450000762939453,425800
2008-07-08,19.31999969482422,20.31999969482422,19.270000457763672,19.989999771118164,19.989999771118164,556100
2008-07-09,20.280000686645508,20.6299991607666,19.6200008392334,19.6200008392334,19.6200008392334,239300
2008-07-10,19.6299991607666,20.299999237060547,19.34000015258789,20.06999969482422,20.06999969482422,162100
2008-07-11,19.93000030517578,19.93000030517578,18.600000381469727,19.059999465942383,19.059999465942383,493800
2008-07-14,19.34000015258789,20.43000030517578,18.84000015258789,19.739999771118164,19.739999771118164,252300
2008-07-15,19.239999771118164,20.6299991607666,18.64999961853028,20.07999992370605,20.07999992370605,342100
2008-07-16,20.1200008392334,23.5,19.8799991607666,23.21999931335449,23.21999931335449,322100
2008-07-17,23.25,23.25,21.96999931335449,22.790000915527344,22.790000915527344,256400
2008-07-18,22.790000915527344,22.790000915527344,21.43000030517578,21.540000915527344,21.540000915527344,288300
2008-07-21,21.479999542236328,21.809999465942383,21.06999969482422,21.420000076293945,21.420000076293945,150600
2008-07-22,21.07999992370605,22.059999465942383,21.07999992370605,21.979999542236328,21.979999542236328,143700
2008-07-23,21.989999771118164,22.850000381469727,21.51000022888184,22.14999961853028,22.14999961853028,198700
2008-07-24,22.1200008392334,23.0,21.100000381469727,21.14999961853028,21.14999961853028,185600
2008-07-25,21.34000015258789,22.530000686645508,21.200000762939453,21.5,21.5,171300
2008-07-28,21.40999984741211,21.40999984741211,19.700000762939453,19.71999931335449,19.71999931335449,309800
2008-07-29,19.959999084472656,21.71999931335449,19.75,20.8799991607666,20.8799991607666,245600
2008-07-30,21.450000762939453,21.450000762939453,19.6299991607666,19.790000915527344,19.790000915527344,300300
2008-07-31,19.6299991607666,20.309999465942383,19.01000022888184,19.07999992370605,19.07999992370605,233000
2008-08-01,21.65999984741211,23.520000457763672,19.1299991607666,20.600000381469727,20.600000381469727,754700
2008-08-04,20.440000534057617,20.450000762939453,17.700000762939453,17.850000381469727,17.850000381469727,410900
2008-08-05,18.209999084472656,19.56999969482422,17.90999984741211,19.530000686645508,19.530000686645508,242400
2008-08-06,19.530000686645508,20.34000015258789,18.729999542236328,19.540000915527344,19.540000915527344,113400
2008-08-07,19.209999084472656,20.38999938964844,18.81999969482422,20.13999938964844,20.13999938964844,213500
2008-08-08,19.88999938964844,20.920000076293945,19.88999938964844,20.59000015258789,20.59000015258789,178300
2008-08-11,20.530000686645508,21.3799991607666,19.8700008392334,21.34000015258789,21.34000015258789,255300
2008-08-12,21.32999992370605,22.64999961853028,21.18000030517578,22.059999465942383,22.059999465942383,213400
2008-08-13,21.979999542236328,22.64999961853028,21.739999771118164,22.1200008392334,22.1200008392334,232500
2008-08-14,22.020000457763672,22.600000381469727,21.75,22.170000076293945,22.170000076293945,236500
2008-08-15,22.479999542236328,24.0,21.670000076293945,23.979999542236328,23.979999542236328,318600
2008-08-18,23.940000534057617,23.940000534057617,22.030000686645508,22.38999938964844,22.38999938964844,150600
2008-08-19,22.1200008392334,22.700000762939453,21.75,22.309999465942383,22.309999465942383,140800
2008-08-20,22.440000534057617,22.8700008392334,21.65999984741211,22.049999237060547,22.049999237060547,161500
2008-08-21,21.790000915527344,22.1200008392334,21.040000915527344,21.68000030517578,21.68000030517578,118100
2008-08-22,21.920000076293945,22.989999771118164,21.68000030517578,22.790000915527344,22.790000915527344,138800
2008-08-25,22.239999771118164,22.239999771118164,21.100000381469727,21.8799991607666,21.8799991607666,108400
2008-08-26,21.81999969482422,21.81999969482422,19.940000534057617,20.82999992370605,20.82999992370605,170600
2008-08-27,20.93000030517578,21.200000762939453,20.190000534057617,21.0,21.0,157100
2008-08-28,21.31999969482422,21.31999969482422,20.3700008392334,20.729999542236328,20.729999542236328,236800
2008-08-29,20.670000076293945,20.989999771118164,20.11000061035156,20.39999961853028,20.39999961853028,170100
2008-09-02,20.049999237060547,20.989999771118164,18.82999992370605,19.049999237060547,19.049999237060547,533000
2008-09-03,18.920000076293945,20.239999771118164,18.920000076293945,19.950000762939453,19.950000762939453,224300
2008-09-04,19.770000457763672,19.959999084472656,19.059999465942383,19.059999465942383,19.059999465942383,131200
2008-09-05,19.190000534057617,19.729999542236328,18.729999542236328,19.5,19.5,222800
2008-09-08,19.950000762939453,20.209999084472656,19.559999465942383,19.82999992370605,19.82999992370605,217500
2008-09-09,19.920000076293945,20.020000457763672,18.709999084472656,18.90999984741211,18.90999984741211,259500
2008-09-10,19.06999969482422,19.3700008392334,18.8799991607666,18.959999084472656,18.959999084472656,246100
2008-09-11,18.940000534057617,20.450000762939453,18.93000030517578,19.6299991607666,19.6299991607666,388000
2008-09-12,19.309999465942383,19.56999969482422,18.88999938964844,19.43000030517578,19.43000030517578,159000
2008-09-15,19.299999237060547,19.530000686645508,18.11000061035156,18.75,18.75,240500
2008-09-16,18.13999938964844,18.68000030517578,17.719999313354492,18.520000457763672,18.520000457763672,207100
2008-09-17,18.26000022888184,18.81999969482422,18.010000228881836,18.25,18.25,121500
2008-09-18,18.6200008392334,22.0,18.270000457763672,21.600000381469727,21.600000381469727,277600
2008-09-19,22.51000022888184,22.51000022888184,19.959999084472656,20.06999969482422,20.06999969482422,591500
2008-09-22,20.049999237060547,20.09000015258789,19.07999992370605,19.26000022888184,19.26000022888184,276200
2008-09-23,19.200000762939453,20.229999542236328,19.07999992370605,19.739999771118164,19.739999771118164,142400
2008-09-24,19.739999771118164,19.88999938964844,18.8799991607666,18.96999931335449,18.96999931335449,121700
2008-09-25,19.01000022888184,19.25,18.520000457763672,19.11000061035156,19.11000061035156,153700
2008-09-26,18.71999931335449,18.950000762939453,18.450000762939453,18.729999542236328,18.729999542236328,192700
2008-09-29,18.38999938964844,20.920000076293945,17.059999465942383,17.280000686645508,17.280000686645508,316300
2008-09-30,17.489999771118164,17.889999389648438,16.850000381469727,17.6299991607666,17.6299991607666,202600
2008-10-01,17.200000762939453,18.059999465942383,16.889999389648438,17.979999542236328,17.979999542236328,118600
2008-10-02,17.84000015258789,17.84000015258789,15.93000030517578,16.06999969482422,16.06999969482422,128900
2008-10-03,16.40999984741211,16.40999984741211,14.850000381469728,15.43000030517578,15.43000030517578,297200
2008-10-06,14.890000343322754,15.199999809265137,13.050000190734863,14.039999961853027,14.039999961853027,290700
2008-10-07,14.210000038146973,15.100000381469728,13.420000076293944,14.489999771118164,14.489999771118164,306600
2008-10-08,14.390000343322754,15.420000076293944,13.699999809265137,14.979999542236328,14.979999542236328,283900
2008-10-09,15.4399995803833,15.68000030517578,14.15999984741211,14.239999771118164,14.239999771118164,222000
2008-10-10,13.779999732971191,15.020000457763672,12.520000457763672,14.84000015258789,14.84000015258789,295900
2008-10-13,15.579999923706056,16.989999771118164,14.25,16.600000381469727,16.600000381469727,82400
2008-10-14,17.209999084472656,17.329999923706055,15.880000114440918,17.0,17.0,355000
2008-10-15,16.760000228881836,17.06999969482422,14.90999984741211,15.0600004196167,15.0600004196167,510100
2008-10-16,15.15999984741211,15.15999984741211,13.369999885559082,14.039999961853027,14.039999961853027,343200
2008-10-17,13.720000267028809,16.790000915527344,13.56999969482422,15.279999732971191,15.279999732971191,488000
2008-10-20,15.579999923706056,15.579999923706056,14.619999885559082,15.039999961853027,15.039999961853027,259700
2008-10-21,14.760000228881836,15.470000267028809,14.229999542236328,14.329999923706056,14.329999923706056,404500
2008-10-22,14.100000381469728,14.739999771118164,13.600000381469728,13.6899995803833,13.6899995803833,310400
2008-10-23,13.949999809265137,14.029999732971191,12.90999984741211,13.369999885559082,13.369999885559082,315400
2008-10-24,13.75,13.75,12.279999732971191,13.020000457763672,13.020000457763672,247000
2008-10-27,12.859999656677246,13.300000190734863,12.470000267028809,12.470000267028809,12.470000267028809,77300
2008-10-28,12.779999732971191,13.0,11.9399995803833,12.260000228881836,12.260000228881836,201500
2008-10-29,12.369999885559082,12.600000381469728,11.960000038146973,12.010000228881836,12.010000228881836,231200
2008-10-30,12.520000457763672,12.9399995803833,12.149999618530272,12.699999809265137,12.699999809265137,181700
2008-10-31,12.600000381469728,12.600000381469728,11.9399995803833,12.199999809265137,12.199999809265137,546500
2008-11-03,12.199999809265137,12.40999984741211,11.609999656677246,11.90999984741211,11.90999984741211,315300
2008-11-04,12.0600004196167,12.31999969482422,11.729999542236328,11.84000015258789,11.84000015258789,204100
2008-11-05,11.729999542236328,12.109999656677246,11.350000381469728,11.529999732971191,11.529999732971191,169100
2008-11-06,11.520000457763672,11.670000076293944,11.229999542236328,11.40999984741211,11.40999984741211,97300
2008-11-07,11.510000228881836,11.869999885559082,10.470000267028809,10.670000076293944,10.670000076293944,115700
2008-11-10,10.880000114440918,11.100000381469728,10.380000114440918,10.470000267028809,10.470000267028809,107900
2008-11-11,10.359999656677246,10.43000030517578,10.039999961853027,10.06999969482422,10.06999969482422,95900
2008-11-12,10.010000228881836,10.010000228881836,9.40999984741211,9.520000457763672,9.520000457763672,120400
2008-11-13,9.470000267028809,9.899999618530272,8.960000038146973,9.829999923706056,9.829999923706056,216300
2008-11-14,9.59000015258789,9.81999969482422,9.40999984741211,9.4399995803833,9.4399995803833,142900
2008-11-17,9.34000015258789,9.420000076293944,8.65999984741211,8.75,8.75,108800
2008-11-18,8.819999694824219,9.0,8.449999809265137,8.59000015258789,8.59000015258789,262000
2008-11-19,8.600000381469727,8.6899995803833,7.210000038146973,7.260000228881836,7.260000228881836,319600
2008-11-20,7.21999979019165,7.420000076293945,6.630000114440918,6.75,6.75,200500
2008-11-21,6.909999847412109,7.46999979019165,6.650000095367432,7.409999847412109,7.409999847412109,198900
2008-11-24,7.53000020980835,8.109999656677246,7.190000057220459,7.920000076293945,7.920000076293945,437700
2008-11-25,8.050000190734863,8.210000038146973,7.789999961853027,8.210000038146973,8.210000038146973,442500
2008-11-26,8.039999961853027,9.149999618530272,8.020000457763672,9.119999885559082,9.119999885559082,177900
2008-11-28,9.029999732971191,9.670000076293944,9.010000228881836,9.31999969482422,9.31999969482422,49100
2008-12-01,9.09000015258789,9.399999618530272,8.4399995803833,8.460000038146973,8.460000038146973,144400
2008-12-02,8.619999885559082,8.789999961853027,8.109999656677246,8.329999923706055,8.329999923706055,158400
2008-12-03,8.140000343322754,8.970000267028809,8.140000343322754,8.869999885559082,8.869999885559082,137300
2008-12-04,8.739999771118164,8.899999618530273,7.909999847412109,8.119999885559082,8.119999885559082,66900
2008-12-05,7.989999771118164,9.5,7.889999866485596,9.470000267028809,9.470000267028809,162000
2008-12-08,9.630000114440918,11.399999618530272,8.970000267028809,10.8100004196167,10.8100004196167,336500
2008-12-09,10.6899995803833,11.350000381469728,10.40999984741211,10.600000381469728,10.600000381469728,178400
2008-12-10,10.699999809265137,11.15999984741211,10.43000030517578,10.720000267028809,10.720000267028809,173500
2008-12-11,10.5600004196167,10.630000114440918,9.539999961853027,9.710000038146973,9.710000038146973,110100
2008-12-12,9.539999961853027,9.710000038146973,8.819999694824219,9.449999809265137,9.449999809265137,139900
2008-12-15,9.43000030517578,9.949999809265137,9.289999961853027,9.640000343322754,9.640000343322754,107900
2008-12-16,9.779999732971191,10.34000015258789,9.59000015258789,10.25,10.25,144600
2008-12-17,9.8100004196167,10.710000038146973,9.8100004196167,10.399999618530272,10.399999618530272,127100
2008-12-18,10.390000343322754,11.09000015258789,9.949999809265137,10.649999618530272,10.649999618530272,112000
2008-12-19,10.65999984741211,11.989999771118164,10.59000015258789,11.510000228881836,11.510000228881836,223200
2008-12-22,11.510000228881836,12.529999732971191,11.510000228881836,12.149999618530272,12.149999618530272,319000
2008-12-23,12.5,12.5,11.829999923706056,12.359999656677246,12.359999656677246,230800
2008-12-24,12.329999923706056,12.619999885559082,11.5,11.539999961853027,11.539999961853027,79200
2008-12-26,11.630000114440918,12.300000190734863,11.619999885559082,12.279999732971191,12.279999732971191,36900
2008-12-29,12.18000030517578,12.4399995803833,11.899999618530272,12.34000015258789,12.34000015258789,143200
2008-12-30,12.460000038146973,12.510000228881836,11.869999885559082,12.1899995803833,12.1899995803833,114900
2008-12-31,12.1899995803833,13.119999885559082,12.0600004196167,12.75,12.75,166700
2009-01-02,12.710000038146973,13.020000457763672,12.539999961853027,12.729999542236328,12.729999542236328,71300
2009-01-05,12.829999923706056,13.010000228881836,12.18000030517578,12.9399995803833,12.9399995803833,110400
2009-01-06,12.890000343322754,13.979999542236328,12.890000343322754,13.6899995803833,13.6899995803833,101900
2009-01-07,13.5600004196167,13.56999969482422,12.859999656677246,12.9399995803833,12.9399995803833,83400
2009-01-08,12.880000114440918,12.880000114440918,12.289999961853027,12.609999656677246,12.609999656677246,99000
2009-01-09,12.56999969482422,12.729999542236328,12.010000228881836,12.100000381469728,12.100000381469728,167700
2009-01-12,12.06999969482422,12.369999885559082,11.56999969482422,11.640000343322754,11.640000343322754,131900
2009-01-13,11.649999618530272,11.770000457763672,11.3100004196167,11.520000457763672,11.520000457763672,61300
2009-01-14,11.31999969482422,11.800000190734863,11.1899995803833,11.350000381469728,11.350000381469728,67500
2009-01-15,11.34000015258789,11.619999885559082,10.829999923706056,11.010000228881836,11.010000228881836,159500
2009-01-16,11.079999923706056,11.369999885559082,10.489999771118164,10.760000228881836,10.760000228881836,110000
2009-01-20,10.65999984741211,10.859999656677246,9.710000038146973,9.84000015258789,9.84000015258789,122100
2009-01-21,9.90999984741211,10.399999618530272,9.699999809265137,9.90999984741211,9.90999984741211,138300
2009-01-22,9.75,10.550000190734863,9.729999542236328,10.25,10.25,110900
2009-01-23,9.989999771118164,11.0,9.989999771118164,10.760000228881836,10.760000228881836,107100
2009-01-26,10.720000267028809,11.5600004196167,10.720000267028809,11.550000190734863,11.550000190734863,114300
2009-01-27,11.550000190734863,11.869999885559082,11.18000030517578,11.760000228881836,11.760000228881836,123800
2009-01-28,11.899999618530272,12.960000038146973,11.899999618530272,12.779999732971191,12.779999732971191,90300
2009-01-29,12.609999656677246,12.770000457763672,12.229999542236328,12.5,12.5,88700
2009-01-30,12.579999923706056,12.829999923706056,12.43000030517578,12.609999656677246,12.609999656677246,88400
2009-02-02,12.5,12.699999809265137,12.109999656677246,12.140000343322754,12.140000343322754,105100
2009-02-03,12.1899995803833,12.1899995803833,11.40999984741211,11.720000267028809,11.720000267028809,166300
2009-02-04,11.760000228881836,11.760000228881836,10.93000030517578,11.0600004196167,11.0600004196167,92200
2009-02-05,11.020000457763672,12.119999885559082,10.93000030517578,11.970000267028809,11.970000267028809,130500
2009-02-06,12.0,13.369999885559082,12.0,13.170000076293944,13.170000076293944,102000
2009-02-09,12.93000030517578,13.199999809265137,12.829999923706056,13.079999923706056,13.079999923706056,85600
2009-02-10,13.039999961853027,13.199999809265137,12.40999984741211,12.460000038146973,12.460000038146973,158200
2009-02-11,12.470000267028809,12.899999618530272,12.420000076293944,12.81999969482422,12.81999969482422,191500
2009-02-12,8.739999771118164,9.960000038146973,7.889999866485596,9.5,9.5,2236500
2009-02-13,9.460000038146973,9.510000228881836,8.359999656677246,8.539999961853027,8.539999961853027,459500
2009-02-17,8.229999542236328,8.229999542236328,7.480000019073486,7.489999771118164,7.489999771118164,485000
2009-02-18,7.610000133514404,8.100000381469727,7.46999979019165,7.96999979019165,7.96999979019165,474300
2009-02-19,8.020000457763672,8.15999984741211,7.860000133514404,8.039999961853027,8.039999961853027,278100
2009-02-20,8.0,8.3100004196167,7.75,8.010000228881836,8.010000228881836,379400
2009-02-23,8.109999656677246,8.149999618530273,7.909999847412109,7.940000057220459,7.940000057220459,214300
2009-02-24,8.069999694824219,8.149999618530273,7.769999980926514,8.069999694824219,8.069999694824219,466600
2009-02-25,9.100000381469728,9.3100004196167,8.84000015258789,9.029999732971191,9.029999732971191,1000300
2009-02-26,9.09000015258789,9.369999885559082,8.989999771118164,9.130000114440918,9.130000114440918,312900
2009-02-27,8.970000267028809,9.199999809265137,8.890000343322754,9.020000457763672,9.020000457763672,283900
2009-03-02,8.770000457763672,9.079999923706056,8.59000015258789,8.640000343322754,8.640000343322754,255400
2009-03-03,8.819999694824219,9.09000015258789,8.600000381469727,8.789999961853027,8.789999961853027,2311500
2009-03-04,8.90999984741211,9.359999656677246,8.550000190734863,8.930000305175781,8.930000305175781,438300
2009-03-05,8.880000114440918,8.880000114440918,8.359999656677246,8.359999656677246,8.359999656677246,200300
2009-03-06,8.470000267028809,8.550000190734863,8.170000076293945,8.229999542236328,8.229999542236328,190900
2009-03-09,8.130000114440918,8.569999694824219,8.010000228881836,8.220000267028809,8.220000267028809,172400
2009-03-10,8.399999618530273,9.18000030517578,8.399999618530273,9.140000343322754,9.140000343322754,191200
2009-03-11,9.199999809265137,9.640000343322754,9.079999923706056,9.3100004196167,9.3100004196167,156100
2009-03-12,9.220000267028809,9.729999542236328,8.989999771118164,9.670000076293944,9.670000076293944,252200
2009-03-13,9.6899995803833,9.770000457763672,9.31999969482422,9.420000076293944,9.420000076293944,104400
2009-03-16,9.470000267028809,9.869999885559082,9.300000190734863,9.5,9.5,121100
2009-03-17,9.470000267028809,10.0600004196167,9.329999923706056,10.0600004196167,10.0600004196167,214100
2009-03-18,9.989999771118164,10.479999542236328,9.789999961853027,10.399999618530272,10.399999618530272,119500
2009-03-19,10.420000076293944,10.859999656677246,9.880000114440918,9.899999618530272,9.899999618530272,347800
2009-03-20,10.0,10.020000457763672,9.289999961853027,9.350000381469728,9.350000381469728,212800
2009-03-23,9.449999809265137,10.039999961853027,9.380000114440918,10.0,10.0,314600
2009-03-24,9.899999618530272,10.380000114440918,9.550000190734863,10.210000038146973,10.210000038146973,385000
2009-03-25,10.34000015258789,11.960000038146973,10.170000076293944,11.960000038146973,11.960000038146973,403800
2009-03-26,12.0,12.609999656677246,11.699999809265137,12.600000381469728,12.600000381469728,176700
2009-03-27,12.420000076293944,13.31999969482422,11.829999923706056,12.18000030517578,12.18000030517578,384900
2009-03-30,11.859999656677246,12.199999809265137,11.300000190734863,11.760000228881836,11.760000228881836,127800
2009-03-31,11.899999618530272,12.489999771118164,11.619999885559082,12.09000015258789,12.09000015258789,356100
2009-04-01,11.93000030517578,12.15999984741211,11.59000015258789,11.970000267028809,11.970000267028809,86000
2009-04-02,12.229999542236328,13.199999809265137,11.84000015258789,12.859999656677246,12.859999656677246,127700
2009-04-03,12.739999771118164,13.0,12.079999923706056,12.979999542236328,12.979999542236328,130800
2009-04-06,12.789999961853027,13.0,12.479999542236328,12.779999732971191,12.779999732971191,119200
2009-04-07,12.579999923706056,12.899999618530272,11.729999542236328,11.75,11.75,140800
2009-04-08,11.789999961853027,12.119999885559082,11.5600004196167,12.109999656677246,12.109999656677246,62500
2009-04-09,12.239999771118164,13.43000030517578,12.239999771118164,13.43000030517578,13.43000030517578,171600
2009-04-13,13.15999984741211,13.710000038146973,13.100000381469728,13.329999923706056,13.329999923706056,81400
2009-04-14,13.18000030517578,13.850000381469728,13.050000190734863,13.520000457763672,13.520000457763672,141400
2009-04-15,13.56999969482422,14.390000343322754,13.369999885559082,14.239999771118164,14.239999771118164,185100
2009-04-16,14.31999969482422,15.399999618530272,14.31999969482422,15.289999961853027,15.289999961853027,249100
2009-04-17,14.890000343322754,15.510000228881836,13.770000457763672,15.06999969482422,15.06999969482422,484500
2009-04-20,14.75,14.75,13.210000038146973,13.539999961853027,13.539999961853027,181100
2009-04-21,13.449999809265137,14.390000343322754,13.449999809265137,14.390000343322754,14.390000343322754,105000
2009-04-22,14.140000343322754,14.649999618530272,13.8100004196167,14.140000343322754,14.140000343322754,175400
2009-04-23,14.010000228881836,14.25,13.68000030517578,13.850000381469728,13.850000381469728,136100
2009-04-24,13.739999771118164,14.34000015258789,13.5,14.029999732971191,14.029999732971191,111600
2009-04-27,13.050000190734863,13.050000190734863,11.9399995803833,11.9399995803833,11.9399995803833,436700
2009-04-28,11.630000114440918,12.0,11.119999885559082,11.390000343322754,11.390000343322754,262100
2009-04-29,11.529999732971191,12.6899995803833,11.460000038146973,12.25,12.25,288200
2009-04-30,12.350000381469728,13.989999771118164,12.279999732971191,12.760000228881836,12.760000228881836,357100
2009-05-01,10.84000015258789,12.539999961853027,9.850000381469728,11.65999984741211,11.65999984741211,1097800
2009-05-04,11.670000076293944,11.710000038146973,11.140000343322754,11.5,11.5,216000
2009-05-05,11.40999984741211,11.779999732971191,10.609999656677246,11.75,11.75,189600
2009-05-06,11.84000015258789,12.010000228881836,11.539999961853027,12.010000228881836,12.010000228881836,167800
2009-05-07,12.06999969482422,12.15999984741211,11.3100004196167,11.649999618530272,11.649999618530272,229900
2009-05-08,11.779999732971191,12.119999885559082,11.420000076293944,12.079999923706056,12.079999923706056,136100
2009-05-11,11.800000190734863,11.84000015258789,11.5,11.550000190734863,11.550000190734863,107600
2009-05-12,11.550000190734863,11.829999923706056,10.760000228881836,11.289999961853027,11.289999961853027,199400
2009-05-13,10.920000076293944,11.43000030517578,10.920000076293944,11.170000076293944,11.170000076293944,257600
2009-05-14,11.239999771118164,11.529999732971191,10.880000114440918,10.93000030517578,10.93000030517578,345800
2009-05-15,11.0,11.0600004196167,10.699999809265137,10.920000076293944,10.920000076293944,145100
2009-05-18,10.989999771118164,11.100000381469728,10.699999809265137,10.9399995803833,10.9399995803833,209300
2009-05-19,10.899999618530272,10.949999809265137,10.770000457763672,10.84000015258789,10.84000015258789,114300
2009-05-20,10.93000030517578,11.020000457763672,10.529999732971191,10.619999885559082,10.619999885559082,109500
2009-05-21,10.489999771118164,10.539999961853027,10.260000228881836,10.489999771118164,10.489999771118164,153800
2009-05-22,10.520000457763672,10.619999885559082,10.380000114440918,10.460000038146973,10.460000038146973,81800
2009-05-26,10.390000343322754,10.829999923706056,10.390000343322754,10.720000267028809,10.720000267028809,115100
2009-05-27,10.619999885559082,10.800000190734863,10.399999618530272,10.600000381469728,10.600000381469728,134200
2009-05-28,10.600000381469728,10.649999618530272,10.239999771118164,10.470000267028809,10.470000267028809,421700
2009-05-29,10.470000267028809,11.15999984741211,10.18000030517578,11.149999618530272,11.149999618530272,265700
2009-06-01,11.279999732971191,12.31999969482422,11.170000076293944,12.119999885559082,12.119999885559082,300900
2009-06-02,12.029999732971191,12.260000228881836,11.779999732971191,12.15999984741211,12.15999984741211,120400
2009-06-03,12.079999923706056,12.479999542236328,12.039999961853027,12.470000267028809,12.470000267028809,156200
2009-06-04,12.5,13.31999969482422,12.300000190734863,13.029999732971191,13.029999732971191,144400
2009-06-05,13.149999618530272,13.149999618530272,12.720000267028809,12.93000030517578,12.93000030517578,54900
2009-06-08,12.770000457763672,12.9399995803833,12.15999984741211,12.600000381469728,12.600000381469728,114500
2009-06-09,12.619999885559082,13.210000038146973,12.510000228881836,12.710000038146973,12.710000038146973,125700
2009-06-10,12.8100004196167,12.90999984741211,12.220000267028809,12.550000190734863,12.550000190734863,117600
2009-06-11,12.619999885559082,12.779999732971191,12.350000381469728,12.65999984741211,12.65999984741211,55100
2009-06-12,12.600000381469728,12.949999809265137,12.550000190734863,12.90999984741211,12.90999984741211,63600
2009-06-15,12.699999809265137,12.979999542236328,12.460000038146973,12.770000457763672,12.770000457763672,88400
2009-06-16,12.90999984741211,12.960000038146973,12.550000190734863,12.550000190734863,12.550000190734863,63800
2009-06-17,12.550000190734863,12.880000114440918,12.550000190734863,12.579999923706056,12.579999923706056,84300
2009-06-18,12.529999732971191,12.850000381469728,12.390000343322754,12.600000381469728,12.600000381469728,57200
2009-06-19,12.800000190734863,13.039999961853027,12.699999809265137,12.979999542236328,12.979999542236328,134700
2009-06-22,12.859999656677246,12.859999656677246,12.100000381469728,12.109999656677246,12.109999656677246,100300
2009-06-23,12.15999984741211,12.489999771118164,12.0600004196167,12.15999984741211,12.15999984741211,100100
2009-06-24,12.300000190734863,12.81999969482422,12.260000228881836,12.640000343322754,12.640000343322754,81300
2009-06-25,12.579999923706056,13.970000267028809,12.579999923706056,13.9399995803833,13.9399995803833,201000
2009-06-26,13.81999969482422,14.18000030517578,13.329999923706056,14.130000114440918,14.130000114440918,726800
2009-06-29,14.119999885559082,14.119999885559082,13.34000015258789,13.40999984741211,13.40999984741211,125800
2009-06-30,13.380000114440918,13.420000076293944,13.100000381469728,13.31999969482422,13.31999969482422,150100
2009-07-01,13.460000038146973,13.550000190734863,13.18000030517578,13.199999809265137,13.199999809265137,119800
2009-07-02,13.029999732971191,13.3100004196167,12.390000343322754,12.5,12.5,116600
2009-07-06,12.460000038146973,13.380000114440918,12.460000038146973,13.329999923706056,13.329999923706056,129400
2009-07-07,13.3100004196167,13.920000076293944,13.130000114440918,13.520000457763672,13.520000457763672,164900
2009-07-08,13.619999885559082,13.90999984741211,12.970000267028809,13.399999618530272,13.399999618530272,145800
2009-07-09,13.4399995803833,13.5,12.949999809265137,13.3100004196167,13.3100004196167,145900
2009-07-10,13.199999809265137,13.460000038146973,12.93000030517578,13.300000190734863,13.300000190734863,137900
2009-07-13,13.380000114440918,13.899999618530272,13.15999984741211,13.880000114440918,13.880000114440918,111400
2009-07-14,13.890000343322754,13.890000343322754,13.4399995803833,13.699999809265137,13.699999809265137,74000
2009-07-15,13.84000015258789,14.199999809265137,13.699999809265137,13.979999542236328,13.979999542236328,123200
2009-07-16,13.869999885559082,14.039999961853027,13.81999969482422,14.0,14.0,112900
2009-07-17,13.369999885559082,14.029999732971191,13.369999885559082,13.81999969482422,13.81999969482422,95500
2009-07-20,13.90999984741211,13.989999771118164,13.699999809265137,13.93000030517578,13.93000030517578,83600
2009-07-21,13.960000038146973,14.119999885559082,13.720000267028809,13.84000015258789,13.84000015258789,94500
2009-07-22,13.5,14.479999542236328,13.5,14.420000076293944,14.420000076293944,157200
2009-07-23,14.34000015258789,15.229999542236328,14.34000015258789,14.890000343322754,14.890000343322754,139600
2009-07-24,14.8100004196167,15.760000228881836,14.56999969482422,15.6899995803833,15.6899995803833,186300
2009-07-27,15.579999923706056,15.880000114440918,15.0,15.149999618530272,15.149999618530272,95800
2009-07-28,15.020000457763672,15.199999809265137,14.479999542236328,14.779999732971191,14.779999732971191,139600
2009-07-29,14.619999885559082,14.739999771118164,14.31999969482422,14.5,14.5,62300
2009-07-30,14.630000114440918,14.850000381469728,14.3100004196167,14.75,14.75,131700
2009-07-31,14.739999771118164,16.25,14.600000381469728,15.220000267028809,15.220000267028809,267300
2009-08-03,15.31999969482422,16.010000228881836,15.25,15.600000381469728,15.600000381469728,135600
2009-08-04,15.31999969482422,15.800000190734863,15.220000267028809,15.399999618530272,15.399999618530272,129700
2009-08-05,15.449999809265137,15.619999885559082,15.140000343322754,15.149999618530272,15.149999618530272,118100
2009-08-06,15.170000076293944,15.4399995803833,14.75,14.890000343322754,14.890000343322754,57500
2009-08-07,15.130000114440918,15.380000114440918,14.899999618530272,15.020000457763672,15.020000457763672,104400
2009-08-10,14.90999984741211,15.229999542236328,14.8100004196167,15.039999961853027,15.039999961853027,90600
2009-08-11,15.010000228881836,15.1899995803833,13.800000190734863,13.890000343322754,13.890000343322754,168900
2009-08-12,13.9399995803833,14.579999923706056,13.9399995803833,14.270000457763672,14.270000457763672,123200
2009-08-13,14.390000343322754,14.59000015258789,14.029999732971191,14.100000381469728,14.100000381469728,64000
2009-08-14,14.050000190734863,14.390000343322754,13.8100004196167,14.010000228881836,14.010000228881836,67500
2009-08-17,13.75,13.979999542236328,13.359999656677246,13.420000076293944,13.420000076293944,90100
2009-08-18,13.529999732971191,13.949999809265137,13.470000267028809,13.890000343322754,13.890000343322754,53900
2009-08-19,13.770000457763672,14.479999542236328,13.449999809265137,14.300000190734863,14.300000190734863,71500
2009-08-20,14.199999809265137,14.489999771118164,13.979999542236328,14.15999984741211,14.15999984741211,38000
2009-08-21,14.4399995803833,14.510000228881836,14.09000015258789,14.470000267028809,14.470000267028809,109100
2009-08-24,14.5,14.649999618530272,14.25,14.579999923706056,14.579999923706056,57200
2009-08-25,14.6899995803833,14.6899995803833,14.4399995803833,14.5,14.5,69600
2009-08-26,14.5,14.699999809265137,14.18000030517578,14.649999618530272,14.649999618530272,83500
2009-08-27,14.550000190734863,14.600000381469728,14.15999984741211,14.539999961853027,14.539999961853027,34600
2009-08-28,14.630000114440918,14.6899995803833,14.18000030517578,14.470000267028809,14.470000267028809,60800
2009-08-31,14.300000190734863,14.399999618530272,13.829999923706056,13.90999984741211,13.90999984741211,93400
2009-09-01,13.720000267028809,14.15999984741211,13.34000015258789,13.380000114440918,13.380000114440918,94800
2009-09-02,13.3100004196167,14.270000457763672,13.3100004196167,13.989999771118164,13.989999771118164,168600
2009-09-03,13.979999542236328,14.15999984741211,13.859999656677246,14.140000343322754,14.140000343322754,119600
2009-09-04,14.010000228881836,14.369999885559082,13.93000030517578,14.100000381469728,14.100000381469728,122600
2009-09-08,14.25,14.75,14.119999885559082,14.510000228881836,14.510000228881836,127800
2009-09-09,14.550000190734863,15.359999656677246,14.5,15.3100004196167,15.3100004196167,133200
2009-09-10,15.260000228881836,15.6899995803833,15.09000015258789,15.529999732971191,15.529999732971191,41300
2009-09-11,15.550000190734863,15.550000190734863,15.140000343322754,15.210000038146973,15.210000038146973,89800
2009-09-14,15.149999618530272,15.5,15.119999885559082,15.470000267028809,15.470000267028809,171400
2009-09-15,15.470000267028809,15.729999542236328,14.979999542236328,15.729999542236328,15.729999542236328,152100
2009-09-16,16.25,17.8799991607666,16.229999542236328,17.8700008392334,17.8700008392334,227200
2009-09-17,17.8700008392334,18.56999969482422,17.360000610351562,17.399999618530273,17.399999618530273,218000
2009-09-18,17.520000457763672,18.420000076293945,16.81999969482422,17.010000228881836,17.010000228881836,907400
2009-09-21,16.90999984741211,18.1200008392334,16.81999969482422,17.770000457763672,17.770000457763672,350100
2009-09-22,17.84000015258789,17.959999084472656,17.239999771118164,17.280000686645508,17.280000686645508,179400
2009-09-23,17.200000762939453,17.739999771118164,16.559999465942383,16.959999084472656,16.959999084472656,243200
2009-09-24,17.0,17.559999465942383,16.770000457763672,17.479999542236328,17.479999542236328,230000
2009-09-25,17.3799991607666,17.5,17.200000762939453,17.43000030517578,17.43000030517578,148700
2009-09-28,17.450000762939453,19.0,17.299999237060547,18.059999465942383,18.059999465942383,362900
2009-09-29,18.1299991607666,18.440000534057617,17.989999771118164,18.1200008392334,18.1200008392334,144800
2009-09-30,18.14999961853028,18.290000915527344,17.690000534057617,18.010000228881836,18.010000228881836,229700
2009-10-01,17.8700008392334,18.040000915527344,17.420000076293945,17.420000076293945,17.420000076293945,160500
2009-10-02,17.309999465942383,17.399999618530273,16.760000228881836,17.100000381469727,17.100000381469727,124100
2009-10-05,17.280000686645508,17.479999542236328,17.09000015258789,17.389999389648438,17.389999389648438,77000
2009-10-06,17.440000534057617,17.940000534057617,17.399999618530273,17.899999618530273,17.899999618530273,156000
2009-10-07,17.889999389648438,19.07999992370605,17.889999389648438,18.90999984741211,18.90999984741211,126900
2009-10-08,19.09000015258789,19.57999992370605,17.829999923706055,17.84000015258789,17.84000015258789,305600
2009-10-09,17.920000076293945,18.63999938964844,17.899999618530273,18.63999938964844,18.63999938964844,142300
2009-10-12,18.88999938964844,19.1299991607666,18.229999542236328,18.3799991607666,18.3799991607666,209100
2009-10-13,18.299999237060547,18.51000022888184,17.899999618530273,18.51000022888184,18.51000022888184,139800
2009-10-14,18.450000762939453,19.13999938964844,18.38999938964844,19.059999465942383,19.059999465942383,230400
2009-10-15,18.950000762939453,19.1299991607666,18.420000076293945,18.59000015258789,18.59000015258789,226100
2009-10-16,18.479999542236328,18.549999237060547,17.93000030517578,18.170000076293945,18.170000076293945,128700
2009-10-19,18.31999969482422,18.61000061035156,18.07999992370605,18.440000534057617,18.440000534057617,83600
2009-10-20,18.46999931335449,18.5,17.969999313354492,18.07999992370605,18.07999992370605,56900
2009-10-21,17.979999542236328,18.40999984741211,17.549999237060547,17.6299991607666,17.6299991607666,198000
2009-10-22,17.65999984741211,18.09000015258789,17.25,18.0,18.0,76500
2009-10-23,18.0,18.190000534057617,17.670000076293945,17.770000457763672,17.770000457763672,128000
2009-10-26,17.780000686645508,18.0,17.299999237060547,17.6299991607666,17.6299991607666,101100
2009-10-27,17.56999969482422,18.239999771118164,16.780000686645508,16.84000015258789,16.84000015258789,106500
2009-10-28,16.760000228881836,17.280000686645508,16.579999923706055,16.989999771118164,16.989999771118164,279100
2009-10-29,17.190000534057617,17.440000534057617,16.309999465942383,16.450000762939453,16.450000762939453,197900
2009-10-30,15.949999809265137,16.049999237060547,15.130000114440918,15.329999923706056,15.329999923706056,286100
2009-11-02,15.369999885559082,15.399999618530272,14.31999969482422,14.5600004196167,14.5600004196167,217100
2009-11-03,14.40999984741211,15.18000030517578,14.40999984741211,15.140000343322754,15.140000343322754,276000
2009-11-04,15.170000076293944,15.6899995803833,14.9399995803833,15.390000343322754,15.390000343322754,147200
2009-11-05,15.479999542236328,16.329999923706055,15.420000076293944,16.31999969482422,16.31999969482422,135800
2009-11-06,16.09000015258789,16.649999618530273,16.079999923706055,16.6299991607666,16.6299991607666,88700
2009-11-09,16.700000762939453,17.299999237060547,16.6299991607666,17.1200008392334,17.1200008392334,121200
2009-11-10,16.969999313354492,17.3799991607666,16.440000534057617,16.6299991607666,16.6299991607666,83300
2009-11-11,16.829999923706055,17.0,16.299999237060547,16.389999389648438,16.389999389648438,43300
2009-11-12,16.280000686645508,16.530000686645508,15.90999984741211,16.010000228881836,16.010000228881836,54200
2009-11-13,16.020000457763672,16.459999084472656,15.920000076293944,16.079999923706055,16.079999923706055,45300
2009-11-16,16.25,17.0,16.149999618530273,16.690000534057617,16.690000534057617,80200
2009-11-17,16.649999618530273,17.18000030517578,16.579999923706055,17.030000686645508,17.030000686645508,63600
2009-11-18,17.0,17.0,16.559999465942383,16.6200008392334,16.6200008392334,29300
2009-11-19,16.530000686645508,16.530000686645508,16.030000686645508,16.270000457763672,16.270000457763672,46800
2009-11-20,16.209999084472656,16.440000534057617,15.829999923706056,16.040000915527344,16.040000915527344,97900
2009-11-23,16.299999237060547,16.969999313354492,16.299999237060547,16.84000015258789,16.84000015258789,125000
2009-11-24,16.799999237060547,16.799999237060547,16.110000610351562,16.360000610351562,16.360000610351562,61500
2009-11-25,16.389999389648438,16.459999084472656,15.850000381469728,16.0,16.0,53800
2009-11-27,15.8100004196167,16.059999465942383,15.789999961853027,16.0,16.0,36800
2009-11-30,15.899999618530272,16.170000076293945,15.699999809265137,16.010000228881836,16.010000228881836,181700
2009-12-01,16.200000762939453,16.5,16.200000762939453,16.3700008392334,16.3700008392334,236800
2009-12-02,16.329999923706055,16.450000762939453,16.0,16.040000915527344,16.040000915527344,314800
2009-12-03,16.139999389648438,16.260000228881836,15.93000030517578,15.970000267028809,15.970000267028809,89700
2009-12-04,16.31999969482422,16.399999618530273,16.0,16.100000381469727,16.100000381469727,99600
2009-12-07,16.049999237060547,16.270000457763672,15.890000343322754,16.059999465942383,16.059999465942383,122500
2009-12-08,15.899999618530272,16.25,15.899999618530272,16.040000915527344,16.040000915527344,131000
2009-12-09,16.100000381469727,16.389999389648438,15.729999542236328,16.190000534057617,16.190000534057617,167000
2009-12-10,16.200000762939453,16.3799991607666,16.0,16.06999969482422,16.06999969482422,90900
2009-12-11,16.200000762939453,16.450000762939453,16.010000228881836,16.420000076293945,16.420000076293945,118200
2009-12-14,16.469999313354492,16.469999313354492,15.65999984741211,16.31999969482422,16.31999969482422,63000
2009-12-15,16.229999542236328,16.59000015258789,16.020000457763672,16.290000915527344,16.290000915527344,90600
2009-12-16,16.3700008392334,17.25,16.3700008392334,17.149999618530273,17.149999618530273,120100
2009-12-17,17.09000015258789,17.6299991607666,17.09000015258789,17.540000915527344,17.540000915527344,130500
2009-12-18,17.540000915527344,17.739999771118164,17.110000610351562,17.709999084472656,17.709999084472656,402900
2009-12-21,17.709999084472656,17.899999618530273,17.149999618530273,17.5,17.5,181900
2009-12-22,17.579999923706055,17.729999542236328,17.43000030517578,17.489999771118164,17.489999771118164,91800
2009-12-23,17.5,17.780000686645508,17.3799991607666,17.729999542236328,17.729999542236328,73700
2009-12-24,17.729999542236328,18.040000915527344,17.700000762939453,17.93000030517578,17.93000030517578,24500
2009-12-28,17.829999923706055,18.0,17.389999389648438,17.510000228881836,17.510000228881836,52100
2009-12-29,17.600000381469727,17.600000381469727,17.3799991607666,17.520000457763672,17.520000457763672,28000
2009-12-30,17.3700008392334,17.540000915527344,17.1299991607666,17.270000457763672,17.270000457763672,90400
2009-12-31,17.290000915527344,17.799999237060547,17.290000915527344,17.549999237060547,17.549999237060547,106300
2010-01-04,17.65999984741211,17.700000762939453,17.25,17.5,17.5,93700
2010-01-05,17.530000686645508,17.649999618530273,17.229999542236328,17.600000381469727,17.600000381469727,139200
2010-01-06,17.530000686645508,17.979999542236328,17.420000076293945,17.969999313354492,17.969999313354492,148300
2010-01-07,17.899999618530273,18.0,17.450000762939453,17.700000762939453,17.700000762939453,195500
2010-01-08,17.649999618530273,18.15999984741211,17.5,18.13999938964844,18.13999938964844,150900
2010-01-11,18.13999938964844,18.13999938964844,17.469999313354492,17.600000381469727,17.600000381469727,128500
2010-01-12,17.459999084472656,17.459999084472656,17.06999969482422,17.170000076293945,17.170000076293945,30300
2010-01-13,17.200000762939453,17.309999465942383,16.90999984741211,16.950000762939453,16.950000762939453,99400
2010-01-14,16.950000762939453,17.020000457763672,16.93000030517578,16.93000030517578,16.93000030517578,323600
2010-01-15,17.010000228881836,17.010000228881836,16.239999771118164,16.309999465942383,16.309999465942383,129200
2010-01-19,16.31999969482422,16.420000076293945,15.9399995803833,16.030000686645508,16.030000686645508,252100
2010-01-20,15.869999885559082,16.010000228881836,15.56999969482422,15.6899995803833,15.6899995803833,217000
2010-01-21,15.760000228881836,15.760000228881836,15.149999618530272,15.239999771118164,15.239999771118164,155200
2010-01-22,15.199999809265137,15.369999885559082,14.050000190734863,14.220000267028809,14.220000267028809,246400
2010-01-25,14.289999961853027,14.640000343322754,13.510000228881836,14.020000457763672,14.020000457763672,269400
2010-01-26,13.93000030517578,13.93000030517578,13.0,13.460000038146973,13.460000038146973,689300
2010-01-27,13.90999984741211,14.260000228881836,13.770000457763672,14.010000228881836,14.010000228881836,756300
2010-01-28,13.5600004196167,14.029999732971191,13.5,13.850000381469728,13.850000381469728,265100
2010-01-29,13.859999656677246,13.920000076293944,13.470000267028809,13.56999969482422,13.56999969482422,232800
2010-02-01,13.59000015258789,13.81999969482422,13.5,13.739999771118164,13.739999771118164,86300
2010-02-02,13.789999961853027,13.920000076293944,13.720000267028809,13.899999618530272,13.899999618530272,94600
2010-02-03,13.800000190734863,14.06999969482422,13.640000343322754,13.920000076293944,13.920000076293944,73600
2010-02-04,13.81999969482422,13.989999771118164,13.079999923706056,13.229999542236328,13.229999542236328,354300
2010-02-05,13.220000267028809,13.220000267028809,12.640000343322754,12.960000038146973,12.960000038146973,308800
2010-02-08,13.0,13.34000015258789,12.68000030517578,12.770000457763672,12.770000457763672,88800
2010-02-09,12.9399995803833,13.020000457763672,12.760000228881836,12.93000030517578,12.93000030517578,99300
2010-02-10,12.899999618530272,13.0600004196167,12.670000076293944,13.020000457763672,13.020000457763672,100900
2010-02-11,14.170000076293944,15.18000030517578,14.119999885559082,14.84000015258789,14.84000015258789,314400
2010-02-12,14.649999618530272,15.18000030517578,14.609999656677246,15.140000343322754,15.140000343322754,249300
2010-02-16,15.0,15.239999771118164,14.779999732971191,14.970000267028809,14.970000267028809,119100
2010-02-17,15.010000228881836,15.0600004196167,14.8100004196167,15.029999732971191,15.029999732971191,97300
2010-02-18,14.949999809265137,15.199999809265137,14.869999885559082,15.170000076293944,15.170000076293944,84500
2010-02-19,15.130000114440918,15.449999809265137,15.039999961853027,15.399999618530272,15.399999618530272,140400
2010-02-22,15.399999618530272,15.75,15.329999923706056,15.59000015258789,15.59000015258789,87800
2010-02-23,15.520000457763672,15.6899995803833,15.380000114440918,15.510000228881836,15.510000228881836,79300
2010-02-24,15.5600004196167,15.899999618530272,15.470000267028809,15.670000076293944,15.670000076293944,47900
2010-02-25,15.43000030517578,15.489999771118164,15.25,15.34000015258789,15.34000015258789,102400
2010-02-26,15.34000015258789,15.699999809265137,15.3100004196167,15.520000457763672,15.520000457763672,81700
2010-03-01,15.550000190734863,15.829999923706056,15.420000076293944,15.800000190734863,15.800000190734863,93700
2010-03-02,15.9399995803833,15.9399995803833,15.600000381469728,15.770000457763672,15.770000457763672,293000
2010-03-03,15.770000457763672,15.90999984741211,15.609999656677246,15.699999809265137,15.699999809265137,206400
2010-03-04,15.670000076293944,15.710000038146973,15.609999656677246,15.699999809265137,15.699999809265137,52400
2010-03-05,15.800000190734863,16.190000534057617,15.760000228881836,16.1200008392334,16.1200008392334,96400
2010-03-08,16.149999618530273,16.239999771118164,15.84000015258789,16.18000030517578,16.18000030517578,55100
2010-03-09,16.15999984741211,16.729999542236328,16.0,16.239999771118164,16.239999771118164,151600
2010-03-10,16.200000762939453,16.280000686645508,15.890000343322754,16.25,16.25,77600
2010-03-11,16.1299991607666,16.3700008392334,16.059999465942383,16.25,16.25,142000
2010-03-12,16.190000534057617,16.280000686645508,15.880000114440918,16.06999969482422,16.06999969482422,71000
2010-03-15,15.970000267028809,16.049999237060547,15.670000076293944,15.899999618530272,15.899999618530272,39000
2010-03-16,16.0,16.709999084472656,15.84000015258789,16.68000030517578,16.68000030517578,67400
2010-03-17,16.739999771118164,16.940000534057617,16.239999771118164,16.350000381469727,16.350000381469727,49700
2010-03-18,16.299999237060547,16.420000076293945,16.18000030517578,16.31999969482422,16.31999969482422,33400
2010-03-19,16.350000381469727,16.600000381469727,16.18000030517578,16.350000381469727,16.350000381469727,148900
2010-03-22,16.200000762939453,16.549999237060547,15.859999656677246,16.170000076293945,16.170000076293945,45800
2010-03-23,16.1299991607666,16.229999542236328,15.93000030517578,16.190000534057617,16.190000534057617,42400
2010-03-24,16.09000015258789,16.25,15.670000076293944,15.710000038146973,15.710000038146973,25900
2010-03-25,15.760000228881836,15.920000076293944,15.31999969482422,15.350000381469728,15.350000381469728,48000
2010-03-26,15.449999809265137,15.859999656677246,15.270000457763672,15.75,15.75,163500
2010-03-29,15.739999771118164,15.979999542236328,15.729999542236328,15.9399995803833,15.9399995803833,65200
2010-03-30,15.90999984741211,16.350000381469727,15.720000267028809,16.299999237060547,16.299999237060547,70900
2010-03-31,16.190000534057617,17.040000915527344,16.190000534057617,16.690000534057617,16.690000534057617,109700
2010-04-01,16.829999923706055,17.049999237060547,16.31999969482422,16.389999389648438,16.389999389648438,44900
2010-04-05,16.5,17.229999542236328,16.5,17.139999389648438,17.139999389648438,64600
2010-04-06,17.010000228881836,17.280000686645508,16.690000534057617,16.739999771118164,16.739999771118164,28800
2010-04-07,16.670000076293945,16.770000457763672,16.1200008392334,16.239999771118164,16.239999771118164,44600
2010-04-08,16.1299991607666,16.440000534057617,15.979999542236328,16.1200008392334,16.1200008392334,38000
2010-04-09,16.09000015258789,16.219999313354492,15.899999618530272,16.110000610351562,16.110000610351562,43100
2010-04-12,16.049999237060547,16.190000534057617,15.84000015258789,16.079999923706055,16.079999923706055,40500
2010-04-13,16.09000015258789,16.25,15.979999542236328,16.170000076293945,16.170000076293945,22900
2010-04-14,16.25,16.290000915527344,16.0,16.18000030517578,16.18000030517578,53600
2010-04-15,16.209999084472656,16.479999542236328,16.0,16.0,16.0,44500
2010-04-16,16.030000686645508,16.049999237060547,15.779999732971191,16.010000228881836,16.010000228881836,116500
2010-04-19,15.989999771118164,16.18000030517578,15.989999771118164,16.15999984741211,16.15999984741211,84400
2010-04-20,16.260000228881836,16.690000534057617,16.18000030517578,16.600000381469727,16.600000381469727,71700
2010-04-21,16.579999923706055,16.59000015258789,16.209999084472656,16.479999542236328,16.479999542236328,45700
2010-04-22,16.25,16.690000534057617,16.06999969482422,16.670000076293945,16.670000076293945,83700
2010-04-23,16.700000762939453,17.290000915527344,16.540000915527344,17.280000686645508,17.280000686645508,154100
2010-04-26,17.299999237060547,17.43000030517578,17.0,17.1200008392334,17.1200008392334,78300
2010-04-27,17.09000015258789,17.299999237060547,16.719999313354492,16.799999237060547,16.799999237060547,86200
2010-04-28,16.770000457763672,17.229999542236328,16.290000915527344,17.010000228881836,17.010000228881836,150200
2010-04-29,17.5,18.21999931335449,17.440000534057617,18.200000762939453,18.200000762939453,277600
2010-04-30,18.26000022888184,18.549999237060547,18.0,18.14999961853028,18.14999961853028,209600
2010-05-03,18.14999961853028,18.40999984741211,18.14999961853028,18.290000915527344,18.290000915527344,159800
2010-05-04,18.030000686645508,18.420000076293945,17.940000534057617,18.209999084472656,18.209999084472656,293900
2010-05-05,17.989999771118164,18.39999961853028,17.989999771118164,18.21999931335449,18.21999931335449,119300
2010-05-06,18.13999938964844,18.25,15.699999809265137,17.270000457763672,17.270000457763672,230800
2010-05-07,17.1299991607666,17.8700008392334,16.780000686645508,17.110000610351562,17.110000610351562,154500
2010-05-10,17.860000610351562,18.11000061035156,17.239999771118164,18.100000381469727,18.100000381469727,92800
2010-05-11,17.5,18.36000061035156,17.3700008392334,18.15999984741211,18.15999984741211,61700
2010-05-12,18.25,18.38999938964844,17.989999771118164,18.36000061035156,18.36000061035156,137000
2010-05-13,18.26000022888184,18.86000061035156,17.809999465942383,18.0,18.0,177500
2010-05-14,17.799999237060547,18.049999237060547,17.600000381469727,17.829999923706055,17.829999923706055,138500
2010-05-17,18.0,18.0,17.43000030517578,17.5,17.5,102200
2010-05-18,17.75,17.8799991607666,16.989999771118164,17.059999465942383,17.059999465942383,90800
2010-05-19,16.959999084472656,16.979999542236328,16.520000457763672,16.670000076293945,16.670000076293945,54200
2010-05-20,16.170000076293945,16.549999237060547,15.760000228881836,15.800000190734863,15.800000190734863,142400
2010-05-21,15.529999732971191,16.030000686645508,15.529999732971191,16.0,16.0,81600
2010-05-24,15.90999984741211,16.010000228881836,15.5,15.529999732971191,15.529999732971191,46100
2010-05-25,15.260000228881836,15.460000038146973,14.880000114440918,15.09000015258789,15.09000015258789,121300
2010-05-26,15.170000076293944,15.420000076293944,14.979999542236328,15.039999961853027,15.039999961853027,94000
2010-05-27,15.380000114440918,15.670000076293944,15.140000343322754,15.550000190734863,15.550000190734863,177600
2010-05-28,15.550000190734863,15.84000015258789,15.15999984741211,15.380000114440918,15.380000114440918,122000
2010-06-01,15.1899995803833,15.520000457763672,14.899999618530272,14.90999984741211,14.90999984741211,129300
2010-06-02,15.079999923706056,15.479999542236328,14.979999542236328,15.4399995803833,15.4399995803833,163500
2010-06-03,15.539999961853027,16.469999313354492,15.300000190734863,16.329999923706055,16.329999923706055,122500
2010-06-04,15.140000343322754,15.880000114440918,15.130000114440918,15.479999542236328,15.479999542236328,159000
2010-06-07,15.520000457763672,15.529999732971191,14.800000190734863,14.800000190734863,14.800000190734863,58500
2010-06-08,15.199999809265137,16.34000015258789,15.1899995803833,16.190000534057617,16.190000534057617,335800
2010-06-09,16.40999984741211,16.579999923706055,16.110000610351562,16.139999389648438,16.139999389648438,102700
2010-06-10,16.489999771118164,16.8700008392334,16.290000915527344,16.520000457763672,16.520000457763672,80600
2010-06-11,16.280000686645508,17.0,16.280000686645508,17.0,17.0,43900
2010-06-14,17.139999389648438,17.510000228881836,16.920000076293945,17.0,17.0,96300
2010-06-15,17.239999771118164,18.0,17.0,17.969999313354492,17.969999313354492,133500
2010-06-16,17.770000457763672,18.290000915527344,17.719999313354492,18.07999992370605,18.07999992370605,162000
2010-06-17,18.239999771118164,18.3799991607666,17.81999969482422,18.31999969482422,18.31999969482422,122800
2010-06-18,18.440000534057617,18.479999542236328,18.11000061035156,18.350000381469727,18.350000381469727,210000
2010-06-21,18.530000686645508,18.739999771118164,18.07999992370605,18.229999542236328,18.229999542236328,250400
2010-06-22,18.350000381469727,18.59000015258789,17.979999542236328,18.15999984741211,18.15999984741211,180300
2010-06-23,18.25,18.40999984741211,17.959999084472656,18.190000534057617,18.190000534057617,99800
2010-06-24,18.010000228881836,18.14999961853028,17.860000610351562,17.8799991607666,17.8799991607666,121900
2010-06-25,18.030000686645508,18.440000534057617,17.809999465942383,18.31999969482422,18.31999969482422,318600
2010-06-28,18.229999542236328,18.440000534057617,17.979999542236328,17.989999771118164,17.989999771118164,119200
2010-06-29,17.75,17.75,16.489999771118164,16.639999389648438,16.639999389648438,116400
2010-06-30,16.59000015258789,16.959999084472656,16.1200008392334,16.469999313354492,16.469999313354492,91800
2010-07-01,16.440000534057617,17.030000686645508,15.84000015258789,16.860000610351562,16.860000610351562,104200
2010-07-02,17.040000915527344,17.459999084472656,16.989999771118164,17.399999618530273,17.399999618530273,111700
2010-07-06,17.579999923706055,18.14999961853028,17.25,17.329999923706055,17.329999923706055,163200
2010-07-07,17.440000534057617,17.780000686645508,17.040000915527344,17.469999313354492,17.469999313354492,100200
2010-07-08,17.670000076293945,18.0,17.239999771118164,17.350000381469727,17.350000381469727,129900
2010-07-09,17.260000228881836,17.729999542236328,17.110000610351562,17.700000762939453,17.700000762939453,60200
2010-07-12,17.579999923706055,17.709999084472656,17.0,17.110000610351562,17.110000610351562,78400
2010-07-13,17.450000762939453,18.030000686645508,17.299999237060547,18.0,18.0,135100
2010-07-14,18.010000228881836,18.010000228881836,17.579999923706055,17.84000015258789,17.84000015258789,56000
2010-07-15,17.809999465942383,17.84000015258789,17.260000228881836,17.690000534057617,17.690000534057617,82000
2010-07-16,17.5,17.530000686645508,16.8700008392334,16.899999618530273,16.899999618530273,126000
2010-07-19,16.90999984741211,17.209999084472656,16.549999237060547,17.09000015258789,17.09000015258789,83500
2010-07-20,16.829999923706055,17.479999542236328,16.649999618530273,17.440000534057617,17.440000534057617,63400
2010-07-21,17.459999084472656,17.690000534057617,16.920000076293945,17.100000381469727,17.100000381469727,87400
2010-07-22,17.40999984741211,18.010000228881836,17.200000762939453,17.989999771118164,17.989999771118164,103100
2010-07-23,17.950000762939453,18.25,17.799999237060547,18.25,18.25,115900
2010-07-26,18.25,18.540000915527344,17.950000762939453,18.51000022888184,18.51000022888184,135800
2010-07-27,18.600000381469727,18.709999084472656,18.21999931335449,18.36000061035156,18.36000061035156,143300
2010-07-28,18.32999992370605,18.36000061035156,17.8799991607666,18.010000228881836,18.010000228881836,177300
2010-07-29,18.229999542236328,19.56999969482422,18.1200008392334,19.11000061035156,19.11000061035156,476600
2010-07-30,18.770000457763672,19.809999465942383,18.709999084472656,19.809999465942383,19.809999465942383,296000
2010-08-02,19.940000534057617,20.290000915527344,19.549999237060547,20.229999542236328,20.229999542236328,186800
2010-08-03,19.799999237060547,20.5,19.549999237060547,20.1200008392334,20.1200008392334,209100
2010-08-04,20.239999771118164,20.239999771118164,19.850000381469727,20.1200008392334,20.1200008392334,126200
2010-08-05,19.90999984741211,20.26000022888184,19.89999961853028,20.21999931335449,20.21999931335449,90000
2010-08-06,19.90999984741211,20.309999465942383,19.89999961853028,20.26000022888184,20.26000022888184,96600
2010-08-09,20.350000381469727,20.61000061035156,20.040000915527344,20.5,20.5,127300
2010-08-10,20.26000022888184,20.489999771118164,20.0,20.11000061035156,20.11000061035156,75900
2010-08-11,19.559999465942383,19.700000762939453,18.950000762939453,18.979999542236328,18.979999542236328,168000
2010-08-12,18.530000686645508,19.18000030517578,17.809999465942383,18.010000228881836,18.010000228881836,286600
2010-08-13,17.899999618530273,18.280000686645508,17.510000228881836,18.020000457763672,18.020000457763672,160800
2010-08-16,17.850000381469727,18.290000915527344,17.770000457763672,18.11000061035156,18.11000061035156,316400
2010-08-17,18.3700008392334,18.3700008392334,18.1200008392334,18.26000022888184,18.26000022888184,203500
2010-08-18,18.18000030517578,18.57999992370605,17.950000762939453,18.46999931335449,18.46999931335449,289600
2010-08-19,18.3700008392334,18.51000022888184,18.06999969482422,18.270000457763672,18.270000457763672,236500
2010-08-20,18.1299991607666,18.26000022888184,17.8700008392334,18.0,18.0,103100
2010-08-23,18.06999969482422,18.06999969482422,17.600000381469727,17.639999389648438,17.639999389648438,82000
2010-08-24,17.31999969482422,17.68000030517578,17.18000030517578,17.520000457763672,17.520000457763672,65900
2010-08-25,17.389999389648438,18.07999992370605,17.25,18.0,18.0,204300
2010-08-26,18.11000061035156,18.209999084472656,17.690000534057617,17.850000381469727,17.850000381469727,121200
2010-08-27,18.059999465942383,18.46999931335449,17.6299991607666,18.46999931335449,18.46999931335449,75300
2010-08-30,18.32999992370605,18.46999931335449,17.700000762939453,17.719999313354492,17.719999313354492,68800
2010-08-31,17.649999618530273,18.46999931335449,17.559999465942383,18.170000076293945,18.170000076293945,96400
2010-09-01,18.420000076293945,18.959999084472656,18.270000457763672,18.86000061035156,18.86000061035156,172300
2010-09-02,18.89999961853028,18.940000534057617,18.13999938964844,18.15999984741211,18.15999984741211,97000
2010-09-03,18.440000534057617,18.440000534057617,18.06999969482422,18.280000686645508,18.280000686645508,76600
2010-09-07,18.100000381469727,18.3700008392334,18.0,18.229999542236328,18.229999542236328,209600
2010-09-08,18.200000762939453,18.5,18.200000762939453,18.450000762939453,18.450000762939453,61400
2010-09-09,18.799999237060547,19.0,18.76000022888184,19.0,19.0,90100
2010-09-10,19.0,19.07999992370605,18.8700008392334,19.040000915527344,19.040000915527344,131200
2010-09-13,19.34000015258789,19.71999931335449,19.15999984741211,19.68000030517578,19.68000030517578,117300
2010-09-14,19.709999084472656,19.75,19.43000030517578,19.520000457763672,19.520000457763672,86000
2010-09-15,19.39999961853028,19.64999961853028,19.36000061035156,19.39999961853028,19.39999961853028,107800
2010-09-16,19.309999465942383,19.700000762939453,19.09000015258789,19.68000030517578,19.68000030517578,142700
2010-09-17,19.90999984741211,20.14999961853028,19.790000915527344,19.84000015258789,19.84000015258789,457500
2010-09-20,19.88999938964844,20.25,19.51000022888184,20.200000762939453,20.200000762939453,275100
2010-09-21,20.25,22.40999984741211,20.25,22.26000022888184,22.26000022888184,626600
2010-09-22,22.209999084472656,22.989999771118164,21.88999938964844,22.229999542236328,22.229999542236328,305600
2010-09-23,21.989999771118164,23.25,21.68000030517578,22.88999938964844,22.88999938964844,346800
2010-09-24,22.959999084472656,23.65999984741211,22.959999084472656,23.65999984741211,23.65999984741211,178900
2010-09-27,23.6200008392334,23.729999542236328,23.030000686645508,23.21999931335449,23.21999931335449,116100
2010-09-28,23.32999992370605,23.3799991607666,22.670000076293945,23.13999938964844,23.13999938964844,146700
2010-09-29,22.989999771118164,23.600000381469727,22.790000915527344,23.25,23.25,93800
2010-09-30,23.46999931335449,23.63999938964844,23.229999542236328,23.520000457763672,23.520000457763672,179900
2010-10-01,23.6200008392334,23.71999931335449,23.170000076293945,23.61000061035156,23.61000061035156,93900
2010-10-04,23.46999931335449,23.71999931335449,22.86000061035156,22.940000534057617,22.940000534057617,147800
2010-10-05,22.229999542236328,23.84000015258789,21.729999542236328,23.68000030517578,23.68000030517578,235500
2010-10-06,23.670000076293945,23.75,21.68000030517578,21.989999771118164,21.989999771118164,389300
2010-10-07,22.059999465942383,22.31999969482422,21.68000030517578,22.1299991607666,22.1299991607666,227600
2010-10-08,22.280000686645508,23.020000457763672,22.01000022888184,22.850000381469727,22.850000381469727,141200
2010-10-11,22.88999938964844,22.88999938964844,21.520000457763672,22.350000381469727,22.350000381469727,121700
2010-10-12,22.350000381469727,22.790000915527344,21.780000686645508,22.59000015258789,22.59000015258789,126300
2010-10-13,22.770000457763672,23.440000534057617,22.40999984741211,23.239999771118164,23.239999771118164,156900
2010-10-14,23.229999542236328,23.229999542236328,22.84000015258789,23.030000686645508,23.030000686645508,83000
2010-10-15,23.34000015258789,23.34000015258789,22.71999931335449,22.8799991607666,22.8799991607666,125100
2010-10-18,22.8799991607666,22.940000534057617,22.309999465942383,22.89999961853028,22.89999961853028,146900
2010-10-19,22.51000022888184,22.64999961853028,21.809999465942383,22.1200008392334,22.1200008392334,123800
2010-10-20,22.170000076293945,22.979999542236328,22.170000076293945,22.65999984741211,22.65999984741211,154900
2010-10-21,22.82999992370605,22.8799991607666,22.06999969482422,22.270000457763672,22.270000457763672,70500
2010-10-22,22.350000381469727,23.14999961853028,22.350000381469727,23.06999969482422,23.06999969482422,142000
2010-10-25,23.209999084472656,23.540000915527344,22.780000686645508,22.920000076293945,22.920000076293945,112300
2010-10-26,22.8700008392334,23.290000915527344,22.71999931335449,23.040000915527344,23.040000915527344,119800
2010-10-27,22.940000534057617,23.25,22.57999992370605,23.13999938964844,23.13999938964844,67400
2010-10-28,23.229999542236328,23.239999771118164,22.65999984741211,22.81999969482422,22.81999969482422,94200
2010-10-29,22.75,23.59000015258789,22.75,23.51000022888184,23.51000022888184,146800
2010-11-01,23.559999465942383,24.1299991607666,23.32999992370605,23.809999465942383,23.809999465942383,191900
2010-11-02,24.1200008392334,24.290000915527344,23.75,24.270000457763672,24.270000457763672,197700
2010-11-03,24.46999931335449,24.46999931335449,23.09000015258789,23.64999961853028,23.64999961853028,275500
2010-11-04,23.32999992370605,23.32999992370605,21.93000030517578,22.239999771118164,22.239999771118164,738900
2010-11-05,22.350000381469727,22.75,22.280000686645508,22.51000022888184,22.51000022888184,298900
2010-11-08,22.34000015258789,22.600000381469727,21.690000534057617,22.290000915527344,22.290000915527344,205300
2010-11-09,22.239999771118164,22.43000030517578,21.8799991607666,22.01000022888184,22.01000022888184,243200
2010-11-10,22.11000061035156,22.5,21.81999969482422,22.1200008392334,22.1200008392334,171100
2010-11-11,21.920000076293945,22.38999938964844,21.76000022888184,22.0,22.0,122600
2010-11-12,21.739999771118164,22.07999992370605,21.459999084472656,21.46999931335449,21.46999931335449,97700
2010-11-15,21.540000915527344,21.540000915527344,21.11000061035156,21.290000915527344,21.290000915527344,107500
2010-11-16,21.100000381469727,21.13999938964844,20.450000762939453,20.5,20.5,242900
2010-11-17,20.51000022888184,20.88999938964844,20.39999961853028,20.68000030517578,20.68000030517578,226700
2010-11-18,20.920000076293945,21.15999984741211,20.670000076293945,21.06999969482422,21.06999969482422,223200
2010-11-19,20.979999542236328,21.459999084472656,20.780000686645508,21.239999771118164,21.239999771118164,503300
2010-11-22,21.049999237060547,21.549999237060547,20.6299991607666,21.270000457763672,21.270000457763672,213500
2010-11-23,20.979999542236328,21.530000686645508,20.89999961853028,21.38999938964844,21.38999938964844,120900
2010-11-24,21.520000457763672,22.36000061035156,21.520000457763672,22.11000061035156,22.11000061035156,111700
2010-11-26,21.93000030517578,22.36000061035156,21.920000076293945,22.26000022888184,22.26000022888184,26700
2010-11-29,22.07999992370605,22.420000076293945,21.82999992370605,22.1200008392334,22.1200008392334,105700
2010-11-30,21.88999938964844,22.209999084472656,21.549999237060547,22.0,22.0,172000
2010-12-01,22.25,22.299999237060547,21.86000061035156,22.13999938964844,22.13999938964844,159400
2010-12-02,22.13999938964844,22.209999084472656,21.799999237060547,22.1299991607666,22.1299991607666,138400
2010-12-03,22.0,23.239999771118164,21.979999542236328,23.040000915527344,23.040000915527344,174700
2010-12-06,22.950000762939453,23.200000762939453,22.6299991607666,23.190000534057617,23.190000534057617,200800
2010-12-07,23.309999465942383,23.61000061035156,23.209999084472656,23.32999992370605,23.32999992370605,140100
2010-12-08,23.46999931335449,23.670000076293945,23.309999465942383,23.479999542236328,23.479999542236328,166100
2010-12-09,23.670000076293945,23.700000762939453,23.26000022888184,23.280000686645508,23.280000686645508,158200
2010-12-10,23.3700008392334,23.799999237060547,23.26000022888184,23.39999961853028,23.39999961853028,292700
2010-12-13,23.440000534057617,23.64999961853028,22.88999938964844,22.90999984741211,22.90999984741211,127700
2010-12-14,23.040000915527344,23.059999465942383,22.75,22.940000534057617,22.940000534057617,73600
2010-12-15,22.959999084472656,22.959999084472656,21.81999969482422,21.850000381469727,21.850000381469727,354400
2010-12-16,21.86000061035156,22.049999237060547,21.700000762939453,22.040000915527344,22.040000915527344,138100
2010-12-17,21.96999931335449,22.36000061035156,21.799999237060547,22.15999984741211,22.15999984741211,292900
2010-12-20,22.1299991607666,22.25,21.43000030517578,22.059999465942383,22.059999465942383,247100
2010-12-21,22.25,22.440000534057617,22.0,22.14999961853028,22.14999961853028,75300
2010-12-22,22.100000381469727,22.38999938964844,21.75,21.96999931335449,21.96999931335449,136200
2010-12-23,21.920000076293945,22.200000762939453,21.68000030517578,22.040000915527344,22.040000915527344,129200
2010-12-27,21.8799991607666,22.049999237060547,21.43000030517578,21.71999931335449,21.71999931335449,135500
2010-12-28,21.700000762939453,22.030000686645508,21.700000762939453,21.979999542236328,21.979999542236328,93400
2010-12-29,22.06999969482422,22.06999969482422,21.82999992370605,21.959999084472656,21.959999084472656,58600
2010-12-30,21.959999084472656,22.18000030517578,21.86000061035156,22.07999992370605,22.07999992370605,73000
2010-12-31,21.96999931335449,22.38999938964844,21.64999961853028,22.34000015258789,22.34000015258789,120700
2011-01-03,22.43000030517578,22.82999992370605,22.18000030517578,22.200000762939453,22.200000762939453,181100
2011-01-04,22.170000076293945,22.239999771118164,21.1299991607666,21.6299991607666,21.6299991607666,250200
2011-01-05,21.540000915527344,23.229999542236328,21.14999961853028,22.89999961853028,22.89999961853028,350300
2011-01-06,22.770000457763672,23.229999542236328,22.3799991607666,22.549999237060547,22.549999237060547,143900
2011-01-07,22.6299991607666,22.809999465942383,21.799999237060547,22.39999961853028,22.39999961853028,101400
2011-01-10,22.3799991607666,23.40999984741211,22.18000030517578,23.309999465942383,23.309999465942383,117800
2011-01-11,23.34000015258789,23.790000915527344,23.34000015258789,23.64999961853028,23.64999961853028,363500
2011-01-12,23.790000915527344,24.049999237060547,23.479999542236328,23.68000030517578,23.68000030517578,374300
2011-01-13,23.68000030517578,23.950000762939453,23.5,23.709999084472656,23.709999084472656,172200
2011-01-14,23.780000686645508,24.43000030517578,23.780000686645508,24.39999961853028,24.39999961853028,217600
2011-01-18,24.39999961853028,24.82999992370605,24.39999961853028,24.64999961853028,24.64999961853028,188900
2011-01-19,24.690000534057617,24.780000686645508,24.25,24.36000061035156,24.36000061035156,220500
2011-01-20,24.200000762939453,24.559999465942383,24.0,24.309999465942383,24.309999465942383,267000
2011-01-21,24.440000534057617,24.6299991607666,23.520000457763672,23.56999969482422,23.56999969482422,169600
2011-01-24,23.68000030517578,23.8700008392334,23.299999237060547,23.690000534057617,23.690000534057617,94200
2011-01-25,23.59000015258789,23.739999771118164,23.11000061035156,23.440000534057617,23.440000534057617,170900
2011-01-26,23.549999237060547,24.450000762939453,23.46999931335449,23.600000381469727,23.600000381469727,93100
2011-01-27,23.6200008392334,24.170000076293945,23.100000381469727,23.979999542236328,23.979999542236328,95300
2011-01-28,23.88999938964844,24.190000534057617,23.56999969482422,23.799999237060547,23.799999237060547,267200
2011-01-31,23.940000534057617,24.14999961853028,23.670000076293945,23.959999084472656,23.959999084472656,113000
2011-02-01,24.040000915527344,24.88999938964844,24.0,24.780000686645508,24.780000686645508,126800
2011-02-02,24.76000022888184,25.100000381469727,24.600000381469727,24.940000534057617,24.940000534057617,141400
2011-02-03,24.88999938964844,25.209999084472656,24.88999938964844,25.11000061035156,25.11000061035156,106900
2011-02-04,24.96999931335449,25.68000030517578,24.90999984741211,25.51000022888184,25.51000022888184,145700
2011-02-07,25.51000022888184,26.450000762939453,25.51000022888184,26.270000457763672,26.270000457763672,132300
2011-02-08,26.34000015258789,26.46999931335449,26.21999931335449,26.46999931335449,26.46999931335449,178900
2011-02-09,26.34000015258789,26.5,25.690000534057617,25.850000381469727,25.850000381469727,94700
2011-02-10,25.770000457763672,26.520000457763672,25.540000915527344,26.489999771118164,26.489999771118164,96100
2011-02-11,26.43000030517578,27.420000076293945,26.43000030517578,27.040000915527344,27.040000915527344,247500
2011-02-14,27.100000381469727,27.190000534057617,26.5,26.850000381469727,26.850000381469727,200100
2011-02-15,26.690000534057617,27.0,26.57999992370605,26.729999542236328,26.729999542236328,176100
2011-02-16,26.84000015258789,28.07999992370605,26.690000534057617,28.040000915527344,28.040000915527344,394400
2011-02-17,27.690000534057617,29.1299991607666,26.51000022888184,28.86000061035156,28.86000061035156,582300
2011-02-18,28.989999771118164,28.989999771118164,27.770000457763672,28.020000457763672,28.020000457763672,321800
2011-02-22,27.540000915527344,28.36000061035156,27.309999465942383,28.030000686645508,28.030000686645508,459700
2011-02-23,28.09000015258789,28.09000015258789,27.209999084472656,27.75,27.75,477500
2011-02-24,27.989999771118164,28.0,26.989999771118164,27.51000022888184,27.51000022888184,222700
2011-02-25,27.979999542236328,28.459999084472656,27.89999961853028,28.26000022888184,28.26000022888184,185200
2011-02-28,28.299999237060547,28.299999237060547,27.200000762939453,27.530000686645508,27.530000686645508,137500
2011-03-01,27.5,27.709999084472656,26.86000061035156,27.09000015258789,27.09000015258789,159600
2011-03-02,27.0,27.6299991607666,26.90999984741211,27.39999961853028,27.39999961853028,169000
2011-03-03,27.39999961853028,28.030000686645508,27.34000015258789,27.93000030517578,27.93000030517578,229600
2011-03-04,27.770000457763672,29.059999465942383,27.770000457763672,29.059999465942383,29.059999465942383,342100
2011-03-07,29.030000686645508,29.040000915527344,27.799999237060547,28.3799991607666,28.3799991607666,272400
2011-03-08,28.459999084472656,28.799999237060547,28.280000686645508,28.520000457763672,28.520000457763672,192100
2011-03-09,28.57999992370605,28.799999237060547,28.34000015258789,28.440000534057617,28.440000534057617,145400
2011-03-10,28.1200008392334,28.1200008392334,27.25,27.540000915527344,27.540000915527344,147900
2011-03-11,27.51000022888184,27.700000762939453,27.01000022888184,27.549999237060547,27.549999237060547,90300
2011-03-14,27.26000022888184,27.51000022888184,26.799999237060547,27.049999237060547,27.049999237060547,138000
2011-03-15,26.739999771118164,27.21999931335449,26.309999465942383,26.790000915527344,26.790000915527344,150900
2011-03-16,26.76000022888184,27.32999992370605,26.270000457763672,26.5,26.5,191600
2011-03-17,26.90999984741211,26.940000534057617,26.3799991607666,26.38999938964844,26.38999938964844,111800
2011-03-18,26.57999992370605,27.020000457763672,26.549999237060547,27.01000022888184,27.01000022888184,153700
2011-03-21,27.209999084472656,28.11000061035156,27.209999084472656,27.780000686645508,27.780000686645508,94000
2011-03-22,27.8700008392334,28.14999961853028,27.799999237060547,27.96999931335449,27.96999931335449,443600
2011-03-23,27.979999542236328,28.38999938964844,27.13999938964844,28.18000030517578,28.18000030517578,126900
2011-03-24,28.420000076293945,28.809999465942383,28.15999984741211,28.61000061035156,28.61000061035156,155900
2011-03-25,28.799999237060547,29.06999969482422,28.18000030517578,28.520000457763672,28.520000457763672,179700
2011-03-28,28.57999992370605,29.01000022888184,28.34000015258789,28.96999931335449,28.96999931335449,90300
2011-03-29,29.040000915527344,29.32999992370605,28.040000915527344,29.280000686645508,29.280000686645508,101600
2011-03-30,29.479999542236328,29.6200008392334,28.90999984741211,29.540000915527344,29.540000915527344,130400
2011-03-31,29.59000015258789,29.59000015258789,28.979999542236328,29.5,29.5,153400
2011-04-01,29.76000022888184,30.0,29.46999931335449,29.799999237060547,29.799999237060547,156100
2011-04-04,29.770000457763672,29.989999771118164,29.59000015258789,29.88999938964844,29.88999938964844,107800
2011-04-05,29.920000076293945,30.0,29.59000015258789,29.84000015258789,29.84000015258789,117000
2011-04-06,29.26000022888184,29.989999771118164,29.15999984741211,29.5,29.5,87400
2011-04-07,29.56999969482422,29.93000030517578,28.709999084472656,28.770000457763672,28.770000457763672,114600
2011-04-08,28.979999542236328,29.21999931335449,28.770000457763672,28.989999771118164,28.989999771118164,104500
2011-04-11,28.90999984741211,29.290000915527344,28.57999992370605,29.0,29.0,132500
2011-04-12,28.86000061035156,29.290000915527344,28.61000061035156,28.82999992370605,28.82999992370605,194800
2011-04-13,28.96999931335449,28.96999931335449,28.15999984741211,28.6299991607666,28.6299991607666,67600
2011-04-14,28.40999984741211,29.709999084472656,28.40999984741211,29.51000022888184,29.51000022888184,163400
2011-04-15,29.34000015258789,29.3799991607666,28.8799991607666,29.1299991607666,29.1299991607666,173100
2011-04-18,28.549999237060547,28.8700008392334,28.01000022888184,28.420000076293945,28.420000076293945,85300
2011-04-19,28.43000030517578,28.51000022888184,27.8700008392334,27.950000762939453,27.950000762939453,117800
2011-04-20,28.39999961853028,29.15999984741211,28.38999938964844,29.15999984741211,29.15999984741211,111000
2011-04-21,28.90999984741211,29.25,28.89999961853028,29.11000061035156,29.11000061035156,81000
2011-04-25,29.11000061035156,29.25,28.8799991607666,29.040000915527344,29.040000915527344,65300
2011-04-26,29.049999237060547,29.049999237060547,28.07999992370605,28.21999931335449,28.21999931335449,114300
2011-04-27,27.39999961853028,29.14999961853028,27.1200008392334,29.14999961853028,29.14999961853028,162500
2011-04-28,28.959999084472656,29.799999237060547,28.440000534057617,29.43000030517578,29.43000030517578,132300
2011-04-29,29.57999992370605,30.309999465942383,29.57999992370605,29.809999465942383,29.809999465942383,209000
2011-05-02,29.850000381469727,30.84000015258789,29.850000381469727,30.690000534057617,30.690000534057617,436500
2011-05-03,31.280000686645508,31.280000686645508,26.82999992370605,27.88999938964844,27.88999938964844,377100
2011-05-04,27.739999771118164,28.46999931335449,26.75,26.76000022888184,26.76000022888184,166000
2011-05-05,26.540000915527344,27.850000381469727,26.540000915527344,27.670000076293945,27.670000076293945,238900
2011-05-06,28.040000915527344,28.520000457763672,27.34000015258789,27.89999961853028,27.89999961853028,164000
2011-05-09,27.8700008392334,28.280000686645508,27.76000022888184,27.89999961853028,27.89999961853028,92100
2011-05-10,28.0,28.799999237060547,27.950000762939453,28.76000022888184,28.76000022888184,106800
2011-05-11,28.57999992370605,29.0,28.25,28.39999961853028,28.39999961853028,134600
2011-05-12,28.229999542236328,28.790000915527344,28.059999465942383,28.770000457763672,28.770000457763672,124100
2011-05-13,28.790000915527344,28.809999465942383,27.76000022888184,28.09000015258789,28.09000015258789,98400
2011-05-16,27.75,28.25,27.18000030517578,27.190000534057617,27.190000534057617,156500
2011-05-17,26.989999771118164,28.239999771118164,26.989999771118164,27.26000022888184,27.26000022888184,118500
2011-05-18,27.59000015258789,28.489999771118164,27.38999938964844,28.309999465942383,28.309999465942383,124000
2011-05-19,28.5,28.559999465942383,27.90999984741211,28.309999465942383,28.309999465942383,88200
2011-05-20,28.07999992370605,28.6200008392334,27.75,28.32999992370605,28.32999992370605,92500
2011-05-23,27.780000686645508,28.0,26.90999984741211,26.96999931335449,26.96999931335449,100400
2011-05-24,27.200000762939453,27.200000762939453,26.57999992370605,26.84000015258789,26.84000015258789,115000
2011-05-25,26.790000915527344,27.07999992370605,26.6200008392334,26.68000030517578,26.68000030517578,94800
2011-05-26,26.520000457763672,27.63999938964844,26.51000022888184,27.43000030517578,27.43000030517578,90300
2011-05-27,27.530000686645508,27.8700008392334,27.030000686645508,27.36000061035156,27.36000061035156,64900
2011-05-31,27.68000030517578,28.15999984741211,27.420000076293945,28.06999969482422,28.06999969482422,278500
2011-06-01,28.0,28.0,27.40999984741211,27.61000061035156,27.61000061035156,201300
2011-06-02,27.56999969482422,27.799999237060547,27.059999465942383,27.61000061035156,27.61000061035156,59100
2011-06-03,27.1200008392334,27.450000762939453,26.56999969482422,26.670000076293945,26.670000076293945,126900
2011-06-06,26.56999969482422,26.93000030517578,25.270000457763672,25.450000762939453,25.450000762939453,331100
2011-06-07,25.729999542236328,27.09000015258789,25.350000381469727,26.540000915527344,26.540000915527344,245700
2011-06-08,26.3700008392334,26.700000762939453,25.940000534057617,25.959999084472656,25.959999084472656,86000
2011-06-09,26.11000061035156,26.25,25.690000534057617,25.709999084472656,25.709999084472656,90900
2011-06-10,25.56999969482422,25.56999969482422,25.01000022888184,25.059999465942383,25.059999465942383,159900
2011-06-13,25.200000762939453,25.459999084472656,24.459999084472656,25.170000076293945,25.170000076293945,156600
2011-06-14,25.46999931335449,26.100000381469727,25.059999465942383,26.059999465942383,26.059999465942383,126000
2011-06-15,25.739999771118164,26.25,25.739999771118164,26.100000381469727,26.100000381469727,141800
2011-06-16,26.059999465942383,26.32999992370605,25.479999542236328,25.96999931335449,25.96999931335449,124600
2011-06-17,26.1200008392334,26.1200008392334,24.8700008392334,25.0,25.0,257200
2011-06-20,24.84000015258789,25.059999465942383,23.299999237060547,24.049999237060547,24.049999237060547,581400
2011-06-21,24.39999961853028,26.020000457763672,24.39999961853028,25.71999931335449,25.71999931335449,393900
2011-06-22,25.520000457763672,26.030000686645508,25.34000015258789,25.61000061035156,25.61000061035156,229900
2011-06-23,25.26000022888184,26.020000457763672,25.049999237060547,25.950000762939453,25.950000762939453,165100
2011-06-24,25.96999931335449,26.229999542236328,25.11000061035156,25.600000381469727,25.600000381469727,1393200
2011-06-27,25.530000686645508,25.799999237060547,24.8700008392334,25.290000915527344,25.290000915527344,219100
2011-06-28,25.3799991607666,25.65999984741211,24.920000076293945,25.5,25.5,328700
2011-06-29,25.64999961853028,25.64999961853028,24.989999771118164,25.59000015258789,25.59000015258789,186600
2011-06-30,25.700000762939453,25.950000762939453,25.1299991607666,25.89999961853028,25.89999961853028,224000
2011-07-01,25.8799991607666,26.46999931335449,25.549999237060547,26.239999771118164,26.239999771118164,144900
2011-07-05,26.270000457763672,26.700000762939453,26.09000015258789,26.440000534057617,26.440000534057617,159400
2011-07-06,26.450000762939453,27.1299991607666,26.200000762939453,27.040000915527344,27.040000915527344,114900
2011-07-07,27.190000534057617,28.21999931335449,26.739999771118164,27.920000076293945,27.920000076293945,480700
2011-07-08,27.5,27.82999992370605,27.21999931335449,27.690000534057617,27.690000534057617,175300
2011-07-11,27.239999771118164,27.25,26.38999938964844,26.81999969482422,26.81999969482422,142800
2011-07-12,26.6299991607666,27.209999084472656,26.309999465942383,26.450000762939453,26.450000762939453,171600
2011-07-13,26.549999237060547,27.100000381469727,26.51000022888184,26.940000534057617,26.940000534057617,117000
2011-07-14,26.989999771118164,27.200000762939453,26.239999771118164,26.59000015258789,26.59000015258789,157500
2011-07-15,26.65999984741211,27.0,26.530000686645508,26.770000457763672,26.770000457763672,107800
2011-07-18,26.57999992370605,26.75,25.93000030517578,26.190000534057617,26.190000534057617,88900
2011-07-19,26.450000762939453,26.950000762939453,26.39999961853028,26.51000022888184,26.51000022888184,205300
2011-07-20,26.450000762939453,26.57999992370605,25.6200008392334,25.979999542236328,25.979999542236328,106200
2011-07-21,26.06999969482422,26.190000534057617,25.440000534057617,25.5,25.5,134200
2011-07-22,25.540000915527344,26.15999984741211,25.489999771118164,25.8700008392334,25.8700008392334,139900
2011-07-25,25.520000457763672,25.799999237060547,25.21999931335449,25.530000686645508,25.530000686645508,442100
2011-07-26,25.440000534057617,25.559999465942383,23.030000686645508,23.489999771118164,23.489999771118164,704100
2011-07-27,23.309999465942383,23.38999938964844,22.18000030517578,22.5,22.5,605100
2011-07-28,22.459999084472656,22.84000015258789,22.229999542236328,22.299999237060547,22.299999237060547,271300
2011-07-29,21.950000762939453,22.270000457763672,21.43000030517578,21.809999465942383,21.809999465942383,336600
2011-08-01,22.020000457763672,22.290000915527344,20.76000022888184,20.979999542236328,20.979999542236328,537200
2011-08-02,20.84000015258789,21.350000381469727,20.540000915527344,20.600000381469727,20.600000381469727,411000
2011-08-03,20.690000534057617,21.18000030517578,20.209999084472656,21.06999969482422,21.06999969482422,539300
2011-08-04,19.31999969482422,19.31999969482422,12.5,13.0,13.0,5387900
2011-08-05,13.489999771118164,14.720000267028809,13.210000038146973,14.25,14.25,1516600
2011-08-08,13.739999771118164,14.43000030517578,13.600000381469728,13.899999618530272,13.899999618530272,1018600
2011-08-09,14.350000381469728,15.9399995803833,14.130000114440918,14.789999961853027,14.789999961853027,1493400
2011-08-10,14.43000030517578,14.850000381469728,14.109999656677246,14.449999809265137,14.449999809265137,569000
2011-08-11,14.56999969482422,15.68000030517578,14.1899995803833,15.329999923706056,15.329999923706056,993300
2011-08-12,15.5,16.06999969482422,15.43000030517578,15.81999969482422,15.81999969482422,788800
2011-08-15,15.93000030517578,16.239999771118164,15.039999961853027,15.640000343322754,15.640000343322754,546800
2011-08-16,15.350000381469728,15.56999969482422,15.039999961853027,15.31999969482422,15.31999969482422,434000
2011-08-17,15.369999885559082,15.369999885559082,14.989999771118164,15.220000267028809,15.220000267028809,342200
2011-08-18,14.739999771118164,14.8100004196167,14.260000228881836,14.40999984741211,14.40999984741211,533000
2011-08-19,14.210000038146973,14.649999618530272,14.1899995803833,14.260000228881836,14.260000228881836,345900
2011-08-22,14.65999984741211,14.880000114440918,14.15999984741211,14.59000015258789,14.59000015258789,323200
2011-08-23,14.609999656677246,15.779999732971191,14.56999969482422,15.739999771118164,15.739999771118164,345200
2011-08-24,15.479999542236328,15.9399995803833,14.979999542236328,15.399999618530272,15.399999618530272,281500
2011-08-25,15.520000457763672,15.760000228881836,14.90999984741211,15.15999984741211,15.15999984741211,228100
2011-08-26,15.010000228881836,16.1200008392334,15.0,16.110000610351562,16.110000610351562,216100
2011-08-29,16.360000610351562,16.6200008392334,16.1200008392334,16.610000610351562,16.610000610351562,260300
2011-08-30,16.420000076293945,16.690000534057617,16.1299991607666,16.559999465942383,16.559999465942383,175000
2011-08-31,16.610000610351562,16.860000610351562,15.850000381469728,15.949999809265137,15.949999809265137,321700
2011-09-01,15.989999771118164,16.100000381469727,15.279999732971191,15.520000457763672,15.520000457763672,273000
2011-09-02,15.079999923706056,15.600000381469728,15.029999732971191,15.34000015258789,15.34000015258789,327700
2011-09-06,14.800000190734863,15.619999885559082,14.800000190734863,15.399999618530272,15.399999618530272,545400
2011-09-07,15.630000114440918,15.960000038146973,15.369999885559082,15.850000381469728,15.850000381469728,440800
2011-09-08,15.869999885559082,16.59000015258789,15.699999809265137,16.43000030517578,16.43000030517578,439600
2011-09-09,16.239999771118164,16.329999923706055,15.5,15.640000343322754,15.640000343322754,184600
2011-09-12,15.5,16.389999389648438,15.5,16.290000915527344,16.290000915527344,286300
2011-09-13,16.34000015258789,17.06999969482422,16.110000610351562,16.979999542236328,16.979999542236328,379700
2011-09-14,17.170000076293945,17.5,16.780000686645508,17.25,17.25,377000
2011-09-15,17.43000030517578,17.700000762939453,17.1299991607666,17.6299991607666,17.6299991607666,227300
2011-09-16,17.75,17.75,17.0,17.43000030517578,17.43000030517578,1220800
2011-09-19,17.09000015258789,17.219999313354492,16.479999542236328,16.969999313354492,16.969999313354492,303000
2011-09-20,17.049999237060547,17.43000030517578,16.850000381469727,17.020000457763672,17.020000457763672,358700
2011-09-21,17.049999237060547,17.229999542236328,16.59000015258789,16.6299991607666,16.6299991607666,211800
2011-09-22,16.0,16.700000762939453,15.920000076293944,16.489999771118164,16.489999771118164,385600
2011-09-23,16.520000457763672,16.950000762939453,16.309999465942383,16.899999618530273,16.899999618530273,162400
2011-09-26,17.020000457763672,17.530000686645508,16.43000030517578,17.489999771118164,17.489999771118164,211200
2011-09-27,17.729999542236328,18.239999771118164,17.149999618530273,17.3799991607666,17.3799991607666,300200
2011-09-28,17.420000076293945,18.46999931335449,17.34000015258789,17.579999923706055,17.579999923706055,405800
2011-09-29,18.09000015258789,18.270000457763672,16.68000030517578,17.469999313354492,17.469999313354492,277200
2011-09-30,17.209999084472656,17.520000457763672,16.75,16.8700008392334,16.8700008392334,238800
2011-10-03,16.739999771118164,16.90999984741211,15.890000343322754,15.949999809265137,15.949999809265137,457600
2011-10-04,15.770000457763672,17.329999923706055,15.350000381469728,17.25,17.25,537700
2011-10-05,17.229999542236328,17.6299991607666,16.610000610351562,17.459999084472656,17.459999084472656,299000
2011-10-06,17.450000762939453,17.850000381469727,17.149999618530273,17.809999465942383,17.809999465942383,186300
2011-10-07,17.829999923706055,18.13999938964844,17.43000030517578,17.700000762939453,17.700000762939453,152400
2011-10-10,18.100000381469727,18.68000030517578,18.020000457763672,18.489999771118164,18.489999771118164,159600
2011-10-11,18.34000015258789,18.63999938964844,18.200000762939453,18.38999938964844,18.38999938964844,208400
2011-10-12,18.5,19.0,18.25,18.799999237060547,18.799999237060547,226600
2011-10-13,18.780000686645508,19.43000030517578,18.6299991607666,19.229999542236328,19.229999542236328,259600
2011-10-14,19.51000022888184,19.81999969482422,19.36000061035156,19.799999237060547,19.799999237060547,340900
2011-10-17,19.6299991607666,20.14999961853028,19.15999984741211,20.01000022888184,20.01000022888184,353200
2011-10-18,20.020000457763672,20.790000915527344,19.38999938964844,20.600000381469727,20.600000381469727,216600
2011-10-19,20.520000457763672,20.850000381469727,19.6299991607666,19.84000015258789,19.84000015258789,216100
2011-10-20,19.84000015258789,20.190000534057617,19.46999931335449,19.940000534057617,19.940000534057617,297800
2011-10-21,20.13999938964844,20.64999961853028,19.8799991607666,20.489999771118164,20.489999771118164,162500
2011-10-24,20.71999931335449,21.96999931335449,20.65999984741211,21.3799991607666,21.3799991607666,235700
2011-10-25,21.26000022888184,21.36000061035156,20.32999992370605,20.420000076293945,20.420000076293945,181600
2011-10-26,20.780000686645508,20.989999771118164,20.020000457763672,20.790000915527344,20.790000915527344,202900
2011-10-27,21.559999465942383,22.309999465942383,21.100000381469727,22.21999931335449,22.21999931335449,318500
2011-10-28,22.15999984741211,22.86000061035156,21.799999237060547,21.850000381469727,21.850000381469727,338600
2011-10-31,21.38999938964844,21.920000076293945,21.049999237060547,21.11000061035156,21.11000061035156,273800
2011-11-01,20.989999771118164,21.31999969482422,20.100000381469727,20.420000076293945,20.420000076293945,263600
2011-11-02,20.8700008392334,21.1299991607666,20.440000534057617,20.5,20.5,490800
2011-11-03,21.0,21.0,19.86000061035156,20.81999969482422,20.81999969482422,514600
2011-11-04,20.51000022888184,20.93000030517578,20.420000076293945,20.559999465942383,20.559999465942383,381500
2011-11-07,20.559999465942383,20.690000534057617,19.950000762939453,20.049999237060547,20.049999237060547,229400
2011-11-08,20.270000457763672,20.459999084472656,19.68000030517578,19.89999961853028,19.89999961853028,299200
2011-11-09,19.290000915527344,19.51000022888184,18.690000534057617,18.709999084472656,18.709999084472656,321800
2011-11-10,19.1200008392334,19.34000015258789,18.40999984741211,18.979999542236328,18.979999542236328,226000
2011-11-11,19.21999931335449,19.780000686645508,19.13999938964844,19.540000915527344,19.540000915527344,158200
2011-11-14,19.46999931335449,19.729999542236328,19.1299991607666,19.200000762939453,19.200000762939453,189900
2011-11-15,19.09000015258789,19.93000030517578,18.920000076293945,19.82999992370605,19.82999992370605,234400
2011-11-16,19.530000686645508,20.299999237060547,19.40999984741211,19.489999771118164,19.489999771118164,261300
2011-11-17,19.479999542236328,19.64999961853028,19.01000022888184,19.3700008392334,19.3700008392334,154600
2011-11-18,19.420000076293945,20.14999961853028,19.420000076293945,19.68000030517578,19.68000030517578,217300
2011-11-21,19.290000915527344,19.540000915527344,18.799999237060547,18.850000381469727,18.850000381469727,239000
2011-11-22,18.8700008392334,19.170000076293945,18.709999084472656,19.0,19.0,141900
2011-11-23,18.86000061035156,18.90999984741211,18.190000534057617,18.21999931335449,18.21999931335449,125100
2011-11-25,18.06999969482422,18.26000022888184,17.829999923706055,17.899999618530273,17.899999618530273,65500
2011-11-28,18.56999969482422,19.31999969482422,18.3799991607666,19.14999961853028,19.14999961853028,234200
2011-11-29,19.190000534057617,19.190000534057617,18.670000076293945,18.799999237060547,18.799999237060547,148100
2011-11-30,19.540000915527344,19.8799991607666,19.1299991607666,19.8700008392334,19.8700008392334,262200
2011-12-01,19.82999992370605,20.0,19.32999992370605,19.68000030517578,19.68000030517578,114000
2011-12-02,19.989999771118164,20.0,19.670000076293945,19.88999938964844,19.88999938964844,100100
2011-12-05,20.25,20.420000076293945,19.57999992370605,19.75,19.75,379300
2011-12-06,19.76000022888184,20.34000015258789,19.59000015258789,20.209999084472656,20.209999084472656,155500
2011-12-07,20.06999969482422,20.36000061035156,19.76000022888184,20.020000457763672,20.020000457763672,187600
2011-12-08,19.81999969482422,20.020000457763672,19.32999992370605,19.350000381469727,19.350000381469727,142100
2011-12-09,19.46999931335449,20.26000022888184,19.190000534057617,20.049999237060547,20.049999237060547,158500
2011-12-12,19.770000457763672,20.01000022888184,19.420000076293945,19.979999542236328,19.979999542236328,127900
2011-12-13,20.18000030517578,20.350000381469727,18.989999771118164,18.989999771118164,18.989999771118164,303100
2011-12-14,18.6200008392334,19.1200008392334,18.530000686645508,19.049999237060547,19.049999237060547,177800
2011-12-15,19.34000015258789,19.420000076293945,18.799999237060547,19.09000015258789,19.09000015258789,83100
2011-12-16,19.200000762939453,19.670000076293945,18.6299991607666,18.979999542236328,18.979999542236328,417700
2011-12-19,19.0,19.3799991607666,18.14999961853028,18.200000762939453,18.200000762939453,204700
2011-12-20,18.65999984741211,19.540000915527344,18.64999961853028,19.530000686645508,19.530000686645508,164900
2011-12-21,20.0,20.21999931335449,18.68000030517578,20.190000534057617,20.190000534057617,285800
2011-12-22,20.32999992370605,20.700000762939453,20.040000915527344,20.600000381469727,20.600000381469727,154700
2011-12-23,20.76000022888184,21.09000015258789,20.440000534057617,20.89999961853028,20.89999961853028,187900
2011-12-27,20.76000022888184,21.559999465942383,20.670000076293945,21.270000457763672,21.270000457763672,148100
2011-12-28,21.309999465942383,21.309999465942383,20.809999465942383,20.979999542236328,20.979999542236328,149600
2011-12-29,21.06999969482422,21.440000534057617,20.549999237060547,21.34000015258789,21.34000015258789,149900
2011-12-30,21.25,21.440000534057617,21.059999465942383,21.200000762939453,21.200000762939453,195300
2012-01-03,21.65999984741211,21.65999984741211,20.940000534057617,21.0,21.0,189900
2012-01-04,20.81999969482422,21.280000686645508,20.59000015258789,20.61000061035156,20.61000061035156,167800
2012-01-05,20.450000762939453,21.32999992370605,19.979999542236328,21.18000030517578,21.18000030517578,178200
2012-01-06,21.200000762939453,21.920000076293945,21.01000022888184,21.34000015258789,21.34000015258789,181300
2012-01-09,21.38999938964844,21.84000015258789,21.38999938964844,21.61000061035156,21.61000061035156,155400
2012-01-10,21.86000061035156,22.21999931335449,21.71999931335449,22.100000381469727,22.100000381469727,278900
2012-01-11,22.059999465942383,22.14999961853028,21.6200008392334,21.959999084472656,21.959999084472656,134400
2012-01-12,21.950000762939453,22.43000030517578,21.670000076293945,22.350000381469727,22.350000381469727,155200
2012-01-13,21.989999771118164,21.989999771118164,21.520000457763672,21.739999771118164,21.739999771118164,112400
2012-01-17,21.8799991607666,22.46999931335449,21.8799991607666,22.14999961853028,22.14999961853028,183200
2012-01-18,22.14999961853028,22.709999084472656,21.989999771118164,22.61000061035156,22.61000061035156,190200
2012-01-19,22.65999984741211,22.799999237060547,22.350000381469727,22.59000015258789,22.59000015258789,137200
2012-01-20,22.520000457763672,22.739999771118164,22.11000061035156,22.3799991607666,22.3799991607666,92700
2012-01-23,22.32999992370605,22.559999465942383,22.170000076293945,22.38999938964844,22.38999938964844,47300
2012-01-24,22.350000381469727,22.6299991607666,22.26000022888184,22.520000457763672,22.520000457763672,243400
2012-01-25,22.5,22.5,21.96999931335449,22.100000381469727,22.100000381469727,117300
2012-01-26,22.290000915527344,22.61000061035156,22.13999938964844,22.40999984741211,22.40999984741211,107900
2012-01-27,22.280000686645508,22.530000686645508,22.200000762939453,22.5,22.5,106300
2012-01-30,22.21999931335449,22.39999961853028,21.84000015258789,22.09000015258789,22.09000015258789,94200
2012-01-31,22.290000915527344,22.290000915527344,21.479999542236328,22.14999961853028,22.14999961853028,206800
2012-02-01,22.3700008392334,22.3700008392334,21.89999961853028,22.25,22.25,234900
2012-02-02,22.229999542236328,22.3799991607666,22.0,22.190000534057617,22.190000534057617,226500
2012-02-03,22.690000534057617,23.65999984741211,22.68000030517578,23.600000381469727,23.600000381469727,210300
2012-02-06,23.43000030517578,23.670000076293945,22.81999969482422,23.0,23.0,236700
2012-02-07,22.90999984741211,22.950000762939453,22.440000534057617,22.51000022888184,22.51000022888184,124300
2012-02-08,22.59000015258789,22.700000762939453,22.059999465942383,22.26000022888184,22.26000022888184,113400
2012-02-09,22.350000381469727,22.479999542236328,21.75,22.049999237060547,22.049999237060547,280600
2012-02-10,21.71999931335449,22.559999465942383,21.71999931335449,22.51000022888184,22.51000022888184,251100
2012-02-13,22.809999465942383,23.0,22.51000022888184,22.979999542236328,22.979999542236328,547000
2012-02-14,22.540000915527344,23.700000762939453,21.26000022888184,23.07999992370605,23.07999992370605,493300
2012-02-15,23.290000915527344,23.450000762939453,22.850000381469727,22.979999542236328,22.979999542236328,235600
2012-02-16,22.809999465942383,23.440000534057617,22.790000915527344,23.01000022888184,23.01000022888184,140600
2012-02-17,23.07999992370605,23.07999992370605,22.690000534057617,22.93000030517578,22.93000030517578,103000
2012-02-21,22.89999961853028,23.200000762939453,22.43000030517578,22.57999992370605,22.57999992370605,187900
2012-02-22,22.40999984741211,22.68000030517578,22.07999992370605,22.51000022888184,22.51000022888184,141400
2012-02-23,22.5,23.1299991607666,22.3799991607666,22.989999771118164,22.989999771118164,110500
2012-02-24,22.940000534057617,23.0,22.25,22.57999992370605,22.57999992370605,143400
2012-02-27,22.270000457763672,22.450000762939453,21.790000915527344,22.32999992370605,22.32999992370605,108100
2012-02-28,22.309999465942383,22.549999237060547,21.959999084472656,22.32999992370605,22.32999992370605,98900
2012-02-29,22.3700008392334,22.56999969482422,21.959999084472656,21.989999771118164,21.989999771118164,304200
2012-03-01,22.100000381469727,22.299999237060547,21.89999961853028,22.040000915527344,22.040000915527344,134600
2012-03-02,22.07999992370605,22.420000076293945,21.3700008392334,21.540000915527344,21.540000915527344,196200
2012-03-05,21.43000030517578,21.71999931335449,21.209999084472656,21.61000061035156,21.61000061035156,86300
2012-03-06,21.25,21.420000076293945,20.36000061035156,20.920000076293945,20.920000076293945,271900
2012-03-07,20.940000534057617,21.200000762939453,20.6299991607666,21.13999938964844,21.13999938964844,124300
2012-03-08,21.36000061035156,21.739999771118164,21.06999969482422,21.68000030517578,21.68000030517578,112400
2012-03-09,21.729999542236328,22.299999237060547,21.520000457763672,22.229999542236328,22.229999542236328,156000
2012-03-12,22.11000061035156,22.989999771118164,22.020000457763672,22.8700008392334,22.8700008392334,251000
2012-03-13,23.0,23.700000762939453,22.8799991607666,23.68000030517578,23.68000030517578,216200
2012-03-14,23.59000015258789,23.8799991607666,22.5,22.790000915527344,22.790000915527344,115400
2012-03-15,22.84000015258789,23.209999084472656,22.61000061035156,23.040000915527344,23.040000915527344,69900
2012-03-16,23.14999961853028,23.64999961853028,23.049999237060547,23.15999984741211,23.15999984741211,279900
2012-03-19,23.040000915527344,23.809999465942383,22.82999992370605,23.3700008392334,23.3700008392334,113200
2012-03-20,23.14999961853028,23.239999771118164,22.670000076293945,22.979999542236328,22.979999542236328,82800
2012-03-21,23.07999992370605,23.6200008392334,22.8799991607666,22.89999961853028,22.89999961853028,174400
2012-03-22,22.600000381469727,22.96999931335449,22.459999084472656,22.76000022888184,22.76000022888184,113800
2012-03-23,22.71999931335449,23.0,22.59000015258789,22.88999938964844,22.88999938964844,156100
2012-03-26,23.09000015258789,23.93000030517578,23.09000015258789,23.559999465942383,23.559999465942383,135800
2012-03-27,23.549999237060547,23.6299991607666,22.020000457763672,22.15999984741211,22.15999984741211,1474800
2012-03-28,22.239999771118164,22.309999465942383,21.5,22.030000686645508,22.030000686645508,165500
2012-03-29,21.93000030517578,22.14999961853028,21.479999542236328,21.76000022888184,21.76000022888184,102100
2012-03-30,22.0,22.229999542236328,21.200000762939453,21.38999938964844,21.38999938964844,327100
2012-04-02,21.34000015258789,21.68000030517578,21.020000457763672,21.479999542236328,21.479999542236328,383400
2012-04-03,21.450000762939453,21.51000022888184,21.0,21.190000534057617,21.190000534057617,151500
2012-04-04,20.8700008392334,20.93000030517578,20.299999237060547,20.5,20.5,128600
2012-04-05,20.34000015258789,20.520000457763672,20.200000762939453,20.43000030517578,20.43000030517578,152500
2012-04-09,19.920000076293945,20.40999984741211,19.81999969482422,20.030000686645508,20.030000686645508,288700
2012-04-10,20.020000457763672,20.209999084472656,19.350000381469727,19.489999771118164,19.489999771118164,354200
2012-04-11,19.71999931335449,20.190000534057617,19.670000076293945,20.11000061035156,20.11000061035156,226900
2012-04-12,20.049999237060547,20.709999084472656,20.049999237060547,20.38999938964844,20.38999938964844,182400
2012-04-13,20.239999771118164,20.270000457763672,19.76000022888184,20.0,20.0,132100
2012-04-16,20.020000457763672,20.049999237060547,19.520000457763672,19.82999992370605,19.82999992370605,410800
2012-04-17,20.07999992370605,20.420000076293945,20.01000022888184,20.049999237060547,20.049999237060547,214300
2012-04-18,19.93000030517578,20.13999938964844,19.559999465942383,20.0,20.0,282900
2012-04-19,19.950000762939453,20.18000030517578,19.420000076293945,19.450000762939453,19.450000762939453,294000
2012-04-20,19.84000015258789,19.84000015258789,19.229999542236328,19.32999992370605,19.32999992370605,306200
2012-04-23,18.959999084472656,19.46999931335449,18.6299991607666,19.350000381469727,19.350000381469727,290600
2012-04-24,19.309999465942383,19.51000022888184,19.200000762939453,19.32999992370605,19.32999992370605,328400
2012-04-25,19.64999961853028,19.690000534057617,19.280000686645508,19.299999237060547,19.299999237060547,232000
2012-04-26,19.229999542236328,19.709999084472656,19.229999542236328,19.559999465942383,19.559999465942383,228700
2012-04-27,19.57999992370605,20.09000015258789,19.40999984741211,19.93000030517578,19.93000030517578,130000
2012-04-30,19.8700008392334,20.040000915527344,19.670000076293945,19.920000076293945,19.920000076293945,206500
2012-05-01,20.020000457763672,20.5,19.6299991607666,19.64999961853028,19.64999961853028,208000
2012-05-02,19.420000076293945,19.84000015258789,19.31999969482422,19.670000076293945,19.670000076293945,224000
2012-05-03,19.51000022888184,19.979999542236328,18.81999969482422,19.09000015258789,19.09000015258789,261700
2012-05-04,18.950000762939453,19.290000915527344,18.76000022888184,19.100000381469727,19.100000381469727,221200
2012-05-07,18.950000762939453,19.100000381469727,18.68000030517578,19.030000686645508,19.030000686645508,351400
2012-05-08,18.850000381469727,19.40999984741211,18.850000381469727,19.14999961853028,19.14999961853028,186600
2012-05-09,18.84000015258789,19.21999931335449,18.84000015258789,19.11000061035156,19.11000061035156,125500
2012-05-10,19.209999084472656,19.270000457763672,18.81999969482422,18.90999984741211,18.90999984741211,270000
2012-05-11,18.770000457763672,19.0,18.459999084472656,18.76000022888184,18.76000022888184,131800
2012-05-14,18.479999542236328,18.8799991607666,17.65999984741211,18.309999465942383,18.309999465942383,213000
2012-05-15,18.270000457763672,18.86000061035156,18.270000457763672,18.700000762939453,18.700000762939453,147600
2012-05-16,18.739999771118164,19.06999969482422,18.6200008392334,18.6299991607666,18.6299991607666,228000
2012-05-17,18.61000061035156,18.76000022888184,18.3700008392334,18.3799991607666,18.3799991607666,161800
2012-05-18,18.32999992370605,18.82999992370605,18.020000457763672,18.229999542236328,18.229999542236328,245000
2012-05-21,18.309999465942383,18.71999931335449,17.989999771118164,18.450000762939453,18.450000762939453,185900
2012-05-22,18.459999084472656,18.549999237060547,17.799999237060547,17.899999618530273,17.899999618530273,217300
2012-05-23,17.729999542236328,18.479999542236328,17.670000076293945,18.39999961853028,18.39999961853028,267400
2012-05-24,18.3799991607666,18.40999984741211,17.8799991607666,18.09000015258789,18.09000015258789,124600
2012-05-25,18.1299991607666,18.280000686645508,17.8799991607666,18.010000228881836,18.010000228881836,121300
2012-05-29,18.209999084472656,18.31999969482422,17.93000030517578,18.26000022888184,18.26000022888184,86500
2012-05-30,18.100000381469727,18.25,17.760000228881836,18.049999237060547,18.049999237060547,105300
2012-05-31,18.1299991607666,18.290000915527344,17.979999542236328,18.14999961853028,18.14999961853028,363200
2012-06-01,17.90999984741211,18.11000061035156,17.649999618530273,17.8799991607666,17.8799991607666,294200
2012-06-04,18.010000228881836,18.299999237060547,17.81999969482422,18.13999938964844,18.13999938964844,167200
2012-06-05,18.100000381469727,18.239999771118164,17.8799991607666,18.030000686645508,18.030000686645508,189100
2012-06-06,18.1200008392334,18.14999961853028,17.920000076293945,18.049999237060547,18.049999237060547,250100
2012-06-07,18.3700008392334,18.459999084472656,17.940000534057617,17.979999542236328,17.979999542236328,204700
2012-06-08,17.920000076293945,18.309999465942383,17.739999771118164,18.209999084472656,18.209999084472656,128500
2012-06-11,18.46999931335449,18.530000686645508,17.6299991607666,17.649999618530273,17.649999618530273,236100
2012-06-12,17.790000915527344,17.8700008392334,17.299999237060547,17.40999984741211,17.40999984741211,114300
2012-06-13,17.299999237060547,17.5,16.829999923706055,16.940000534057617,16.940000534057617,160600
2012-06-14,17.030000686645508,17.09000015258789,16.729999542236328,17.0,17.0,139800
2012-06-15,16.989999771118164,17.479999542236328,16.860000610351562,17.399999618530273,17.399999618530273,299100
2012-06-18,17.309999465942383,17.670000076293945,17.290000915527344,17.450000762939453,17.450000762939453,115600
2012-06-19,17.56999969482422,17.790000915527344,17.3700008392334,17.40999984741211,17.40999984741211,96300
2012-06-20,17.389999389648438,17.389999389648438,16.860000610351562,16.93000030517578,16.93000030517578,89100
2012-06-21,16.920000076293945,16.920000076293945,16.139999389648438,16.190000534057617,16.190000534057617,164400
2012-06-22,16.329999923706055,16.81999969482422,16.0,16.489999771118164,16.489999771118164,729100
2012-06-25,16.309999465942383,16.360000610351562,15.9399995803833,16.200000762939453,16.200000762939453,127700
2012-06-26,16.280000686645508,16.3799991607666,15.970000267028809,16.200000762939453,16.200000762939453,127200
2012-06-27,16.229999542236328,16.3799991607666,15.770000457763672,15.970000267028809,15.970000267028809,185700
2012-06-28,15.880000114440918,16.100000381469727,15.489999771118164,15.859999656677246,15.859999656677246,115800
2012-06-29,16.25,16.700000762939453,16.030000686645508,16.459999084472656,16.459999084472656,154300
2012-07-02,16.520000457763672,16.729999542236328,16.270000457763672,16.719999313354492,16.719999313354492,115200
2012-07-03,16.700000762939453,16.959999084472656,16.59000015258789,16.899999618530273,16.899999618530273,80400
2012-07-05,16.809999465942383,17.1299991607666,16.809999465942383,17.030000686645508,17.030000686645508,60700
2012-07-06,16.809999465942383,16.920000076293945,16.670000076293945,16.770000457763672,16.770000457763672,68400
2012-07-09,16.68000030517578,16.899999618530273,16.56999969482422,16.889999389648438,16.889999389648438,209700
2012-07-10,16.969999313354492,17.09000015258789,16.719999313354492,16.770000457763672,16.770000457763672,119300
2012-07-11,16.829999923706055,17.010000228881836,16.65999984741211,16.90999984741211,16.90999984741211,87500
2012-07-12,16.760000228881836,16.8700008392334,16.440000534057617,16.790000915527344,16.790000915527344,87500
2012-07-13,16.860000610351562,17.280000686645508,16.809999465942383,17.149999618530273,17.149999618530273,62100
2012-07-16,17.139999389648438,17.270000457763672,16.850000381469727,16.8799991607666,16.8799991607666,64800
2012-07-17,16.940000534057617,17.049999237060547,16.5,16.81999969482422,16.81999969482422,109400
2012-07-18,16.739999771118164,17.059999465942383,16.65999984741211,16.84000015258789,16.84000015258789,200300
2012-07-19,16.889999389648438,17.100000381469727,16.799999237060547,16.979999542236328,16.979999542236328,65100
2012-07-20,16.850000381469727,16.850000381469727,16.600000381469727,16.670000076293945,16.670000076293945,129000
2012-07-23,16.450000762939453,16.600000381469727,16.299999237060547,16.520000457763672,16.520000457763672,81400
2012-07-24,16.6200008392334,16.65999984741211,15.6899995803833,15.770000457763672,15.770000457763672,108000
2012-07-25,15.949999809265137,16.239999771118164,15.84000015258789,15.93000030517578,15.93000030517578,89000
2012-07-26,16.200000762939453,16.399999618530273,15.8100004196167,15.93000030517578,15.93000030517578,110400
2012-07-27,16.049999237060547,16.229999542236328,15.779999732971191,15.970000267028809,15.970000267028809,121800
2012-07-30,15.989999771118164,16.18000030517578,15.68000030517578,15.6899995803833,15.6899995803833,85900
2012-07-31,15.609999656677246,15.890000343322754,15.359999656677246,15.399999618530272,15.399999618530272,160100
2012-08-01,15.470000267028809,15.470000267028809,15.020000457763672,15.039999961853027,15.039999961853027,169800
2012-08-02,14.979999542236328,15.5600004196167,14.979999542236328,15.449999809265137,15.449999809265137,153400
2012-08-03,11.350000381469728,12.649999618530272,11.300000190734863,12.210000038146973,12.210000038146973,2125900
2012-08-06,12.15999984741211,13.15999984741211,12.039999961853027,13.09000015258789,13.09000015258789,653800
2012-08-07,13.140000343322754,13.220000267028809,12.949999809265137,13.010000228881836,13.010000228881836,239200
2012-08-08,12.979999542236328,13.329999923706056,12.84000015258789,13.130000114440918,13.130000114440918,185800
2012-08-09,13.06999969482422,13.420000076293944,12.979999542236328,13.289999961853027,13.289999961853027,207800
2012-08-10,13.289999961853027,13.489999771118164,13.109999656677246,13.40999984741211,13.40999984741211,197700
2012-08-13,13.369999885559082,13.529999732971191,13.06999969482422,13.350000381469728,13.350000381469728,115700
2012-08-14,13.4399995803833,13.479999542236328,13.270000457763672,13.329999923706056,13.329999923706056,223200
2012-08-15,13.270000457763672,13.59000015258789,13.260000228881836,13.550000190734863,13.550000190734863,144500
2012-08-16,13.520000457763672,14.079999923706056,13.399999618530272,14.039999961853027,14.039999961853027,180900
2012-08-17,14.010000228881836,14.09000015258789,13.760000228881836,14.039999961853027,14.039999961853027,129000
2012-08-20,13.989999771118164,14.010000228881836,13.65999984741211,13.84000015258789,13.84000015258789,170100
2012-08-21,13.8100004196167,14.15999984741211,13.739999771118164,13.829999923706056,13.829999923706056,168500
2012-08-22,13.84000015258789,13.949999809265137,13.720000267028809,13.899999618530272,13.899999618530272,87600
2012-08-23,13.9399995803833,13.9399995803833,13.640000343322754,13.739999771118164,13.739999771118164,93100
2012-08-24,13.6899995803833,13.899999618530272,13.479999542236328,13.739999771118164,13.739999771118164,114300
2012-08-27,13.8100004196167,13.949999809265137,13.479999542236328,13.81999969482422,13.81999969482422,111200
2012-08-28,13.75,13.960000038146973,13.65999984741211,13.93000030517578,13.93000030517578,112600
2012-08-29,13.90999984741211,14.15999984741211,13.720000267028809,14.050000190734863,14.050000190734863,158300
2012-08-30,13.970000267028809,13.970000267028809,13.789999961853027,13.84000015258789,13.84000015258789,108900
2012-08-31,13.970000267028809,14.239999771118164,13.739999771118164,14.119999885559082,14.119999885559082,129600
2012-09-04,14.100000381469728,14.329999923706056,13.779999732971191,14.279999732971191,14.279999732971191,275100
2012-09-05,14.1899995803833,14.279999732971191,13.93000030517578,14.210000038146973,14.210000038146973,371000
2012-09-06,14.229999542236328,14.869999885559082,14.229999542236328,14.649999618530272,14.649999618530272,337100
2012-09-07,14.75,14.760000228881836,14.470000267028809,14.699999809265137,14.699999809265137,306900
2012-09-10,14.640000343322754,15.279999732971191,14.640000343322754,15.06999969482422,15.06999969482422,197900
2012-09-11,15.09000015258789,15.359999656677246,15.0,15.270000457763672,15.270000457763672,112100
2012-09-12,15.229999542236328,15.3100004196167,14.960000038146973,15.010000228881836,15.010000228881836,247500
2012-09-13,15.0,15.479999542236328,14.859999656677246,15.050000190734863,15.050000190734863,239100
2012-09-14,15.100000381469728,15.399999618530272,15.050000190734863,15.079999923706056,15.079999923706056,177600
2012-09-17,15.0,15.119999885559082,14.9399995803833,14.989999771118164,14.989999771118164,176400
2012-09-18,15.0,15.100000381469728,14.899999618530272,15.100000381469728,15.100000381469728,198700
2012-09-19,15.09000015258789,15.479999542236328,15.050000190734863,15.390000343322754,15.390000343322754,140400
2012-09-20,15.270000457763672,15.710000038146973,15.0,15.65999984741211,15.65999984741211,113200
2012-09-21,15.869999885559082,16.06999969482422,15.5,15.739999771118164,15.739999771118164,750400
2012-09-24,15.640000343322754,15.90999984741211,15.289999961853027,15.399999618530272,15.399999618530272,203800
2012-09-25,15.489999771118164,15.970000267028809,15.239999771118164,15.289999961853027,15.289999961853027,305900
2012-09-26,15.289999961853027,15.489999771118164,15.079999923706056,15.380000114440918,15.380000114440918,137000
2012-09-27,15.5,15.770000457763672,15.279999732971191,15.600000381469728,15.600000381469728,94000
2012-09-28,15.5,15.710000038146973,15.229999542236328,15.25,15.25,134600
2012-10-01,15.34000015258789,16.200000762939453,15.229999542236328,16.110000610351562,16.110000610351562,146000
2012-10-02,16.229999542236328,16.399999618530273,15.989999771118164,16.260000228881836,16.260000228881836,169200
2012-10-03,16.270000457763672,16.420000076293945,16.0,16.079999923706055,16.079999923706055,361800
2012-10-04,16.139999389648438,16.209999084472656,16.040000915527344,16.1299991607666,16.1299991607666,111500
2012-10-05,16.190000534057617,16.43000030517578,15.829999923706056,15.850000381469728,15.850000381469728,84600
2012-10-08,15.760000228881836,16.100000381469727,15.699999809265137,15.989999771118164,15.989999771118164,36200
2012-10-09,15.90999984741211,16.09000015258789,15.270000457763672,15.369999885559082,15.369999885559082,79200
2012-10-10,15.40999984741211,15.510000228881836,15.279999732971191,15.329999923706056,15.329999923706056,28500
2012-10-11,15.449999809265137,15.739999771118164,15.1899995803833,15.260000228881836,15.260000228881836,45100
2012-10-12,15.260000228881836,15.5600004196167,15.260000228881836,15.529999732971191,15.529999732971191,54300
2012-10-15,15.5600004196167,15.84000015258789,15.489999771118164,15.81999969482422,15.81999969482422,70000
2012-10-16,15.880000114440918,15.899999618530272,15.420000076293944,15.520000457763672,15.520000457763672,110600
2012-10-17,15.529999732971191,15.699999809265137,15.300000190734863,15.579999923706056,15.579999923706056,69900
2012-10-18,15.56999969482422,15.56999969482422,14.960000038146973,15.0600004196167,15.0600004196167,182300
2012-10-19,15.0,15.119999885559082,14.859999656677246,14.869999885559082,14.869999885559082,139400
2012-10-22,14.789999961853027,15.119999885559082,14.609999656677246,14.739999771118164,14.739999771118164,111900
2012-10-23,14.640000343322754,14.779999732971191,14.359999656677246,14.380000114440918,14.380000114440918,161100
2012-10-24,14.40999984741211,14.470000267028809,13.779999732971191,13.90999984741211,13.90999984741211,284600
2012-10-25,14.010000228881836,14.170000076293944,13.970000267028809,14.149999618530272,14.149999618530272,143500
2012-10-26,14.1899995803833,14.369999885559082,13.93000030517578,14.109999656677246,14.109999656677246,259500
2012-10-31,14.25,14.529999732971191,13.5,14.149999618530272,14.149999618530272,300800
2012-11-01,14.140000343322754,14.630000114440918,13.390000343322754,13.699999809265137,13.699999809265137,562500
2012-11-02,14.06999969482422,15.369999885559082,13.920000076293944,13.949999809265137,13.949999809265137,521500
2012-11-05,13.93000030517578,14.170000076293944,13.65999984741211,13.899999618530272,13.899999618530272,337800
2012-11-06,13.920000076293944,14.100000381469728,13.760000228881836,13.899999618530272,13.899999618530272,258700
2012-11-07,13.770000457763672,13.899999618530272,13.420000076293944,13.800000190734863,13.800000190734863,230700
2012-11-08,13.770000457763672,13.920000076293944,13.520000457763672,13.520000457763672,13.520000457763672,229800
2012-11-09,13.460000038146973,13.539999961853027,13.199999809265137,13.289999961853027,13.289999961853027,177100
2012-11-12,13.350000381469728,13.520000457763672,13.039999961853027,13.25,13.25,237700
2012-11-13,12.68000030517578,13.199999809265137,12.68000030517578,12.75,12.75,336800
2012-11-14,12.8100004196167,12.989999771118164,12.260000228881836,12.40999984741211,12.40999984741211,212100
2012-11-15,12.380000114440918,12.789999961853027,12.359999656677246,12.760000228881836,12.760000228881836,232200
2012-11-16,12.699999809265137,12.880000114440918,12.550000190734863,12.779999732971191,12.779999732971191,246100
2012-11-19,12.890000343322754,13.1899995803833,12.850000381469728,13.130000114440918,13.130000114440918,138300
2012-11-20,13.109999656677246,13.220000267028809,12.739999771118164,13.149999618530272,13.149999618530272,342100
2012-11-21,13.149999618530272,13.399999618530272,13.029999732971191,13.329999923706056,13.329999923706056,132800
2012-11-23,13.390000343322754,13.5,13.369999885559082,13.43000030517578,13.43000030517578,27800
2012-11-26,13.40999984741211,13.699999809265137,13.260000228881836,13.699999809265137,13.699999809265137,83000
2012-11-27,13.649999618530272,13.850000381469728,13.510000228881836,13.6899995803833,13.6899995803833,80300
2012-11-28,13.609999656677246,13.720000267028809,13.279999732971191,13.65999984741211,13.65999984741211,72600
2012-11-29,13.75,13.90999984741211,13.489999771118164,13.630000114440918,13.630000114440918,90800
2012-11-30,13.630000114440918,13.630000114440918,13.1899995803833,13.3100004196167,13.3100004196167,390700
2012-12-03,13.350000381469728,13.460000038146973,13.119999885559082,13.270000457763672,13.270000457763672,212100
2012-12-04,13.270000457763672,13.289999961853027,13.0,13.289999961853027,13.289999961853027,260700
2012-12-05,13.31999969482422,13.609999656677246,13.18000030517578,13.460000038146973,13.460000038146973,100900
2012-12-06,13.539999961853027,13.539999961853027,13.170000076293944,13.5,13.5,125400
2012-12-07,13.550000190734863,13.6899995803833,13.369999885559082,13.609999656677246,13.609999656677246,107300
2012-12-10,13.779999732971191,13.960000038146973,13.699999809265137,13.890000343322754,13.890000343322754,150000
2012-12-11,13.949999809265137,14.1899995803833,13.420000076293944,13.600000381469728,13.600000381469728,399200
2012-12-12,13.65999984741211,13.90999984741211,13.34000015258789,13.59000015258789,13.59000015258789,530700
2012-12-13,13.5600004196167,13.760000228881836,13.199999809265137,13.449999809265137,13.449999809265137,337900
2012-12-14,13.390000343322754,13.579999923706056,13.06999969482422,13.210000038146973,13.210000038146973,451100
2012-12-17,13.220000267028809,13.56999969482422,13.130000114440918,13.489999771118164,13.489999771118164,142700
2012-12-18,13.470000267028809,13.829999923706056,13.210000038146973,13.460000038146973,13.460000038146973,707000
2012-12-19,13.420000076293944,13.789999961853027,13.420000076293944,13.59000015258789,13.59000015258789,332700
2012-12-20,13.600000381469728,13.779999732971191,13.43000030517578,13.4399995803833,13.4399995803833,269400
2012-12-21,13.359999656677246,13.359999656677246,13.15999984741211,13.329999923706056,13.329999923706056,677600
2012-12-24,13.300000190734863,13.40999984741211,13.079999923706056,13.229999542236328,13.229999542236328,94100
2012-12-26,13.229999542236328,13.279999732971191,13.039999961853027,13.109999656677246,13.109999656677246,135000
2012-12-27,13.130000114440918,13.18000030517578,12.920000076293944,13.140000343322754,13.140000343322754,214200
2012-12-28,13.0600004196167,13.4399995803833,12.989999771118164,13.239999771118164,13.239999771118164,147500
2012-12-31,13.220000267028809,13.90999984741211,13.220000267028809,13.779999732971191,13.779999732971191,121900
2013-01-02,14.010000228881836,14.399999618530272,13.960000038146973,14.100000381469728,14.100000381469728,214600
2013-01-03,14.09000015258789,14.170000076293944,13.899999618530272,13.989999771118164,13.989999771118164,139800
2013-01-04,14.079999923706056,14.220000267028809,13.90999984741211,14.15999984741211,14.15999984741211,219900
2013-01-07,14.06999969482422,14.140000343322754,13.949999809265137,14.020000457763672,14.020000457763672,162000
2013-01-08,14.050000190734863,14.239999771118164,13.90999984741211,14.020000457763672,14.020000457763672,67000
2013-01-09,14.09000015258789,14.09000015258789,13.84000015258789,13.979999542236328,13.979999542236328,99900
2013-01-10,14.010000228881836,14.239999771118164,13.899999618530272,14.079999923706056,14.079999923706056,286000
2013-01-11,13.9399995803833,14.260000228881836,13.9399995803833,14.09000015258789,14.09000015258789,123900
2013-01-14,14.100000381469728,14.420000076293944,14.100000381469728,14.329999923706056,14.329999923706056,96400
2013-01-15,14.300000190734863,14.399999618530272,14.15999984741211,14.279999732971191,14.279999732971191,199700
2013-01-16,14.220000267028809,14.3100004196167,14.020000457763672,14.0600004196167,14.0600004196167,90700
2013-01-17,14.109999656677246,14.140000343322754,13.970000267028809,14.079999923706056,14.079999923706056,74900
2013-01-18,14.0600004196167,14.239999771118164,13.960000038146973,14.199999809265137,14.199999809265137,109400
2013-01-22,14.170000076293944,14.229999542236328,14.0,14.119999885559082,14.119999885559082,147500
2013-01-23,14.109999656677246,14.210000038146973,14.020000457763672,14.100000381469728,14.100000381469728,67400
2013-01-24,14.119999885559082,14.5,14.100000381469728,14.34000015258789,14.34000015258789,311800
2013-01-25,14.40999984741211,14.640000343322754,14.329999923706056,14.609999656677246,14.609999656677246,142800
2013-01-28,14.579999923706056,14.949999809265137,14.579999923706056,14.81999969482422,14.81999969482422,173500
2013-01-29,14.84000015258789,14.93000030517578,14.710000038146973,14.760000228881836,14.760000228881836,259000
2013-01-30,14.779999732971191,14.989999771118164,14.729999542236328,14.770000457763672,14.770000457763672,211900
2013-01-31,14.729999542236328,14.869999885559082,14.630000114440918,14.729999542236328,14.729999542236328,200600
2013-02-01,14.8100004196167,14.949999809265137,14.739999771118164,14.850000381469728,14.850000381469728,151600
2013-02-04,14.5,15.239999771118164,14.5,14.960000038146973,14.960000038146973,486300
2013-02-05,15.0,15.18000030517578,14.970000267028809,15.09000015258789,15.09000015258789,203400
2013-02-06,15.039999961853027,15.359999656677246,14.979999542236328,15.18000030517578,15.18000030517578,104700
2013-02-07,15.130000114440918,15.130000114440918,14.829999923706056,14.899999618530272,14.899999618530272,123600
2013-02-08,14.93000030517578,15.199999809265137,14.90999984741211,15.039999961853027,15.039999961853027,107400
2013-02-11,15.010000228881836,15.109999656677246,14.899999618530272,15.029999732971191,15.029999732971191,72000
2013-02-12,15.09000015258789,15.300000190734863,15.09000015258789,15.199999809265137,15.199999809265137,93700
2013-02-13,15.260000228881836,15.350000381469728,15.079999923706056,15.279999732971191,15.279999732971191,95400
2013-02-14,15.25,15.739999771118164,15.25,15.510000228881836,15.510000228881836,203200
2013-02-15,15.899999618530272,16.329999923706055,15.6899995803833,16.25,16.25,332700
2013-02-19,16.200000762939453,16.25,15.800000190734863,15.880000114440918,15.880000114440918,347900
2013-02-20,15.850000381469728,15.949999809265137,15.510000228881836,15.520000457763672,15.520000457763672,140100
2013-02-21,15.489999771118164,15.529999732971191,15.34000015258789,15.43000030517578,15.43000030517578,130700
2013-02-22,15.510000228881836,16.030000686645508,15.380000114440918,16.0,16.0,287400
2013-02-25,16.0,16.34000015258789,15.920000076293944,15.989999771118164,15.989999771118164,284900
2013-02-26,15.84000015258789,16.020000457763672,15.43000030517578,16.010000228881836,16.010000228881836,295300
2013-02-27,15.93000030517578,16.040000915527344,15.489999771118164,15.859999656677246,15.859999656677246,157400
2013-02-28,15.770000457763672,16.15999984741211,15.770000457763672,15.9399995803833,15.9399995803833,94700
2013-03-01,15.789999961853027,16.25,15.760000228881836,16.18000030517578,16.18000030517578,187300
2013-03-04,16.06999969482422,16.43000030517578,15.9399995803833,16.3799991607666,16.3799991607666,132400
2013-03-05,16.40999984741211,16.969999313354492,16.40999984741211,16.84000015258789,16.84000015258789,235200
2013-03-06,17.059999465942383,17.059999465942383,16.479999542236328,16.6200008392334,16.6200008392334,197500
2013-03-07,16.59000015258789,16.950000762939453,16.5,16.950000762939453,16.950000762939453,123800
2013-03-08,17.239999771118164,18.040000915527344,16.899999618530273,17.440000534057617,17.440000534057617,165500
2013-03-11,17.34000015258789,17.34000015258789,17.09000015258789,17.270000457763672,17.270000457763672,94600
2013-03-12,17.25,17.25,16.940000534057617,17.079999923706055,17.079999923706055,77000
2013-03-13,17.09000015258789,17.15999984741211,16.8700008392334,17.09000015258789,17.09000015258789,76500
2013-03-14,17.110000610351562,17.389999389648438,16.989999771118164,17.209999084472656,17.209999084472656,81700
2013-03-15,17.25,17.389999389648438,17.040000915527344,17.34000015258789,17.34000015258789,151100
2013-03-18,17.18000030517578,17.329999923706055,16.920000076293945,17.239999771118164,17.239999771118164,67800
2013-03-19,17.229999542236328,17.329999923706055,16.920000076293945,16.969999313354492,16.969999313354492,59200
2013-03-20,16.989999771118164,16.989999771118164,16.520000457763672,16.899999618530273,16.899999618530273,135000
2013-03-21,16.850000381469727,16.940000534057617,16.729999542236328,16.860000610351562,16.860000610351562,60700
2013-03-22,16.90999984741211,17.1299991607666,16.84000015258789,17.1299991607666,17.1299991607666,75000
2013-03-25,17.010000228881836,17.079999923706055,16.770000457763672,16.959999084472656,16.959999084472656,71600
2013-03-26,17.049999237060547,17.049999237060547,16.770000457763672,16.979999542236328,16.979999542236328,46600
2013-03-27,16.829999923706055,17.06999969482422,16.5,16.940000534057617,16.940000534057617,62900
2013-03-28,17.010000228881836,17.010000228881836,16.690000534057617,16.780000686645508,16.780000686645508,61400
2013-04-01,16.809999465942383,16.809999465942383,16.280000686645508,16.459999084472656,16.459999084472656,103200
2013-04-02,16.559999465942383,16.920000076293945,16.43000030517578,16.690000534057617,16.690000534057617,85200
2013-04-03,16.670000076293945,16.68000030517578,16.280000686645508,16.290000915527344,16.290000915527344,69400
2013-04-04,16.350000381469727,16.43000030517578,16.1299991607666,16.43000030517578,16.43000030517578,39300
2013-04-05,16.139999389648438,16.469999313354492,16.100000381469727,16.239999771118164,16.239999771118164,54600
2013-04-08,16.34000015258789,16.34000015258789,15.869999885559082,16.200000762939453,16.200000762939453,119800
2013-04-09,16.280000686645508,16.440000534057617,16.110000610351562,16.270000457763672,16.270000457763672,105300
2013-04-10,16.260000228881836,16.829999923706055,16.219999313354492,16.809999465942383,16.809999465942383,105700
2013-04-11,16.760000228881836,17.149999618530273,16.760000228881836,16.950000762939453,16.950000762939453,66300
2013-04-12,16.860000610351562,16.90999984741211,16.6299991607666,16.709999084472656,16.709999084472656,44600
2013-04-15,16.68000030517578,16.68000030517578,15.9399995803833,16.100000381469727,16.100000381469727,141600
2013-04-16,16.229999542236328,16.479999542236328,16.030000686645508,16.440000534057617,16.440000534057617,65800
2013-04-17,16.280000686645508,16.290000915527344,15.880000114440918,16.110000610351562,16.110000610351562,126300
2013-04-18,16.110000610351562,16.149999618530273,15.68000030517578,15.81999969482422,15.81999969482422,41400
2013-04-19,15.81999969482422,15.859999656677246,15.699999809265137,15.770000457763672,15.770000457763672,103000
2013-04-22,15.739999771118164,15.920000076293944,15.25,15.699999809265137,15.699999809265137,45300
2013-04-23,15.720000267028809,15.970000267028809,15.699999809265137,15.960000038146973,15.960000038146973,70100
2013-04-24,15.899999618530272,16.079999923706055,15.760000228881836,16.030000686645508,16.030000686645508,180900
2013-04-25,16.1200008392334,16.729999542236328,16.1200008392334,16.56999969482422,16.56999969482422,65600
2013-04-26,16.59000015258789,16.59000015258789,16.040000915527344,16.149999618530273,16.149999618530273,99700
2013-04-29,16.15999984741211,16.270000457763672,16.06999969482422,16.200000762939453,16.200000762939453,68000
2013-04-30,16.190000534057617,16.219999313354492,16.079999923706055,16.170000076293945,16.170000076293945,51500
2013-05-01,16.06999969482422,16.06999969482422,15.619999885559082,15.670000076293944,15.670000076293944,300700
2013-05-02,15.789999961853027,16.059999465942383,15.779999732971191,15.9399995803833,15.9399995803833,94700
2013-05-03,17.100000381469727,19.780000686645508,17.100000381469727,18.979999542236328,18.979999542236328,1056800
2013-05-06,19.0,19.15999984741211,18.82999992370605,18.89999961853028,18.89999961853028,426100
2013-05-07,18.920000076293945,19.100000381469727,18.920000076293945,19.030000686645508,19.030000686645508,484500
2013-05-08,18.93000030517578,19.09000015258789,18.850000381469727,19.01000022888184,19.01000022888184,199400
2013-05-09,18.940000534057617,19.100000381469727,18.86000061035156,18.920000076293945,18.920000076293945,82500
2013-05-10,19.0,19.049999237060547,18.799999237060547,18.96999931335449,18.96999931335449,125700
2013-05-13,18.88999938964844,19.040000915527344,18.88999938964844,18.979999542236328,18.979999542236328,91000
2013-05-14,18.979999542236328,19.25,18.979999542236328,19.14999961853028,19.14999961853028,255000
2013-05-15,19.049999237060547,19.200000762939453,19.049999237060547,19.200000762939453,19.200000762939453,153000
2013-05-16,19.11000061035156,19.82999992370605,19.11000061035156,19.5,19.5,158300
2013-05-17,19.63999938964844,20.25,19.63999938964844,20.25,20.25,326100
2013-05-20,20.1200008392334,20.76000022888184,20.0,20.290000915527344,20.290000915527344,478900
2013-05-21,20.229999542236328,20.420000076293945,20.06999969482422,20.21999931335449,20.21999931335449,128000
2013-05-22,20.18000030517578,20.309999465942383,19.479999542236328,19.64999961853028,19.64999961853028,271800
2013-05-23,19.46999931335449,19.959999084472656,19.290000915527344,19.799999237060547,19.799999237060547,125600
2013-05-24,19.709999084472656,19.84000015258789,19.43000030517578,19.709999084472656,19.709999084472656,603100
2013-05-28,19.959999084472656,20.209999084472656,19.75,19.799999237060547,19.799999237060547,151500
2013-05-29,19.68000030517578,19.979999542236328,19.530000686645508,19.850000381469727,19.850000381469727,133500
2013-05-30,19.96999931335449,20.09000015258789,19.6299991607666,19.799999237060547,19.799999237060547,99800
2013-05-31,19.63999938964844,19.950000762939453,19.63999938964844,19.780000686645508,19.780000686645508,141800
2013-06-03,19.989999771118164,20.940000534057617,19.68000030517578,20.86000061035156,20.86000061035156,348200
2013-06-04,21.209999084472656,21.420000076293945,20.530000686645508,20.81999969482422,20.81999969482422,241800
2013-06-05,20.739999771118164,21.059999465942383,20.670000076293945,21.040000915527344,21.040000915527344,283700
2013-06-06,20.989999771118164,21.479999542236328,20.8700008392334,21.46999931335449,21.46999931335449,216100
2013-06-07,21.63999938964844,21.90999984741211,21.46999931335449,21.86000061035156,21.86000061035156,132100
2013-06-10,21.89999961853028,22.3700008392334,21.739999771118164,22.350000381469727,22.350000381469727,130400
2013-06-11,22.299999237060547,22.479999542236328,22.0,22.299999237060547,22.299999237060547,146400
2013-06-12,22.350000381469727,22.5,22.0,22.270000457763672,22.270000457763672,209200
2013-06-13,22.350000381469727,23.059999465942383,22.309999465942383,22.940000534057617,22.940000534057617,139500
2013-06-14,22.940000534057617,22.940000534057617,22.40999984741211,22.690000534057617,22.690000534057617,94600
2013-06-17,22.90999984741211,23.26000022888184,22.5,23.170000076293945,23.170000076293945,195200
2013-06-18,23.270000457763672,23.549999237060547,23.06999969482422,23.309999465942383,23.309999465942383,207100
2013-06-19,23.25,23.549999237060547,23.239999771118164,23.540000915527344,23.540000915527344,116300
2013-06-20,23.25,23.25,22.8700008392334,23.170000076293945,23.170000076293945,145300
2013-06-21,23.229999542236328,23.34000015258789,22.600000381469727,23.020000457763672,23.020000457763672,268500
2013-06-24,22.75,23.14999961853028,22.350000381469727,22.979999542236328,22.979999542236328,186600
2013-06-25,23.200000762939453,23.799999237060547,23.059999465942383,23.770000457763672,23.770000457763672,130400
2013-06-26,23.979999542236328,23.979999542236328,23.18000030517578,23.39999961853028,23.39999961853028,127000
2013-06-27,23.46999931335449,23.989999771118164,23.420000076293945,23.940000534057617,23.940000534057617,130700
2013-06-28,23.89999961853028,24.65999984741211,23.670000076293945,24.38999938964844,24.38999938964844,397700
2013-07-01,24.479999542236328,24.93000030517578,24.459999084472656,24.81999969482422,24.81999969482422,132900
2013-07-02,24.75,24.88999938964844,24.309999465942383,24.6299991607666,24.6299991607666,102000
2013-07-03,24.450000762939453,25.11000061035156,24.450000762939453,24.96999931335449,24.96999931335449,77300
2013-07-05,25.3700008392334,25.3700008392334,24.559999465942383,25.200000762939453,25.200000762939453,113000
2013-07-08,25.13999938964844,25.38999938964844,24.8700008392334,25.350000381469727,25.350000381469727,299600
2013-07-09,25.46999931335449,25.46999931335449,24.959999084472656,25.350000381469727,25.350000381469727,347200
2013-07-10,25.25,25.25,24.940000534057617,24.989999771118164,24.989999771118164,135200
2013-07-11,25.100000381469727,25.13999938964844,24.940000534057617,25.020000457763672,25.020000457763672,201300
2013-07-12,24.93000030517578,25.190000534057617,24.770000457763672,25.01000022888184,25.01000022888184,141200
2013-07-15,24.93000030517578,25.14999961853028,24.690000534057617,25.0,25.0,175200
2013-07-16,25.100000381469727,25.31999969482422,24.989999771118164,25.31999969482422,25.31999969482422,310000
2013-07-17,25.51000022888184,26.25,25.299999237060547,26.21999931335449,26.21999931335449,142400
2013-07-18,26.36000061035156,26.96999931335449,26.06999969482422,26.18000030517578,26.18000030517578,157400
2013-07-19,26.09000015258789,26.84000015258789,26.09000015258789,26.739999771118164,26.739999771118164,153800
2013-07-22,26.68000030517578,26.950000762939453,26.530000686645508,26.81999969482422,26.81999969482422,92900
2013-07-23,26.86000061035156,26.920000076293945,25.8799991607666,26.459999084472656,26.459999084472656,178500
2013-07-24,26.63999938964844,26.950000762939453,26.059999465942383,26.32999992370605,26.32999992370605,150300
2013-07-25,26.25,28.170000076293945,26.1200008392334,28.170000076293945,28.170000076293945,371300
2013-07-26,28.14999961853028,29.13999938964844,28.14999961853028,28.64999961853028,28.64999961853028,292900
2013-07-29,28.540000915527344,28.979999542236328,28.21999931335449,28.420000076293945,28.420000076293945,185600
2013-07-30,28.479999542236328,29.68000030517578,28.479999542236328,29.07999992370605,29.07999992370605,244600
2013-07-31,29.239999771118164,29.51000022888184,28.93000030517578,28.959999084472656,28.959999084472656,161300
2013-08-01,29.270000457763672,29.82999992370605,28.959999084472656,29.61000061035156,29.61000061035156,158000
2013-08-02,29.540000915527344,29.770000457763672,29.200000762939453,29.31999969482422,29.31999969482422,215800
2013-08-05,29.350000381469727,29.61000061035156,29.14999961853028,29.299999237060547,29.299999237060547,232000
2013-08-06,29.280000686645508,29.46999931335449,28.799999237060547,28.940000534057617,28.940000534057617,186300
2013-08-07,28.920000076293945,29.170000076293945,28.25,28.25,28.25,246600
2013-08-08,28.489999771118164,28.82999992370605,27.989999771118164,28.40999984741211,28.40999984741211,213400
2013-08-09,28.39999961853028,28.690000534057617,28.100000381469727,28.32999992370605,28.32999992370605,149900
2013-08-12,28.14999961853028,28.850000381469727,28.14999961853028,28.739999771118164,28.739999771118164,252100
2013-08-13,28.850000381469727,29.21999931335449,28.64999961853028,29.13999938964844,29.13999938964844,168000
2013-08-14,29.049999237060547,29.309999465942383,29.049999237060547,29.14999961853028,29.14999961853028,209400
2013-08-15,28.809999465942383,29.049999237060547,28.100000381469727,28.200000762939453,28.200000762939453,188700
2013-08-16,28.07999992370605,28.65999984741211,27.670000076293945,28.600000381469727,28.600000381469727,221900
2013-08-19,28.170000076293945,28.88999938964844,28.07999992370605,28.170000076293945,28.170000076293945,113600
2013-08-20,28.299999237060547,28.71999931335449,28.229999542236328,28.530000686645508,28.530000686645508,120800
2013-08-21,28.290000915527344,28.290000915527344,27.61000061035156,27.90999984741211,27.90999984741211,153100
2013-08-22,27.89999961853028,28.459999084472656,27.6299991607666,28.299999237060547,28.299999237060547,90000
2013-08-23,28.31999969482422,28.559999465942383,28.15999984741211,28.459999084472656,28.459999084472656,89300
2013-08-26,28.43000030517578,28.63999938964844,28.13999938964844,28.239999771118164,28.239999771118164,62400
2013-08-27,27.950000762939453,28.280000686645508,27.34000015258789,27.350000381469727,27.350000381469727,97500
2013-08-28,27.309999465942383,28.31999969482422,27.280000686645508,28.09000015258789,28.09000015258789,78400
2013-08-29,28.11000061035156,28.950000762939453,28.11000061035156,28.770000457763672,28.770000457763672,110800
2013-08-30,28.729999542236328,28.729999542236328,27.93000030517578,28.489999771118164,28.489999771118164,168600
2013-09-03,28.81999969482422,29.39999961853028,28.59000015258789,29.09000015258789,29.09000015258789,210000
2013-09-04,29.15999984741211,29.71999931335449,29.15999984741211,29.32999992370605,29.32999992370605,291500
2013-09-05,29.350000381469727,29.350000381469727,28.81999969482422,28.979999542236328,28.979999542236328,262200
2013-09-06,29.020000457763672,29.270000457763672,28.68000030517578,28.809999465942383,28.809999465942383,170900
2013-09-09,28.96999931335449,28.96999931335449,27.6299991607666,27.96999931335449,27.96999931335449,869100
2013-09-10,28.239999771118164,28.450000762939453,27.799999237060547,28.209999084472656,28.209999084472656,378300
2013-09-11,28.059999465942383,28.39999961853028,27.93000030517578,28.34000015258789,28.34000015258789,302500
2013-09-12,28.32999992370605,28.61000061035156,27.940000534057617,28.11000061035156,28.11000061035156,449800
2013-09-13,28.239999771118164,28.559999465942383,27.89999961853028,28.440000534057617,28.440000534057617,120700
2013-09-16,28.299999237060547,28.88999938964844,28.290000915527344,28.75,28.75,185000
2013-09-17,28.61000061035156,29.229999542236328,28.61000061035156,29.100000381469727,29.100000381469727,149000
2013-09-18,29.170000076293945,29.86000061035156,29.14999961853028,29.790000915527344,29.790000915527344,159400
2013-09-19,29.76000022888184,29.76000022888184,29.030000686645508,29.40999984741211,29.40999984741211,146200
2013-09-20,29.440000534057617,29.56999969482422,29.15999984741211,29.39999961853028,29.39999961853028,319800
2013-09-23,29.239999771118164,29.3700008392334,28.6299991607666,28.790000915527344,28.790000915527344,161200
2013-09-24,28.75,29.459999084472656,28.68000030517578,29.1200008392334,29.1200008392334,120400
2013-09-25,29.09000015258789,29.299999237060547,28.75,28.920000076293945,28.920000076293945,81300
2013-09-26,28.93000030517578,29.39999961853028,28.780000686645508,29.07999992370605,29.07999992370605,100900
2013-09-27,28.950000762939453,29.14999961853028,28.68000030517578,28.81999969482422,28.81999969482422,97000
2013-09-30,28.420000076293945,29.15999984741211,28.350000381469727,28.96999931335449,28.96999931335449,123200
2013-10-01,28.8799991607666,29.11000061035156,28.76000022888184,29.09000015258789,29.09000015258789,141900
2013-10-02,28.709999084472656,29.040000915527344,28.34000015258789,28.700000762939453,28.700000762939453,189300
2013-10-03,28.559999465942383,28.709999084472656,28.209999084472656,28.51000022888184,28.51000022888184,140400
2013-10-04,28.450000762939453,29.059999465942383,28.350000381469727,28.82999992370605,28.82999992370605,82100
2013-10-07,28.549999237060547,28.68000030517578,28.15999984741211,28.3700008392334,28.3700008392334,153600
2013-10-08,28.290000915527344,28.76000022888184,27.8700008392334,28.020000457763672,28.020000457763672,301100
2013-10-09,28.13999938964844,28.170000076293945,27.450000762939453,28.049999237060547,28.049999237060547,196800
2013-10-10,28.3799991607666,28.8799991607666,28.1200008392334,28.36000061035156,28.36000061035156,151400
2013-10-11,28.239999771118164,29.07999992370605,28.0,28.790000915527344,28.790000915527344,142800
2013-10-14,28.6200008392334,29.040000915527344,28.40999984741211,28.90999984741211,28.90999984741211,158300
2013-10-15,28.82999992370605,29.26000022888184,28.709999084472656,28.799999237060547,28.799999237060547,150700
2013-10-16,29.09000015258789,29.14999961853028,28.559999465942383,28.89999961853028,28.89999961853028,133400
2013-10-17,28.799999237060547,28.8799991607666,28.239999771118164,28.489999771118164,28.489999771118164,157500
2013-10-18,28.790000915527344,28.950000762939453,27.920000076293945,28.670000076293945,28.670000076293945,215400
2013-10-21,28.600000381469727,28.989999771118164,28.600000381469727,28.799999237060547,28.799999237060547,119600
2013-10-22,28.90999984741211,28.979999542236328,27.299999237060547,28.790000915527344,28.790000915527344,103900
2013-10-23,28.540000915527344,28.959999084472656,28.270000457763672,28.89999961853028,28.89999961853028,123500
2013-10-24,28.790000915527344,28.90999984741211,28.489999771118164,28.61000061035156,28.61000061035156,108100
2013-10-25,28.71999931335449,28.71999931335449,27.440000534057617,27.96999931335449,27.96999931335449,225400
2013-10-28,28.030000686645508,28.100000381469727,27.57999992370605,28.040000915527344,28.040000915527344,231800
2013-10-29,29.100000381469727,29.100000381469727,26.6200008392334,27.32999992370605,27.32999992370605,312000
2013-10-30,27.34000015258789,27.75,26.440000534057617,26.979999542236328,26.979999542236328,291100
2013-10-31,26.8799991607666,27.01000022888184,26.280000686645508,26.71999931335449,26.71999931335449,267200
2013-11-01,26.65999984741211,26.780000686645508,26.06999969482422,26.209999084472656,26.209999084472656,313000
2013-11-04,26.239999771118164,27.059999465942383,26.09000015258789,26.59000015258789,26.59000015258789,206400
2013-11-05,26.459999084472656,26.76000022888184,25.940000534057617,26.270000457763672,26.270000457763672,178400
2013-11-06,26.3700008392334,26.770000457763672,25.93000030517578,26.600000381469727,26.600000381469727,129200
2013-11-07,26.81999969482422,26.8799991607666,26.3799991607666,26.540000915527344,26.540000915527344,159200
2013-11-08,26.5,27.420000076293945,26.5,27.280000686645508,27.280000686645508,218800
2013-11-11,27.200000762939453,27.89999961853028,27.020000457763672,27.850000381469727,27.850000381469727,152500
2013-11-12,27.809999465942383,28.450000762939453,27.56999969482422,28.0,28.0,235300
2013-11-13,27.8799991607666,28.32999992370605,27.56999969482422,28.309999465942383,28.309999465942383,237000
2013-11-14,28.229999542236328,28.450000762939453,27.920000076293945,28.270000457763672,28.270000457763672,119900
2013-11-15,28.229999542236328,28.46999931335449,27.559999465942383,27.68000030517578,27.68000030517578,169700
2013-11-18,27.700000762939453,27.940000534057617,27.020000457763672,27.1299991607666,27.1299991607666,171400
2013-11-19,27.190000534057617,27.540000915527344,26.76000022888184,26.96999931335449,26.96999931335449,135500
2013-11-20,27.059999465942383,27.270000457763672,26.190000534057617,26.5,26.5,180300
2013-11-21,26.540000915527344,27.3799991607666,26.520000457763672,27.01000022888184,27.01000022888184,160000
2013-11-22,27.049999237060547,27.350000381469727,26.65999984741211,26.979999542236328,26.979999542236328,136600
2013-11-25,27.0,27.0,26.540000915527344,26.64999961853028,26.64999961853028,117100
2013-11-26,26.61000061035156,26.88999938964844,26.25,26.84000015258789,26.84000015258789,148500
2013-11-27,26.780000686645508,27.0,26.549999237060547,26.88999938964844,26.88999938964844,66200
2013-11-29,27.07999992370605,27.420000076293945,26.979999542236328,27.209999084472656,27.209999084472656,46900
2013-12-02,27.06999969482422,27.100000381469727,26.049999237060547,26.76000022888184,26.76000022888184,139500
2013-12-03,26.63999938964844,26.989999771118164,26.63999938964844,26.89999961853028,26.89999961853028,197900
2013-12-04,26.780000686645508,27.020000457763672,26.450000762939453,26.84000015258789,26.84000015258789,98900
2013-12-05,26.739999771118164,26.920000076293945,25.709999084472656,25.82999992370605,25.82999992370605,242100
2013-12-06,25.920000076293945,26.25,25.809999465942383,26.15999984741211,26.15999984741211,111700
2013-12-09,26.15999984741211,26.3799991607666,25.850000381469727,26.100000381469727,26.100000381469727,211100
2013-12-10,26.09000015258789,26.530000686645508,26.06999969482422,26.18000030517578,26.18000030517578,196000
2013-12-11,26.280000686645508,26.40999984741211,25.989999771118164,26.15999984741211,26.15999984741211,137000
2013-12-12,26.100000381469727,26.3799991607666,25.709999084472656,26.020000457763672,26.020000457763672,107700
2013-12-13,26.1200008392334,26.43000030517578,25.96999931335449,26.25,26.25,118100
2013-12-16,26.280000686645508,26.56999969482422,26.07999992370605,26.39999961853028,26.39999961853028,100700
2013-12-17,26.39999961853028,26.489999771118164,25.93000030517578,26.049999237060547,26.049999237060547,191100
2013-12-18,26.01000022888184,26.32999992370605,25.790000915527344,26.290000915527344,26.290000915527344,119600
2013-12-19,26.270000457763672,26.270000457763672,25.96999931335449,26.01000022888184,26.01000022888184,110800
2013-12-20,26.1299991607666,27.6299991607666,26.1200008392334,27.520000457763672,27.520000457763672,484700
2013-12-23,27.549999237060547,28.06999969482422,27.549999237060547,28.01000022888184,28.01000022888184,134900
2013-12-24,27.959999084472656,28.64999961853028,27.959999084472656,28.540000915527344,28.540000915527344,87100
2013-12-26,28.59000015258789,28.6299991607666,28.200000762939453,28.5,28.5,129900
2013-12-27,28.6200008392334,28.6200008392334,28.25,28.56999969482422,28.56999969482422,110400
2013-12-30,28.479999542236328,29.09000015258789,28.290000915527344,28.559999465942383,28.559999465942383,135000
2013-12-31,28.459999084472656,28.8700008392334,28.40999984741211,28.61000061035156,28.61000061035156,122400
2014-01-02,28.46999931335449,28.59000015258789,27.850000381469727,28.280000686645508,28.280000686645508,178800
2014-01-03,28.299999237060547,28.82999992370605,28.15999984741211,28.57999992370605,28.57999992370605,122900
2014-01-06,28.600000381469727,28.670000076293945,28.100000381469727,28.420000076293945,28.420000076293945,162400
2014-01-07,28.479999542236328,28.989999771118164,28.270000457763672,28.71999931335449,28.71999931335449,181500
2014-01-08,28.709999084472656,28.90999984741211,28.229999542236328,28.64999961853028,28.64999961853028,297500
2014-01-09,28.690000534057617,28.90999984741211,28.5,28.8700008392334,28.8700008392334,134700
2014-01-10,28.93000030517578,29.32999992370605,28.6299991607666,29.040000915527344,29.040000915527344,254800
2014-01-13,28.81999969482422,28.96999931335449,27.799999237060547,28.020000457763672,28.020000457763672,194200
2014-01-14,28.0,28.549999237060547,27.790000915527344,28.13999938964844,28.13999938964844,169300
2014-01-15,28.100000381469727,28.14999961853028,27.709999084472656,27.989999771118164,27.989999771118164,125500
2014-01-16,27.940000534057617,28.06999969482422,27.76000022888184,27.989999771118164,27.989999771118164,99300
2014-01-17,27.989999771118164,28.020000457763672,27.670000076293945,27.950000762939453,27.950000762939453,168100
2014-01-21,28.06999969482422,28.14999961853028,27.559999465942383,27.959999084472656,27.959999084472656,131700
2014-01-22,27.809999465942383,28.1299991607666,27.6299991607666,28.1299991607666,28.1299991607666,172200
2014-01-23,28.059999465942383,28.1299991607666,27.540000915527344,28.100000381469727,28.100000381469727,192100
2014-01-24,27.8799991607666,28.040000915527344,27.51000022888184,27.88999938964844,27.88999938964844,155600
2014-01-27,28.3799991607666,28.3799991607666,27.440000534057617,27.440000534057617,27.440000534057617,179200
2014-01-28,27.549999237060547,27.93000030517578,27.38999938964844,27.76000022888184,27.76000022888184,168100
2014-01-29,27.56999969482422,27.82999992370605,26.979999542236328,26.989999771118164,26.989999771118164,215500
2014-01-30,27.11000061035156,27.959999084472656,27.11000061035156,27.6200008392334,27.6200008392334,125200
2014-01-31,27.1299991607666,27.76000022888184,27.059999465942383,27.40999984741211,27.40999984741211,122800
2014-02-03,27.34000015258789,27.770000457763672,26.030000686645508,26.59000015258789,26.59000015258789,225500
2014-02-04,26.65999984741211,27.200000762939453,26.350000381469727,26.57999992370605,26.57999992370605,130800
2014-02-05,26.479999542236328,26.8799991607666,25.979999542236328,26.6299991607666,26.6299991607666,208000
2014-02-06,26.690000534057617,27.299999237060547,26.690000534057617,27.15999984741211,27.15999984741211,148500
2014-02-07,27.190000534057617,27.64999961853028,27.020000457763672,27.51000022888184,27.51000022888184,207700
2014-02-10,27.420000076293945,27.979999542236328,27.200000762939453,27.799999237060547,27.799999237060547,219200
2014-02-11,30.96999931335449,31.25,29.100000381469727,31.0,31.0,1728400
2014-02-12,31.809999465942383,31.89999961853028,30.3799991607666,30.75,30.75,671600
2014-02-13,30.43000030517578,31.25,30.3799991607666,31.18000030517578,31.18000030517578,429400
2014-02-14,31.0,31.200000762939453,30.709999084472656,31.13999938964844,31.13999938964844,1032200
2014-02-18,31.239999771118164,31.93000030517578,31.040000915527344,31.86000061035156,31.86000061035156,347300
2014-02-19,31.920000076293945,32.040000915527344,31.540000915527344,31.8799991607666,31.8799991607666,270200
2014-02-20,31.850000381469727,32.08000183105469,31.739999771118164,31.979999542236328,31.979999542236328,288000
2014-02-21,32.150001525878906,32.72999954223633,31.729999542236328,32.47999954223633,32.47999954223633,301900
2014-02-24,32.33000183105469,32.619998931884766,32.0,32.310001373291016,32.310001373291016,245400
2014-02-25,32.31999969482422,32.70000076293945,32.02000045776367,32.45000076293945,32.45000076293945,146700
2014-02-26,32.5,33.119998931884766,32.380001068115234,32.59000015258789,32.59000015258789,181200
2014-02-27,32.439998626708984,32.59000015258789,32.02000045776367,32.290000915527344,32.290000915527344,317100
2014-02-28,32.369998931884766,32.43000030517578,31.200000762939453,31.6200008392334,31.6200008392334,372800
2014-03-03,31.170000076293945,31.75,30.729999542236328,31.489999771118164,31.489999771118164,193800
2014-03-04,31.86000061035156,32.90999984741211,31.540000915527344,32.279998779296875,32.279998779296875,361700
2014-03-05,32.150001525878906,32.27000045776367,31.670000076293945,31.940000534057617,31.940000534057617,382400
2014-03-06,31.940000534057617,31.979999542236328,31.18000030517578,31.440000534057617,31.440000534057617,344300
2014-03-07,31.6299991607666,32.08000183105469,31.15999984741211,31.979999542236328,31.979999542236328,215900
2014-03-10,31.809999465942383,32.189998626708984,31.809999465942383,32.0,32.0,243500
2014-03-11,32.119998931884766,32.29999923706055,31.229999542236328,31.440000534057617,31.440000534057617,172800
2014-03-12,31.209999084472656,31.709999084472656,31.059999465942383,31.6200008392334,31.6200008392334,158200
2014-03-13,31.809999465942383,32.209999084472656,30.61000061035156,30.850000381469727,30.850000381469727,166700
2014-03-14,30.61000061035156,31.18000030517578,30.540000915527344,30.920000076293945,30.920000076293945,169500
2014-03-17,31.07999992370605,31.39999961853028,30.86000061035156,31.200000762939453,31.200000762939453,215600
2014-03-18,31.299999237060547,31.93000030517578,31.200000762939453,31.709999084472656,31.709999084472656,190300
2014-03-19,31.709999084472656,31.709999084472656,30.940000534057617,31.21999931335449,31.21999931335449,164200
2014-03-20,31.93000030517578,33.25,31.540000915527344,33.11000061035156,33.11000061035156,470200
2014-03-21,33.349998474121094,33.790000915527344,33.0099983215332,33.619998931884766,33.619998931884766,702100
2014-03-24,33.779998779296875,34.11000061035156,32.7400016784668,33.15999984741211,33.15999984741211,644800
2014-03-25,33.369998931884766,33.630001068115234,32.88999938964844,33.060001373291016,33.060001373291016,284000
2014-03-26,33.22999954223633,33.58000183105469,32.52000045776367,32.58000183105469,32.58000183105469,197100
2014-03-27,32.5,32.83000183105469,31.81999969482422,32.59000015258789,32.59000015258789,225400
2014-03-28,32.560001373291016,33.279998779296875,32.45000076293945,32.970001220703125,32.970001220703125,211300
2014-03-31,33.099998474121094,33.31999969482422,32.54999923706055,32.790000915527344,32.790000915527344,291800
2014-04-01,32.880001068115234,33.040000915527344,32.400001525878906,32.7400016784668,32.7400016784668,251400
2014-04-02,32.7599983215332,32.7599983215332,32.0099983215332,32.47999954223633,32.47999954223633,397200
2014-04-03,32.45000076293945,32.709999084472656,31.89999961853028,32.20000076293945,32.20000076293945,190000
2014-04-04,32.5,32.58000183105469,31.290000915527344,31.61000061035156,31.61000061035156,296900
2014-04-07,31.420000076293945,32.02000045776367,31.1200008392334,31.600000381469727,31.600000381469727,298400
2014-04-08,31.559999465942383,32.400001525878906,31.559999465942383,31.920000076293945,31.920000076293945,329000
2014-04-09,31.920000076293945,32.29999923706055,31.670000076293945,31.989999771118164,31.989999771118164,337000
2014-04-10,31.989999771118164,32.0,30.38999938964844,30.600000381469727,30.600000381469727,249700
2014-04-11,30.290000915527344,30.540000915527344,29.5,29.739999771118164,29.739999771118164,195200
2014-04-14,30.0,30.100000381469727,29.059999465942383,29.280000686645508,29.280000686645508,156800
2014-04-15,29.46999931335449,29.46999931335449,28.25,29.170000076293945,29.170000076293945,260700
2014-04-16,29.479999542236328,30.479999542236328,28.81999969482422,29.46999931335449,29.46999931335449,111100
2014-04-17,29.43000030517578,29.82999992370605,29.18000030517578,29.420000076293945,29.420000076293945,108600
2014-04-21,29.43000030517578,30.030000686645508,29.14999961853028,29.8799991607666,29.8799991607666,176600
2014-04-22,29.920000076293945,30.64999961853028,29.920000076293945,30.299999237060547,30.299999237060547,128700
2014-04-23,30.280000686645508,30.8799991607666,30.1200008392334,30.51000022888184,30.51000022888184,186200
2014-04-24,30.739999771118164,30.799999237060547,30.07999992370605,30.34000015258789,30.34000015258789,237100
2014-04-25,30.209999084472656,30.40999984741211,29.40999984741211,29.530000686645508,29.530000686645508,232900
2014-04-28,29.479999542236328,29.850000381469727,27.40999984741211,28.020000457763672,28.020000457763672,324600
2014-04-29,28.93000030517578,31.489999771118164,28.920000076293945,30.82999992370605,30.82999992370605,544000
2014-04-30,30.76000022888184,31.459999084472656,30.0,31.32999992370605,31.32999992370605,346100
2014-05-01,31.190000534057617,32.25,30.96999931335449,31.6299991607666,31.6299991607666,390900
2014-05-02,31.81999969482422,32.25,31.530000686645508,31.82999992370605,31.82999992370605,184700
2014-05-05,31.709999084472656,32.459999084472656,31.530000686645508,32.08000183105469,32.08000183105469,204900
2014-05-06,32.0,32.16999816894531,31.209999084472656,31.56999969482422,31.56999969482422,218600
2014-05-07,31.479999542236328,31.729999542236328,30.790000915527344,31.1200008392334,31.1200008392334,269900
2014-05-08,30.959999084472656,31.920000076293945,30.6299991607666,30.959999084472656,30.959999084472656,299700
2014-05-09,30.76000022888184,31.450000762939453,30.39999961853028,31.36000061035156,31.36000061035156,233300
2014-05-12,31.38999938964844,32.58000183105469,31.38999938964844,32.4900016784668,32.4900016784668,298300
2014-05-13,32.5099983215332,32.5099983215332,31.59000015258789,31.809999465942383,31.809999465942383,202100
2014-05-14,31.770000457763672,32.36000061035156,31.100000381469727,31.190000534057617,31.190000534057617,208100
2014-05-15,30.940000534057617,32.13999938964844,30.350000381469727,30.82999992370605,30.82999992370605,170600
2014-05-16,30.81999969482422,31.200000762939453,30.309999465942383,30.920000076293945,30.920000076293945,132800
2014-05-19,30.71999931335449,31.309999465942383,30.700000762939453,31.059999465942383,31.059999465942383,132900
2014-05-20,30.96999931335449,31.31999969482422,30.36000061035156,30.8799991607666,30.8799991607666,229300
2014-05-21,30.959999084472656,31.18000030517578,30.3700008392334,30.84000015258789,30.84000015258789,104300
2014-05-22,31.059999465942383,31.739999771118164,31.01000022888184,31.6200008392334,31.6200008392334,151900
2014-05-23,31.690000534057617,32.56999969482422,31.479999542236328,32.560001373291016,32.560001373291016,134700
2014-05-27,32.7400016784668,32.7400016784668,32.06999969482422,32.34000015258789,32.34000015258789,152900
2014-05-28,32.31999969482422,32.4900016784668,32.0,32.34000015258789,32.34000015258789,103200
2014-05-29,32.349998474121094,32.400001525878906,31.600000381469727,31.76000022888184,31.76000022888184,97900
2014-05-30,31.850000381469727,31.850000381469727,30.920000076293945,31.229999542236328,31.229999542236328,127800
2014-06-02,31.26000022888184,31.530000686645508,30.46999931335449,30.71999931335449,30.71999931335449,116600
2014-06-03,30.76000022888184,30.950000762939453,30.239999771118164,30.68000030517578,30.68000030517578,172400
2014-06-04,30.46999931335449,31.290000915527344,30.209999084472656,31.21999931335449,31.21999931335449,154000
2014-06-05,31.36000061035156,32.33000183105469,31.13999938964844,32.31999969482422,32.31999969482422,142400
2014-06-06,32.52000045776367,33.34000015258789,32.119998931884766,33.34000015258789,33.34000015258789,321500
2014-06-09,33.43000030517578,34.5,33.43000030517578,34.22999954223633,34.22999954223633,599100
2014-06-10,34.31999969482422,35.0,34.310001373291016,34.779998779296875,34.779998779296875,273600
2014-06-11,34.560001373291016,35.02000045776367,34.349998474121094,34.869998931884766,34.869998931884766,238200
2014-06-12,34.849998474121094,35.20000076293945,34.58000183105469,34.81999969482422,34.81999969482422,310100
2014-06-13,35.0099983215332,35.130001068115234,34.5099983215332,35.099998474121094,35.099998474121094,152400
2014-06-16,34.959999084472656,35.15999984741211,34.810001373291016,35.02000045776367,35.02000045776367,343100
2014-06-17,34.959999084472656,35.150001525878906,34.58000183105469,34.900001525878906,34.900001525878906,327200
2014-06-18,34.81999969482422,35.29999923706055,34.81999969482422,35.029998779296875,35.029998779296875,137600
2014-06-19,35.06999969482422,35.619998931884766,34.91999816894531,35.22999954223633,35.22999954223633,113800
2014-06-20,35.380001068115234,35.9900016784668,34.970001220703125,35.95000076293945,35.95000076293945,334200
2014-06-23,35.959999084472656,36.130001068115234,35.63999938964844,35.959999084472656,35.959999084472656,126000
2014-06-24,35.779998779296875,36.22999954223633,35.25,35.25,35.25,275600
2014-06-25,35.029998779296875,35.4900016784668,35.0,35.220001220703125,35.220001220703125,211200
2014-06-26,35.31999969482422,35.61000061035156,34.689998626708984,35.15999984741211,35.15999984741211,233800
2014-06-27,35.0,35.47999954223633,34.810001373291016,35.34000015258789,35.34000015258789,548700
2014-06-30,35.29999923706055,35.709999084472656,35.189998626708984,35.47999954223633,35.47999954223633,169700
2014-07-01,37.18999862670898,37.56999969482422,36.68000030517578,37.45000076293945,37.45000076293945,419100
2014-07-02,37.5,38.27999877929688,37.5,37.97999954223633,37.97999954223633,366200
2014-07-03,38.22999954223633,38.97999954223633,37.65999984741211,38.77999877929688,38.77999877929688,151300
2014-07-07,38.5,38.81999969482422,37.54999923706055,37.65999984741211,37.65999984741211,178700
2014-07-08,37.619998931884766,37.619998931884766,36.11000061035156,37.0,37.0,344800
2014-07-09,37.0099983215332,37.400001525878906,36.56999969482422,37.18000030517578,37.18000030517578,269600
2014-07-10,36.470001220703125,37.06999969482422,36.34000015258789,36.869998931884766,36.869998931884766,163200
2014-07-11,36.84000015258789,37.02000045776367,36.34999847412109,36.81999969482422,36.81999969482422,140700
2014-07-14,37.2400016784668,37.47999954223633,36.9900016784668,37.150001525878906,37.150001525878906,140600
2014-07-15,37.040000915527344,37.25,36.54999923706055,37.0,37.0,165200
2014-07-16,37.13999938964844,37.27999877929688,36.63999938964844,36.810001373291016,36.810001373291016,150800
2014-07-17,36.68000030517578,37.02000045776367,35.97999954223633,36.220001220703125,36.220001220703125,237800
2014-07-18,36.220001220703125,37.060001373291016,36.11000061035156,37.0099983215332,37.0099983215332,191800
2014-07-21,36.72999954223633,37.31999969482422,36.63999938964844,36.970001220703125,36.970001220703125,141100
2014-07-22,37.27999877929688,37.52000045776367,36.95000076293945,37.22999954223633,37.22999954223633,199400
2014-07-23,37.209999084472656,37.209999084472656,36.650001525878906,36.77000045776367,36.77000045776367,144000
2014-07-24,36.93000030517578,37.72999954223633,36.59000015258789,37.08000183105469,37.08000183105469,206500
2014-07-25,36.709999084472656,37.18000030517578,36.66999816894531,36.93000030517578,36.93000030517578,188200
2014-07-28,37.0,37.18999862670898,36.68000030517578,36.86000061035156,36.86000061035156,185400
2014-07-29,37.0,37.369998931884766,36.70000076293945,37.040000915527344,37.040000915527344,175500
2014-07-30,37.27999877929688,37.52000045776367,36.880001068115234,37.40999984741211,37.40999984741211,151900
2014-07-31,37.16999816894531,37.290000915527344,36.13999938964844,36.18999862670898,36.18999862670898,222500
2014-08-01,36.209999084472656,36.400001525878906,35.380001068115234,36.209999084472656,36.209999084472656,235100
2014-08-04,36.459999084472656,37.45000076293945,36.220001220703125,37.2400016784668,37.2400016784668,302900
2014-08-05,38.2599983215332,39.77999877929688,36.90999984741211,37.720001220703125,37.720001220703125,341700
2014-08-06,37.36000061035156,37.7400016784668,36.560001373291016,37.119998931884766,37.119998931884766,346500
2014-08-07,37.16999816894531,37.16999816894531,36.310001373291016,36.79999923706055,36.79999923706055,270500
2014-08-08,36.81999969482422,37.04999923706055,36.0099983215332,36.790000915527344,36.790000915527344,387300
2014-08-11,36.84999847412109,37.5099983215332,36.5099983215332,37.20000076293945,37.20000076293945,260900
2014-08-12,37.11000061035156,37.16999816894531,36.09000015258789,36.59000015258789,36.59000015258789,332800
2014-08-13,36.630001068115234,37.7400016784668,36.33000183105469,37.7400016784668,37.7400016784668,168800
2014-08-14,37.77999877929688,38.84999847412109,37.77000045776367,38.66999816894531,38.66999816894531,262200
2014-08-15,39.060001373291016,39.31999969482422,38.66999816894531,39.18999862670898,39.18999862670898,347900
2014-08-18,39.40999984741211,39.63999938964844,39.11000061035156,39.43000030517578,39.43000030517578,204600
2014-08-19,39.31999969482422,39.70000076293945,39.18000030517578,39.43000030517578,39.43000030517578,207200
2014-08-20,39.25,39.25,38.22999954223633,38.40999984741211,38.40999984741211,155900
2014-08-21,38.4900016784668,38.68999862670898,37.810001373291016,38.5,38.5,95500
2014-08-22,38.36000061035156,39.25,38.040000915527344,38.720001220703125,38.720001220703125,137600
2014-08-25,38.959999084472656,38.970001220703125,38.150001525878906,38.34999847412109,38.34999847412109,91500
2014-08-26,38.34999847412109,38.88999938964844,38.11000061035156,38.56999969482422,38.56999969482422,129600
2014-08-27,38.61000061035156,39.0,38.2599983215332,38.65999984741211,38.65999984741211,93300
2014-08-28,38.4900016784668,38.58000183105469,38.150001525878906,38.2599983215332,38.2599983215332,85400
2014-08-29,38.2599983215332,38.540000915527344,37.90999984741211,38.310001373291016,38.310001373291016,111900
2014-09-02,38.27999877929688,39.4900016784668,38.0099983215332,39.310001373291016,39.310001373291016,165800
2014-09-03,39.400001525878906,39.5,38.869998931884766,39.209999084472656,39.209999084472656,174800
2014-09-04,39.119998931884766,39.31999969482422,38.54999923706055,38.709999084472656,38.709999084472656,182800
2014-09-05,38.59000015258789,38.90999984741211,38.209999084472656,38.56999969482422,38.56999969482422,115200
2014-09-08,38.61000061035156,39.08000183105469,38.41999816894531,38.93000030517578,38.93000030517578,101200
2014-09-09,38.93000030517578,38.93000030517578,38.43000030517578,38.59999847412109,38.59999847412109,136300
2014-09-10,38.43000030517578,38.83000183105469,37.959999084472656,38.33000183105469,38.33000183105469,182000
2014-09-11,38.04999923706055,38.93000030517578,38.04999923706055,38.77999877929688,38.77999877929688,158600
2014-09-12,38.869998931884766,39.43999862670898,38.54999923706055,39.34000015258789,39.34000015258789,214400
2014-09-15,39.220001220703125,39.36000061035156,38.27000045776367,38.47999954223633,38.47999954223633,151500
2014-09-16,38.34999847412109,38.84999847412109,38.08000183105469,38.709999084472656,38.709999084472656,156500
2014-09-17,38.790000915527344,38.95000076293945,38.38999938964844,38.61000061035156,38.61000061035156,117000
2014-09-18,38.77000045776367,39.060001373291016,38.470001220703125,38.91999816894531,38.91999816894531,86500
2014-09-19,38.959999084472656,38.959999084472656,37.650001525878906,38.369998931884766,38.369998931884766,477300
2014-09-22,38.09000015258789,38.15999984741211,37.4900016784668,37.70000076293945,37.70000076293945,114900
2014-09-23,37.43000030517578,37.880001068115234,37.0099983215332,37.2400016784668,37.2400016784668,220200
2014-09-24,37.13999938964844,37.900001525878906,36.7599983215332,37.7599983215332,37.7599983215332,145500
2014-09-25,37.77999877929688,37.77999877929688,36.5099983215332,37.130001068115234,37.130001068115234,224400
2014-09-26,37.369998931884766,37.91999816894531,37.18999862670898,37.459999084472656,37.459999084472656,86500
2014-09-29,36.83000183105469,37.63999938964844,36.83000183105469,37.209999084472656,37.209999084472656,137500
2014-09-30,37.209999084472656,37.31999969482422,36.34000015258789,36.40999984741211,36.40999984741211,268100
2014-10-01,36.470001220703125,36.810001373291016,35.279998779296875,35.72999954223633,35.72999954223633,221400
2014-10-02,35.68000030517578,36.93999862670898,35.45000076293945,36.52000045776367,36.52000045776367,204900
2014-10-03,36.790000915527344,37.5,36.58000183105469,36.59999847412109,36.59999847412109,98300
2014-10-06,36.65999984741211,37.08000183105469,36.22999954223633,36.560001373291016,36.560001373291016,120800
2014-10-07,36.310001373291016,36.54999923706055,35.63999938964844,35.65999984741211,35.65999984741211,98400
2014-10-08,35.68000030517578,37.22999954223633,35.650001525878906,37.119998931884766,37.119998931884766,227700
2014-10-09,36.9900016784668,37.45000076293945,35.83000183105469,35.86000061035156,35.86000061035156,210400
2014-10-10,35.720001220703125,36.43000030517578,35.029998779296875,36.0,36.0,267400
2014-10-13,35.91999816894531,37.130001068115234,35.66999816894531,35.970001220703125,35.970001220703125,341800
2014-10-14,36.470001220703125,37.45000076293945,36.290000915527344,36.9900016784668,36.9900016784668,361200
2014-10-15,36.5,37.56999969482422,36.04999923706055,37.47999954223633,37.47999954223633,263200
2014-10-16,36.91999816894531,37.27000045776367,36.34999847412109,36.959999084472656,36.959999084472656,172500
2014-10-17,37.5099983215332,37.52000045776367,36.650001525878906,36.970001220703125,36.970001220703125,139800
2014-10-20,36.810001373291016,37.75,36.810001373291016,37.650001525878906,37.650001525878906,144500
2014-10-21,37.77000045776367,38.5,37.45000076293945,38.09999847412109,38.09999847412109,193100
2014-10-22,38.08000183105469,38.16999816894531,37.040000915527344,37.08000183105469,37.08000183105469,202900
2014-10-23,37.59999847412109,38.56999969482422,37.45000076293945,37.84000015258789,37.84000015258789,211400
2014-10-24,37.95000076293945,38.34000015258789,37.5099983215332,38.220001220703125,38.220001220703125,109300
2014-10-27,38.400001525878906,39.58000183105469,37.970001220703125,39.380001068115234,39.380001068115234,429900
2014-10-28,39.40999984741211,40.209999084472656,37.54999923706055,38.75,38.75,635500
2014-10-29,38.75,40.709999084472656,38.15999984741211,40.43999862670898,40.43999862670898,599100
2014-10-30,40.13999938964844,41.970001220703125,40.13999938964844,41.75,41.75,332500
2014-10-31,42.7599983215332,43.15999984741211,41.63999938964844,42.13999938964844,42.13999938964844,329100
2014-11-03,42.25,42.34000015258789,41.619998931884766,41.75,41.75,180200
2014-11-04,41.290000915527344,42.29999923706055,41.09999847412109,42.09999847412109,42.09999847412109,163700
2014-11-05,42.29999923706055,43.52999877929688,42.29999923706055,42.84000015258789,42.84000015258789,340500
2014-11-06,42.9900016784668,43.18000030517578,42.400001525878906,42.97999954223633,42.97999954223633,123800
2014-11-07,42.97999954223633,42.97999954223633,42.36000061035156,42.91999816894531,42.91999816894531,157700
2014-11-10,43.0,43.43000030517578,42.84000015258789,43.27000045776367,43.27000045776367,267400
2014-11-11,43.34000015258789,43.65999984741211,43.06999969482422,43.22999954223633,43.22999954223633,129900
2014-11-12,42.95000076293945,43.72999954223633,42.91999816894531,43.459999084472656,43.459999084472656,181200
2014-11-13,43.43999862670898,43.59000015258789,42.619998931884766,42.91999816894531,42.91999816894531,203900
2014-11-14,43.040000915527344,43.54999923706055,42.7400016784668,43.09999847412109,43.09999847412109,161000
2014-11-17,43.11000061035156,43.84000015258789,43.04999923706055,43.54999923706055,43.54999923706055,246900
2014-11-18,43.709999084472656,44.59000015258789,43.560001373291016,44.15999984741211,44.15999984741211,283400
2014-11-19,43.90999984741211,44.16999816894531,42.79999923706055,42.970001220703125,42.970001220703125,322500
2014-11-20,42.790000915527344,43.5099983215332,42.63999938964844,43.13999938964844,43.13999938964844,157300
2014-11-21,43.72999954223633,43.90999984741211,42.380001068115234,42.4900016784668,42.4900016784668,153100
2014-11-24,42.38999938964844,43.52000045776367,42.380001068115234,43.400001525878906,43.400001525878906,174300
2014-11-25,43.560001373291016,43.7400016784668,42.59000015258789,43.54999923706055,43.54999923706055,176500
2014-11-26,43.58000183105469,44.470001220703125,43.58000183105469,44.40999984741211,44.40999984741211,156500
2014-11-28,44.369998931884766,44.66999816894531,43.84000015258789,43.970001220703125,43.970001220703125,87800
2014-12-01,44.040000915527344,44.7400016784668,43.0099983215332,43.16999816894531,43.16999816894531,179200
2014-12-02,43.880001068115234,45.4900016784668,43.880001068115234,45.150001525878906,45.150001525878906,716200
2014-12-03,44.900001525878906,45.25,44.720001220703125,44.93000030517578,44.93000030517578,168100
2014-12-04,44.70000076293945,45.0,44.08000183105469,44.5099983215332,44.5099983215332,252600
2014-12-05,44.59999847412109,45.08000183105469,43.369998931884766,43.70000076293945,43.70000076293945,307500
2014-12-08,43.41999816894531,44.380001068115234,43.290000915527344,43.630001068115234,43.630001068115234,388000
2014-12-09,43.04999923706055,44.790000915527344,42.959999084472656,44.7400016784668,44.7400016784668,270800
2014-12-10,44.5,44.88999938964844,43.619998931884766,44.0,44.0,329400
2014-12-11,44.2400016784668,45.04999923706055,44.130001068115234,44.459999084472656,44.459999084472656,177000
2014-12-12,43.81999969482422,45.02000045776367,43.79999923706055,44.130001068115234,44.130001068115234,175400
2014-12-15,44.25,45.09999847412109,43.900001525878906,44.18000030517578,44.18000030517578,243900
2014-12-16,44.06999969482422,44.459999084472656,43.369998931884766,43.5,43.5,175900
2014-12-17,43.41999816894531,44.97999954223633,43.22999954223633,44.959999084472656,44.959999084472656,348400
2014-12-18,45.52999877929688,46.34999847412109,45.060001373291016,46.27999877929688,46.27999877929688,270600
2014-12-19,46.16999816894531,47.34999847412109,45.66999816894531,47.13999938964844,47.13999938964844,506700
2014-12-22,47.11000061035156,47.11000061035156,46.27000045776367,46.97999954223633,46.97999954223633,216900
2014-12-23,47.27000045776367,47.59999847412109,46.5099983215332,47.040000915527344,47.040000915527344,123500
2014-12-24,47.150001525878906,47.9900016784668,47.040000915527344,47.59999847412109,47.59999847412109,75400
2014-12-26,47.66999816894531,48.15999984741211,47.27999877929688,47.470001220703125,47.470001220703125,88700
2014-12-29,47.43000030517578,47.63999938964844,46.630001068115234,46.9900016784668,46.9900016784668,119000
2014-12-30,46.720001220703125,47.150001525878906,46.54999923706055,46.900001525878906,46.900001525878906,102400
2014-12-31,46.90999984741211,47.59999847412109,46.27999877929688,46.43000030517578,46.43000030517578,234800
2015-01-02,46.59000015258789,46.59000015258789,44.959999084472656,45.61000061035156,45.61000061035156,139700
2015-01-05,45.20000076293945,45.70000076293945,44.38999938964844,44.68000030517578,44.68000030517578,259300
2015-01-06,44.68999862670898,44.900001525878906,43.83000183105469,44.209999084472656,44.209999084472656,730400
2015-01-07,44.68000030517578,44.68000030517578,43.2599983215332,43.7400016784668,43.7400016784668,297500
2015-01-08,44.25,44.66999816894531,43.63999938964844,44.08000183105469,44.08000183105469,192700
2015-01-09,44.04999923706055,44.40999984741211,43.0,43.18999862670898,43.18999862670898,132300
2015-01-12,43.43000030517578,43.52999877929688,42.36000061035156,42.93999862670898,42.93999862670898,201700
2015-01-13,43.43000030517578,43.7400016784668,42.2599983215332,42.84999847412109,42.84999847412109,229700
2015-01-14,42.27000045776367,42.84999847412109,42.25,42.66999816894531,42.66999816894531,179500
2015-01-15,42.75,42.83000183105469,40.959999084472656,41.29999923706055,41.29999923706055,227800
2015-01-16,41.13999938964844,41.68000030517578,39.959999084472656,40.25,40.25,482200
2015-01-20,40.369998931884766,41.36000061035156,39.88999938964844,40.38999938964844,40.38999938964844,501300
2015-01-21,40.15999984741211,40.93999862670898,40.040000915527344,40.5099983215332,40.5099983215332,232900
2015-01-22,40.81999969482422,41.880001068115234,39.970001220703125,41.27000045776367,41.27000045776367,381300
2015-01-23,41.290000915527344,41.970001220703125,41.16999816894531,41.38999938964844,41.38999938964844,177100
2015-01-26,41.34999847412109,42.54999923706055,40.83000183105469,41.13999938964844,41.13999938964844,288300
2015-01-27,40.61000061035156,41.33000183105469,40.150001525878906,40.91999816894531,40.91999816894531,174600
2015-01-28,41.02999877929688,41.970001220703125,40.650001525878906,40.81999969482422,40.81999969482422,221300
2015-01-29,41.650001525878906,41.650001525878906,40.41999816894531,41.369998931884766,41.369998931884766,192900
2015-01-30,41.18999862670898,41.869998931884766,40.790000915527344,41.560001373291016,41.560001373291016,342700
2015-02-02,41.79999923706055,42.13999938964844,40.52999877929688,41.84999847412109,41.84999847412109,257300
2015-02-03,42.41999816894531,43.18999862670898,41.81999969482422,43.02000045776367,43.02000045776367,275900
2015-02-04,42.7400016784668,44.09999847412109,42.54999923706055,43.34999847412109,43.34999847412109,305300
2015-02-05,43.619998931884766,44.2599983215332,43.43000030517578,43.81999969482422,43.81999969482422,164100
2015-02-06,43.88999938964844,44.4900016784668,43.59000015258789,44.02000045776367,44.02000045776367,210700
2015-02-09,44.0,44.220001220703125,43.27999877929688,43.70000076293945,43.70000076293945,231600
2015-02-10,44.36000061035156,44.650001525878906,43.58000183105469,43.9900016784668,43.9900016784668,414700
2015-02-11,43.72999954223633,44.0,42.59999847412109,43.15999984741211,43.15999984741211,380700
2015-02-12,49.66999816894531,55.400001525878906,49.540000915527344,54.45000076293945,54.45000076293945,2461900
2015-02-13,54.45000076293945,55.290000915527344,52.02000045776367,53.34999847412109,53.34999847412109,487600
2015-02-17,53.619998931884766,54.11000061035156,51.86000061035156,52.2400016784668,52.2400016784668,330600
2015-02-18,52.0,52.43999862670898,51.61000061035156,51.810001373291016,51.810001373291016,266700
2015-02-19,51.5099983215332,51.77000045776367,51.04999923706055,51.45000076293945,51.45000076293945,192000
2015-02-20,51.45000076293945,51.4900016784668,50.560001373291016,51.43999862670898,51.43999862670898,181300
2015-02-23,51.13999938964844,51.52000045776367,51.09000015258789,51.5,51.5,244500
2015-02-24,51.5,51.79999923706055,50.9900016784668,51.52999877929688,51.52999877929688,195400
2015-02-25,51.0099983215332,52.09000015258789,50.900001525878906,51.93000030517578,51.93000030517578,286800
2015-02-26,51.52000045776367,52.5,51.52000045776367,52.119998931884766,52.119998931884766,360800
2015-02-27,52.13999938964844,52.4900016784668,51.56999969482422,51.59000015258789,51.59000015258789,319200
2015-03-02,51.68999862670898,52.63999938964844,51.68000030517578,52.47999954223633,52.47999954223633,277200
2015-03-03,52.41999816894531,52.43999862670898,51.5099983215332,51.93000030517578,51.93000030517578,177300
2015-03-04,51.790000915527344,51.81999969482422,50.65999984741211,50.79999923706055,50.79999923706055,238700
2015-03-05,50.63999938964844,51.040000915527344,50.0,50.5,50.5,242300
2015-03-06,49.9900016784668,50.7599983215332,49.25,49.45000076293945,49.45000076293945,182800
2015-03-09,49.97999954223633,51.40999984741211,49.97999954223633,50.93999862670898,50.93999862670898,271400
2015-03-10,50.630001068115234,51.0,49.130001068115234,49.36000061035156,49.36000061035156,236300
2015-03-11,49.27000045776367,49.88999938964844,48.77000045776367,49.16999816894531,49.16999816894531,226900
2015-03-12,49.75,50.08000183105469,49.400001525878906,50.060001373291016,50.060001373291016,243500
2015-03-13,50.130001068115234,50.130001068115234,49.060001373291016,49.75,49.75,148400
2015-03-16,49.7400016784668,50.040000915527344,49.2400016784668,49.81999969482422,49.81999969482422,282600
2015-03-17,49.54999923706055,50.0099983215332,49.18000030517578,49.900001525878906,49.900001525878906,238200
2015-03-18,49.900001525878906,50.0,49.41999816894531,49.68999862670898,49.68999862670898,222800
2015-03-19,49.15999984741211,49.97999954223633,49.09000015258789,49.41999816894531,49.41999816894531,373900
2015-03-20,49.59000015258789,50.08000183105469,48.95000076293945,50.0,50.0,462800
2015-03-23,49.88999938964844,49.9900016784668,49.54999923706055,49.790000915527344,49.790000915527344,186600
2015-03-24,49.84999847412109,51.15999984741211,49.560001373291016,51.04999923706055,51.04999923706055,337500
2015-03-25,51.380001068115234,52.43000030517578,49.45000076293945,49.47999954223633,49.47999954223633,374600
2015-03-26,49.34999847412109,50.0099983215332,48.900001525878906,49.33000183105469,49.33000183105469,147700
2015-03-27,49.560001373291016,50.959999084472656,49.470001220703125,50.81999969482422,50.81999969482422,155100
2015-03-30,50.86000061035156,51.93000030517578,50.66999816894531,51.790000915527344,51.790000915527344,174200
2015-03-31,51.380001068115234,51.790000915527344,51.08000183105469,51.20000076293945,51.20000076293945,173300
2015-04-01,50.959999084472656,51.5099983215332,50.09999847412109,51.41999816894531,51.41999816894531,250700
2015-04-02,51.52000045776367,51.880001068115234,50.459999084472656,51.040000915527344,51.040000915527344,179600
2015-04-06,50.95000076293945,51.22999954223633,50.4900016784668,50.630001068115234,50.630001068115234,132500
2015-04-07,50.58000183105469,51.66999816894531,50.58000183105469,51.459999084472656,51.459999084472656,176700
2015-04-08,51.2599983215332,52.91999816894531,51.040000915527344,52.61000061035156,52.61000061035156,188800
2015-04-09,52.52000045776367,52.93999862670898,51.83000183105469,52.11000061035156,52.11000061035156,210900
2015-04-10,52.27000045776367,52.84999847412109,52.040000915527344,52.2599983215332,52.2599983215332,162800
2015-04-13,52.22999954223633,52.72999954223633,52.02000045776367,52.27000045776367,52.27000045776367,145200
2015-04-14,52.040000915527344,52.66999816894531,51.810001373291016,52.34000015258789,52.34000015258789,219600
2015-04-15,52.45000076293945,53.720001220703125,52.27999877929688,52.84999847412109,52.84999847412109,316200
2015-04-16,52.95000076293945,54.119998931884766,52.77000045776367,54.060001373291016,54.060001373291016,218100
2015-04-17,53.63999938964844,53.81999969482422,52.560001373291016,52.88999938964844,52.88999938964844,316000
2015-04-20,53.36000061035156,54.5,52.56999969482422,53.5,53.5,190100
2015-04-21,53.880001068115234,54.09999847412109,53.09000015258789,53.65999984741211,53.65999984741211,130700
2015-04-22,53.41999816894531,53.84999847412109,52.97999954223633,53.33000183105469,53.33000183105469,158000
2015-04-23,53.33000183105469,53.77000045776367,53.0,53.34999847412109,53.34999847412109,158600
2015-04-24,53.52999877929688,53.75,52.869998931884766,53.47999954223633,53.47999954223633,125400
2015-04-27,53.34999847412109,54.61000061035156,53.13999938964844,53.84999847412109,53.84999847412109,181400
2015-04-28,53.81999969482422,53.86000061035156,52.900001525878906,53.130001068115234,53.130001068115234,184800
2015-04-29,52.91999816894531,53.709999084472656,52.880001068115234,53.119998931884766,53.119998931884766,150800
2015-04-30,53.02000045776367,53.310001373291016,52.290000915527344,52.36000061035156,52.36000061035156,244600
2015-05-01,52.61000061035156,53.25,52.04999923706055,52.63999938964844,52.63999938964844,214900
2015-05-04,52.75,52.75,51.27000045776367,51.540000915527344,51.540000915527344,324000
2015-05-05,50.95000076293945,50.95000076293945,44.400001525878906,48.5,48.5,1544000
2015-05-06,48.81999969482422,51.18000030517578,47.18999862670898,49.43000030517578,49.43000030517578,691900
2015-05-07,49.540000915527344,51.22999954223633,49.36000061035156,50.88999938964844,50.88999938964844,321100
2015-05-08,51.08000183105469,51.20000076293945,50.02000045776367,50.02000045776367,50.02000045776367,384800
2015-05-11,49.970001220703125,51.38999938964844,49.86000061035156,50.91999816894531,50.91999816894531,290100
2015-05-12,50.54999923706055,51.650001525878906,50.09000015258789,51.119998931884766,51.119998931884766,315900
2015-05-13,51.52999877929688,53.209999084472656,51.15999984741211,52.68999862670898,52.68999862670898,475900
2015-05-14,52.869998931884766,54.27000045776367,52.59999847412109,54.02999877929688,54.02999877929688,252500
2015-05-15,54.11000061035156,54.88999938964844,53.59999847412109,54.810001373291016,54.810001373291016,425600
2015-05-18,54.720001220703125,56.150001525878906,54.0099983215332,55.27999877929688,55.27999877929688,337000
2015-05-19,55.06999969482422,56.56999969482422,55.0099983215332,55.7400016784668,55.7400016784668,265000
2015-05-20,55.63999938964844,55.709999084472656,54.630001068115234,55.380001068115234,55.380001068115234,273800
2015-05-21,55.560001373291016,56.36000061035156,55.560001373291016,55.97999954223633,55.97999954223633,212000
2015-05-22,56.0,57.02000045776367,56.0,56.2599983215332,56.2599983215332,220400
2015-05-26,56.63999938964844,56.9900016784668,55.63999938964844,56.2599983215332,56.2599983215332,258600
2015-05-27,56.70000076293945,56.70000076293945,55.86000061035156,56.36000061035156,56.36000061035156,194400
2015-05-28,56.31999969482422,57.4900016784668,56.11000061035156,56.95000076293945,56.95000076293945,191700
2015-05-29,56.77999877929688,56.959999084472656,55.88999938964844,56.58000183105469,56.58000183105469,308200
2015-06-01,57.040000915527344,57.5,56.060001373291016,57.060001373291016,57.060001373291016,190000
2015-06-02,56.869998931884766,57.7400016784668,56.56999969482422,57.16999816894531,57.16999816894531,129300
2015-06-03,56.790000915527344,58.220001220703125,56.790000915527344,57.68000030517578,57.68000030517578,256300
2015-06-04,57.09999847412109,57.7599983215332,56.34999847412109,56.75,56.75,160500
2015-06-05,56.810001373291016,57.72999954223633,56.400001525878906,57.650001525878906,57.650001525878906,119500
2015-06-08,57.459999084472656,57.900001525878906,56.400001525878906,56.47999954223633,56.47999954223633,175000
2015-06-09,56.540000915527344,56.58000183105469,55.45000076293945,56.34999847412109,56.34999847412109,146900
2015-06-10,56.7400016784668,58.0099983215332,56.290000915527344,57.810001373291016,57.810001373291016,291500
2015-06-11,57.9900016784668,58.060001373291016,57.52999877929688,57.56999969482422,57.56999969482422,191100
2015-06-12,57.220001220703125,57.97999954223633,57.220001220703125,57.63999938964844,57.63999938964844,210600
2015-06-15,56.34000015258789,56.34000015258789,52.88999938964844,53.560001373291016,53.560001373291016,603700
2015-06-16,53.27999877929688,54.2599983215332,52.88999938964844,53.619998931884766,53.619998931884766,365400
2015-06-17,53.619998931884766,54.02999877929688,53.130001068115234,53.58000183105469,53.58000183105469,327700
2015-06-18,53.79999923706055,54.66999816894531,53.36000061035156,54.310001373291016,54.310001373291016,346600
2015-06-19,54.43999862670898,54.540000915527344,53.59000015258789,54.380001068115234,54.380001068115234,381300
2015-06-22,54.61000061035156,55.65999984741211,54.310001373291016,55.619998931884766,55.619998931884766,235900
2015-06-23,55.81999969482422,55.959999084472656,54.90999984741211,55.81999969482422,55.81999969482422,217900
2015-06-24,55.880001068115234,55.880001068115234,54.59000015258789,55.060001373291016,55.060001373291016,243000
2015-06-25,55.20000076293945,55.20000076293945,54.209999084472656,54.56999969482422,54.56999969482422,208600
2015-06-26,54.7599983215332,54.7599983215332,53.709999084472656,54.0,54.0,338600
2015-06-29,53.68999862670898,54.36000061035156,52.7599983215332,52.90999984741211,52.90999984741211,354500
2015-06-30,53.310001373291016,54.15999984741211,53.0099983215332,53.2599983215332,53.2599983215332,294100
2015-07-01,53.38999938964844,54.130001068115234,52.93000030517578,53.45000076293945,53.45000076293945,231900
2015-07-02,53.56999969482422,53.66999816894531,52.52999877929688,53.25,53.25,159700
2015-07-06,52.75,53.79999923706055,52.75,52.9900016784668,52.9900016784668,171400
2015-07-07,53.0,53.150001525878906,51.0,53.0,53.0,265800
2015-07-08,52.38999938964844,52.970001220703125,52.08000183105469,52.84000015258789,52.84000015258789,301100
2015-07-09,53.7599983215332,54.59000015258789,53.290000915527344,54.16999816894531,54.16999816894531,326700
2015-07-10,55.060001373291016,55.40999984741211,54.470001220703125,55.13999938964844,55.13999938964844,182400
2015-07-13,55.84999847412109,56.75,55.150001525878906,56.47999954223633,56.47999954223633,192600
2015-07-14,56.59000015258789,57.08000183105469,56.20000076293945,56.22999954223633,56.22999954223633,190900
2015-07-15,56.119998931884766,56.900001525878906,56.0,56.34999847412109,56.34999847412109,157500
2015-07-16,56.7599983215332,57.93000030517578,56.47999954223633,57.7400016784668,57.7400016784668,169100
2015-07-17,57.95000076293945,59.95000076293945,57.65999984741211,58.84000015258789,58.84000015258789,237400
2015-07-20,58.52000045776367,59.20000076293945,58.04999923706055,58.25,58.25,225200
2015-07-21,58.25,58.900001525878906,57.900001525878906,58.040000915527344,58.040000915527344,168600
2015-07-22,57.54999923706055,58.43000030517578,57.290000915527344,58.290000915527344,58.290000915527344,186300
2015-07-23,58.09999847412109,58.70000076293945,57.15999984741211,57.27000045776367,57.27000045776367,126800
2015-07-24,57.40999984741211,58.0,56.36000061035156,56.630001068115234,56.630001068115234,209200
2015-07-27,56.02999877929688,56.61000061035156,55.09000015258789,56.43000030517578,56.43000030517578,147100
2015-07-28,56.65999984741211,57.470001220703125,55.38999938964844,57.16999816894531,57.16999816894531,152400
2015-07-29,56.77000045776367,57.4900016784668,55.7599983215332,56.79999923706055,56.79999923706055,141000
2015-07-30,56.52999877929688,57.29999923706055,56.20000076293945,57.060001373291016,57.060001373291016,179100
2015-07-31,57.0099983215332,58.58000183105469,56.91999816894531,58.5,58.5,203200
2015-08-03,58.380001068115234,59.13999938964844,58.040000915527344,58.869998931884766,58.869998931884766,332900
2015-08-04,56.900001525878906,57.7599983215332,53.880001068115234,56.68000030517578,56.68000030517578,582900
2015-08-05,57.619998931884766,62.119998931884766,57.04999923706055,61.7599983215332,61.7599983215332,701700
2015-08-06,61.79999923706055,61.9900016784668,59.72999954223633,60.52000045776367,60.52000045776367,360600
2015-08-07,60.45000076293945,61.59999847412109,59.93000030517578,60.959999084472656,60.959999084472656,267100
2015-08-10,61.2400016784668,61.97999954223633,60.77999877929688,61.34999847412109,61.34999847412109,244300
2015-08-11,61.40999984741211,62.68999862670898,60.380001068115234,61.5099983215332,61.5099983215332,296200
2015-08-12,60.61000061035156,62.31999969482422,60.0,62.11000061035156,62.11000061035156,314300
2015-08-13,62.2599983215332,62.43999862670898,61.119998931884766,61.91999816894531,61.91999816894531,215400
2015-08-14,61.9900016784668,64.04000091552734,61.34000015258789,63.9900016784668,63.9900016784668,252800
2015-08-17,64.0,65.0,63.459999084472656,64.63999938964844,64.63999938964844,294400
2015-08-18,64.33999633789062,64.7699966430664,64.0199966430664,64.30000305175781,64.30000305175781,302700
2015-08-19,63.84999847412109,64.36000061035156,63.09999847412109,63.45000076293945,63.45000076293945,269100
2015-08-20,62.970001220703125,63.13999938964844,59.52000045776367,59.70000076293945,59.70000076293945,738800
2015-08-21,58.43999862670898,59.45000076293945,56.34000015258789,56.5,56.5,752900
2015-08-24,52.7400016784668,54.86000061035156,52.47999954223633,53.11000061035156,53.11000061035156,569000
2015-08-25,55.06999969482422,55.90999984741211,53.619998931884766,53.970001220703125,53.970001220703125,527500
2015-08-26,54.869998931884766,55.15999984741211,52.47999954223633,53.41999816894531,53.41999816894531,543300
2015-08-27,54.09000015258789,54.880001068115234,53.02999877929688,53.7400016784668,53.7400016784668,378800
2015-08-28,53.2599983215332,53.88999938964844,51.88999938964844,53.459999084472656,53.459999084472656,457000
2015-08-31,53.4900016784668,53.91999816894531,52.04999923706055,52.209999084472656,52.209999084472656,382800
2015-09-01,51.16999816894531,51.59999847412109,48.02000045776367,48.150001525878906,48.150001525878906,698700
2015-09-02,48.68999862670898,48.68999862670898,43.0,44.369998931884766,44.369998931884766,1995400
2015-09-03,44.86000061035156,48.15999984741211,44.369998931884766,46.869998931884766,46.869998931884766,1409200
2015-09-04,46.18999862670898,47.650001525878906,46.18999862670898,47.290000915527344,47.290000915527344,638100
2015-09-08,47.869998931884766,48.310001373291016,47.2599983215332,48.18999862670898,48.18999862670898,463600
2015-09-09,48.18000030517578,49.88999938964844,48.18000030517578,48.65999984741211,48.65999984741211,507100
2015-09-10,48.290000915527344,48.869998931884766,48.040000915527344,48.77999877929688,48.77999877929688,306500
2015-09-11,48.70000076293945,49.0,48.29999923706055,48.959999084472656,48.959999084472656,223100
2015-09-14,49.09000015258789,49.09000015258789,48.47999954223633,48.880001068115234,48.880001068115234,205600
2015-09-15,48.75,49.290000915527344,48.59000015258789,48.790000915527344,48.790000915527344,259500
2015-09-16,49.45000076293945,50.130001068115234,48.08000183105469,49.810001373291016,49.810001373291016,238800
2015-09-17,49.52000045776367,50.59000015258789,49.0099983215332,49.29999923706055,49.29999923706055,287200
2015-09-18,48.77000045776367,48.900001525878906,47.27000045776367,47.79999923706055,47.79999923706055,731800
2015-09-21,48.36000061035156,50.18999862670898,47.970001220703125,48.7400016784668,48.7400016784668,371900
2015-09-22,48.0,48.2400016784668,47.16999816894531,47.43000030517578,47.43000030517578,251900
2015-09-23,47.310001373291016,47.45000076293945,46.34999847412109,46.54999923706055,46.54999923706055,364300
2015-09-24,46.27999877929688,46.369998931884766,45.08000183105469,46.2599983215332,46.2599983215332,305600
2015-09-25,46.58000183105469,46.58000183105469,44.400001525878906,45.0099983215332,45.0099983215332,284000
2015-09-28,44.97999954223633,44.97999954223633,42.68999862670898,43.150001525878906,43.150001525878906,257800
2015-09-29,43.400001525878906,43.400001525878906,41.369998931884766,41.470001220703125,41.470001220703125,374400
2015-09-30,43.38999938964844,47.45000076293945,42.18999862670898,46.150001525878906,46.150001525878906,1689500
2015-10-01,45.869998931884766,47.38999938964844,45.13999938964844,46.84999847412109,46.84999847412109,706000
2015-10-02,46.45000076293945,48.209999084472656,45.52000045776367,48.119998931884766,48.119998931884766,574800
2015-10-05,48.38999938964844,49.97999954223633,47.36000061035156,49.72999954223633,49.72999954223633,538000
2015-10-06,49.36000061035156,50.86000061035156,48.16999816894531,48.84000015258789,48.84000015258789,617300
2015-10-07,48.95000076293945,50.31999969482422,48.5099983215332,50.220001220703125,50.220001220703125,725400
2015-10-08,49.95000076293945,50.869998931884766,48.84000015258789,50.61000061035156,50.61000061035156,323000
2015-10-09,50.77999877929688,51.11000061035156,49.9900016784668,51.0,51.0,406200
2015-10-12,50.75,51.369998931884766,50.119998931884766,50.470001220703125,50.470001220703125,235900
2015-10-13,50.29999923706055,50.29999923706055,49.060001373291016,49.22999954223633,49.22999954223633,315200
2015-10-14,49.04999923706055,49.31999969482422,46.5099983215332,46.77999877929688,46.77999877929688,354800
2015-10-15,47.09999847412109,47.09999847412109,46.09000015258789,46.9900016784668,46.9900016784668,471900
2015-10-16,45.43000030517578,45.650001525878906,43.619998931884766,44.54999923706055,44.54999923706055,964000
2015-10-19,44.59999847412109,46.400001525878906,44.47999954223633,45.9900016784668,45.9900016784668,813200
2015-10-20,46.09999847412109,46.36000061035156,43.95000076293945,44.06999969482422,44.06999969482422,328400
2015-10-21,44.369998931884766,44.43999862670898,41.0099983215332,41.02999877929688,41.02999877929688,739000
2015-10-22,41.66999816894531,43.61000061035156,41.38999938964844,43.09999847412109,43.09999847412109,548900
2015-10-23,43.4900016784668,43.70000076293945,42.70000076293945,43.2400016784668,43.2400016784668,240300
2015-10-26,43.2400016784668,43.290000915527344,42.72999954223633,43.04999923706055,43.04999923706055,260100
2015-10-27,43.27999877929688,43.31999969482422,42.13999938964844,42.34000015258789,42.34000015258789,277700
2015-10-28,42.43999862670898,42.90999984741211,42.0,42.650001525878906,42.650001525878906,571900
2015-10-29,42.90999984741211,42.90999984741211,42.06999969482422,42.45000076293945,42.45000076293945,317900
2015-10-30,42.43999862670898,43.27000045776367,42.13999938964844,42.77999877929688,42.77999877929688,475100
2015-11-02,42.97999954223633,44.66999816894531,42.7599983215332,44.619998931884766,44.619998931884766,376900
2015-11-03,44.27999877929688,45.0099983215332,43.709999084472656,44.65999984741211,44.65999984741211,287300
2015-11-04,44.619998931884766,44.880001068115234,42.86000061035156,43.31999969482422,43.31999969482422,635500
2015-11-05,44.310001373291016,46.36000061035156,42.560001373291016,45.18999862670898,45.18999862670898,715400
2015-11-06,45.34999847412109,46.650001525878906,45.02999877929688,46.56999969482422,46.56999969482422,573200
2015-11-09,46.36000061035156,46.65999984741211,43.970001220703125,44.18999862670898,44.18999862670898,498900
2015-11-10,43.83000183105469,44.619998931884766,43.40999984741211,44.43999862670898,44.43999862670898,313100
2015-11-11,44.380001068115234,44.63999938964844,43.52999877929688,43.77000045776367,43.77000045776367,225400
2015-11-12,43.63999938964844,43.810001373291016,42.68000030517578,42.790000915527344,42.790000915527344,249900
2015-11-13,42.540000915527344,43.560001373291016,41.9900016784668,42.09999847412109,42.09999847412109,347600
2015-11-16,42.119998931884766,43.33000183105469,41.83000183105469,43.27999877929688,43.27999877929688,298800
2015-11-17,43.27999877929688,43.41999816894531,42.40999984741211,42.810001373291016,42.810001373291016,354300
2015-11-18,43.130001068115234,43.130001068115234,41.88999938964844,42.34000015258789,42.34000015258789,399800
2015-11-19,42.290000915527344,42.86000061035156,41.709999084472656,42.72999954223633,42.72999954223633,273300
2015-11-20,43.0099983215332,43.25,41.93000030517578,42.2400016784668,42.2400016784668,326900
2015-11-23,42.2400016784668,42.369998931884766,40.38999938964844,40.560001373291016,40.560001373291016,317800
2015-11-24,40.5099983215332,41.060001373291016,39.40999984741211,40.93999862670898,40.93999862670898,347900
2015-11-25,41.0099983215332,42.11000061035156,40.7599983215332,42.02000045776367,42.02000045776367,199700
2015-11-27,41.959999084472656,42.59999847412109,41.68999862670898,42.25,42.25,67100
2015-11-30,42.290000915527344,42.650001525878906,41.83000183105469,42.09999847412109,42.09999847412109,242300
2015-12-01,42.34999847412109,43.63999938964844,42.040000915527344,43.52000045776367,43.52000045776367,275700
2015-12-02,43.36000061035156,44.560001373291016,43.36000061035156,44.459999084472656,44.459999084472656,379700
2015-12-03,44.58000183105469,45.209999084472656,43.56999969482422,44.0,44.0,600100
2015-12-04,43.9900016784668,45.0,41.93000030517578,43.560001373291016,43.560001373291016,500200
2015-12-07,43.540000915527344,43.540000915527344,42.2400016784668,43.36000061035156,43.36000061035156,299500
2015-12-08,43.0099983215332,43.70000076293945,42.380001068115234,42.380001068115234,42.380001068115234,156600
2015-12-09,42.27999877929688,42.70000076293945,41.36000061035156,41.5099983215332,41.5099983215332,157300
2015-12-10,41.59999847412109,41.880001068115234,40.56999969482422,40.72999954223633,40.72999954223633,206000
2015-12-11,40.22999954223633,40.59000015258789,38.619998931884766,38.91999816894531,38.91999816894531,404900
2015-12-14,38.77999877929688,38.91999816894531,36.90999984741211,37.4900016784668,37.4900016784668,594700
2015-12-15,37.810001373291016,38.31999969482422,37.40999984741211,38.0,38.0,876300
2015-12-16,38.15999984741211,38.2599983215332,37.54999923706055,38.060001373291016,38.060001373291016,435500
2015-12-17,38.290000915527344,39.02000045776367,38.290000915527344,38.36000061035156,38.36000061035156,455600
2015-12-18,38.41999816894531,38.90999984741211,37.91999816894531,38.22999954223633,38.22999954223633,745000
2015-12-21,38.59999847412109,38.68999862670898,37.9900016784668,38.41999816894531,38.41999816894531,259700
2015-12-22,38.65999984741211,39.68000030517578,38.36000061035156,39.59999847412109,39.59999847412109,264200
2015-12-23,39.97999954223633,41.13999938964844,39.959999084472656,40.95000076293945,40.95000076293945,418800
2015-12-24,40.880001068115234,41.59999847412109,40.790000915527344,41.20000076293945,41.20000076293945,175400
2015-12-28,41.18999862670898,41.52000045776367,40.150001525878906,41.470001220703125,41.470001220703125,364500
2015-12-29,41.810001373291016,42.36000061035156,41.720001220703125,42.13999938964844,42.13999938964844,389600
2015-12-30,42.290000915527344,42.709999084472656,41.90999984741211,42.0099983215332,42.0099983215332,294200
2015-12-31,41.900001525878906,42.06999969482422,41.13999938964844,41.150001525878906,41.150001525878906,317300
2016-01-04,40.31999969482422,40.68999862670898,39.06999969482422,40.540000915527344,40.540000915527344,848200
2016-01-05,40.68000030517578,40.84000015258789,39.959999084472656,40.18000030517578,40.18000030517578,393800
2016-01-06,39.4900016784668,40.18000030517578,39.150001525878906,39.47999954223633,39.47999954223633,352100
2016-01-07,39.02999877929688,39.27999877929688,37.61000061035156,38.220001220703125,38.220001220703125,349800
2016-01-08,38.22999954223633,38.68999862670898,36.34000015258789,36.400001525878906,36.400001525878906,406600
2016-01-11,36.869998931884766,37.36000061035156,35.52000045776367,36.02999877929688,36.02999877929688,560700
2016-01-12,36.27000045776367,38.04999923706055,36.0,37.72999954223633,37.72999954223633,605500
2016-01-13,38.27000045776367,39.0,37.88999938964844,38.33000183105469,38.33000183105469,750700
2016-01-14,38.470001220703125,42.400001525878906,38.220001220703125,41.40999984741211,41.40999984741211,839500
2016-01-15,40.119998931884766,42.47999954223633,39.97999954223633,42.34999847412109,42.34999847412109,903900
2016-01-19,42.70000076293945,43.34000015258789,35.95000076293945,36.68000030517578,36.68000030517578,1096400
2016-01-20,36.08000183105469,38.40999984741211,34.18000030517578,37.5,37.5,1036700
2016-01-21,37.84000015258789,39.560001373291016,37.130001068115234,38.84000015258789,38.84000015258789,567200
2016-01-22,39.52000045776367,40.9900016784668,38.61000061035156,40.77999877929688,40.77999877929688,525700
2016-01-25,40.52999877929688,42.68999862670898,40.22999954223633,41.20000076293945,41.20000076293945,755200
2016-01-26,41.75,43.13999938964844,41.459999084472656,42.9900016784668,42.9900016784668,1184900
2016-01-27,42.63999938964844,42.91999816894531,39.16999816894531,39.43999862670898,39.43999862670898,878700
2016-01-28,39.59000015258789,40.27999877929688,37.540000915527344,39.56999969482422,39.56999969482422,673300
2016-01-29,39.650001525878906,40.36000061035156,37.619998931884766,38.52999877929688,38.52999877929688,7308000
2016-02-01,38.310001373291016,39.459999084472656,36.369998931884766,39.0,39.0,1087300
2016-02-02,38.7400016784668,39.060001373291016,37.16999816894531,37.93999862670898,37.93999862670898,1195400
2016-02-03,38.20000076293945,39.2599983215332,37.709999084472656,39.18999862670898,39.18999862670898,828200
2016-02-04,38.959999084472656,40.13999938964844,38.70000076293945,39.7599983215332,39.7599983215332,453100
2016-02-05,39.7599983215332,40.220001220703125,35.400001525878906,35.88999938964844,35.88999938964844,722900
2016-02-08,35.36000061035156,35.54999923706055,33.790000915527344,34.41999816894531,34.41999816894531,836800
2016-02-09,33.95000076293945,35.33000183105469,33.7400016784668,34.290000915527344,34.290000915527344,613600
2016-02-10,34.63999938964844,36.16999816894531,34.29999923706055,35.18000030517578,35.18000030517578,624900
2016-02-11,34.63999938964844,35.209999084472656,33.16999816894531,34.7599983215332,34.7599983215332,722400
2016-02-12,35.040000915527344,36.790000915527344,34.849998474121094,35.599998474121094,35.599998474121094,640800
2016-02-16,35.939998626708984,37.83000183105469,34.2599983215332,37.58000183105469,37.58000183105469,1038800
2016-02-17,36.220001220703125,38.02999877929688,33.40999984741211,37.34000015258789,37.34000015258789,1653400
2016-02-18,37.09000015258789,38.77000045776367,37.02000045776367,38.56999969482422,38.56999969482422,1049800
2016-02-19,38.11000061035156,40.0,37.619998931884766,39.290000915527344,39.290000915527344,1148900
2016-02-22,39.650001525878906,41.709999084472656,39.540000915527344,40.869998931884766,40.869998931884766,708400
2016-02-23,40.59999847412109,41.810001373291016,40.58000183105469,40.810001373291016,40.810001373291016,585900
2016-02-24,40.33000183105469,42.84000015258789,40.02999877929688,42.5099983215332,42.5099983215332,523300
2016-02-25,42.560001373291016,42.650001525878906,41.27999877929688,42.27000045776367,42.27000045776367,511400
2016-02-26,42.27000045776367,43.52999877929688,42.06999969482422,42.95000076293945,42.95000076293945,595200
2016-02-29,42.52000045776367,43.47999954223633,40.83000183105469,41.150001525878906,41.150001525878906,748600
2016-03-01,40.93000030517578,40.93000030517578,37.150001525878906,40.0,40.0,2011900
2016-03-02,40.060001373291016,40.380001068115234,38.540000915527344,40.0,40.0,759400
2016-03-03,39.97999954223633,40.68999862670898,39.5,40.09999847412109,40.09999847412109,810800
2016-03-04,40.25,41.34999847412109,39.63999938964844,40.709999084472656,40.709999084472656,503700
2016-03-07,34.63999938964844,35.459999084472656,26.209999084472656,27.040000915527344,27.040000915527344,9483400
2016-03-08,26.559999465942383,28.25,26.51000022888184,27.40999984741211,27.40999984741211,2680100
2016-03-09,27.540000915527344,27.75,26.8700008392334,27.34000015258789,27.34000015258789,1309700
2016-03-10,27.51000022888184,28.06999969482422,26.86000061035156,27.21999931335449,27.21999931335449,1051800
2016-03-11,27.36000061035156,28.63999938964844,26.65999984741211,28.290000915527344,28.290000915527344,1164000
2016-03-14,28.34000015258789,30.88999938964844,28.200000762939453,30.670000076293945,30.670000076293945,1261400
2016-03-15,30.440000534057617,30.59000015258789,29.049999237060547,29.229999542236328,29.229999542236328,905300
2016-03-16,29.15999984741211,30.020000457763672,28.96999931335449,29.84000015258789,29.84000015258789,450600
2016-03-17,29.8700008392334,30.280000686645508,29.520000457763672,30.11000061035156,30.11000061035156,758400
2016-03-18,30.229999542236328,30.93000030517578,30.200000762939453,30.5,30.5,1390100
2016-03-21,30.350000381469727,30.540000915527344,29.56999969482422,30.239999771118164,30.239999771118164,817400
2016-03-22,30.46999931335449,30.75,30.11000061035156,30.540000915527344,30.540000915527344,461000
2016-03-23,30.309999465942383,30.799999237060547,29.420000076293945,29.65999984741211,29.65999984741211,427900
2016-03-24,29.559999465942383,29.8700008392334,29.020000457763672,29.850000381469727,29.850000381469727,270700
2016-03-28,30.1200008392334,30.18000030517578,29.32999992370605,29.81999969482422,29.81999969482422,279100
2016-03-29,29.84000015258789,30.440000534057617,29.51000022888184,30.3799991607666,30.3799991607666,406700
2016-03-30,30.549999237060547,30.690000534057617,29.770000457763672,30.5,30.5,488600
2016-03-31,30.39999961853028,30.6200008392334,30.030000686645508,30.040000915527344,30.040000915527344,529400
2016-04-01,29.940000534057617,31.229999542236328,29.76000022888184,30.57999992370605,30.57999992370605,640400
2016-04-04,30.729999542236328,30.86000061035156,29.61000061035156,30.06999969482422,30.06999969482422,466100
2016-04-05,29.89999961853028,30.020000457763672,29.459999084472656,29.530000686645508,29.530000686645508,319100
2016-04-06,29.6299991607666,30.299999237060547,29.309999465942383,30.270000457763672,30.270000457763672,303400
2016-04-07,30.11000061035156,30.6200008392334,29.530000686645508,29.739999771118164,29.739999771118164,307100
2016-04-08,29.920000076293945,30.0,28.64999961853028,28.809999465942383,28.809999465942383,483600
2016-04-11,28.82999992370605,29.57999992370605,28.6200008392334,28.959999084472656,28.959999084472656,376400
2016-04-12,29.01000022888184,29.07999992370605,28.39999961853028,28.56999969482422,28.56999969482422,455400
2016-04-13,28.71999931335449,29.59000015258789,28.6299991607666,29.540000915527344,29.540000915527344,554600
2016-04-14,29.6299991607666,29.770000457763672,29.280000686645508,29.540000915527344,29.540000915527344,422100
2016-04-15,29.38999938964844,29.88999938964844,29.36000061035156,29.6299991607666,29.6299991607666,382600
2016-04-18,29.64999961853028,30.739999771118164,29.64999961853028,30.700000762939453,30.700000762939453,305900
2016-04-19,30.700000762939453,31.270000457763672,30.40999984741211,31.040000915527344,31.040000915527344,256800
2016-04-20,30.75,31.11000061035156,30.3799991607666,30.71999931335449,30.71999931335449,450800
2016-04-21,30.89999961853028,31.5,30.459999084472656,31.299999237060547,31.299999237060547,375100
2016-04-22,31.270000457763672,31.600000381469727,30.989999771118164,31.11000061035156,31.11000061035156,445200
2016-04-25,31.1299991607666,31.31999969482422,30.15999984741211,30.299999237060547,30.299999237060547,357000
2016-04-26,30.09000015258789,31.280000686645508,30.09000015258789,31.190000534057617,31.190000534057617,372400
2016-04-27,31.020000457763672,31.020000457763672,30.14999961853028,30.61000061035156,30.61000061035156,288500
2016-04-28,30.65999984741211,30.790000915527344,29.86000061035156,29.8799991607666,29.8799991607666,503800
2016-04-29,29.89999961853028,30.700000762939453,29.84000015258789,30.6200008392334,30.6200008392334,527300
2016-05-02,30.6299991607666,30.88999938964844,29.799999237060547,30.520000457763672,30.520000457763672,655800
2016-05-03,30.14999961853028,30.3799991607666,28.38999938964844,28.450000762939453,28.450000762939453,760100
2016-05-04,28.450000762939453,28.6299991607666,27.5,27.89999961853028,27.89999961853028,744200
2016-05-05,27.959999084472656,28.76000022888184,27.549999237060547,27.799999237060547,27.799999237060547,433700
2016-05-06,27.709999084472656,28.209999084472656,27.479999542236328,28.200000762939453,28.200000762939453,286900
2016-05-09,28.07999992370605,28.59000015258789,27.89999961853028,27.950000762939453,27.950000762939453,482800
2016-05-10,28.09000015258789,28.600000381469727,27.670000076293945,28.559999465942383,28.559999465942383,395400
2016-05-11,28.39999961853028,28.770000457763672,28.1200008392334,28.25,28.25,288600
2016-05-12,28.01000022888184,28.420000076293945,27.75,28.21999931335449,28.21999931335449,409900
2016-05-13,28.14999961853028,28.56999969482422,27.989999771118164,28.07999992370605,28.07999992370605,264000
2016-05-16,28.020000457763672,28.209999084472656,27.68000030517578,27.850000381469727,27.850000381469727,493100
2016-05-17,27.75,28.21999931335449,26.93000030517578,27.15999984741211,27.15999984741211,485800
2016-05-18,27.01000022888184,27.86000061035156,26.850000381469727,27.809999465942383,27.809999465942383,407200
2016-05-19,27.559999465942383,28.030000686645508,27.13999938964844,27.559999465942383,27.559999465942383,339500
2016-05-20,27.739999771118164,29.0,27.6299991607666,28.700000762939453,28.700000762939453,329800
2016-05-23,28.81999969482422,29.09000015258789,28.59000015258789,28.82999992370605,28.82999992370605,295000
2016-05-24,29.07999992370605,29.739999771118164,28.8700008392334,29.600000381469727,29.600000381469727,333000
2016-05-25,29.84000015258789,29.850000381469727,29.350000381469727,29.6299991607666,29.6299991607666,219500
2016-05-26,29.670000076293945,30.479999542236328,29.420000076293945,30.270000457763672,30.270000457763672,205400
2016-05-27,30.420000076293945,32.58000183105469,30.239999771118164,32.290000915527344,32.290000915527344,622000
2016-05-31,32.34000015258789,32.83000183105469,31.520000457763672,32.380001068115234,32.380001068115234,556700
2016-06-01,32.040000915527344,32.95000076293945,31.809999465942383,32.83000183105469,32.83000183105469,445500
2016-06-02,32.790000915527344,33.20000076293945,32.45000076293945,33.189998626708984,33.189998626708984,306700
2016-06-03,33.09000015258789,33.11000061035156,32.040000915527344,32.5099983215332,32.5099983215332,283400
2016-06-06,32.650001525878906,33.689998626708984,32.470001220703125,33.369998931884766,33.369998931884766,441200
2016-06-07,33.31999969482422,33.33000183105469,32.689998626708984,33.04999923706055,33.04999923706055,393300
2016-06-08,32.9900016784668,32.9900016784668,31.959999084472656,32.630001068115234,32.630001068115234,304100
2016-06-09,32.47999954223633,32.61000061035156,31.96999931335449,32.119998931884766,32.119998931884766,194500
2016-06-10,31.76000022888184,32.36000061035156,31.229999542236328,31.31999969482422,31.31999969482422,254600
2016-06-13,31.11000061035156,32.22999954223633,31.059999465942383,31.36000061035156,31.36000061035156,261000
2016-06-14,31.190000534057617,31.959999084472656,30.920000076293945,31.93000030517578,31.93000030517578,277500
2016-06-15,32.220001220703125,32.459999084472656,31.690000534057617,31.770000457763672,31.770000457763672,252800
2016-06-16,31.450000762939453,31.82999992370605,30.809999465942383,31.76000022888184,31.76000022888184,256100
2016-06-17,31.729999542236328,31.959999084472656,30.780000686645508,30.93000030517578,30.93000030517578,513300
2016-06-20,31.32999992370605,31.940000534057617,31.14999961853028,31.200000762939453,31.200000762939453,322800
2016-06-21,31.18000030517578,31.3700008392334,30.59000015258789,30.88999938964844,30.88999938964844,306500
2016-06-22,31.020000457763672,31.64999961853028,30.71999931335449,31.030000686645508,31.030000686645508,441400
2016-06-23,31.56999969482422,32.83000183105469,31.25,32.720001220703125,32.720001220703125,541700
2016-06-24,31.309999465942383,31.90999984741211,30.13999938964844,30.3799991607666,30.3799991607666,938800
2016-06-27,30.1299991607666,30.209999084472656,28.420000076293945,29.39999961853028,29.39999961853028,749100
2016-06-28,25.770000457763672,26.229999542236328,21.739999771118164,23.82999992370605,23.82999992370605,4321400
2016-06-29,23.90999984741211,24.68000030517578,23.32999992370605,23.709999084472656,23.709999084472656,1590700
2016-06-30,23.8700008392334,24.11000061035156,23.520000457763672,23.8799991607666,23.8799991607666,1248200
2016-07-01,23.940000534057617,24.43000030517578,23.799999237060547,24.21999931335449,24.21999931335449,547200
2016-07-05,23.96999931335449,24.309999465942383,23.64999961853028,24.200000762939453,24.200000762939453,586700
2016-07-06,23.96999931335449,25.15999984741211,23.75,25.07999992370605,25.07999992370605,657300
2016-07-07,25.14999961853028,25.959999084472656,25.11000061035156,25.850000381469727,25.850000381469727,451700
2016-07-08,26.030000686645508,26.790000915527344,26.030000686645508,26.600000381469727,26.600000381469727,424800
2016-07-11,26.68000030517578,27.049999237060547,26.6200008392334,27.01000022888184,27.01000022888184,227900
2016-07-12,27.239999771118164,27.82999992370605,26.950000762939453,27.739999771118164,27.739999771118164,311700
2016-07-13,27.049999237060547,27.59000015258789,26.850000381469727,27.049999237060547,27.049999237060547,434300
2016-07-14,27.190000534057617,27.950000762939453,27.030000686645508,27.6200008392334,27.6200008392334,293500
2016-07-15,27.84000015258789,28.040000915527344,27.600000381469727,27.600000381469727,27.600000381469727,237600
2016-07-18,27.600000381469727,27.8799991607666,27.43000030517578,27.76000022888184,27.76000022888184,236100
2016-07-19,27.6200008392334,27.88999938964844,27.549999237060547,27.559999465942383,27.559999465942383,266700
2016-07-20,27.780000686645508,28.280000686645508,27.57999992370605,28.13999938964844,28.13999938964844,200700
2016-07-21,28.14999961853028,28.36000061035156,27.63999938964844,27.76000022888184,27.76000022888184,285700
2016-07-22,27.34000015258789,27.46999931335449,26.5,26.709999084472656,26.709999084472656,732500
2016-07-25,26.799999237060547,27.65999984741211,26.270000457763672,26.280000686645508,26.280000686645508,808700
2016-07-26,26.32999992370605,27.34000015258789,26.26000022888184,26.959999084472656,26.959999084472656,365700
2016-07-27,26.950000762939453,27.290000915527344,26.76000022888184,26.979999542236328,26.979999542236328,332300
2016-07-28,26.959999084472656,27.709999084472656,26.5,26.5,26.5,251900
2016-07-29,26.46999931335449,26.89999961853028,25.530000686645508,25.950000762939453,25.950000762939453,765700
2016-08-01,26.09000015258789,26.979999542236328,25.780000686645508,25.799999237060547,25.799999237060547,364100
2016-08-02,25.8799991607666,26.1299991607666,25.38999938964844,25.6299991607666,25.6299991607666,449600
2016-08-03,25.5,26.01000022888184,25.36000061035156,26.01000022888184,26.01000022888184,387400
2016-08-04,26.09000015258789,26.25,25.729999542236328,26.0,26.0,154000
2016-08-05,25.90999984741211,26.6200008392334,25.479999542236328,26.309999465942383,26.309999465942383,230200
2016-08-08,26.39999961853028,26.46999931335449,26.0,26.239999771118164,26.239999771118164,211500
2016-08-09,26.21999931335449,26.34000015258789,25.959999084472656,26.040000915527344,26.040000915527344,139700
2016-08-10,26.0,27.6200008392334,25.309999465942383,27.200000762939453,27.200000762939453,1192000
2016-08-11,27.200000762939453,27.84000015258789,25.57999992370605,25.979999542236328,25.979999542236328,831200
2016-08-12,25.770000457763672,26.270000457763672,25.59000015258789,26.09000015258789,26.09000015258789,522200
2016-08-15,26.229999542236328,26.86000061035156,26.14999961853028,26.3799991607666,26.3799991607666,351400
2016-08-16,26.39999961853028,27.690000534057617,26.39999961853028,27.600000381469727,27.600000381469727,642200
2016-08-17,27.68000030517578,27.709999084472656,26.93000030517578,27.1200008392334,27.1200008392334,511900
2016-08-18,27.1200008392334,27.51000022888184,26.89999961853028,27.38999938964844,27.38999938964844,337700
2016-08-19,27.440000534057617,27.790000915527344,27.229999542236328,27.46999931335449,27.46999931335449,369700
2016-08-22,27.459999084472656,27.729999542236328,26.790000915527344,26.89999961853028,26.89999961853028,445400
2016-08-23,27.0,27.82999992370605,26.89999961853028,27.479999542236328,27.479999542236328,580700
2016-08-24,27.450000762939453,29.82999992370605,27.36000061035156,29.59000015258789,29.59000015258789,1048000
2016-08-25,29.38999938964844,29.799999237060547,29.36000061035156,29.59000015258789,29.59000015258789,487700
2016-08-26,29.729999542236328,30.209999084472656,29.51000022888184,30.0,30.0,554000
2016-08-29,29.959999084472656,30.11000061035156,29.5,29.959999084472656,29.959999084472656,553800
2016-08-30,29.8700008392334,30.290000915527344,29.76000022888184,30.209999084472656,30.209999084472656,537700
2016-08-31,30.21999931335449,31.01000022888184,30.07999992370605,30.850000381469727,30.850000381469727,583200
2016-09-01,30.770000457763672,31.280000686645508,30.530000686645508,31.239999771118164,31.239999771118164,597000
2016-09-02,31.3700008392334,31.979999542236328,30.3799991607666,31.809999465942383,31.809999465942383,815500
2016-09-06,29.86000061035156,30.81999969482422,29.290000915527344,30.489999771118164,30.489999771118164,1351000
2016-09-07,30.690000534057617,31.059999465942383,30.21999931335449,30.75,30.75,770500
2016-09-08,30.82999992370605,30.989999771118164,30.440000534057617,30.64999961853028,30.64999961853028,418900
2016-09-09,30.420000076293945,31.07999992370605,29.89999961853028,29.89999961853028,29.89999961853028,538900
2016-09-12,29.90999984741211,30.739999771118164,29.90999984741211,30.68000030517578,30.68000030517578,381200
2016-09-13,30.479999542236328,30.81999969482422,29.770000457763672,30.32999992370605,30.32999992370605,396500
2016-09-14,30.459999084472656,30.709999084472656,29.959999084472656,30.01000022888184,30.01000022888184,339400
2016-09-15,30.09000015258789,30.290000915527344,29.979999542236328,30.07999992370605,30.07999992370605,301400
2016-09-16,30.239999771118164,33.02000045776367,29.850000381469727,32.459999084472656,32.459999084472656,2305900
2016-09-19,32.52000045776367,32.560001373291016,31.39999961853028,31.709999084472656,31.709999084472656,671300
2016-09-20,31.790000915527344,32.16999816894531,31.440000534057617,31.520000457763672,31.520000457763672,481000
2016-09-21,31.59000015258789,31.950000762939453,31.13999938964844,31.600000381469727,31.600000381469727,258000
2016-09-22,31.739999771118164,31.979999542236328,30.96999931335449,31.34000015258789,31.34000015258789,543100
2016-09-23,31.43000030517578,31.739999771118164,30.82999992370605,31.059999465942383,31.059999465942383,317000
2016-09-26,30.93000030517578,31.36000061035156,30.690000534057617,30.75,30.75,374000
2016-09-27,30.780000686645508,31.40999984741211,30.780000686645508,30.89999961853028,30.89999961853028,342700
2016-09-28,31.01000022888184,31.530000686645508,30.600000381469727,30.96999931335449,30.96999931335449,407500
2016-09-29,30.950000762939453,31.1200008392334,30.600000381469727,30.63999938964844,30.63999938964844,404400
2016-09-30,30.81999969482422,30.920000076293945,30.520000457763672,30.65999984741211,30.65999984741211,465000
2016-10-03,30.40999984741211,30.63999938964844,30.020000457763672,30.36000061035156,30.36000061035156,471800
2016-10-04,30.3799991607666,30.729999542236328,30.059999465942383,30.15999984741211,30.15999984741211,330100
2016-10-05,30.3700008392334,30.559999465942383,30.11000061035156,30.25,30.25,319300
2016-10-06,30.280000686645508,30.280000686645508,29.729999542236328,30.040000915527344,30.040000915527344,954200
2016-10-07,30.020000457763672,30.309999465942383,29.459999084472656,29.8799991607666,29.8799991607666,442200
2016-10-10,30.0,30.32999992370605,29.81999969482422,29.90999984741211,29.90999984741211,500700
2016-10-11,29.90999984741211,29.90999984741211,29.51000022888184,29.559999465942383,29.559999465942383,454400
2016-10-12,29.6200008392334,29.89999961853028,29.39999961853028,29.63999938964844,29.63999938964844,309600
2016-10-13,29.46999931335449,29.75,29.25,29.64999961853028,29.64999961853028,307600
2016-10-14,29.71999931335449,29.799999237060547,29.450000762939453,29.520000457763672,29.520000457763672,204200
2016-10-17,29.43000030517578,29.739999771118164,29.43000030517578,29.6299991607666,29.6299991607666,283900
2016-10-18,29.84000015258789,30.06999969482422,29.65999984741211,29.959999084472656,29.959999084472656,321600
2016-10-19,29.88999938964844,29.989999771118164,29.63999938964844,29.63999938964844,29.63999938964844,426000
2016-10-20,29.46999931335449,29.8799991607666,29.290000915527344,29.729999542236328,29.729999542236328,272500
2016-10-21,29.450000762939453,30.64999961853028,29.450000762939453,30.18000030517578,30.18000030517578,250300
2016-10-24,30.43000030517578,30.43000030517578,29.809999465942383,29.920000076293945,29.920000076293945,290400
2016-10-25,29.549999237060547,29.96999931335449,29.459999084472656,29.71999931335449,29.71999931335449,337900
2016-10-26,29.5,29.68000030517578,29.31999969482422,29.64999961853028,29.64999961853028,346000
2016-10-27,29.809999465942383,29.809999465942383,28.979999542236328,29.0,29.0,1025200
2016-10-28,28.979999542236328,29.36000061035156,28.440000534057617,28.520000457763672,28.520000457763672,814100
2016-10-31,28.71999931335449,29.280000686645508,28.43000030517578,28.790000915527344,28.790000915527344,1032300
2016-11-01,28.76000022888184,28.89999961853028,28.450000762939453,28.600000381469727,28.600000381469727,581100
2016-11-02,28.530000686645508,28.729999542236328,28.21999931335449,28.26000022888184,28.26000022888184,606700
2016-11-03,28.209999084472656,29.350000381469727,27.68000030517578,27.709999084472656,27.709999084472656,475000
2016-11-04,27.780000686645508,27.809999465942383,26.989999771118164,27.11000061035156,27.11000061035156,432500
2016-11-07,27.56999969482422,27.809999465942383,27.280000686645508,27.5,27.5,445000
2016-11-08,27.520000457763672,27.76000022888184,27.36000061035156,27.6200008392334,27.6200008392334,340600
2016-11-09,27.36000061035156,28.34000015258789,27.13999938964844,28.13999938964844,28.13999938964844,521300
2016-11-10,28.309999465942383,28.790000915527344,27.459999084472656,27.75,27.75,769600
2016-11-11,27.76000022888184,28.790000915527344,27.57999992370605,28.71999931335449,28.71999931335449,429100
2016-11-14,28.90999984741211,29.440000534057617,28.76000022888184,29.040000915527344,29.040000915527344,261200
2016-11-15,29.11000061035156,29.790000915527344,28.979999542236328,29.239999771118164,29.239999771118164,270100
2016-11-16,29.209999084472656,29.8799991607666,29.209999084472656,29.75,29.75,205300
2016-11-17,29.790000915527344,29.950000762939453,29.38999938964844,29.520000457763672,29.520000457763672,255900
2016-11-18,29.65999984741211,30.1299991607666,29.280000686645508,29.81999969482422,29.81999969482422,287700
2016-11-21,30.030000686645508,30.030000686645508,29.39999961853028,29.600000381469727,29.600000381469727,209700
2016-11-22,29.809999465942383,30.01000022888184,29.420000076293945,30.0,30.0,190100
2016-11-23,29.8799991607666,30.51000022888184,29.63999938964844,30.5,30.5,155800
2016-11-25,30.18000030517578,30.549999237060547,28.459999084472656,28.940000534057617,28.940000534057617,389200
2016-11-28,28.96999931335449,29.0,28.450000762939453,28.76000022888184,28.76000022888184,236400
2016-11-29,28.46999931335449,29.26000022888184,28.440000534057617,29.14999961853028,29.14999961853028,331300
2016-11-30,29.229999542236328,29.489999771118164,28.780000686645508,29.040000915527344,29.040000915527344,1097500
2016-12-01,29.0,29.540000915527344,28.059999465942383,28.700000762939453,28.700000762939453,456100
2016-12-02,28.549999237060547,29.049999237060547,28.549999237060547,28.950000762939453,28.950000762939453,390800
2016-12-05,29.200000762939453,29.520000457763672,28.93000030517578,29.15999984741211,29.15999984741211,427500
2016-12-06,29.21999931335449,30.07999992370605,28.82999992370605,30.06999969482422,30.06999969482422,412300
2016-12-07,30.13999938964844,30.299999237060547,29.479999542236328,30.170000076293945,30.170000076293945,442500
2016-12-08,30.09000015258789,31.8799991607666,30.06999969482422,31.850000381469727,31.850000381469727,668100
2016-12-09,32.08000183105469,33.220001220703125,31.88999938964844,32.7400016784668,32.7400016784668,736600
2016-12-12,32.5,32.5,31.84000015258789,31.989999771118164,31.989999771118164,337600
2016-12-13,32.04999923706055,32.61000061035156,31.989999771118164,32.16999816894531,32.16999816894531,491800
2016-12-14,32.150001525878906,32.68000030517578,31.709999084472656,32.439998626708984,32.439998626708984,390800
2016-12-15,32.529998779296875,33.0099983215332,32.380001068115234,32.869998931884766,32.869998931884766,354100
2016-12-16,33.0,33.20000076293945,32.06999969482422,32.86000061035156,32.86000061035156,931000
2016-12-19,32.599998474121094,34.0,32.5,33.97999954223633,33.97999954223633,461700
2016-12-20,34.25,34.849998474121094,33.77000045776367,34.5,34.5,702100
2016-12-21,34.349998474121094,34.439998626708984,33.2599983215332,33.380001068115234,33.380001068115234,617100
2016-12-22,33.4900016784668,33.4900016784668,32.2599983215332,32.52000045776367,32.52000045776367,329800
2016-12-23,32.380001068115234,32.709999084472656,32.0099983215332,32.66999816894531,32.66999816894531,394600
2016-12-27,32.59000015258789,33.0,32.459999084472656,32.540000915527344,32.540000915527344,276800
2016-12-28,32.689998626708984,32.689998626708984,31.93000030517578,31.959999084472656,31.959999084472656,286300
2016-12-29,31.8700008392334,32.540000915527344,31.690000534057617,31.86000061035156,31.86000061035156,230200
2016-12-30,31.920000076293945,31.920000076293945,31.350000381469727,31.57999992370605,31.57999992370605,261400
2017-01-03,31.76000022888184,31.84000015258789,31.280000686645508,31.790000915527344,31.790000915527344,320700
2017-01-04,31.82999992370605,32.66999816894531,31.82999992370605,32.61000061035156,32.61000061035156,254600
2017-01-05,32.400001525878906,33.06999969482422,32.209999084472656,33.0,33.0,236100
2017-01-06,33.13999938964844,33.13999938964844,32.599998474121094,32.68000030517578,32.68000030517578,206600
2017-01-09,32.61000061035156,33.33000183105469,32.529998779296875,32.88999938964844,32.88999938964844,216000
2017-01-10,32.9900016784668,33.25,32.7599983215332,33.15999984741211,33.15999984741211,241500
2017-01-11,33.15999984741211,33.22999954223633,32.52000045776367,32.75,32.75,167800
2017-01-12,32.779998779296875,33.9900016784668,31.799999237060547,32.11000061035156,32.11000061035156,198000
2017-01-13,32.150001525878906,32.83000183105469,32.150001525878906,32.5099983215332,32.5099983215332,210200
2017-01-17,32.41999816894531,32.65999984741211,32.11000061035156,32.130001068115234,32.130001068115234,202000
2017-01-18,32.33000183105469,32.41999816894531,31.61000061035156,32.34000015258789,32.34000015258789,209600
2017-01-19,32.310001373291016,32.43000030517578,31.89999961853028,31.96999931335449,31.96999931335449,116400
2017-01-20,31.96999931335449,32.41999816894531,31.86000061035156,32.2599983215332,32.2599983215332,191200
2017-01-23,32.209999084472656,32.43000030517578,31.670000076293945,31.799999237060547,31.799999237060547,189100
2017-01-24,31.86000061035156,32.459999084472656,31.780000686645508,32.310001373291016,32.310001373291016,316300
2017-01-25,32.599998474121094,33.09000015258789,32.43000030517578,32.86000061035156,32.86000061035156,337500
2017-01-26,32.880001068115234,33.0,32.459999084472656,32.65999984741211,32.65999984741211,193700
2017-01-27,32.689998626708984,33.04999923706055,32.20000076293945,33.029998779296875,33.029998779296875,191600
2017-01-30,33.0,33.09000015258789,32.369998931884766,32.880001068115234,32.880001068115234,252700
2017-01-31,32.75,33.650001525878906,32.529998779296875,33.54999923706055,33.54999923706055,363400
2017-02-01,33.79999923706055,33.90999984741211,32.77000045776367,32.95000076293945,32.95000076293945,488300
2017-02-02,32.79999923706055,33.40999984741211,32.20000076293945,32.400001525878906,32.400001525878906,294800
2017-02-03,32.16999816894531,32.75,32.16999816894531,32.439998626708984,32.439998626708984,259200
2017-02-06,30.739999771118164,30.739999771118164,23.049999237060547,23.21999931335449,23.21999931335449,7225200
2017-02-07,20.920000076293945,24.440000534057617,20.809999465942383,22.86000061035156,22.86000061035156,16723900
2017-02-08,22.86000061035156,22.86000061035156,22.86000061035156,22.86000061035156,22.86000061035156,0
2017-02-09,23.0,23.86000061035156,22.950000762939453,23.5,23.5,3253100
2017-02-10,23.46999931335449,24.479999542236328,22.76000022888184,22.809999465942383,22.809999465942383,10732800
2017-02-13,23.09000015258789,23.100000381469727,22.350000381469727,22.799999237060547,22.799999237060547,1455200
2017-02-14,22.799999237060547,22.799999237060547,21.799999237060547,21.950000762939453,21.950000762939453,1114000
2017-02-15,22.01000022888184,22.549999237060547,21.209999084472656,22.489999771118164,22.489999771118164,1495900
2017-02-16,22.51000022888184,23.350000381469727,22.0,23.14999961853028,23.14999961853028,2060500
2017-02-17,23.190000534057617,24.309999465942383,23.14999961853028,24.299999237060547,24.299999237060547,1417200
2017-02-21,24.309999465942383,25.559999465942383,24.309999465942383,24.420000076293945,24.420000076293945,1022900
2017-02-22,24.420000076293945,24.450000762939453,23.96999931335449,24.049999237060547,24.049999237060547,1052200
2017-02-23,24.0,24.25,24.0,24.0,24.0,1050000
2017-02-24,24.07999992370605,25.489999771118164,22.34000015258789,24.489999771118164,24.489999771118164,1150800
2017-02-27,24.600000381469727,24.64999961853028,23.799999237060547,24.280000686645508,24.280000686645508,370800
2017-02-28,24.270000457763672,24.270000457763672,23.950000762939453,23.989999771118164,23.989999771118164,512700
2017-03-01,23.93000030517578,24.239999771118164,23.700000762939453,23.979999542236328,23.979999542236328,333100
2017-03-02,23.81999969482422,24.049999237060547,23.64999961853028,23.670000076293945,23.670000076293945,603100
2017-03-03,23.670000076293945,23.670000076293945,23.0,23.0,23.0,949600
2017-03-06,23.14999961853028,23.14999961853028,22.100000381469727,22.21999931335449,22.21999931335449,720500
2017-03-07,22.09000015258789,22.32999992370605,21.59000015258789,21.780000686645508,21.780000686645508,439900
2017-03-08,21.799999237060547,21.799999237060547,21.64999961853028,21.64999961853028,21.64999961853028,1623200
2017-03-09,21.64999961853028,21.700000762939453,21.299999237060547,21.51000022888184,21.51000022888184,293800
2017-03-10,21.5,21.59000015258789,21.059999465942383,21.13999938964844,21.13999938964844,376000
2017-03-13,21.200000762939453,22.07999992370605,21.13999938964844,22.06999969482422,22.06999969482422,211100
2017-03-14,22.020000457763672,22.100000381469727,21.780000686645508,22.049999237060547,22.049999237060547,145700
2017-03-15,22.059999465942383,22.299999237060547,21.89999961853028,22.100000381469727,22.100000381469727,152600
2017-03-16,22.14999961853028,22.190000534057617,21.89999961853028,21.989999771118164,21.989999771118164,66500
2017-03-17,21.950000762939453,22.040000915527344,21.770000457763672,21.850000381469727,21.850000381469727,191900
2017-03-20,21.799999237060547,21.979999542236328,21.780000686645508,21.81999969482422,21.81999969482422,137900
2017-03-21,21.86000061035156,21.89999961853028,21.56999969482422,21.790000915527344,21.790000915527344,176100
2017-03-22,21.700000762939453,21.90999984741211,21.299999237060547,21.32999992370605,21.32999992370605,797400
2017-03-23,21.309999465942383,21.549999237060547,21.270000457763672,21.39999961853028,21.39999961853028,242200
2017-03-24,21.36000061035156,21.56999969482422,21.239999771118164,21.36000061035156,21.36000061035156,103700
2017-03-27,21.36000061035156,21.770000457763672,21.280000686645508,21.75,21.75,119800
2017-03-28,21.850000381469727,21.950000762939453,21.65999984741211,21.780000686645508,21.780000686645508,257100
2017-03-29,21.89999961853028,21.89999961853028,21.489999771118164,21.75,21.75,159800
2017-03-30,21.6200008392334,21.700000762939453,21.530000686645508,21.549999237060547,21.549999237060547,663700
2017-03-31,21.64999961853028,21.670000076293945,21.540000915527344,21.59000015258789,21.59000015258789,242000
2017-04-03,21.600000381469727,22.020000457763672,21.600000381469727,21.950000762939453,21.950000762939453,95100
2017-04-04,21.89999961853028,21.920000076293945,21.71999931335449,21.920000076293945,21.920000076293945,104600
2017-04-05,21.89999961853028,22.299999237060547,21.89999961853028,22.030000686645508,22.030000686645508,249400
2017-04-06,22.100000381469727,23.229999542236328,22.030000686645508,23.190000534057617,23.190000534057617,1399500
2017-04-07,23.190000534057617,24.100000381469727,23.190000534057617,23.950000762939453,23.950000762939453,719100
2017-04-10,24.0,24.100000381469727,23.780000686645508,23.850000381469727,23.850000381469727,193200
2017-04-11,23.850000381469727,24.479999542236328,23.81999969482422,24.350000381469727,24.350000381469727,106400
2017-04-12,24.39999961853028,25.25,24.39999961853028,25.09000015258789,25.09000015258789,721600
2017-04-13,25.200000762939453,25.780000686645508,25.14999961853028,25.700000762939453,25.700000762939453,309800
2017-04-17,25.739999771118164,26.14999961853028,25.700000762939453,26.100000381469727,26.100000381469727,171700
2017-04-18,26.25,26.88999938964844,26.25,26.700000762939453,26.700000762939453,420500
2017-04-19,26.71999931335449,26.8799991607666,26.450000762939453,26.540000915527344,26.540000915527344,437100
2017-04-20,26.51000022888184,26.51000022888184,26.100000381469727,26.18000030517578,26.18000030517578,703100
2017-04-21,26.13999938964844,26.21999931335449,25.14999961853028,25.5,25.5,155900
2017-04-24,25.14999961853028,25.549999237060547,24.299999237060547,24.75,24.75,388200
2017-04-25,24.809999465942383,24.8700008392334,24.75,24.75,24.75,56400
2017-04-26,24.799999237060547,24.799999237060547,24.68000030517578,24.729999542236328,24.729999542236328,81300
2017-04-27,24.76000022888184,25.39999961853028,24.700000762939453,25.39999961853028,25.39999961853028,881800
2017-04-28,25.25,25.700000762939453,25.25,25.700000762939453,25.700000762939453,22100
2017-05-01,25.690000534057617,25.799999237060547,25.600000381469727,25.700000762939453,25.700000762939453,46900
2017-05-02,25.700000762939453,25.700000762939453,24.799999237060547,25.56999969482422,25.56999969482422,566200
2017-05-03,25.5,25.64999961853028,25.14999961853028,25.14999961853028,25.14999961853028,28900
2017-05-04,25.25,25.39999961853028,24.799999237060547,25.18000030517578,25.18000030517578,674600
2017-05-05,25.18000030517578,25.299999237060547,24.61000061035156,25.21999931335449,25.21999931335449,159300
2017-05-08,25.21999931335449,25.540000915527344,25.0,25.420000076293945,25.420000076293945,515500
2017-05-09,25.420000076293945,25.489999771118164,25.0,25.25,25.25,111500
2017-05-10,25.14999961853028,25.75,25.14999961853028,25.530000686645508,25.530000686645508,283300
2017-05-11,25.530000686645508,26.25,25.520000457763672,26.01000022888184,26.01000022888184,52200
2017-05-12,26.450000762939453,27.25,26.0,26.200000762939453,26.200000762939453,77000
2017-05-15,26.190000534057617,26.200000762939453,25.850000381469727,26.07999992370605,26.07999992370605,24100
2017-05-16,26.020000457763672,26.36000061035156,25.950000762939453,26.32999992370605,26.32999992370605,290000
2017-05-17,26.290000915527344,26.299999237060547,25.799999237060547,26.0,26.0,33700
2017-05-18,26.170000076293945,26.170000076293945,26.0,26.030000686645508,26.030000686645508,22200
2017-05-19,26.01000022888184,26.13999938964844,25.979999542236328,26.0,26.0,357600
2017-05-22,26.0,26.1200008392334,25.89999961853028,26.0,26.0,150800
2017-05-23,26.14999961853028,26.14999961853028,25.39999961853028,25.739999771118164,25.739999771118164,35600
2017-05-24,25.790000915527344,25.790000915527344,24.600000381469727,25.100000381469727,25.100000381469727,116800
2017-05-25,25.200000762939453,25.75,24.31999969482422,24.950000762939453,24.950000762939453,746800
2017-05-26,25.049999237060547,25.049999237060547,24.100000381469727,24.799999237060547,24.799999237060547,44000
2017-05-30,25.0,25.14999961853028,24.770000457763672,24.809999465942383,24.809999465942383,258600
2017-05-31,24.89999961853028,25.200000762939453,24.8799991607666,25.100000381469727,25.100000381469727,569400
2017-06-01,25.200000762939453,25.200000762939453,25.100000381469727,25.15999984741211,25.15999984741211,504000
2017-06-02,25.200000762939453,25.5,25.200000762939453,25.36000061035156,25.36000061035156,24200
2017-06-05,25.350000381469727,25.64999961853028,25.270000457763672,25.38999938964844,25.38999938964844,267900
2017-06-06,25.39999961853028,25.450000762939453,25.290000915527344,25.3799991607666,25.3799991607666,5000
2017-06-07,25.440000534057617,25.700000762939453,25.350000381469727,25.700000762939453,25.700000762939453,346400
2017-06-08,25.64999961853028,25.64999961853028,25.549999237060547,25.61000061035156,25.61000061035156,18700
2017-06-09,25.64999961853028,25.65999984741211,25.600000381469727,25.64999961853028,25.64999961853028,158200
2017-06-12,25.600000381469727,25.770000457763672,25.600000381469727,25.71999931335449,25.71999931335449,51200
2017-06-13,25.75,25.799999237060547,25.700000762939453,25.75,25.75,43900
2017-06-14,25.729999542236328,25.75,25.549999237060547,25.75,25.75,29800
2017-06-15,25.65999984741211,25.71999931335449,25.450000762939453,25.71999931335449,25.71999931335449,485500
2017-06-16,25.71999931335449,25.770000457763672,25.71999931335449,25.729999542236328,25.729999542236328,18900
2017-06-19,25.700000762939453,25.75,25.65999984741211,25.700000762939453,25.700000762939453,4200
2017-06-20,25.75,25.75,25.65999984741211,25.700000762939453,25.700000762939453,33500
2017-06-21,25.770000457763672,26.57999992370605,25.770000457763672,26.049999237060547,26.049999237060547,161900
2017-06-22,26.0,26.049999237060547,25.96999931335449,26.049999237060547,26.049999237060547,96900
2017-06-23,25.89999961853028,26.25,25.89999961853028,26.0,26.0,24300
2017-06-26,26.0,26.549999237060547,26.0,26.21999931335449,26.21999931335449,72800
2017-06-27,26.39999961853028,26.420000076293945,26.25,26.25,26.25,53400
2017-06-28,26.31999969482422,26.350000381469727,26.299999237060547,26.350000381469727,26.350000381469727,68300
2017-06-29,26.32999992370605,26.3700008392334,26.14999961853028,26.200000762939453,26.200000762939453,29200
2017-06-30,26.280000686645508,26.450000762939453,26.25,26.25,26.25,56200
2017-07-03,26.280000686645508,26.770000457763672,26.049999237060547,26.479999542236328,26.479999542236328,14000
2017-07-05,26.39999961853028,26.39999961853028,26.15999984741211,26.200000762939453,26.200000762939453,42800
2017-07-06,26.200000762939453,26.549999237060547,26.14999961853028,26.549999237060547,26.549999237060547,90100
2017-07-07,26.549999237060547,26.950000762939453,26.25,26.950000762939453,26.950000762939453,61200
2017-07-10,26.64999961853028,26.950000762939453,26.350000381469727,26.549999237060547,26.549999237060547,35700
2017-07-11,26.520000457763672,27.0,26.520000457763672,27.0,27.0,9800
2017-07-12,27.0,27.100000381469727,26.75,27.0,27.0,163600
2017-07-13,27.0,27.100000381469727,26.89999961853028,27.100000381469727,27.100000381469727,78300
2017-07-14,27.100000381469727,27.89999961853028,27.100000381469727,27.700000762939453,27.700000762939453,17300
2017-07-17,27.18000030517578,27.75,27.18000030517578,27.25,27.25,70900
2017-07-18,27.39999961853028,27.5,27.25,27.450000762939453,27.450000762939453,13700
2017-07-19,27.5,27.600000381469727,27.25,27.36000061035156,27.36000061035156,21300
2017-07-20,27.25,27.299999237060547,27.25,27.25,27.25,7100
2017-07-21,27.350000381469727,27.350000381469727,27.229999542236328,27.299999237060547,27.299999237060547,16000
2017-07-24,27.299999237060547,27.39999961853028,27.299999237060547,27.36000061035156,27.36000061035156,89600
2017-07-25,27.350000381469727,27.89999961853028,27.25,27.89999961853028,27.89999961853028,255200
2017-07-26,27.89999961853028,28.25,27.780000686645508,28.25,28.25,471100
2017-07-27,28.25,28.5,28.100000381469727,28.5,28.5,135700
2017-07-28,28.450000762939453,30.36000061035156,28.450000762939453,30.09000015258789,30.09000015258789,286200
2017-07-31,30.239999771118164,30.239999771118164,29.989999771118164,30.020000457763672,30.020000457763672,1112800
2017-08-01,30.0,30.39999961853028,30.0,30.0,30.0,149800
2017-08-02,30.18000030517578,30.18000030517578,30.0,30.100000381469727,30.100000381469727,67100
2017-08-03,30.09000015258789,30.09000015258789,29.799999237060547,29.850000381469727,29.850000381469727,132300
2017-08-04,29.850000381469727,29.850000381469727,29.64999961853028,29.799999237060547,29.799999237060547,55500
2017-08-07,29.799999237060547,30.049999237060547,29.64999961853028,29.64999961853028,29.64999961853028,58900
2017-08-08,29.75,29.780000686645508,29.350000381469727,29.39999961853028,29.39999961853028,154600
2017-08-09,29.5,29.61000061035156,28.940000534057617,29.0,29.0,70900
2017-08-10,29.14999961853028,29.600000381469727,28.850000381469727,29.049999237060547,29.049999237060547,24500
2017-08-11,29.0,29.0,28.5,28.75,28.75,9700
2017-08-14,28.950000762939453,28.950000762939453,28.700000762939453,28.700000762939453,28.700000762939453,11700
2017-08-15,28.700000762939453,28.75,28.700000762939453,28.700000762939453,28.700000762939453,11000
2017-08-16,28.700000762939453,28.86000061035156,28.64999961853028,28.700000762939453,28.700000762939453,41200
2017-08-17,28.690000534057617,28.850000381469727,28.64999961853028,28.799999237060547,28.799999237060547,19800
2017-08-18,28.700000762939453,28.799999237060547,28.5,28.59000015258789,28.59000015258789,30700
2017-08-21,28.600000381469727,29.200000762939453,28.59000015258789,29.200000762939453,29.200000762939453,55600
2017-08-22,29.299999237060547,30.049999237060547,29.299999237060547,29.93000030517578,29.93000030517578,229900
2017-08-23,29.89999961853028,29.89999961853028,29.600000381469727,29.700000762939453,29.700000762939453,108100
2017-08-24,29.790000915527344,29.850000381469727,29.600000381469727,29.780000686645508,29.780000686645508,58900
2017-08-25,29.770000457763672,29.770000457763672,29.700000762939453,29.700000762939453,29.700000762939453,24400
2017-08-28,29.600000381469727,29.600000381469727,29.46999931335449,29.57999992370605,29.57999992370605,10600
2017-08-29,29.520000457763672,29.520000457763672,29.049999237060547,29.280000686645508,29.280000686645508,204200
2017-08-30,29.26000022888184,29.26000022888184,29.14999961853028,29.14999961853028,29.14999961853028,31100
2017-08-31,29.14999961853028,29.14999961853028,28.950000762939453,29.049999237060547,29.049999237060547,88800
2017-09-01,29.0,29.14999961853028,28.86000061035156,28.950000762939453,28.950000762939453,116000
2017-09-05,28.89999961853028,28.89999961853028,28.86000061035156,28.88999938964844,28.88999938964844,51600
2017-09-06,28.89999961853028,28.989999771118164,28.799999237060547,28.8700008392334,28.8700008392334,196400
2017-09-07,28.89999961853028,28.950000762939453,28.850000381469727,28.850000381469727,28.850000381469727,24800
2017-09-08,28.8799991607666,28.96999931335449,28.549999237060547,28.75,28.75,313900
2017-09-11,28.709999084472656,29.0,26.0,28.549999237060547,28.549999237060547,768700
2017-09-12,28.39999961853028,29.850000381469727,28.39999961853028,29.850000381469727,29.850000381469727,233600
2017-09-13,29.700000762939453,29.75,29.25,29.450000762939453,29.450000762939453,170500
2017-09-14,29.549999237060547,29.549999237060547,28.770000457763672,29.450000762939453,29.450000762939453,13900
2017-09-15,29.450000762939453,29.450000762939453,28.690000534057617,29.25,29.25,7600
2017-09-18,29.299999237060547,29.520000457763672,29.0,29.39999961853028,29.39999961853028,78100
2017-09-19,29.0,29.39999961853028,28.799999237060547,29.100000381469727,29.100000381469727,34300
2017-09-20,29.100000381469727,29.14999961853028,28.75,29.14999961853028,29.14999961853028,6500
2017-09-21,29.01000022888184,29.14999961853028,28.850000381469727,28.850000381469727,28.850000381469727,63600
2017-09-22,28.89999961853028,29.200000762939453,28.850000381469727,29.100000381469727,29.100000381469727,12900
2017-09-25,29.100000381469727,29.1200008392334,28.700000762939453,28.75,28.75,49400
2017-09-26,28.61000061035156,28.75,28.25,28.39999961853028,28.39999961853028,2500
2017-09-27,28.51000022888184,28.51000022888184,28.200000762939453,28.39999961853028,28.39999961853028,45300
2017-09-28,28.39999961853028,28.450000762939453,28.030000686645508,28.200000762939453,28.200000762939453,85300
2017-09-29,28.25,29.299999237060547,28.25,28.75,28.75,208600
2017-10-02,28.89999961853028,29.0,28.700000762939453,28.75,28.75,67000
2017-10-03,28.64999961853028,29.0,28.64999961853028,28.700000762939453,28.700000762939453,46400
2017-10-04,28.75,29.049999237060547,28.75,29.0,29.0,109700
2017-10-05,29.049999237060547,29.049999237060547,28.700000762939453,28.850000381469727,28.850000381469727,60800
2017-10-06,28.76000022888184,29.030000686645508,28.76000022888184,29.030000686645508,29.030000686645508,21900
2017-10-09,29.030000686645508,29.030000686645508,28.82999992370605,28.89999961853028,28.89999961853028,7100
2017-10-10,28.75,28.75,28.350000381469727,28.63999938964844,28.63999938964844,6600
2017-10-11,28.5,28.64999961853028,28.3700008392334,28.5,28.5,18100
2017-10-12,28.39999961853028,28.59000015258789,28.25,28.5,28.5,9100
2017-10-13,28.5,28.549999237060547,28.15999984741211,28.350000381469727,28.350000381469727,33400
2017-10-16,28.25,28.25,28.0,28.100000381469727,28.100000381469727,31800
2017-10-17,28.049999237060547,28.14999961853028,28.049999237060547,28.049999237060547,28.049999237060547,38900
2017-10-18,28.14999961853028,28.14999961853028,28.0,28.049999237060547,28.049999237060547,39100
2017-10-19,28.020000457763672,28.040000915527344,27.39999961853028,27.700000762939453,27.700000762939453,71300
2017-10-20,27.75,28.0,27.64999961853028,28.0,28.0,11800
2017-10-23,28.0,28.049999237060547,27.850000381469727,28.049999237060547,28.049999237060547,111500
2017-10-24,28.0,28.0,27.65999984741211,27.989999771118164,27.989999771118164,59800
2017-10-25,27.64999961853028,29.100000381469727,27.25,29.0,29.0,954400
2017-10-26,29.100000381469727,29.75,29.0,29.71999931335449,29.71999931335449,942700
2017-10-27,29.559999465942383,29.690000534057617,29.39999961853028,29.68000030517578,29.68000030517578,54200
2017-10-30,29.64999961853028,30.11000061035156,29.64999961853028,29.989999771118164,29.989999771118164,95700
2017-10-31,29.89999961853028,31.0,29.8700008392334,29.8700008392334,29.8700008392334,125800
2017-11-01,29.8700008392334,29.89999961853028,29.5,29.68000030517578,29.68000030517578,90000
2017-11-02,29.700000762939453,29.850000381469727,29.68000030517578,29.75,29.75,145300
2017-11-03,29.709999084472656,29.799999237060547,29.56999969482422,29.799999237060547,29.799999237060547,219800
2017-11-06,29.64999961853028,29.89999961853028,29.64999961853028,29.89999961853028,29.89999961853028,60700
2017-11-07,30.0,30.049999237060547,29.89999961853028,30.049999237060547,30.049999237060547,188500
2017-11-08,30.049999237060547,30.200000762939453,30.049999237060547,30.13999938964844,30.13999938964844,22200
2017-11-09,30.14999961853028,30.14999961853028,30.020000457763672,30.100000381469727,30.100000381469727,54000
2017-11-10,30.049999237060547,30.1299991607666,30.020000457763672,30.049999237060547,30.049999237060547,4800
2017-11-13,30.049999237060547,30.06999969482422,30.01000022888184,30.06999969482422,30.06999969482422,7500
2017-11-14,30.06999969482422,30.06999969482422,29.549999237060547,29.75,29.75,32200
2017-11-15,29.89999961853028,29.89999961853028,28.89999961853028,29.030000686645508,29.030000686645508,51900
2017-11-16,29.700000762939453,29.700000762939453,29.25,29.350000381469727,29.350000381469727,22900
2017-11-17,29.25,29.450000762939453,29.09000015258789,29.09000015258789,29.09000015258789,40500
2017-11-20,29.14999961853028,29.350000381469727,28.700000762939453,29.049999237060547,29.049999237060547,37900
2017-11-21,28.89999961853028,29.14999961853028,28.89999961853028,29.14999961853028,29.14999961853028,62100
2017-11-22,29.100000381469727,29.290000915527344,29.049999237060547,29.14999961853028,29.14999961853028,30200
2017-11-24,29.200000762939453,29.25,29.200000762939453,29.25,29.25,2300
2017-11-27,29.25,29.350000381469727,29.14999961853028,29.14999961853028,29.14999961853028,448200
2017-11-28,29.14999961853028,29.25,29.0,29.200000762939453,29.200000762939453,39300
2017-11-29,29.200000762939453,29.200000762939453,29.01000022888184,29.049999237060547,29.049999237060547,1900
2017-11-30,29.0,29.0,28.549999237060547,28.989999771118164,28.989999771118164,5700
2017-12-01,28.799999237060547,28.989999771118164,28.59000015258789,28.59000015258789,28.59000015258789,15700
2017-12-04,28.88999938964844,28.88999938964844,28.5,28.690000534057617,28.690000534057617,7300
2017-12-05,28.51000022888184,28.75,28.459999084472656,28.51000022888184,28.51000022888184,189300
2017-12-06,28.5,28.520000457763672,28.450000762939453,28.489999771118164,28.489999771118164,26900
2017-12-07,28.5,28.520000457763672,27.76000022888184,27.979999542236328,27.979999542236328,61300
2017-12-08,28.0,28.25,27.799999237060547,27.950000762939453,27.950000762939453,27700
2017-12-11,27.950000762939453,28.0,27.450000762939453,27.799999237060547,27.799999237060547,15100
2017-12-12,27.549999237060547,27.700000762939453,27.43000030517578,27.450000762939453,27.450000762939453,25400
2017-12-13,27.489999771118164,27.6200008392334,27.350000381469727,27.61000061035156,27.61000061035156,161400
2017-12-14,27.520000457763672,27.520000457763672,27.450000762939453,27.5,27.5,818100
2017-12-15,27.46999931335449,27.61000061035156,27.46999931335449,27.5,27.5,108600
2017-12-18,27.5,27.63999938964844,27.5,27.549999237060547,27.549999237060547,664600
2017-12-19,27.51000022888184,27.56999969482422,27.51000022888184,27.559999465942383,27.559999465942383,30000
2017-12-20,27.549999237060547,27.559999465942383,27.489999771118164,27.51000022888184,27.51000022888184,34800
2017-12-21,27.5,27.75,27.489999771118164,27.75,27.75,236500
2017-12-22,27.549999237060547,28.89999961853028,27.549999237060547,27.89999961853028,27.89999961853028,10800
2017-12-26,27.75,28.0,27.68000030517578,27.75,27.75,68800
2017-12-27,27.75,27.950000762939453,27.75,27.75,27.75,47300
2017-12-28,27.799999237060547,28.700000762939453,27.75,28.700000762939453,28.700000762939453,27500
2017-12-29,28.700000762939453,28.75,28.25,28.5,28.5,23700
2018-01-02,28.5,28.5,28.0,28.420000076293945,28.420000076293945,66100
2018-01-03,28.3700008392334,29.0,28.3700008392334,28.5,28.5,126700
2018-01-04,28.600000381469727,28.64999961853028,28.450000762939453,28.600000381469727,28.600000381469727,106900
2018-01-05,28.479999542236328,28.59000015258789,28.479999542236328,28.5,28.5,9900
2018-01-08,28.5,28.5,28.46999931335449,28.5,28.5,37500
2018-01-09,28.5,28.5,28.46999931335449,28.5,28.5,59300
2018-01-10,28.540000915527344,28.540000915527344,28.479999542236328,28.5,28.5,64300
2018-01-11,28.530000686645508,28.799999237060547,28.530000686645508,28.799999237060547,28.799999237060547,16100
2018-01-12,28.51000022888184,29.18000030517578,28.5,29.100000381469727,29.100000381469727,99000
2018-01-16,28.5,28.5,23.299999237060547,24.450000762939453,24.450000762939453,504700
2018-01-17,24.64999961853028,24.75,24.38999938964844,24.43000030517578,24.43000030517578,534600
2018-01-18,24.46999931335449,24.5,24.0,24.0,24.0,552100
2018-01-19,24.0,24.0,23.850000381469727,24.0,24.0,73400
2018-01-22,23.989999771118164,24.0,22.25,23.75,23.75,73000
2018-01-23,23.89999961853028,23.89999961853028,23.450000762939453,23.64999961853028,23.64999961853028,367700
2018-01-24,25.5,25.5,23.5,23.700000762939453,23.700000762939453,287200
2018-01-25,23.75,23.89999961853028,23.549999237060547,23.8700008392334,23.8700008392334,32800
2018-01-26,23.89999961853028,23.89999961853028,23.57999992370605,23.75,23.75,152800
2018-01-29,23.75,23.75,23.549999237060547,23.6200008392334,23.6200008392334,87200
2018-01-30,23.5,23.600000381469727,23.0,23.030000686645508,23.030000686645508,54100
2018-01-31,23.01000022888184,23.049999237060547,22.5,22.64999961853028,22.64999961853028,591700
2018-02-01,22.64999961853028,22.700000762939453,22.40999984741211,22.64999961853028,22.64999961853028,44100
2018-02-02,22.549999237060547,22.549999237060547,21.89999961853028,22.049999237060547,22.049999237060547,38100
2018-02-05,22.049999237060547,22.049999237060547,21.89999961853028,22.0,22.0,46700
2018-02-06,21.90999984741211,22.0,21.450000762939453,21.450000762939453,21.450000762939453,141400
2018-02-07,21.75,21.75,21.600000381469727,21.600000381469727,21.600000381469727,16100
2018-02-08,21.64999961853028,21.989999771118164,20.959999084472656,21.049999237060547,21.049999237060547,34300
2018-02-09,21.14999961853028,21.440000534057617,21.0,21.0,21.0,355100
2018-02-12,21.049999237060547,21.299999237060547,21.049999237060547,21.299999237060547,21.299999237060547,43700
2018-02-13,21.25,21.25,21.14999961853028,21.25,21.25,71900
2018-02-14,21.25,21.39999961853028,21.18000030517578,21.39999961853028,21.39999961853028,92900
2018-02-15,21.5,21.75,21.299999237060547,21.75,21.75,24200
2018-02-16,21.700000762939453,21.709999084472656,21.5,21.700000762939453,21.700000762939453,129500
2018-02-20,21.75,21.75,21.700000762939453,21.700000762939453,21.700000762939453,10500
2018-02-21,21.75,21.75,21.5,21.5,21.5,29100
2018-02-22,21.530000686645508,21.549999237060547,21.5,21.51000022888184,21.51000022888184,9100
2018-02-23,21.700000762939453,21.75,21.600000381469727,21.75,21.75,19100
2018-02-26,21.75,21.75,21.5,21.75,21.75,31700
2018-02-27,21.75,22.0,21.6299991607666,22.0,22.0,30600
2018-02-28,21.799999237060547,22.049999237060547,21.780000686645508,22.0,22.0,360600
2018-03-01,22.049999237060547,22.600000381469727,22.049999237060547,22.600000381469727,22.600000381469727,72900
2018-03-02,22.600000381469727,23.200000762939453,22.5,23.200000762939453,23.200000762939453,283800
2018-03-05,23.25,25.5,23.25,25.5,25.5,119300
2018-03-06,25.64999961853028,25.64999961853028,24.25,25.25,25.25,37600
2018-03-07,25.0,25.64999961853028,25.0,25.64999961853028,25.64999961853028,50700
2018-03-08,25.64999961853028,25.739999771118164,25.450000762939453,25.739999771118164,25.739999771118164,35000
2018-03-09,25.739999771118164,25.8799991607666,25.489999771118164,25.8799991607666,25.8799991607666,245800
2018-03-12,25.84000015258789,26.5,25.75,26.5,26.5,36600
2018-03-13,26.049999237060547,26.239999771118164,25.75,26.09000015258789,26.09000015258789,58500
2018-03-14,26.049999237060547,26.799999237060547,25.75,26.799999237060547,26.799999237060547,72300
2018-03-15,26.200000762939453,26.790000915527344,26.14999961853028,26.290000915527344,26.290000915527344,13500
2018-03-16,26.290000915527344,26.299999237060547,26.25,26.299999237060547,26.299999237060547,8400
2018-03-19,26.25,26.280000686645508,26.049999237060547,26.100000381469727,26.100000381469727,27300
2018-03-20,26.0,26.049999237060547,26.0,26.0,26.0,27100
2018-03-21,26.0,26.0,25.25,25.799999237060547,25.799999237060547,41600
2018-03-22,26.100000381469727,26.100000381469727,25.950000762939453,26.100000381469727,26.100000381469727,4000
2018-03-23,26.200000762939453,26.200000762939453,26.0,26.01000022888184,26.01000022888184,189500
2018-03-26,26.059999465942383,26.059999465942383,22.450000762939453,23.89999961853028,23.89999961853028,595400
2018-03-27,23.89999961853028,24.5,23.700000762939453,24.5,24.5,88800
2018-03-28,24.0,24.5,24.0,24.32999992370605,24.32999992370605,46200
2018-03-29,24.25,24.299999237060547,23.75,24.06999969482422,24.06999969482422,57600
2018-04-02,23.89999961853028,24.020000457763672,23.75,23.8700008392334,23.8700008392334,34200
2018-04-03,23.770000457763672,24.049999237060547,23.770000457763672,23.89999961853028,23.89999961853028,14000
2018-04-04,23.979999542236328,23.989999771118164,22.5,23.75,23.75,13900
2018-04-05,23.75,23.940000534057617,23.25,23.5,23.5,29100
2018-04-06,23.739999771118164,23.739999771118164,23.25,23.25,23.25,1500
2018-04-09,23.200000762939453,23.200000762939453,23.0,23.0,23.0,27800
2018-04-10,23.0,23.14999961853028,22.5,22.700000762939453,22.700000762939453,11100
2018-04-11,22.6299991607666,22.700000762939453,22.100000381469727,22.1299991607666,22.1299991607666,16700
2018-04-12,22.100000381469727,22.25,21.75,22.25,22.25,63700
2018-04-13,22.200000762939453,22.200000762939453,21.75,22.14999961853028,22.14999961853028,29300
2018-04-16,22.200000762939453,22.200000762939453,21.0,21.299999237060547,21.299999237060547,108200
2018-04-17,21.25,21.25,21.0,21.14999961853028,21.14999961853028,118800
2018-04-18,21.040000915527344,21.299999237060547,20.56999969482422,21.14999961853028,21.14999961853028,132000
2018-04-19,21.14999961853028,21.14999961853028,20.89999961853028,21.020000457763672,21.020000457763672,41400
2018-04-20,21.100000381469727,21.239999771118164,20.940000534057617,21.100000381469727,21.100000381469727,117700
2018-04-23,21.200000762939453,22.100000381469727,21.100000381469727,21.549999237060547,21.549999237060547,119600
2018-04-24,21.75,21.75,21.299999237060547,21.489999771118164,21.489999771118164,11600
2018-04-25,21.40999984741211,21.5,21.25,21.350000381469727,21.350000381469727,11200
2018-04-26,21.440000534057617,21.5,21.350000381469727,21.450000762939453,21.450000762939453,660100
2018-04-27,21.43000030517578,21.43000030517578,21.25,21.299999237060547,21.299999237060547,4200
2018-04-30,21.3799991607666,21.3799991607666,21.200000762939453,21.200000762939453,21.200000762939453,8000
2018-05-01,21.100000381469727,21.34000015258789,21.049999237060547,21.239999771118164,21.239999771118164,159900
2018-05-02,21.280000686645508,21.280000686645508,20.780000686645508,20.950000762939453,20.950000762939453,22900
2018-05-03,21.0,21.0,20.01000022888184,20.01000022888184,20.01000022888184,13900
2018-05-04,20.25,20.25,19.770000457763672,20.209999084472656,20.209999084472656,39000
2018-05-07,20.21999931335449,21.0,20.21999931335449,20.40999984741211,20.40999984741211,91600
2018-05-08,20.200000762939453,20.34000015258789,19.81999969482422,20.09000015258789,20.09000015258789,46100
2018-05-09,20.100000381469727,20.100000381469727,19.64999961853028,19.64999961853028,19.64999961853028,16700
2018-05-10,19.68000030517578,20.850000381469727,19.299999237060547,20.64999961853028,20.64999961853028,437800
2018-05-11,20.5,20.799999237060547,20.350000381469727,20.5,20.5,22500
2018-05-14,20.5,20.549999237060547,20.25,20.39999961853028,20.39999961853028,236700
2018-05-15,20.39999961853028,20.549999237060547,20.299999237060547,20.5,20.5,20200
2018-05-16,20.5,21.489999771118164,20.5,21.489999771118164,21.489999771118164,10900
2018-05-17,21.489999771118164,21.75,21.059999465942383,21.75,21.75,21400
2018-05-18,21.75,22.739999771118164,21.75,22.739999771118164,22.739999771118164,217400
2018-05-21,22.549999237060547,22.75,22.549999237060547,22.75,22.75,3700
2018-05-22,22.850000381469727,23.14999961853028,22.75,23.14999961853028,23.14999961853028,69100
2018-05-23,23.100000381469727,23.3799991607666,23.049999237060547,23.3799991607666,23.3799991607666,42900
2018-05-24,23.3799991607666,23.8799991607666,23.3799991607666,23.8799991607666,23.8799991607666,37500
2018-05-25,23.6299991607666,23.729999542236328,23.600000381469727,23.729999542236328,23.729999542236328,14000
2018-05-29,23.84000015258789,24.64999961853028,23.799999237060547,24.600000381469727,24.600000381469727,18600
2018-05-30,24.64999961853028,25.200000762939453,24.64999961853028,25.100000381469727,25.100000381469727,113900
2018-05-31,25.13999938964844,25.13999938964844,24.059999465942383,25.0,25.0,170700
2018-06-01,25.100000381469727,25.100000381469727,24.049999237060547,24.049999237060547,24.049999237060547,103500
2018-06-04,24.350000381469727,25.0,24.14999961853028,24.479999542236328,24.479999542236328,38700
2018-06-05,24.40999984741211,24.920000076293945,23.76000022888184,24.229999542236328,24.229999542236328,158200
2018-06-06,23.989999771118164,24.450000762939453,23.75,23.81999969482422,23.81999969482422,71500
2018-06-07,24.0,24.0,23.26000022888184,23.299999237060547,23.299999237060547,17800
2018-06-08,23.309999465942383,24.1299991607666,23.309999465942383,23.479999542236328,23.479999542236328,58800
2018-06-11,23.549999237060547,23.75,23.459999084472656,23.479999542236328,23.479999542236328,24500
2018-06-12,23.89999961853028,24.89999961853028,23.5,24.75,24.75,173100
2018-06-13,24.799999237060547,25.559999465942383,24.100000381469727,24.6299991607666,24.6299991607666,33000
2018-06-14,24.6200008392334,25.13999938964844,22.76000022888184,24.040000915527344,24.040000915527344,52600
2018-06-15,24.030000686645508,25.600000381469727,24.030000686645508,25.3799991607666,25.3799991607666,153000
2018-06-18,24.82999992370605,25.64999961853028,24.309999465942383,24.5,24.5,108200
2018-06-19,23.690000534057617,25.0,23.5,25.0,25.0,25600
2018-06-20,24.989999771118164,25.690000534057617,24.56999969482422,24.799999237060547,24.799999237060547,155900
2018-06-21,24.86000061035156,24.86000061035156,23.709999084472656,24.209999084472656,24.209999084472656,20000
2018-06-22,24.200000762939453,24.450000762939453,22.100000381469727,22.5,22.5,172400
2018-06-25,22.34000015258789,22.56999969482422,21.0,21.780000686645508,21.780000686645508,66000
2018-06-26,22.040000915527344,22.040000915527344,21.25,21.700000762939453,21.700000762939453,50400
2018-06-27,21.690000534057617,22.059999465942383,20.549999237060547,21.1200008392334,21.1200008392334,119500
2018-06-28,20.979999542236328,21.420000076293945,20.25,21.030000686645508,21.030000686645508,54300
2018-06-29,21.100000381469727,21.8700008392334,20.270000457763672,21.799999237060547,21.799999237060547,161100
2018-07-02,21.799999237060547,21.950000762939453,20.989999771118164,21.950000762939453,21.950000762939453,112600
2018-07-03,21.96999931335449,22.799999237060547,21.96999931335449,22.479999542236328,22.479999542236328,22700
2018-07-05,22.46999931335449,22.6200008392334,21.88999938964844,22.3700008392334,22.3700008392334,64200
2018-07-06,21.559999465942383,22.64999961853028,21.559999465942383,22.64999961853028,22.64999961853028,98900
2018-07-09,22.40999984741211,22.559999465942383,21.549999237060547,22.239999771118164,22.239999771118164,55300
2018-07-10,22.26000022888184,22.39999961853028,21.75,22.25,22.25,29500
2018-07-11,22.170000076293945,22.979999542236328,21.530000686645508,22.290000915527344,22.290000915527344,129400
2018-07-12,22.280000686645508,22.39999961853028,21.520000457763672,22.200000762939453,22.200000762939453,31700
2018-07-13,22.190000534057617,22.39999961853028,21.88999938964844,22.13999938964844,22.13999938964844,78700
2018-07-16,22.1200008392334,22.1200008392334,21.09000015258789,21.450000762939453,21.450000762939453,36000
2018-07-17,21.46999931335449,21.950000762939453,21.01000022888184,21.459999084472656,21.459999084472656,79500
2018-07-18,21.09000015258789,21.920000076293945,21.09000015258789,21.25,21.25,82000
2018-07-19,21.290000915527344,21.489999771118164,20.75,20.96999931335449,20.96999931335449,110200
2018-07-20,20.959999084472656,21.3700008392334,20.420000076293945,20.61000061035156,20.61000061035156,208400
2018-07-23,20.700000762939453,22.0,20.020000457763672,20.3700008392334,20.3700008392334,172800
2018-07-24,20.5,20.959999084472656,20.5,20.65999984741211,20.65999984741211,81000
2018-07-25,20.75,21.200000762939453,20.3799991607666,20.46999931335449,20.46999931335449,56300
2018-07-26,20.0,20.549999237060547,19.86000061035156,19.979999542236328,19.979999542236328,54900
2018-07-27,20.0,20.0,19.32999992370605,19.670000076293945,19.670000076293945,37500
2018-07-30,19.61000061035156,19.989999771118164,19.3799991607666,19.6200008392334,19.6200008392334,170600
2018-07-31,19.64999961853028,20.6200008392334,19.530000686645508,20.0,20.0,153100
2018-08-01,19.989999771118164,20.0,19.229999542236328,19.299999237060547,19.299999237060547,233500
2018-08-02,19.299999237060547,19.8700008392334,18.8700008392334,19.68000030517578,19.68000030517578,167800
2018-08-03,19.670000076293945,19.700000762939453,19.39999961853028,19.489999771118164,19.489999771118164,45300
2018-08-06,19.5,19.71999931335449,19.290000915527344,19.51000022888184,19.51000022888184,65600
2018-08-07,19.549999237060547,19.809999465942383,18.59000015258789,19.450000762939453,19.450000762939453,77300
2018-08-08,19.459999084472656,19.959999084472656,18.959999084472656,19.739999771118164,19.739999771118164,148100
2018-08-09,19.770000457763672,19.979999542236328,19.489999771118164,19.549999237060547,19.549999237060547,99800
2018-08-10,18.82999992370605,19.75,18.82999992370605,19.57999992370605,19.57999992370605,171300
2018-08-13,19.0,19.71999931335449,18.989999771118164,19.26000022888184,19.26000022888184,153600
2018-08-14,19.26000022888184,19.26000022888184,18.36000061035156,18.61000061035156,18.61000061035156,116600
2018-08-15,18.5,20.11000061035156,18.5,19.420000076293945,19.420000076293945,239800
2018-08-16,19.39999961853028,19.450000762939453,18.799999237060547,18.88999938964844,18.88999938964844,128300
2018-08-17,18.86000061035156,19.18000030517578,18.63999938964844,18.739999771118164,18.739999771118164,98800
2018-08-20,18.690000534057617,19.1200008392334,18.63999938964844,18.96999931335449,18.96999931335449,148100
2018-08-21,18.96999931335449,19.100000381469727,18.690000534057617,19.0,19.0,164800
2018-08-22,18.989999771118164,19.200000762939453,18.790000915527344,19.100000381469727,19.100000381469727,158100
2018-08-23,19.100000381469727,19.299999237060547,18.8700008392334,18.920000076293945,18.920000076293945,234800
2018-08-24,18.93000030517578,19.280000686645508,18.729999542236328,18.959999084472656,18.959999084472656,134200
2018-08-27,18.959999084472656,19.1299991607666,18.82999992370605,19.07999992370605,19.07999992370605,147900
2018-08-28,19.06999969482422,19.13999938964844,18.86000061035156,19.06999969482422,19.06999969482422,211900
2018-08-29,19.040000915527344,19.299999237060547,18.8799991607666,18.950000762939453,18.950000762939453,133400
2018-08-30,18.979999542236328,19.299999237060547,18.920000076293945,19.11000061035156,19.11000061035156,246400
2018-08-31,19.100000381469727,19.14999961853028,18.86000061035156,18.88999938964844,18.88999938964844,142400
2018-09-04,18.850000381469727,19.0,18.57999992370605,18.739999771118164,18.739999771118164,259400
2018-09-05,18.68000030517578,18.8700008392334,17.93000030517578,18.07999992370605,18.07999992370605,254400
2018-09-06,18.0,18.15999984741211,17.719999313354492,18.059999465942383,18.059999465942383,223600
2018-09-07,18.0,18.540000915527344,17.809999465942383,18.18000030517578,18.18000030517578,313500
2018-09-10,18.200000762939453,19.200000762939453,18.15999984741211,18.75,18.75,488500
2018-09-11,18.709999084472656,19.239999771118164,18.700000762939453,19.239999771118164,19.239999771118164,363700
2018-09-12,19.200000762939453,19.959999084472656,19.059999465942383,19.739999771118164,19.739999771118164,561300
2018-09-13,19.76000022888184,20.40999984741211,19.68000030517578,19.770000457763672,19.770000457763672,387400
2018-09-14,19.81999969482422,20.239999771118164,19.36000061035156,19.75,19.75,490100
2018-09-17,19.700000762939453,20.14999961853028,19.40999984741211,19.5,19.5,358900
2018-09-18,19.5,19.850000381469727,19.059999465942383,19.459999084472656,19.459999084472656,424200
2018-09-19,19.459999084472656,20.09000015258789,19.440000534057617,20.01000022888184,20.01000022888184,554300
2018-09-20,20.020000457763672,20.8700008392334,19.81999969482422,20.56999969482422,20.56999969482422,654200
2018-09-21,20.559999465942383,21.07999992370605,20.3700008392334,20.520000457763672,20.520000457763672,2295700
2018-09-24,20.440000534057617,20.6200008392334,18.739999771118164,18.790000915527344,18.790000915527344,500400
2018-09-25,18.75,18.920000076293945,18.190000534057617,18.39999961853028,18.39999961853028,328900
2018-09-26,18.46999931335449,18.809999465942383,18.049999237060547,18.1200008392334,18.1200008392334,264100
2018-09-27,18.13999938964844,19.030000686645508,17.959999084472656,18.040000915527344,18.040000915527344,193900
2018-09-28,18.040000915527344,18.26000022888184,17.290000915527344,18.229999542236328,18.229999542236328,320300
2018-10-01,18.239999771118164,20.229999542236328,17.989999771118164,18.06999969482422,18.06999969482422,224300
2018-10-02,18.020000457763672,18.43000030517578,17.799999237060547,18.07999992370605,18.07999992370605,170300
2018-10-03,18.100000381469727,18.86000061035156,18.059999465942383,18.670000076293945,18.670000076293945,173800
2018-10-04,18.600000381469727,18.959999084472656,18.170000076293945,18.51000022888184,18.51000022888184,124400
2018-10-05,18.479999542236328,19.479999542236328,17.959999084472656,18.239999771118164,18.239999771118164,101900
2018-10-08,18.200000762939453,18.479999542236328,17.719999313354492,17.889999389648438,17.889999389648438,156700
2018-10-09,17.829999923706055,18.25,17.780000686645508,17.90999984741211,17.90999984741211,155400
2018-10-10,17.860000610351562,18.549999237060547,17.1200008392334,17.15999984741211,17.15999984741211,214600
2018-10-11,17.149999618530273,17.84000015258789,16.850000381469727,17.229999542236328,17.229999542236328,366500
2018-10-12,17.639999389648438,17.93000030517578,16.989999771118164,17.25,17.25,115900
2018-10-15,17.18000030517578,17.850000381469727,16.520000457763672,16.899999618530273,16.899999618530273,229600
2018-10-16,17.020000457763672,17.299999237060547,16.670000076293945,16.969999313354492,16.969999313354492,767400
2018-10-17,16.959999084472656,17.139999389648438,16.729999542236328,16.899999618530273,16.899999618530273,210800
2018-10-18,16.90999984741211,17.149999618530273,16.020000457763672,16.170000076293945,16.170000076293945,311600
2018-10-19,16.229999542236328,16.399999618530273,15.600000381469728,15.899999618530272,15.899999618530272,138700
2018-10-22,15.960000038146973,16.170000076293945,15.770000457763672,15.989999771118164,15.989999771118164,120900
2018-10-23,15.8100004196167,16.280000686645508,15.65999984741211,16.149999618530273,16.149999618530273,107100
2018-10-24,16.170000076293945,16.520000457763672,15.899999618530272,15.920000076293944,15.920000076293944,137600
2018-10-25,16.049999237060547,16.209999084472656,15.720000267028809,15.760000228881836,15.760000228881836,90400
2018-10-26,15.56999969482422,15.989999771118164,15.079999923706056,15.350000381469728,15.350000381469728,129000
2018-10-29,15.5,16.520000457763672,14.859999656677246,15.140000343322754,15.140000343322754,180100
2018-10-30,15.170000076293944,15.649999618530272,14.649999618530272,15.529999732971191,15.529999732971191,470100
2018-10-31,15.720000267028809,16.010000228881836,15.420000076293944,15.949999809265137,15.949999809265137,228400
2018-11-01,15.970000267028809,16.68000030517578,15.970000267028809,16.6200008392334,16.6200008392334,91000
2018-11-02,16.6200008392334,16.809999465942383,16.469999313354492,16.68000030517578,16.68000030517578,98000
2018-11-05,16.690000534057617,17.100000381469727,16.559999465942383,17.020000457763672,17.020000457763672,88000
2018-11-06,17.100000381469727,17.6200008392334,17.079999923706055,17.200000762939453,17.200000762939453,224400
2018-11-07,17.200000762939453,17.25,16.489999771118164,16.510000228881836,16.510000228881836,109800
2018-11-08,16.489999771118164,17.059999465942383,16.3799991607666,17.020000457763672,17.020000457763672,126300
2018-11-09,17.920000076293945,19.350000381469727,17.510000228881836,17.81999969482422,17.81999969482422,386100
2018-11-12,17.56999969482422,17.729999542236328,16.829999923706055,17.079999923706055,17.079999923706055,221600
2018-11-13,17.25,17.790000915527344,17.200000762939453,17.420000076293945,17.420000076293945,234300
2018-11-14,17.520000457763672,17.770000457763672,16.770000457763672,16.81999969482422,16.81999969482422,167700
2018-11-15,16.709999084472656,17.15999984741211,16.270000457763672,17.0,17.0,174900
2018-11-16,16.950000762939453,17.020000457763672,16.270000457763672,16.950000762939453,16.950000762939453,206200
2018-11-19,16.780000686645508,17.799999237060547,16.469999313354492,16.610000610351562,16.610000610351562,140800
2018-11-20,16.489999771118164,16.520000457763672,15.789999961853027,16.09000015258789,16.09000015258789,181200
2018-11-21,16.09000015258789,16.610000610351562,15.9399995803833,16.399999618530273,16.399999618530273,86700
2018-11-23,16.190000534057617,16.920000076293945,16.190000534057617,16.649999618530273,16.649999618530273,50700
2018-11-26,16.700000762939453,16.969999313354492,16.389999389648438,16.709999084472656,16.709999084472656,116200
2018-11-27,16.510000228881836,16.68000030517578,16.190000534057617,16.600000381469727,16.600000381469727,119700
2018-11-28,16.739999771118164,16.81999969482422,15.81999969482422,16.34000015258789,16.34000015258789,109600
2018-11-29,16.520000457763672,16.950000762939453,16.0,16.100000381469727,16.100000381469727,206500
2018-11-30,16.100000381469727,16.1200008392334,15.5,15.779999732971191,15.779999732971191,467600
2018-12-03,15.779999732971191,16.020000457763672,15.369999885559082,15.550000190734863,15.550000190734863,211200
2018-12-04,15.5,15.600000381469728,14.729999542236328,14.859999656677246,14.859999656677246,234300
2018-12-06,14.550000190734863,15.050000190734863,14.550000190734863,14.93000030517578,14.93000030517578,301900
2018-12-07,14.93000030517578,15.460000038146973,14.880000114440918,14.960000038146973,14.960000038146973,117800
2018-12-10,14.949999809265137,15.4399995803833,14.9399995803833,15.399999618530272,15.399999618530272,108500
2018-12-11,15.479999542236328,16.0,15.470000267028809,15.640000343322754,15.640000343322754,95500
2018-12-12,15.670000076293944,16.489999771118164,15.539999961853027,16.030000686645508,16.030000686645508,92200
2018-12-13,16.040000915527344,16.079999923706055,15.529999732971191,15.699999809265137,15.699999809265137,107800
2018-12-14,15.630000114440918,15.789999961853027,15.449999809265137,15.56999969482422,15.56999969482422,113100
2018-12-17,15.5,15.529999732971191,14.670000076293944,14.789999961853027,14.789999961853027,259300
2018-12-18,14.84000015258789,15.0,14.460000038146973,14.630000114440918,14.630000114440918,194600
2018-12-19,14.619999885559082,14.800000190734863,13.829999923706056,14.100000381469728,14.100000381469728,275600
2018-12-20,14.109999656677246,15.100000381469728,12.850000381469728,13.789999961853027,13.789999961853027,1312700
2018-12-21,13.93000030517578,14.729999542236328,13.229999542236328,13.270000457763672,13.270000457763672,274800
2018-12-24,13.149999618530272,13.520000457763672,13.06999969482422,13.1899995803833,13.1899995803833,112000
2018-12-26,13.260000228881836,13.56999969482422,13.010000228881836,13.399999618530272,13.399999618530272,339700
2018-12-27,12.880000114440918,13.93000030517578,12.880000114440918,13.520000457763672,13.520000457763672,261900
2018-12-28,13.600000381469728,13.890000343322754,13.380000114440918,13.68000030517578,13.68000030517578,225000
2018-12-31,13.6899995803833,14.470000267028809,13.619999885559082,14.43000030517578,14.43000030517578,172400
2019-01-02,14.239999771118164,15.15999984741211,14.109999656677246,14.859999656677246,14.859999656677246,252600
2019-01-03,14.800000190734863,14.970000267028809,14.449999809265137,14.649999618530272,14.649999618530272,114400
2019-01-04,14.770000457763672,15.279999732971191,14.619999885559082,15.210000038146973,15.210000038146973,127000
2019-01-07,15.279999732971191,15.739999771118164,15.279999732971191,15.65999984741211,15.65999984741211,214700
2019-01-08,15.81999969482422,16.200000762939453,15.649999618530272,16.0,16.0,142100
2019-01-09,16.059999465942383,16.1299991607666,15.8100004196167,15.970000267028809,15.970000267028809,73900
2019-01-10,16.219999313354492,16.600000381469727,15.9399995803833,16.600000381469727,16.600000381469727,127100
2019-01-11,16.540000915527344,16.829999923706055,16.5,16.780000686645508,16.780000686645508,86600
2019-01-14,16.68000030517578,17.049999237060547,16.59000015258789,16.770000457763672,16.770000457763672,161600
2019-01-15,16.780000686645508,17.25,16.649999618530273,17.1299991607666,17.1299991607666,145600
2019-01-16,17.149999618530273,17.829999923706055,17.149999618530273,17.3799991607666,17.3799991607666,116700
2019-01-17,17.34000015258789,17.739999771118164,16.899999618530273,17.0,17.0,88400
2019-01-18,17.1299991607666,17.700000762939453,16.90999984741211,17.700000762939453,17.700000762939453,96600
2019-01-22,17.579999923706055,17.940000534057617,17.139999389648438,17.799999237060547,17.799999237060547,114200
2019-01-23,17.799999237060547,18.100000381469727,17.260000228881836,17.979999542236328,17.979999542236328,91300
2019-01-24,17.959999084472656,18.600000381469727,17.93000030517578,18.520000457763672,18.520000457763672,108000
2019-01-25,18.530000686645508,19.420000076293945,18.530000686645508,19.21999931335449,19.21999931335449,147800
2019-01-28,19.07999992370605,19.549999237060547,18.799999237060547,19.43000030517578,19.43000030517578,98200
2019-01-29,19.51000022888184,19.530000686645508,19.040000915527344,19.32999992370605,19.32999992370605,93500
2019-01-30,19.3700008392334,19.540000915527344,18.90999984741211,19.36000061035156,19.36000061035156,116100
2019-01-31,19.3700008392334,20.13999938964844,19.3700008392334,19.690000534057617,19.690000534057617,89900
2019-02-01,19.690000534057617,20.25,19.690000534057617,20.049999237060547,20.049999237060547,175300
2019-02-04,20.049999237060547,20.34000015258789,19.959999084472656,20.309999465942383,20.309999465942383,150800
2019-02-05,20.270000457763672,21.40999984741211,20.270000457763672,20.940000534057617,20.940000534057617,241600
2019-02-06,20.93000030517578,21.170000076293945,20.89999961853028,21.020000457763672,21.020000457763672,215100
2019-02-07,20.920000076293945,21.239999771118164,20.76000022888184,20.93000030517578,20.93000030517578,71700
2019-02-08,20.920000076293945,21.46999931335449,20.920000076293945,21.299999237060547,21.299999237060547,82900
2019-02-11,21.38999938964844,21.82999992370605,21.030000686645508,21.670000076293945,21.670000076293945,105900
2019-02-12,21.82999992370605,22.39999961853028,21.82999992370605,22.0,22.0,123000
2019-02-13,22.1200008392334,22.280000686645508,21.549999237060547,22.1299991607666,22.1299991607666,212100
2019-02-14,22.1299991607666,22.63999938964844,21.89999961853028,22.549999237060547,22.549999237060547,165600
2019-02-15,22.540000915527344,22.89999961853028,22.11000061035156,22.76000022888184,22.76000022888184,131800
2019-02-19,22.729999542236328,23.100000381469727,22.290000915527344,22.3700008392334,22.3700008392334,93700
2019-02-20,22.3700008392334,22.530000686645508,21.90999984741211,22.489999771118164,22.489999771118164,228400
2019-02-21,22.479999542236328,22.479999542236328,22.030000686645508,22.34000015258789,22.34000015258789,175100
2019-02-22,22.32999992370605,22.940000534057617,22.32999992370605,22.84000015258789,22.84000015258789,226200
2019-02-25,22.940000534057617,23.81999969482422,22.86000061035156,23.21999931335449,23.21999931335449,218600
2019-02-26,23.32999992370605,23.32999992370605,22.770000457763672,22.770000457763672,22.770000457763672,77500
2019-02-27,22.71999931335449,23.09000015258789,22.36000061035156,22.38999938964844,22.38999938964844,155000
2019-02-28,22.729999542236328,22.729999542236328,21.670000076293945,21.809999465942383,21.809999465942383,314700
2019-03-01,23.809999465942383,23.88999938964844,22.690000534057617,23.06999969482422,23.06999969482422,394200
2019-03-04,22.5,23.600000381469727,22.5,23.09000015258789,23.09000015258789,243100
2019-03-05,23.100000381469727,23.520000457763672,23.100000381469727,23.209999084472656,23.209999084472656,382300
2019-03-06,23.11000061035156,23.450000762939453,22.559999465942383,23.09000015258789,23.09000015258789,124600
2019-03-07,23.07999992370605,23.32999992370605,22.850000381469727,23.14999961853028,23.14999961853028,164400
2019-03-08,22.81999969482422,22.950000762939453,22.440000534057617,22.690000534057617,22.690000534057617,158100
2019-03-11,22.600000381469727,23.0,22.549999237060547,22.86000061035156,22.86000061035156,160900
2019-03-12,22.850000381469727,23.26000022888184,22.549999237060547,22.799999237060547,22.799999237060547,170500
2019-03-13,22.530000686645508,22.799999237060547,22.11000061035156,22.520000457763672,22.520000457763672,209000
2019-03-14,22.520000457763672,22.530000686645508,22.21999931335449,22.420000076293945,22.420000076293945,113900
2019-03-15,22.350000381469727,22.8700008392334,22.1200008392334,22.31999969482422,22.31999969482422,424100
2019-03-18,22.13999938964844,22.239999771118164,21.76000022888184,21.88999938964844,21.88999938964844,143600
2019-03-19,21.88999938964844,22.13999938964844,21.57999992370605,21.90999984741211,21.90999984741211,107900
2019-03-20,21.81999969482422,22.18000030517578,21.479999542236328,21.88999938964844,21.88999938964844,96900
2019-03-21,21.71999931335449,21.88999938964844,21.51000022888184,21.559999465942383,21.559999465942383,99900
2019-03-22,21.520000457763672,21.520000457763672,20.81999969482422,20.89999961853028,20.89999961853028,120400
2019-03-25,20.86000061035156,20.96999931335449,20.520000457763672,20.700000762939453,20.700000762939453,67700
2019-03-26,20.71999931335449,20.979999542236328,20.64999961853028,20.739999771118164,20.739999771118164,80700
2019-03-27,20.64999961853028,20.8700008392334,20.309999465942383,20.350000381469727,20.350000381469727,91800
2019-03-28,20.309999465942383,20.43000030517578,20.15999984741211,20.26000022888184,20.26000022888184,152600
2019-03-29,20.34000015258789,20.46999931335449,20.07999992370605,20.25,20.25,278900
2019-04-01,15.729999542236328,18.75,14.199999809265137,14.239999771118164,14.239999771118164,1947800
2019-04-02,14.399999618530272,14.520000457763672,13.520000457763672,14.0600004196167,14.0600004196167,1400000
2019-04-03,14.289999961853027,14.4399995803833,13.920000076293944,13.970000267028809,13.970000267028809,537400
2019-04-04,13.989999771118164,14.149999618530272,13.609999656677246,13.649999618530272,13.649999618530272,365600
2019-04-05,13.68000030517578,13.829999923706056,13.149999618530272,13.3100004196167,13.3100004196167,487200
2019-04-08,13.43000030517578,13.489999771118164,13.06999969482422,13.260000228881836,13.260000228881836,284200
2019-04-09,13.229999542236328,13.399999618530272,13.130000114440918,13.149999618530272,13.149999618530272,225600
2019-04-10,13.130000114440918,13.289999961853027,13.06999969482422,13.100000381469728,13.100000381469728,178300
2019-04-11,13.149999618530272,13.229999542236328,12.869999885559082,13.119999885559082,13.119999885559082,279300
2019-04-12,13.1899995803833,13.199999809265137,12.920000076293944,13.119999885559082,13.119999885559082,202100
2019-04-15,13.100000381469728,13.449999809265137,12.949999809265137,13.34000015258789,13.34000015258789,238100
2019-04-16,13.359999656677246,13.5,13.1899995803833,13.300000190734863,13.300000190734863,137500
2019-04-17,13.350000381469728,13.460000038146973,13.15999984741211,13.220000267028809,13.220000267028809,210300
2019-04-18,13.1899995803833,13.239999771118164,12.880000114440918,12.920000076293944,12.920000076293944,143100
2019-04-22,12.920000076293944,12.970000267028809,12.5,12.600000381469728,12.600000381469728,167000
2019-04-23,12.550000190734863,12.75,12.550000190734863,12.630000114440918,12.630000114440918,215600
2019-04-24,12.6899995803833,12.75,12.350000381469728,12.350000381469728,12.350000381469728,260900
2019-04-25,12.350000381469728,12.4399995803833,12.210000038146973,12.31999969482422,12.31999969482422,274800
2019-04-26,12.31999969482422,12.800000190734863,12.31999969482422,12.760000228881836,12.760000228881836,279400
2019-04-29,12.6899995803833,12.859999656677246,12.529999732971191,12.600000381469728,12.600000381469728,190800
2019-04-30,12.600000381469728,12.6899995803833,12.31999969482422,12.550000190734863,12.550000190734863,266400
2019-05-01,12.5600004196167,12.779999732971191,12.279999732971191,12.279999732971191,12.279999732971191,127400
2019-05-02,12.329999923706056,12.449999809265137,12.140000343322754,12.170000076293944,12.170000076293944,153600
2019-05-03,12.149999618530272,12.520000457763672,12.130000114440918,12.520000457763672,12.520000457763672,296000
2019-05-06,12.34000015258789,12.739999771118164,12.18000030517578,12.65999984741211,12.65999984741211,175200
2019-05-07,12.65999984741211,12.670000076293944,12.289999961853027,12.5,12.5,136800
2019-05-08,12.529999732971191,12.81999969482422,12.329999923706056,12.670000076293944,12.670000076293944,133600
2019-05-09,11.93000030517578,12.630000114440918,11.109999656677246,11.34000015258789,11.34000015258789,586600
2019-05-10,11.25,11.399999618530272,11.0600004196167,11.279999732971191,11.279999732971191,458600
2019-05-13,11.010000228881836,11.220000267028809,10.84000015258789,11.18000030517578,11.18000030517578,595600
2019-05-14,11.300000190734863,11.390000343322754,10.949999809265137,10.989999771118164,10.989999771118164,347500
2019-05-15,10.869999885559082,11.050000190734863,10.75,10.93000030517578,10.93000030517578,217500
2019-05-16,10.899999618530272,11.109999656677246,10.770000457763672,10.8100004196167,10.8100004196167,267200
2019-05-17,10.81999969482422,10.949999809265137,10.600000381469728,10.880000114440918,10.880000114440918,248600
2019-05-20,10.84000015258789,10.949999809265137,10.649999618530272,10.739999771118164,10.739999771118164,189500
2019-05-21,10.8100004196167,10.90999984741211,10.600000381469728,10.779999732971191,10.779999732971191,327800
2019-05-22,10.739999771118164,10.779999732971191,10.289999961853027,10.350000381469728,10.350000381469728,407900
2019-05-23,10.239999771118164,10.449999809265137,10.140000343322754,10.350000381469728,10.350000381469728,507600
2019-05-24,10.460000038146973,10.489999771118164,10.0600004196167,10.260000228881836,10.260000228881836,158000
2019-05-28,10.260000228881836,10.43000030517578,9.880000114440918,9.949999809265137,9.949999809265137,243500
2019-05-29,9.84000015258789,9.84000015258789,9.449999809265137,9.600000381469728,9.600000381469728,370900
2019-05-30,9.640000343322754,9.68000030517578,9.399999618530272,9.420000076293944,9.420000076293944,221100
2019-05-31,9.300000190734863,9.399999618530272,9.039999961853027,9.119999885559082,9.119999885559082,504800
2019-06-03,9.140000343322754,9.4399995803833,8.960000038146973,8.970000267028809,8.970000267028809,192000
2019-06-04,8.989999771118164,9.300000190734863,8.779999732971191,8.869999885559082,8.869999885559082,373100
2019-06-05,8.899999618530273,8.989999771118164,8.420000076293945,8.489999771118164,8.489999771118164,449500
2019-06-06,8.5,8.65999984741211,8.350000381469727,8.399999618530273,8.399999618530273,280000
2019-06-07,8.399999618530273,8.449999809265137,8.329999923706055,8.420000076293945,8.420000076293945,415600
2019-06-10,8.430000305175781,8.800000190734863,8.420000076293945,8.4399995803833,8.4399995803833,391200
2019-06-11,8.479999542236328,8.539999961853027,8.300000190734863,8.369999885559082,8.369999885559082,355900
2019-06-12,8.34000015258789,8.539999961853027,8.34000015258789,8.420000076293945,8.420000076293945,332700
2019-06-13,8.449999809265137,8.680000305175781,8.359999656677246,8.5600004196167,8.5600004196167,296200
2019-06-14,8.600000381469727,8.640000343322754,8.279999732971191,8.359999656677246,8.359999656677246,170000
2019-06-17,8.319999694824219,8.579999923706055,8.1899995803833,8.380000114440918,8.380000114440918,262000
2019-06-18,8.40999984741211,8.65999984741211,8.239999771118164,8.270000457763672,8.270000457763672,499700
2019-06-19,8.319999694824219,8.399999618530273,8.15999984741211,8.239999771118164,8.239999771118164,307100
2019-06-20,8.3100004196167,8.420000076293945,8.199999809265137,8.279999732971191,8.279999732971191,304000
2019-06-21,8.25,8.25,7.75,7.75,7.75,373500
2019-06-24,7.75,7.880000114440918,7.289999961853027,7.440000057220459,7.440000057220459,1001800
2019-06-25,7.380000114440918,7.380000114440918,6.079999923706055,6.099999904632568,6.099999904632568,1344700
2019-06-26,6.119999885559082,6.179999828338623,5.300000190734863,5.570000171661377,5.570000171661377,1449500
2019-06-27,5.679999828338623,5.840000152587891,5.179999828338623,5.320000171661377,5.320000171661377,1882000
2019-06-28,5.300000190734863,5.570000171661377,4.96999979019165,5.159999847412109,5.159999847412109,9964800
2019-07-01,5.199999809265137,5.630000114440918,5.199999809265137,5.380000114440918,5.380000114440918,1108000
2019-07-02,5.380000114440918,5.659999847412109,5.380000114440918,5.53000020980835,5.53000020980835,733900
2019-07-03,5.539999961853027,5.590000152587891,5.309999942779541,5.369999885559082,5.369999885559082,315100
2019-07-05,5.340000152587891,5.360000133514404,5.210000038146973,5.300000190734863,5.300000190734863,774000
2019-07-08,5.269999980926514,5.480000019073486,5.179999828338623,5.329999923706055,5.329999923706055,467900
2019-07-09,5.300000190734863,5.420000076293945,5.119999885559082,5.150000095367432,5.150000095367432,851100
2019-07-10,5.110000133514404,5.199999809265137,4.75,4.840000152587891,4.840000152587891,909400
2019-07-11,4.800000190734863,4.96999979019165,4.71999979019165,4.78000020980835,4.78000020980835,818000
2019-07-12,4.800000190734863,4.889999866485596,4.619999885559082,4.630000114440918,4.630000114440918,428800
2019-07-15,4.71999979019165,4.849999904632568,4.360000133514404,4.369999885559082,4.369999885559082,568300
2019-07-16,4.369999885559082,4.510000228881836,4.119999885559082,4.300000190734863,4.300000190734863,1381600
2019-07-17,4.320000171661377,4.380000114440918,4.119999885559082,4.230000019073486,4.230000019073486,589600
2019-07-18,4.230000019073486,4.230000019073486,3.539999961853028,3.700000047683716,3.700000047683716,1120600
2019-07-19,3.670000076293945,3.869999885559082,3.549999952316284,3.839999914169312,3.839999914169312,817000
2019-07-22,3.829999923706055,3.900000095367432,3.5799999237060547,3.5999999046325684,3.5999999046325684,1403900
2019-07-23,3.5799999237060547,3.7300000190734863,3.4600000381469727,3.7200000286102295,3.7200000286102295,680300
2019-07-24,3.7100000381469727,3.890000104904175,3.5199999809265137,3.759999990463257,3.759999990463257,642500
2019-07-25,3.75,3.799999952316284,3.549999952316284,3.549999952316284,3.549999952316284,341400
2019-07-26,3.569999933242798,3.680000066757202,3.400000095367432,3.490000009536743,3.490000009536743,410800
2019-07-29,3.4800000190734863,3.5,3.2300000190734863,3.240000009536743,3.240000009536743,380200
2019-07-30,3.2300000190734863,3.3299999237060547,3.0999999046325684,3.259999990463257,3.259999990463257,430300
2019-07-31,3.2699999809265137,3.369999885559082,3.180000066757202,3.299999952316284,3.299999952316284,579500
2019-08-01,3.2699999809265137,3.4600000381469727,3.200000047683716,3.2300000190734863,3.2300000190734863,679400
2019-08-02,3.220000028610229,3.2799999713897705,3.0999999046325684,3.220000028610229,3.220000028610229,517800
2019-08-05,3.1700000762939453,3.200000047683716,3.0199999809265137,3.0899999141693115,3.0899999141693115,499800
2019-08-06,3.0999999046325684,3.190000057220459,2.950000047683716,3.0199999809265137,3.0199999809265137,616500
2019-08-07,2.799999952316284,2.940000057220459,1.7899999618530271,2.0199999809265137,2.0199999809265137,2529600
2019-08-08,2.049999952316284,2.200000047683716,1.8600000143051147,1.9700000286102293,1.9700000286102293,1688000
2019-08-09,1.9700000286102293,2.059999942779541,1.840000033378601,2.0,2.0,1038400
2019-08-12,2.009999990463257,2.0799999237060547,1.7999999523162842,1.8799999952316284,1.8799999952316284,826800
2019-08-13,1.8600000143051147,2.059999942779541,1.850000023841858,1.9299999475479128,1.9299999475479128,859400
2019-08-14,1.9700000286102293,1.9700000286102293,1.7599999904632568,1.7899999618530271,1.7899999618530271,776000
2019-08-15,1.7999999523162842,1.850000023841858,1.4600000381469729,1.4800000190734863,1.4800000190734863,1145400
2019-08-16,1.5099999904632568,1.6299999952316284,1.4299999475479126,1.6100000143051147,1.6100000143051147,1263700
2019-08-19,1.6100000143051147,1.6699999570846558,1.5,1.5499999523162842,1.5499999523162842,847200
2019-08-20,1.5299999713897705,1.7999999523162842,1.5299999713897705,1.7400000095367432,1.7400000095367432,1275100
2019-08-21,1.809999942779541,1.9700000286102293,1.75,1.940000057220459,1.940000057220459,1316800
2019-08-22,2.0,2.0799999237060547,1.830000042915344,1.909999966621399,1.909999966621399,1344400
2019-08-23,1.899999976158142,1.909999966621399,1.7599999904632568,1.7999999523162842,1.7999999523162842,1191800
2019-08-26,1.8600000143051147,2.009999990463257,1.820000052452088,1.9800000190734863,1.9800000190734863,911100
2019-08-27,2.0,2.069999933242798,1.809999942779541,1.850000023841858,1.850000023841858,637400
2019-08-28,1.850000023841858,1.870000004768372,1.809999942779541,1.830000042915344,1.830000042915344,287700
2019-08-29,1.870000004768372,1.909999966621399,1.809999942779541,1.840000033378601,1.840000033378601,474900
2019-08-30,1.850000023841858,1.899999976158142,1.7799999713897705,1.8600000143051147,1.8600000143051147,828400
2019-09-03,1.8600000143051147,1.9900000095367432,1.840000033378601,1.9299999475479128,1.9299999475479128,929800
2019-09-04,1.9299999475479128,1.940000057220459,1.820000052452088,1.899999976158142,1.899999976158142,613100
2019-09-05,1.919999957084656,2.059999942779541,1.8799999952316284,2.0299999713897705,2.0299999713897705,907900
2019-09-06,2.049999952316284,2.2699999809265137,2.0299999713897705,2.2100000381469727,2.2100000381469727,1440500
2019-09-09,2.2300000190734863,2.3399999141693115,2.2100000381469727,2.25,2.25,770600
2019-09-10,2.25,2.809999942779541,2.180000066757202,2.7799999713897705,2.7799999713897705,1204500
2019-09-11,2.799999952316284,2.880000114440918,2.5799999237060547,2.8299999237060547,2.8299999237060547,852200
2019-09-12,2.890000104904175,2.9200000762939453,2.680000066757202,2.8299999237060547,2.8299999237060547,575900
2019-09-13,2.8399999141693115,2.9800000190734863,2.5199999809265137,2.569999933242798,2.569999933242798,464100
2019-09-16,2.5899999141693115,2.690000057220459,2.25,2.259999990463257,2.259999990463257,560700
2019-09-17,2.2699999809265137,2.2699999809265137,1.850000023841858,2.0999999046325684,2.0999999046325684,1546100
2019-09-18,2.0899999141693115,2.200000047683716,2.0,2.069999933242798,2.069999933242798,878900
2019-09-19,2.059999942779541,2.1600000858306885,1.950000047683716,2.130000114440918,2.130000114440918,914700
2019-09-20,2.119999885559082,2.3399999141693115,2.069999933242798,2.309999942779541,2.309999942779541,1097800
2019-09-23,2.309999942779541,2.440000057220459,2.220000028610229,2.3499999046325684,2.3499999046325684,813000
2019-09-24,2.359999895095825,2.400000095367432,2.240000009536743,2.240000009536743,2.240000009536743,1324000
2019-09-25,2.240000009536743,2.259999990463257,2.0299999713897705,2.059999942779541,2.059999942779541,844900
2019-09-26,2.0799999237060547,2.109999895095825,1.840000033378601,1.9299999475479128,1.9299999475479128,1149200
2019-09-27,1.909999966621399,1.9600000381469729,1.7899999618530271,1.8600000143051147,1.8600000143051147,678100
2019-09-30,1.870000004768372,1.919999957084656,1.6799999475479126,1.909999966621399,1.909999966621399,1788600
2019-10-01,1.9299999475479128,2.0,1.830000042915344,1.870000004768372,1.870000004768372,339400
2019-10-02,1.830000042915344,1.9800000190734863,1.809999942779541,1.9299999475479128,1.9299999475479128,347400
2019-10-03,1.899999976158142,2.0799999237060547,1.8600000143051147,2.049999952316284,2.049999952316284,1475100
2019-10-04,2.039999961853028,2.119999885559082,2.009999990463257,2.049999952316284,2.049999952316284,434500
2019-10-07,2.049999952316284,2.3399999141693115,2.049999952316284,2.220000028610229,2.220000028610229,595700
2019-10-08,2.220000028610229,2.240000009536743,2.0,2.190000057220459,2.190000057220459,499800
2019-10-09,2.1600000858306885,2.2699999809265137,2.069999933242798,2.1600000858306885,2.1600000858306885,231300
2019-10-10,2.1600000858306885,2.190000057220459,1.9900000095367432,2.009999990463257,2.009999990463257,506700
2019-10-11,2.009999990463257,2.1600000858306885,2.009999990463257,2.039999961853028,2.039999961853028,394800
2019-10-14,2.039999961853028,2.059999942779541,1.8899999856948853,1.899999976158142,1.899999976158142,484000
2019-10-15,1.850000023841858,1.9900000095367432,1.830000042915344,1.8799999952316284,1.8799999952316284,388200
2019-10-16,1.8799999952316284,1.9800000190734863,1.840000033378601,1.8899999856948853,1.8899999856948853,328300
2019-10-17,1.909999966621399,1.919999957084656,1.7599999904632568,1.7999999523162842,1.7999999523162842,423100
2019-10-18,1.7999999523162842,1.899999976158142,1.7100000381469729,1.820000052452088,1.820000052452088,442200
2019-10-21,1.840000033378601,2.039999961853028,1.840000033378601,2.0299999713897705,2.0299999713897705,625400
2019-10-22,2.0799999237060547,2.109999895095825,1.940000057220459,2.049999952316284,2.049999952316284,866400
2019-10-23,2.059999942779541,2.240000009536743,2.009999990463257,2.119999885559082,2.119999885559082,1158900
2019-10-24,2.140000104904175,2.25,1.919999957084656,2.009999990463257,2.009999990463257,1843600
2019-10-25,2.0199999809265137,2.059999942779541,1.9299999475479128,1.9600000381469729,1.9600000381469729,965700
2019-10-28,2.009999990463257,2.490000009536743,2.009999990463257,2.380000114440918,2.380000114440918,2098800
2019-10-29,2.359999895095825,2.430000066757202,2.2300000190734863,2.3499999046325684,2.3499999046325684,939700
2019-10-30,2.359999895095825,2.4100000858306885,2.1700000762939453,2.2799999713897705,2.2799999713897705,720800
2019-10-31,2.289999961853028,2.380000114440918,2.25,2.309999942779541,2.309999942779541,1337700
2019-11-01,2.309999942779541,2.5799999237060547,2.309999942779541,2.509999990463257,2.509999990463257,1215500
2019-11-04,2.539999961853028,2.6600000858306885,2.359999895095825,2.369999885559082,2.369999885559082,862500
2019-11-05,2.359999895095825,2.5199999809265137,2.3499999046325684,2.490000009536743,2.490000009536743,537800
2019-11-06,2.75,3.4600000381469727,2.680000066757202,3.150000095367432,3.150000095367432,3510100
2019-11-07,3.309999942779541,3.3399999141693115,3.0299999713897705,3.2100000381469727,3.2100000381469727,1544500
2019-11-08,3.180000066757202,3.369999885559082,3.0899999141693115,3.299999952316284,3.299999952316284,999600
2019-11-11,3.4800000190734863,3.950000047683716,3.2100000381469727,3.470000028610229,3.470000028610229,1869200
2019-11-12,3.450000047683716,3.4600000381469727,3.0899999141693115,3.240000009536743,3.240000009536743,1438900
2019-11-13,3.490000009536743,4.239999771118164,3.490000009536743,3.9600000381469727,3.9600000381469727,3059900
2019-11-14,4.0,4.099999904632568,3.640000104904175,3.990000009536743,3.990000009536743,2150300
2019-11-15,3.950000047683716,4.139999866485596,3.829999923706055,3.880000114440918,3.880000114440918,1088200
2019-11-18,4.050000190734863,4.090000152587891,3.809999942779541,3.890000104904175,3.890000104904175,1075000
2019-11-19,3.940000057220459,4.010000228881836,3.859999895095825,3.9800000190734863,3.9800000190734863,743700
2019-11-20,3.940000057220459,4.21999979019165,3.900000095367432,4.050000190734863,4.050000190734863,886400
2019-11-21,4.010000228881836,4.170000076293945,3.940000057220459,4.110000133514404,4.110000133514404,456100
2019-11-22,4.139999866485596,4.369999885559082,4.070000171661377,4.25,4.25,692700
2019-11-25,4.300000190734863,4.369999885559082,3.910000085830689,4.019999980926514,4.019999980926514,970400
2019-11-26,4.050000190734863,4.5,3.9600000381469727,4.159999847412109,4.159999847412109,2996600
2019-11-27,4.130000114440918,4.369999885559082,4.059999942779541,4.199999809265137,4.199999809265137,695500
2019-11-29,4.199999809265137,4.199999809265137,3.9700000286102295,4.090000152587891,4.090000152587891,591900
2019-12-02,4.079999923706055,4.269999980926514,4.059999942779541,4.119999885559082,4.119999885559082,724100
2019-12-03,4.099999904632568,4.139999866485596,3.950000047683716,3.9600000381469727,3.9600000381469727,865800
2019-12-04,3.990000009536743,4.019999980926514,3.890000104904175,3.9600000381469727,3.9600000381469727,2909000
2019-12-05,3.920000076293945,4.079999923706055,3.920000076293945,3.9700000286102295,3.9700000286102295,376500
2019-12-06,4.03000020980835,4.260000228881836,3.9600000381469727,4.230000019073486,4.230000019073486,964900
2019-12-09,4.269999980926514,4.889999866485596,4.150000095367432,4.869999885559082,4.869999885559082,1040500
2019-12-10,4.889999866485596,4.889999866485596,4.449999809265137,4.710000038146973,4.710000038146973,836700
2019-12-11,4.710000038146973,4.940000057220459,4.650000095367432,4.730000019073486,4.730000019073486,865000
2019-12-12,4.71999979019165,5.159999847412109,4.639999866485596,5.050000190734863,5.050000190734863,1650300
2019-12-13,5.170000076293945,5.25,4.590000152587891,4.639999866485596,4.639999866485596,1153600
2019-12-16,4.730000019073486,4.860000133514404,4.449999809265137,4.679999828338623,4.679999828338623,963000
2019-12-17,5.0,5.150000095367432,4.75,4.900000095367432,4.900000095367432,1244900
2019-12-18,4.909999847412109,5.449999809265137,4.760000228881836,5.190000057220459,5.190000057220459,1203600
2019-12-19,5.190000057220459,5.289999961853027,4.889999866485596,4.980000019073486,4.980000019073486,926500
2019-12-20,4.989999771118164,5.349999904632568,4.75,5.269999980926514,5.269999980926514,1815200
2019-12-23,5.28000020980835,5.28000020980835,4.949999809265137,5.079999923706055,5.079999923706055,998900
2019-12-24,5.150000095367432,5.179999828338623,5.019999980926514,5.119999885559082,5.119999885559082,475100
2019-12-26,5.099999904632568,5.239999771118164,4.949999809265137,4.989999771118164,4.989999771118164,727000
2019-12-27,5.099999904632568,5.099999904632568,4.889999866485596,4.940000057220459,4.940000057220459,657600
2019-12-30,4.920000076293945,5.010000228881836,4.760000228881836,4.889999866485596,4.889999866485596,534700
2019-12-31,4.900000095367432,5.039999961853027,4.849999904632568,4.940000057220459,4.940000057220459,1109600
2020-01-02,4.960000038146973,4.960000038146973,4.559999942779541,4.869999885559082,4.869999885559082,774500
2020-01-03,4.760000228881836,5.0,4.760000228881836,4.900000095367432,4.900000095367432,383700
2020-01-06,4.900000095367432,5.0,4.789999961853027,4.949999809265137,4.949999809265137,466600
2020-01-07,4.949999809265137,5.059999942779541,4.900000095367432,4.96999979019165,4.96999979019165,320200
2020-01-08,4.960000038146973,5.21999979019165,4.909999847412109,5.130000114440918,5.130000114440918,486200
2020-01-09,5.150000095367432,5.309999942779541,5.059999942779541,5.21999979019165,5.21999979019165,400700
2020-01-10,5.21999979019165,5.300000190734863,4.960000038146973,5.0,5.0,363100
2020-01-13,5.03000020980835,5.139999866485596,4.889999866485596,5.039999961853027,5.039999961853027,273400
2020-01-14,5.03000020980835,5.190000057220459,5.019999980926514,5.130000114440918,5.130000114440918,329200
2020-01-15,5.139999866485596,5.260000228881836,4.980000019073486,5.119999885559082,5.119999885559082,749500
2020-01-16,5.170000076293945,5.349999904632568,5.070000171661377,5.25,5.25,868600
2020-01-17,5.289999961853027,5.380000114440918,5.130000114440918,5.179999828338623,5.179999828338623,438300
2020-01-21,5.179999828338623,5.230000019073486,5.099999904632568,5.199999809265137,5.199999809265137,387100
2020-01-22,5.230000019073486,5.510000228881836,5.170000076293945,5.420000076293945,5.420000076293945,843500
2020-01-23,5.420000076293945,5.420000076293945,5.170000076293945,5.190000057220459,5.190000057220459,334600
2020-01-24,5.199999809265137,5.25,4.710000038146973,4.900000095367432,4.900000095367432,710900
2020-01-27,4.71999979019165,4.800000190734863,4.570000171661377,4.610000133514404,4.610000133514404,516300
2020-01-28,4.610000133514404,4.71999979019165,4.360000133514404,4.480000019073486,4.480000019073486,495100
2020-01-29,4.460000038146973,4.53000020980835,4.190000057220459,4.28000020980835,4.28000020980835,541500
2020-01-30,4.25,4.25,4.03000020980835,4.159999847412109,4.159999847412109,372700
2020-01-31,4.139999866485596,4.139999866485596,3.869999885559082,3.950000047683716,3.950000047683716,376700
2020-02-03,3.849999904632568,4.079999923706055,3.7300000190734863,3.910000085830689,3.910000085830689,430100
2020-02-04,3.839999914169312,4.0,3.829999923706055,3.990000009536743,3.990000009536743,246600
2020-02-05,3.9600000381469727,4.260000228881836,3.950000047683716,4.150000095367432,4.150000095367432,473500
2020-02-06,4.199999809265137,4.460000038146973,4.050000190734863,4.130000114440918,4.130000114440918,528900
2020-02-07,4.139999866485596,4.139999866485596,3.75,3.869999885559082,3.869999885559082,208800
2020-02-10,3.819999933242798,3.869999885559082,3.7300000190734863,3.7799999713897705,3.7799999713897705,213200
2020-02-11,3.799999952316284,3.9800000190734863,3.75,3.900000095367432,3.900000095367432,386700
2020-02-12,3.950000047683716,4.150000095367432,3.950000047683716,4.099999904632568,4.099999904632568,306400
2020-02-13,4.070000171661377,4.159999847412109,3.9700000286102295,4.039999961853027,4.039999961853027,145900
2020-02-14,4.050000190734863,4.050000190734863,3.880000114440918,3.900000095367432,3.900000095367432,215900
2020-02-18,3.920000076293945,4.039999961853027,3.819999933242798,3.910000085830689,3.910000085830689,292200
2020-02-19,3.920000076293945,4.0,3.700000047683716,3.75,3.75,607700
2020-02-20,3.759999990463257,3.890000104904175,3.640000104904175,3.740000009536743,3.740000009536743,335300
2020-02-21,3.740000009536743,3.740000009536743,3.5199999809265137,3.680000066757202,3.680000066757202,357400
2020-02-24,3.5899999141693115,3.619999885559082,3.319999933242798,3.539999961853028,3.539999961853028,459000
2020-02-25,3.5299999713897705,3.5999999046325684,3.0899999141693115,3.2100000381469727,3.2100000381469727,658700
2020-02-26,3.190000057220459,3.289999961853028,3.0199999809265137,3.119999885559082,3.119999885559082,711600
2020-02-27,3.009999990463257,3.25,2.8399999141693115,3.0,3.0,1284900
2020-02-28,3.7200000286102295,3.839999914169312,3.25,3.5,3.5,2343300
2020-03-02,3.609999895095825,3.740000009536743,3.400000095367432,3.670000076293945,3.670000076293945,905400
2020-03-03,3.700000047683716,3.940000057220459,3.4600000381469727,3.4800000190734863,3.4800000190734863,811600
2020-03-04,3.4600000381469727,3.630000114440918,3.4100000858306885,3.5,3.5,520800
2020-03-05,3.400000095367432,3.470000028610229,3.0299999713897705,3.140000104904175,3.140000104904175,930300
2020-03-06,3.0199999809265137,3.039999961853028,2.609999895095825,2.8299999237060547,2.8299999237060547,1490200
2020-03-09,2.5199999809265137,2.740000009536743,2.5199999809265137,2.609999895095825,2.609999895095825,469300
2020-03-10,2.789999961853028,2.970000028610229,2.650000095367432,2.950000047683716,2.950000047683716,604600
2020-03-11,2.859999895095825,2.880000114440918,2.640000104904175,2.680000066757202,2.680000066757202,460700
2020-03-12,2.5199999809265137,2.970000028610229,1.850000023841858,2.490000009536743,2.490000009536743,1708800
2020-03-13,2.6600000858306885,3.069999933242798,2.390000104904175,3.069999933242798,3.069999933242798,643800
2020-03-16,2.5899999141693115,3.130000114440918,2.450000047683716,2.789999961853028,2.789999961853028,776700
2020-03-17,2.900000095367432,3.0299999713897705,2.470000028610229,2.9600000381469727,2.9600000381469727,719800
2020-03-18,2.680000066757202,2.890000104904175,2.150000095367432,2.2799999713897705,2.2799999713897705,583400
2020-03-19,2.25,3.059999942779541,2.0999999046325684,2.5899999141693115,2.5899999141693115,983900
2020-03-20,2.619999885559082,2.690000057220459,2.069999933242798,2.200000047683716,2.200000047683716,1093900
2020-03-23,2.259999990463257,2.2799999713897705,1.850000023841858,1.9299999475479128,1.9299999475479128,873100
2020-03-24,1.950000047683716,2.0899999141693115,1.919999957084656,2.0,2.0,588900
2020-03-25,2.0,2.559999942779541,1.950000047683716,2.369999885559082,2.369999885559082,761000
2020-03-26,2.4200000762939453,2.75,2.4200000762939453,2.619999885559082,2.619999885559082,720300
2020-03-27,2.509999990463257,2.7300000190734863,2.400000095367432,2.559999942779541,2.559999942779541,569900
2020-03-30,2.559999942779541,2.5899999141693115,2.190000057220459,2.309999942779541,2.309999942779541,391700
2020-03-31,2.3299999237060547,2.940000057220459,2.220000028610229,2.819999933242798,2.819999933242798,1046600
2020-04-01,2.6600000858306885,2.6600000858306885,2.319999933242798,2.390000104904175,2.390000104904175,378600
2020-04-02,47.79999923706055,52.79999923706055,43.400001525878906,46.400001525878906,,17695
2020-04-03,45.59999847412109,47.0,41.20000076293945,44.400001525878906,,20505
2020-04-06,44.59999847412109,50.79999923706055,44.59999847412109,50.0,,20250
2020-04-07,52.400001525878906,54.59999847412109,47.400001525878906,49.400001525878906,,33650
2020-04-08,51.0,52.79999923706055,49.0,51.20000076293945,,17130
2020-04-09,53.400001525878906,56.0,51.0,55.400001525878906,,18445
2020-04-13,55.0,58.0,52.20000076293945,56.59999847412109,,13100
2020-04-14,58.20000076293945,60.0,55.0,57.59999847412109,,15640
2020-04-15,54.400001525878906,55.59999847412109,51.20000076293945,54.59999847412109,,9050
2020-04-16,54.20000076293945,54.59999847412109,51.400001525878906,51.59999847412109,,9805
2020-04-17,56.0,57.0,49.20000076293945,52.79999923706055,,14270
2020-04-20,50.20000076293945,55.400001525878906,50.20000076293945,51.79999923706055,,10405
2020-04-21,50.20000076293945,51.400001525878906,47.400001525878906,47.59999847412109,,7715
2020-04-22,48.59999847412109,50.0,47.0,48.59999847412109,,11230
2020-04-23,48.400001525878906,51.0,47.79999923706055,48.59999847412109,,12275
2020-04-24,47.59999847412109,49.0,45.79999923706055,47.79999923706055,,9575
2020-04-27,47.79999923706055,54.20000076293945,47.79999923706055,54.0,,17220
2020-04-28,57.400001525878906,58.20000076293945,55.0,55.79999923706055,,13960
2020-04-29,57.59999847412109,66.19999694824219,57.400001525878906,61.79999923706055,,31285
2020-04-30,59.0,62.400001525878906,56.79999923706055,57.79999923706055,,34475
2020-05-01,56.20000076293945,59.79999923706055,51.400001525878906,59.79999923706055,,26085
2020-05-04,58.20000076293945,61.59999847412109,54.400001525878906,61.0,,27470
2020-05-05,63.20000076293945,65.19999694824219,58.0,60.0,,32330
2020-05-06,57.400001525878906,58.20000076293945,52.0,52.20000076293945,,25675
2020-05-07,52.400001525878906,56.79999923706055,52.0,56.79999923706055,,16380
2020-05-08,55.59999847412109,64.80000305175781,54.0,64.19999694824219,,31275
2020-05-11,62.0,63.400001525878906,57.59999847412109,58.59999847412109,,17215
2020-05-12,59.400001525878906,60.400001525878906,58.0,58.400001525878906,,13270
2020-05-13,58.20000076293945,58.20000076293945,49.0,51.20000076293945,,24665
2020-05-14,49.20000076293945,49.20000076293945,45.400001525878906,47.20000076293945,,28950
2020-05-15,47.20000076293945,48.0,45.0,47.79999923706055,,21800
2020-05-18,50.59999847412109,53.0,48.0,48.400001525878906,,24025
2020-05-19,48.20000076293945,59.59999847412109,48.20000076293945,53.59999847412109,,58515
2020-05-20,55.79999923706055,60.0,55.0,57.0,,27435
2020-05-21,57.20000076293945,64.80000305175781,56.400001525878906,60.79999923706055,,22710
2020-05-22,61.0,63.79999923706055,58.20000076293945,63.20000076293945,,10110
2020-05-26,65.80000305175781,70.5999984741211,64.5999984741211,68.4000015258789,,20050
2020-05-27,69.19999694824219,77.0,69.19999694824219,75.4000015258789,,42265
2020-05-28,77.0,79.0,72.5999984741211,73.19999694824219,,41190
2020-05-29,73.19999694824219,75.80000305175781,70.0,75.4000015258789,,17790
2020-06-01,75.4000015258789,76.19999694824219,69.4000015258789,69.5999984741211,,20280
2020-06-02,70.19999694824219,71.19999694824219,65.80000305175781,68.80000305175781,,28070
2020-06-03,69.4000015258789,77.80000305175781,68.80000305175781,73.5999984741211,,21660
2020-06-04,72.19999694824219,76.80000305175781,71.5999984741211,71.80000305175781,,19925
2020-06-05,76.0,78.5999984741211,75.4000015258789,77.5999984741211,,33895
2020-06-08,79.0,84.19999694824219,73.4000015258789,79.80000305175781,,27080
2020-06-09,78.80000305175781,82.4000015258789,76.4000015258789,78.4000015258789,,19660
2020-06-10,78.4000015258789,78.4000015258789,73.19999694824219,76.0,,21495
2020-06-11,71.80000305175781,73.80000305175781,61.59999847412109,61.79999923706055,,27945
2020-06-12,65.4000015258789,66.80000305175781,62.0,64.19999694824219,,17230
2020-06-15,62.0,69.0,62.0,68.80000305175781,,13160
2020-06-16,71.0,72.0,63.79999923706055,65.5999984741211,,10205
2020-06-17,66.4000015258789,66.4000015258789,63.20000076293945,63.59999847412109,,7690
2020-06-18,63.59999847412109,68.0,63.59999847412109,66.5999984741211,,9550
2020-06-19,66.0,68.5999984741211,66.0,67.0,,18570
2020-06-22,66.4000015258789,67.5999984741211,65.0,66.5999984741211,,8350
2020-06-23,67.5999984741211,68.80000305175781,65.19999694824219,66.19999694824219,,9705
2020-06-24,64.5999984741211,66.5999984741211,61.400001525878906,63.0,,14725
2020-06-25,62.400001525878906,63.79999923706055,61.400001525878906,63.20000076293945,,9370
2020-06-26,63.20000076293945,64.19999694824219,58.0,58.400001525878906,,59770
2020-06-29,59.400001525878906,63.20000076293945,58.400001525878906,60.59999847412109,,8245
2020-06-30,60.20000076293945,62.400001525878906,59.400001525878906,62.0,,9720
2020-07-01,62.20000076293945,63.59999847412109,58.0,59.59999847412109,,14885
2020-07-02,61.400001525878906,61.400001525878906,58.79999923706055,59.59999847412109,,10600
2020-07-06,61.20000076293945,63.79999923706055,60.59999847412109,63.59999847412109,,11310
2020-07-07,63.20000076293945,63.20000076293945,57.400001525878906,58.0,,7815
2020-07-08,57.20000076293945,60.0,55.0,59.59999847412109,,18730
2020-07-09,61.400001525878906,62.59999847412109,57.0,57.20000076293945,,14100
2020-07-10,57.79999923706055,61.20000076293945,55.79999923706055,61.0,,9470
2020-07-13,62.59999847412109,62.79999923706055,56.79999923706055,57.20000076293945,,13080
2020-07-14,57.0,57.59999847412109,54.400001525878906,57.20000076293945,,16425
2020-07-15,60.0,65.19999694824219,58.20000076293945,64.4000015258789,,25025
2020-07-16,64.0,71.4000015258789,63.0,68.19999694824219,,16920
2020-07-17,68.80000305175781,69.80000305175781,64.19999694824219,65.4000015258789,,6365
2020-07-20,65.4000015258789,66.19999694824219,63.400001525878906,65.5999984741211,,5305
2020-07-21,66.5999984741211,70.0,66.0,68.0,,8340
2020-07-22,66.0,68.4000015258789,65.0,65.80000305175781,,5810
2020-07-23,66.19999694824219,67.19999694824219,62.20000076293945,64.80000305175781,,8810
2020-07-24,64.80000305175781,66.5999984741211,61.59999847412109,62.0,,5190
2020-07-27,60.400001525878906,63.400001525878906,60.400001525878906,62.400001525878906,,5415
2020-07-28,61.400001525878906,62.79999923706055,59.0,61.400001525878906,,6860
2020-07-29,61.59999847412109,64.19999694824219,60.20000076293945,61.0,,7060
2020-07-30,60.20000076293945,62.59999847412109,59.400001525878906,61.79999923706055,,5430
2020-07-31,60.79999923706055,62.59999847412109,58.400001525878906,60.0,,7030
2020-08-03,60.20000076293945,62.400001525878906,59.0,62.20000076293945,,9150
2020-08-04,61.400001525878906,62.59999847412109,60.0,62.400001525878906,,8125
2020-08-05,63.20000076293945,64.80000305175781,60.0,63.79999923706055,,5545
2020-08-06,63.400001525878906,65.4000015258789,62.0,65.4000015258789,,5850
2020-08-07,65.0,68.0,63.79999923706055,66.80000305175781,,8080
2020-08-10,65.0,66.5999984741211,61.20000076293945,62.59999847412109,,11635
2020-08-11,64.0,72.0,63.0,64.19999694824219,,26055
2020-08-12,65.80000305175781,68.0,64.4000015258789,65.5999984741211,,17860
2020-08-13,64.5999984741211,68.80000305175781,64.19999694824219,65.4000015258789,,7755
2020-08-14,64.5999984741211,64.80000305175781,60.59999847412109,62.79999923706055,,8970
2020-08-17,62.79999923706055,65.80000305175781,62.400001525878906,65.19999694824219,,13400
2020-08-18,65.0,65.80000305175781,62.59999847412109,63.400001525878906,,2750
2020-08-19,63.0,63.0,53.79999923706055,57.79999923706055,,35665
2020-08-20,56.400001525878906,58.0,55.79999923706055,56.79999923706055,,9720
2020-08-21,56.79999923706055,57.0,54.0,54.20000076293945,,11905
2020-08-24,55.20000076293945,55.20000076293945,53.20000076293945,53.59999847412109,,10285
2020-08-25,54.0,55.0,51.20000076293945,52.59999847412109,,22390
2020-08-26,53.0,57.79999923706055,53.0,54.59999847412109,,17825
2020-08-27,55.59999847412109,56.20000076293945,52.400001525878906,53.59999847412109,,24280
2020-08-28,54.59999847412109,56.59999847412109,54.0,55.0,,16020
2020-08-31,56.20000076293945,56.20000076293945,52.0,52.59999847412109,,15865
2020-09-01,53.20000076293945,54.20000076293945,51.79999923706055,52.400001525878906,,18605
2020-09-02,52.400001525878906,53.0,49.20000076293945,49.79999923706055,,19410
2020-09-03,50.0,50.0,45.0,46.59999847412109,,20000
2020-09-04,47.79999923706055,48.79999923706055,43.20000076293945,47.400001525878906,,28790
2020-09-08,46.79999923706055,49.20000076293945,45.59999847412109,45.79999923706055,,19410
2020-09-09,47.79999923706055,47.79999923706055,43.79999923706055,44.0,,28970
2020-09-10,45.20000076293945,47.0,44.79999923706055,45.79999923706055,,17905
2020-09-11,47.0,51.59999847412109,46.0,46.79999923706055,,17885
2020-09-14,47.0,49.59999847412109,45.59999847412109,45.79999923706055,,16055
2020-09-15,47.0,47.400001525878906,43.59999847412109,44.400001525878906,,18525
2020-09-16,46.79999923706055,48.79999923706055,45.59999847412109,46.400001525878906,,19420
2020-09-17,46.0,47.59999847412109,44.79999923706055,45.400001525878906,,19230
2020-09-18,46.400001525878906,47.59999847412109,44.59999847412109,45.79999923706055,,18900
2020-09-21,44.400001525878906,45.400001525878906,41.400001525878906,42.0,,20390
2020-09-22,42.79999923706055,43.59999847412109,40.0,41.59999847412109,,22605
2020-09-23,41.79999923706055,43.0,39.20000076293945,40.0,,22315
2020-09-24,40.59999847412109,40.59999847412109,37.20000076293945,39.0,,20815
2020-09-25,38.59999847412109,41.20000076293945,38.59999847412109,39.59999847412109,,13525
2020-09-28,40.0,41.0,39.400001525878906,39.59999847412109,,15000
2020-09-29,40.20000076293945,40.79999923706055,38.20000076293945,40.20000076293945,,20375
2020-09-30,40.0,41.400001525878906,40.0,40.79999923706055,,41865
2020-10-01,41.59999847412109,43.20000076293945,40.400001525878906,42.79999923706055,,27310
2020-10-02,41.400001525878906,42.79999923706055,40.79999923706055,40.79999923706055,,10670
2020-10-05,41.79999923706055,43.0,40.0,42.20000076293945,,9160
2020-10-06,42.59999847412109,43.400001525878906,41.20000076293945,41.59999847412109,,19990
2020-10-07,41.79999923706055,42.400001525878906,41.400001525878906,41.79999923706055,,17325
2020-10-08,42.0,43.59999847412109,42.0,43.20000076293945,,12065
2020-10-09,43.400001525878906,43.79999923706055,41.400001525878906,42.0,,15220
2020-10-12,42.400001525878906,45.400001525878906,42.400001525878906,45.20000076293945,,9450
2020-10-13,44.20000076293945,45.0,42.20000076293945,42.59999847412109,,11835
2020-10-14,43.20000076293945,43.400001525878906,42.0,42.20000076293945,,3840
2020-10-15,41.400001525878906,43.400001525878906,41.0,42.79999923706055,,4560
2020-10-16,42.400001525878906,44.400001525878906,42.400001525878906,43.400001525878906,,4865
2020-10-19,43.400001525878906,44.0,41.0,41.20000076293945,,6105
2020-10-20,41.59999847412109,44.400001525878906,40.0,41.0,,36255
2020-10-21,41.20000076293945,43.79999923706055,41.0,41.79999923706055,,4600
2020-10-22,42.0,43.0,41.20000076293945,41.59999847412109,,23520
2020-10-23,41.400001525878906,42.59999847412109,40.20000076293945,40.400001525878906,,13865
2020-10-26,40.0,41.0,38.59999847412109,39.0,,10980
2020-10-27,39.400001525878906,39.400001525878906,37.20000076293945,39.0,,23470
2020-10-28,40.0,40.0,36.59999847412109,37.20000076293945,,22005
2020-10-29,38.20000076293945,42.0,36.0,39.400001525878906,,22720
2020-10-30,38.79999923706055,40.20000076293945,38.0,40.0,,12570
2020-11-02,40.0,42.0,38.79999923706055,41.0,,21780
2020-11-03,41.400001525878906,42.400001525878906,40.59999847412109,41.0,,12800
2020-11-04,41.59999847412109,41.79999923706055,39.79999923706055,40.20000076293945,,8745
2020-11-05,40.79999923706055,41.20000076293945,39.20000076293945,40.0,,18920
2020-11-06,40.20000076293945,40.59999847412109,38.79999923706055,38.79999923706055,,11155
2020-11-09,41.0,43.79999923706055,38.0,40.400001525878906,,31755
2020-11-10,42.20000076293945,43.400001525878906,38.0,43.20000076293945,,26935
2020-11-11,42.59999847412109,45.400001525878906,42.59999847412109,43.59999847412109,,19535
2020-11-12,43.20000076293945,44.59999847412109,41.79999923706055,42.79999923706055,,8195
2020-11-13,42.79999923706055,44.0,42.400001525878906,43.400001525878906,,7825
2020-11-16,43.79999923706055,45.79999923706055,43.20000076293945,44.59999847412109,,11520
2020-11-17,44.400001525878906,45.20000076293945,44.0,44.59999847412109,,7540
2020-11-18,44.400001525878906,45.400001525878906,43.79999923706055,43.79999923706055,,10730
2020-11-19,44.79999923706055,47.20000076293945,44.20000076293945,45.20000076293945,,8215
2020-11-20,44.400001525878906,47.0,44.20000076293945,45.400001525878906,,7020
2020-11-23,45.59999847412109,55.79999923706055,45.59999847412109,48.0,,39890
2020-11-24,50.0,56.400001525878906,48.79999923706055,54.0,,28705
2020-11-25,53.400001525878906,59.20000076293945,49.59999847412109,50.20000076293945,,34170
2020-11-27,50.20000076293945,56.0,50.20000076293945,55.79999923706055,,14505
2020-11-30,55.0,57.59999847412109,50.20000076293945,51.0,,19950
2020-12-01,53.59999847412109,55.0,50.400001525878906,50.59999847412109,,13350
2020-12-02,50.400001525878906,53.59999847412109,49.79999923706055,51.0,,6650
2020-12-03,51.0,51.59999847412109,48.59999847412109,48.79999923706055,,7110
2020-12-04,48.59999847412109,51.0,48.0,48.20000076293945,,10490
2020-12-07,48.400001525878906,53.400001525878906,48.400001525878906,50.59999847412109,,9165
2020-12-08,50.0,51.20000076293945,48.400001525878906,49.400001525878906,,9705
2020-12-09,50.0,52.79999923706055,47.79999923706055,48.59999847412109,,13980
2020-12-10,48.400001525878906,51.400001525878906,47.0,49.79999923706055,,11640
2020-12-11,49.59999847412109,50.79999923706055,48.400001525878906,49.59999847412109,,7950
2020-12-14,50.20000076293945,51.0,47.400001525878906,47.79999923706055,,11590
2020-12-15,48.79999923706055,49.79999923706055,46.79999923706055,47.0,,14950
2020-12-16,46.79999923706055,48.400001525878906,41.400001525878906,42.0,,26855
2020-12-17,43.20000076293945,43.20000076293945,40.59999847412109,42.400001525878906,,37225
2020-12-18,43.0,46.0,41.400001525878906,41.79999923706055,,38705
2020-12-21,41.59999847412109,45.0,41.59999847412109,43.79999923706055,,33445
2020-12-22,43.59999847412109,46.400001525878906,43.59999847412109,45.79999923706055,,16655
2020-12-23,45.59999847412109,46.79999923706055,43.400001525878906,44.20000076293945,,38790
2020-12-24,44.59999847412109,46.59999847412109,42.0,42.400001525878906,,22280
2020-12-28,44.0,46.79999923706055,43.0,45.59999847412109,,20250
2020-12-29,46.79999923706055,48.0,44.20000076293945,45.59999847412109,,26260
2020-12-30,46.79999923706055,50.400001525878906,46.400001525878906,49.400001525878906,,131040
2020-12-31,50.0,52.20000076293945,49.0,49.79999923706055,,20215
2021-01-04,51.400001525878906,51.59999847412109,45.20000076293945,47.79999923706055,,24850
2021-01-05,47.0,50.0,46.59999847412109,48.400001525878906,,19840
2021-01-06,48.79999923706055,51.59999847412109,48.400001525878906,49.0,,27450
2021-01-07,48.59999847412109,67.80000305175781,47.400001525878906,56.79999923706055,,70185
2021-01-08,71.4000015258789,72.0,58.400001525878906,65.80000305175781,,172105
2021-01-11,67.80000305175781,70.19999694824219,66.5999984741211,69.19999694824219,,92155
2021-01-12,69.80000305175781,73.0,65.4000015258789,67.80000305175781,,98935
2021-01-13,67.5999984741211,69.19999694824219,61.0,65.5999984741211,,64845
2021-01-14,65.5999984741211,68.19999694824219,65.0,67.0,,25060
2021-01-15,66.0,70.80000305175781,65.4000015258789,70.0,,35390
2021-01-19,71.80000305175781,73.0,66.19999694824219,68.0,,33310
2021-01-20,68.5999984741211,69.19999694824219,64.4000015258789,67.0,,23770
2021-01-21,67.5999984741211,67.5999984741211,64.0,65.80000305175781,,57515
2021-01-22,65.4000015258789,69.5999984741211,64.19999694824219,68.80000305175781,,25575
2021-01-25,70.19999694824219,71.0,64.80000305175781,67.80000305175781,,70075
2021-01-26,68.0,69.5999984741211,66.4000015258789,67.80000305175781,,35200
2021-01-27,67.4000015258789,67.4000015258789,60.79999923706055,62.0,,52545
2021-01-28,64.80000305175781,67.4000015258789,63.0,65.0,,57015
2021-01-29,65.4000015258789,65.5999984741211,63.20000076293945,63.79999923706055,,27635
2021-02-01,64.5999984741211,65.5999984741211,64.0,64.80000305175781,,24765
2021-02-02,64.80000305175781,77.0,64.80000305175781,76.0,,66060
2021-02-03,79.19999694824219,84.0,75.19999694824219,76.5999984741211,,53765
2021-02-04,77.80000305175781,84.80000305175781,76.80000305175781,83.5999984741211,,47475
2021-02-05,85.4000015258789,89.80000305175781,79.4000015258789,83.0,,56165
2021-02-08,85.80000305175781,88.4000015258789,84.19999694824219,86.19999694824219,,49275
2021-02-09,88.0,88.0,82.19999694824219,86.19999694824219,,52955
2021-02-10,89.4000015258789,90.0,82.4000015258789,82.5999984741211,,39625
2021-02-11,83.80000305175781,84.0,76.5999984741211,79.0,,38460
2021-02-12,78.80000305175781,79.19999694824219,77.80000305175781,79.0,,24945
2021-02-16,78.80000305175781,81.80000305175781,76.4000015258789,77.5999984741211,,43105
2021-02-17,77.19999694824219,77.19999694824219,74.5999984741211,76.4000015258789,,28620
2021-02-18,76.4000015258789,76.5999984741211,73.5999984741211,74.19999694824219,,21065
2021-02-19,74.19999694824219,78.5999984741211,74.19999694824219,75.19999694824219,,24850
2021-02-22,75.5999984741211,82.0,72.5999984741211,79.5999984741211,,25010
2021-02-23,78.5999984741211,83.0,75.0,80.80000305175781,,35080
2021-02-24,82.4000015258789,84.5999984741211,78.80000305175781,80.4000015258789,,54215
2021-02-25,79.4000015258789,84.0,74.80000305175781,75.4000015258789,,37265
2021-02-26,75.5999984741211,80.0,71.80000305175781,73.0,,53590
2021-03-01,75.4000015258789,80.4000015258789,71.4000015258789,80.4000015258789,,52180
2021-03-02,80.19999694824219,80.19999694824219,75.19999694824219,76.4000015258789,,31610
2021-03-03,76.19999694824219,76.4000015258789,68.5999984741211,69.4000015258789,,96420
2021-03-04,70.4000015258789,70.5999984741211,64.0,64.5999984741211,,61900
2021-03-05,66.0,68.80000305175781,58.20000076293945,58.59999847412109,,103225
2021-03-08,58.20000076293945,59.400001525878906,53.20000076293945,56.0,,94905
2021-03-09,59.79999923706055,62.400001525878906,55.0,61.0,,90620
2021-03-10,63.0,71.4000015258789,56.20000076293945,61.79999923706055,,92555
2021-03-11,59.0,64.0,57.59999847412109,63.79999923706055,,52655
2021-03-12,63.0,69.19999694824219,62.20000076293945,69.19999694824219,,39385
2021-03-15,68.5999984741211,71.19999694824219,68.0,68.4000015258789,,25010
2021-03-16,67.80000305175781,72.80000305175781,67.4000015258789,71.19999694824219,,34385
2021-03-17,71.0,75.5999984741211,69.0,75.0,,48620
2021-03-18,73.4000015258789,76.0,71.4000015258789,71.4000015258789,,22895
2021-03-19,78.4000015258789,82.5999984741211,73.0,73.19999694824219,,169110
2021-03-22,78.0,82.80000305175781,74.4000015258789,78.5999984741211,,61355
2021-03-23,80.4000015258789,80.4000015258789,73.19999694824219,74.19999694824219,,41480
2021-03-24,74.5999984741211,76.4000015258789,70.0,70.0,,33450
2021-03-25,70.5999984741211,74.4000015258789,70.0,73.4000015258789,,26015
2021-03-26,73.5999984741211,74.19999694824219,70.19999694824219,73.19999694824219,,18300
2021-03-29,72.4000015258789,74.19999694824219,70.0,70.4000015258789,,29360
2021-03-30,70.0,73.4000015258789,68.0,72.0,,18330
2021-03-31,72.0,86.19999694824219,69.80000305175781,73.19999694824219,,141275
2021-04-01,73.0,74.19999694824219,72.0,73.80000305175781,,24255
2021-04-05,74.80000305175781,75.0,72.0,73.19999694824219,,12625
2021-04-06,72.80000305175781,74.0,70.5999984741211,72.0,,15740
2021-04-07,72.0,72.0,70.0,70.80000305175781,,25150
2021-04-08,71.0,71.0,67.19999694824219,70.19999694824219,,26640
2021-04-09,69.4000015258789,71.80000305175781,68.4000015258789,69.4000015258789,,13035
2021-04-12,69.0,69.80000305175781,66.4000015258789,67.80000305175781,,29380
2021-04-13,68.0,68.0,65.5999984741211,66.80000305175781,,23770
2021-04-14,66.4000015258789,69.0,65.80000305175781,66.4000015258789,,21015
2021-04-15,67.5999984741211,68.4000015258789,65.19999694824219,66.80000305175781,,23875
2021-04-16,67.0,67.80000305175781,65.5999984741211,67.0,,30660
2021-04-19,66.0,67.19999694824219,63.400001525878906,65.0,,58500
2021-04-20,64.0,66.0,61.79999923706055,65.4000015258789,,34445
2021-04-21,65.4000015258789,68.5999984741211,64.19999694824219,68.19999694824219,,18440
2021-04-22,69.19999694824219,70.19999694824219,65.19999694824219,66.80000305175781,,36210
2021-04-23,67.4000015258789,70.0,67.4000015258789,69.4000015258789,,13105
2021-04-26,69.4000015258789,71.5999984741211,68.80000305175781,70.0,,15570
2021-04-27,73.19999694824219,73.19999694824219,68.4000015258789,70.80000305175781,,13275
2021-04-28,70.4000015258789,73.0,69.80000305175781,72.4000015258789,,12595
2021-04-29,73.19999694824219,76.80000305175781,73.0,76.0,,16515
2021-04-30,75.4000015258789,75.4000015258789,72.0,73.80000305175781,,20600
2021-05-03,74.19999694824219,76.5999984741211,71.4000015258789,76.0,,21805
2021-05-04,74.80000305175781,75.5999984741211,72.4000015258789,73.5999984741211,,29210
2021-05-05,73.80000305175781,73.80000305175781,70.80000305175781,73.0,,13955
2021-05-06,73.80000305175781,73.80000305175781,68.5999984741211,70.80000305175781,,13635
2021-05-07,72.0,74.80000305175781,70.19999694824219,71.80000305175781,,28870
2021-05-10,72.4000015258789,72.4000015258789,67.19999694824219,68.4000015258789,,27960
2021-05-11,67.0,72.19999694824219,65.0,71.5999984741211,,27110
2021-05-12,70.19999694824219,72.19999694824219,68.19999694824219,70.0,,18920
2021-05-13,69.4000015258789,72.4000015258789,68.0,71.0,,24335
2021-05-14,71.0,72.80000305175781,70.5999984741211,72.0,,18550
2021-05-17,71.0,73.19999694824219,70.19999694824219,73.0,,24630
2021-05-18,72.5999984741211,77.19999694824219,72.0,75.80000305175781,,25690
2021-05-19,75.0,76.4000015258789,71.4000015258789,76.0,,23030
2021-05-20,75.80000305175781,77.80000305175781,74.4000015258789,77.19999694824219,,20075
2021-05-21,77.19999694824219,79.0,73.19999694824219,76.5999984741211,,18130
2021-05-24,77.19999694824219,81.4000015258789,70.19999694824219,80.80000305175781,,28460
2021-05-25,80.80000305175781,83.0,76.80000305175781,76.80000305175781,,17170
2021-05-26,76.80000305175781,80.0,75.0,77.5999984741211,,15420
2021-05-27,78.19999694824219,80.80000305175781,77.5999984741211,79.80000305175781,,44140
2021-05-28,80.5999984741211,83.19999694824219,80.0,80.0,,37620
2021-06-01,80.19999694824219,81.0,79.19999694824219,80.0,,24610
2021-06-02,80.5999984741211,80.5999984741211,77.19999694824219,78.19999694824219,,21410
2021-06-03,84.0,87.5999984741211,82.5999984741211,86.4000015258789,,57985
2021-06-04,84.19999694824219,96.1999969482422,84.19999694824219,95.0,,94655
2021-06-07,93.4000015258789,99.8000030517578,90.4000015258789,97.0,,58460
2021-06-08,98.1999969482422,98.5999984741211,93.4000015258789,94.5999984741211,,42945
2021-06-09,94.5999984741211,94.5999984741211,89.0,92.0,,34630
2021-06-10,93.1999969482422,95.8000030517578,89.80000305175781,92.4000015258789,,19835
2021-06-11,93.5999984741211,94.8000030517578,91.1999969482422,92.1999969482422,,18860
2021-06-14,93.8000030517578,94.4000015258789,88.5999984741211,89.19999694824219,,17540
2021-06-15,89.5999984741211,90.1999969482422,86.4000015258789,87.19999694824219,,13050
2021-06-16,87.0,88.19999694824219,85.0,87.80000305175781,,14915
2021-06-17,87.5999984741211,89.4000015258789,84.4000015258789,86.4000015258789,,17965
2021-06-18,84.5999984741211,85.5999984741211,81.4000015258789,82.0,,29575
2021-06-21,83.4000015258789,85.0,82.4000015258789,83.4000015258789,,29000
2021-06-22,83.80000305175781,90.1999969482422,83.4000015258789,90.1999969482422,,74455
2021-06-23,89.19999694824219,92.1999969482422,88.19999694824219,89.80000305175781,,73715
2021-06-24,91.1999969482422,94.4000015258789,90.5999984741211,93.1999969482422,,28995
2021-06-25,93.5999984741211,94.8000030517578,90.5999984741211,90.8000030517578,,59320
2021-06-28,96.0,100.8000030517578,93.4000015258789,96.0,,76245
2021-06-29,96.1999969482422,105.0,96.0,101.0,,71420
2021-06-30,99.0,101.1999969482422,96.8000030517578,100.0,,26880
2021-07-01,102.5999984741211,103.0,98.5999984741211,99.8000030517578,,19690
2021-07-02,99.0,99.5999984741211,95.5999984741211,97.4000015258789,,20190
2021-07-06,96.4000015258789,98.5999984741211,93.0,94.8000030517578,,15725
2021-07-07,94.8000030517578,96.0,89.80000305175781,91.4000015258789,,44020
2021-07-08,88.4000015258789,91.5999984741211,87.19999694824219,89.80000305175781,,11520
2021-07-09,91.0,91.4000015258789,87.80000305175781,90.8000030517578,,11175
2021-07-12,90.0,91.0,86.5999984741211,88.0,,25260
2021-07-13,86.80000305175781,87.80000305175781,85.4000015258789,86.0,,17810
2021-07-14,86.5999984741211,87.5999984741211,84.5999984741211,84.5999984741211,,13855
2021-07-15,84.0,86.19999694824219,82.5999984741211,85.0,,16960
2021-07-16,85.80000305175781,85.80000305175781,81.19999694824219,81.4000015258789,,21225
2021-07-19,80.0,82.80000305175781,79.19999694824219,81.5999984741211,,12165
2021-07-20,81.5999984741211,83.5999984741211,78.80000305175781,80.80000305175781,,35740
2021-07-21,81.4000015258789,86.19999694824219,81.0,85.5999984741211,,41585
2021-07-22,86.19999694824219,86.80000305175781,82.19999694824219,83.4000015258789,,25435
2021-07-23,84.19999694824219,86.4000015258789,82.4000015258789,83.5999984741211,,13235
2021-07-26,82.4000015258789,82.4000015258789,78.4000015258789,80.80000305175781,,30330
2021-07-27,80.80000305175781,81.5999984741211,78.5999984741211,78.80000305175781,,24275
2021-07-28,78.5999984741211,83.0,78.19999694824219,82.4000015258789,,15100
2021-07-29,82.5999984741211,83.4000015258789,81.4000015258789,82.19999694824219,,9750
2021-07-30,81.19999694824219,83.0,79.80000305175781,80.19999694824219,,18240
2021-08-02,81.0,82.4000015258789,80.4000015258789,81.0,,8130
2021-08-03,81.0,81.0,77.5999984741211,78.80000305175781,,23830
2021-08-04,77.80000305175781,79.80000305175781,76.5999984741211,77.19999694824219,,27720
2021-08-05,77.4000015258789,80.80000305175781,77.19999694824219,79.0,,10850
2021-08-06,79.80000305175781,80.80000305175781,78.0,78.19999694824219,,15350
2021-08-09,78.80000305175781,81.0,77.80000305175781,80.5999984741211,,28155
2021-08-10,68.19999694824219,69.80000305175781,59.79999923706055,62.400001525878906,,204115
2021-08-11,64.0,67.0,62.0,63.20000076293945,,72660
2021-08-12,63.20000076293945,65.4000015258789,62.20000076293945,63.0,,40265
2021-08-13,66.19999694824219,69.5999984741211,65.19999694824219,68.19999694824219,,74155
2021-08-16,68.19999694824219,69.0,66.19999694824219,67.80000305175781,,23755
2021-08-17,67.19999694824219,67.5999984741211,65.19999694824219,66.5999984741211,,30015
2021-08-18,66.5999984741211,68.5999984741211,66.19999694824219,68.19999694824219,,22415
2021-08-19,67.80000305175781,72.80000305175781,66.19999694824219,69.80000305175781,,42655
2021-08-20,69.0,72.19999694824219,67.19999694824219,70.19999694824219,,16875
2021-08-23,71.5999984741211,73.80000305175781,71.0,73.19999694824219,,25035
2021-08-24,73.0,74.80000305175781,73.0,73.80000305175781,,27790
2021-08-25,73.4000015258789,78.5999984741211,72.19999694824219,76.80000305175781,,42500
2021-08-26,76.5999984741211,79.0,75.5999984741211,76.19999694824219,,30450
2021-08-27,76.4000015258789,80.19999694824219,76.19999694824219,79.19999694824219,,19400
2021-08-30,79.4000015258789,81.0,75.80000305175781,76.4000015258789,,23790
2021-08-31,77.4000015258789,78.80000305175781,75.0,77.5999984741211,,32960
2021-09-01,77.0,79.4000015258789,74.4000015258789,78.80000305175781,,33300
2021-09-02,80.4000015258789,82.4000015258789,77.80000305175781,78.4000015258789,,23040
2021-09-03,79.19999694824219,80.80000305175781,77.5999984741211,80.5999984741211,,14290
2021-09-07,81.0,82.80000305175781,80.0,82.4000015258789,,13350
2021-09-08,82.0,83.0,78.4000015258789,81.19999694824219,,17045
2021-09-09,80.5999984741211,82.4000015258789,79.5999984741211,81.5999984741211,,29365
2021-09-10,81.80000305175781,82.5999984741211,80.4000015258789,82.0,,13070
2021-09-13,82.0,82.0,78.19999694824219,79.4000015258789,,20485
2021-09-14,80.19999694824219,80.19999694824219,77.80000305175781,78.5999984741211,,18760
2021-09-15,78.5999984741211,79.4000015258789,77.19999694824219,77.5999984741211,,14815
2021-09-16,77.5999984741211,77.5999984741211,75.19999694824219,76.4000015258789,,8495
2021-09-17,76.5999984741211,78.0,75.5999984741211,77.19999694824219,,25145
2021-09-20,76.0,77.19999694824219,74.19999694824219,75.0,,11895
2021-09-21,75.19999694824219,76.0,74.0,74.5999984741211,,14060
2021-09-22,74.4000015258789,78.0,72.5999984741211,77.19999694824219,,15295
2021-09-23,77.4000015258789,79.5999984741211,76.5999984741211,79.5999984741211,,8445
2021-09-24,79.0,79.80000305175781,76.5999984741211,78.5999984741211,,7685
2021-09-27,79.0,81.5999984741211,78.0,78.80000305175781,,9230
2021-09-28,77.80000305175781,79.4000015258789,75.0,78.19999694824219,,13115
2021-09-29,78.4000015258789,78.4000015258789,76.4000015258789,77.4000015258789,,9685
2021-09-30,78.0,79.19999694824219,76.0,78.0,,9300
2021-10-01,78.19999694824219,80.80000305175781,78.0,78.19999694824219,,11285
2021-10-04,78.0,79.0,74.5999984741211,76.5999984741211,,14660
2021-10-05,76.80000305175781,78.0,74.5999984741211,75.80000305175781,,10285
2021-10-06,74.5999984741211,75.80000305175781,73.4000015258789,73.4000015258789,,24040
2021-10-07,73.5999984741211,75.4000015258789,72.80000305175781,74.4000015258789,,20605
2021-10-08,74.4000015258789,74.4000015258789,73.4000015258789,74.19999694824219,,9195
2021-10-11,73.5999984741211,75.4000015258789,72.0,72.4000015258789,,10735
2021-10-12,72.19999694824219,73.5999984741211,70.80000305175781,73.0,,12625
2021-10-13,73.19999694824219,75.0,71.5999984741211,74.5999984741211,,10945
2021-10-14,75.19999694824219,76.5999984741211,74.80000305175781,75.19999694824219,,7070
2021-10-15,76.19999694824219,77.0,73.4000015258789,73.5999984741211,,12460
2021-10-18,71.4000015258789,74.19999694824219,71.4000015258789,72.80000305175781,,10320
2021-10-19,72.80000305175781,73.19999694824219,70.4000015258789,71.5999984741211,,14500
2021-10-20,71.0,75.4000015258789,70.80000305175781,71.4000015258789,,7860
2021-10-21,71.4000015258789,73.19999694824219,69.80000305175781,70.19999694824219,,9700
2021-10-22,69.80000305175781,70.0,67.4000015258789,68.19999694824219,,35290
2021-10-25,68.5999984741211,71.5999984741211,68.19999694824219,71.19999694824219,,13270
2021-10-26,71.19999694824219,73.5999984741211,70.4000015258789,73.0,,7330
2021-10-27,72.19999694824219,75.80000305175781,72.19999694824219,74.80000305175781,,12820
2021-10-28,75.0,78.5999984741211,75.0,77.80000305175781,,20240
2021-10-29,77.4000015258789,78.80000305175781,76.80000305175781,78.19999694824219,,7935
2021-11-01,78.5999984741211,79.19999694824219,77.19999694824219,78.19999694824219,,8785
2021-11-02,78.0,78.5999984741211,76.4000015258789,77.5999984741211,,9770
2021-11-03,77.4000015258789,81.0,76.5999984741211,79.19999694824219,,15530
2021-11-04,79.4000015258789,81.4000015258789,77.5999984741211,78.19999694824219,,15380
2021-11-05,79.4000015258789,79.5999984741211,74.19999694824219,74.80000305175781,,28955
2021-11-08,75.19999694824219,75.19999694824219,71.5999984741211,72.80000305175781,,26975
2021-11-09,78.0,78.80000305175781,74.4000015258789,76.0,,52400
2021-11-10,76.0,78.4000015258789,74.80000305175781,75.5999984741211,,25610
2021-11-11,76.5999984741211,77.5999984741211,73.0,73.80000305175781,,26805
2021-11-12,74.19999694824219,74.4000015258789,72.5999984741211,73.80000305175781,,19405
2021-11-15,73.5999984741211,74.80000305175781,71.5999984741211,72.5999984741211,,26055
2021-11-16,72.80000305175781,73.5999984741211,71.0,73.0,,29965
2021-11-17,73.0,75.5999984741211,72.0,74.4000015258789,,36135
2021-11-18,74.80000305175781,77.80000305175781,73.80000305175781,75.80000305175781,,34380
2021-11-19,75.80000305175781,76.80000305175781,74.5999984741211,75.0,,15075
2021-11-22,75.80000305175781,76.19999694824219,72.80000305175781,73.19999694824219,,26630
2021-11-23,73.80000305175781,74.80000305175781,70.5999984741211,73.0,,22460
2021-11-24,72.0,76.80000305175781,70.5999984741211,73.0,,16730
2021-11-26,72.5999984741211,73.80000305175781,70.0,71.4000015258789,,12130
2021-11-29,71.4000015258789,72.4000015258789,70.0,70.80000305175781,,14715
2021-11-30,70.5999984741211,71.19999694824219,68.80000305175781,69.4000015258789,,20375
2021-12-01,70.80000305175781,70.80000305175781,68.0,68.0,,19230
2021-12-02,67.4000015258789,69.0,65.5999984741211,68.5999984741211,,29025
2021-12-03,68.5999984741211,69.0,65.80000305175781,66.19999694824219,,21255
2021-12-06,66.0,68.0,65.4000015258789,67.5999984741211,,20320
2021-12-07,67.5999984741211,69.4000015258789,67.0,67.80000305175781,,10060
2021-12-08,67.5999984741211,71.0,67.0,70.4000015258789,,7725
2021-12-09,70.5999984741211,71.19999694824219,68.19999694824219,68.4000015258789,,8625
2021-12-10,68.5999984741211,69.5999984741211,67.0,67.4000015258789,,12770
2021-12-13,66.5999984741211,67.80000305175781,65.0,66.19999694824219,,12675
2021-12-14,65.80000305175781,66.19999694824219,62.400001525878906,63.79999923706055,,47485
2021-12-15,63.59999847412109,65.0,62.0,64.19999694824219,,35640
2021-12-16,64.4000015258789,66.0,61.79999923706055,62.79999923706055,,12005
2021-12-17,63.20000076293945,66.0,61.79999923706055,65.4000015258789,,21560
2021-12-20,64.4000015258789,64.4000015258789,61.79999923706055,64.0,,13825
2021-12-21,64.19999694824219,66.4000015258789,64.19999694824219,65.5999984741211,,8795
2021-12-22,66.0,67.0,64.80000305175781,66.0,,7095
2021-12-23,66.4000015258789,69.19999694824219,64.80000305175781,69.0,,15400
2021-12-27,69.4000015258789,70.5999984741211,66.80000305175781,69.4000015258789,,8315
2021-12-28,69.0,69.80000305175781,66.4000015258789,67.5999984741211,,11335
2021-12-29,67.19999694824219,69.80000305175781,66.4000015258789,67.0,,8860
2021-12-30,66.80000305175781,68.0,66.0,66.5999984741211,,8175
2021-12-31,67.0,67.19999694824219,65.19999694824219,66.80000305175781,,13715
2022-01-03,67.0,69.19999694824219,67.0,67.80000305175781,,4175
2022-01-04,68.19999694824219,69.0,65.4000015258789,67.4000015258789,,8185
2022-01-05,67.4000015258789,68.0,66.0,66.19999694824219,,12065
2022-01-06,66.4000015258789,70.4000015258789,66.0,69.80000305175781,,12080
2022-01-07,69.5999984741211,71.0,67.19999694824219,67.4000015258789,,7545
2022-01-10,67.80000305175781,68.19999694824219,64.80000305175781,65.5999984741211,,14240
2022-01-11,65.5999984741211,68.4000015258789,64.19999694824219,67.19999694824219,,11845
2022-01-12,67.80000305175781,68.0,64.4000015258789,64.5999984741211,,12680
2022-01-13,64.80000305175781,65.5999984741211,63.20000076293945,64.4000015258789,,10440
2022-01-14,63.79999923706055,64.5999984741211,63.20000076293945,64.5999984741211,,7155
2022-01-18,64.5999984741211,66.19999694824219,63.20000076293945,63.20000076293945,,13585
2022-01-19,64.5999984741211,65.19999694824219,61.59999847412109,61.79999923706055,,9990
2022-01-20,62.59999847412109,65.0,60.400001525878906,60.59999847412109,,24990
2022-01-21,60.0,62.0,58.59999847412109,58.79999923706055,,16485
2022-01-24,58.0,60.79999923706055,57.0,60.400001525878906,,14445
2022-01-25,59.20000076293945,60.400001525878906,57.79999923706055,59.400001525878906,,6210
2022-01-26,60.400001525878906,61.20000076293945,57.0,57.400001525878906,,11845
2022-01-27,57.59999847412109,58.79999923706055,54.59999847412109,56.20000076293945,,15245
2022-01-28,56.59999847412109,58.79999923706055,55.0,58.400001525878906,,8275
2022-01-31,57.59999847412109,60.79999923706055,57.59999847412109,60.59999847412109,,7360
2022-02-01,60.79999923706055,61.79999923706055,60.0,60.79999923706055,,6530
2022-02-02,60.400001525878906,60.79999923706055,59.400001525878906,60.0,,12045
2022-02-03,59.0,59.79999923706055,58.20000076293945,58.20000076293945,,7050
2022-02-04,57.79999923706055,59.79999923706055,57.400001525878906,59.20000076293945,,7020
2022-02-07,59.59999847412109,60.59999847412109,58.59999847412109,59.0,,10985
2022-02-08,58.59999847412109,59.79999923706055,58.59999847412109,59.0,,3910
2022-02-09,59.20000076293945,61.59999847412109,59.0,61.400001525878906,,16245
2022-02-10,59.79999923706055,61.0,58.0,58.20000076293945,,11695
2022-02-11,58.59999847412109,59.0,56.59999847412109,56.79999923706055,,8665
2022-02-14,57.0,57.20000076293945,54.59999847412109,55.400001525878906,,5860
2022-02-15,56.59999847412109,57.79999923706055,55.79999923706055,57.400001525878906,,5675
2022-02-16,57.20000076293945,57.20000076293945,55.59999847412109,56.20000076293945,,3540
2022-02-17,55.79999923706055,55.79999923706055,54.400001525878906,55.20000076293945,,6725
2022-02-18,54.59999847412109,54.59999847412109,51.79999923706055,52.20000076293945,,13085
2022-02-22,52.0,52.59999847412109,49.400001525878906,49.59999847412109,,14935
2022-02-23,50.0,50.20000076293945,47.59999847412109,48.0,,9455
2022-02-24,45.0,51.20000076293945,44.79999923706055,50.59999847412109,,13530
2022-02-25,51.0,52.0,50.0,51.79999923706055,,10800
2022-02-28,52.400001525878906,53.0,51.20000076293945,52.400001525878906,,10295
2022-03-01,53.400001525878906,54.400001525878906,48.20000076293945,49.59999847412109,,19205
2022-03-02,49.59999847412109,51.0,48.20000076293945,50.79999923706055,,11175
2022-03-03,51.400001525878906,52.79999923706055,50.20000076293945,51.20000076293945,,15555
2022-03-04,51.0,52.59999847412109,50.79999923706055,51.400001525878906,,12420
2022-03-07,51.79999923706055,56.20000076293945,50.400001525878906,51.0,,28005
2022-03-08,55.0,56.0,52.400001525878906,54.59999847412109,,17995
2022-03-09,55.20000076293945,56.59999847412109,54.59999847412109,56.20000076293945,,9275
2022-03-10,55.20000076293945,55.79999923706055,52.79999923706055,53.79999923706055,,6390
2022-03-11,54.400001525878906,54.400001525878906,50.79999923706055,50.79999923706055,,9400
2022-03-14,50.400001525878906,53.59999847412109,49.20000076293945,49.400001525878906,,29065
2022-03-15,50.0,52.20000076293945,48.400001525878906,50.59999847412109,,12700
2022-03-16,51.20000076293945,53.79999923706055,50.400001525878906,52.400001525878906,,15700
2022-03-17,51.79999923706055,55.20000076293945,51.400001525878906,54.79999923706055,,10445
2022-03-18,54.20000076293945,56.20000076293945,53.400001525878906,55.59999847412109,,16200
2022-03-21,55.59999847412109,56.20000076293945,53.400001525878906,54.20000076293945,,11670
2022-03-22,54.20000076293945,57.400001525878906,54.0,57.20000076293945,,13580
2022-03-23,57.20000076293945,57.400001525878906,54.0,54.20000076293945,,12390
2022-03-24,54.20000076293945,55.400001525878906,52.20000076293945,53.20000076293945,,11025
2022-03-25,53.0,53.79999923706055,50.20000076293945,52.79999923706055,,15045
2022-03-28,52.59999847412109,54.0,52.400001525878906,53.79999923706055,,17090
2022-03-29,56.400001525878906,57.59999847412109,55.79999923706055,56.0,,21225
2022-03-30,56.0,57.79999923706055,55.20000076293945,57.59999847412109,,15375
2022-03-31,58.0,61.400001525878906,56.79999923706055,58.20000076293945,,17280
2022-04-01,58.400001525878906,59.400001525878906,57.79999923706055,58.20000076293945,,14070
2022-04-04,58.79999923706055,59.400001525878906,56.79999923706055,58.400001525878906,,12535
2022-04-05,58.20000076293945,58.79999923706055,55.79999923706055,56.0,,12640
2022-04-06,55.0,56.20000076293945,54.79999923706055,55.20000076293945,,21135
2022-04-07,55.20000076293945,56.20000076293945,51.59999847412109,52.400001525878906,,23165
2022-04-08,52.400001525878906,52.59999847412109,50.0,50.20000076293945,,14360
2022-04-11,50.0,50.0,47.59999847412109,47.79999923706055,,10560
2022-04-12,49.0,50.79999923706055,47.400001525878906,47.59999847412109,,15145
2022-04-13,47.79999923706055,50.20000076293945,47.20000076293945,50.0,,12485
2022-04-14,50.400001525878906,51.0,49.59999847412109,50.20000076293945,,10890
2022-04-18,49.59999847412109,51.59999847412109,49.20000076293945,49.79999923706055,,18855
2022-04-19,50.0,53.0,49.79999923706055,51.79999923706055,,13945
2022-04-20,52.20000076293945,52.20000076293945,46.79999923706055,48.400001525878906,,20895
2022-04-21,49.400001525878906,49.400001525878906,46.59999847412109,46.79999923706055,,14530
2022-04-22,46.59999847412109,48.0,44.79999923706055,45.20000076293945,,12955
2022-04-25,45.20000076293945,46.0,43.59999847412109,44.0,,9290
2022-04-26,43.59999847412109,44.20000076293945,41.79999923706055,43.0,,19220
2022-04-27,42.79999923706055,44.400001525878906,41.59999847412109,42.20000076293945,,20435
2022-04-28,43.0,43.0,40.400001525878906,42.0,,17565
2022-04-29,41.20000076293945,42.79999923706055,39.59999847412109,40.400001525878906,,18020
2022-05-02,40.20000076293945,40.79999923706055,39.59999847412109,40.400001525878906,,23240
2022-05-03,40.0,41.59999847412109,39.20000076293945,41.0,,27535
2022-05-04,41.0,42.20000076293945,39.400001525878906,41.59999847412109,,29430
2022-05-05,40.79999923706055,41.20000076293945,38.0,39.0,,28840
2022-05-06,39.0,39.400001525878906,37.20000076293945,38.0,,27315
2022-05-09,36.79999923706055,37.79999923706055,34.599998474121094,34.79999923706055,,27585
2022-05-10,36.20000076293945,36.400001525878906,34.0,35.20000076293945,,25200
2022-05-11,35.0,36.0,32.599998474121094,33.0,,30770
2022-05-12,32.599998474121094,34.79999923706055,30.399999618530277,31.200000762939453,,26865
2022-05-13,31.399999618530277,34.400001525878906,30.600000381469727,33.400001525878906,,40920
2022-05-16,34.599998474121094,35.599998474121094,30.799999237060547,31.200000762939453,,20105
2022-05-17,31.799999237060547,34.0,31.200000762939453,33.599998474121094,,31575
2022-05-18,32.79999923706055,34.0,32.400001525878906,33.400001525878906,,24690
2022-05-19,33.20000076293945,34.599998474121094,33.20000076293945,34.0,,20755
2022-05-20,35.0,35.79999923706055,32.599998474121094,33.79999923706055,,19730
2022-05-23,34.400001525878906,35.599998474121094,33.79999923706055,35.20000076293945,,17765
2022-05-24,34.599998474121094,34.79999923706055,32.79999923706055,33.79999923706055,,14900
2022-05-25,33.599998474121094,34.0,32.0,33.20000076293945,,26125
2022-05-26,33.20000076293945,35.0,33.20000076293945,34.20000076293945,,11705
2022-05-27,34.400001525878906,35.400001525878906,33.79999923706055,35.0,,21100
2022-05-31,35.0,39.20000076293945,34.79999923706055,38.59999847412109,,29860
2022-06-01,38.59999847412109,39.79999923706055,36.79999923706055,38.79999923706055,,34860
2022-06-02,43.20000076293945,45.400001525878906,42.0,43.79999923706055,,54505
2022-06-03,43.20000076293945,44.0,41.79999923706055,42.400001525878906,,26135
2022-06-06,42.400001525878906,44.20000076293945,40.79999923706055,43.59999847412109,,22355
2022-06-07,42.79999923706055,45.59999847412109,42.20000076293945,43.79999923706055,,40245
2022-06-08,43.400001525878906,43.79999923706055,42.400001525878906,43.59999847412109,,11605
2022-06-09,43.20000076293945,45.59999847412109,42.400001525878906,43.59999847412109,,22980
2022-06-10,42.79999923706055,43.0,40.79999923706055,41.79999923706055,,15240
2022-06-13,41.0,41.0,39.59999847412109,40.400001525878906,,15760
2022-06-14,40.20000076293945,41.400001525878906,38.400001525878906,39.0,,13660
2022-06-15,39.20000076293945,41.20000076293945,38.79999923706055,40.79999923706055,,20180
2022-06-16,39.0,39.400001525878906,36.59999847412109,37.59999847412109,,19985
2022-06-17,37.400001525878906,39.0,37.0,38.20000076293945,,18225
2022-06-21,38.400001525878906,39.20000076293945,36.59999847412109,37.59999847412109,,36605
2022-06-22,37.0,39.400001525878906,37.0,38.79999923706055,,49925
2022-06-23,38.59999847412109,40.20000076293945,38.0,40.0,,17900
2022-06-24,39.79999923706055,43.20000076293945,39.400001525878906,40.79999923706055,,413040
2022-06-27,41.20000076293945,41.20000076293945,38.59999847412109,38.59999847412109,,72960
2022-06-28,38.79999923706055,41.20000076293945,38.79999923706055,40.59999847412109,,27525
2022-06-29,40.59999847412109,41.79999923706055,39.20000076293945,39.79999923706055,,25150
2022-06-30,39.0,41.400001525878906,38.400001525878906,41.20000076293945,,19730
2022-07-01,41.20000076293945,41.79999923706055,39.400001525878906,40.0,,13885
2022-07-05,39.400001525878906,40.0,37.79999923706055,39.79999923706055,,24190
2022-07-06,39.79999923706055,40.79999923706055,38.79999923706055,40.79999923706055,,13255
2022-07-07,40.59999847412109,40.79999923706055,39.20000076293945,39.400001525878906,,14675
2022-07-08,39.79999923706055,40.0,38.400001525878906,39.79999923706055,,24315
2022-07-11,39.79999923706055,40.400001525878906,37.79999923706055,38.79999923706055,,11810
2022-07-12,38.79999923706055,39.400001525878906,37.79999923706055,38.400001525878906,,11555
2022-07-13,38.400001525878906,39.20000076293945,37.400001525878906,39.0,,7380
2022-07-14,38.400001525878906,39.59999847412109,38.0,38.59999847412109,,14035
2022-07-15,39.0,39.79999923706055,38.20000076293945,39.0,,16780
2022-07-18,39.400001525878906,41.0,39.400001525878906,40.79999923706055,,29035
2022-07-19,41.400001525878906,42.20000076293945,41.20000076293945,41.20000076293945,,11060
2022-07-20,41.20000076293945,43.79999923706055,41.20000076293945,43.20000076293945,,15715
2022-07-21,43.0,43.79999923706055,42.59999847412109,43.20000076293945,,5680
2022-07-22,43.79999923706055,44.0,42.400001525878906,42.59999847412109,,8285
2022-07-25,42.400001525878906,42.59999847412109,41.59999847412109,42.20000076293945,,14560
2022-07-26,43.400001525878906,43.59999847412109,40.59999847412109,41.20000076293945,,28385
2022-07-27,42.20000076293945,42.20000076293945,40.400001525878906,41.20000076293945,,15005
2022-07-28,40.79999923706055,42.20000076293945,40.400001525878906,40.79999923706055,,17850
2022-07-29,40.59999847412109,41.400001525878906,39.400001525878906,40.20000076293945,,13470
2022-08-01,39.59999847412109,40.20000076293945,38.20000076293945,38.79999923706055,,13785
2022-08-02,38.400001525878906,40.400001525878906,38.400001525878906,40.400001525878906,,8080
2022-08-03,40.20000076293945,42.400001525878906,40.20000076293945,41.79999923706055,,11235
2022-08-04,41.59999847412109,43.400001525878906,41.59999847412109,43.20000076293945,,7575
2022-08-05,42.400001525878906,43.59999847412109,42.0,43.20000076293945,,7975
2022-08-08,43.400001525878906,44.400001525878906,42.0,42.400001525878906,,9835
2022-08-09,42.400001525878906,42.79999923706055,40.400001525878906,40.400001525878906,,11155
2022-08-10,42.400001525878906,44.0,40.79999923706055,43.59999847412109,,11540
2022-08-11,44.59999847412109,46.79999923706055,44.20000076293945,44.79999923706055,,12445
2022-08-12,44.79999923706055,45.20000076293945,43.59999847412109,45.0,,21515
2022-08-15,45.0,45.400001525878906,43.79999923706055,44.0,,11480
2022-08-16,44.0,44.400001525878906,43.0,43.20000076293945,,5240
2022-08-17,42.59999847412109,43.0,41.59999847412109,41.79999923706055,,7745
2022-08-18,41.59999847412109,41.59999847412109,40.400001525878906,41.0,,16325
2022-08-19,40.20000076293945,41.20000076293945,40.0,40.0,,6370
2022-08-22,39.79999923706055,40.0,38.0,38.400001525878906,,4440
2022-08-23,39.0,39.79999923706055,37.400001525878906,39.0,,27515
2022-08-24,38.79999923706055,40.79999923706055,38.79999923706055,39.400001525878906,,18285
2022-08-25,39.59999847412109,42.20000076293945,38.79999923706055,42.20000076293945,,31965
2022-08-26,42.0,42.59999847412109,40.20000076293945,42.20000076293945,,20640
2022-08-29,41.79999923706055,43.20000076293945,41.400001525878906,43.20000076293945,,27410
2022-08-30,47.79999923706055,48.0,42.20000076293945,43.0,,30860
2022-08-31,44.0,44.0,42.20000076293945,43.59999847412109,,15930
2022-09-01,44.59999847412109,47.0,43.0,46.400001525878906,,25940
2022-09-02,46.59999847412109,47.20000076293945,44.79999923706055,46.0,,21855
2022-09-06,45.20000076293945,46.20000076293945,44.400001525878906,45.400001525878906,,8920
2022-09-07,45.59999847412109,45.59999847412109,44.400001525878906,44.79999923706055,,6565
2022-09-08,44.20000076293945,44.59999847412109,43.0,44.0,,9765
2022-09-09,44.20000076293945,45.400001525878906,43.400001525878906,43.59999847412109,,8790
2022-09-12,43.400001525878906,45.400001525878906,43.20000076293945,45.0,,12870
2022-09-13,44.0,45.0,43.400001525878906,43.400001525878906,,8365
2022-09-14,43.20000076293945,43.400001525878906,42.400001525878906,42.59999847412109,,13535
2022-09-15,42.20000076293945,43.79999923706055,42.20000076293945,42.400001525878906,,6870
2022-09-16,42.0,42.20000076293945,40.79999923706055,42.20000076293945,,27050
2022-09-19,41.59999847412109,42.20000076293945,41.0,42.0,,6780
2022-09-20,41.59999847412109,42.79999923706055,41.0,41.20000076293945,,6310
2022-09-21,41.0,41.59999847412109,40.59999847412109,40.79999923706055,,8195
2022-09-22,40.79999923706055,41.400001525878906,39.59999847412109,39.59999847412109,,28100
2022-09-23,39.20000076293945,39.400001525878906,36.79999923706055,37.0,,18980
2022-09-26,37.0,37.59999847412109,35.400001525878906,35.400001525878906,,9590
2022-09-27,37.0,37.0,34.79999923706055,35.20000076293945,,9845
2022-09-28,35.0,36.59999847412109,34.79999923706055,36.20000076293945,,7770
2022-09-29,35.79999923706055,36.0,34.20000076293945,34.79999923706055,,7685
2022-09-30,34.79999923706055,35.0,33.0,33.0,,8425
2022-10-03,33.0,33.0,31.799999237060547,32.20000076293945,,9045
2022-10-04,33.20000076293945,33.79999923706055,30.0,31.0,,25295
2022-10-05,31.0,31.399999618530277,29.600000381469727,31.0,,15375
2022-10-06,33.599998474121094,33.599998474121094,29.600000381469727,30.200000762939453,,28495
2022-10-07,30.399999618530277,30.399999618530277,29.0,29.200000762939453,,32410
2022-10-10,29.399999618530277,29.399999618530277,27.600000381469727,28.0,,22490
2022-10-11,27.600000381469727,27.799999237060547,25.0,25.399999618530277,,23530
2022-10-12,25.0,26.600000381469727,24.600000381469727,26.399999618530277,,31130
2022-10-13,25.600000381469727,26.0,24.399999618530277,24.799999237060547,,14850
2022-10-14,25.0,25.0,22.799999237060547,22.799999237060547,,20195
2022-10-17,23.0,24.399999618530277,23.0,23.600000381469727,,13915
2022-10-18,23.600000381469727,24.0,23.200000762939453,23.399999618530277,,10550
2022-10-19,23.399999618530277,23.399999618530277,22.200000762939453,22.399999618530277,,27420
2022-10-20,22.799999237060547,23.200000762939453,22.399999618530277,23.0,,15060
2022-10-21,23.399999618530277,23.399999618530277,22.600000381469727,23.0,,6900
2022-10-24,23.600000381469727,23.600000381469727,22.399999618530277,23.600000381469727,,10025
2022-10-25,23.799999237060547,25.0,23.600000381469727,24.399999618530277,,13995
2022-10-26,24.0,24.799999237060547,23.200000762939453,24.200000762939453,,5985
2022-10-27,24.200000762939453,24.399999618530277,23.200000762939453,23.200000762939453,,3705
2022-10-28,23.0,24.200000762939453,22.399999618530277,23.600000381469727,,6315
2022-10-31,23.600000381469727,24.600000381469727,23.600000381469727,24.200000762939453,,10830
2022-11-01,24.600000381469727,25.0,24.0,24.200000762939453,,9070
2022-11-02,24.0,24.0,22.600000381469727,22.600000381469727,,4640
2022-11-03,22.799999237060547,22.799999237060547,21.0,21.0,,7870
2022-11-04,21.0,21.600000381469727,20.0,20.399999618530277,,22685
2022-11-07,21.0,24.600000381469727,20.600000381469727,24.0,,45135
2022-11-08,24.600000381469727,27.200000762939453,24.0,25.600000381469727,,23670
2022-11-09,24.399999618530277,27.600000381469727,24.399999618530277,26.799999237060547,,12880
2022-11-10,27.799999237060547,29.200000762939453,26.799999237060547,28.399999618530277,,12820
2022-11-11,28.399999618530277,29.799999237060547,28.200000762939453,29.399999618530277,,20830
2022-11-14,29.799999237060547,34.0,29.0,33.79999923706055,,16765
2022-11-15,34.0,34.20000076293945,32.0,32.599998474121094,,6715
2022-11-16,32.20000076293945,33.599998474121094,30.200000762939453,30.799999237060547,,10840
2022-11-17,30.399999618530277,32.0,28.399999618530277,29.799999237060547,,26760
2022-11-18,29.799999237060547,32.0,29.600000381469727,30.0,,10150
2022-11-21,31.0,31.0,29.200000762939453,29.600000381469727,,5050
2022-11-22,29.0,30.200000762939453,28.399999618530277,29.0,,7260
2022-11-23,29.799999237060547,30.200000762939453,29.0,29.200000762939453,,7935
2022-11-25,28.799999237060547,29.600000381469727,28.600000381469727,29.0,,3270
2022-11-28,28.399999618530277,29.799999237060547,27.799999237060547,27.799999237060547,,14290
2022-11-29,28.200000762939453,29.200000762939453,26.600000381469727,27.600000381469727,,20735
2022-11-30,27.799999237060547,28.0,26.600000381469727,27.0,,24715
2022-12-01,27.399999618530277,28.600000381469727,26.399999618530277,27.600000381469727,,32300
2022-12-02,27.200000762939453,27.799999237060547,26.799999237060547,27.200000762939453,,9105
2022-12-05,27.200000762939453,27.200000762939453,25.399999618530277,25.399999618530277,,15170
2022-12-06,25.0,26.200000762939453,22.0,25.200000762939453,,133580
2022-12-07,25.0,25.799999237060547,23.200000762939453,23.399999618530277,,9210
2022-12-08,23.399999618530277,24.799999237060547,21.600000381469727,22.0,,38620
2022-12-09,24.0,24.399999618530277,22.799999237060547,23.799999237060547,,87985
2022-12-12,25.200000762939453,26.399999618530277,24.600000381469727,26.399999618530277,,38460
2022-12-13,27.399999618530277,28.600000381469727,27.0,27.399999618530277,,18490
2022-12-14,27.600000381469727,28.200000762939453,25.799999237060547,26.200000762939453,,25025
2022-12-15,25.399999618530277,25.799999237060547,24.799999237060547,24.799999237060547,,8580
2022-12-16,24.600000381469727,26.399999618530277,24.0,25.0,,10705
2022-12-19,25.799999237060547,26.200000762939453,23.799999237060547,24.399999618530277,,14570
2022-12-20,24.0,24.399999618530277,23.399999618530277,23.799999237060547,,13085
2022-12-21,23.600000381469727,24.200000762939453,23.600000381469727,24.200000762939453,,6830
2022-12-22,23.799999237060547,24.399999618530277,23.600000381469727,23.799999237060547,,4680
2022-12-23,23.600000381469727,23.600000381469727,22.600000381469727,23.399999618530277,,22155
2022-12-27,23.600000381469727,23.600000381469727,22.399999618530277,22.799999237060547,,45280
2022-12-28,22.399999618530277,23.0,22.0,22.0,,22820
2022-12-29,22.0,23.200000762939453,21.600000381469727,22.399999618530277,,36405
2022-12-30,22.200000762939453,23.399999618530277,22.200000762939453,23.200000762939453,,25740
2023-01-03,23.600000381469727,24.200000762939453,23.600000381469727,23.799999237060547,,7255
2023-01-04,23.600000381469727,24.200000762939453,22.799999237060547,23.200000762939453,,9255
2023-01-05,23.399999618530277,24.0,22.799999237060547,23.799999237060547,,8695
2023-01-06,24.600000381469727,24.799999237060547,23.600000381469727,23.600000381469727,,12090
2023-01-09,23.399999618530277,26.200000762939453,23.399999618530277,25.399999618530277,,32945
2023-01-10,25.799999237060547,28.799999237060547,25.799999237060547,28.799999237060547,,23560
2023-01-11,29.399999618530277,29.399999618530277,28.0,28.399999618530277,,7550
2023-01-12,28.0,28.799999237060547,27.799999237060547,28.200000762939453,,6990
2023-01-13,28.0,29.600000381469727,27.200000762939453,28.0,,10970
2023-01-17,28.0,28.0,26.600000381469727,27.200000762939453,,11805
2023-01-18,27.600000381469727,28.200000762939453,27.0,27.399999618530277,,16235
2023-01-19,27.799999237060547,27.799999237060547,25.600000381469727,26.200000762939453,,11810
2023-01-20,26.399999618530277,26.399999618530277,25.399999618530277,25.600000381469727,,8790
2023-01-23,25.600000381469727,26.0,24.799999237060547,25.399999618530277,,20110
2023-01-24,25.200000762939453,26.200000762939453,25.200000762939453,25.600000381469727,,24740
2023-01-25,25.799999237060547,26.0,24.200000762939453,24.600000381469727,,7875
2023-01-26,24.799999237060547,25.0,24.0,24.200000762939453,,11180
2023-01-27,24.600000381469727,26.200000762939453,24.600000381469727,25.399999618530277,,13220
2023-01-30,25.200000762939453,26.0,24.600000381469727,24.799999237060547,,7745
2023-01-31,24.799999237060547,25.200000762939453,24.399999618530277,24.399999618530277,,4950
2023-02-01,24.399999618530277,26.0,24.399999618530277,25.399999618530277,,31515
2023-02-02,25.600000381469727,26.799999237060547,25.399999618530277,26.0,,15090
2023-02-03,26.0,26.200000762939453,25.200000762939453,25.200000762939453,,11995
2023-02-06,24.600000381469727,25.799999237060547,24.600000381469727,25.600000381469727,,31295
2023-02-07,25.799999237060547,26.200000762939453,25.399999618530277,25.600000381469727,,13755
2023-02-08,25.200000762939453,25.799999237060547,24.799999237060547,25.0,,19460
2023-02-09,25.0,25.600000381469727,24.200000762939453,24.200000762939453,,12330
2023-02-10,24.0,24.200000762939453,23.200000762939453,24.200000762939453,,6160
2023-02-13,24.399999618530277,24.600000381469727,23.799999237060547,24.0,,4745
2023-02-14,23.799999237060547,25.399999618530277,23.399999618530277,25.200000762939453,,8325
2023-02-15,24.799999237060547,25.600000381469727,24.799999237060547,25.399999618530277,,6465
2023-02-16,25.799999237060547,25.799999237060547,24.600000381469727,24.600000381469727,,10460
2023-02-17,24.399999618530277,24.799999237060547,24.0,24.200000762939453,,6615
2023-02-21,23.799999237060547,24.399999618530277,23.600000381469727,23.600000381469727,,7610
2023-02-22,23.799999237060547,24.200000762939453,23.399999618530277,23.399999618530277,,15615
2023-02-23,23.600000381469727,24.200000762939453,23.600000381469727,23.799999237060547,,10645
2023-02-24,23.799999237060547,24.200000762939453,23.399999618530277,23.600000381469727,,9290
2023-02-27,23.600000381469727,23.799999237060547,22.799999237060547,23.200000762939453,,9745
2023-02-28,23.200000762939453,23.600000381469727,22.600000381469727,23.200000762939453,,12155
2023-03-01,24.200000762939453,25.0,23.799999237060547,24.0,,7485
2023-03-02,24.200000762939453,24.600000381469727,23.799999237060547,24.200000762939453,,5185
2023-03-03,24.200000762939453,25.0,23.600000381469727,25.0,,16815
2023-03-06,25.0,25.399999618530277,24.399999618530277,24.399999618530277,,9105
2023-03-07,24.399999618530277,24.799999237060547,23.600000381469727,23.799999237060547,,26560
2023-03-08,24.0,24.0,23.399999618530277,23.600000381469727,,3625
2023-03-09,23.399999618530277,23.799999237060547,22.200000762939453,22.200000762939453,,13740
2023-03-10,22.399999618530277,22.399999618530277,20.399999618530277,21.0,,22865
2023-03-13,21.200000762939453,21.600000381469727,19.799999237060547,20.399999618530277,,24660
2023-03-14,20.200000762939453,20.600000381469727,20.0,20.0,,42655
2023-03-15,21.200000762939453,21.200000762939453,18.399999618530277,20.200000762939453,,44485
2023-03-16,20.399999618530277,22.799999237060547,20.200000762939453,22.600000381469727,,55850
2023-03-17,21.799999237060547,23.799999237060547,21.600000381469727,23.0,,38375
2023-03-20,22.799999237060547,23.200000762939453,21.200000762939453,22.200000762939453,,18175
2023-03-21,22.399999618530277,25.399999618530277,22.0,24.799999237060547,,19210
2023-03-22,24.799999237060547,24.799999237060547,23.0,23.200000762939453,,6910
2023-03-23,23.399999618530277,24.0,22.600000381469727,23.200000762939453,,3445
2023-03-24,23.0,23.399999618530277,21.799999237060547,22.200000762939453,,4680
2023-03-27,22.0,23.399999618530277,21.600000381469727,23.399999618530277,,3900
2023-03-28,23.399999618530277,24.0,22.799999237060547,23.399999618530277,,6785
2023-03-29,23.399999618530277,23.799999237060547,22.200000762939453,23.399999618530277,,4460
2023-03-30,23.399999618530277,23.600000381469727,22.399999618530277,23.399999618530277,,6170
2023-03-31,23.399999618530277,24.600000381469727,23.399999618530277,24.600000381469727,,8055
2023-04-03,24.399999618530277,25.0,24.200000762939453,25.0,,7300
2023-04-04,25.600000381469727,25.600000381469727,22.399999618530277,23.0,,7420
2023-04-05,23.799999237060547,23.799999237060547,21.200000762939453,22.399999618530277,,17790
2023-04-06,22.799999237060547,23.600000381469727,22.600000381469727,23.600000381469727,,3825
2023-04-10,23.200000762939453,23.399999618530277,23.0,23.200000762939453,,1825
2023-04-11,23.600000381469727,23.799999237060547,23.200000762939453,23.600000381469727,,4385
2023-04-12,24.200000762939453,24.200000762939453,23.0,23.0,,8780
2023-04-13,23.0,23.0,21.600000381469727,23.0,,13435
2023-04-14,22.799999237060547,23.0,21.200000762939453,21.600000381469727,,14050
2023-04-17,21.600000381469727,21.799999237060547,20.799999237060547,21.600000381469727,,8495
2023-04-18,22.600000381469727,22.600000381469727,21.0,21.200000762939453,,6285
2023-04-19,20.799999237060547,21.399999618530277,20.600000381469727,21.200000762939453,,4325
2023-04-20,21.200000762939453,22.600000381469727,21.0,22.200000762939453,,7055
2023-04-21,22.200000762939453,22.200000762939453,20.399999618530277,20.799999237060547,,20905
2023-04-24,20.399999618530277,21.799999237060547,20.399999618530277,21.600000381469727,,12860
2023-04-25,21.200000762939453,21.600000381469727,20.200000762939453,20.200000762939453,,7420
2023-04-26,20.200000762939453,20.399999618530277,19.399999618530277,19.600000381469727,,14275
2023-04-27,19.600000381469727,20.200000762939453,19.200000762939453,19.600000381469727,,9445
2023-04-28,19.399999618530277,20.600000381469727,19.399999618530277,20.200000762939453,,8815
2023-05-01,20.0,20.200000762939453,19.399999618530277,19.600000381469727,,5615
2023-05-02,19.600000381469727,20.0,18.0,18.200000762939453,,17940
2023-05-03,18.799999237060547,19.399999618530277,18.200000762939453,18.200000762939453,,6910
2023-05-04,18.200000762939453,19.399999618530277,18.200000762939453,19.399999618530277,,9740
2023-05-05,21.600000381469727,22.0,18.399999618530277,18.799999237060547,,9660
2023-05-08,19.399999618530277,19.399999618530277,18.200000762939453,18.600000381469727,,5970
2023-05-09,18.600000381469727,19.200000762939453,18.399999618530277,18.799999237060547,,6990
2023-05-10,18.799999237060547,19.200000762939453,16.200000762939453,17.200000762939453,,28395
2023-05-11,17.0,17.399999618530273,14.600000381469728,16.200000762939453,,22480
2023-05-12,16.399999618530273,17.399999618530273,16.0,16.799999237060547,,19840
2023-05-15,16.799999237060547,18.399999618530277,16.0,16.399999618530273,,27215
2023-05-16,16.399999618530273,17.600000381469727,16.0,16.399999618530273,,10695
2023-05-17,16.799999237060547,17.0,16.0,17.0,,70810
2023-05-18,17.200000762939453,18.799999237060547,17.0,18.399999618530277,,33835
2023-05-19,18.799999237060547,20.200000762939453,18.600000381469727,20.200000762939453,,24440
2023-05-22,21.0,21.200000762939453,19.0,19.799999237060547,,15815
2023-05-23,19.200000762939453,19.799999237060547,18.600000381469727,19.600000381469727,,31715
2023-05-24,20.0,20.399999618530277,18.600000381469727,20.200000762939453,,10925
2023-05-25,20.399999618530277,20.399999618530277,18.399999618530277,18.600000381469727,,8975
2023-05-26,18.799999237060547,19.399999618530277,18.399999618530277,19.399999618530277,,8120
2023-05-30,19.200000762939453,19.399999618530277,17.200000762939453,18.200000762939453,,15030
2023-05-31,17.799999237060547,18.0,17.200000762939453,18.0,,5665
2023-06-01,18.0,18.200000762939453,17.200000762939453,17.799999237060547,,7520
2023-06-02,17.799999237060547,18.0,17.200000762939453,17.600000381469727,,16050
2023-06-05,17.399999618530273,17.799999237060547,17.200000762939453,17.399999618530273,,8075
2023-06-06,17.600000381469727,18.200000762939453,17.200000762939453,18.200000762939453,,16725
2023-06-07,18.200000762939453,18.799999237060547,17.799999237060547,18.600000381469727,,7020
2023-06-08,18.200000762939453,18.399999618530277,17.399999618530273,17.799999237060547,,5210
2023-06-09,17.799999237060547,18.200000762939453,17.399999618530273,17.799999237060547,,10080
2023-06-12,17.600000381469727,18.200000762939453,17.399999618530273,17.799999237060547,,12255
2023-06-13,18.0,18.0,17.399999618530273,17.600000381469727,,9460
2023-06-14,17.799999237060547,18.0,17.399999618530273,17.600000381469727,,8195
2023-06-15,17.399999618530273,18.0,16.799999237060547,17.200000762939453,,11040
2023-06-16,17.399999618530273,18.200000762939453,17.0,18.200000762939453,,16905
2023-06-20,18.0,18.200000762939453,17.600000381469727,17.799999237060547,,4295
2023-06-21,17.799999237060547,18.0,16.600000381469727,17.0,,11835
2023-06-22,17.399999618530273,17.799999237060547,16.600000381469727,17.200000762939453,,4590
2023-06-23,17.200000762939453,17.799999237060547,17.200000762939453,17.799999237060547,,2445
2023-06-26,17.799999237060547,17.799999237060547,17.0,17.0,,6475
2023-06-27,17.200000762939453,17.600000381469727,14.800000190734863,16.200000762939453,,65455
2023-06-28,16.600000381469727,16.799999237060547,16.0,16.200000762939453,,7290
2023-06-29,16.799999237060547,16.799999237060547,16.0,16.399999618530273,,14725
2023-06-30,16.399999618530273,16.799999237060547,15.600000381469728,16.200000762939453,,15235
2023-07-03,16.200000762939453,16.200000762939453,15.800000190734863,15.800000190734863,,2875
2023-07-05,16.0,16.399999618530273,15.399999618530272,15.600000381469728,,16050
2023-07-06,15.199999809265137,15.600000381469728,14.199999809265137,15.399999618530272,,18960
2023-07-07,15.399999618530272,16.200000762939453,15.0,15.399999618530272,,8630
2023-07-10,15.800000190734863,16.200000762939453,14.600000381469728,15.0,,12160
2023-07-11,15.199999809265137,16.0,14.800000190734863,15.600000381469728,,19975
2023-07-12,15.399999618530272,16.0,15.199999809265137,15.800000190734863,,10065
2023-07-13,16.0,17.0,15.600000381469728,16.200000762939453,,7860
2023-07-14,16.200000762939453,16.600000381469727,14.600000381469728,15.199999809265137,,11350
2023-07-17,15.0,15.399999618530272,14.600000381469728,14.800000190734863,,11560
2023-07-18,14.600000381469728,14.600000381469728,13.399999618530272,13.600000381469728,,36725
2023-07-19,12.600000381469728,15.0,12.0,14.199999809265137,,106950
2023-07-20,13.600000381469728,14.199999809265137,13.0,13.199999809265137,,31690
2023-07-21,13.199999809265137,13.600000381469728,12.600000381469728,12.600000381469728,,11830
2023-07-24,12.800000190734863,15.600000381469728,12.399999618530272,14.399999618530272,,102180
2023-07-25,14.600000381469728,14.800000190734863,13.600000381469728,13.600000381469728,,14565
2023-07-26,14.0,17.600000381469727,14.0,15.0,,37985
2023-07-27,14.600000381469728,15.0,14.199999809265137,14.199999809265137,,8785
2023-07-28,14.199999809265137,17.799999237060547,14.199999809265137,17.0,,33105
2023-07-31,16.799999237060547,17.200000762939453,15.399999618530272,15.399999618530272,,13450
2023-08-01,15.399999618530272,16.0,15.0,15.399999618530272,,6675
2023-08-02,15.600000381469728,15.800000190734863,15.199999809265137,15.600000381469728,,4300
2023-08-03,15.600000381469728,15.800000190734863,15.0,15.0,,4185
2023-08-04,15.0,15.600000381469728,14.399999618530272,14.399999618530272,,9590
2023-08-07,14.399999618530272,14.800000190734863,14.0,14.399999618530272,,6795
2023-08-08,14.199999809265137,14.399999618530272,13.800000190734863,14.399999618530272,,13765
2023-08-09,14.600000381469728,16.200000762939453,14.600000381469728,15.800000190734863,,67370
2023-08-10,15.600000381469728,16.200000762939453,15.199999809265137,15.800000190734863,,18655
2023-08-11,15.800000190734863,16.200000762939453,15.199999809265137,15.800000190734863,,14365
2023-08-14,15.800000190734863,16.0,15.399999618530272,16.0,,14430
2023-08-15,16.0,16.200000762939453,15.399999618530272,15.600000381469728,,12790
2023-08-16,15.600000381469728,16.0,14.800000190734863,15.0,,24660
2023-08-17,15.0,15.199999809265137,14.399999618530272,14.800000190734863,,18520
2023-08-18,14.600000381469728,15.600000381469728,14.600000381469728,15.600000381469728,,14875
2023-08-21,15.600000381469728,15.800000190734863,15.0,15.600000381469728,,15845
2023-08-22,15.600000381469728,16.0,14.800000190734863,15.0,,19155
2023-08-23,14.800000190734863,15.399999618530272,14.800000190734863,15.0,,7160
2023-08-24,15.199999809265137,15.800000190734863,14.399999618530272,14.399999618530272,,9415
2023-08-25,14.399999618530272,14.600000381469728,14.0,14.399999618530272,,6565
2023-08-28,14.199999809265137,15.0,13.600000381469728,14.0,,63835
2023-08-29,14.0,15.0,14.0,14.0,,8840
2023-08-30,13.800000190734863,14.199999809265137,13.800000190734863,14.0,,5960
2023-08-31,13.800000190734863,14.600000381469728,13.800000190734863,14.0,,8695
2023-09-01,14.0,14.399999618530272,13.800000190734863,14.0,,27775
2023-09-05,14.0,14.399999618530272,13.199999809265137,13.199999809265137,,4655
2023-09-06,13.199999809265137,13.600000381469728,12.800000190734863,13.199999809265137,,10470
2023-09-07,13.0,13.0,12.800000190734863,13.0,,5800
2023-09-08,13.0,13.199999809265137,12.399999618530272,12.399999618530272,,11200
2023-09-11,12.600000381469728,13.600000381469728,12.600000381469728,12.600000381469728,,15845
2023-09-12,12.600000381469728,13.199999809265137,12.600000381469728,12.800000190734863,,5165
2023-09-13,12.800000190734863,13.199999809265137,12.800000190734863,13.0,,1485
2023-09-14,13.0,13.600000381469728,12.399999618530272,13.0,,20225
2023-09-15,12.600000381469728,13.199999809265137,12.0,12.0,,19180
2023-09-18,12.399999618530272,12.600000381469728,10.600000381469728,11.800000190734863,,27780
2023-09-19,12.199999809265137,12.399999618530272,11.800000190734863,12.199999809265137,,3950
2023-09-20,12.199999809265137,12.399999618530272,11.600000381469728,11.600000381469728,,6160
2023-09-21,11.600000381469728,12.0,11.399999618530272,11.600000381469728,,4665
2023-09-22,11.600000381469728,12.0,11.600000381469728,11.600000381469728,,1220
2023-09-25,11.800000190734863,12.0,11.600000381469728,11.600000381469728,,2735
2023-09-26,11.600000381469728,12.0,11.600000381469728,11.800000190734863,,4755
2023-09-27,11.800000190734863,12.399999618530272,11.600000381469728,12.0,,5815
2023-09-28,11.600000381469728,12.399999618530272,11.600000381469728,12.0,,6040
2023-09-29,12.0,13.0,12.0,12.199999809265137,,21925
2023-10-02,12.199999809265137,12.399999618530272,11.600000381469728,12.0,,12900
2023-10-03,12.199999809265137,12.199999809265137,11.600000381469728,11.800000190734863,,15860
2023-10-04,11.600000381469728,12.0,11.600000381469728,11.800000190734863,,1425
2023-10-05,11.800000190734863,12.0,11.399999618530272,11.399999618530272,,2240
2023-10-06,11.600000381469728,12.199999809265137,11.0,11.600000381469728,,12025
2023-10-09,11.800000190734863,12.199999809265137,11.600000381469728,11.600000381469728,,2215
2023-10-10,11.800000190734863,12.199999809265137,11.800000190734863,11.800000190734863,,3915
2023-10-11,11.600000381469728,12.199999809265137,11.600000381469728,11.600000381469728,,6620
2023-10-12,11.399999618530272,12.0,11.399999618530272,11.800000190734863,,3990
2023-10-13,12.0,12.0,11.399999618530272,11.600000381469728,,5780
2023-10-16,11.0,12.199999809265137,10.600000381469728,10.600000381469728,,19205
2023-10-17,10.600000381469728,11.800000190734863,10.600000381469728,10.600000381469728,,12970
2023-10-18,10.800000190734863,11.0,9.600000381469728,10.0,,58960
2023-10-19,10.0,12.199999809265137,9.800000190734863,12.0,,72570
2023-10-20,12.199999809265137,12.199999809265137,11.600000381469728,12.0,,6315
2023-10-23,11.800000190734863,13.0,11.600000381469728,12.600000381469728,,13630
2023-10-24,12.600000381469728,13.199999809265137,12.199999809265137,13.0,,21965
2023-10-25,13.0,13.199999809265137,12.800000190734863,13.0,,3810
2023-10-26,13.0,13.199999809265137,12.399999618530272,12.600000381469728,,4410
2023-10-27,13.0,13.0,12.800000190734863,12.800000190734863,,6810
2023-10-30,13.0,13.199999809265137,12.600000381469728,13.0,,2370
2023-10-31,13.0,13.0,12.600000381469728,12.800000190734863,,1850
2023-11-01,12.800000190734863,13.0,12.399999618530272,12.600000381469728,,1920
2023-11-02,12.600000381469728,12.600000381469728,12.399999618530272,12.600000381469728,,3705
2023-11-03,12.600000381469728,13.0,12.199999809265137,13.0,,5375
2023-11-06,13.0,13.199999809265137,12.399999618530272,12.399999618530272,,4425
2023-11-07,12.600000381469728,12.600000381469728,11.199999809265137,12.199999809265137,,34395
2023-11-08,11.600000381469728,12.600000381469728,11.600000381469728,12.600000381469728,,12895
2023-11-09,12.600000381469728,13.800000190734863,12.199999809265137,13.0,,14735
2023-11-10,12.800000190734863,13.199999809265137,11.600000381469728,12.600000381469728,,9640
2023-11-13,12.800000190734863,13.0,12.399999618530272,12.800000190734863,,6220
2023-11-14,12.600000381469728,13.0,12.199999809265137,12.800000190734863,,13185
2023-11-15,13.0,14.399999618530272,12.600000381469728,13.800000190734863,,13265
2023-11-16,13.800000190734863,13.800000190734863,12.600000381469728,12.800000190734863,,4715
2023-11-17,13.0,13.600000381469728,12.199999809265137,12.399999618530272,,5965
2023-11-20,12.399999618530272,13.199999809265137,12.399999618530272,13.0,,19645
2023-11-21,13.0,13.399999618530272,13.0,13.199999809265137,,3665
2023-11-22,13.199999809265137,13.600000381469728,13.199999809265137,13.199999809265137,,2020
2023-11-24,13.199999809265137,13.600000381469728,13.0,13.0,,835
2023-11-27,13.0,13.399999618530272,12.600000381469728,12.600000381469728,,3245
2023-11-28,12.399999618530272,13.600000381469728,12.399999618530272,13.0,,5265
2023-11-29,13.0,13.800000190734863,12.800000190734863,12.800000190734863,,12520
2023-11-30,13.0,13.800000190734863,12.600000381469728,13.399999618530272,,15085
2023-12-01,13.600000381469728,13.800000190734863,12.800000190734863,13.399999618530272,,12810
2023-12-04,13.600000381469728,14.399999618530272,12.800000190734863,13.800000190734863,,10825
2023-12-05,13.600000381469728,13.600000381469728,12.800000190734863,13.199999809265137,,10155
2023-12-06,13.199999809265137,14.0,12.800000190734863,12.800000190734863,,5155
2023-12-07,12.800000190734863,13.0,12.600000381469728,12.800000190734863,,8805
2023-12-08,13.0,13.399999618530272,12.800000190734863,13.0,,9130
2023-12-11,13.0,13.199999809265137,12.600000381469728,13.0,,7565
2023-12-12,13.0,13.399999618530272,12.600000381469728,13.0,,9635
2023-12-13,12.800000190734863,14.399999618530272,12.800000190734863,14.199999809265137,,8285
2023-12-14,14.399999618530272,14.600000381469728,14.0,14.399999618530272,,5725
2023-12-15,14.399999618530272,15.0,14.0,15.0,,7830
2023-12-18,15.0,15.0,11.399999618530272,11.600000381469728,,45325
2023-12-19,12.0,16.0,12.0,13.800000190734863,,44690
2023-12-20,12.90999984741211,15.0,12.699999809265137,14.350000381469728,,20200
2023-12-21,14.3100004196167,14.5,13.039999961853027,14.100000381469728,,27700
2023-12-22,13.880000114440918,14.5,13.880000114440918,14.399999618530272,,17300
2023-12-26,14.989999771118164,14.989999771118164,13.739999771118164,13.859999656677246,,28700
2023-12-27,13.720000267028809,14.399999618530272,13.609999656677246,14.010000228881836,,23100
2023-12-28,14.029999732971191,15.710000038146973,14.020000457763672,15.300000190734863,,27100
2023-12-29,15.359999656677246,16.8799991607666,15.359999656677246,16.700000762939453,,28200
2024-01-02,16.40999984741211,19.040000915527344,16.40999984741211,17.940000534057617,,22700
2024-01-03,17.799999237060547,18.149999618530277,17.020000457763672,17.989999771118164,,23700
2024-01-04,17.420000076293945,17.950000762939453,17.079999923706055,17.549999237060547,,14600
2024-01-05,17.700000762939453,17.84000015258789,16.829999923706055,17.239999771118164,,12800
2024-01-08,17.229999542236328,18.399999618530277,17.010000228881836,18.200000762939453,,19700
2024-01-09,17.989999771118164,20.190000534057617,17.510000228881836,19.5,,39700
2024-01-10,19.5,19.700000762939453,18.940000534057617,19.399999618530277,,28900
2024-01-11,19.420000076293945,20.84000015258789,18.479999542236328,20.5,,47600
2024-01-12,20.71999931335449,20.71999931335449,20.239999771118164,20.600000381469727,,10900
2024-01-16,20.559999465942383,20.96999931335449,19.8700008392334,20.299999237060547,,12900
2024-01-17,20.190000534057617,20.190000534057617,18.979999542236328,19.82999992370605,,16400
2024-01-18,20.21999931335449,20.25,18.520000457763672,19.100000381469727,,32600
2024-01-19,19.059999465942383,19.93000030517578,18.1299991607666,18.959999084472656,,18700
2024-01-22,19.11000061035156,19.190000534057617,17.809999465942383,17.989999771118164,,44400
2024-01-23,18.200000762939453,18.899999618530277,18.200000762939453,18.709999084472656,,20900
2024-01-24,19.270000457763672,19.780000686645508,18.56999969482422,18.670000076293945,,10600
2024-01-25,18.84000015258789,19.46999931335449,18.43000030517578,18.8799991607666,,11000
2024-01-26,18.850000381469727,19.5,18.36000061035156,18.549999237060547,,6100
2024-01-29,18.6299991607666,19.979999542236328,18.030000686645508,19.700000762939453,,17300
2024-01-30,19.59000015258789,20.209999084472656,19.479999542236328,20.13999938964844,,16800
2024-01-31,20.5,20.549999237060547,20.049999237060547,20.18000030517578,,4900
2024-02-01,20.06999969482422,20.549999237060547,19.520000457763672,19.520000457763672,,14600
2024-02-02,19.43000030517578,19.46999931335449,18.739999771118164,19.46999931335449,,12400
2024-02-05,19.34000015258789,19.450000762939453,18.709999084472656,18.709999084472656,,4000
2024-02-06,18.600000381469727,19.200000762939453,18.239999771118164,18.520000457763672,,9400
2024-02-07,18.989999771118164,18.989999771118164,18.540000915527344,18.76000022888184,,3400
2024-02-08,18.350000381469727,18.350000381469727,18.350000381469727,18.350000381469727,,1000
2024-02-09,18.56999969482422,18.93000030517578,18.34000015258789,18.86000061035156,,11600
2024-02-12,18.57999992370605,18.86000061035156,18.57999992370605,18.57999992370605,,3500
2024-02-13,18.309999465942383,18.309999465942383,17.149999618530273,17.600000381469727,,11000
2024-02-14,17.829999923706055,18.190000534057617,17.760000228881836,17.799999237060547,,9000
2024-02-15,17.549999237060547,18.040000915527344,17.5,17.5,,10000
2024-02-16,17.5,17.549999237060547,17.209999084472656,17.209999084472656,,7500
2024-02-20,17.149999618530273,17.15999984741211,16.0,16.989999771118164,,17400
2024-02-21,17.079999923706055,17.25,16.709999084472656,16.709999084472656,,7800
2024-02-22,17.149999618530273,17.75,16.649999618530273,17.75,,9300
2024-02-23,18.020000457763672,18.5,17.670000076293945,18.5,,9800
2024-02-26,18.5,19.920000076293945,18.489999771118164,19.020000457763672,,16000
2024-02-27,19.299999237060547,19.770000457763672,19.1200008392334,19.450000762939453,,5600
2024-02-28,19.5,20.420000076293945,19.36000061035156,20.170000076293945,,20600
2024-02-29,19.309999465942383,20.170000076293945,19.309999465942383,19.729999542236328,,19600
2024-03-01,19.670000076293945,20.0,19.209999084472656,20.0,,4600
2024-03-04,20.0,20.18000030517578,19.299999237060547,19.299999237060547,,10500
2024-03-05,19.420000076293945,19.420000076293945,18.399999618530277,18.440000534057617,,4200
2024-03-06,18.68000030517578,20.18000030517578,18.68000030517578,18.88999938964844,,17300
2024-03-07,18.350000381469727,18.350000381469727,16.440000534057617,17.780000686645508,,98500
2024-03-08,17.780000686645508,17.780000686645508,17.110000610351562,17.110000610351562,,20600
2024-03-11,17.100000381469727,17.100000381469727,16.200000762939453,16.260000228881836,,88900
2024-03-12,16.25,16.639999389648438,15.880000114440918,15.880000114440918,,27300
2024-03-13,15.359999656677246,16.600000381469727,15.359999656677246,16.0,,37700
2024-03-14,15.670000076293944,16.040000915527344,15.5,15.970000267028809,,26500
2024-03-15,15.970000267028809,16.530000686645508,15.600000381469728,15.829999923706056,,104000
2024-03-18,15.989999771118164,16.530000686645508,15.9399995803833,15.989999771118164,,81700
2024-03-19,15.979999542236328,16.0,15.550000190734863,15.65999984741211,,18500
2024-03-20,15.65999984741211,15.949999809265137,15.649999618530272,15.789999961853027,,18100
2024-03-21,15.56999969482422,15.75,14.75,15.210000038146973,,49000
2024-03-22,16.030000686645508,16.030000686645508,14.56999969482422,15.210000038146973,,65200
2024-03-25,15.43000030517578,15.600000381469728,14.770000457763672,15.25,,44300
2024-03-26,15.270000457763672,15.609999656677246,15.25,15.380000114440918,,59600
2024-03-27,15.539999961853027,15.729999542236328,15.09000015258789,15.350000381469728,,11600
2024-03-28,15.890000343322754,15.989999771118164,15.3100004196167,15.399999618530272,,7000
2024-04-01,15.399999618530272,15.710000038146973,15.399999618530272,15.399999618530272,,3000
2024-04-02,15.399999618530272,15.510000228881836,15.020000457763672,15.390000343322754,,10900
2024-04-03,15.119999885559082,15.470000267028809,14.81999969482422,15.470000267028809,,25400
2024-04-04,15.449999809265137,15.449999809265137,14.899999618530272,15.100000381469728,,10200
2024-04-05,14.81999969482422,15.84000015258789,14.270000457763672,15.84000015258789,,37600
2024-04-08,15.800000190734863,16.40999984741211,15.649999618530272,16.09000015258789,,19900
2024-04-09,15.850000381469728,16.270000457763672,15.68000030517578,15.949999809265137,,14800
2024-04-10,15.8100004196167,15.970000267028809,15.220000267028809,15.970000267028809,,12900
2024-04-11,15.949999809265137,16.09000015258789,15.56999969482422,15.989999771118164,,7800
2024-04-12,15.710000038146973,16.110000610351562,14.710000038146973,15.949999809265137,,22400
2024-04-15,15.699999809265137,15.890000343322754,15.06999969482422,15.140000343322754,,8600
2024-04-16,15.050000190734863,15.380000114440918,14.800000190734863,15.029999732971191,,8300
2024-04-17,15.260000228881836,15.399999618530272,14.579999923706056,14.739999771118164,,9800
2024-04-18,15.260000228881836,15.270000457763672,14.760000228881836,15.270000457763672,,14500
2024-04-19,14.800000190734863,14.9399995803833,14.220000267028809,14.449999809265137,,12700
2024-04-22,14.359999656677246,14.779999732971191,13.770000457763672,14.720000267028809,,34700
2024-04-23,14.630000114440918,15.119999885559082,14.31999969482422,14.760000228881836,,24900
2024-04-24,14.59000015258789,14.699999809265137,14.130000114440918,14.479999542236328,,13600
2024-04-25,14.699999809265137,14.699999809265137,13.81999969482422,13.920000076293944,,7100
2024-04-26,13.760000228881836,14.369999885559082,13.760000228881836,13.949999809265137,,9000
2024-04-29,13.949999809265137,14.100000381469728,13.399999618530272,13.850000381469728,,13400
2024-04-30,14.130000114440918,14.130000114440918,13.609999656677246,13.81999969482422,,8700
2024-05-01,13.90999984741211,14.149999618530272,13.770000457763672,13.949999809265137,,3100
2024-05-02,14.010000228881836,14.15999984741211,13.6899995803833,13.6899995803833,,8900
2024-05-03,14.3100004196167,14.699999809265137,14.079999923706056,14.399999618530272,,5800
2024-05-06,14.850000381469728,14.93000030517578,14.06999969482422,14.06999969482422,,5200
2024-05-07,14.140000343322754,15.289999961853027,14.140000343322754,14.470000267028809,,34400
2024-05-08,14.479999542236328,15.0,13.600000381469728,14.300000190734863,,37500
2024-05-09,15.0,15.06999969482422,13.65999984741211,13.710000038146973,,39100
2024-05-10,13.710000038146973,14.399999618530272,13.56999969482422,14.0,,28700
2024-05-13,14.0,14.699999809265137,13.579999923706056,13.579999923706056,,14500
2024-05-14,13.579999923706056,15.149999618530272,13.199999809265137,14.399999618530272,,38300
2024-05-15,14.210000038146973,14.460000038146973,13.40999984741211,13.40999984741211,,21200
2024-05-16,14.050000190734863,14.510000228881836,13.529999732971191,14.0,,33300
2024-05-17,13.670000076293944,14.0,13.670000076293944,13.779999732971191,,12000
2024-05-20,13.850000381469728,14.31999969482422,13.5,13.989999771118164,,33400
2024-05-21,13.829999923706056,14.130000114440918,13.670000076293944,14.039999961853027,,5900
2024-05-22,13.800000190734863,14.18000030517578,13.800000190734863,13.970000267028809,,12600
2024-05-23,13.670000076293944,14.06999969482422,13.640000343322754,13.640000343322754,,4300
2024-05-24,13.609999656677246,13.90999984741211,13.479999542236328,13.479999542236328,,7500
2024-05-28,13.5,13.670000076293944,12.510000228881836,13.479999542236328,,34600
2024-05-29,13.880000114440918,13.880000114440918,13.029999732971191,13.609999656677246,,44700
2024-05-30,13.829999923706056,14.210000038146973,13.699999809265137,13.84000015258789,,9800
2024-05-31,13.9399995803833,14.0,13.539999961853027,13.729999542236328,,7400
2024-06-03,13.609999656677246,13.979999542236328,13.199999809265137,13.40999984741211,,14100
2024-06-04,13.329999923706056,13.369999885559082,12.989999771118164,13.020000457763672,,11600
2024-06-05,13.25,13.25,12.5600004196167,12.600000381469728,,29400
2024-06-06,12.609999656677246,13.460000038146973,12.609999656677246,13.380000114440918,,12200
2024-06-07,13.380000114440918,13.5,12.920000076293944,13.329999923706056,,2800
2024-06-10,13.0600004196167,13.609999656677246,12.8100004196167,13.609999656677246,,11000
2024-06-11,13.739999771118164,13.829999923706056,13.1899995803833,13.5,,11800
2024-06-12,13.5,13.5,13.050000190734863,13.130000114440918,,2600
2024-06-13,12.979999542236328,13.140000343322754,12.899999618530272,13.140000343322754,,4500
2024-06-14,13.270000457763672,13.270000457763672,12.829999923706056,12.920000076293944,,1800
2024-06-17,12.829999923706056,12.829999923706056,12.710000038146973,12.710000038146973,,1200
2024-06-18,12.75,12.8100004196167,12.420000076293944,12.43000030517578,,12900
2024-06-20,12.420000076293944,13.970000267028809,12.399999618530272,13.899999618530272,,74100
2024-06-21,13.81999969482422,15.649999618530272,13.800000190734863,15.5,,38100
2024-06-24,15.369999885559082,15.6899995803833,13.75,15.279999732971191,,26800
2024-06-25,15.0600004196167,15.4399995803833,14.729999542236328,14.75,,8900
2024-06-26,15.550000190734863,15.550000190734863,14.789999961853027,14.789999961853027,,2400
2024-06-27,14.6899995803833,15.149999618530272,14.449999809265137,14.449999809265137,,3000
2024-06-28,14.050000190734863,14.1899995803833,14.050000190734863,14.1899995803833,,2100
2024-07-01,14.399999618530272,14.779999732971191,14.399999618530272,14.470000267028809,,3300
2024-07-02,14.289999961853027,14.630000114440918,14.020000457763672,14.020000457763672,,5400
2024-07-03,14.59000015258789,14.59000015258789,13.149999618530272,13.149999618530272,,8200
2024-07-05,12.699999809265137,13.199999809265137,12.68000030517578,12.68000030517578,,5900
2024-07-08,12.529999732971191,12.760000228881836,12.390000343322754,12.4399995803833,,19900
2024-07-09,12.59000015258789,13.170000076293944,12.359999656677246,13.039999961853027,,14300
2024-07-10,13.239999771118164,13.880000114440918,13.239999771118164,13.550000190734863,,3500
2024-07-11,13.84000015258789,13.84000015258789,13.43000030517578,13.760000228881836,,6000
2024-07-12,13.399999618530272,13.630000114440918,12.84000015258789,13.0,,5700
2024-07-15,13.31999969482422,13.31999969482422,12.93000030517578,13.279999732971191,,5200
2024-07-16,13.149999618530272,13.609999656677246,12.90999984741211,13.609999656677246,,2000
2024-07-17,13.75,14.350000381469728,13.550000190734863,13.899999618530272,,6600
2024-07-18,14.270000457763672,14.600000381469728,13.699999809265137,13.960000038146973,,24800
2024-07-19,14.489999771118164,14.489999771118164,13.760000228881836,13.760000228881836,,6200
2024-07-22,13.760000228881836,14.300000190734863,13.380000114440918,14.279999732971191,,20200
2024-07-23,14.0,14.239999771118164,13.869999885559082,14.170000076293944,,2100
2024-07-24,14.350000381469728,14.350000381469728,13.800000190734863,14.130000114440918,,8900
2024-07-25,13.699999809265137,14.260000228881836,13.699999809265137,14.119999885559082,,10000
2024-07-26,14.470000267028809,14.880000114440918,14.0,14.210000038146973,,19400
2024-07-29,14.489999771118164,14.829999923706056,13.800000190734863,14.0,,11800
2024-07-30,14.199999809265137,15.3100004196167,13.989999771118164,13.989999771118164,,14800
2024-07-31,14.039999961853027,14.380000114440918,13.300000190734863,13.989999771118164,,99600
2024-08-01,14.050000190734863,14.050000190734863,13.210000038146973,13.460000038146973,,3300
2024-08-02,13.18000030517578,13.18000030517578,11.93000030517578,12.0,,47400
2024-08-05,11.149999618530272,13.0600004196167,11.149999618530272,12.949999809265137,,25000
2024-08-06,13.0,14.0,11.899999618530272,12.020000457763672,,62300
2024-08-07,11.100000381469728,11.100000381469728,7.329999923706055,8.039999961853027,,121700
2024-08-08,8.029999732971191,8.640000343322754,7.670000076293945,8.010000228881836,,18200
2024-08-09,8.420000076293945,8.420000076293945,7.110000133514404,7.489999771118164,,24200
2024-08-12,7.5,8.029999732971191,7.150000095367432,7.289999961853027,,14700
2024-08-13,7.300000190734863,7.570000171661377,7.03000020980835,7.199999809265137,,31500
2024-08-14,7.260000228881836,7.739999771118164,7.179999828338623,7.539999961853027,,20700
2024-08-15,7.559999942779541,8.149999618530273,7.559999942779541,7.71999979019165,,21700
2024-08-16,7.710000038146973,7.989999771118164,7.710000038146973,7.860000133514404,,3400
2024-08-19,7.739999771118164,7.889999866485596,7.079999923706055,7.090000152587891,,12700
2024-08-20,7.260000228881836,7.269999980926514,6.699999809265137,6.880000114440918,,32100
2024-08-21,6.900000095367432,7.510000228881836,6.400000095367432,7.199999809265137,,35500
2024-08-22,7.25,7.360000133514404,6.900000095367432,7.090000152587891,,35900
2024-08-23,7.170000076293945,7.25,6.960000038146973,7.130000114440918,,11500
2024-08-26,7.139999866485596,7.409999847412109,7.039999961853027,7.130000114440918,,2700
2024-08-27,7.150000095367432,7.199999809265137,7.0,7.010000228881836,,7200
2024-08-28,7.159999847412109,7.429999828338623,6.710000038146973,6.710000038146973,,26500
2024-08-29,6.880000114440918,7.199999809265137,6.599999904632568,7.010000228881836,,37000
2024-08-30,6.949999809265137,7.309999942779541,6.949999809265137,7.170000076293945,,1600
2024-09-03,7.230000019073486,7.230000019073486,7.010000228881836,7.010000228881836,,3400
2024-09-04,7.010000228881836,7.039999961853027,6.599999904632568,6.769999980926514,,4100
2024-09-05,7.059999942779541,7.239999771118164,6.809999942779541,7.150000095367432,,2800
2024-09-06,7.0,7.0,6.539999961853027,6.739999771118164,,14100
2024-09-09,6.789999961853027,7.0,6.309999942779541,6.670000076293945,,8400
2024-09-10,6.820000171661377,6.820000171661377,6.449999809265137,6.449999809265137,,4400
2024-09-11,6.619999885559082,6.849999904632568,6.449999809265137,6.5,,23200
2024-09-12,6.730000019073486,7.289999961853027,6.730000019073486,6.909999847412109,,36900
2024-09-13,6.889999866485596,7.059999942779541,6.650000095367432,6.900000095367432,,35100
2024-09-16,6.949999809265137,7.309999942779541,6.599999904632568,6.599999904632568,,34000
2024-09-17,6.800000190734863,7.21999979019165,6.800000190734863,7.210000038146973,,19500
2024-09-18,7.210000038146973,7.489999771118164,6.71999979019165,6.829999923706055,,22900
2024-09-19,7.0,7.070000171661377,6.690000057220459,6.800000190734863,,8500
2024-09-20,6.679999828338623,6.909999847412109,6.369999885559082,6.659999847412109,,22800
2024-09-23,6.670000076293945,6.860000133514404,6.119999885559082,6.5,,41500
2024-09-24,6.489999771118164,7.090000152587891,6.489999771118164,7.019999980926514,,18800
2024-09-25,6.940000057220459,7.739999771118164,6.940000057220459,7.210000038146973,,46300
2024-09-26,7.360000133514404,7.360000133514404,6.960000038146973,7.139999866485596,,24000
2024-09-27,7.269999980926514,7.269999980926514,6.920000076293945,7.039999961853027,,10300
2024-09-30,6.909999847412109,7.070000171661377,6.679999828338623,6.789999961853027,,20600
2024-10-01,6.940000057220459,7.079999923706055,6.789999961853027,6.940000057220459,,13100
2024-10-02,6.889999866485596,6.929999828338623,6.650000095367432,6.670000076293945,,3300
2024-10-03,6.849999904632568,6.96999979019165,6.590000152587891,6.639999866485596,,14100
2024-10-04,6.75,6.949999809265137,6.619999885559082,6.949999809265137,,6500
2024-10-07,6.920000076293945,6.980000019073486,6.650000095367432,6.880000114440918,,11800
2024-10-08,6.860000133514404,6.929999828338623,6.599999904632568,6.679999828338623,,8000
2024-10-09,6.619999885559082,6.980000019073486,6.610000133514404,6.840000152587891,,11400
2024-10-10,6.519999980926514,6.940000057220459,6.519999980926514,6.639999866485596,,8900
2024-10-11,6.71999979019165,6.929999828338623,6.699999809265137,6.760000228881836,,20900
2024-10-14,6.630000114440918,6.840000152587891,6.630000114440918,6.760000228881836,,12400
2024-10-15,6.730000019073486,6.789999961853027,6.46999979019165,6.78000020980835,,6200
2024-10-16,6.630000114440918,6.880000114440918,6.599999904632568,6.75,,9100
2024-10-17,6.670000076293945,6.869999885559082,6.559999942779541,6.559999942779541,,7500
2024-10-18,6.539999961853027,6.539999961853027,6.400000095367432,6.400000095367432,,1600
2024-10-21,6.349999904632568,6.679999828338623,6.340000152587891,6.5,,3300
2024-10-22,6.619999885559082,6.619999885559082,6.139999866485596,6.199999809265137,,20200
2024-10-23,6.199999809265137,6.429999828338623,6.199999809265137,6.429999828338623,,1500
2024-10-24,6.050000190734863,6.599999904632568,5.170000076293945,5.78000020980835,,79300
2024-10-25,5.980000019073486,6.489999771118164,5.46999979019165,6.070000171661377,,19800
2024-10-28,6.25,6.389999866485596,6.050000190734863,6.139999866485596,,11600
2024-10-29,5.909999847412109,6.21999979019165,5.800000190734863,5.800000190734863,,12700
2024-10-30,5.809999942779541,6.289999961853027,5.320000171661377,5.519999980926514,,9800
2024-10-31,5.710000038146973,5.889999866485596,5.389999866485596,5.5,,7600
2024-11-01,5.619999885559082,5.619999885559082,5.400000095367432,5.409999847412109,,5500
2024-11-04,5.289999961853027,5.670000076293945,5.28000020980835,5.28000020980835,,19900
2024-11-05,5.289999961853027,5.420000076293945,4.889999866485596,4.960000038146973,,37700
2024-11-06,5.300000190734863,5.349999904632568,4.980000019073486,5.28000020980835,,9900
2024-11-07,5.150000095367432,6.21999979019165,5.119999885559082,5.550000190734863,,34900
2024-11-08,5.75,6.079999923706055,5.5,5.570000171661377,,9600
2024-11-11,5.690000057220459,5.96999979019165,5.159999847412109,5.289999961853027,,16900
2024-11-12,5.460000038146973,5.650000095367432,5.170000076293945,5.329999923706055,,31300
2024-11-13,5.409999847412109,7.699999809265137,5.409999847412109,7.519999980926514,,218900
2024-11-14,7.590000152587891,8.989999771118164,7.519999980926514,7.880000114440918,,176700
2024-11-15,7.710000038146973,8.0,7.039999961853027,7.28000020980835,,28700
2024-11-18,7.239999771118164,7.539999961853027,7.130000114440918,7.320000171661377,,28100
2024-11-19,7.320000171661377,7.690000057220459,7.320000171661377,7.349999904632568,,21800
2024-11-20,7.320000171661377,7.489999771118164,7.320000171661377,7.329999923706055,,13200
2024-11-21,7.440000057220459,7.650000095367432,6.960000038146973,7.650000095367432,,26500
2024-11-22,7.690000057220459,7.880000114440918,7.53000020980835,7.590000152587891,,13000
2024-11-25,7.769999980926514,8.0,7.630000114440918,7.829999923706055,,18900
2024-11-26,7.710000038146973,7.980000019073486,7.630000114440918,7.860000133514404,,13400
2024-11-27,7.570000171661377,8.75,7.519999980926514,8.25,,44300
2024-11-29,8.220000267028809,8.6899995803833,8.0600004196167,8.380000114440918,,15100
2024-12-02,8.40999984741211,8.40999984741211,7.590000152587891,8.0600004196167,,21800
2024-12-03,7.96999979019165,8.069999694824219,7.760000228881836,7.769999980926514,,14400
2024-12-04,7.949999809265137,8.100000381469727,7.75,7.789999961853027,,11700
2024-12-05,7.809999942779541,7.989999771118164,7.480000019073486,7.639999866485596,,8000
2024-12-06,7.329999923706055,7.690000057220459,7.320000171661377,7.420000076293945,,15900
2024-12-09,7.420000076293945,7.739999771118164,7.420000076293945,7.730000019073486,,5800
2024-12-10,7.559999942779541,7.679999828338623,7.349999904632568,7.53000020980835,,13800
2024-12-11,7.599999904632568,7.71999979019165,7.409999847412109,7.699999809265137,,8700
2024-12-12,7.550000190734863,7.670000076293945,6.900000095367432,7.090000152587891,,31200
2024-12-13,7.199999809265137,7.199999809265137,6.78000020980835,7.090000152587891,,14500
2024-12-16,7.210000038146973,7.230000019073486,6.889999866485596,6.960000038146973,,16400
2024-12-17,7.300000190734863,7.300000190734863,6.75,6.940000057220459,,9000
2024-12-18,6.820000171661377,6.820000171661377,6.599999904632568,6.739999771118164,,9900
2024-12-19,7.050000190734863,7.050000190734863,6.070000171661377,6.389999866485596,,34700
2024-12-20,6.449999809265137,6.679999828338623,6.400000095367432,6.5,,23100
2024-12-23,6.449999809265137,6.670000076293945,6.329999923706055,6.420000076293945,,16700
2024-12-24,6.300000190734863,6.519999980926514,6.0,6.0,,19000
2024-12-26,6.099999904632568,6.099999904632568,5.599999904632568,5.869999885559082,,42600
2024-12-27,5.900000095367432,5.900000095367432,5.75,5.769999980926514,,16400
2024-12-30,5.860000133514404,5.880000114440918,5.53000020980835,5.650000095367432,,73400
2024-12-31,5.550000190734863,6.0,5.550000190734863,5.840000152587891,,81500
2025-01-02,5.869999885559082,7.059999942779541,5.869999885559082,6.710000038146973,,13400
2025-01-03,7.039999961853027,7.199999809265137,6.579999923706055,6.679999828338623,,23400
2025-01-06,6.739999771118164,6.989999771118164,6.25,6.25,,24700
2025-01-07,6.21999979019165,6.21999979019165,5.809999942779541,6.019999980926514,,23400
2025-01-08,6.389999866485596,6.420000076293945,6.099999904632568,6.309999942779541,,6300
2025-01-10,6.210000038146973,6.320000171661377,6.199999809265137,6.320000171661377,,21800
2025-01-13,6.110000133514404,6.309999942779541,5.909999847412109,6.309999942779541,,53400
2025-01-14,6.309999942779541,6.489999771118164,6.0,6.019999980926514,,131100
2025-01-15,6.25,6.590000152587891,6.199999809265137,6.329999923706055,,28300
2025-01-16,6.210000038146973,6.690000057220459,6.139999866485596,6.5,,8400
2025-01-17,6.550000190734863,6.670000076293945,6.409999847412109,6.480000019073486,,17000
2025-01-21,6.320000171661377,6.579999923706055,6.199999809265137,6.199999809265137,,7400
2025-01-22,6.340000152587891,6.480000019073486,5.820000171661377,6.039999961853027,,37000
2025-01-23,6.380000114440918,8.210000038146973,6.360000133514404,7.800000190734863,,133400
2025-01-24,8.079999923706055,8.079999923706055,7.0,7.150000095367432,,29100
2025-01-27,7.260000228881836,7.260000228881836,6.789999961853027,6.869999885559082,,73700
2025-01-28,7.050000190734863,7.210000038146973,6.809999942779541,7.019999980926514,,51400
2025-01-29,6.960000038146973,7.170000076293945,6.960000038146973,7.170000076293945,,60400
2025-01-30,7.230000019073486,7.230000019073486,7.070000171661377,7.139999866485596,,17200
2025-01-31,7.019999980926514,7.489999771118164,7.019999980926514,7.489999771118164,,8300
2025-02-03,7.409999847412109,7.449999809265137,6.820000171661377,7.21999979019165,,6700
2025-02-04,7.340000152587891,7.760000228881836,7.25,7.630000114440918,,4800
2025-02-05,7.699999809265137,8.369999885559082,7.699999809265137,8.329999923706055,,37100
2025-02-06,8.359999656677246,8.800000190734863,8.210000038146973,8.40999984741211,,69100
2025-02-07,8.3100004196167,8.489999771118164,7.309999942779541,7.849999904632568,,68300
2025-02-10,7.769999980926514,7.989999771118164,7.659999847412109,7.659999847412109,,17100
2025-02-11,7.659999847412109,8.0600004196167,7.059999942779541,7.210000038146973,,31200
2025-02-12,6.980000019073486,7.489999771118164,6.840000152587891,7.099999904632568,,7100
2025-02-13,7.130000114440918,7.25,6.949999809265137,7.239999771118164,,11000
2025-02-14,7.03000020980835,7.28000020980835,6.920000076293945,7.130000114440918,,7500
2025-02-18,7.110000133514404,7.239999771118164,7.079999923706055,7.150000095367432,,6800
2025-02-19,7.440000057220459,7.440000057220459,6.889999866485596,6.889999866485596,,14600
2025-02-20,7.0,7.369999885559082,6.570000171661377,6.570000171661377,,20400
2025-02-21,6.920000076293945,6.920000076293945,6.449999809265137,6.639999866485596,,5800
2025-02-24,6.46999979019165,6.679999828338623,6.21999979019165,6.21999979019165,,13700
2025-02-25,6.880000114440918,6.880000114440918,6.199999809265137,6.21999979019165,,16400
2025-02-26,6.230000019073486,6.400000095367432,6.019999980926514,6.130000114440918,,5000
2025-02-27,6.199999809265137,6.199999809265137,5.989999771118164,6.059999942779541,,8500
2025-02-28,6.199999809265137,6.199999809265137,5.610000133514404,6.039999961853027,,7400
2025-03-03,6.039999961853027,6.039999961853027,5.789999961853027,5.800000190734863,,22700
2025-03-04,5.849999904632568,6.110000133514404,5.650000095367432,5.710000038146973,,34600
2025-03-05,6.590000152587891,7.300000190734863,6.5,6.940000057220459,,131700
2025-03-06,7.329999923706055,7.329999923706055,6.119999885559082,6.309999942779541,,33500
2025-03-07,6.400000095367432,6.400000095367432,6.0,6.099999904632568,,4100
2025-03-10,6.159999847412109,6.159999847412109,5.550000190734863,5.650000095367432,,32500
2025-03-11,5.579999923706055,6.159999847412109,5.579999923706055,5.900000095367432,,14300
2025-03-12,5.989999771118164,6.139999866485596,5.630000114440918,5.789999961853027,,12800
2025-03-13,5.789999961853027,6.059999942779541,5.650000095367432,6.059999942779541,,1500
2025-03-14,6.059999942779541,6.059999942779541,5.659999847412109,6.0,,11000
2025-03-17,5.900000095367432,6.130000114440918,5.739999771118164,6.039999961853027,,7400
2025-03-18,6.119999885559082,6.119999885559082,5.949999809265137,6.070000171661377,,3400
2025-03-19,6.070000171661377,6.590000152587891,6.0,6.199999809265137,,7600
2025-03-20,6.019999980926514,8.0,6.019999980926514,7.260000228881836,,47400
2025-03-21,7.25,7.46999979019165,7.0,7.239999771118164,,4800
2025-03-24,7.210000038146973,7.210000038146973,6.849999904632568,6.989999771118164,,10200
2025-03-25,6.760000228881836,7.21999979019165,6.760000228881836,7.210000038146973,,26900
2025-03-26,7.150000095367432,7.150000095367432,7.090000152587891,7.090000152587891,,1100
2025-03-27,6.929999828338623,6.949999809265137,6.650000095367432,6.840000152587891,,6200
2025-03-28,6.96999979019165,6.989999771118164,6.659999847412109,6.659999847412109,,2100
2025-03-31,6.699999809265137,7.019999980926514,6.420000076293945,6.869999885559082,,7600
2025-04-01,6.519999980926514,6.75,6.519999980926514,6.670000076293945,,1800
2025-04-02,6.46999979019165,6.679999828338623,6.380000114440918,6.380000114440918,,4100
2025-04-03,6.360000133514404,6.429999828338623,5.800000190734863,5.800000190734863,,4000
2025-04-04,5.800000190734863,6.300000190734863,5.170000076293945,5.28000020980835,,9500
2025-04-07,5.070000171661377,5.610000133514404,4.590000152587891,5.349999904632568,,7300
2025-04-08,5.539999961853027,5.650000095367432,4.980000019073486,5.260000228881836,,8800
2025-04-09,5.130000114440918,5.639999866485596,4.619999885559082,5.639999866485596,,16300
2025-04-10,5.46999979019165,5.579999923706055,5.010000228881836,5.510000228881836,,2000
2025-04-11,5.099999904632568,5.630000114440918,5.059999942779541,5.630000114440918,,9200
2025-04-14,5.429999828338623,5.610000133514404,5.119999885559082,5.420000076293945,,16300
2025-04-15,5.449999809265137,5.5,5.059999942779541,5.059999942779541,,10100
2025-04-16,5.289999961853027,5.5,5.110000133514404,5.110000133514404,,7400
2025-04-17,5.139999866485596,5.380000114440918,5.0,5.0,,3100
2025-04-21,4.829999923706055,5.0,4.590000152587891,5.0,,10900
2025-04-22,5.010000228881836,5.079999923706055,4.659999847412109,5.0,,9200
2025-04-23,5.0,5.260000228881836,5.0,5.050000190734863,,29900
2025-04-24,5.199999809265137,5.849999904632568,5.119999885559082,5.5,,10700
2025-04-25,5.559999942779541,5.639999866485596,5.039999961853027,5.110000133514404,,4100
2025-04-28,5.130000114440918,5.380000114440918,5.050000190734863,5.110000133514404,,4100
2025-04-29,5.360000133514404,5.360000133514404,4.849999904632568,4.849999904632568,,18000
2025-04-30,5.019999980926514,5.289999961853027,5.010000228881836,5.010000228881836,,1300
2025-05-01,5.300000190734863,5.300000190734863,4.860000133514404,4.909999847412109,,6200
2025-05-02,4.900000095367432,5.349999904632568,4.900000095367432,5.239999771118164,,8700
2025-05-05,5.289999961853027,5.289999961853027,5.03000020980835,5.179999828338623,,5400
2025-05-06,5.289999961853027,5.800000190734863,5.179999828338623,5.409999847412109,,14500
2025-05-07,5.28000020980835,5.409999847412109,5.130000114440918,5.150000095367432,,4500
2025-05-08,5.369999885559082,5.389999866485596,5.010000228881836,5.239999771118164,,4800
2025-05-09,5.010000228881836,5.170000076293945,4.829999923706055,4.829999923706055,,18400
2025-05-12,5.0,5.150000095367432,4.909999847412109,5.0,,24900
2025-05-13,4.900000095367432,5.369999885559082,4.539999961853027,5.039999961853027,,53900
2025-05-14,5.039999961853027,5.059999942779541,4.820000171661377,4.880000114440918,,10100
2025-05-15,5.159999847412109,5.199999809265137,4.800000190734863,4.989999771118164,,10900
2025-05-16,5.130000114440918,5.28000020980835,4.920000076293945,4.920000076293945,,9800
2025-05-19,4.840000152587891,5.239999771118164,4.730000019073486,4.730000019073486,,4900
2025-05-20,4.800000190734863,5.289999961853027,4.800000190734863,5.0,,4400
2025-05-21,5.0,5.019999980926514,4.760000228881836,4.760000228881836,,4000
2025-05-22,4.730000019073486,5.039999961853027,4.659999847412109,4.739999771118164,,10500
2025-05-23,4.920000076293945,4.920000076293945,4.75,4.75,,900
2025-05-27,4.929999828338623,5.050000190734863,4.900000095367432,4.900000095367432,,1200
2025-05-28,4.889999866485596,4.889999866485596,4.75,4.860000133514404,,3600
2025-05-29,4.880000114440918,4.880000114440918,4.75,4.75,,3900
2025-05-30,4.789999961853027,4.789999961853027,4.599999904632568,4.599999904632568,,12000
2025-06-02,4.699999809265137,4.860000133514404,4.46999979019165,4.860000133514404,,8200
2025-06-03,4.75,5.380000114440918,4.610000133514404,5.150000095367432,,27100
2025-06-04,5.260000228881836,5.260000228881836,4.760000228881836,5.090000152587891,,3900
2025-06-05,5.130000114440918,5.139999866485596,5.0,5.139999866485596,,1100
2025-06-06,5.019999980926514,5.179999828338623,5.019999980926514,5.090000152587891,,4200
2025-06-09,5.119999885559082,5.269999980926514,4.809999942779541,4.980000019073486,,41800
2025-06-10,4.860000133514404,5.239999771118164,4.860000133514404,5.050000190734863,,18500
2025-06-11,5.099999904632568,5.349999904632568,5.050000190734863,5.179999828338623,,6200
2025-06-12,4.989999771118164,5.349999904632568,4.989999771118164,5.199999809265137,,4700
2025-06-13,5.380000114440918,5.380000114440918,4.989999771118164,4.989999771118164,,1200
2025-06-16,4.989999771118164,5.409999847412109,4.949999809265137,5.119999885559082,,7200
2025-06-17,5.130000114440918,5.269999980926514,4.949999809265137,4.949999809265137,,2100
2025-06-18,5.309999942779541,5.309999942779541,4.949999809265137,5.010000228881836,,2200
2025-06-20,5.010000228881836,6.429999828338623,4.389999866485596,4.659999847412109,,158800
2025-06-23,4.800000190734863,5.159999847412109,4.670000076293945,4.840000152587891,,9000
2025-06-24,5.059999942779541,5.150000095367432,4.820000171661377,4.820000171661377,,6100
2025-06-25,4.860000133514404,5.110000133514404,4.860000133514404,4.920000076293945,,10600
2025-06-26,4.96999979019165,5.360000133514404,4.920000076293945,5.099999904632568,,72600
2025-06-27,5.179999828338623,5.179999828338623,4.820000171661377,4.820000171661377,,40600
2025-06-30,4.96999979019165,4.96999979019165,4.820000171661377,4.820000171661377,,1500
2025-07-01,4.920000076293945,5.260000228881836,4.849999904632568,5.070000171661377,,6200
2025-07-02,5.039999961853027,5.340000152587891,4.900000095367432,5.21999979019165,,43100
2025-07-03,5.099999904632568,5.329999923706055,5.0,5.019999980926514,,52500
2025-07-07,5.090000152587891,5.210000038146973,5.0,5.059999942779541,,4500
2025-07-08,5.130000114440918,5.130000114440918,5.019999980926514,5.019999980926514,,6400
2025-07-09,5.210000038146973,5.5,5.210000038146973,5.309999942779541,,7200
2025-07-10,5.309999942779541,5.71999979019165,5.300000190734863,5.71999979019165,,9800
2025-07-11,5.619999885559082,5.929999828338623,5.53000020980835,5.650000095367432,,7300
2025-07-14,5.880000114440918,5.880000114440918,5.519999980926514,5.519999980926514,,2900
2025-07-15,5.639999866485596,5.670000076293945,5.03000020980835,5.179999828338623,,19800
2025-07-16,5.019999980926514,5.46999979019165,4.820000171661377,5.059999942779541,,33200
2025-07-17,5.070000171661377,5.880000114440918,4.96999979019165,5.130000114440918,,17800
2025-07-18,5.139999866485596,5.519999980926514,5.139999866485596,5.5,,20700
2025-07-21,5.599999904632568,5.78000020980835,5.260000228881836,5.710000038146973,,12100
2025-07-22,5.409999847412109,5.949999809265137,5.409999847412109,5.699999809265137,,9700
2025-07-23,5.71999979019165,5.71999979019165,5.550000190734863,5.550000190734863,,4200
2025-07-24,5.889999866485596,5.889999866485596,5.389999866485596,5.559999942779541,,26900
2025-07-25,5.570000171661377,5.570000171661377,5.559999942779541,5.559999942779541,,1100
2025-07-28,5.659999847412109,5.659999847412109,5.119999885559082,5.550000190734863,,20800
2025-07-29,5.400000095367432,5.449999809265137,5.050000190734863,5.050000190734863,,40200
2025-07-30,5.46999979019165,5.46999979019165,5.139999866485596,5.25,,53800
2025-07-31,5.389999866485596,5.460000038146973,5.150000095367432,5.230000019073486,,27000
2025-08-01,5.25,5.519999980926514,5.099999904632568,5.519999980926514,,26700
2025-08-04,5.380000114440918,5.420000076293945,5.0,5.199999809265137,,26800
2025-08-05,5.039999961853027,5.179999828338623,4.809999942779541,4.869999885559082,,38100
2025-08-06,4.960000038146973,6.230000019073486,4.960000038146973,5.96999979019165,,52800
2025-08-07,5.940000057220459,7.119999885559082,5.679999828338623,7.119999885559082,,29500
2025-08-08,7.050000190734863,7.230000019073486,6.409999847412109,6.989999771118164,,38700
2025-08-11,6.989999771118164,6.989999771118164,6.170000076293945,6.25,,5000
2025-08-12,6.260000228881836,6.590000152587891,6.260000228881836,6.300000190734863,,2300
2025-08-13,6.409999847412109,7.03000020980835,6.119999885559082,6.900000095367432,,24600
2025-08-14,6.900000095367432,6.96999979019165,6.329999923706055,6.449999809265137,,5600
2025-08-15,6.46999979019165,6.760000228881836,6.46999979019165,6.650000095367432,,5400
2025-08-18,6.599999904632568,6.650000095367432,6.599999904632568,6.650000095367432,,2500
2025-08-19,6.449999809265137,7.0,6.449999809265137,6.989999771118164,,15700
2025-08-20,6.840000152587891,6.909999847412109,6.400000095367432,6.429999828338623,,18200
2025-08-21,6.329999923706055,6.539999961853027,6.25,6.260000228881836,,15600
2025-08-22,6.239999771118164,6.96999979019165,6.239999771118164,6.5,,23200
2025-08-25,6.519999980926514,6.519999980926514,6.360000133514404,6.449999809265137,,10200
2025-08-26,6.25,6.639999866485596,6.25,6.639999866485596,,1400
2025-08-27,6.460000038146973,6.46999979019165,6.460000038146973,6.46999979019165,,5600
2025-08-28,6.449999809265137,6.96999979019165,6.369999885559082,6.889999866485596,,15100
2025-08-29,6.559999942779541,6.690000057220459,6.559999942779541,6.659999847412109,,1900
2025-09-02,6.650000095367432,6.650000095367432,6.340000152587891,6.46999979019165,,1800
2025-09-03,6.5,6.53000020980835,6.420000076293945,6.449999809265137,,1900
2025-09-04,6.539999961853027,6.550000190734863,6.260000228881836,6.550000190734863,,3100
2025-09-05,6.409999847412109,6.409999847412109,6.409999847412109,6.409999847412109,,500
2025-09-08,6.409999847412109,6.5,6.349999904632568,6.349999904632568,,2800
2025-09-09,6.329999923706055,6.329999923706055,6.329999923706055,6.329999923706055,,4000
2025-09-10,6.300000190734863,6.349999904632568,6.300000190734863,6.309999942779541,,1300
2025-09-11,6.429999828338623,6.429999828338623,6.429999828338623,6.429999828338623,,600
2025-09-12,6.230000019073486,6.920000076293945,6.059999942779541,6.800000190734863,,24600
2025-09-15,6.670000076293945,6.670000076293945,6.670000076293945,6.670000076293945,,4200
2025-09-16,6.409999847412109,6.409999847412109,6.199999809265137,6.199999809265137,,1500
2025-09-17,6.300000190734863,6.300000190734863,6.099999904632568,6.099999904632568,,3200
2025-09-18,6.260000228881836,6.480000019073486,6.150000095367432,6.480000019073486,,3000
2025-09-19,6.289999961853027,6.5,6.289999961853027,6.5,,11500
2025-09-22,6.199999809265137,6.199999809265137,6.199999809265137,6.199999809265137,,800
2025-09-23,6.320000171661377,6.320000171661377,6.150000095367432,6.199999809265137,,5300
2025-09-24,6.690000057220459,6.690000057220459,6.46999979019165,6.46999979019165,,1300
2025-09-25,6.690000057220459,6.690000057220459,6.099999904632568,6.349999904632568,,6700
2025-09-26,6.800000190734863,6.800000190734863,6.050000190734863,6.119999885559082,,8600
2025-09-29,8.199999809265137,10.18000030517578,7.699999809265137,8.949999809265137,,2820000
2025-09-30,9.010000228881836,9.149999618530272,8.300000190734863,8.729999542236328,,90400
2025-10-01,8.739999771118164,8.75,8.5,8.539999961853027,,45900
2025-10-02,8.75,8.75,8.300000190734863,8.300000190734863,,33500
2025-10-03,8.420000076293945,8.670000076293945,8.359999656677246,8.470000267028809,,3900
2025-10-06,8.470000267028809,8.550000190734863,8.0,8.15999984741211,,45800
2025-10-07,8.229999542236328,8.329999923706055,7.909999847412109,8.029999732971191,,10700
2025-10-08,8.039999961853027,8.119999885559082,7.900000095367432,7.989999771118164,,9700
2025-10-09,8.029999732971191,8.130000114440918,7.75,8.050000190734863,,20900
2025-10-10,7.889999866485596,8.149999618530273,7.889999866485596,7.940000057220459,,27400
2025-10-13,8.079999923706055,8.079999923706055,7.769999980926514,7.769999980926514,,10500
2025-10-14,7.949999809265137,7.989999771118164,7.420000076293945,7.820000171661377,,34600
2025-10-15,7.800000190734863,8.199999809265137,7.690000057220459,7.800000190734863,,9100
2025-10-16,8.300000190734863,8.300000190734863,7.510000228881836,7.769999980926514,,2800
2025-10-17,7.769999980926514,7.769999980926514,7.360000133514404,7.360000133514404,,15900
2025-10-20,7.559999942779541,8.039999961853027,7.389999866485596,7.400000095367432,,3100
2025-10-21,7.360000133514404,7.730000019073486,7.360000133514404,7.510000228881836,,14300
2025-10-22,7.260000228881836,7.860000133514404,7.119999885559082,7.119999885559082,,4900
2025-10-23,7.650000095367432,7.650000095367432,7.130000114440918,7.300000190734863,,12000
2025-10-24,7.769999980926514,7.769999980926514,7.199999809265137,7.369999885559082,,2600
2025-10-27,7.800000190734863,7.840000152587891,7.400000095367432,7.400000095367432,,4100
2025-10-28,7.409999847412109,7.849999904632568,7.409999847412109,7.670000076293945,,2500
2025-10-29,7.71999979019165,7.71999979019165,7.369999885559082,7.699999809265137,,5600
2025-10-30,7.639999866485596,7.639999866485596,7.449999809265137,7.46999979019165,,4800
2025-10-31,7.679999828338623,7.679999828338623,7.239999771118164,7.360000133514404,,2800
2025-11-03,7.28000020980835,7.619999885559082,7.21999979019165,7.550000190734863,,3200
2025-11-04,7.340000152587891,7.670000076293945,7.139999866485596,7.400000095367432,,6400
2025-11-05,6.909999847412109,7.0,6.590000152587891,6.75,,60800
2025-11-06,6.929999828338623,7.0,6.46999979019165,6.900000095367432,,33400
2025-11-07,6.889999866485596,7.860000133514404,6.420000076293945,7.860000133514404,,84900
2025-11-10,7.880000114440918,7.889999866485596,7.230000019073486,7.230000019073486,,9900
2025-11-11,7.179999828338623,7.309999942779541,6.769999980926514,6.769999980926514,,16600
2025-11-12,6.860000133514404,6.909999847412109,6.670000076293945,6.670000076293945,,7800
2025-11-13,7.039999961853027,7.260000228881836,6.590000152587891,6.590000152587891,,5200
2025-11-14,6.590000152587891,6.650000095367432,6.429999828338623,6.429999828338623,,15200
2025-11-17,6.420000076293945,6.889999866485596,6.420000076293945,6.429999828338623,,7700
2025-11-18,6.46999979019165,6.46999979019165,6.309999942779541,6.400000095367432,,6200
2025-11-19,6.329999923706055,6.329999923706055,6.260000228881836,6.289999961853027,,6600
2025-11-20,6.5,6.619999885559082,6.099999904632568,6.119999885559082,,11800
2025-11-21,6.119999885559082,6.659999847412109,6.119999885559082,6.539999961853027,,20700
2025-11-24,6.429999828338623,6.550000190734863,6.119999885559082,6.460000038146973,,2600
2025-11-25,6.400000095367432,6.869999885559082,6.400000095367432,6.869999885559082,,2200
2025-11-26,6.849999904632568,6.900000095367432,6.650000095367432,6.710000038146973,,2800
2025-11-28,6.650000095367432,6.900000095367432,6.489999771118164,6.900000095367432,,8300
2025-12-01,6.849999904632568,7.099999904632568,6.550000190734863,6.78000020980835,,5100
2025-12-02,6.449999809265137,7.0,6.400000095367432,6.800000190734863,,9100
2025-12-03,6.599999904632568,7.079999923706055,6.440000057220459,7.079999923706055,,13300
2025-12-04,7.079999923706055,7.079999923706055,7.079999923706055,7.079999923706055,,0
2025-12-05,6.78000020980835,6.840000152587891,6.710000038146973,6.710000038146973,,3700
2025-12-08,6.710000038146973,6.710000038146973,6.710000038146973,6.710000038146973,,0
2025-12-09,6.900000095367432,7.150000095367432,6.599999904632568,6.71999979019165,,5800
2025-12-10,6.809999942779541,6.820000171661377,6.519999980926514,6.710000038146973,,3700
2025-12-11,6.579999923706055,6.679999828338623,6.579999923706055,6.659999847412109,,3500
2025-12-12,6.519999980926514,6.559999942779541,6.510000228881836,6.559999942779541,,2800
2025-12-15,6.579999923706055,7.159999847412109,6.550000190734863,7.099999904632568,,13000
2025-12-16,6.789999961853027,7.199999809265137,6.579999923706055,7.199999809265137,,9100
2025-12-17,7.0,7.199999809265137,6.960000038146973,7.179999828338623,,6800
2025-12-18,7.199999809265137,7.199999809265137,7.050000190734863,7.159999847412109,,3300
2025-12-19,7.050000190734863,7.199999809265137,6.980000019073486,7.139999866485596,,7400
2025-12-22,7.099999904632568,7.199999809265137,6.809999942779541,6.809999942779541,,12900
2025-12-23,6.769999980926514,6.989999771118164,6.53000020980835,6.840000152587891,,13200
2025-12-24,6.809999942779541,6.860000133514404,6.730000019073486,6.860000133514404,,2600
2025-12-26,6.75,6.789999961853027,6.510000228881836,6.769999980926514,,15600
2025-12-29,6.630000114440918,6.769999980926514,6.630000114440918,6.75,,1700
2025-12-30,6.730000019073486,7.0,6.570000171661377,6.630000114440918,,8600
2025-12-31,6.730000019073486,6.730000019073486,6.5,6.5,,22200
2026-01-02,6.5,6.730000019073486,6.5,6.590000152587891,,10200
2026-01-05,6.699999809265137,6.699999809265137,6.510000228881836,6.510000228881836,,4600
2026-01-06,6.820000171661377,7.0,6.699999809265137,6.760000228881836,,13800
2026-01-07,6.929999828338623,7.210000038146973,6.75,7.119999885559082,,47000
2026-01-08,7.190000057220459,8.609999656677246,7.179999828338623,7.960000038146973,,118800
2026-01-09,7.980000019073486,8.4399995803833,7.630000114440918,8.229999542236328,,211000
2026-01-12,8.329999923706055,8.380000114440918,7.71999979019165,8.239999771118164,,17600
2026-01-13,8.239999771118164,8.399999618530273,8.149999618530273,8.149999618530273,,13500
2026-01-14,7.860000133514404,8.770000457763672,7.860000133514404,8.59000015258789,,69400
2026-01-15,8.4399995803833,8.630000114440918,8.25,8.619999885559082,,20800
2026-01-16,8.550000190734863,8.729999542236328,8.029999732971191,8.550000190734863,,12500
2026-01-20,8.539999961853027,8.850000381469727,8.260000228881836,8.5600004196167,,21300
2026-01-21,8.569999694824219,9.06999969482422,8.529999732971191,8.760000228881836,,30100
2026-01-22,9.0600004196167,9.34000015258789,8.640000343322754,8.760000228881836,,47000
2026-01-23,8.600000381469727,9.199999809265137,8.600000381469727,8.989999771118164,,16000
2026-01-26,9.06999969482422,9.06999969482422,8.550000190734863,8.710000038146973,,32100
2026-01-27,8.710000038146973,8.880000114440918,8.539999961853027,8.670000076293945,,17700
2026-01-28,8.670000076293945,8.989999771118164,8.670000076293945,8.720000267028809,,18500
2026-01-29,8.699999809265137,8.989999771118164,8.449999809265137,8.449999809265137,,17400
2026-01-30,8.5,8.869999885559082,8.449999809265137,8.449999809265137,,13100
2026-02-02,8.529999732971191,8.899999618530273,8.529999732971191,8.569999694824219,,30600
2026-02-03,8.550000190734863,8.630000114440918,8.319999694824219,8.630000114440918,,30100
2026-02-04,8.550000190734863,8.869999885559082,7.929999828338623,8.079999923706055,,24700
2026-02-05,8.020000457763672,8.819999694824219,7.289999961853027,7.360000133514404,,26200
2026-02-06,7.429999828338623,8.600000381469727,7.28000020980835,7.489999771118164,,49800
2026-02-09,7.369999885559082,8.270000457763672,7.369999885559082,7.389999866485596,,37800
2026-02-10,7.610000133514404,8.079999923706055,7.039999961853027,7.079999923706055,,30200
2026-02-11,7.150000095367432,7.590000152587891,7.150000095367432,7.53000020980835,,5100
2026-02-12,7.869999885559082,7.869999885559082,7.059999942779541,7.059999942779541,,18300
2026-02-13,7.739999771118164,7.940000057220459,7.079999923706055,7.5,,11100
2026-02-17,7.090000152587891,8.140000343322754,7.090000152587891,7.179999828338623,,25500
2026-02-18,7.619999885559082,7.619999885559082,7.199999809265137,7.349999904632568,,11300
2026-02-19,7.110000133514404,7.900000095367432,7.110000133514404,7.710000038146973,,17400
2026-02-20,7.889999866485596,7.889999866485596,7.420000076293945,7.639999866485596,,11800
2026-02-23,7.730000019073486,7.730000019073486,7.099999904632568,7.53000020980835,,25500
2026-02-24,7.199999809265137,7.699999809265137,6.869999885559082,6.869999885559082,,19400
2026-02-25,7.050000190734863,7.050000190734863,6.610000133514404,6.650000095367432,,6700
2026-02-26,6.639999866485596,7.230000019073486,6.639999866485596,6.840000152587891,,12300
2026-02-27,6.800000190734863,6.809999942779541,6.800000190734863,6.809999942779541,,3600
2026-03-02,6.800000190734863,6.909999847412109,6.739999771118164,6.739999771118164,,2800
2026-03-03,6.650000095367432,6.699999809265137,6.099999904632568,6.679999828338623,,40300
2026-03-04,6.699999809265137,7.210000038146973,6.699999809265137,7.059999942779541,,10900
2026-03-05,7.400000095367432,7.46999979019165,7.019999980926514,7.019999980926514,,14500
2026-03-06,6.980000019073486,7.380000114440918,6.96999979019165,7.25,,11500
2026-03-09,7.039999961853027,7.380000114440918,7.039999961853027,7.289999961853027,,11200
2026-03-10,6.96999979019165,7.800000190734863,6.96999979019165,7.179999828338623,,13100
2026-03-11,7.28000020980835,7.460000038146973,7.059999942779541,7.179999828338623,,31900
2026-03-12,6.929999828338623,7.360000133514404,6.929999828338623,7.079999923706055,,12300
2026-03-13,7.199999809265137,7.309999942779541,6.53380012512207,6.550000190734863,,15935
