Date,open,high,low,close,adj close,volume
1994-02-17,0.4375,0.4375,0.4375,0.4375,0.3917518258094787,48000
1994-02-18,1.421875,1.4375,1.3125,1.421875,1.2731937170028689,39870400
1994-02-22,1.40625,1.4375,1.359375,1.421875,1.2731937170028689,9164800
1994-02-23,1.390625,1.421875,1.359375,1.375,1.2312201261520386,5124800
1994-02-24,1.375,1.375,1.3125,1.3125,1.175255537033081,2246400
1994-02-25,1.359375,1.375,1.3125,1.359375,1.2172290086746216,2414400
1994-02-28,1.34375,1.375,1.34375,1.34375,1.203238010406494,1006400
1994-03-01,1.375,1.375,1.34375,1.359375,1.2172290086746216,952000
1994-03-02,1.359375,1.359375,1.3125,1.34375,1.203238010406494,2105600
1994-03-03,1.359375,1.359375,1.328125,1.359375,1.2172290086746216,680000
1994-03-04,1.328125,1.484375,1.328125,1.484375,1.329158067703247,1984000
1994-03-07,1.484375,1.53125,1.46875,1.515625,1.3571405410766602,1929600
1994-03-08,1.515625,1.515625,1.46875,1.5,1.343149185180664,1313600
1994-03-09,1.46875,1.515625,1.46875,1.515625,1.3571405410766602,2572800
1994-03-10,1.46875,1.515625,1.453125,1.453125,1.3011759519577026,2112000
1994-03-11,1.453125,1.484375,1.4375,1.484375,1.329158067703247,260800
1994-03-14,1.484375,1.484375,1.4375,1.4765625,1.3221629858016968,81600
1994-03-15,1.484375,1.484375,1.390625,1.390625,1.245211482048035,1931200
1994-03-16,1.390625,1.4375,1.390625,1.421875,1.2731937170028689,211200
1994-03-17,1.4375,1.46875,1.40625,1.46875,1.3151671886444092,528000
1994-03-18,1.46875,1.515625,1.453125,1.484375,1.329158067703247,1096000
1994-03-21,1.484375,1.546875,1.484375,1.546875,1.3851226568222046,920000
1994-03-22,1.53125,1.578125,1.53125,1.5625,1.3991142511367798,1142400
1994-03-23,1.53125,1.578125,1.53125,1.578125,1.4131052494049072,635200
1994-03-24,1.578125,1.578125,1.5,1.546875,1.3851226568222046,2140800
1994-03-25,1.484375,1.484375,1.484375,1.484375,1.329158067703247,11200
1994-03-28,1.484375,1.53125,1.453125,1.453125,1.3011759519577026,1056000
1994-03-29,1.4375,1.46875,1.4375,1.4375,1.287184476852417,182400
1994-03-30,1.4375,1.46875,1.421875,1.46875,1.3151671886444092,387200
1994-03-31,1.40625,1.4375,1.359375,1.4375,1.287184476852417,1528000
1994-04-04,1.421875,1.4375,1.375,1.375,1.2312201261520386,2270400
1994-04-05,1.421875,1.46875,1.40625,1.453125,1.3011759519577026,872000
1994-04-06,1.46875,1.46875,1.46875,1.46875,1.3151671886444092,8000
1994-04-07,1.421875,1.46875,1.421875,1.46875,1.3151671886444092,166400
1994-04-08,1.421875,1.421875,1.421875,1.421875,1.2731937170028689,3200
1994-04-11,1.4375,1.46875,1.421875,1.46875,1.3151671886444092,230400
1994-04-12,1.4453125,1.4453125,1.4375,1.4375,1.287184476852417,76800
1994-04-13,1.4375,1.4453125,1.421875,1.421875,1.2731937170028689,219200
1994-04-14,1.453125,1.453125,1.40625,1.453125,1.3011759519577026,145600
1994-04-15,1.421875,1.453125,1.421875,1.453125,1.3011759519577026,16000
1994-04-18,1.453125,1.5,1.421875,1.421875,1.2731937170028689,784000
1994-04-19,1.453125,1.453125,1.40625,1.40625,1.2592027187347412,89600
1994-04-20,1.4375,1.4375,1.4375,1.4375,1.287184476852417,80000
1994-04-21,1.453125,1.453125,1.40625,1.453125,1.3011759519577026,17600
1994-04-22,1.40625,1.453125,1.375,1.421875,1.2731937170028689,182400
1994-04-25,1.421875,1.421875,1.375,1.375,1.2312201261520386,200000
1994-04-26,1.359375,1.375,1.359375,1.3671875,1.2242248058319092,1544000
1994-04-28,1.359375,1.4375,1.359375,1.40625,1.2592027187347412,388800
1994-04-29,1.4375,1.515625,1.4375,1.515625,1.3571405410766602,2176000
1994-05-02,1.515625,1.515625,1.453125,1.515625,1.3571405410766602,4124800
1994-05-03,1.46875,1.484375,1.46875,1.484375,1.329158067703247,137600
1994-05-04,1.46875,1.484375,1.46875,1.4765625,1.3221629858016968,428800
1994-05-05,1.453125,1.5,1.453125,1.4765625,1.3221629858016968,734400
1994-05-06,1.453125,1.5,1.453125,1.4765625,1.3221629858016968,595200
1994-05-09,1.453125,1.4609375,1.453125,1.453125,1.3011759519577026,187200
1994-05-10,1.484375,1.484375,1.390625,1.4375,1.287184476852417,782400
1994-05-11,1.4375,1.4375,1.421875,1.421875,1.2731937170028689,1304000
1994-05-12,1.453125,1.46875,1.453125,1.46875,1.3151671886444092,324800
1994-05-13,1.4375,1.4375,1.4375,1.4375,1.287184476852417,1600
1994-05-16,1.4375,1.46875,1.4375,1.4375,1.287184476852417,467200
1994-05-17,1.4375,1.484375,1.4375,1.484375,1.329158067703247,472000
1994-05-18,1.4453125,1.4453125,1.421875,1.4296875,1.2801891565322876,755200
1994-05-19,1.453125,1.453125,1.421875,1.421875,1.2731937170028689,9600
1994-05-20,1.453125,1.453125,1.453125,1.453125,1.3011759519577026,19200
1994-05-23,1.421875,1.4453125,1.421875,1.4375,1.287184476852417,294400
1994-05-24,1.421875,1.453125,1.421875,1.453125,1.3011759519577026,12800
1994-05-25,1.421875,1.421875,1.421875,1.421875,1.2731937170028689,20800
1994-05-26,1.453125,1.484375,1.453125,1.4609375,1.3081715106964111,174400
1994-05-27,1.4375,1.484375,1.4375,1.453125,1.3011759519577026,41600
1994-05-31,1.4609375,1.5,1.4375,1.5,1.343149185180664,836800
1994-06-01,1.515625,1.5625,1.46875,1.5,1.343149185180664,579200
1994-06-02,1.5,1.5625,1.5,1.5625,1.3991142511367798,108800
1994-06-03,1.5,1.578125,1.5,1.5625,1.3991142511367798,211200
1994-06-06,1.5810546875,1.6328125,1.5810546875,1.6328125,1.4620742797851562,328000
1994-06-07,1.609375,1.625,1.578125,1.5859375,1.4201006889343262,168000
1994-06-08,1.546875,1.578125,1.53125,1.53125,1.3711315393447876,313600
1994-06-09,1.5625,1.5625,1.5234375,1.5234375,1.364135980606079,1526400
1994-06-10,1.5625,1.5625,1.515625,1.515625,1.3571405410766602,448000
1994-06-13,1.5625,1.578125,1.5625,1.5625,1.3991142511367798,164800
1994-06-14,1.578125,1.578125,1.53125,1.578125,1.4131052494049072,100800
1994-06-15,1.578125,1.578125,1.53125,1.5625,1.3991142511367798,113600
1994-06-16,1.578125,1.578125,1.53125,1.53125,1.3711315393447876,120000
1994-06-17,1.5625,1.5625,1.5625,1.5625,1.3991142511367798,3200
1994-06-20,1.515625,1.546875,1.5,1.546875,1.3851226568222046,302400
1994-06-21,1.515625,1.515625,1.515625,1.515625,1.3571405410766602,32000
1994-06-22,1.515625,1.515625,1.515625,1.515625,1.3571405410766602,1600
1994-06-23,1.5390625,1.5390625,1.5,1.5,1.343149185180664,323200
1994-06-24,1.53125,1.546875,1.515625,1.515625,1.3571405410766602,219200
1994-06-27,1.5390625,1.5546875,1.515625,1.515625,1.3571405410766602,198400
1994-06-28,1.5625,1.5625,1.5625,1.5625,1.3991142511367798,19200
1994-06-29,1.5625,1.5625,1.5625,1.5625,1.3991142511367798,3200
1994-06-30,1.546875,1.578125,1.53125,1.578125,1.4131052494049072,267200
1994-07-01,1.609375,1.609375,1.5625,1.578125,1.4131052494049072,44800
1994-07-05,1.5625,1.5625,1.5625,1.5625,1.3991142511367798,8000
1994-07-06,1.5625,1.5703125,1.53125,1.53125,1.3711315393447876,171200
1994-07-07,1.5546875,1.5625,1.546875,1.546875,1.3851226568222046,1633600
1994-07-08,1.578125,1.625,1.5625,1.578125,1.4131052494049072,748800
1994-07-11,1.578125,1.578125,1.578125,1.578125,1.4131052494049072,1600
1994-07-12,1.578125,1.578125,1.578125,1.578125,1.4131052494049072,3200
1994-07-13,1.625,1.671875,1.625,1.6328125,1.4620742797851562,457600
1994-07-14,1.65625,1.6875,1.640625,1.640625,1.4690696001052856,619200
1994-07-15,1.6875,1.703125,1.65625,1.6640625,1.4900562763214111,353600
1994-07-18,1.703125,1.765625,1.703125,1.71875,1.539025068283081,739200
1994-07-19,1.7421875,1.78125,1.71875,1.765625,1.5809986591339111,1092800
1994-07-20,1.78125,1.78125,1.65625,1.6875,1.5110429525375366,931200
1994-07-21,1.65625,1.671875,1.65625,1.671875,1.4970518350601196,188800
1994-07-22,1.671875,1.6875,1.671875,1.6875,1.5110429525375366,48000
1994-07-25,1.65625,1.703125,1.65625,1.6875,1.5110429525375366,118400
1994-07-26,1.671875,1.6875,1.671875,1.6796875,1.5040470361709597,100800
1994-07-27,1.703125,1.71875,1.65625,1.6875,1.5110429525375366,1369600
1994-07-28,1.65625,1.703125,1.640625,1.640625,1.4690696001052856,203200
1994-07-29,1.671875,1.671875,1.671875,1.671875,1.4970518350601196,1600
1994-08-01,1.65625,1.671875,1.65625,1.671875,1.4970518350601196,252800
1994-08-02,1.65625,1.6875,1.65625,1.6875,1.5110429525375366,337600
1994-08-03,1.65625,1.65625,1.625,1.625,1.4550784826278689,113600
1994-08-04,1.625,1.671875,1.59375,1.59375,1.4270961284637451,131200
1994-08-05,1.609375,1.609375,1.5625,1.5625,1.3991142511367798,19200
1994-08-08,1.59375,1.625,1.5625,1.625,1.4550784826278689,8000
1994-08-09,1.578125,1.625,1.578125,1.578125,1.4131052494049072,35200
1994-08-10,1.578125,1.609375,1.578125,1.59375,1.4270961284637451,41600
1994-08-11,1.578125,1.578125,1.578125,1.578125,1.4131052494049072,4800
1994-08-12,1.578125,1.625,1.578125,1.625,1.4550784826278689,44800
1994-08-15,1.625,1.625,1.59375,1.59375,1.4270961284637451,30400
1994-08-16,1.65625,1.65625,1.59375,1.609375,1.441086769104004,244800
1994-08-17,1.625,1.625,1.59375,1.609375,1.441086769104004,14400
1994-08-18,1.59375,1.625,1.5625,1.609375,1.441086769104004,28800
1994-08-19,1.5625,1.578125,1.5625,1.578125,1.4131052494049072,17600
1994-08-22,1.5859375,1.5859375,1.5625,1.5625,1.3991142511367798,20800
1994-08-23,1.546875,1.59375,1.546875,1.59375,1.4270961284637451,171200
1994-08-24,1.546875,1.625,1.546875,1.609375,1.441086769104004,270400
1994-08-25,1.625,1.625,1.578125,1.578125,1.4131052494049072,649600
1994-08-26,1.640625,1.640625,1.6328125,1.6328125,1.4620742797851562,1126400
1994-08-29,1.671875,1.671875,1.625,1.6484375,1.4760655164718628,86400
1994-08-30,1.6640625,1.671875,1.625,1.671875,1.4970518350601196,1432000
1994-08-31,1.6484375,1.6875,1.625,1.6875,1.5110429525375366,796800
1994-09-01,1.65625,1.703125,1.640625,1.703125,1.5250340700149536,2044800
1994-09-02,1.71875,1.71875,1.671875,1.671875,1.4970518350601196,59200
1994-09-06,1.65625,1.71875,1.65625,1.65625,1.483060598373413,260800
1994-09-07,1.65625,1.65625,1.65625,1.65625,1.483060598373413,52800
1994-09-08,1.65625,1.65625,1.65625,1.65625,1.483060598373413,19200
1994-09-09,1.65625,1.671875,1.65625,1.65625,1.483060598373413,804800
1994-09-12,1.6953125,1.703125,1.640625,1.6875,1.5110429525375366,5683200
1994-09-13,1.6875,1.6875,1.6796875,1.6796875,1.5040470361709597,73600
1994-09-14,1.6875,1.6875,1.671875,1.671875,1.4970518350601196,49600
1994-09-15,1.671875,1.71875,1.671875,1.71875,1.539025068283081,52800
1994-09-16,1.71875,1.71875,1.65625,1.671875,1.4970518350601196,361600
1994-09-19,1.6875,1.6875,1.6875,1.6875,1.5110429525375366,1600
1994-09-20,1.640625,1.6875,1.640625,1.6640625,1.4900562763214111,76800
1994-09-21,1.671875,1.6875,1.65625,1.65625,1.483060598373413,2356800
1994-09-22,1.69921875,1.69921875,1.65625,1.6875,1.5110429525375366,163200
1994-09-23,1.703125,1.703125,1.65625,1.65625,1.483060598373413,54400
1994-09-26,1.703125,1.703125,1.65625,1.703125,1.5250340700149536,193600
1994-09-27,1.65625,1.65625,1.65625,1.65625,1.483060598373413,6400
1994-09-28,1.6875,1.703125,1.65625,1.6953125,1.5180388689041138,752000
1994-09-29,1.65625,1.703125,1.65625,1.6875,1.5110429525375366,108800
1994-09-30,1.6640625,1.75,1.6640625,1.74609375,1.563509821891785,484800
1994-10-03,1.71875,1.765625,1.671875,1.734375,1.5530165433883667,435200
1994-10-04,1.7421875,1.7421875,1.7421875,1.7421875,1.5600121021270752,3200
1994-10-05,1.71875,1.71875,1.640625,1.6640625,1.4900562763214111,625600
1994-10-06,1.640625,1.640625,1.640625,1.640625,1.4690696001052856,19200
1994-10-07,1.640625,1.65625,1.640625,1.65625,1.483060598373413,17600
1994-10-10,1.6875,1.6875,1.640625,1.65625,1.483060598373413,979200
1994-10-11,1.640625,1.6875,1.640625,1.6875,1.5110429525375366,316800
1994-10-12,1.703125,1.703125,1.65625,1.671875,1.4970518350601196,1036800
1994-10-13,1.6484375,1.65625,1.640625,1.640625,1.4690696001052856,808000
1994-10-14,1.640625,1.640625,1.640625,1.640625,1.4690696001052856,17600
1994-10-17,1.640625,1.640625,1.640625,1.640625,1.4690696001052856,0
1994-10-18,1.6875,1.703125,1.6875,1.703125,1.5250340700149536,22400
1994-10-19,1.703125,1.703125,1.6640625,1.6640625,1.4900562763214111,27200
1994-10-20,1.640625,1.6875,1.640625,1.6875,1.5110429525375366,9600
1994-10-21,1.640625,1.671875,1.59375,1.59375,1.4270961284637451,2240000
1994-10-24,1.640625,1.640625,1.484375,1.4921875,1.336153507232666,3180800
1994-10-25,1.484375,1.546875,1.484375,1.546875,1.3851226568222046,948800
1994-10-26,1.546875,1.609375,1.546875,1.609375,1.441086769104004,806400
1994-10-27,1.625,1.640625,1.59375,1.625,1.4550784826278689,833600
1994-10-28,1.640625,1.6484375,1.625,1.6328125,1.4620742797851562,427200
1994-10-31,1.65625,1.65625,1.625,1.65625,1.483060598373413,716800
1994-11-01,1.65625,1.65625,1.59375,1.59375,1.4270961284637451,179200
1994-11-02,1.59375,1.640625,1.59375,1.640625,1.4690696001052856,60800
1994-11-03,1.59375,1.640625,1.59375,1.640625,1.4690696001052856,41600
1994-11-04,1.640625,1.640625,1.5625,1.5625,1.3991142511367798,372800
1994-11-07,1.609375,1.609375,1.5625,1.5625,1.3991142511367798,155200
1994-11-08,1.578125,1.578125,1.5234375,1.5234375,1.364135980606079,120000
1994-11-09,1.5234375,1.5625,1.5,1.5,1.343149185180664,1137600
1994-11-10,1.5,1.546875,1.5,1.5,1.343149185180664,1198400
1994-11-11,1.546875,1.546875,1.5,1.5,1.343149185180664,3200
1994-11-14,1.53125,1.53125,1.53125,1.53125,1.3711315393447876,9600
1994-11-15,1.515625,1.5625,1.5,1.5625,1.3991142511367798,4619200
1994-11-16,1.53125,1.5625,1.515625,1.53125,1.3711315393447876,1784000
1994-11-17,1.5,1.53125,1.5,1.5,1.343149185180664,64000
1994-11-18,1.5,1.5,1.5,1.5,1.343149185180664,1600
1994-11-21,1.515625,1.515625,1.515625,1.515625,1.3571405410766602,24000
1994-11-22,1.515625,1.53125,1.484375,1.484375,1.329158067703247,2844800
1994-11-23,1.46875,1.5,1.46875,1.4765625,1.3221629858016968,57600
1994-11-25,1.4921875,1.4921875,1.4921875,1.4921875,1.336153507232666,20800
1994-11-28,1.4921875,1.4921875,1.4921875,1.4921875,1.336153507232666,0
1994-11-29,1.453125,1.453125,1.453125,1.453125,1.3011759519577026,128000
1994-11-30,1.515625,1.515625,1.515625,1.515625,1.3571405410766602,140800
1994-12-01,1.4921875,1.4921875,1.48828125,1.48828125,1.3326561450958252,412800
1994-12-02,1.46875,1.46875,1.46875,1.46875,1.3151671886444092,81600
1994-12-05,1.5078125,1.515625,1.5078125,1.515625,1.3571405410766602,27200
1994-12-06,1.515625,1.515625,1.46875,1.515625,1.3571405410766602,22400
1994-12-07,1.515625,1.515625,1.46875,1.484375,1.329158067703247,48000
1994-12-08,1.4609375,1.46875,1.34375,1.34375,1.203238010406494,649600
1994-12-09,1.3984375,1.3984375,1.34375,1.3984375,1.2522070407867432,17600
1994-12-12,1.34375,1.3984375,1.296875,1.34375,1.203238010406494,217600
1994-12-13,1.296875,1.32421875,1.296875,1.32421875,1.185749053955078,155200
1994-12-14,1.296875,1.34375,1.25,1.296875,1.1612640619277954,4766400
1994-12-15,1.296875,1.296875,1.21875,1.21875,1.0913089513778689,1152000
1994-12-16,1.265625,1.265625,1.234375,1.234375,1.1053000688552856,259200
1994-12-19,1.265625,1.265625,1.21875,1.25,1.119291067123413,268800
1994-12-20,1.265625,1.265625,1.21875,1.21875,1.0913089513778689,17600
1994-12-21,1.265625,1.265625,1.21875,1.265625,1.1332820653915403,36800
1994-12-22,1.265625,1.265625,1.1875,1.21875,1.0913089513778689,8136000
1994-12-23,1.21875,1.21875,1.21875,1.21875,1.0913089513778689,0
1994-12-27,1.265625,1.28125,1.234375,1.234375,1.1053000688552856,2833600
1994-12-28,1.28125,1.28125,1.28125,1.28125,1.1472731828689575,27200
1994-12-29,1.28125,1.28125,1.234375,1.28125,1.1472731828689575,228800
1994-12-30,1.28125,1.3125,1.265625,1.3125,1.175255537033081,3174400
1995-01-03,1.3125,1.3125,1.265625,1.265625,1.1332820653915403,184000
1995-01-04,1.3125,1.328125,1.3125,1.328125,1.1892467737197876,584000
1995-01-05,1.328125,1.328125,1.328125,1.328125,1.1892467737197876,22400
1995-01-06,1.328125,1.40625,1.328125,1.390625,1.245211482048035,606400
1995-01-09,1.421875,1.4375,1.390625,1.4375,1.287184476852417,712000
1995-01-10,1.3935546875,1.4375,1.390625,1.390625,1.245211482048035,68800
1995-01-11,1.4375,1.453125,1.390625,1.453125,1.3011759519577026,118400
1995-01-12,1.515625,1.515625,1.453125,1.46875,1.3151671886444092,753600
1995-01-13,1.5,1.515625,1.46875,1.5,1.343149185180664,124800
1995-01-16,1.46875,1.5,1.46875,1.4921875,1.336153507232666,44800
1995-01-17,1.5,1.5,1.484375,1.5,1.343149185180664,41600
1995-01-18,1.5,1.5,1.46875,1.5,1.343149185180664,22400
1995-01-19,1.46875,1.515625,1.46875,1.515625,1.3571405410766602,11200
1995-01-20,1.46875,1.515625,1.46875,1.515625,1.3571405410766602,19200
1995-01-23,1.46875,1.484375,1.421875,1.4375,1.287184476852417,345600
1995-01-24,1.4375,1.4375,1.375,1.40625,1.2592027187347412,387200
1995-01-25,1.390625,1.390625,1.375,1.375,1.2312201261520386,12800
1995-01-26,1.390625,1.40625,1.390625,1.40625,1.2592027187347412,14400
1995-01-27,1.359375,1.40625,1.359375,1.359375,1.2172290086746216,11200
1995-01-30,1.359375,1.40625,1.359375,1.390625,1.245211482048035,110400
1995-01-31,1.40625,1.4375,1.390625,1.4375,1.287184476852417,224000
1995-02-01,1.4375,1.4375,1.41015625,1.41015625,1.2626999616622925,268800
1995-02-02,1.4375,1.4375,1.40625,1.40625,1.2592027187347412,100800
1995-02-03,1.4375,1.453125,1.40625,1.40625,1.2592027187347412,10286400
1995-02-06,1.453125,1.453125,1.453125,1.453125,1.3011759519577026,4800
1995-02-07,1.453125,1.453125,1.4375,1.4375,1.287184476852417,20800
1995-02-08,1.40625,1.453125,1.40625,1.453125,1.3011759519577026,3345600
1995-02-09,1.453125,1.453125,1.4296875,1.4296875,1.2801891565322876,8000
1995-02-10,1.453125,1.453125,1.453125,1.453125,1.3011759519577026,6400
1995-02-13,1.40625,1.40625,1.40625,1.40625,1.2592027187347412,35200
1995-02-14,1.40625,1.421875,1.40625,1.421875,1.2731937170028689,64000
1995-02-15,1.4375,1.44921875,1.40625,1.4375,1.287184476852417,131200
1995-02-16,1.453125,1.453125,1.40625,1.40625,1.2592027187347412,3200
1995-02-17,1.40625,1.40625,1.40625,1.40625,1.2592027187347412,6400
1995-02-21,1.40625,1.4375,1.40625,1.40625,1.2592027187347412,966400
1995-02-22,1.40625,1.40625,1.40625,1.40625,1.2592027187347412,0
1995-02-23,1.4296875,1.4375,1.40625,1.40625,1.2592027187347412,588800
1995-02-24,1.4375,1.4375,1.40625,1.40625,1.2592027187347412,198400
1995-02-27,1.453125,1.453125,1.4296875,1.4453125,1.2941805124282837,41600
1995-02-28,1.453125,1.453125,1.421875,1.453125,1.3011759519577026,49600
1995-03-01,1.453125,1.453125,1.40625,1.421875,1.2731937170028689,116800
1995-03-02,1.40625,1.453125,1.40625,1.40625,1.2592027187347412,57600
1995-03-03,1.453125,1.453125,1.40625,1.40625,1.2592027187347412,51200
1995-03-06,1.4296875,1.4296875,1.390625,1.390625,1.245211482048035,241600
1995-03-07,1.390625,1.421875,1.375,1.421875,1.2731937170028689,75200
1995-03-08,1.40625,1.421875,1.40625,1.421875,1.2731937170028689,9600
1995-03-09,1.421875,1.421875,1.375,1.375,1.2312201261520386,12800
1995-03-10,1.375,1.375,1.375,1.375,1.2312201261520386,20800
1995-03-13,1.390625,1.421875,1.390625,1.421875,1.2731937170028689,238400
1995-03-14,1.421875,1.421875,1.421875,1.421875,1.2731937170028689,6400
1995-03-15,1.40625,1.421875,1.40625,1.421875,1.2731937170028689,25600
1995-03-16,1.3828125,1.390625,1.3828125,1.390625,1.245211482048035,800000
1995-03-17,1.359375,1.390625,1.359375,1.359375,1.2172290086746216,17600
1995-03-20,1.390625,1.390625,1.359375,1.359375,1.2172290086746216,83200
1995-03-21,1.359375,1.390625,1.359375,1.390625,1.245211482048035,6400
1995-03-22,1.390625,1.390625,1.3671875,1.390625,1.245211482048035,6400
1995-03-23,1.3671875,1.390625,1.359375,1.390625,1.245211482048035,128000
1995-03-24,1.3671875,1.375,1.34375,1.375,1.2312201261520386,294400
1995-03-27,1.34375,1.375,1.34375,1.3515625,1.210233449935913,112000
1995-03-28,1.34375,1.34375,1.3125,1.3125,1.175255537033081,249600
1995-03-29,1.34375,1.34375,1.28515625,1.296875,1.1612640619277954,83200
1995-03-30,1.296875,1.328125,1.28125,1.328125,1.1892467737197876,192000
1995-03-31,1.28125,1.328125,1.28125,1.328125,1.1892467737197876,12800
1995-04-03,1.28125,1.328125,1.28125,1.328125,1.1892467737197876,27200
1995-04-04,1.28125,1.328125,1.28125,1.28125,1.1472731828689575,22400
1995-04-05,1.328125,1.359375,1.3125,1.3125,1.175255537033081,907200
1995-04-06,1.34375,1.34375,1.28125,1.2890625,1.1542688608169556,299200
1995-04-07,1.3125,1.3125,1.28125,1.28125,1.1472731828689575,44800
1995-04-10,1.28125,1.3125,1.28125,1.3125,1.175255537033081,208000
1995-04-11,1.28125,1.3125,1.28125,1.3125,1.175255537033081,849600
1995-04-12,1.3125,1.328125,1.3125,1.3125,1.175255537033081,600000
1995-04-13,1.296875,1.3125,1.296875,1.296875,1.1612640619277954,97600
1995-04-17,1.34375,1.34375,1.296875,1.34375,1.203238010406494,683200
1995-04-18,1.296875,1.34375,1.296875,1.34375,1.203238010406494,28800
1995-04-19,1.296875,1.3203125,1.296875,1.296875,1.1612640619277954,20800
1995-04-20,1.296875,1.328125,1.296875,1.328125,1.1892467737197876,24000
1995-04-21,1.328125,1.328125,1.296875,1.296875,1.1612640619277954,129600
1995-04-24,1.328125,1.34375,1.296875,1.34375,1.203238010406494,1190400
1995-04-25,1.34375,1.34375,1.34375,1.34375,1.203238010406494,0
1995-04-26,1.3125,1.3125,1.3125,1.3125,1.175255537033081,19200
1995-04-27,1.3125,1.359375,1.3125,1.3515625,1.210233449935913,740800
1995-04-28,1.359375,1.359375,1.328125,1.328125,1.1892467737197876,64000
1995-05-01,1.328125,1.34375,1.328125,1.34375,1.203238010406494,54400
1995-05-02,1.3515625,1.3515625,1.328125,1.328125,1.1892467737197876,420800
1995-05-03,1.328125,1.3515625,1.328125,1.34375,1.203238010406494,33600
1995-05-04,1.328125,1.328125,1.328125,1.328125,1.1892467737197876,1600
1995-05-05,1.34765625,1.3515625,1.34765625,1.3515625,1.210233449935913,409600
1995-05-08,1.34765625,1.390625,1.34765625,1.390625,1.245211482048035,889600
1995-05-09,1.3515625,1.3671875,1.3515625,1.3515625,1.210233449935913,2264000
1995-05-10,1.390625,1.390625,1.3515625,1.3515625,1.210233449935913,236800
1995-05-11,1.37109375,1.37109375,1.34375,1.34375,1.203238010406494,150400
1995-05-12,1.34375,1.375,1.34375,1.3515625,1.210233449935913,145600
1995-05-15,1.375,1.375,1.328125,1.328125,1.1892467737197876,9600
1995-05-16,1.328125,1.375,1.328125,1.328125,1.1892467737197876,33600
1995-05-17,1.328125,1.3515625,1.328125,1.3515625,1.210233449935913,11200
1995-05-18,1.328125,1.375,1.328125,1.375,1.2312201261520386,14400
1995-05-19,1.359375,1.375,1.34375,1.375,1.2312201261520386,16000
1995-05-22,1.34375,1.3515625,1.34375,1.34375,1.203238010406494,336000
1995-05-23,1.265625,1.28125,1.25,1.25,1.119291067123413,275200
1995-05-24,1.25,1.28125,1.234375,1.234375,1.1053000688552856,33600
1995-05-25,1.234375,1.28125,1.22265625,1.234375,1.1053000688552856,4123200
1995-05-26,1.234375,1.234375,1.234375,1.234375,1.1053000688552856,9600
1995-05-30,1.2265625,1.265625,1.2265625,1.25,1.119291067123413,1009600
1995-05-31,1.234375,1.25,1.203125,1.234375,1.1053000688552856,72000
1995-06-01,1.234375,1.234375,1.19921875,1.19921875,1.073819875717163,326400
1995-06-02,1.203125,1.21875,1.1875,1.1875,1.0633265972137451,132800
1995-06-05,1.1953125,1.21875,1.1796875,1.21875,1.0913089513778689,824000
1995-06-06,1.21875,1.21875,1.15625,1.1875,1.0633265972137451,156800
1995-06-07,1.14453125,1.1875,1.140625,1.1875,1.0633265972137451,872000
1995-06-08,1.203125,1.203125,1.203125,1.203125,1.077317714691162,32000
1995-06-09,1.203125,1.203125,1.15625,1.15625,1.0353446006774902,126400
1995-06-12,1.1875,1.203125,1.15625,1.203125,1.077317714691162,270400
1995-06-13,1.171875,1.1953125,1.171875,1.1953125,1.070322036743164,80000
1995-06-14,1.203125,1.203125,1.1875,1.1875,1.0633265972137451,123200
1995-06-15,1.21875,1.21875,1.1875,1.1875,1.0633265972137451,161600
1995-06-16,1.21875,1.21875,1.21875,1.21875,1.0913089513778689,36800
1995-06-19,1.21875,1.234375,1.19921875,1.21875,1.0913089513778689,1283200
1995-06-20,1.203125,1.21875,1.1875,1.1875,1.0633265972137451,908800
1995-06-21,1.21875,1.21875,1.203125,1.203125,1.077317714691162,24000
1995-06-22,1.21875,1.21875,1.171875,1.1875,1.0633265972137451,88000
1995-06-23,1.171875,1.203125,1.171875,1.1875,1.0633265972137451,166400
1995-06-26,1.1875,1.1875,1.171875,1.1796875,1.0563308000564575,806400
1995-06-27,1.203125,1.203125,1.171875,1.171875,1.0493353605270386,6400
1995-06-28,1.171875,1.21875,1.171875,1.203125,1.077317714691162,1624000
1995-06-29,1.21875,1.2265625,1.2109375,1.2265625,1.098304033279419,811200
1995-06-30,1.21875,1.21875,1.1875,1.203125,1.077317714691162,25600
1995-07-03,1.203125,1.203125,1.203125,1.203125,1.077317714691162,19200
1995-07-05,1.203125,1.203125,1.203125,1.203125,1.077317714691162,4800
1995-07-06,1.203125,1.25,1.203125,1.25,1.119291067123413,8000
1995-07-07,1.203125,1.203125,1.203125,1.203125,1.077317714691162,8000
1995-07-10,1.234375,1.25,1.203125,1.203125,1.077317714691162,342400
1995-07-11,1.203125,1.25,1.203125,1.21875,1.0913089513778689,441600
1995-07-12,1.203125,1.25,1.203125,1.203125,1.077317714691162,1155200
1995-07-13,1.203125,1.21875,1.203125,1.21875,1.0913089513778689,68800
1995-07-14,1.203125,1.25,1.203125,1.25,1.119291067123413,46400
1995-07-17,1.203125,1.25,1.203125,1.25,1.119291067123413,289600
1995-07-18,1.25,1.25,1.25,1.25,1.119291067123413,0
1995-07-19,1.21875,1.21875,1.203125,1.203125,1.077317714691162,89600
1995-07-20,1.203125,1.203125,1.203125,1.203125,1.077317714691162,6400
1995-07-21,1.203125,1.25,1.203125,1.203125,1.077317714691162,78400
1995-07-24,1.21875,1.21875,1.21875,1.21875,1.0913089513778689,97600
1995-07-25,1.203125,1.25,1.203125,1.203125,1.077317714691162,443200
1995-07-26,1.203125,1.234375,1.203125,1.234375,1.1053000688552856,368000
1995-07-27,1.21875,1.4375,1.21875,1.4375,1.287184476852417,934400
1995-07-28,1.390625,1.53125,1.390625,1.46875,1.3151671886444092,1360000
1995-07-31,1.515625,1.515625,1.453125,1.46875,1.3151671886444092,225600
1995-08-01,1.4375,1.484375,1.4375,1.453125,1.3011759519577026,153600
1995-08-02,1.4375,1.484375,1.4375,1.4375,1.287184476852417,6252800
1995-08-03,1.484375,1.484375,1.4375,1.44140625,1.290682673454285,44800
1995-08-04,1.4375,1.4375,1.421875,1.42578125,1.2766915559768677,16000
1995-08-07,1.421875,1.46875,1.421875,1.46875,1.3151671886444092,11200
1995-08-08,1.421875,1.46875,1.421875,1.46875,1.3151671886444092,8000
1995-08-09,1.421875,1.46875,1.421875,1.46875,1.3151671886444092,52800
1995-08-10,1.46875,1.46875,1.421875,1.4375,1.287184476852417,25600
1995-08-11,1.421875,1.453125,1.421875,1.453125,1.3011759519577026,22400
1995-08-14,1.40625,1.453125,1.40625,1.40625,1.2592027187347412,4366400
1995-08-15,1.46875,1.46875,1.40625,1.4375,1.287184476852417,1350400
1995-08-16,1.40625,1.40625,1.40625,1.40625,1.2592027187347412,1600
1995-08-17,1.421875,1.421875,1.40625,1.40625,1.2592027187347412,641600
1995-08-18,1.421875,1.453125,1.40625,1.453125,1.3011759519577026,16000
1995-08-21,1.40625,1.453125,1.40625,1.453125,1.3011759519577026,6400
1995-08-22,1.4375,1.4375,1.4375,1.4375,1.287184476852417,12800
1995-08-23,1.40625,1.4140625,1.40625,1.40625,1.2592027187347412,44800
1995-08-24,1.40625,1.46875,1.40625,1.46875,1.3151671886444092,22400
1995-08-25,1.40625,1.40625,1.40625,1.40625,1.2592027187347412,64000
1995-08-28,1.46875,1.46875,1.40625,1.40625,1.2592027187347412,54400
1995-08-29,1.40625,1.46875,1.40625,1.4375,1.287184476852417,6400
1995-08-30,1.421875,1.46875,1.40625,1.46875,1.3151671886444092,1937600
1995-08-31,1.40625,1.40625,1.40625,1.40625,1.2592027187347412,12800
1995-09-01,1.40625,1.40625,1.40625,1.40625,1.2592027187347412,8000
1995-09-05,1.4375,1.4375,1.4375,1.4375,1.287184476852417,20800
1995-09-06,1.4375,1.46875,1.40625,1.46875,1.3151671886444092,25600
1995-09-07,1.453125,1.453125,1.421875,1.4296875,1.2801891565322876,537600
1995-09-08,1.421875,1.4375,1.421875,1.4375,1.287184476852417,51200
1995-09-11,1.421875,1.421875,1.421875,1.421875,1.2731937170028689,33600
1995-09-12,1.421875,1.453125,1.40625,1.40625,1.2592027187347412,280000
1995-09-13,1.40625,1.40625,1.40625,1.40625,1.2592027187347412,0
1995-09-14,1.40625,1.4140625,1.40625,1.4140625,1.2661980390548706,36800
1995-09-15,1.40625,1.453125,1.40625,1.40625,1.2592027187347412,32000
1995-09-18,1.40625,1.421875,1.40625,1.421875,1.2731937170028689,25600
1995-09-19,1.390625,1.4375,1.390625,1.390625,1.245211482048035,25600
1995-09-20,1.390625,1.390625,1.390625,1.390625,1.245211482048035,0
1995-09-21,1.375,1.375,1.328125,1.328125,1.1892467737197876,422400
1995-09-22,1.328125,1.359375,1.28125,1.28125,1.1472731828689575,294400
1995-09-25,1.28125,1.28125,1.265625,1.265625,1.1332820653915403,225600
1995-09-26,1.2890625,1.2890625,1.2890625,1.2890625,1.1542688608169556,56000
1995-09-27,1.265625,1.265625,1.234375,1.25,1.119291067123413,54400
1995-09-28,1.25,1.25,1.25,1.25,1.119291067123413,0
1995-09-29,1.1875,1.25,1.1875,1.25,1.119291067123413,8000
1995-10-02,1.234375,1.25,1.1875,1.25,1.119291067123413,441600
1995-10-03,1.2421875,1.2421875,1.203125,1.234375,1.1053000688552856,881600
1995-10-04,1.21875,1.21875,1.21875,1.21875,1.0913089513778689,17600
1995-10-05,1.203125,1.203125,1.171875,1.171875,1.0493353605270386,40000
1995-10-06,1.171875,1.171875,1.15625,1.15625,1.0353446006774902,144000
1995-10-09,1.1953125,1.1953125,1.1953125,1.1953125,1.070322036743164,8000
1995-10-10,1.15625,1.15625,1.15625,1.15625,1.0353446006774902,8000
1995-10-11,1.14453125,1.15625,1.14453125,1.15625,1.0353446006774902,32000
1995-10-12,1.1875,1.1875,1.125,1.171875,1.0493353605270386,108800
1995-10-13,1.171875,1.171875,1.171875,1.171875,1.0493353605270386,0
1995-10-16,1.140625,1.171875,1.0859375,1.171875,1.0493353605270386,726400
1995-10-17,1.125,1.171875,1.125,1.171875,1.0493353605270386,137600
1995-10-18,1.171875,1.171875,1.171875,1.171875,1.0493353605270386,1600
1995-10-19,1.125,1.171875,1.125,1.171875,1.0493353605270386,16000
1995-10-20,1.125,1.171875,1.125,1.171875,1.0493353605270386,67200
1995-10-23,1.1484375,1.171875,1.125,1.125,1.0073617696762085,17600
1995-10-24,1.125,1.125,1.125,1.125,1.0073617696762085,1600
1995-10-25,1.125,1.1328125,1.125,1.125,1.0073617696762085,30400
1995-10-26,1.125,1.125,1.0625,1.125,1.0073617696762085,153600
1995-10-27,1.046875,1.109375,1.0390625,1.0859375,0.9723844528198242,883200
1995-10-30,1.0703125,1.09375,1.046875,1.046875,0.937406361103058,132800
1995-10-31,1.046875,1.046875,0.984375,0.984375,0.8814417719841003,177600
1995-11-01,0.984375,1.03125,0.9140625,1.03125,0.9234151244163512,6494400
1995-11-02,0.984375,1.046875,0.984375,1.015625,0.9094239473342896,579200
1995-11-03,0.9921875,1.046875,0.984375,0.984375,0.8814417719841003,2348800
1995-11-06,1.046875,1.046875,0.984375,1.046875,0.937406361103058,25600
1995-11-07,0.984375,1.046875,0.984375,1.046875,0.937406361103058,64000
1995-11-08,1.0,1.0234375,0.984375,1.0,0.8954328298568726,3699200
1995-11-09,1.046875,1.046875,0.984375,1.046875,0.937406361103058,347200
1995-11-10,1.0,1.046875,1.0,1.046875,0.937406361103058,38400
1995-11-13,1.046875,1.0625,1.0234375,1.0625,0.9513974785804749,224000
1995-11-14,1.0625,1.0859375,1.046875,1.0625,0.9513974785804749,228800
1995-11-15,1.046875,1.109375,1.046875,1.09375,0.9793795943260192,355200
1995-11-16,1.109375,1.15625,1.109375,1.140625,1.0213533639907837,313600
1995-11-17,1.1875,1.21875,1.15625,1.171875,1.0493353605270386,219200
1995-11-20,1.18359375,1.234375,1.18359375,1.21875,1.0913089513778689,499200
1995-11-21,1.203125,1.234375,1.203125,1.203125,1.077317714691162,264000
1995-11-22,1.203125,1.234375,1.203125,1.2265625,1.098304033279419,2860800
1995-11-24,1.234375,1.234375,1.203125,1.21875,1.0913089513778689,203200
1995-11-27,1.21875,1.2265625,1.21875,1.2265625,1.098304033279419,1107200
1995-11-28,1.203125,1.2265625,1.203125,1.21875,1.0913089513778689,638400
1995-11-29,1.203125,1.234375,1.203125,1.203125,1.077317714691162,60800
1995-11-30,1.21875,1.25,1.203125,1.25,1.119291067123413,1800000
1995-12-01,1.25,1.25,1.25,1.25,1.119291067123413,1600
1995-12-04,1.25,1.25,1.203125,1.2421875,1.1122959852218628,1747200
1995-12-05,1.2421875,1.25,1.203125,1.203125,1.077317714691162,425600
1995-12-06,1.21875,1.2421875,1.21875,1.21875,1.0913089513778689,48000
1995-12-07,1.21875,1.21875,1.21875,1.21875,1.0913089513778689,16000
1995-12-08,1.21875,1.21875,1.21875,1.21875,1.0913089513778689,6400
1995-12-11,1.21875,1.2421875,1.21875,1.2421875,1.1122959852218628,24000
1995-12-12,1.2421875,1.2421875,1.21875,1.2421875,1.1122959852218628,140800
1995-12-13,1.21875,1.22265625,1.21875,1.21875,1.0913089513778689,36800
1995-12-14,1.25,1.28125,1.2421875,1.28125,1.1472731828689575,470400
1995-12-15,1.2734375,1.28125,1.234375,1.265625,1.1332820653915403,588800
1995-12-18,1.234375,1.234375,1.234375,1.234375,1.1053000688552856,1600
1995-12-19,1.28125,1.28125,1.28125,1.28125,1.1472731828689575,4800
1995-12-20,1.234375,1.28125,1.234375,1.2578125,1.1262866258621216,278400
1995-12-21,1.234375,1.234375,1.234375,1.234375,1.1053000688552856,1600
1995-12-22,1.28125,1.28125,1.234375,1.234375,1.1053000688552856,9600
1995-12-26,1.234375,1.234375,1.234375,1.234375,1.1053000688552856,0
1995-12-27,1.2578125,1.2578125,1.234375,1.234375,1.1053000688552856,70400
1995-12-28,1.234375,1.28125,1.234375,1.234375,1.1053000688552856,150400
1995-12-29,1.234375,1.234375,1.234375,1.234375,1.1053000688552856,33600
1996-01-02,1.28125,1.28125,1.25,1.25,1.119291067123413,260800
1996-01-03,1.2734375,1.2734375,1.2734375,1.2734375,1.1402779817581177,96000
1996-01-04,1.25,1.25,1.25,1.25,1.119291067123413,8000
1996-01-05,1.2734375,1.296875,1.25,1.2734375,1.1402779817581177,1988800
1996-01-08,1.234375,1.234375,1.234375,1.234375,1.1053000688552856,1600
1996-01-09,1.296875,1.296875,1.296875,1.296875,1.1612640619277954,1600
1996-01-10,1.296875,1.296875,1.296875,1.296875,1.1612640619277954,16000
1996-01-11,1.25,1.296875,1.25,1.296875,1.1612640619277954,96000
1996-01-12,1.296875,1.3125,1.296875,1.3125,1.175255537033081,83200
1996-01-15,1.296875,1.296875,1.265625,1.265625,1.1332820653915403,172800
1996-01-16,1.2734375,1.328125,1.265625,1.328125,1.1892467737197876,492800
1996-01-17,1.296875,1.3125,1.296875,1.3125,1.175255537033081,19200
1996-01-18,1.296875,1.328125,1.28125,1.328125,1.1892467737197876,105600
1996-01-19,1.328125,1.328125,1.328125,1.328125,1.1892467737197876,0
1996-01-22,1.28125,1.3125,1.28125,1.3125,1.175255537033081,336000
1996-01-23,1.328125,1.328125,1.328125,1.328125,1.1892467737197876,16000
1996-01-24,1.328125,1.328125,1.328125,1.328125,1.1892467737197876,3200
1996-01-25,1.328125,1.328125,1.328125,1.328125,1.1892467737197876,24000
1996-01-26,1.3046875,1.34375,1.296875,1.328125,1.1892467737197876,156800
1996-01-29,1.34375,1.359375,1.3125,1.359375,1.2172290086746216,54400
1996-01-30,1.375,1.40625,1.34375,1.40625,1.2592027187347412,232000
1996-01-31,1.40625,1.421875,1.40625,1.40625,1.2592027187347412,51200
1996-02-01,1.375,1.421875,1.375,1.421875,1.2731937170028689,214400
1996-02-02,1.40625,1.4375,1.40625,1.4375,1.287184476852417,92800
1996-02-05,1.46875,1.46875,1.421875,1.421875,1.2731937170028689,40000
1996-02-06,1.46875,1.46875,1.4375,1.453125,1.3011759519577026,2856000
1996-02-07,1.46875,1.46875,1.421875,1.421875,1.2731937170028689,1099200
1996-02-08,1.4765625,1.484375,1.4609375,1.4609375,1.3081715106964111,2144000
1996-02-09,1.484375,1.515625,1.4375,1.515625,1.3571405410766602,1870400
1996-02-12,1.46875,1.515625,1.46875,1.46875,1.3151671886444092,51200
1996-02-13,1.515625,1.515625,1.46875,1.46875,1.3151671886444092,2598400
1996-02-14,1.46875,1.546875,1.46875,1.546875,1.3851226568222046,2524800
1996-02-15,1.53125,1.546875,1.53125,1.53125,1.3711315393447876,1030400
1996-02-16,1.546875,1.546875,1.5,1.546875,1.3851226568222046,59200
1996-02-20,1.5234375,1.546875,1.5,1.5390625,1.3781269788742063,1646400
1996-02-21,1.546875,1.546875,1.546875,1.546875,1.3851226568222046,1600
1996-02-22,1.546875,1.546875,1.5,1.546875,1.3851226568222046,206400
1996-02-23,1.5,1.546875,1.5,1.5234375,1.364135980606079,2371200
1996-02-26,1.5234375,1.53125,1.5078125,1.5078125,1.3501447439193726,1200000
1996-02-27,1.5,1.546875,1.5,1.5,1.343149185180664,107200
1996-02-28,1.53125,1.546875,1.5078125,1.546875,1.3851226568222046,200000
1996-02-29,1.546875,1.546875,1.5,1.53125,1.3711315393447876,124800
1996-03-01,1.546875,1.546875,1.5,1.5,1.343149185180664,1214400
1996-03-04,1.546875,1.546875,1.5,1.5078125,1.3501447439193726,112000
1996-03-05,1.546875,1.546875,1.5234375,1.546875,1.3851226568222046,100800
1996-03-06,1.5625,1.625,1.5625,1.578125,1.4131052494049072,582400
1996-03-07,1.59375,1.625,1.578125,1.578125,1.4131052494049072,28800
1996-03-08,1.578125,1.609375,1.5625,1.5625,1.3991142511367798,832000
1996-03-11,1.5625,1.609375,1.5625,1.578125,1.4131052494049072,164800
1996-03-12,1.609375,1.609375,1.5625,1.5859375,1.4201006889343262,56000
1996-03-13,1.5625,1.609375,1.5625,1.609375,1.441086769104004,91200
1996-03-14,1.5625,1.640625,1.5625,1.625,1.4550784826278689,412800
1996-03-15,1.59375,1.640625,1.59375,1.640625,1.4690696001052856,110400
1996-03-18,1.640625,1.640625,1.59375,1.59375,1.4270961284637451,99200
1996-03-19,1.65625,1.6875,1.640625,1.6640625,1.4900562763214111,1392000
1996-03-20,1.703125,1.703125,1.671875,1.6796875,1.5040470361709597,726400
1996-03-21,1.71875,1.71875,1.65625,1.6796875,1.5040470361709597,489600
1996-03-22,1.65625,1.71875,1.65625,1.71875,1.539025068283081,496000
1996-03-25,1.6875,1.71875,1.65625,1.671875,1.4970518350601196,161600
1996-03-26,1.65625,1.71875,1.65625,1.671875,1.4970518350601196,2265600
1996-03-27,1.6640625,1.6640625,1.6640625,1.6640625,1.4900562763214111,92800
1996-03-28,1.65625,1.65625,1.65625,1.65625,1.483060598373413,48000
1996-03-29,1.71875,1.71875,1.65625,1.65625,1.483060598373413,115200
1996-04-01,1.65625,1.703125,1.65625,1.703125,1.5250340700149536,36800
1996-04-02,1.703125,1.703125,1.578125,1.59375,1.4270961284637451,1512000
1996-04-03,1.546875,1.546875,1.46875,1.5,1.343149185180664,838400
1996-04-04,1.5234375,1.546875,1.5,1.5,1.343149185180664,209600
1996-04-08,1.5,1.5,1.5,1.5,1.343149185180664,854400
1996-04-09,1.5,1.546875,1.5,1.515625,1.3571405410766602,38400
1996-04-10,1.5,1.5,1.5,1.5,1.343149185180664,3200
1996-04-11,1.546875,1.546875,1.515625,1.515625,1.3571405410766602,454400
1996-04-12,1.5,1.5,1.5,1.5,1.343149185180664,17600
1996-04-15,1.5,1.546875,1.5,1.5390625,1.3781269788742063,576000
1996-04-16,1.5,1.5,1.5,1.5,1.343149185180664,32000
1996-04-17,1.5,1.5078125,1.5,1.5078125,1.3501447439193726,105600
1996-04-18,1.546875,1.546875,1.515625,1.546875,1.3851226568222046,132800
1996-04-19,1.546875,1.546875,1.5,1.5,1.343149185180664,97600
1996-04-22,1.546875,1.546875,1.546875,1.546875,1.3851226568222046,35200
1996-04-23,1.546875,1.59375,1.546875,1.5625,1.3991142511367798,4768000
1996-04-24,1.59375,1.59375,1.546875,1.546875,1.3851226568222046,76800
1996-04-25,1.59375,1.59375,1.53125,1.53125,1.3711315393447876,960000
1996-04-26,1.53125,1.578125,1.5,1.5,1.343149185180664,326400
1996-04-29,1.484375,1.5,1.453125,1.453125,1.3011759519577026,284800
1996-04-30,1.46875,1.484375,1.4375,1.4375,1.287184476852417,35200
1996-05-01,1.4375,1.453125,1.40625,1.4375,1.287184476852417,464000
1996-05-02,1.40625,1.40625,1.375,1.375,1.2312201261520386,1056000
1996-05-03,1.421875,1.421875,1.40625,1.40625,1.2592027187347412,11200
1996-05-06,1.375,1.421875,1.375,1.390625,1.245211482048035,579200
1996-05-07,1.421875,1.4375,1.421875,1.4375,1.287184476852417,112000
1996-05-08,1.39453125,1.453125,1.390625,1.453125,1.3011759519577026,153600
1996-05-09,1.453125,1.484375,1.40625,1.484375,1.329158067703247,3371200
1996-05-10,1.46875,1.515625,1.46875,1.515625,1.3571405410766602,1424000
1996-05-13,1.46875,1.515625,1.46875,1.515625,1.3571405410766602,62400
1996-05-14,1.46875,1.515625,1.46875,1.5,1.343149185180664,793600
1996-05-15,1.515625,1.515625,1.46875,1.46875,1.3151671886444092,14400
1996-05-16,1.515625,1.515625,1.4921875,1.5078125,1.3501447439193726,1420800
1996-05-17,1.515625,1.53125,1.484375,1.5234375,1.364135980606079,905600
1996-05-20,1.515625,1.5625,1.5,1.5625,1.3991142511367798,2721600
1996-05-21,1.5625,1.5625,1.5,1.5,1.343149185180664,28800
1996-05-22,1.5625,1.5625,1.5,1.5546875,1.3921184539794922,41600
1996-05-23,1.5625,1.5625,1.515625,1.5546875,1.3921184539794922,84800
1996-05-24,1.5,1.5,1.5,1.5,1.343149185180664,3200
1996-05-28,1.5625,1.5625,1.53125,1.53125,1.3711315393447876,80000
1996-05-29,1.5,1.5,1.5,1.5,1.343149185180664,43200
1996-05-30,1.546875,1.546875,1.5,1.5,1.343149185180664,70400
1996-05-31,1.5,1.546875,1.5,1.546875,1.3851226568222046,65600
1996-06-03,1.546875,1.546875,1.546875,1.546875,1.3851226568222046,0
1996-06-04,1.546875,1.546875,1.546875,1.546875,1.3851226568222046,8000
1996-06-05,1.546875,1.609375,1.53125,1.609375,1.441086769104004,1166400
1996-06-06,1.609375,1.640625,1.59375,1.609375,1.441086769104004,960000
1996-06-07,1.59375,1.59375,1.546875,1.578125,1.4131052494049072,360000
1996-06-10,1.546875,1.578125,1.546875,1.546875,1.3851226568222046,104000
1996-06-11,1.578125,1.578125,1.578125,1.578125,1.4131052494049072,86400
1996-06-12,1.546875,1.578125,1.546875,1.578125,1.4131052494049072,304000
1996-06-13,1.5625,1.5625,1.5625,1.5625,1.3991142511367798,12800
1996-06-14,1.5625,1.59375,1.5625,1.59375,1.4270961284637451,80000
1996-06-17,1.59375,1.59375,1.59375,1.59375,1.4270961284637451,1600
1996-06-18,1.59375,1.59375,1.59375,1.59375,1.4270961284637451,0
1996-06-19,1.59375,1.59375,1.59375,1.59375,1.4270961284637451,0
1996-06-20,1.59375,1.59375,1.53125,1.5625,1.3991142511367798,81600
1996-06-21,1.53125,1.578125,1.46875,1.46875,1.3151671886444092,4014400
1996-06-24,1.4765625,1.4765625,1.453125,1.453125,1.3011759519577026,73600
1996-06-25,1.5,1.5,1.4375,1.5,1.343149185180664,20800
1996-06-26,1.4375,1.4375,1.421875,1.42578125,1.2766915559768677,398400
1996-06-27,1.42578125,1.42578125,1.42578125,1.42578125,1.2766915559768677,0
1996-06-28,1.421875,1.4375,1.421875,1.421875,1.2731937170028689,1294400
1996-07-01,1.46875,1.46875,1.421875,1.421875,1.2731937170028689,1739200
1996-07-02,1.421875,1.4453125,1.421875,1.421875,1.2731937170028689,113600
1996-07-03,1.421875,1.4296875,1.421875,1.421875,1.2731937170028689,273600
1996-07-05,1.421875,1.421875,1.421875,1.421875,1.2731937170028689,3200
1996-07-08,1.421875,1.46875,1.421875,1.46875,1.3151671886444092,36800
1996-07-09,1.421875,1.421875,1.421875,1.421875,1.2731937170028689,4800
1996-07-10,1.421875,1.46875,1.421875,1.421875,1.2731937170028689,36800
1996-07-11,1.46875,1.46875,1.421875,1.421875,1.2731937170028689,35200
1996-07-12,1.421875,1.421875,1.421875,1.421875,1.2731937170028689,6400
1996-07-15,1.421875,1.46875,1.40625,1.40625,1.2592027187347412,116800
1996-07-16,1.40625,1.40625,1.40625,1.40625,1.2592027187347412,11200
1996-07-17,1.4375,1.4375,1.375,1.375,1.2312201261520386,169600
1996-07-18,1.375,1.375,1.375,1.375,1.2312201261520386,4800
1996-07-19,1.375,1.375,1.34375,1.34375,1.203238010406494,76800
1996-07-22,1.34375,1.34375,1.34375,1.34375,1.203238010406494,14400
1996-07-23,1.359375,1.359375,1.3125,1.34375,1.203238010406494,696000
1996-07-24,1.3125,1.3125,1.3125,1.3125,1.175255537033081,120000
1996-07-25,1.34375,1.34375,1.3125,1.328125,1.1892467737197876,742400
1996-07-26,1.359375,1.359375,1.359375,1.359375,1.2172290086746216,91200
1996-07-29,1.359375,1.359375,1.359375,1.359375,1.2172290086746216,6400
1996-07-30,1.296875,1.3359375,1.296875,1.3359375,1.1962424516677856,256000
1996-07-31,1.296875,1.33984375,1.296875,1.33984375,1.199740290641785,224000
1996-08-01,1.296875,1.359375,1.296875,1.359375,1.2172290086746216,6400
1996-08-02,1.296875,1.296875,1.296875,1.296875,1.1612640619277954,1600
1996-08-05,1.359375,1.359375,1.359375,1.359375,1.2172290086746216,16000
1996-08-06,1.359375,1.359375,1.359375,1.359375,1.2172290086746216,100800
1996-08-07,1.359375,1.359375,1.359375,1.359375,1.2172290086746216,0
1996-08-08,1.296875,1.328125,1.296875,1.328125,1.1892467737197876,4800
1996-08-09,1.296875,1.359375,1.296875,1.359375,1.2172290086746216,2393600
1996-08-12,1.3515625,1.359375,1.296875,1.296875,1.1612640619277954,1524800
1996-08-13,1.359375,1.375,1.359375,1.375,1.2312201261520386,256000
1996-08-14,1.390625,1.390625,1.390625,1.390625,1.245211482048035,16000
1996-08-15,1.390625,1.390625,1.390625,1.390625,1.245211482048035,32000
1996-08-16,1.375,1.390625,1.375,1.390625,1.245211482048035,51200
1996-08-19,1.390625,1.390625,1.34375,1.34375,1.203238010406494,16000
1996-08-20,1.390625,1.390625,1.390625,1.390625,1.245211482048035,44800
1996-08-21,1.390625,1.421875,1.359375,1.390625,1.245211482048035,44800
1996-08-22,1.421875,1.4375,1.421875,1.4375,1.287184476852417,76800
1996-08-23,1.4296875,1.4375,1.421875,1.4375,1.287184476852417,712000
1996-08-26,1.40625,1.4375,1.40625,1.4140625,1.2661980390548706,94400
1996-08-27,1.390625,1.390625,1.390625,1.390625,1.245211482048035,62400
1996-08-28,1.40625,1.4375,1.390625,1.390625,1.245211482048035,16000
1996-08-29,1.4375,1.4375,1.4375,1.4375,1.287184476852417,16000
1996-08-30,1.4375,1.4375,1.4375,1.4375,1.287184476852417,0
1996-09-03,1.421875,1.4375,1.421875,1.4375,1.287184476852417,6400
1996-09-04,1.4375,1.4375,1.390625,1.390625,1.245211482048035,6400
1996-09-05,1.4375,1.4375,1.390625,1.390625,1.245211482048035,17600
1996-09-06,1.4296875,1.4375,1.3671875,1.390625,1.245211482048035,10030400
1996-09-09,1.390625,1.390625,1.390625,1.390625,1.245211482048035,16000
1996-09-10,1.421875,1.421875,1.390625,1.390625,1.245211482048035,1347200
1996-09-11,1.390625,1.390625,1.390625,1.390625,1.245211482048035,0
1996-09-12,1.390625,1.4375,1.390625,1.4296875,1.2801891565322876,811200
1996-09-13,1.390625,1.390625,1.390625,1.390625,1.245211482048035,28800
1996-09-16,1.390625,1.4375,1.390625,1.390625,1.245211482048035,14400
1996-09-17,1.390625,1.390625,1.390625,1.390625,1.245211482048035,16000
1996-09-18,1.390625,1.390625,1.390625,1.390625,1.245211482048035,19200
1996-09-19,1.390625,1.4375,1.390625,1.390625,1.245211482048035,1368000
1996-09-20,1.390625,1.390625,1.390625,1.390625,1.245211482048035,0
1996-09-23,1.390625,1.390625,1.390625,1.390625,1.245211482048035,76800
1996-09-24,1.390625,1.390625,1.390625,1.390625,1.245211482048035,12800
1996-09-25,1.390625,1.3984375,1.375,1.375,1.2312201261520386,110400
1996-09-26,1.421875,1.421875,1.328125,1.328125,1.1892467737197876,369600
1996-09-27,1.328125,1.328125,1.328125,1.328125,1.1892467737197876,0
1996-09-30,1.390625,1.390625,1.3359375,1.3359375,1.1962424516677856,600000
1996-10-01,1.328125,1.34375,1.328125,1.328125,1.1892467737197876,120000
1996-10-02,1.328125,1.328125,1.328125,1.328125,1.1892467737197876,0
1996-10-03,1.328125,1.390625,1.328125,1.3359375,1.1962424516677856,264000
1996-10-04,1.328125,1.328125,1.328125,1.328125,1.1892467737197876,1600
1996-10-07,1.328125,1.328125,1.328125,1.328125,1.1892467737197876,0
1996-10-08,1.328125,1.390625,1.328125,1.328125,1.1892467737197876,43200
1996-10-09,1.390625,1.390625,1.390625,1.390625,1.245211482048035,8000
1996-10-10,1.390625,1.390625,1.390625,1.390625,1.245211482048035,0
1996-10-11,1.390625,1.390625,1.390625,1.390625,1.245211482048035,0
1996-10-14,1.390625,1.390625,1.390625,1.390625,1.245211482048035,0
1996-10-15,1.328125,1.328125,1.328125,1.328125,1.1892467737197876,24000
1996-10-16,1.3359375,1.390625,1.296875,1.296875,1.1612640619277954,574400
1996-10-17,1.34375,1.34375,1.34375,1.34375,1.203238010406494,94400
1996-10-18,1.296875,1.296875,1.296875,1.296875,1.1612640619277954,206400
1996-10-21,1.3125,1.3125,1.296875,1.296875,1.1612640619277954,24000
1996-10-22,1.28125,1.328125,1.234375,1.28125,1.1472731828689575,1147200
1996-10-23,1.328125,1.328125,1.28125,1.28125,1.1472731828689575,40000
1996-10-24,1.25,1.25,1.234375,1.25,1.119291067123413,38400
1996-10-25,1.234375,1.28125,1.2265625,1.2578125,1.1262866258621216,10244800
1996-10-28,1.28125,1.28125,1.28125,1.28125,1.1472731828689575,163200
1996-10-29,1.28125,1.28125,1.28125,1.28125,1.1472731828689575,14400
1996-10-30,1.2578125,1.296875,1.234375,1.296875,1.1612640619277954,459200
1996-10-31,1.3125,1.328125,1.296875,1.296875,1.1612640619277954,204800
1996-11-01,1.3203125,1.3203125,1.3125,1.3125,1.175255537033081,272000
1996-11-04,1.296875,1.34375,1.296875,1.34375,1.203238010406494,6400
1996-11-05,1.3203125,1.3203125,1.3203125,1.3203125,1.1822513341903689,8000
1996-11-06,1.34375,1.34375,1.328125,1.328125,1.1892467737197876,16000
1996-11-07,1.34375,1.421875,1.328125,1.390625,1.245211482048035,2108800
1996-11-08,1.390625,1.390625,1.296875,1.328125,1.1892467737197876,1196800
1996-11-11,1.3125,1.3359375,1.3125,1.3359375,1.1962424516677856,387200
1996-11-12,1.3125,1.359375,1.3125,1.3203125,1.1822513341903689,340800
1996-11-13,1.3125,1.34375,1.3125,1.34375,1.203238010406494,83200
1996-11-14,1.3203125,1.3359375,1.3203125,1.3359375,1.1962424516677856,185600
1996-11-15,1.3125,1.359375,1.296875,1.359375,1.2172290086746216,696000
1996-11-18,1.3125,1.359375,1.3125,1.3125,1.175255537033081,132800
1996-11-19,1.3125,1.3125,1.3125,1.3125,1.175255537033081,16000
1996-11-20,1.3125,1.3125,1.3125,1.3125,1.175255537033081,0
1996-11-21,1.3125,1.3125,1.3125,1.3125,1.175255537033081,46400
1996-11-22,1.3125,1.34375,1.3125,1.34375,1.203238010406494,81600
1996-11-25,1.3203125,1.3359375,1.3203125,1.3359375,1.1962424516677856,4800
1996-11-26,1.34375,1.34375,1.3125,1.3125,1.175255537033081,67200
1996-11-27,1.3359375,1.359375,1.3359375,1.359375,1.2172290086746216,56000
1996-11-29,1.359375,1.359375,1.3125,1.3125,1.175255537033081,4800
1996-12-02,1.3125,1.3359375,1.3125,1.3125,1.175255537033081,272000
1996-12-03,1.328125,1.359375,1.3125,1.359375,1.2172290086746216,148800
1996-12-04,1.296875,1.359375,1.296875,1.359375,1.2172290086746216,59200
1996-12-05,1.3125,1.359375,1.3125,1.359375,1.2172290086746216,67200
1996-12-06,1.28125,1.34375,1.28125,1.34375,1.203238010406494,59200
1996-12-09,1.34375,1.34375,1.28125,1.3125,1.175255537033081,113600
1996-12-10,1.296875,1.296875,1.296875,1.296875,1.1612640619277954,1600
1996-12-11,1.28125,1.3203125,1.28125,1.3203125,1.1822513341903689,220800
1996-12-12,1.34375,1.34375,1.34375,1.34375,1.203238010406494,1600
1996-12-13,1.34375,1.34375,1.296875,1.296875,1.1612640619277954,6400
1996-12-16,1.34375,1.34375,1.34375,1.34375,1.203238010406494,4800
1996-12-17,1.34375,1.34375,1.34375,1.34375,1.203238010406494,70400
1996-12-18,1.328125,1.328125,1.3046875,1.3046875,1.168259859085083,48000
1996-12-19,1.3125,1.3125,1.296875,1.296875,1.1612640619277954,49600
1996-12-20,1.296875,1.296875,1.296875,1.296875,1.1612640619277954,72000
1996-12-23,1.296875,1.30859375,1.296875,1.296875,1.1612640619277954,292800
1996-12-24,1.328125,1.328125,1.296875,1.296875,1.1612640619277954,94400
1996-12-26,1.28125,1.28125,1.28125,1.28125,1.1472731828689575,56000
1996-12-27,1.2890625,1.2890625,1.28125,1.28125,1.1472731828689575,219200
1996-12-30,1.2890625,1.296875,1.265625,1.265625,1.1332820653915403,60800
1996-12-31,1.3125,1.3125,1.265625,1.2890625,1.1542688608169556,233600
1997-01-02,1.265625,1.265625,1.265625,1.265625,1.1332820653915403,4800
1997-01-03,1.265625,1.2890625,1.265625,1.2890625,1.1542688608169556,100800
1997-01-06,1.265625,1.3125,1.265625,1.3125,1.175255537033081,24000
1997-01-07,1.28125,1.2890625,1.265625,1.2890625,1.1542688608169556,1196800
1997-01-08,1.2890625,1.2890625,1.2890625,1.2890625,1.1542688608169556,80000
1997-01-09,1.3125,1.3125,1.2890625,1.2890625,1.1542688608169556,62400
1997-01-10,1.265625,1.3125,1.265625,1.265625,1.1332820653915403,1128000
1997-01-13,1.265625,1.265625,1.265625,1.265625,1.1332820653915403,68800
1997-01-14,1.296875,1.296875,1.265625,1.265625,1.1332820653915403,97600
1997-01-15,1.265625,1.265625,1.265625,1.265625,1.1332820653915403,6400
1997-01-16,1.265625,1.3125,1.265625,1.2890625,1.1542688608169556,41600
1997-01-17,1.265625,1.2890625,1.265625,1.265625,1.1332820653915403,62400
1997-01-20,1.265625,1.2890625,1.234375,1.234375,1.1053000688552856,73600
1997-01-21,1.234375,1.25,1.234375,1.25,1.119291067123413,22400
1997-01-22,1.25,1.25,1.25,1.25,1.119291067123413,16000
1997-01-23,1.2421875,1.25,1.234375,1.234375,1.1053000688552856,5412800
1997-01-24,1.234375,1.234375,1.234375,1.234375,1.1053000688552856,4800
1997-01-27,1.234375,1.296875,1.234375,1.296875,1.1612640619277954,232000
1997-01-28,1.265625,1.296875,1.25,1.265625,1.1332820653915403,270400
1997-01-29,1.3125,1.3125,1.25,1.2734375,1.1402779817581177,201600
1997-01-30,1.296875,1.296875,1.28125,1.28125,1.1472731828689575,278400
1997-01-31,1.3125,1.3125,1.265625,1.265625,1.1332820653915403,214400
1997-02-03,1.3125,1.3125,1.2890625,1.3125,1.175255537033081,57600
1997-02-04,1.265625,1.3125,1.265625,1.2890625,1.1542688608169556,315200
1997-02-05,1.3125,1.3125,1.265625,1.2890625,1.1542688608169556,2150400
1997-02-06,1.3125,1.3125,1.25,1.2578125,1.1262866258621216,5836800
1997-02-07,1.265625,1.3125,1.265625,1.3125,1.175255537033081,17600
1997-02-10,1.3125,1.3125,1.296875,1.296875,1.1612640619277954,19200
1997-02-11,1.3125,1.3125,1.265625,1.3125,1.175255537033081,329600
1997-02-12,1.265625,1.3125,1.265625,1.3125,1.175255537033081,198400
1997-02-13,1.265625,1.3125,1.265625,1.265625,1.1332820653915403,532800
1997-02-14,1.3125,1.3125,1.3125,1.3125,1.175255537033081,3200
1997-02-18,1.265625,1.3125,1.265625,1.3125,1.175255537033081,24000
1997-02-19,1.265625,1.265625,1.265625,1.265625,1.1332820653915403,8000
1997-02-20,1.28125,1.3125,1.265625,1.265625,1.1332820653915403,179200
1997-02-21,1.265625,1.3125,1.265625,1.3125,1.175255537033081,102400
1997-02-24,1.265625,1.3125,1.265625,1.3125,1.175255537033081,11200
1997-02-25,1.265625,1.3125,1.265625,1.265625,1.1332820653915403,27200
1997-02-26,1.3125,1.3125,1.1875,1.234375,1.1053000688552856,1236800
1997-02-27,1.234375,1.234375,1.234375,1.234375,1.1053000688552856,0
1997-02-28,1.234375,1.234375,1.203125,1.203125,1.077317714691162,48000
1997-03-03,1.203125,1.234375,1.203125,1.234375,1.1053000688552856,24000
1997-03-04,1.203125,1.21875,1.203125,1.203125,1.077317714691162,1102400
1997-03-05,1.234375,1.234375,1.203125,1.2109375,1.084313154220581,206400
1997-03-06,1.234375,1.234375,1.140625,1.15625,1.0353446006774902,636800
1997-03-07,1.15625,1.1875,1.15625,1.15625,1.0353446006774902,112000
1997-03-10,1.203125,1.203125,1.203125,1.203125,1.077317714691162,3200
1997-03-11,1.203125,1.203125,1.203125,1.203125,1.077317714691162,3200
1997-03-12,1.203125,1.203125,1.18359375,1.18359375,1.0598286390304563,19200
1997-03-13,1.1640625,1.203125,1.1640625,1.1640625,1.04233980178833,72000
1997-03-14,1.203125,1.234375,1.1796875,1.1796875,1.0563308000564575,308800
1997-03-17,1.20703125,1.21875,1.20703125,1.21875,1.0913089513778689,48000
1997-03-18,1.1953125,1.234375,1.1953125,1.234375,1.1053000688552856,198400
1997-03-19,1.234375,1.234375,1.203125,1.22265625,1.0948065519332886,118400
1997-03-20,1.203125,1.203125,1.171875,1.171875,1.0493353605270386,470400
1997-03-21,1.171875,1.1875,1.171875,1.1875,1.0633265972137451,20800
1997-03-24,1.203125,1.203125,1.1875,1.1875,1.0633265972137451,126400
1997-03-25,1.19140625,1.203125,1.1875,1.203125,1.077317714691162,86400
1997-03-26,1.1875,1.203125,1.1875,1.203125,1.077317714691162,20800
1997-03-27,1.1953125,1.1953125,1.1875,1.1875,1.0633265972137451,46400
1997-03-31,1.203125,1.203125,1.1875,1.203125,1.077317714691162,6400
1997-04-01,1.203125,1.203125,1.125,1.1484375,1.028348445892334,179200
1997-04-02,1.1328125,1.140625,1.125,1.1328125,1.014357566833496,196800
1997-04-03,1.109375,1.140625,1.078125,1.09375,0.9793795943260192,209600
1997-04-04,1.109375,1.15625,1.109375,1.15625,1.0353446006774902,230400
1997-04-07,1.15625,1.15625,1.15625,1.15625,1.0353446006774902,43200
1997-04-08,1.15625,1.15625,1.109375,1.15625,1.0353446006774902,627200
1997-04-09,1.15625,1.15625,1.1015625,1.15625,1.0353446006774902,52800
1997-04-10,1.15625,1.15625,1.12890625,1.15625,1.0353446006774902,92800
1997-04-11,1.15625,1.15625,1.1015625,1.140625,1.0213533639907837,33600
1997-04-14,1.15625,1.15625,1.1015625,1.15625,1.0353446006774902,24000
1997-04-15,1.15625,1.15625,1.1015625,1.1015625,0.9863752722740172,57600
1997-04-16,1.15625,1.15625,1.1015625,1.12890625,1.0108599662780762,289600
1997-04-17,1.1484375,1.15625,1.1484375,1.15625,1.0353446006774902,17600
1997-04-18,1.15625,1.15625,1.125,1.15625,1.0353446006774902,284800
1997-04-21,1.12890625,1.15625,1.125,1.15625,1.0353446006774902,17600
1997-04-22,1.125,1.15625,1.125,1.140625,1.0213533639907837,124800
1997-04-23,1.171875,1.203125,1.140625,1.140625,1.0213533639907837,374400
1997-04-24,1.1875,1.1875,1.15625,1.1875,1.0633265972137451,1787200
1997-04-25,1.1875,1.1875,1.140625,1.171875,1.0493353605270386,305600
1997-04-28,1.15625,1.234375,1.15625,1.234375,1.1053000688552856,336000
1997-04-29,1.234375,1.234375,1.1875,1.234375,1.1053000688552856,25600
1997-04-30,1.234375,1.234375,1.171875,1.171875,1.0493353605270386,57600
1997-05-01,1.171875,1.203125,1.171875,1.1875,1.0633265972137451,89600
1997-05-02,1.171875,1.171875,1.171875,1.171875,1.0493353605270386,3200
1997-05-05,1.234375,1.234375,1.171875,1.203125,1.077317714691162,44800
1997-05-06,1.203125,1.203125,1.203125,1.203125,1.077317714691162,0
1997-05-07,1.234375,1.234375,1.171875,1.234375,1.1053000688552856,8000
1997-05-08,1.171875,1.234375,1.171875,1.171875,1.0493353605270386,57600
1997-05-09,1.234375,1.234375,1.171875,1.234375,1.1053000688552856,449600
1997-05-12,1.234375,1.234375,1.171875,1.234375,1.1053000688552856,27200
1997-05-13,1.234375,1.25,1.21875,1.25,1.119291067123413,209600
1997-05-14,1.25,1.28125,1.21875,1.28125,1.1472731828689575,10892800
1997-05-15,1.25,1.296875,1.25,1.296875,1.1612640619277954,35200
1997-05-16,1.296875,1.328125,1.28125,1.28125,1.1472731828689575,169600
1997-05-19,1.28125,1.328125,1.28125,1.2890625,1.1542688608169556,707200
1997-05-20,1.3125,1.3125,1.28125,1.3125,1.175255537033081,630400
1997-05-21,1.3125,1.3125,1.28125,1.28125,1.1472731828689575,512000
1997-05-22,1.3125,1.3125,1.28125,1.296875,1.1612640619277954,81600
1997-05-23,1.28125,1.3125,1.28125,1.3125,1.175255537033081,27200
1997-05-27,1.28125,1.3125,1.28125,1.3125,1.175255537033081,516800
1997-05-28,1.3125,1.3125,1.28125,1.3125,1.175255537033081,260800
1997-05-29,1.28125,1.296875,1.25,1.25,1.119291067123413,171200
1997-05-30,1.25,1.28125,1.25,1.28125,1.1472731828689575,105600
1997-06-02,1.296875,1.296875,1.296875,1.296875,1.1612640619277954,51200
1997-06-03,1.265625,1.2890625,1.265625,1.265625,1.1332820653915403,718400
1997-06-04,1.265625,1.2890625,1.265625,1.265625,1.1332820653915403,240000
1997-06-05,1.265625,1.2890625,1.265625,1.265625,1.1332820653915403,30400
1997-06-06,1.265625,1.296875,1.265625,1.296875,1.1612640619277954,73600
1997-06-09,1.2890625,1.296875,1.265625,1.265625,1.1332820653915403,51200
1997-06-10,1.265625,1.34375,1.265625,1.265625,1.1332820653915403,660800
1997-06-11,1.25,1.25,1.15625,1.15625,1.0353446006774902,507200
1997-06-12,1.15625,1.15625,1.125,1.15625,1.0353446006774902,147200
1997-06-13,1.15625,1.15625,1.125,1.15625,1.0353446006774902,288000
1997-06-16,1.15625,1.15625,1.125,1.15625,1.0353446006774902,67200
1997-06-17,1.15625,1.15625,1.125,1.125,1.0073617696762085,6400
1997-06-18,1.15625,1.15625,1.125,1.15625,1.0353446006774902,51200
1997-06-19,1.15625,1.15625,1.125,1.15625,1.0353446006774902,283200
1997-06-20,1.15625,1.15625,1.125,1.1328125,1.014357566833496,777600
1997-06-23,1.140625,1.140625,1.125,1.125,1.0073617696762085,59200
1997-06-24,1.1328125,1.1328125,1.125,1.125,1.0073617696762085,24000
1997-06-25,1.125,1.125,1.078125,1.125,1.0073617696762085,278400
1997-06-26,1.125,1.125,1.078125,1.1171875,1.000366449356079,233600
1997-06-27,1.0859375,1.1171875,1.0859375,1.1171875,1.000366449356079,1036800
1997-06-30,1.109375,1.125,1.09375,1.125,1.0073617696762085,473600
1997-07-01,1.09375,1.109375,1.0634765625,1.091796875,0.9776310324668884,3528000
1997-07-02,1.078125,1.0859375,1.078125,1.0859375,0.9723844528198242,6400
1997-07-03,1.078125,1.140625,1.078125,1.09375,0.9793795943260192,121600
1997-07-07,1.078125,1.140625,1.078125,1.12109375,1.0038645267486572,1000000
1997-07-08,1.078125,1.1015625,1.078125,1.09375,0.9793795943260192,83200
1997-07-09,1.078125,1.140625,1.078125,1.078125,0.9653887152671814,38400
1997-07-10,1.078125,1.109375,1.078125,1.109375,0.9933712482452391,94400
1997-07-11,1.109375,1.109375,1.078125,1.109375,0.9933712482452391,112000
1997-07-14,1.078125,1.109375,1.078125,1.109375,0.9933712482452391,25600
1997-07-15,1.078125,1.140625,1.078125,1.140625,1.0213533639907837,41600
1997-07-16,1.078125,1.078125,1.078125,1.078125,0.9653887152671814,1600
1997-07-17,1.109375,1.109375,1.078125,1.078125,0.9653887152671814,16000
1997-07-18,1.078125,1.140625,1.078125,1.140625,1.0213533639907837,78400
1997-07-21,1.12109375,1.12109375,1.109375,1.109375,0.9933712482452391,587200
1997-07-22,1.109375,1.125,1.09375,1.09375,0.9793795943260192,166400
1997-07-23,1.09375,1.125,1.078125,1.125,1.0073617696762085,62400
1997-07-24,1.125,1.125,1.1015625,1.1015625,0.9863752722740172,20800
1997-07-25,1.078125,1.08203125,1.078125,1.078125,0.9653887152671814,28800
1997-07-28,1.125,1.125,1.078125,1.078125,0.9653887152671814,35200
1997-07-29,1.109375,1.109375,1.109375,1.109375,0.9933712482452391,28800
1997-07-30,1.078125,1.109375,1.078125,1.1015625,0.9863752722740172,38400
1997-07-31,1.078125,1.1015625,1.015625,1.078125,0.9653887152671814,3252800
1997-08-01,1.078125,1.09375,1.078125,1.078125,0.9653887152671814,89600
1997-08-04,1.1171875,1.1171875,1.1171875,1.1171875,1.000366449356079,96000
1997-08-05,1.09375,1.1171875,1.09375,1.09375,0.9793795943260192,374400
1997-08-06,1.09375,1.09375,1.03125,1.0546875,0.9444018602371216,267200
1997-08-07,1.078125,1.078125,1.0546875,1.078125,0.9653887152671814,11200
1997-08-08,1.03125,1.0625,1.03125,1.0625,0.9513974785804749,24000
1997-08-11,1.03125,1.0625,1.015625,1.015625,0.9094239473342896,28800
1997-08-12,1.0703125,1.0703125,1.046875,1.0625,0.9513974785804749,668800
1997-08-13,1.0625,1.09375,1.03125,1.09375,0.9793795943260192,185600
1997-08-14,1.09375,1.125,1.078125,1.078125,0.9653887152671814,46400
1997-08-15,1.109375,1.109375,1.109375,1.109375,0.9933712482452391,4800
1997-08-18,1.109375,1.109375,1.109375,1.109375,0.9933712482452391,3200
1997-08-19,1.109375,1.125,1.078125,1.125,1.0073617696762085,124800
1997-08-20,1.140625,1.140625,1.09375,1.109375,0.9933712482452391,129600
1997-08-21,1.09375,1.109375,1.09375,1.09375,0.9793795943260192,86400
1997-08-22,1.0859375,1.1015625,1.046875,1.1015625,0.9863752722740172,196800
1997-08-25,1.078125,1.1015625,1.078125,1.1015625,0.9863752722740172,27200
1997-08-26,1.1015625,1.1015625,1.1015625,1.1015625,0.9863752722740172,3200
1997-08-27,1.1015625,1.1015625,1.1015625,1.1015625,0.9863752722740172,96000
1997-08-28,1.0625,1.109375,1.0625,1.09765625,0.982877254486084,17600
1997-08-29,1.109375,1.171875,1.109375,1.125,1.0073617696762085,187200
1997-09-02,1.171875,1.171875,1.12109375,1.171875,1.0493353605270386,241600
1997-09-03,1.1328125,1.15625,1.109375,1.109375,0.9933712482452391,118400
1997-09-04,1.15625,1.15625,1.109375,1.109375,0.9933712482452391,337600
1997-09-05,1.15625,1.15625,1.109375,1.15625,1.0353446006774902,70400
1997-09-08,1.171875,1.203125,1.171875,1.1953125,1.070322036743164,420800
1997-09-09,1.171875,1.171875,1.171875,1.171875,1.0493353605270386,9600
1997-09-10,1.1953125,1.2890625,1.1875,1.21875,1.0913089513778689,777600
1997-09-11,1.234375,1.234375,1.203125,1.203125,1.077317714691162,6400
1997-09-12,1.203125,1.21875,1.203125,1.203125,1.077317714691162,49600
1997-09-15,1.203125,1.203125,1.203125,1.203125,1.077317714691162,49600
1997-09-16,1.203125,1.22265625,1.203125,1.22265625,1.0948065519332886,65600
1997-09-17,1.2109375,1.234375,1.2109375,1.234375,1.1053000688552856,22400
1997-09-18,1.2109375,1.2265625,1.2109375,1.2265625,1.098304033279419,30400
1997-09-19,1.203125,1.203125,1.203125,1.203125,1.077317714691162,8000
1997-09-22,1.21875,1.21875,1.21875,1.21875,1.0913089513778689,20800
1997-09-23,1.203125,1.203125,1.203125,1.203125,1.077317714691162,12800
1997-09-24,1.21875,1.21875,1.21875,1.21875,1.0913089513778689,1600
1997-09-25,1.203125,1.21875,1.203125,1.21875,1.0913089513778689,139200
1997-09-26,1.234375,1.234375,1.21875,1.21875,1.0913089513778689,99200
1997-09-29,1.234375,1.25,1.2109375,1.234375,1.1053000688552856,227200
1997-09-30,1.234375,1.234375,1.234375,1.234375,1.1053000688552856,8000
1997-10-01,1.25,1.25,1.25,1.25,1.119291067123413,6400
1997-10-02,1.21875,1.21875,1.21875,1.21875,1.0913089513778689,8000
1997-10-03,1.26171875,1.26171875,1.21875,1.21875,1.0913089513778689,64000
1997-10-06,1.2578125,1.265625,1.2578125,1.265625,1.1332820653915403,49600
1997-10-07,1.265625,1.265625,1.265625,1.265625,1.1332820653915403,0
1997-10-08,1.265625,1.265625,1.265625,1.265625,1.1332820653915403,0
1997-10-09,1.21875,1.21875,1.21875,1.21875,1.0913089513778689,4800
1997-10-10,1.21875,1.34375,1.21875,1.34375,1.203238010406494,326400
1997-10-13,1.3046875,1.3125,1.3046875,1.3125,1.175255537033081,145600
1997-10-14,1.328125,1.328125,1.2890625,1.3203125,1.1822513341903689,289600
1997-10-15,1.3125,1.3515625,1.3125,1.3515625,1.210233449935913,67200
1997-10-16,1.2890625,1.2890625,1.2890625,1.2890625,1.1542688608169556,36800
1997-10-17,1.2890625,1.34375,1.2890625,1.34375,1.203238010406494,126400
1997-10-20,1.31640625,1.3515625,1.3125,1.34375,1.203238010406494,75200
1997-10-21,1.3203125,1.375,1.2890625,1.36328125,1.2207270860671997,288000
1997-10-22,1.34375,1.34375,1.34375,1.34375,1.203238010406494,6400
1997-10-23,1.34375,1.34375,1.3125,1.328125,1.1892467737197876,1198400
1997-10-24,1.296875,1.328125,1.296875,1.3046875,1.168259859085083,136000
1997-10-27,1.28125,1.296875,1.1875,1.1875,1.0633265972137451,593600
1997-10-28,1.15625,1.234375,1.15625,1.234375,1.1053000688552856,1299200
1997-10-29,1.171875,1.234375,1.171875,1.234375,1.1053000688552856,993600
1997-10-30,1.171875,1.234375,1.171875,1.171875,1.0493353605270386,2198400
1997-10-31,1.171875,1.234375,1.171875,1.234375,1.1053000688552856,16000
1997-11-03,1.203125,1.203125,1.203125,1.203125,1.077317714691162,3200
1997-11-04,1.234375,1.234375,1.17578125,1.1875,1.0633265972137451,38400
1997-11-05,1.1875,1.2109375,1.171875,1.171875,1.0493353605270386,212800
1997-11-06,1.171875,1.171875,1.171875,1.171875,1.0493353605270386,0
1997-11-07,1.15625,1.15625,1.140625,1.15625,1.0353446006774902,84800
1997-11-10,1.15625,1.15625,1.140625,1.140625,1.0213533639907837,275200
1997-11-11,1.15625,1.15625,1.15625,1.15625,1.0353446006774902,6400
1997-11-12,1.125,1.125,1.125,1.125,1.0073617696762085,57600
1997-11-13,1.109375,1.1328125,1.109375,1.125,1.0073617696762085,139200
1997-11-14,1.1171875,1.1171875,1.109375,1.109375,0.9933712482452391,88000
1997-11-17,1.109375,1.109375,1.109375,1.109375,0.9933712482452391,0
1997-11-18,1.1171875,1.1171875,1.109375,1.1171875,1.000366449356079,91200
1997-11-19,1.1171875,1.1171875,1.109375,1.109375,0.9933712482452391,291200
1997-11-20,1.09375,1.109375,1.09375,1.109375,0.9933712482452391,17600
1997-11-21,1.09375,1.09375,1.0625,1.0625,0.9513974785804749,523200
1997-11-24,1.046875,1.109375,1.046875,1.046875,0.937406361103058,73600
1997-11-25,1.09375,1.09375,0.890625,0.953125,0.8534595966339111,348800
1997-11-26,0.953125,1.0,0.859375,1.0,0.8954328298568726,504000
1997-11-28,1.0,1.0,1.0,1.0,0.8954328298568726,0
1997-12-01,1.0078125,1.03125,1.0,1.03125,0.9234151244163512,195200
1997-12-02,1.03125,1.03125,0.96875,1.0,0.8954328298568726,315200
1997-12-03,1.015625,1.015625,0.953125,1.015625,0.9094239473342896,54400
1997-12-04,0.953125,1.0078125,0.953125,1.0,0.8954328298568726,155200
1997-12-05,1.015625,1.015625,1.0,1.0,0.8954328298568726,140800
1997-12-08,1.015625,1.03125,0.9921875,1.0,0.8954328298568726,203200
1997-12-09,0.96875,1.015625,0.96875,1.015625,0.9094239473342896,104000
1997-12-10,1.015625,1.015625,0.8984375,0.8984375,0.8044905066490173,203200
1997-12-11,0.8984375,0.953125,0.8984375,0.9296875,0.8324728608131409,78400
1997-12-12,0.90625,0.953125,0.8984375,0.953125,0.8534595966339111,32000
1997-12-15,0.953125,0.953125,0.8984375,0.8984375,0.8044905066490173,48000
1997-12-16,0.8984375,0.953125,0.8984375,0.921875,0.8254772424697876,62400
1997-12-17,0.921875,0.9765625,0.90625,0.9765625,0.8744461536407471,755200
1997-12-18,0.96875,0.9765625,0.921875,0.921875,0.8254772424697876,401600
1997-12-19,0.90625,0.96875,0.90625,0.96875,0.8674505949020386,8000
1997-12-22,0.90625,0.9375,0.890625,0.921875,0.8254772424697876,979200
1997-12-23,0.90625,0.9296875,0.90625,0.91796875,0.8219794034957886,57600
1997-12-24,0.90625,0.90625,0.90625,0.90625,0.811486005783081,8000
1997-12-26,0.90625,0.90625,0.90625,0.90625,0.811486005783081,0
1997-12-29,0.90625,0.921875,0.875,0.90625,0.811486005783081,256000
1997-12-30,0.9375,0.9375,0.890625,0.9375,0.8394685387611389,137600
1997-12-31,0.875,0.921875,0.8671875,0.921875,0.8254772424697876,137600
1998-01-02,0.890625,0.921875,0.890625,0.921875,0.8254772424697876,36800
1998-01-05,0.8984375,0.921875,0.8984375,0.921875,0.8254772424697876,188800
1998-01-06,0.921875,0.921875,0.921875,0.921875,0.8254772424697876,44800
1998-01-07,0.890625,0.921875,0.875,0.875,0.7835036516189575,107200
1998-01-08,0.875,0.890625,0.8671875,0.875,0.7835036516189575,131200
1998-01-09,0.87109375,0.87109375,0.87109375,0.87109375,0.7800060510635376,25600
1998-01-12,0.875,0.875,0.875,0.875,0.7835036516189575,16000
1998-01-13,0.853515625,0.859375,0.8359375,0.859375,0.7695125341415405,44800
1998-01-14,0.890625,0.890625,0.859375,0.890625,0.7974948287010193,43200
1998-01-15,0.890625,0.890625,0.859375,0.890625,0.7974948287010193,116800
1998-01-16,0.859375,0.91015625,0.859375,0.875,0.7835036516189575,353600
1998-01-20,0.8671875,0.890625,0.8671875,0.875,0.7835036516189575,100800
1998-01-21,0.890625,0.9140625,0.890625,0.9140625,0.8184815049171448,25600
1998-01-22,0.90625,0.90625,0.859375,0.875,0.7835036516189575,548800
1998-01-23,0.875,0.8828125,0.8671875,0.875,0.7835036516189575,1304000
1998-01-26,0.87890625,0.87890625,0.859375,0.87890625,0.7870014309883118,118400
1998-01-27,0.875,0.87890625,0.859375,0.8671875,0.7765082716941833,1979200
1998-01-28,0.875,0.890625,0.859375,0.859375,0.7695125341415405,1352000
1998-01-29,0.890625,0.890625,0.859375,0.875,0.7835036516189575,1174400
1998-01-30,0.890625,0.890625,0.859375,0.875,0.7835036516189575,2051200
1998-02-02,0.8984375,0.8984375,0.859375,0.859375,0.7695125341415405,214400
1998-02-03,0.875,0.875,0.859375,0.875,0.7835036516189575,1382400
1998-02-04,0.859375,0.875,0.859375,0.875,0.7835036516189575,844800
1998-02-05,0.875,0.875,0.875,0.875,0.7835036516189575,206400
1998-02-06,0.875,0.87890625,0.87109375,0.875,0.7835036516189575,1033600
1998-02-09,0.875,1.1171875,0.8671875,1.04296875,0.9339084029197692,966400
1998-02-10,1.03125,1.0625,1.03125,1.046875,0.937406361103058,185600
1998-02-11,1.0703125,1.0703125,0.96875,0.96875,0.8674505949020386,368000
1998-02-12,1.03125,1.03125,0.9375,0.953125,0.8534595966339111,443200
1998-02-13,0.9375,0.984375,0.921875,0.984375,0.8814417719841003,184000
1998-02-17,0.984375,1.1484375,0.984375,1.125,1.0073617696762085,1291200
1998-02-18,1.1328125,1.171875,1.125,1.1328125,1.014357566833496,358400
1998-02-19,1.1484375,1.1484375,1.103515625,1.11328125,0.9968686699867249,236800
1998-02-20,1.09375,1.109375,1.046875,1.078125,0.9653887152671814,424000
1998-02-23,1.109375,1.109375,1.09375,1.09375,0.9793795943260192,129600
1998-02-24,1.1171875,1.125,1.0625,1.0625,0.9513974785804749,78400
1998-02-25,1.0625,1.109375,1.0625,1.109375,0.9933712482452391,41600
1998-02-26,1.109375,1.1640625,1.109375,1.1640625,1.04233980178833,608000
1998-02-27,1.1484375,1.15625,1.125,1.15625,1.0353446006774902,96000
1998-03-02,1.1640625,1.1640625,1.125,1.125,1.0073617696762085,323200
1998-03-03,1.078125,1.1640625,1.078125,1.1640625,1.04233980178833,297600
1998-03-04,1.109375,1.1640625,1.109375,1.15625,1.0353446006774902,6400
1998-03-05,1.09375,1.25,1.09375,1.234375,1.1053000688552856,835200
1998-03-06,1.234375,1.3125,1.21875,1.28125,1.1472731828689575,596800
1998-03-09,1.2578125,1.28125,1.25,1.25,1.119291067123413,195200
1998-03-10,1.25,1.28125,1.2109375,1.234375,1.1053000688552856,862400
1998-03-11,1.234375,1.2734375,1.234375,1.265625,1.1332820653915403,676800
1998-03-12,1.234375,1.3203125,1.234375,1.296875,1.1612640619277954,595200
1998-03-13,1.34375,1.3515625,1.3046875,1.3359375,1.1962424516677856,1036800
1998-03-16,1.3125,1.3359375,1.3125,1.3203125,1.1822513341903689,1425600
1998-03-17,1.296875,1.34375,1.296875,1.34375,1.203238010406494,1544000
1998-03-18,1.34375,1.34375,1.2890625,1.2890625,1.1542688608169556,1616000
1998-03-19,1.328125,1.328125,1.2890625,1.3203125,1.1822513341903689,449600
1998-03-20,1.328125,1.359375,1.296875,1.34375,1.203238010406494,534400
1998-03-23,1.34375,1.390625,1.34375,1.3515625,1.210233449935913,337600
1998-03-24,1.3671875,1.3984375,1.34375,1.3984375,1.2522070407867432,243200
1998-03-25,1.375,1.4609375,1.375,1.453125,1.3011759519577026,1504000
1998-03-26,1.453125,1.453125,1.40625,1.4375,1.287184476852417,550400
1998-03-27,1.4453125,1.4453125,1.390625,1.40625,1.2592027187347412,313600
1998-03-30,1.375,1.40625,1.28125,1.296875,1.1612640619277954,704000
1998-03-31,1.265625,1.296875,1.265625,1.2890625,1.1542688608169556,64000
1998-04-01,1.328125,1.328125,1.28125,1.3203125,1.1822513341903689,1014400
1998-04-02,1.3203125,1.34375,1.296875,1.3359375,1.1962424516677856,630400
1998-04-03,1.34375,1.390625,1.3125,1.390625,1.245211482048035,668800
1998-04-06,1.421875,1.421875,1.359375,1.37890625,1.234717845916748,177600
1998-04-07,1.421875,1.484375,1.375,1.4375,1.287184476852417,768000
1998-04-08,1.484375,1.4921875,1.4375,1.46484375,1.311668872833252,1980800
1998-04-09,1.5,1.53125,1.46875,1.53125,1.3711315393447876,521600
1998-04-13,1.546875,1.5625,1.46875,1.515625,1.3571405410766602,225600
1998-04-14,1.5,1.515625,1.46875,1.484375,1.329158067703247,134400
1998-04-15,1.5,1.5546875,1.46875,1.515625,1.3571405410766602,548800
1998-04-16,1.484375,1.5234375,1.484375,1.515625,1.3571405410766602,248000
1998-04-17,1.5234375,1.5546875,1.515625,1.5390625,1.3781269788742063,454400
1998-04-20,1.5546875,1.578125,1.53125,1.546875,1.3851226568222046,288000
1998-04-21,1.546875,1.5625,1.5,1.51953125,1.3606377840042114,248000
1998-04-22,1.5390625,1.5390625,1.5,1.5390625,1.3781269788742063,67200
1998-04-23,1.5390625,1.5390625,1.5,1.5,1.343149185180664,86400
1998-04-24,1.5,1.59375,1.5,1.58984375,1.4235984086990356,782400
1998-04-27,1.5625,1.59375,1.53125,1.5703125,1.4061095714569092,1046400
1998-04-28,1.546875,1.59375,1.546875,1.5859375,1.4201006889343262,169600
1998-04-29,1.5625,1.640625,1.5625,1.6015625,1.434091567993164,2196800
1998-04-30,1.59375,1.671875,1.59375,1.609375,1.441086769104004,836800
1998-05-01,1.671875,1.671875,1.609375,1.640625,1.4690696001052856,542400
1998-05-04,1.65625,1.671875,1.59375,1.609375,1.441086769104004,419200
1998-05-05,1.59375,1.65625,1.59375,1.625,1.4550784826278689,521600
1998-05-06,1.671875,1.671875,1.6015625,1.65625,1.483060598373413,632000
1998-05-07,1.6015625,1.625,1.6015625,1.6015625,1.434091567993164,145600
1998-05-08,1.6015625,1.62890625,1.6015625,1.6171875,1.4480831623077393,392000
1998-05-11,1.6015625,1.625,1.6015625,1.6015625,1.434091567993164,94400
1998-05-12,1.59375,1.625,1.59375,1.625,1.4550784826278689,518400
1998-05-13,1.625,1.625,1.59375,1.625,1.4550784826278689,88000
1998-05-14,1.625,1.625,1.59375,1.609375,1.441086769104004,36800
1998-05-15,1.59375,1.609375,1.59375,1.609375,1.441086769104004,99200
1998-05-18,1.59375,1.609375,1.578125,1.5859375,1.4201006889343262,366400
1998-05-19,1.625,1.625,1.578125,1.578125,1.4131052494049072,160000
1998-05-20,1.625,1.65625,1.609375,1.625,1.4550784826278689,1323200
1998-05-21,1.65625,1.65625,1.59375,1.609375,1.441086769104004,620800
1998-05-22,1.65625,1.65625,1.61328125,1.625,1.4550784826278689,724800
1998-05-26,1.625,1.6328125,1.59375,1.59375,1.4270961284637451,552000
1998-05-27,1.5625,1.625,1.5078125,1.5390625,1.3781269788742063,1716800
1998-05-28,1.484375,1.5,1.48046875,1.5,1.343149185180664,158400
1998-05-29,1.5,1.5546875,1.5,1.5078125,1.3501447439193726,180800
1998-06-01,1.5078125,1.51171875,1.47265625,1.47265625,1.3186651468276978,40000
1998-06-02,1.5,1.546875,1.46875,1.5,1.343149185180664,286400
1998-06-03,1.4765625,1.5078125,1.4765625,1.5,1.343149185180664,452800
1998-06-04,1.5078125,1.5078125,1.5,1.50390625,1.3466471433639526,30400
1998-06-05,1.5078125,1.5078125,1.5,1.5,1.343149185180664,171200
1998-06-08,1.5,1.55859375,1.5,1.5546875,1.3921184539794922,747200
1998-06-09,1.5546875,1.5546875,1.50390625,1.50390625,1.3466471433639526,83200
1998-06-10,1.50390625,1.53515625,1.50390625,1.5078125,1.3501447439193726,99200
1998-06-11,1.5078125,1.53125,1.478515625,1.484375,1.329158067703247,169600
1998-06-12,1.4921875,1.4921875,1.4765625,1.4921875,1.336153507232666,22400
1998-06-15,1.46875,1.4765625,1.4296875,1.4375,1.287184476852417,112000
1998-06-16,1.40625,1.4375,1.40625,1.40625,1.2592027187347412,257600
1998-06-17,1.45703125,1.45703125,1.3984375,1.3984375,1.2522070407867432,105600
1998-06-18,1.3984375,1.484375,1.3984375,1.4375,1.287184476852417,16000
1998-06-19,1.3984375,1.3984375,1.3984375,1.3984375,1.2522070407867432,17600
1998-06-22,1.4375,1.484375,1.4375,1.453125,1.3011759519577026,1595200
1998-06-23,1.484375,1.484375,1.4375,1.4375,1.287184476852417,553600
1998-06-24,1.4296875,1.4375,1.4296875,1.4375,1.287184476852417,12800
1998-06-25,1.453125,1.484375,1.4375,1.484375,1.329158067703247,187200
1998-06-26,1.484375,1.546875,1.484375,1.515625,1.3571405410766602,264000
1998-06-29,1.546875,1.609375,1.53125,1.5625,1.3991142511367798,2296000
1998-06-30,1.5625,1.5703125,1.5390625,1.5546875,1.3921184539794922,963200
1998-07-01,1.5625,1.5625,1.54296875,1.546875,1.3851226568222046,1040000
1998-07-02,1.54296875,1.546875,1.54296875,1.54296875,1.3816248178482056,379200
1998-07-06,1.55859375,1.55859375,1.548828125,1.548828125,1.3868714570999146,19200
1998-07-07,1.5703125,1.578125,1.5546875,1.5703125,1.4061095714569092,475200
1998-07-08,1.58203125,1.58203125,1.5546875,1.5703125,1.4061095714569092,400000
1998-07-09,1.5625,1.609375,1.5625,1.578125,1.4131052494049072,2201600
1998-07-10,1.578125,1.625,1.578125,1.625,1.4550784826278689,371200
1998-07-13,1.625,1.625,1.578125,1.60546875,1.4375895261764526,212800
1998-07-14,1.578125,1.60546875,1.578125,1.59375,1.4270961284637451,361600
1998-07-15,1.5859375,1.609375,1.5859375,1.609375,1.441086769104004,3128000
1998-07-16,1.59375,1.625,1.59375,1.609375,1.441086769104004,192000
1998-07-17,1.6015625,1.6328125,1.5859375,1.59375,1.4270961284637451,73600
1998-07-20,1.578125,1.578125,1.5625,1.5625,1.3991142511367798,73600
1998-07-21,1.609375,1.6328125,1.5625,1.625,1.4550784826278689,412800
1998-07-22,1.6171875,1.6171875,1.59375,1.609375,1.441086769104004,65600
1998-07-23,1.6015625,1.625,1.5859375,1.5859375,1.4201006889343262,969600
1998-07-24,1.625,1.625,1.578125,1.5859375,1.4201006889343262,20800
1998-07-27,1.578125,1.609375,1.55078125,1.55078125,1.3886206150054932,328000
1998-07-28,1.546875,1.5546875,1.546875,1.5546875,1.3921184539794922,84800
1998-07-29,1.578125,1.578125,1.546875,1.546875,1.3851226568222046,24000
1998-07-30,1.5390625,1.609375,1.53125,1.53125,1.3711315393447876,1033600
1998-07-31,1.53125,1.5625,1.53125,1.53125,1.3711315393447876,28800
1998-08-03,1.53125,1.55859375,1.53125,1.53125,1.3711315393447876,54400
1998-08-04,1.53125,1.55859375,1.4765625,1.4765625,1.3221629858016968,384000
1998-08-05,1.546875,1.546875,1.4375,1.4375,1.287184476852417,385600
1998-08-06,1.5,1.5,1.4375,1.4375,1.287184476852417,680000
1998-08-07,1.46875,1.4765625,1.4375,1.4765625,1.3221629858016968,2443200
1998-08-10,1.5078125,1.5859375,1.5078125,1.578125,1.4131052494049072,1022400
1998-08-11,1.53125,1.609375,1.53125,1.59375,1.4270961284637451,196800
1998-08-12,1.546875,1.6015625,1.546875,1.5703125,1.4061095714569092,3670400
1998-08-13,1.5625,1.5625,1.546875,1.546875,1.3851226568222046,5891200
1998-08-14,1.546875,1.546875,1.53125,1.54296875,1.3816248178482056,915200
1998-08-17,1.53125,1.55078125,1.53125,1.54296875,1.3816248178482056,499200
1998-08-18,1.53125,1.5625,1.53125,1.546875,1.3851226568222046,2608000
1998-08-19,1.5625,1.5625,1.53515625,1.55078125,1.3886206150054932,1772800
1998-08-20,1.53125,1.5546875,1.53125,1.53125,1.3711315393447876,940800
1998-08-21,1.53125,1.546875,1.53125,1.54296875,1.3816248178482056,547200
1998-08-24,1.53125,1.5625,1.53125,1.546875,1.3851226568222046,1833600
1998-08-25,1.53125,1.5625,1.53125,1.53125,1.3711315393447876,56000
1998-08-26,1.5625,1.5625,1.5,1.5,1.343149185180664,62400
1998-08-27,1.46875,1.46875,1.453125,1.453125,1.3011759519577026,364800
1998-08-28,1.4609375,1.4609375,1.375,1.3828125,1.2382158041000366,385600
1998-08-31,1.375,1.3984375,1.234375,1.234375,1.1053000688552856,1003200
1998-09-01,1.25,1.27734375,1.09375,1.125,1.0073617696762085,577600
1998-09-02,1.203125,1.2421875,1.140625,1.23828125,1.1087976694107056,388800
1998-09-03,1.28125,1.296875,1.2734375,1.28125,1.1472731828689575,1054400
1998-09-04,1.2578125,1.28125,1.2578125,1.28125,1.1472731828689575,24000
1998-09-08,1.3046875,1.3046875,1.25,1.28125,1.1472731828689575,110400
1998-09-09,1.3046875,1.3046875,1.1875,1.1875,1.0633265972137451,132800
1998-09-10,1.1875,1.2109375,1.1484375,1.1640625,1.04233980178833,707200
1998-09-11,1.2109375,1.234375,1.171875,1.234375,1.1053000688552856,14400
1998-09-14,1.234375,1.234375,1.1875,1.1875,1.0633265972137451,8000
1998-09-15,1.234375,1.234375,1.15625,1.171875,1.0493353605270386,180800
1998-09-16,1.15625,1.1875,1.15625,1.1796875,1.0563308000564575,328000
1998-09-17,1.2421875,1.25,1.1640625,1.25,1.119291067123413,105600
1998-09-18,1.21875,1.28125,1.2109375,1.28125,1.1472731828689575,1070400
1998-09-21,1.28125,1.28125,1.25390625,1.25390625,1.122788667678833,22400
1998-09-22,1.265625,1.296875,1.21875,1.2421875,1.1122959852218628,435200
1998-09-23,1.21875,1.265625,1.21875,1.265625,1.1332820653915403,91200
1998-09-24,1.259765625,1.259765625,1.259765625,1.259765625,1.1280354261398315,9600
1998-09-25,1.25,1.2734375,1.2109375,1.25,1.119291067123413,24000
1998-09-28,1.2734375,1.2734375,1.1328125,1.15625,1.0353446006774902,1078400
1998-09-29,1.15625,1.15625,1.1484375,1.15625,1.0353446006774902,1145600
1998-09-30,1.171875,1.2734375,1.171875,1.234375,1.1053000688552856,427200
1998-10-01,1.25,1.25,1.23046875,1.2421875,1.1122959852218628,97600
1998-10-02,1.234375,1.3046875,1.234375,1.3046875,1.168259859085083,304000
1998-10-05,1.25,1.28125,1.25,1.28125,1.1472731828689575,25600
1998-10-06,1.28125,1.3125,1.2734375,1.2734375,1.1402779817581177,88000
1998-10-07,1.3046875,1.3515625,1.265625,1.265625,1.1332820653915403,211200
1998-10-08,1.2734375,1.296875,1.265625,1.265625,1.1332820653915403,396800
1998-10-09,1.3046875,1.3046875,1.27734375,1.296875,1.1612640619277954,147200
1998-10-12,1.296875,1.3046875,1.2734375,1.296875,1.1612640619277954,1033600
1998-10-13,1.2890625,1.3125,1.203125,1.21875,1.0913089513778689,408000
1998-10-14,1.21875,1.25,1.21484375,1.25,1.119291067123413,131200
1998-10-15,1.28125,1.4609375,1.248046875,1.4609375,1.3081715106964111,380800
1998-10-16,1.40625,1.453125,1.40625,1.4375,1.287184476852417,163200
1998-10-19,1.421875,1.5,1.421875,1.5,1.343149185180664,289600
1998-10-20,1.5,1.53125,1.4453125,1.46875,1.3151671886444092,328000
1998-10-21,1.44921875,1.453125,1.42578125,1.42578125,1.2766915559768677,236800
1998-10-22,1.46875,1.5625,1.46875,1.5,1.343149185180664,1065600
1998-10-23,1.5,1.5625,1.5,1.5,1.343149185180664,124800
1998-10-26,1.5546875,1.5546875,1.5,1.515625,1.3571405410766602,406400
1998-10-27,1.5625,1.625,1.5234375,1.59375,1.4270961284637451,651200
1998-10-28,1.59375,1.6015625,1.5546875,1.6015625,1.434091567993164,729600
1998-10-29,1.59375,1.625,1.5625,1.5859375,1.4201006889343262,923200
1998-10-30,1.6015625,1.6015625,1.546875,1.546875,1.3851226568222046,68800
1998-11-02,1.546875,1.55859375,1.4453125,1.4765625,1.3221629858016968,284800
1998-11-03,1.453125,1.578125,1.453125,1.5625,1.3991142511367798,1206400
1998-11-04,1.5625,1.5625,1.52734375,1.52734375,1.3676339387893677,396800
1998-11-05,1.5234375,1.53125,1.453125,1.46875,1.3151671886444092,161600
1998-11-06,1.4921875,1.59375,1.4921875,1.59375,1.4270961284637451,390400
1998-11-09,1.59375,1.59375,1.578125,1.59375,1.4270961284637451,368000
1998-11-10,1.578125,1.609375,1.546875,1.5703125,1.4061095714569092,185600
1998-11-11,1.609375,1.609375,1.546875,1.59375,1.4270961284637451,17600
1998-11-12,1.53125,1.53125,1.53125,1.53125,1.3711315393447876,27200
1998-11-13,1.53125,1.61328125,1.4765625,1.5,1.343149185180664,284800
1998-11-16,1.5625,1.5859375,1.5625,1.5859375,1.4201006889343262,48000
1998-11-17,1.5859375,1.59375,1.5703125,1.59375,1.4270961284637451,35200
1998-11-18,1.59375,1.59375,1.5859375,1.59375,1.4270961284637451,256000
1998-11-19,1.609375,1.6875,1.5625,1.6875,1.5110429525375366,387200
1998-11-20,1.59375,1.6875,1.59375,1.609375,1.441086769104004,337600
1998-11-23,1.6015625,1.625,1.6015625,1.6015625,1.434091567993164,257600
1998-11-24,1.6171875,1.671875,1.6171875,1.6484375,1.4760655164718628,320000
1998-11-25,1.640625,1.6484375,1.6328125,1.6328125,1.4620742797851562,192000
1998-11-27,1.625,1.671875,1.625,1.671875,1.4970518350601196,9600
1998-11-30,1.609375,1.640625,1.5859375,1.640625,1.4690696001052856,52800
1998-12-01,1.61328125,1.640625,1.5859375,1.59375,1.4270961284637451,107200
1998-12-02,1.59375,1.59375,1.58203125,1.58203125,1.4166027307510376,152000
1998-12-03,1.5859375,1.5859375,1.53125,1.56640625,1.4026118516921997,54400
1998-12-04,1.546875,1.5703125,1.453125,1.5703125,1.4061095714569092,1081600
1998-12-07,1.5703125,1.5703125,1.515625,1.515625,1.3571405410766602,873600
1998-12-08,1.53125,1.53125,1.53125,1.53125,1.3711315393447876,9600
1998-12-09,1.5546875,1.5546875,1.5546875,1.5546875,1.3921184539794922,3200
1998-12-10,1.4921875,1.5,1.3046875,1.3046875,1.168259859085083,139200
1998-12-11,1.375,1.453125,1.3359375,1.359375,1.2172290086746216,235200
1998-12-14,1.359375,1.359375,1.171875,1.25,1.119291067123413,448000
1998-12-15,1.2734375,1.2734375,1.21875,1.265625,1.1332820653915403,166400
1998-12-16,1.25,1.25,1.21875,1.25,1.119291067123413,241600
1998-12-17,1.21875,1.40625,1.21875,1.40625,1.2592027187347412,171200
1998-12-18,1.421875,1.46875,1.34375,1.43359375,1.2836872339248655,124800
1998-12-21,1.390625,1.421875,1.390625,1.390625,1.245211482048035,59200
1998-12-22,1.375,1.43359375,1.3125,1.3125,1.175255537033081,132800
1998-12-23,1.2890625,1.40625,1.2890625,1.34375,1.203238010406494,73600
1998-12-24,1.390625,1.390625,1.33984375,1.341796875,1.201488971710205,24000
1998-12-28,1.40625,1.4375,1.2890625,1.421875,1.2731937170028689,566400
1998-12-29,1.40625,1.5390625,1.375,1.4453125,1.2941805124282837,316800
1998-12-30,1.4375,1.4375,1.4375,1.4375,1.287184476852417,1600
1998-12-31,1.5078125,1.51171875,1.46875,1.5,1.343149185180664,409600
1999-01-04,1.53125,1.53125,1.3046875,1.3125,1.175255537033081,427200
1999-01-05,1.3125,1.3984375,1.3125,1.390625,1.245211482048035,361600
1999-01-06,1.3984375,1.5,1.390625,1.46875,1.3151671886444092,259200
1999-01-07,1.4921875,1.5,1.4140625,1.4296875,1.2801891565322876,715200
1999-01-08,1.4140625,1.484375,1.4140625,1.44921875,1.2976783514022827,443200
1999-01-11,1.43359375,1.5078125,1.43359375,1.5,1.343149185180664,753600
1999-01-12,1.46875,1.53125,1.46875,1.4921875,1.336153507232666,104000
1999-01-13,1.4921875,1.5,1.46875,1.46875,1.3151671886444092,238400
1999-01-14,1.46875,1.46875,1.46875,1.46875,1.3151671886444092,36800
1999-01-15,1.4921875,1.53125,1.48046875,1.53125,1.3711315393447876,217600
1999-01-19,1.5,1.625,1.5,1.625,1.4550784826278689,44800
1999-01-20,1.59375,1.640625,1.5859375,1.625,1.4550784826278689,344000
1999-01-21,1.625,1.72265625,1.609375,1.625,1.4550784826278689,1489600
1999-01-22,1.625,1.6328125,1.6015625,1.6015625,1.434091567993164,1758400
1999-01-25,1.65625,1.671875,1.609375,1.65625,1.483060598373413,204800
1999-01-26,1.65625,1.671875,1.640625,1.64453125,1.4725680351257324,307200
1999-01-27,1.65625,1.65625,1.625,1.6328125,1.4620742797851562,779200
1999-01-28,1.62890625,1.6953125,1.62890625,1.6953125,1.5180388689041138,302400
1999-01-29,1.703125,1.71875,1.65625,1.71875,1.539025068283081,132800
1999-02-01,1.71875,1.734375,1.6640625,1.671875,1.4970518350601196,2529600
1999-02-02,1.6484375,1.6875,1.6015625,1.625,1.4550784826278689,520000
1999-02-03,1.640625,1.6484375,1.625,1.6484375,1.4760655164718628,57600
1999-02-04,1.671875,1.671875,1.6484375,1.6484375,1.4760655164718628,32000
1999-02-05,1.6484375,1.671875,1.5859375,1.609375,1.441086769104004,35200
1999-02-08,1.5859375,1.6875,1.5859375,1.65625,1.483060598373413,1110400
1999-02-09,1.6640625,1.6640625,1.625,1.65625,1.483060598373413,4947200
1999-02-10,1.640625,1.640625,1.625,1.640625,1.4690696001052856,512000
1999-02-11,1.640625,1.67578125,1.5859375,1.6171875,1.4480831623077393,675200
1999-02-12,1.625,1.6328125,1.5625,1.5625,1.3991142511367798,475200
1999-02-16,1.6328125,1.640625,1.625,1.640625,1.4690696001052856,32000
1999-02-17,1.640625,1.640625,1.640625,1.640625,1.4690696001052856,0
1999-02-18,1.6640625,1.671875,1.640625,1.6640625,1.4900562763214111,652800
1999-02-19,1.671875,1.71875,1.65625,1.71875,1.539025068283081,60800
1999-02-22,1.71875,1.875,1.71875,1.828125,1.6369630098342896,1662400
1999-02-23,1.8359375,1.890625,1.828125,1.828125,1.6369630098342896,1376000
1999-02-24,1.859375,1.859375,1.75,1.75,1.567007303237915,144000
1999-02-25,1.734375,1.7421875,1.7265625,1.7421875,1.5600121021270752,22400
1999-02-26,1.796875,1.796875,1.7265625,1.7265625,1.5460209846496582,147200
1999-03-01,1.7265625,1.7265625,1.6484375,1.7109375,1.5320297479629517,198400
1999-03-02,1.7109375,1.7109375,1.671875,1.671875,1.4970518350601196,3200
1999-03-03,1.6484375,1.6484375,1.5625,1.5625,1.3991142511367798,425600
1999-03-04,1.5625,1.5625,1.53125,1.53515625,1.3746294975280762,163200
1999-03-05,1.609375,1.609375,1.5546875,1.5546875,1.3921184539794922,32000
1999-03-08,1.609375,1.65625,1.5625,1.58203125,1.4166027307510376,363200
1999-03-09,1.57421875,1.5859375,1.5625,1.5703125,1.4061095714569092,272000
1999-03-10,1.55078125,1.55078125,1.5390625,1.5390625,1.3781269788742063,6400
1999-03-11,1.546875,1.59375,1.546875,1.546875,1.3851226568222046,604800
1999-03-12,1.546875,1.5625,1.546875,1.55859375,1.3956161737442017,177600
1999-03-15,1.5625,1.5625,1.5546875,1.5625,1.3991142511367798,419200
1999-03-16,1.59375,1.609375,1.5859375,1.609375,1.441086769104004,118400
1999-03-17,1.65625,1.734375,1.640625,1.6875,1.5110429525375366,88000
1999-03-18,1.7265625,1.828125,1.5390625,1.5859375,1.4201006889343262,1520000
1999-03-19,1.56640625,1.625,1.5625,1.625,1.4550784826278689,52800
1999-03-22,1.6796875,1.734375,1.6640625,1.6640625,1.4900562763214111,179200
1999-03-23,1.6640625,1.6640625,1.6640625,1.6640625,1.4900562763214111,273600
1999-03-24,1.6640625,1.6640625,1.5625,1.6015625,1.434091567993164,166400
1999-03-25,1.6171875,1.6484375,1.609375,1.609375,1.441086769104004,163200
1999-03-26,1.625,1.625,1.515625,1.5625,1.3991142511367798,195200
1999-03-29,1.5703125,1.578125,1.5625,1.5625,1.3991142511367798,155200
1999-03-30,1.609375,1.61328125,1.5859375,1.5859375,1.4201006889343262,254400
1999-03-31,1.640625,1.640625,1.5859375,1.59765625,1.4305942058563232,742400
1999-04-01,1.6015625,1.6015625,1.59375,1.6015625,1.434091567993164,267200
1999-04-05,1.59765625,1.625,1.59375,1.62109375,1.4515806436538696,1814400
1999-04-06,1.6171875,1.6328125,1.6171875,1.625,1.4550784826278689,174400
1999-04-07,1.6328125,1.671875,1.625,1.65625,1.483060598373413,1955200
1999-04-08,1.671875,1.6875,1.65625,1.6875,1.5110429525375366,921600
1999-04-09,1.6875,1.6875,1.6640625,1.6640625,1.4900562763214111,6400
1999-04-12,1.6796875,1.6796875,1.62890625,1.62890625,1.4585760831832886,958400
1999-04-13,1.6796875,1.734375,1.625,1.65625,1.483060598373413,1518400
1999-04-14,1.59375,1.6015625,1.578125,1.59375,1.4270961284637451,376000
1999-04-15,1.59375,1.59375,1.59375,1.59375,1.4270961284637451,228800
1999-04-16,1.59375,1.609375,1.59375,1.59375,1.4270961284637451,1916800
1999-04-19,1.609375,1.625,1.59375,1.59375,1.4270961284637451,75200
1999-04-20,1.625,1.625,1.625,1.625,1.4550784826278689,169600
1999-04-21,1.65625,1.71875,1.625,1.703125,1.5250340700149536,57600
1999-04-22,1.703125,1.7890625,1.703125,1.7890625,1.6019850969314575,4408000
1999-04-23,1.8125,1.875,1.8125,1.8203125,1.6299676895141602,321600
1999-04-26,1.8203125,1.828125,1.7734375,1.7734375,1.5879939794540403,352000
1999-04-27,1.8125,1.8125,1.75,1.75,1.567007303237915,14400
1999-04-28,1.75,1.765625,1.71875,1.7421875,1.5600121021270752,86400
1999-04-29,1.7265625,1.734375,1.7265625,1.7265625,1.5460209846496582,467200
1999-04-30,1.734375,1.7421875,1.71875,1.71875,1.539025068283081,62400
1999-05-03,1.75,1.7734375,1.71875,1.7578125,1.5740028619766235,2300800
1999-05-04,1.7578125,1.78125,1.7578125,1.765625,1.5809986591339111,1761600
1999-05-05,1.7421875,1.78125,1.7421875,1.76171875,1.5775010585784912,1496000
1999-05-06,1.796875,1.796875,1.75390625,1.75390625,1.5705052614212036,560000
1999-05-07,1.75,1.775390625,1.75,1.75,1.567007303237915,1236800
1999-05-10,1.765625,1.765625,1.75,1.7578125,1.5740028619766235,40000
1999-05-11,1.75,1.765625,1.75,1.75390625,1.5705052614212036,179200
1999-05-12,1.75,1.85546875,1.75,1.84765625,1.6544524431228638,448000
1999-05-13,1.828125,1.85546875,1.828125,1.84375,1.6509544849395752,307200
1999-05-14,1.85546875,1.85546875,1.83203125,1.83203125,1.640460729598999,195200
1999-05-17,1.828125,1.849609375,1.8125,1.828125,1.6369630098342896,142400
1999-05-18,1.8203125,1.8203125,1.78515625,1.794921875,1.6072320938110352,28800
1999-05-19,1.81640625,1.8203125,1.7890625,1.8203125,1.6299676895141602,148800
1999-05-20,1.8125,1.8203125,1.8125,1.8203125,1.6299676895141602,369600
1999-05-21,1.828125,1.828125,1.7890625,1.8046875,1.6159764528274536,403200
1999-05-24,1.8046875,1.8125,1.796875,1.8076171875,1.6186002492904663,192000
1999-05-25,1.8046875,1.8046875,1.7890625,1.8046875,1.6159764528274536,1446400
1999-05-26,1.7890625,1.79296875,1.78125,1.79296875,1.6054834127426147,16000
1999-05-27,1.796875,1.8046875,1.78125,1.7822265625,1.595864176750183,248000
1999-05-28,1.7890625,1.875,1.76953125,1.859375,1.6649457216262815,614400
1999-06-01,1.859375,1.859375,1.78125,1.78125,1.5949896574020386,174400
1999-06-02,1.71875,1.7265625,1.625,1.625,1.4550784826278689,2300800
1999-06-03,1.64453125,1.734375,1.64453125,1.734375,1.5530165433883667,1248000
1999-06-04,1.734375,1.90625,1.7265625,1.8515625,1.6579501628875732,809600
1999-06-07,1.8515625,1.8515625,1.734375,1.734375,1.5530165433883667,576000
1999-06-08,1.78125,1.796875,1.734375,1.779296875,1.5932408571243286,257600
1999-06-09,1.734375,1.8125,1.71875,1.734375,1.5530165433883667,131200
1999-06-10,1.75,1.78125,1.732421875,1.734375,1.5530165433883667,190400
1999-06-11,1.736328125,1.75390625,1.7109375,1.7109375,1.5320297479629517,105600
1999-06-14,1.71484375,1.71484375,1.71484375,1.71484375,1.5355278253555298,11200
1999-06-15,1.703125,1.7109375,1.65625,1.68359375,1.5075451135635376,262400
1999-06-16,1.71875,1.734375,1.71875,1.734375,1.5530165433883667,32000
1999-06-17,1.6875,1.71875,1.66796875,1.6796875,1.5040470361709597,563200
1999-06-18,1.6875,1.701171875,1.67578125,1.685546875,1.5092942714691162,115200
1999-06-21,1.69140625,1.71875,1.65625,1.71875,1.539025068283081,337600
1999-06-22,1.6796875,1.70703125,1.671875,1.6875,1.5110429525375366,203200
1999-06-23,1.6796875,1.6796875,1.5625,1.6015625,1.434091567993164,110400
1999-06-24,1.59375,1.625,1.5625,1.6171875,1.4480831623077393,1500800
1999-06-25,1.6015625,1.65625,1.5859375,1.6171875,1.4480831623077393,35200
1999-06-28,1.625,1.6875,1.625,1.6796875,1.5040470361709597,134400
1999-06-29,1.69140625,1.7265625,1.640625,1.68359375,1.5075451135635376,662400
1999-06-30,1.71875,1.7890625,1.6875,1.70703125,1.528531789779663,1782400
1999-07-01,1.7421875,1.7421875,1.62109375,1.6484375,1.4760655164718628,641600
1999-07-02,1.65625,1.671875,1.6171875,1.6171875,1.4480831623077393,1803200
1999-07-06,1.640625,1.640625,1.609375,1.609375,1.441086769104004,233600
1999-07-07,1.60546875,1.6171875,1.4921875,1.4921875,1.336153507232666,548800
1999-07-08,1.5546875,1.5546875,1.484375,1.484375,1.329158067703247,3403200
1999-07-09,1.49609375,1.5,1.4375,1.46875,1.3151671886444092,1052800
1999-07-12,1.484375,1.484375,1.390625,1.4140625,1.2661980390548706,750400
1999-07-13,1.40625,1.40625,1.28125,1.37109375,1.2277225255966189,1942400
1999-07-14,1.375,1.5703125,1.37109375,1.5234375,1.364135980606079,2065600
1999-07-15,1.5390625,1.671875,1.52734375,1.65234375,1.479562759399414,1000000
1999-07-16,1.6640625,1.7421875,1.6484375,1.66015625,1.486558437347412,588800
1999-07-19,1.6953125,1.75,1.62890625,1.640625,1.4690696001052856,1008000
1999-07-20,1.640625,1.65625,1.6328125,1.65625,1.483060598373413,625600
1999-07-21,1.65625,1.65625,1.63671875,1.6484375,1.4760655164718628,217600
1999-07-22,1.63671875,1.640625,1.1875,1.1875,1.0633265972137451,7982400
1999-07-23,1.2578125,1.2734375,1.2109375,1.21875,1.0913089513778689,4864000
1999-07-26,1.234375,1.234375,1.09765625,1.2109375,1.084313154220581,2620800
1999-07-27,1.22265625,1.22265625,1.15625,1.1796875,1.0563308000564575,4875200
1999-07-28,1.21875,1.2265625,1.171875,1.19921875,1.073819875717163,1468800
1999-07-29,1.20703125,1.2265625,1.1796875,1.2109375,1.084313154220581,3121600
1999-07-30,1.2265625,1.2265625,1.21484375,1.21875,1.0913089513778689,640000
1999-08-02,1.22265625,1.22265625,1.2109375,1.21875,1.0913089513778689,777600
1999-08-03,1.22265625,1.22265625,1.203125,1.203125,1.077317714691162,1310400
1999-08-04,1.1953125,1.1953125,1.125,1.15234375,1.031846284866333,1766400
1999-08-05,1.140625,1.1640625,1.1171875,1.125,1.0073617696762085,1464000
1999-08-06,1.125,1.16015625,1.1171875,1.125,1.0073617696762085,220800
1999-08-09,1.15625,1.15625,1.109375,1.109375,0.9933712482452391,1476800
1999-08-10,1.140625,1.15625,1.125,1.14453125,1.0248509645462036,44800
1999-08-11,1.15625,1.2265625,1.1484375,1.2265625,1.098304033279419,140800
1999-08-12,1.2265625,1.2265625,1.1796875,1.2109375,1.084313154220581,2241600
1999-08-13,1.21875,1.22265625,1.140625,1.2109375,1.084313154220581,3166400
1999-08-16,1.22265625,1.2265625,1.171875,1.22265625,1.0948065519332886,737600
1999-08-17,1.22265625,1.22265625,1.15625,1.1875,1.0633265972137451,150400
1999-08-18,1.1875,1.22265625,1.1875,1.203125,1.077317714691162,121600
1999-08-19,1.22265625,1.22265625,1.1953125,1.1953125,1.070322036743164,51200
1999-08-20,1.22265625,1.22265625,1.125,1.15625,1.0353446006774902,152000
1999-08-23,1.16015625,1.203125,1.16015625,1.1953125,1.070322036743164,579200
1999-08-24,1.21875,1.21875,1.171875,1.2109375,1.084313154220581,180800
1999-08-25,1.203125,1.20703125,1.1875,1.203125,1.077317714691162,155200
1999-08-26,1.20703125,1.21875,1.19921875,1.2109375,1.084313154220581,356800
1999-08-27,1.21875,1.2265625,1.2109375,1.2109375,1.084313154220581,350400
1999-08-30,1.2265625,1.2421875,1.189453125,1.23828125,1.1087976694107056,416000
1999-08-31,1.234375,1.2890625,1.23046875,1.2890625,1.1542688608169556,300800
1999-09-01,1.2734375,1.328125,1.2734375,1.328125,1.1892467737197876,216000
1999-09-02,1.34375,1.3984375,1.3125,1.3984375,1.2522070407867432,315200
1999-09-03,1.41796875,1.4375,1.375,1.390625,1.245211482048035,1988800
1999-09-07,1.375,1.3984375,1.34375,1.34375,1.203238010406494,196800
1999-09-08,1.34375,1.390625,1.34375,1.35546875,1.213731288909912,52800
1999-09-09,1.3515625,1.390625,1.34375,1.34375,1.203238010406494,166400
1999-09-10,1.34375,1.34375,1.28125,1.28125,1.1472731828689575,52800
1999-09-13,1.296875,1.3125,1.1875,1.28125,1.1472731828689575,152000
1999-09-14,1.28125,1.28125,1.234375,1.25,1.119291067123413,60800
1999-09-15,1.28125,1.296875,1.25,1.25,1.119291067123413,99200
1999-09-16,1.234375,1.234375,1.1875,1.21875,1.0913089513778689,76800
1999-09-17,1.21875,1.2578125,1.216796875,1.2421875,1.1122959852218628,134400
1999-09-20,1.2421875,1.2421875,1.21875,1.21875,1.0913089513778689,22400
1999-09-21,1.21875,1.234375,1.2109375,1.2109375,1.084313154220581,20800
1999-09-22,1.2265625,1.2265625,1.2109375,1.2109375,1.084313154220581,99200
1999-09-23,1.21484375,1.21484375,1.20703125,1.20703125,1.080815672874451,107200
1999-09-24,1.21875,1.21875,1.1875,1.189453125,1.0650755167007446,153600
1999-09-27,1.1953125,1.1953125,1.140625,1.17578125,1.052832841873169,854400
1999-09-28,1.140625,1.1796875,1.125,1.1796875,1.0563308000564575,158400
1999-09-29,1.1875,1.1875,1.15625,1.1875,1.0633265972137451,153600
1999-09-30,1.1953125,1.1953125,1.125,1.1875,1.0633265972137451,102400
1999-10-01,1.171875,1.171875,1.1328125,1.171875,1.0493353605270386,193600
1999-10-04,1.1875,1.1875,1.171875,1.1796875,1.0563308000564575,403200
1999-10-05,1.171875,1.1796875,1.171875,1.171875,1.0493353605270386,192000
1999-10-06,1.1796875,1.1796875,1.078125,1.1484375,1.028348445892334,6046400
1999-10-07,1.1328125,1.1484375,1.078125,1.091796875,0.9776310324668884,126400
1999-10-08,1.125,1.125,1.078125,1.109375,0.9933712482452391,281600
1999-10-11,1.109375,1.125,1.078125,1.0859375,0.9723844528198242,116800
1999-10-12,1.078125,1.1171875,1.078125,1.078125,0.9653887152671814,56000
1999-10-13,1.1015625,1.1015625,1.08984375,1.08984375,0.9758816361427308,40000
1999-10-14,1.09375,1.1015625,1.078125,1.078125,0.9653887152671814,208000
1999-10-15,1.06640625,1.078125,1.046875,1.0703125,0.9583929777145386,148800
1999-10-18,1.03125,1.0625,1.03125,1.03125,0.9234151244163512,83200
1999-10-19,1.03125,1.0625,1.03125,1.0546875,0.9444018602371216,30400
1999-10-20,1.0546875,1.0546875,1.0078125,1.03125,0.9234151244163512,276800
1999-10-21,1.03125,1.08984375,1.03125,1.0859375,0.9723844528198242,172800
1999-10-22,1.09375,1.09375,1.08203125,1.0859375,0.9723844528198242,648000
1999-10-25,1.09375,1.09375,1.015625,1.0234375,0.9164194464683532,993600
1999-10-26,1.0546875,1.078125,1.02734375,1.0703125,0.9583929777145386,1536000
1999-10-27,1.078125,1.1015625,1.078125,1.1015625,0.9863752722740172,4272000
1999-10-28,1.1015625,1.1875,1.09765625,1.1640625,1.04233980178833,708800
1999-10-29,1.1875,1.25,1.171875,1.25,1.119291067123413,332800
1999-11-01,1.2109375,1.25,1.1953125,1.25,1.119291067123413,208000
1999-11-02,1.1875,1.234375,1.1875,1.234375,1.1053000688552856,92800
1999-11-03,1.234375,1.3046875,1.234375,1.3046875,1.168259859085083,243200
1999-11-04,1.29296875,1.3046875,1.21875,1.2421875,1.1122959852218628,536000
1999-11-05,1.22265625,1.234375,1.1875,1.1875,1.0633265972137451,176000
1999-11-08,1.2109375,1.2109375,1.189453125,1.19140625,1.0668243169784546,478400
1999-11-09,1.19140625,1.203125,1.087890625,1.1171875,1.000366449356079,259200
1999-11-10,1.1171875,1.14453125,1.078125,1.125,1.0073617696762085,446400
1999-11-11,1.15625,1.15625,1.1328125,1.13671875,1.017855525016785,25600
1999-11-12,1.1171875,1.140625,1.1171875,1.125,1.0073617696762085,126400
1999-11-15,1.171875,1.21875,1.171875,1.21875,1.0913089513778689,121600
1999-11-16,1.171875,1.234375,1.171875,1.203125,1.077317714691162,128000
1999-11-17,1.1953125,1.21875,1.109375,1.16015625,1.0388423204421997,233600
1999-11-18,1.16015625,1.16015625,1.1328125,1.1484375,1.028348445892334,248000
1999-11-19,1.1484375,1.1484375,1.1171875,1.1171875,1.000366449356079,910400
1999-11-22,1.1171875,1.1328125,1.0625,1.08984375,0.9758816361427308,2200000
1999-11-23,1.078125,1.125,1.0703125,1.07421875,0.9618908166885376,97600
1999-11-24,1.07421875,1.078125,1.0625,1.07421875,0.9618908166885376,1988800
1999-11-26,1.0625,1.078125,1.0625,1.078125,0.9653887152671814,1057600
1999-11-29,1.0859375,1.09765625,1.078125,1.078125,0.9653887152671814,696000
1999-11-30,1.078125,1.09765625,1.046875,1.05859375,0.9478997588157654,558400
1999-12-01,1.0625,1.078125,1.046875,1.0546875,0.9444018602371216,371200
1999-12-02,1.0546875,1.0703125,0.875,0.95703125,0.8569573163986206,1692800
1999-12-03,0.9765625,1.0546875,0.96484375,0.984375,0.8814417719841003,1566400
1999-12-06,1.0,1.0078125,0.953125,0.953125,0.8534595966339111,638400
1999-12-07,0.8203125,0.8828125,0.796875,0.86328125,0.7730104923248291,6051200
1999-12-08,0.859375,0.8828125,0.859375,0.8671875,0.7765082716941833,641600
1999-12-09,0.8671875,0.90625,0.8671875,0.875,0.7835036516189575,1452800
1999-12-10,0.91796875,0.91796875,0.875,0.890625,0.7974948287010193,161600
1999-12-13,0.91796875,0.91796875,0.8828125,0.8984375,0.8044905066490173,361600
1999-12-14,0.91015625,0.91015625,0.875,0.890625,0.7974948287010193,636800
1999-12-15,0.8984375,0.8984375,0.86328125,0.865234375,0.7747591733932495,403200
1999-12-16,0.890625,0.8984375,0.8828125,0.890625,0.7974948287010193,483200
1999-12-17,0.8984375,0.90625,0.875,0.8828125,0.7904993295669556,348800
1999-12-20,0.890625,0.8984375,0.88671875,0.89453125,0.8009925484657288,633600
1999-12-21,0.89453125,0.89453125,0.8671875,0.890625,0.7974948287010193,1758400
1999-12-22,0.89453125,0.8984375,0.87890625,0.89453125,0.8009925484657288,1632000
1999-12-23,0.8828125,0.921875,0.8828125,0.9140625,0.8184815049171448,400000
1999-12-27,0.9296875,0.9375,0.90625,0.9296875,0.8324728608131409,944000
1999-12-28,0.93359375,0.953125,0.875,0.875,0.7835036516189575,345600
1999-12-29,0.875,0.953125,0.875,0.953125,0.8534595966339111,99200
1999-12-30,0.9375,1.0,0.9375,0.984375,0.8814417719841003,289600
1999-12-31,1.0,1.015625,0.9375,1.0,0.8954328298568726,292800
2000-01-03,1.00390625,1.015625,0.9921875,0.9921875,0.8884370923042297,131200
2000-01-04,0.984375,1.0078125,0.9609375,0.970703125,0.8691994547843933,67200
2000-01-05,1.0,1.0,0.9765625,0.9765625,0.8744461536407471,129600
2000-01-06,0.9765625,0.9765625,0.9609375,0.9609375,0.8604549765586853,188800
2000-01-07,0.9609375,0.984375,0.9375,0.984375,0.8814417719841003,116800
2000-01-10,0.9375,0.984375,0.9375,0.9375,0.8394685387611389,19200
2000-01-11,0.984375,1.0,0.9453125,0.9453125,0.8464639782905579,86400
2000-01-12,0.96875,1.0,0.96875,1.0,0.8954328298568726,60800
2000-01-13,1.0,1.015625,0.984375,0.984375,0.8814417719841003,156800
2000-01-14,0.98828125,1.015625,0.98828125,1.015625,0.9094239473342896,340800
2000-01-18,1.0078125,1.015625,0.99609375,1.00390625,0.8989307284355164,156800
2000-01-19,1.00390625,1.00390625,0.94921875,0.958984375,0.858705997467041,241600
2000-01-20,0.94921875,1.0078125,0.94921875,0.984375,0.8814417719841003,300800
2000-01-21,0.98046875,0.984375,0.94921875,0.953125,0.8534595966339111,275200
2000-01-24,0.953125,0.984375,0.92578125,0.92578125,0.8289750814437866,326400
2000-01-25,0.9765625,0.9765625,0.9140625,0.9140625,0.8184815049171448,2587200
2000-01-26,0.9296875,0.9375,0.9296875,0.9375,0.8394685387611389,233600
2000-01-27,0.958984375,1.09375,0.94921875,1.06640625,0.9548952579498292,817600
2000-01-28,1.078125,1.078125,1.0078125,1.03125,0.9234151244163512,504000
2000-01-31,1.0546875,1.171875,1.046875,1.125,1.0073617696762085,982400
2000-02-01,1.0859375,1.109375,1.0859375,1.1015625,0.9863752722740172,97600
2000-02-02,1.10546875,1.109375,0.94921875,1.0078125,0.9024284482002258,1073600
2000-02-03,1.0,1.015625,0.97265625,0.9921875,0.8884370923042297,572800
2000-02-04,1.015625,1.015625,1.00390625,1.015625,0.9094239473342896,388800
2000-02-07,1.015625,1.0703125,0.9921875,1.0703125,0.9583929777145386,126400
2000-02-08,1.05078125,1.1015625,1.0234375,1.07421875,0.9618908166885376,75200
2000-02-09,1.1015625,1.1015625,1.046875,1.0703125,0.9583929777145386,147200
2000-02-10,1.12890625,1.140625,1.09375,1.09375,0.9793795943260192,454400
2000-02-11,1.09375,1.15625,1.08203125,1.109375,0.9933712482452391,331200
2000-02-14,1.125,1.125,1.03125,1.046875,0.937406361103058,220800
2000-02-15,1.0390625,1.078125,1.0390625,1.0390625,0.9304107427597046,1006400
2000-02-16,1.046875,1.078125,1.0390625,1.0390625,0.9304107427597046,2041600
2000-02-17,1.03125,1.0625,1.0234375,1.046875,0.937406361103058,662400
2000-02-18,1.0234375,1.0859375,1.0234375,1.03125,0.9234151244163512,793600
2000-02-22,1.0234375,1.04296875,1.0234375,1.03125,0.9234151244163512,201600
2000-02-23,1.03125,1.03515625,1.0078125,1.015625,0.9094239473342896,204800
2000-02-24,1.0,1.046875,1.0,1.0234375,0.9164194464683532,476800
2000-02-25,1.0390625,1.0546875,1.015625,1.0546875,0.9444018602371216,374400
2000-02-28,1.0859375,1.109375,1.03125,1.0859375,0.9723844528198242,121600
2000-02-29,1.0859375,1.125,1.0859375,1.125,1.0073617696762085,244800
2000-03-01,1.125,1.21875,1.109375,1.1796875,1.0563308000564575,329600
2000-03-02,1.1484375,1.1796875,1.125,1.125,1.0073617696762085,48000
2000-03-03,1.1796875,1.1875,1.109375,1.109375,0.9933712482452391,307200
2000-03-06,1.125,1.1640625,1.109375,1.140625,1.0213533639907837,52800
2000-03-07,1.125,1.140625,1.09765625,1.09765625,0.982877254486084,124800
2000-03-08,1.1015625,1.125,1.09375,1.109375,0.9933712482452391,449600
2000-03-09,1.109375,1.125,1.0625,1.0859375,0.9723844528198242,401600
2000-03-10,1.0546875,1.109375,1.0546875,1.109375,0.9933712482452391,46400
2000-03-13,1.04296875,1.12890625,1.04296875,1.12890625,1.0108599662780762,36800
2000-03-14,1.04296875,1.11328125,1.03125,1.0703125,0.9583929777145386,123200
2000-03-15,1.0703125,1.1875,1.0,1.125,1.0073617696762085,998400
2000-03-16,1.1640625,1.2109375,1.1171875,1.20703125,1.080815672874451,329600
2000-03-17,1.17578125,1.203125,1.125,1.171875,1.0493353605270386,137600
2000-03-20,1.171875,1.203125,1.15234375,1.203125,1.077317714691162,408000
2000-03-21,1.171875,1.2421875,1.16015625,1.234375,1.1053000688552856,112000
2000-03-22,1.203125,1.26953125,1.203125,1.25,1.119291067123413,313600
2000-03-23,1.24609375,1.27734375,1.234375,1.27734375,1.143775463104248,70400
2000-03-24,1.240234375,1.2734375,1.1953125,1.2109375,1.084313154220581,776000
2000-03-27,1.1953125,1.28125,1.1953125,1.2109375,1.084313154220581,393600
2000-03-28,1.21875,1.265625,1.1953125,1.23046875,1.101802110671997,118400
2000-03-29,1.20703125,1.21875,1.1875,1.21875,1.0913089513778689,710400
2000-03-30,1.228515625,1.28125,1.2109375,1.25,1.119291067123413,169600
2000-03-31,1.265625,1.3125,1.2578125,1.28125,1.1472731828689575,217600
2000-04-03,1.296875,1.34375,1.28125,1.28125,1.1472731828689575,83200
2000-04-04,1.328125,1.328125,1.2734375,1.28515625,1.1507712602615356,827200
2000-04-05,1.3125,1.31640625,1.2578125,1.2890625,1.1542688608169556,352000
2000-04-06,1.3125,1.3125,1.234375,1.296875,1.1612640619277954,534400
2000-04-07,1.296875,1.3359375,1.296875,1.3359375,1.1962424516677856,248000
2000-04-10,1.3125,1.3125,1.27734375,1.28515625,1.1507712602615356,54400
2000-04-11,1.3203125,1.359375,1.3046875,1.359375,1.2172290086746216,324800
2000-04-12,1.359375,1.3671875,1.3359375,1.3359375,1.1962424516677856,51200
2000-04-13,1.34375,1.375,1.234375,1.234375,1.1053000688552856,857600
2000-04-14,1.2265625,1.234375,1.1875,1.234375,1.1053000688552856,43200
2000-04-17,1.1875,1.234375,1.1875,1.1875,1.0633265972137451,368000
2000-04-18,1.21875,1.25,1.21875,1.25,1.119291067123413,121600
2000-04-19,1.2109375,1.2109375,1.2109375,1.2109375,1.084313154220581,32000
2000-04-20,1.25,1.25,1.2109375,1.21875,1.0913089513778689,105600
2000-04-24,1.21875,1.21875,1.1796875,1.1953125,1.070322036743164,38400
2000-04-25,1.203125,1.21875,1.171875,1.21875,1.0913089513778689,67200
2000-04-26,1.23828125,1.25390625,1.23828125,1.25,1.119291067123413,504000
2000-04-27,1.24609375,1.24609375,1.24609375,1.24609375,1.1157933473587036,8000
2000-04-28,1.2421875,1.24609375,1.0,1.03125,0.9234151244163512,432000
2000-05-01,1.0625,1.1171875,1.03125,1.0546875,0.9444018602371216,400000
2000-05-02,1.0625,1.125,1.05859375,1.05859375,0.9478997588157654,313600
2000-05-03,1.0625,1.0625,1.02734375,1.05859375,0.9478997588157654,393600
2000-05-04,1.0625,1.125,1.0625,1.125,1.0073617696762085,76800
2000-05-05,1.166015625,1.1796875,1.15234375,1.1796875,1.0563308000564575,184000
2000-05-08,1.1640625,1.1640625,1.1640625,1.1640625,1.04233980178833,11200
2000-05-09,1.16015625,1.17578125,1.13671875,1.17578125,1.052832841873169,227200
2000-05-10,1.162109375,1.162109375,1.109375,1.125,1.0073617696762085,52800
2000-05-11,1.11328125,1.125,1.09765625,1.09765625,0.982877254486084,73600
2000-05-12,1.125,1.125,1.0859375,1.09375,0.9793795943260192,80000
2000-05-15,1.103515625,1.125,1.09375,1.11328125,0.9968686699867249,182400
2000-05-16,1.12109375,1.15234375,1.12109375,1.125,1.0073617696762085,137600
2000-05-17,1.1484375,1.1484375,1.09765625,1.09765625,0.982877254486084,134400
2000-05-18,1.11328125,1.125,1.0859375,1.0859375,0.9723844528198242,416000
2000-05-19,1.0859375,1.0859375,1.0,1.01953125,0.9129219651222228,924800
2000-05-22,1.03515625,1.05859375,1.03515625,1.05078125,0.9409038424491882,395200
2000-05-23,1.048828125,1.109375,1.03515625,1.0546875,0.9444018602371216,324800
2000-05-24,1.03125,1.046875,1.03125,1.03125,0.9234151244163512,179200
2000-05-25,1.046875,1.046875,0.921875,0.9765625,0.8744461536407471,252800
2000-05-26,0.984375,1.03125,0.94921875,1.03125,0.9234151244163512,89600
2000-05-30,1.0546875,1.0546875,1.0078125,1.0234375,0.9164194464683532,65600
2000-05-31,1.015625,1.015625,0.9453125,0.9453125,0.8464639782905579,188800
2000-06-01,0.9453125,0.96875,0.87890625,0.94140625,0.8429661393165588,225600
2000-06-02,0.953125,0.953125,0.9453125,0.947265625,0.8482128381729126,81600
2000-06-05,0.96875,0.9765625,0.9609375,0.96875,0.8674505949020386,646400
2000-06-06,0.990234375,1.015625,0.984375,0.9921875,0.8884370923042297,164800
2000-06-07,1.0,1.015625,0.984375,0.99609375,0.8919349908828735,75200
2000-06-08,1.0,1.0,0.9765625,0.9765625,0.8744461536407471,145600
2000-06-09,0.98046875,0.98046875,0.875,0.91796875,0.8219794034957886,478400
2000-06-12,0.921875,0.921875,0.90625,0.90625,0.811486005783081,313600
2000-06-13,0.90625,0.9140625,0.90625,0.91015625,0.8149838447570801,89600
2000-06-14,0.9140625,0.9375,0.875,0.9375,0.8394685387611389,238400
2000-06-15,0.9375,0.9375,0.83203125,0.859375,0.7695125341415405,952000
2000-06-16,0.849609375,0.90625,0.84375,0.88671875,0.7939969897270203,374400
2000-06-19,0.892578125,0.89453125,0.859375,0.86328125,0.7730104923248291,113600
2000-06-20,0.89453125,0.89453125,0.822265625,0.859375,0.7695125341415405,654400
2000-06-21,0.8359375,0.8671875,0.82421875,0.8671875,0.7765082716941833,355200
2000-06-22,0.875,0.890625,0.859375,0.890625,0.7974948287010193,235200
2000-06-23,0.890625,0.8984375,0.8359375,0.84765625,0.7590194344520569,459200
2000-06-26,0.83984375,0.859375,0.828125,0.8359375,0.7485259175300598,160000
2000-06-27,0.85546875,0.85546875,0.75,0.78125,0.6995571255683899,748800
2000-06-28,0.76171875,0.83984375,0.76171875,0.83203125,0.7450281381607056,568000
2000-06-29,0.828125,0.9140625,0.8203125,0.90625,0.811486005783081,1294400
2000-06-30,0.85546875,1.1171875,0.85546875,1.03515625,0.9269129037857056,2518400
2000-07-03,1.0234375,1.07421875,0.97265625,0.97265625,0.8709483742713928,398400
2000-07-05,0.97265625,0.97265625,0.890625,0.890625,0.7974948287010193,633600
2000-07-06,0.890625,0.90625,0.875,0.88671875,0.7939969897270203,433600
2000-07-07,0.875,0.88671875,0.78515625,0.84765625,0.7590194344520569,1156800
2000-07-10,0.8671875,0.8828125,0.8046875,0.875,0.7835036516189575,536000
2000-07-11,0.8828125,0.8828125,0.859375,0.875,0.7835036516189575,788800
2000-07-12,0.896484375,0.921875,0.89453125,0.90625,0.811486005783081,651200
2000-07-13,0.89453125,0.9296875,0.89453125,0.9296875,0.8324728608131409,1067200
2000-07-14,0.9296875,0.9375,0.92578125,0.92578125,0.8289750814437866,59200
2000-07-17,0.92578125,0.92578125,0.890625,0.890625,0.7974948287010193,100800
2000-07-18,0.875,0.9375,0.875,0.921875,0.8254772424697876,492800
2000-07-19,0.9375,0.9375,0.90625,0.90625,0.811486005783081,147200
2000-07-20,0.8984375,0.91796875,0.890625,0.90625,0.811486005783081,187200
2000-07-21,0.921875,0.921875,0.8671875,0.8671875,0.7765082716941833,97600
2000-07-24,0.88671875,0.90625,0.8671875,0.90625,0.811486005783081,299200
2000-07-25,0.90625,0.96484375,0.8984375,0.96484375,0.8639527559280396,283200
2000-07-26,0.9296875,0.96484375,0.9296875,0.9375,0.8394685387611389,209600
2000-07-27,0.94140625,0.9453125,0.921875,0.9296875,0.8324728608131409,244800
2000-07-28,0.921875,0.921875,0.90625,0.9140625,0.8184815049171448,350400
2000-07-31,0.90625,0.9140625,0.8984375,0.9140625,0.8184815049171448,30400
2000-08-01,0.89453125,0.90625,0.890625,0.890625,0.7974948287010193,40000
2000-08-02,0.90625,0.90625,0.890625,0.890625,0.7974948287010193,24000
2000-08-03,0.8984375,0.8984375,0.890625,0.8984375,0.8044905066490173,46400
2000-08-04,0.90625,0.9140625,0.890625,0.890625,0.7974948287010193,347200
2000-08-07,0.90234375,0.9140625,0.90234375,0.90234375,0.8079882264137268,16000
2000-08-08,0.9140625,0.9140625,0.890625,0.890625,0.7974948287010193,276800
2000-08-09,0.90625,0.9140625,0.890625,0.90625,0.811486005783081,548800
2000-08-10,0.890625,0.8984375,0.890625,0.8984375,0.8044905066490173,73600
2000-08-11,0.90234375,0.91015625,0.90234375,0.91015625,0.8149838447570801,33600
2000-08-14,0.90625,0.90625,0.8984375,0.8984375,0.8044905066490173,40000
2000-08-15,0.90625,0.91015625,0.90234375,0.91015625,0.8149838447570801,51200
2000-08-16,0.91015625,0.91796875,0.90625,0.90625,0.811486005783081,723200
2000-08-17,0.8984375,0.921875,0.8984375,0.90234375,0.8079882264137268,86400
2000-08-18,0.8984375,0.8984375,0.85546875,0.875,0.7835036516189575,440000
2000-08-21,0.87890625,0.8828125,0.87109375,0.87890625,0.7870014309883118,67200
2000-08-22,0.8671875,0.875,0.8671875,0.8671875,0.7765082716941833,126400
2000-08-23,0.8671875,0.87109375,0.8671875,0.87109375,0.7800060510635376,88000
2000-08-24,0.875,0.8828125,0.875,0.87890625,0.7870014309883118,48000
2000-08-25,0.875,0.875,0.859375,0.875,0.7835036516189575,140800
2000-08-28,0.859375,0.8671875,0.84375,0.84765625,0.7590194344520569,163200
2000-08-29,0.845703125,0.845703125,0.75,0.80078125,0.717045783996582,704000
2000-08-30,0.80078125,0.8203125,0.7578125,0.81640625,0.7310371398925781,371200
2000-08-31,0.80859375,0.8125,0.7890625,0.8125,0.7275392413139343,59200
2000-09-01,0.81640625,0.8203125,0.80859375,0.80859375,0.7240415811538696,1355200
2000-09-05,0.8359375,0.8359375,0.80859375,0.8359375,0.7485259175300598,19200
2000-09-06,0.8125,0.8359375,0.8125,0.8359375,0.7485259175300598,16000
2000-09-07,0.80859375,0.828125,0.80859375,0.828125,0.7415302991867065,36800
2000-09-08,0.81640625,0.8359375,0.81640625,0.8359375,0.7485259175300598,24000
2000-09-11,0.828125,0.828125,0.8046875,0.8125,0.7275392413139343,36800
2000-09-12,0.8203125,0.8203125,0.8046875,0.80859375,0.7240415811538696,96000
2000-09-13,0.80859375,0.8125,0.80859375,0.80859375,0.7240415811538696,28800
2000-09-14,0.81640625,0.84765625,0.81640625,0.84765625,0.7590194344520569,57600
2000-09-15,0.828125,0.85546875,0.80859375,0.828125,0.7415302991867065,662400
2000-09-18,0.8125,0.82421875,0.796875,0.796875,0.7135480642318726,48000
2000-09-19,0.75,0.75,0.6875,0.71484375,0.6400945782661438,1396800
2000-09-20,0.72265625,0.7265625,0.69140625,0.71875,0.6435922384262085,576000
2000-09-21,0.72265625,0.724609375,0.69140625,0.71484375,0.6400945782661438,683200
2000-09-22,0.68359375,0.6953125,0.6640625,0.671875,0.6016190052032471,1708800
2000-09-25,0.6875,0.6875,0.66796875,0.671875,0.6016190052032471,550400
2000-09-26,0.66796875,0.66796875,0.609375,0.6328125,0.5666410326957703,126400
2000-09-27,0.640625,0.65625,0.60546875,0.65625,0.5876277685165405,931200
2000-09-28,0.65625,0.68359375,0.65625,0.68359375,0.6121124029159546,763200
2000-09-29,0.6875,0.703125,0.6640625,0.6875,0.6156100630760193,1158400
2000-10-02,0.69140625,0.69140625,0.640625,0.66015625,0.5911256670951843,153600
2000-10-03,0.671875,0.671875,0.6328125,0.671875,0.6016190052032471,86400
2000-10-04,0.671875,0.671875,0.65625,0.6640625,0.5946233868598938,1764800
2000-10-05,0.65625,0.6796875,0.64453125,0.65625,0.5876277685165405,332800
2000-10-06,0.64453125,0.64453125,0.625,0.64453125,0.5771344304084778,160000
2000-10-09,0.64453125,0.6640625,0.6328125,0.6640625,0.5946233868598938,11200
2000-10-10,0.6640625,0.6640625,0.64453125,0.64453125,0.5771344304084778,32000
2000-10-11,0.658203125,0.658203125,0.6328125,0.6328125,0.5666410326957703,123200
2000-10-12,0.6328125,0.638671875,0.6171875,0.6328125,0.5666410326957703,193600
2000-10-13,0.64453125,0.64453125,0.59375,0.6328125,0.5666410326957703,619200
2000-10-16,0.625,0.625,0.5859375,0.61328125,0.5491520166397095,96000
2000-10-17,0.615234375,0.615234375,0.53125,0.5546875,0.4966856241226196,4033600
2000-10-18,0.53125,0.5546875,0.53125,0.55078125,0.4931876361370086,3804800
2000-10-19,0.55078125,0.578125,0.55078125,0.57421875,0.514174222946167,86400
2000-10-20,0.576171875,0.578125,0.5703125,0.5703125,0.5106766819953918,182400
2000-10-23,0.57421875,0.5859375,0.5625,0.5859375,0.5246676802635193,86400
2000-10-24,0.578125,0.578125,0.55859375,0.55859375,0.5001832246780396,438400
2000-10-25,0.5625,0.59375,0.55859375,0.5625,0.5036808848381042,1505600
2000-10-26,0.59375,0.59375,0.5703125,0.578125,0.5176723003387451,278400
2000-10-27,0.578125,0.578125,0.5625,0.5625,0.5036808848381042,249600
2000-10-30,0.5625,0.56640625,0.55078125,0.5546875,0.4966856241226196,60800
2000-10-31,0.5625,0.56640625,0.546875,0.56640625,0.507178783416748,206400
2000-11-01,0.560546875,0.564453125,0.5546875,0.5625,0.5036808848381042,547200
2000-11-02,0.5625,0.5625,0.52734375,0.52734375,0.4722009301185608,1963200
2000-11-03,0.53125,0.54296875,0.515625,0.54296875,0.4861922264099121,640000
2000-11-06,0.53515625,0.54296875,0.53125,0.54296875,0.4861922264099121,272000
2000-11-07,0.55078125,0.587890625,0.5390625,0.55859375,0.5001832246780396,267200
2000-11-08,0.55859375,0.55859375,0.55859375,0.55859375,0.5001832246780396,17600
2000-11-09,0.568359375,0.5859375,0.5390625,0.5546875,0.4966856241226196,260800
2000-11-10,0.5859375,0.5859375,0.5625,0.5703125,0.5106766819953918,137600
2000-11-13,0.53125,0.53515625,0.5234375,0.53125,0.4756987392902374,182400
2000-11-14,0.52734375,0.52734375,0.51953125,0.51953125,0.4652053713798523,132800
2000-11-15,0.5693359375,0.5703125,0.55859375,0.55859375,0.5001832246780396,9600
2000-11-16,0.55859375,0.55859375,0.50390625,0.50390625,0.4512142241001129,153600
2000-11-17,0.525390625,0.546875,0.50390625,0.5078125,0.4547119736671448,184000
2000-11-20,0.51953125,0.525390625,0.484375,0.5,0.4477164149284363,812800
2000-11-21,0.5,0.5,0.40625,0.443359375,0.3969984948635101,1152000
2000-11-22,0.44921875,0.484375,0.44140625,0.45703125,0.4092407524585724,624000
2000-11-24,0.46875,0.49609375,0.453125,0.49609375,0.4442185461521148,30400
2000-11-27,0.4541015625,0.49609375,0.4541015625,0.48828125,0.4372230768203735,249600
2000-11-28,0.49609375,0.49609375,0.4765625,0.4765625,0.4267297983169555,355200
2000-11-29,0.4765625,0.4765625,0.46484375,0.4765625,0.4267297983169555,313600
2000-11-30,0.4921875,0.4921875,0.45703125,0.46484375,0.4162364304065704,1155200
2000-12-01,0.5,0.5,0.4609375,0.4609375,0.4127386212348938,220800
2000-12-04,0.51171875,0.515625,0.45703125,0.46875,0.4197342693805694,393600
2000-12-05,0.4755859375,0.4921875,0.45703125,0.4609375,0.4127386212348938,627200
2000-12-06,0.46484375,0.47265625,0.46484375,0.47265625,0.4232319891452789,104000
2000-12-07,0.46875,0.48828125,0.46875,0.48828125,0.4372230768203735,216000
2000-12-08,0.48828125,0.48828125,0.4765625,0.48828125,0.4372230768203735,684800
2000-12-11,0.4765625,0.4921875,0.47265625,0.4921875,0.4407208859920501,808000
2000-12-12,0.4921875,0.509765625,0.46875,0.494140625,0.4424697756767273,6596800
2000-12-13,0.5234375,0.5625,0.46875,0.4921875,0.4407208859920501,2384000
2000-12-14,0.4921875,0.5078125,0.4921875,0.5078125,0.4547119736671448,294400
2000-12-15,0.51171875,0.515625,0.50390625,0.515625,0.4617075622081756,379200
2000-12-18,0.51953125,0.51953125,0.47265625,0.478515625,0.4284786581993103,195200
2000-12-19,0.4990234375,0.50390625,0.4765625,0.4765625,0.4267297983169555,806400
2000-12-20,0.4736328125,0.4921875,0.47265625,0.4765625,0.4267297983169555,73600
2000-12-21,0.48828125,0.4921875,0.48046875,0.4921875,0.4407208859920501,371200
2000-12-22,0.4990234375,0.5078125,0.478515625,0.50390625,0.4512142241001129,1614400
2000-12-26,0.5029296875,0.513671875,0.484375,0.486328125,0.4354741871356964,264000
2000-12-27,0.486328125,0.498046875,0.484375,0.486328125,0.4354741871356964,220800
2000-12-28,0.486328125,0.5390625,0.486328125,0.52734375,0.4722009301185608,737600
2000-12-29,0.505859375,0.55078125,0.5,0.53125,0.4756987392902374,945600
2001-01-02,0.53125,0.546875,0.53125,0.53515625,0.4791964888572693,686400
2001-01-03,0.54296875,0.671875,0.54296875,0.5625,0.5036808848381042,384000
2001-01-04,0.6201171875,0.62109375,0.5859375,0.60546875,0.5421565771102905,124800
2001-01-05,0.62109375,0.62109375,0.5390625,0.5625,0.5036808848381042,544000
2001-01-08,0.5625,0.5625,0.54296875,0.54296875,0.4861922264099121,153600
2001-01-09,0.5625,0.5859375,0.5625,0.5859375,0.5246676802635193,57600
2001-01-10,0.5703125,0.59375,0.5625,0.59375,0.5316632986068726,217600
2001-01-11,0.59375,0.6875,0.59375,0.6640625,0.5946233868598938,1003200
2001-01-12,0.662109375,0.76953125,0.662109375,0.7421875,0.6645790338516235,1257600
2001-01-16,0.73828125,0.796875,0.734375,0.78125,0.6995571255683899,1020800
2001-01-17,0.80078125,0.81640625,0.7890625,0.8125,0.7275392413139343,1280000
2001-01-18,0.8125,0.8359375,0.796875,0.8046875,0.720543384552002,2038400
2001-01-19,0.8203125,0.828125,0.7734375,0.8046875,0.720543384552002,980800
2001-01-22,0.8046875,0.82421875,0.7890625,0.82421875,0.7380327582359314,196800
2001-01-23,0.82421875,0.83203125,0.81640625,0.82421875,0.7380327582359314,188800
2001-01-24,0.83203125,0.8466796875,0.83203125,0.84375,0.7555214762687683,102400
2001-01-25,0.84375,0.9140625,0.84375,0.88671875,0.7939969897270203,1339200
2001-01-26,0.87109375,0.91015625,0.859375,0.90625,0.811486005783081,585600
2001-01-29,0.8984375,0.91796875,0.890625,0.9140625,0.8184815049171448,251200
2001-01-30,0.91015625,0.91015625,0.8984375,0.90625,0.811486005783081,190400
2001-01-31,0.90625,0.921875,0.88671875,0.921875,0.8254772424697876,430400
2001-02-01,0.92578125,0.9296875,0.91015625,0.92578125,0.8289750814437866,206400
2001-02-02,0.923828125,0.92578125,0.890625,0.90625,0.811486005783081,512000
2001-02-05,0.8994140625,0.9140625,0.8828125,0.8828125,0.7904993295669556,246400
2001-02-06,0.8671875,0.88671875,0.8515625,0.88671875,0.7939969897270203,1766400
2001-02-07,0.8828125,0.8828125,0.8671875,0.87890625,0.7870014309883118,156800
2001-02-08,0.875,0.8828125,0.875,0.87890625,0.7870014309883118,256000
2001-02-09,0.873046875,0.8828125,0.87109375,0.87890625,0.7870014309883118,552000
2001-02-12,0.8828125,0.88671875,0.87109375,0.8828125,0.7904993295669556,1724800
2001-02-13,0.8828125,0.8828125,0.87890625,0.87890625,0.7870014309883118,1371200
2001-02-14,0.87890625,0.8828125,0.8671875,0.8828125,0.7904993295669556,1801600
2001-02-15,0.8828125,0.8828125,0.87109375,0.875,0.7835036516189575,540800
2001-02-16,0.875,0.8828125,0.875,0.875,0.7835036516189575,348800
2001-02-20,0.87890625,0.90625,0.87890625,0.8828125,0.7904993295669556,524800
2001-02-21,0.875,0.8828125,0.8671875,0.87109375,0.7800060510635376,1019200
2001-02-22,0.87109375,0.8984375,0.87109375,0.890625,0.7974948287010193,168000
2001-02-23,0.88671875,0.88671875,0.8671875,0.875,0.7835036516189575,294400
2001-02-26,0.8671875,0.90234375,0.8671875,0.90234375,0.8079882264137268,315200
2001-02-27,0.890625,0.90625,0.890625,0.90234375,0.8079882264137268,76800
2001-02-28,0.90234375,0.90234375,0.89453125,0.90234375,0.8079882264137268,131200
2001-03-01,0.90625,0.9140625,0.90625,0.9140625,0.8184815049171448,70400
2001-03-02,0.90625,0.9296875,0.90625,0.921875,0.8254772424697876,80000
2001-03-05,0.92578125,0.93359375,0.921875,0.9296875,0.8324728608131409,155200
2001-03-06,0.921875,0.921875,0.90234375,0.9140625,0.8184815049171448,1060800
2001-03-07,0.91015625,0.921875,0.90234375,0.90625,0.811486005783081,774400
2001-03-08,0.921875,0.921875,0.90234375,0.90625,0.811486005783081,1035200
2001-03-09,0.90625,0.90625,0.890625,0.89453125,0.8009925484657288,628800
2001-03-12,0.89453125,0.89453125,0.8671875,0.8828125,0.7904993295669556,1078400
2001-03-13,0.890625,0.90234375,0.875,0.89453125,0.8009925484657288,1139200
2001-03-14,0.890625,0.890625,0.87109375,0.87890625,0.7870014309883118,51200
2001-03-15,0.875,0.8828125,0.875,0.875,0.7835036516189575,416000
2001-03-16,0.87890625,0.89453125,0.875,0.87890625,0.7870014309883118,420800
2001-03-19,0.8828125,0.8828125,0.87109375,0.87890625,0.7870014309883118,32000
2001-03-20,0.87109375,0.90625,0.859375,0.875,0.7835036516189575,308800
2001-03-21,0.875,0.875,0.859375,0.859375,0.7695125341415405,147200
2001-03-22,0.8515625,0.87109375,0.8203125,0.8515625,0.7625170350074768,654400
2001-03-23,0.875,0.875,0.85546875,0.85546875,0.7660148739814758,364800
2001-03-26,0.875,0.875,0.8671875,0.8671875,0.7765082716941833,4800
2001-03-27,0.8515625,0.90234375,0.8359375,0.85546875,0.7660148739814758,691200
2001-03-28,0.8564453125,0.88671875,0.8515625,0.88671875,0.7939969897270203,97600
2001-03-29,0.875,0.875,0.8671875,0.875,0.7835036516189575,44800
2001-03-30,0.87890625,0.8828125,0.87109375,0.875,0.7835036516189575,284800
2001-04-02,0.888671875,0.89453125,0.87890625,0.87890625,0.7870014309883118,121600
2001-04-03,0.87890625,0.8828125,0.87109375,0.87109375,0.7800060510635376,35200
2001-04-04,0.87109375,0.8828125,0.8671875,0.8828125,0.7904993295669556,318400
2001-04-05,0.8720703125,0.90234375,0.8671875,0.87109375,0.7800060510635376,220800
2001-04-06,0.873046875,0.875,0.8671875,0.87109375,0.7800060510635376,526400
2001-04-09,0.8706250190734863,0.8768749833106995,0.8706250190734863,0.875,0.7835036516189575,52800
2001-04-10,0.878125011920929,0.8812500238418579,0.8706250190734863,0.8706250190734863,0.7795861959457397,16000
2001-04-11,0.8762500286102295,0.8824999928474426,0.875,0.8806250095367432,0.7885403633117676,512000
2001-04-12,0.875,0.875,0.8687499761581421,0.8743749856948853,0.7829439640045166,345600
2001-04-16,0.8731250166893005,0.8743749856948853,0.8681250214576721,0.871874988079071,0.7807055115699768,121600
2001-04-17,0.878125011920929,0.878125011920929,0.8700000047683716,0.8700000047683716,0.779026448726654,44800
2001-04-18,0.8793749809265137,0.8843749761581421,0.862500011920929,0.8812500238418579,0.7891003489494324,361600
2001-04-19,0.878125011920929,0.8956249952316284,0.8712499737739563,0.8806250095367432,0.7885403633117676,494400
2001-04-20,0.875,0.8862500190734863,0.8687499761581421,0.8799999952316284,0.7879807353019714,646400
2001-04-23,0.871874988079071,0.875,0.8712499737739563,0.875,0.7835036516189575,318400
2001-04-24,0.8681250214576721,0.875,0.84375,0.8687499761581421,0.7779072523117065,1676800
2001-04-25,0.8762500286102295,0.8762500286102295,0.8712499737739563,0.875,0.7835036516189575,209600
2001-04-26,0.859375,0.9375,0.859375,0.893750011920929,0.8002933859825134,553600
2001-04-27,0.887499988079071,0.940625011920929,0.8812500238418579,0.940625011920929,0.8422665596008301,352000
2001-04-30,0.9375,0.949999988079071,0.9375,0.949999988079071,0.8506612777709961,131200
2001-05-01,0.943750023841858,1.019374966621399,0.9431250095367432,1.0,0.8954328298568726,352000
2001-05-02,0.9893749952316284,1.0256249904632568,0.9893749952316284,1.0256249904632568,0.9183782339096068,35200
2001-05-03,1.0081249475479126,1.0137499570846558,0.990625023841858,0.9925000071525574,0.8887172341346741,134400
2001-05-04,0.9962499737739564,1.027500033378601,0.9925000071525574,1.006250023841858,0.9010293483734132,52800
2001-05-07,1.0012500286102295,1.011875033378601,1.0012500286102295,1.011875033378601,0.9060664176940918,16000
2001-05-08,1.024999976158142,1.024999976158142,1.0,1.006250023841858,0.9010293483734132,142400
2001-05-09,1.0043749809265137,1.011875033378601,0.993749976158142,1.0031249523162842,0.8982309699058533,185600
2001-05-10,0.9943749904632568,0.9975000023841858,0.9549999833106996,0.962499976158142,0.8618540167808533,102400
2001-05-11,0.962499976158142,1.0256249904632568,0.962499976158142,0.9993749856948853,0.8948731422424316,483200
2001-05-14,0.9993749856948853,1.006250023841858,0.9993749856948853,1.006250023841858,0.9010293483734132,67200
2001-05-15,1.0125000476837158,1.0281250476837158,0.9850000143051147,0.9850000143051147,0.8820014595985413,67200
2001-05-16,1.0,1.0262500047683716,0.993749976158142,0.993749976158142,0.8898364901542664,110400
2001-05-17,1.0018750429153442,1.027500033378601,1.0,1.015625,0.9094239473342896,88000
2001-05-18,1.0081249475479126,1.0081249475479126,1.0006250143051147,1.0006250143051147,0.8959927558898926,32000
2001-05-21,1.0081249475479126,1.009374976158142,0.9850000143051147,0.9862499833106996,0.883120596408844,449600
2001-05-22,0.9918749928474426,0.9918749928474426,0.962499976158142,0.971875011920929,0.8702489733695984,649600
2001-05-23,0.9700000286102296,0.9725000262260436,0.9649999737739564,0.9725000262260436,0.8708083629608154,316800
2001-05-24,0.9649999737739564,0.9787499904632568,0.9649999737739564,0.9681249856948853,0.8668909072875977,115200
2001-05-25,0.9681249856948853,1.0,0.9681249856948853,0.9731249809265136,0.8713679313659668,144000
2001-05-29,0.984375,0.984375,0.9649999737739564,0.9649999737739564,0.8640927076339722,219200
2001-05-30,0.9649999737739564,0.96875,0.9587500095367432,0.9587500095367432,0.8584960699081421,2465600
2001-05-31,0.961875021457672,0.971875011920929,0.9612500071525574,0.9712499976158142,0.8696892261505127,835200
2001-06-01,0.9681249856948853,0.990625023841858,0.9643750190734864,0.990625023841858,0.8870382308959961,926400
2001-06-04,0.993749976158142,0.9981250166893004,0.981249988079071,0.9881250262260436,0.8847997784614563,200000
2001-06-05,0.9856250286102296,0.9950000047683716,0.9800000190734864,0.9806249737739564,0.8780838251113892,1400000
2001-06-06,0.981249988079071,0.981249988079071,0.9662500023841858,0.9737499952316284,0.8719278573989868,188800
2001-06-07,0.9737499952316284,1.0,0.9737499952316284,1.0,0.8954328298568726,424000
2001-06-08,0.996874988079071,1.0043749809265137,0.9918749928474426,1.0031249523162842,0.8982309699058533,1180800
2001-06-11,0.9950000047683716,1.0049999952316284,0.993749976158142,1.0012500286102295,0.8965522646903992,372800
2001-06-12,1.0031249523162842,1.003749966621399,0.9956250190734864,0.9975000023841858,0.8931943774223328,1155200
2001-06-13,0.9975000023841858,1.0031249523162842,0.9962499737739564,0.9962499737739564,0.8920750021934509,628800
2001-06-14,0.996874988079071,1.006250023841858,0.996874988079071,0.9987499713897704,0.894313395023346,1292800
2001-06-15,1.0006250143051147,1.0125000476837158,1.0,1.0,0.8954328298568726,224000
2001-06-18,1.0031249523162842,1.003749966621399,0.993125021457672,0.993125021457672,0.8892766833305359,243200
2001-06-19,0.993749976158142,0.996874988079071,0.949999988079071,0.987500011920929,0.8842400312423706,502400
2001-06-20,0.9825000166893004,1.003749966621399,0.9706249833106996,0.9706249833106996,0.8691294193267822,214400
2001-06-21,0.9700000286102296,0.987500011920929,0.9700000286102296,0.981249988079071,0.8786435723304749,27200
2001-06-22,1.0,1.0,1.0,1.0,0.8954328298568726,1600
2001-06-25,0.9887499809265136,1.024999976158142,0.9887499809265136,1.0068750381469729,0.9015889167785645,537600
2001-06-26,1.0099999904632568,1.0106250047683716,1.0075000524520874,1.0075000524520874,0.90214866399765,91200
2001-06-27,1.011875033378601,1.0137499570846558,0.96875,1.0112500190734863,0.905506432056427,811200
2001-06-28,0.975000023841858,0.9987499713897704,0.975000023841858,0.9987499713897704,0.894313395023346,376000
2001-06-29,1.003749966621399,1.0049999952316284,0.9950000047683716,0.9993749856948853,0.8948731422424316,121600
2001-07-02,0.993749976158142,0.993749976158142,0.981249988079071,0.981249988079071,0.8786435723304749,24000
2001-07-03,1.0,1.0,0.984375,0.984375,0.8814417719841003,32000
2001-07-05,0.9768750071525574,1.0,0.971875011920929,1.0,0.8954328298568726,1504000
2001-07-06,0.984375,0.987500011920929,0.975000023841858,0.987500011920929,0.8842400312423706,68800
2001-07-09,1.015625,1.0187499523162842,1.015625,1.0187499523162842,0.9122222065925598,28800
2001-07-10,0.987500011920929,0.987500011920929,0.971875011920929,0.978124976158142,0.875845193862915,156800
2001-07-11,0.971875011920929,0.978124976158142,0.9375,0.965624988079071,0.8646523356437683,1318400
2001-07-12,0.9481250047683716,0.953125,0.925000011920929,0.953125,0.8534595966339111,521600
2001-07-13,0.940625011920929,0.9681249856948853,0.940625011920929,0.9681249856948853,0.8668909072875977,75200
2001-07-16,0.9681249856948853,0.975000023841858,0.9643750190734864,0.975000023841858,0.8730469942092896,20800
2001-07-17,1.0306249856948853,1.1943750381469729,1.027500033378601,1.15625,1.0353446006774902,3865600
2001-07-18,1.181249976158142,1.375,1.181249976158142,1.334375023841858,1.194843292236328,2705600
2001-07-19,1.3312499523162842,1.488124966621399,1.3312499523162842,1.4418749809265137,1.2911020517349243,4782400
2001-07-20,1.4462499618530271,1.4500000476837158,1.28125,1.2899999618530271,1.1551086902618408,950400
2001-07-23,1.3068749904632568,1.337499976158142,1.2706249952316284,1.290624976158142,1.1556679010391235,425600
2001-07-24,1.331874966621399,1.3875000476837158,1.3312499523162842,1.375,1.2312201261520386,2011200
2001-07-25,1.3756250143051147,1.384374976158142,1.368749976158142,1.384374976158142,1.239614486694336,923200
2001-07-26,1.375,1.390625,1.3718750476837158,1.390625,1.245211482048035,308800
2001-07-27,1.375,1.375,1.34375,1.368749976158142,1.225623607635498,494400
2001-07-30,1.347499966621399,1.3875000476837158,1.347499966621399,1.3781249523162842,1.234018325805664,800000
2001-07-31,1.381250023841858,1.381250023841858,1.350000023841858,1.375,1.2312201261520386,204800
2001-08-01,1.359375,1.368749976158142,1.3356250524520874,1.337499976158142,1.1976412534713743,124800
2001-08-02,1.337499976158142,1.375,1.337499976158142,1.3718750476837158,1.228421926498413,147200
2001-08-03,1.350000023841858,1.353124976158142,1.3293750286102295,1.353124976158142,1.211632490158081,32000
2001-08-06,1.3293750286102295,1.363124966621399,1.3143750429153442,1.3312499523162842,1.1920448541641235,134400
2001-08-07,1.321874976158142,1.359375,1.3206249475479126,1.3468749523162842,1.2060359716415403,182400
2001-08-08,1.359375,1.359375,1.2243750095367432,1.296875,1.1612640619277954,240000
2001-08-09,1.265625,1.293125033378601,1.2237499952316284,1.2687499523162842,1.1360805034637451,406400
2001-08-10,1.2793749570846558,1.290624976158142,1.2374999523162842,1.265625,1.1332820653915403,560000
2001-08-13,1.3362499475479126,1.4375,1.334375023841858,1.3718750476837158,1.228421926498413,540800
2001-08-14,1.3637499809265137,1.371250033378601,1.321874976158142,1.3224999904632568,1.184210181236267,134400
2001-08-15,1.3587499856948853,1.3624999523162842,1.3287500143051147,1.34375,1.203238010406494,905600
2001-08-16,1.3443750143051147,1.359375,1.337499976158142,1.34375,1.203238010406494,184000
2001-08-17,1.3581249713897705,1.359375,1.334375023841858,1.3406250476837158,1.2004399299621582,36800
2001-08-20,1.340000033378601,1.3543750047683716,1.328125,1.34375,1.203238010406494,41600
2001-08-21,1.34375,1.350000023841858,1.2662500143051147,1.2662500143051147,1.1338417530059814,155200
2001-08-22,1.284999966621399,1.306249976158142,1.271875023841858,1.296875,1.1612640619277954,91200
2001-08-23,1.2781250476837158,1.303125023841858,1.274999976158142,1.290624976158142,1.1556679010391235,153600
2001-08-24,1.2781250476837158,1.290624976158142,1.274999976158142,1.287500023841858,1.1528695821762085,248000
2001-08-27,1.2725000381469729,1.384374976158142,1.2725000381469729,1.3487499952316284,1.2077149152755735,268800
2001-08-28,1.3668750524520874,1.4031250476837158,1.3168749809265137,1.4031250476837158,1.2564047574996948,507200
2001-08-29,1.4056249856948853,1.4931249618530271,1.381250023841858,1.4668749570846558,1.3134881258010864,841600
2001-08-30,1.4718749523162842,1.5299999713897705,1.4375,1.46875,1.3151671886444092,1377600
2001-08-31,1.4968750476837158,1.5125000476837158,1.453125,1.493749976158142,1.337552785873413,1102400
2001-09-04,1.496250033378601,1.511875033378601,1.4681249856948853,1.46875,1.3151671886444092,313600
2001-09-05,1.488124966621399,1.5,1.40625,1.431249976158142,1.281588077545166,760000
2001-09-06,1.4318749904632568,1.4318749904632568,1.3762500286102295,1.4131250381469729,1.2653590440750122,465600
2001-09-07,1.3762500286102295,1.399999976158142,1.2756249904632568,1.300624966621399,1.1646225452423096,480000
2001-09-10,1.3362499475479126,1.3362499475479126,1.2687499523162842,1.277500033378601,1.1439158916473389,1969600
2001-09-17,1.2668750286102295,1.2743749618530271,1.2218749523162842,1.234375,1.1053000688552856,1142400
2001-09-18,1.2393749952316284,1.240625023841858,1.1987500190734863,1.236875057220459,1.1075385808944702,155200
2001-09-19,1.236875057220459,1.256250023841858,1.1799999475479126,1.1799999475479126,1.056610941886902,243200
2001-09-20,1.1775000095367432,1.1906249523162842,1.1675000190734863,1.1749999523162842,1.052133560180664,198400
2001-09-21,1.1675000190734863,1.1875,1.084375023841858,1.118749976158142,1.001765489578247,1286400
2001-09-24,1.1875,1.1875,1.0656249523162842,1.183750033378601,1.0599685907363892,332800
2001-09-25,1.1868749856948853,1.1875,1.09375,1.131250023841858,1.012958288192749,260800
2001-09-26,1.1237499713897705,1.1243749856948853,1.0968749523162842,1.1100000143051147,0.9939303994178772,721600
2001-09-27,1.096250057220459,1.100000023841858,1.0618749856948853,1.0625,0.9513974785804749,696000
2001-09-28,1.0850000381469729,1.1868749856948853,1.0625,1.1868749856948853,1.062766671180725,2091200
2001-10-01,1.15625,1.1687500476837158,1.0918749570846558,1.1218750476837158,1.0045636892318726,1155200
2001-10-02,1.125,1.2231249809265137,1.122499942779541,1.2200000286102295,1.0924279689788818,872000
2001-10-03,1.21875,1.3993749618530271,1.21875,1.3468749523162842,1.2060359716415403,2000000
2001-10-04,1.21875,1.418125033378601,1.200624942779541,1.375,1.2312201261520386,2006400
2001-10-05,1.399999976158142,1.415624976158142,1.287500023841858,1.4056249856948853,1.2586429119110107,1940800
2001-10-08,1.316249966621399,1.3975000381469729,1.284999966621399,1.3668750524520874,1.223944902420044,468800
2001-10-09,1.3743749856948853,1.4375,1.3387500047683716,1.412500023841858,1.2647987604141235,852800
2001-10-10,1.3756250143051147,1.484375,1.3756250143051147,1.4500000476837158,1.2983779907226562,894400
2001-10-11,1.524999976158142,1.5625,1.4618749618530271,1.5625,1.3991142511367798,662400
2001-10-12,1.5693750381469729,1.625,1.5625,1.600000023841858,1.4326930046081543,1284800
2001-10-15,1.625,1.671875,1.578125,1.6593749523162842,1.485858917236328,5593600
2001-10-16,1.6668750047683716,1.709375023841858,1.6631250381469729,1.6737500429153442,1.4987304210662842,2195200
2001-10-17,1.7118749618530271,1.722499966621399,1.675624966621399,1.71875,1.539025068283081,1134400
2001-10-18,1.7156250476837158,1.7531249523162842,1.675624966621399,1.703125,1.5250340700149536,3800000
2001-10-19,1.6987500190734863,1.7156250476837158,1.6281249523162842,1.6512500047683716,1.478583574295044,1059200
2001-10-22,1.65625,1.774999976158142,1.65625,1.756250023841858,1.5726039409637451,1704000
2001-10-23,1.778749942779541,1.8125,1.7131249904632568,1.75,1.567007303237915,1811200
2001-10-24,1.75,1.78125,1.75,1.7612500190734863,1.5770807266235352,886400
2001-10-25,1.765625,1.7712500095367432,1.7062499523162842,1.7581249475479126,1.574283003807068,844800
2001-10-26,1.759374976158142,1.771875023841858,1.725000023841858,1.7312500476837158,1.5502183437347412,5382400
2001-10-29,1.7412500381469729,1.7412500381469729,1.71875,1.7312500476837158,1.5502183437347412,2280000
2001-10-30,1.7362500429153442,1.740625023841858,1.6675000190734863,1.7112499475479126,1.5323094129562378,1726400
2001-10-31,1.7062499523162842,1.7206250429153442,1.6749999523162842,1.6875,1.5110429525375366,756800
2001-11-01,1.6950000524520874,1.696874976158142,1.6825000047683716,1.696874976158142,1.5194380283355713,729600
2001-11-02,1.6725000143051147,1.6950000524520874,1.662500023841858,1.665624976158142,1.4914551973342896,932800
2001-11-05,1.690000057220459,1.7000000476837158,1.6806249618530271,1.6862499713897705,1.509923815727234,2392000
2001-11-06,1.693750023841858,1.75,1.6843750476837158,1.730625033378601,1.5496585369110107,4612800
2001-11-07,1.7606250047683716,1.78125,1.7062499523162842,1.7443749904632568,1.5619709491729736,1304000
2001-11-08,1.738124966621399,1.8743749856948853,1.7256250381469729,1.850000023841858,1.656550407409668,2441600
2001-11-09,1.8550000190734863,1.9056249856948853,1.8125,1.878749966621399,1.682294249534607,785600
2001-11-12,1.8793749809265137,2.0062499046325684,1.84375,2.0062499046325684,1.7964619398117063,2088000
2001-11-13,2.0112500190734863,2.018749952316284,1.912500023841858,1.9537500143051147,1.7494518756866455,1553600
2001-11-14,1.949375033378601,1.962499976158142,1.9068750143051147,1.924999952316284,1.7237080335617063,2265600
2001-11-15,1.908125042915344,1.9106249809265137,1.709375023841858,1.7531249523162842,1.5698055028915403,4758400
2001-11-16,1.7256250381469729,1.7418750524520874,1.671875,1.6775000095367432,1.5020886659622192,1129600
2001-11-19,1.6568750143051147,1.705625057220459,1.6325000524520874,1.678125023841858,1.5026483535766602,1577600
2001-11-20,1.6787500381469729,1.803125023841858,1.6606249809265137,1.803125023841858,1.6145776510238647,2099200
2001-11-21,1.8049999475479128,1.8706250190734863,1.65625,1.6918749809265137,1.514960527420044,790400
2001-11-23,1.6881250143051147,1.7387499809265137,1.6875,1.7387499809265137,1.5569336414337158,160000
2001-11-26,1.7387499809265137,1.84375,1.734375,1.815624952316284,1.6257704496383667,1174400
2001-11-27,1.8037500381469729,1.821249961853028,1.75,1.7843749523162842,1.597787857055664,2395200
2001-11-28,1.756250023841858,1.7743749618530271,1.6568750143051147,1.736875057220459,1.5552546977996826,563200
2001-11-29,1.75,1.7699999809265137,1.734375,1.753749966621399,1.5703654289245603,542400
2001-11-30,1.759374976158142,1.84375,1.743749976158142,1.834375023841858,1.6425598859786987,1257600
2001-12-03,1.796875,1.962499976158142,1.796875,1.931249976158142,1.7293046712875366,1113600
2001-12-04,1.9368749856948853,1.960625052452088,1.84375,1.953125,1.748892307281494,1812800
2001-12-05,1.9731249809265137,1.991875052452088,1.90625,1.96875,1.762883543968201,3092800
2001-12-06,1.9924999475479128,1.9924999475479128,1.909374952316284,1.953125,1.748892307281494,1129600
2001-12-07,1.9612499475479128,1.981250047683716,1.9368749856948853,1.9375,1.7349011898040771,976000
2001-12-10,1.943750023841858,1.9587500095367432,1.831249952316284,1.84375,1.6509544849395752,865600
2001-12-11,1.8818750381469729,1.8818750381469729,1.840625047683716,1.8487499952316284,1.655431628227234,756800
2001-12-12,1.875,1.9131250381469729,1.850000023841858,1.859375,1.6649457216262815,1198400
2001-12-13,1.873124957084656,1.921875,1.846874952316284,1.8706250190734863,1.6750192642211914,176000
2001-12-14,1.8918750286102293,1.9118750095367432,1.862499952316284,1.9118750095367432,1.711956024169922,1600000
2001-12-17,1.921875,1.96875,1.899999976158142,1.934375047683716,1.7321033477783203,505600
2001-12-18,1.96875,2.1862499713897705,1.9612499475479128,2.106250047683716,1.8860055208206177,2932800
2001-12-19,2.119374990463257,2.124375104904175,1.921875,1.9375,1.7349011898040771,2072000
2001-12-20,1.9681249856948853,2.016249895095825,1.943750023841858,2.0,1.7908656597137451,1862400
2001-12-21,1.9787499904632568,2.056250095367432,1.878749966621399,1.921875,1.7209099531173706,1169600
2001-12-24,1.90625,1.9731249809265137,1.90625,1.9381250143051147,1.735460877418518,273600
2001-12-26,1.9299999475479128,1.970625042915344,1.7818750143051147,1.815624952316284,1.6257704496383667,688000
2001-12-27,1.816249966621399,1.914999961853028,1.816249966621399,1.912500023841858,1.7125152349472046,1099200
2001-12-28,1.951249957084656,2.0662500858306885,1.950624942779541,2.0587499141693115,1.8434717655181885,1299200
2001-12-31,2.0662500858306885,2.1524999141693115,2.044374942779541,2.130000114440918,1.907272219657898,1576000
2002-01-02,2.140625,2.150000095367432,2.106250047683716,2.132499933242798,1.909510850906372,875200
2002-01-03,2.1875,2.249375104904175,2.156874895095825,2.2249999046325684,1.9923380613327024,3008000
2002-01-04,2.2412500381469727,2.28125,2.240000009536743,2.28125,2.0427067279815674,5918400
2002-01-07,2.3499999046325684,2.3499999046325684,2.265625,2.268125057220459,2.030953884124756,1713600
2002-01-08,2.2718749046325684,2.3187499046325684,2.268749952316284,2.3125,2.0706892013549805,620800
2002-01-09,2.293750047683716,2.337500095367432,2.2799999713897705,2.286875009536743,2.0477423667907715,507200
2002-01-10,2.265000104904175,2.340625047683716,2.2643749713897705,2.337500095367432,2.0930747985839844,502400
2002-01-11,2.28125,2.375,2.28125,2.3262500762939453,2.083000898361206,2864000
2002-01-14,2.3037500381469727,2.34375,2.278125047683716,2.318125009536743,2.075725555419922,1188800
2002-01-15,2.293750047683716,2.371875047683716,2.274374961853028,2.359999895095825,2.113221883773804,817600
2002-01-16,2.302500009536743,2.3818750381469727,2.288749933242798,2.359999895095825,2.113221883773804,1260800
2002-01-17,2.375,2.400000095367432,2.359375,2.3712499141693115,2.1232948303222656,1337600
2002-01-18,2.3631250858306885,2.485625028610229,2.3506250381469727,2.485625028610229,2.22571063041687,3096000
2002-01-22,2.499375104904175,2.543750047683716,2.414999961853028,2.5218749046325684,2.258168458938598,1576000
2002-01-23,2.280625104904175,2.3125,2.141249895095825,2.2925000190734863,2.0527803897857666,20390400
2002-01-24,2.281874895095825,2.4362499713897705,2.2612500190734863,2.424999952316284,2.171424627304077,2385600
2002-01-25,2.411250114440918,2.4375,2.309999942779541,2.337500095367432,2.0930747985839844,822400
2002-01-28,2.341249942779541,2.34375,2.306874990463257,2.318125009536743,2.075725555419922,1617600
2002-01-29,2.327500104904175,2.328125,2.234375,2.2481250762939453,2.013045310974121,1190400
2002-01-30,2.2406249046325684,2.313750028610229,2.237499952316284,2.284374952316284,2.045504093170166,1308800
2002-01-31,2.2725000381469727,2.3318750858306885,2.2725000381469727,2.3268749713897705,2.08355975151062,577600
2002-02-01,2.3418750762939453,2.375,2.307499885559082,2.361875057220459,2.1149003505706787,835200
2002-02-04,2.374375104904175,2.374375104904175,2.362499952316284,2.371875047683716,2.1238553524017334,761600
2002-02-05,2.3731250762939453,2.3731250762939453,2.34375,2.345000028610229,2.099790096282959,1312000
2002-02-06,2.337500095367432,2.34375,2.2699999809265137,2.320625066757202,2.0779640674591064,1193600
2002-02-07,2.317500114440918,2.337500095367432,2.3087499141693115,2.328125,2.08467960357666,88000
2002-02-08,2.341249942779541,2.341249942779541,2.306250095367432,2.331249952316284,2.0874783992767334,168000
2002-02-11,2.343125104904175,2.3506250381469727,2.315624952316284,2.328125,2.08467960357666,254400
2002-02-12,2.3125,2.313124895095825,2.28125,2.2874999046325684,2.04830288887024,475200
2002-02-13,2.281874895095825,2.328125,2.281874895095825,2.328125,2.08467960357666,395200
2002-02-14,2.328125,2.375,2.262500047683716,2.3656249046325684,2.118258714675904,2958400
2002-02-15,2.3737499713897705,2.400000095367432,2.368750095367432,2.400000095367432,2.1490392684936523,1510400
2002-02-19,2.393749952316284,2.4356250762939453,2.3350000381469727,2.365000009536743,2.117699384689331,2411200
2002-02-20,2.368124961853028,2.408750057220459,2.353125095367432,2.3712499141693115,2.1232948303222656,2518400
2002-02-21,2.375,2.411875009536743,2.3712499141693115,2.372499942779541,2.1244139671325684,430400
2002-02-22,2.371875047683716,2.378124952316284,2.335624933242798,2.353749990463257,2.1076254844665527,556800
2002-02-25,2.375,2.5118749141693115,2.362499952316284,2.471874952316284,2.213397979736328,1304000
2002-02-26,2.471874952316284,2.65625,2.471874952316284,2.59375,2.322528123855591,5494400
2002-02-27,2.637500047683716,2.6937499046325684,2.625,2.690624952316284,2.409274101257324,3318400
2002-02-28,2.700624942779541,2.7881250381469727,2.671875,2.7068750858306885,2.423825025558472,2254400
2002-03-01,2.749375104904175,2.749375104904175,2.5999999046325684,2.617500066757202,2.3437952995300293,585600
2002-03-04,2.630625009536743,2.6312499046325684,2.515625,2.619999885559082,2.346033811569214,1185600
2002-03-05,2.6206250190734863,2.6206250190734863,2.539999961853028,2.5625,2.294546365737915,1134400
2002-03-06,2.539375066757202,2.762500047683716,2.538749933242798,2.733750104904175,2.447889804840088,1539200
2002-03-07,2.728749990463257,2.828125,2.688750028610229,2.8125,2.5184054374694824,1211200
2002-03-08,2.840625047683716,2.9124999046325684,2.8125,2.8343749046325684,2.537992238998413,1360000
2002-03-11,2.846874952316284,2.8475000858306885,2.775000095367432,2.8031249046325684,2.510010242462158,899200
2002-03-12,2.799999952316284,2.837500095367432,2.799999952316284,2.835624933242798,2.539111375808716,1491200
2002-03-13,2.8350000381469727,2.8350000381469727,2.8031249046325684,2.8187499046325684,2.524001121520996,1369600
2002-03-14,2.8125,2.8162500858306885,2.6624999046325684,2.728125095367432,2.44285249710083,950400
2002-03-15,2.7249999046325684,2.7699999809265137,2.6875,2.752500057220459,2.4646780490875244,689600
2002-03-18,2.758749961853028,2.821875095367432,2.733750104904175,2.733750104904175,2.447889804840088,1289600
2002-03-19,2.759375095367432,2.815624952316284,2.742500066757202,2.75,2.462440252304077,409600
2002-03-20,2.744374990463257,2.7562499046325684,2.719374895095825,2.746875047683716,2.459641695022583,406400
2002-03-21,2.746875047683716,2.7612500190734863,2.6937499046325684,2.6937499046325684,2.412071943283081,1086400
2002-03-22,2.7174999713897705,2.7231249809265137,2.684999942779541,2.6875,2.4064760208129883,174400
2002-03-25,2.703749895095825,2.749375104904175,2.59375,2.637500047683716,2.361703634262085,779200
2002-03-26,2.630625009536743,2.655625104904175,2.609999895095825,2.609999895095825,2.337079763412476,984000
2002-03-27,2.625,2.8187499046325684,2.609375,2.775624990463257,2.4853861331939697,1800000
2002-03-28,2.8006250858306885,2.875,2.775000095367432,2.875,2.574368953704834,2112000
2002-04-01,2.884375095367432,2.960624933242798,2.849375009536743,2.9375,2.6303343772888184,2723200
2002-04-02,2.9262499809265137,2.9518749713897705,2.9175000190734863,2.943125009536743,2.635370969772339,2222400
2002-04-03,2.9493749141693115,2.993750095367432,2.9331250190734863,2.950000047683716,2.6415278911590576,3009600
2002-04-04,2.931250095367432,2.9862499237060547,2.931250095367432,2.9593749046325684,2.649922132492065,3676800
2002-04-05,2.9593749046325684,3.038749933242798,2.950624942779541,3.0199999809265137,2.704207181930542,1403200
2002-04-08,3.046250104904175,3.101875066757202,3.03125,3.075000047683716,2.753455400466919,1542400
2002-04-09,3.0824999809265137,3.087500095367432,2.987499952316284,3.0374999046325684,2.719877004623413,1497600
2002-04-10,3.0199999809265137,3.09375,3.018749952316284,3.0687499046325684,2.747859239578247,1270400
2002-04-11,3.078125,3.078125,3.025624990463257,3.0350000858306885,2.7176384925842285,539200
2002-04-12,3.041249990463257,3.041249990463257,2.940624952316284,2.958750009536743,2.649362325668335,435200
2002-04-15,2.9649999141693115,3.0625,2.9375,3.0625,2.742263078689575,1316800
2002-04-16,3.124375104904175,3.321249961853028,3.1112499237060547,3.3125,2.966121196746826,9153600
2002-04-17,3.2874999046325684,3.337500095367432,3.262500047683716,3.3299999237060547,2.9817917346954346,2187200
2002-04-18,3.3125,3.384375095367432,3.2799999713897705,3.3656249046325684,3.0136914253234863,1224000
2002-04-19,3.3662500381469727,3.4331250190734863,3.337500095367432,3.409374952316284,3.0528664588928223,3822400
2002-04-22,3.375624895095825,3.383125066757202,3.296875,3.3499999046325684,2.9997000694274902,3251200
2002-04-23,3.346874952316284,3.4200000762939453,3.34375,3.3656249046325684,3.0136914253234863,1569600
2002-04-24,3.3712499141693115,3.5,3.34375,3.356250047683716,3.0052967071533203,1636800
2002-04-25,3.356250047683716,3.4375,3.356250047683716,3.405625104904175,3.0495083332061768,833600
2002-04-26,3.377500057220459,3.440624952316284,3.377500057220459,3.416874885559082,3.0595812797546387,521600
2002-04-29,3.4181249141693115,3.4375,3.396250009536743,3.436875104904175,3.077491044998169,940800
2002-04-30,3.440624952316284,3.477499961853028,3.424999952316284,3.446875095367432,3.0864453315734863,3516800
2002-05-01,3.469374895095825,3.5,3.4124999046325684,3.46875,3.1060330867767334,2428800
2002-05-02,3.468125104904175,3.5612499713897705,3.4518749713897705,3.543750047683716,3.173189640045166,971200
2002-05-03,3.539375066757202,3.693749904632568,3.539375066757202,3.678124904632568,3.2935144901275635,1486400
2002-05-06,3.693749904632568,3.746249914169312,3.671875,3.6831250190734863,3.2979910373687744,838400
2002-05-07,3.703125,3.703125,3.5975000858306885,3.5975000858306885,3.221320152282715,1776000
2002-05-08,3.65625,3.665625095367432,3.3812499046325684,3.5843749046325684,3.2095675468444824,2352000
2002-05-09,3.543750047683716,3.5824999809265137,3.4749999046325684,3.518749952316284,3.150803565979004,985600
2002-05-10,3.530625104904175,3.556250095367432,3.4375,3.468125104904175,3.105473756790161,1275200
2002-05-13,3.454375028610229,3.478125095367432,3.384999990463257,3.456249952316284,3.0948400497436523,972800
2002-05-14,3.454375028610229,3.5899999141693115,3.418750047683716,3.559375047683716,3.187180519104004,1376000
2002-05-15,3.533750057220459,3.609375,3.487499952316284,3.571875095367432,3.198374032974243,1164800
2002-05-16,3.5737500190734863,3.631249904632568,3.5693750381469727,3.612499952316284,3.2347514629364014,1344000
2002-05-17,3.628750085830689,3.655625104904175,3.5893750190734863,3.606250047683716,3.229155302047729,1555200
2002-05-20,3.587500095367432,3.608750104904175,3.53125,3.552500009536743,3.181025266647339,419200
2002-05-21,3.536875009536743,3.617500066757202,3.536250114440918,3.6050000190734863,3.228035449981689,718400
2002-05-22,3.5762500762939453,3.625,3.575624942779541,3.588124990463257,3.2129247188568115,611200
2002-05-23,3.588124990463257,3.7018749713897705,3.581249952316284,3.617500066757202,3.2392284870147705,2328000
2002-05-24,3.6362500190734863,3.671875,3.6137499809265137,3.625624895095825,3.2465033531188965,459200
2002-05-28,3.625,3.631249904632568,3.549375057220459,3.549375057220459,3.178227424621582,734400
2002-05-29,3.5487499237060547,3.5487499237060547,3.507499933242798,3.507499933242798,3.140730857849121,393600
2002-05-30,3.5018749237060547,3.502500057220459,3.4518749713897705,3.463124990463257,3.1009960174560547,947200
2002-05-31,3.4549999237060547,3.493750095367432,3.450000047683716,3.491874933242798,3.126739740371704,504000
2002-06-03,3.450000047683716,3.546875,3.450000047683716,3.526249885559082,3.157519817352295,1643200
2002-06-04,3.515625,3.543750047683716,3.476875066757202,3.5299999713897705,3.1608781814575195,494400
2002-06-05,3.5062499046325684,3.552500009536743,3.4981250762939453,3.5218749046325684,3.153602838516236,897600
2002-06-06,3.518125057220459,3.5374999046325684,3.518125057220459,3.5193750858306885,3.151364326477051,1054400
2002-06-07,3.526249885559082,3.762500047683716,3.525000095367432,3.721874952316284,3.332688570022583,3824000
2002-06-10,3.828125,3.924375057220459,3.796250104904175,3.856250047683716,3.4530129432678223,2958400
2002-06-11,4.03125,4.328125,4.03125,4.17312479019165,3.736753225326538,9609600
2002-06-12,4.180624961853027,4.28125,4.118750095367432,4.179999828338623,3.742910385131836,2920000
2002-06-13,4.168749809265137,4.259375095367432,4.168125152587891,4.238124847412109,3.7949564456939697,979200
2002-06-14,4.23312520980835,4.429999828338623,4.182499885559082,4.422500133514404,3.960051059722901,3052800
2002-06-17,4.405624866485596,4.578125,4.39187479019165,4.5625,4.085413455963135,2209600
2002-06-18,4.5625,4.574999809265137,4.384375095367432,4.466249942779541,3.99922776222229,2297600
2002-06-19,4.447500228881836,4.5,4.395625114440918,4.459374904632568,3.9930708408355713,1857600
2002-06-20,4.45437479019165,4.545000076293945,4.45437479019165,4.530624866485596,4.056870937347412,1209600
2002-06-21,4.528749942779541,4.570000171661377,4.493750095367432,4.509375095367432,4.037843704223633,886400
2002-06-24,4.521874904632568,4.521874904632568,4.463749885559082,4.472499847412109,4.004822731018066,790400
2002-06-25,4.463125228881836,4.550000190734863,4.326250076293945,4.331250190734863,3.878345489501953,1577600
2002-06-26,4.233749866485596,4.393750190734863,4.190000057220459,4.393750190734863,3.934308290481568,3289600
2002-06-27,4.460625171661377,4.461249828338623,4.328125,4.34375,3.889537811279297,2172800
2002-06-28,4.332499980926514,4.443749904632568,4.316874980926514,4.436874866485596,3.972922801971436,9225600
2002-07-01,4.425000190734863,4.433750152587891,4.161250114440918,4.226874828338623,3.7848827838897705,2545600
2002-07-02,4.209374904632568,4.226250171661377,4.135000228881836,4.140625,3.7076516151428223,1728000
2002-07-03,4.099374771118164,4.131249904632568,3.903125047683716,4.069375038146973,3.643852949142456,4723200
2002-07-05,4.102499961853027,4.321875095367432,4.102499961853027,4.213749885559082,3.773130655288696,1184000
2002-07-08,4.234375,4.28000020980835,4.156875133514404,4.169374942779541,3.7333946228027344,1379200
2002-07-09,4.168749809265137,4.25,4.141250133514404,4.238124847412109,3.7949564456939697,803200
2002-07-10,4.231874942779541,4.253749847412109,4.0625,4.125,3.693660497665405,1276800
2002-07-11,4.083125114440918,4.101874828338623,3.971874952316284,4.046249866485596,3.62314510345459,1457600
2002-07-12,4.037499904632568,4.208125114440918,4.013124942779541,4.135624885559082,3.703173875808716,2376000
2002-07-15,4.14187479019165,4.15500020980835,3.912499904632568,4.056875228881836,3.632660150527954,2294400
2002-07-16,4.0625,4.0625,3.615624904632568,3.6943750381469727,3.3080646991729736,8504000
2002-07-17,3.6887500286102295,3.734375,3.387500047683716,3.549999952316284,3.178786039352417,5371200
2002-07-18,3.53125,3.662499904632568,3.5,3.618750095367432,3.240347385406494,1339200
2002-07-19,3.625,3.646250009536743,3.4356250762939453,3.4593749046325684,3.0976386070251465,1540800
2002-07-22,3.375,3.431250095367432,3.315624952316284,3.4262499809265137,3.067976713180542,2027200
2002-07-23,3.4356250762939453,3.4437499046325684,3.28125,3.281874895095825,2.9386982917785645,1800000
2002-07-24,3.2562499046325684,3.468125104904175,3.173125028610229,3.442500114440918,3.082527875900269,3526400
2002-07-25,3.453125,3.6262500286102295,3.4393749237060547,3.5799999237060547,3.2056500911712646,2904000
2002-07-26,3.580625057220459,3.744374990463257,3.575000047683716,3.744374990463257,3.3528356552124023,1164800
2002-07-29,3.75,4.150000095367432,3.75,4.106249809265137,3.676871538162232,4246400
2002-07-30,4.046249866485596,4.188125133514404,3.938124895095825,3.963749885559082,3.549272060394287,4014400
2002-07-31,3.9375,3.951250076293945,3.703125,3.736249923706055,3.3455612659454346,3812800
2002-08-01,3.96875,3.969374895095825,3.75,3.823124885559082,3.4233522415161133,3038400
2002-08-02,3.846874952316284,3.859375,3.575000047683716,3.575624942779541,3.2017319202423096,1860800
2002-08-05,3.625,3.6875,3.556250095367432,3.557499885559082,3.1855030059814453,1792000
2002-08-06,3.5506250858306885,3.703125,3.549999952316284,3.612499952316284,3.2347514629364014,1918400
2002-08-07,3.640625,3.766249895095825,3.587500095367432,3.713749885559082,3.325413703918457,1478400
2002-08-08,3.734375,3.859375,3.578749895095825,3.78125,3.3858559131622314,1371200
2002-08-09,3.780625104904175,3.825624942779541,3.7100000381469727,3.8125,3.4138383865356445,1403200
2002-08-12,3.820625066757202,3.821875095367432,3.6237499713897705,3.653125047683716,3.271127939224243,1153600
2002-08-13,3.638124942779541,3.815624952316284,3.609375,3.6493749618530273,3.2677698135375977,2040000
2002-08-14,3.6518750190734863,3.7899999618530273,3.650000095367432,3.740624904632568,3.3494787216186523,1577600
2002-08-15,3.753124952316284,3.8818750381469727,3.753124952316284,3.813124895095825,3.4143974781036377,1374400
2002-08-16,3.806874990463257,3.849999904632568,3.71875,3.8168749809265137,3.417755365371704,1304000
2002-08-19,3.904375076293945,4.063125133514404,3.854374885559082,4.037499904632568,3.615310907363892,1550400
2002-08-20,4.0625,4.142499923706055,4.0,4.037499904632568,3.615310907363892,1236800
2002-08-21,4.12624979019165,4.183750152587891,4.03125,4.161250114440918,3.726121187210083,840800
2002-08-22,4.1875,4.473750114440918,4.1875,4.315000057220459,3.863792181015015,1884000
2002-08-23,4.25,4.37624979019165,4.125,4.293749809265137,3.844765901565552,1371200
2002-08-26,4.375,4.37624979019165,4.18625020980835,4.25124979019165,3.806708812713623,1134400
2002-08-27,4.236249923706055,4.349999904632568,4.21875,4.328750133514404,3.876105308532715,1617600
2002-08-28,4.34250020980835,4.368750095367432,4.293749809265137,4.323750019073486,3.871628046035767,1626400
2002-08-29,4.31125020980835,4.331250190734863,4.246250152587891,4.267499923706055,3.821260929107666,1022400
2002-08-30,4.278749942779541,4.315000057220459,4.12375020980835,4.153749942779541,3.719404935836792,689600
2002-09-03,4.112500190734863,4.137499809265137,3.913749933242798,4.039999961853027,3.6175496578216553,1429600
2002-09-04,4.019999980926514,4.324999809265137,4.018750190734863,4.316249847412109,3.864912271499634,1287200
2002-09-05,4.195000171661377,4.362500190734863,4.192500114440918,4.236249923706055,3.7932770252227774,1004800
2002-09-06,4.28125,4.348750114440918,4.236249923706055,4.272500038146973,3.8257360458374015,1014400
2002-09-09,4.25,4.40500020980835,4.21875,4.381249904632568,3.92311429977417,2740000
2002-09-10,4.40625,4.512499809265137,4.326250076293945,4.393750190734863,3.934308290481568,1837600
2002-09-11,4.4375,4.462500095367432,4.295000076293945,4.300000190734863,3.8503623008728014,1328800
2002-09-12,4.356249809265137,4.356249809265137,4.146249771118164,4.184999942779541,3.7473864555358887,972000
2002-09-13,4.15500020980835,4.252500057220459,4.018750190734863,4.178750038146973,3.7417898178100586,1413600
2002-09-16,4.18625020980835,4.25,4.148749828338623,4.223750114440918,3.782084465026856,715200
2002-09-17,4.25,4.25,4.102499961853027,4.135000228881836,3.702615976333618,656800
2002-09-18,4.202499866485596,4.202499866485596,3.9600000381469727,3.96875,3.553748369216919,1640000
2002-09-19,3.966249942779541,3.9987499713897705,3.762500047683716,3.783750057220459,3.388094902038574,2024800
2002-09-20,3.7825000286102295,3.8862500190734863,3.7100000381469727,3.859999895095825,3.4563708305358887,1745600
2002-09-23,3.8637499809265137,3.875,3.75,3.8524999618530273,3.449655055999756,793600
2002-09-24,3.831249952316284,3.908750057220459,3.71875,3.902499914169312,3.494426965713501,2205600
2002-09-25,3.910000085830689,4.09375,3.8762500286102295,4.076250076293945,3.6500072479248047,1556800
2002-09-26,4.086249828338623,4.112500190734863,4.022500038146973,4.074999809265137,3.6488888263702393,785600
2002-09-27,4.088749885559082,4.112500190734863,3.9700000286102295,4.0,3.5817313194274902,679200
2002-09-30,4.0,4.014999866485596,3.721250057220459,3.972500085830689,3.557106733322144,1164800
2002-10-01,3.902499914169312,4.025000095367432,3.763750076293945,3.943749904632568,3.5313639640808105,1207200
2002-10-02,3.9262499809265137,3.994999885559082,3.849999904632568,3.851249933242798,3.448535442352295,645600
2002-10-03,3.838749885559082,3.911250114440918,3.5999999046325684,3.7200000286102295,3.331010341644287,1314400
2002-10-04,3.71875,3.7200000286102295,3.602499961853028,3.6649999618530273,3.2817611694335938,1263200
2002-10-07,3.625,3.6787500381469727,3.5225000381469727,3.5487499237060547,3.177667617797852,1001600
2002-10-08,3.516249895095825,3.726249933242798,3.5137500762939453,3.683749914169312,3.298551082611084,740000
2002-10-09,3.632499933242798,3.786250114440918,3.6162500381469727,3.712500095367432,3.324294090270996,791200
2002-10-10,3.6887500286102295,3.7412500381469727,3.556250095367432,3.7412500381469727,3.350038528442383,912000
2002-10-11,3.75,4.125,3.712500095367432,4.048749923706055,3.6253833770751953,1700000
2002-10-14,4.050000190734863,4.112500190734863,3.9574999809265137,4.025000095367432,3.604117393493652,1146400
2002-10-15,4.25,4.800000190734863,4.25,4.775000095367432,4.275691986083984,6936800
2002-10-16,4.71875,4.74875020980835,4.631249904632568,4.681250095367432,4.191745281219482,3824800
2002-10-17,4.731249809265137,5.037499904632568,4.730000019073486,4.923749923706055,4.40888786315918,4212800
2002-10-18,4.934999942779541,4.934999942779541,4.762499809265137,4.875,4.365235805511475,2730400
2002-10-21,4.886250019073486,4.887499809265137,4.538750171661377,4.798749923706055,4.296956539154053,3487200
2002-10-22,4.762499809265137,4.818749904632568,4.587500095367432,4.757500171661377,4.260021209716797,1961600
2002-10-23,4.817500114440918,4.821249961853027,4.65749979019165,4.68625020980835,4.19622278213501,1595200
2002-10-24,4.746250152587891,4.862500190734863,4.675000190734863,4.835000038146973,4.329417705535889,2515200
2002-10-25,4.763750076293945,4.875,4.699999809265137,4.821249961853027,4.3171067237854,1507200
2002-10-28,4.849999904632568,4.925000190734863,4.603750228881836,4.616250038146973,4.133541584014893,1880800
2002-10-29,4.670000076293945,4.848750114440918,4.466249942779541,4.707499980926514,4.2152509689331055,2103200
2002-10-30,4.690000057220459,4.823750019073486,4.65625,4.772500038146973,4.273454666137695,754400
2002-10-31,4.71875,4.8125,4.568749904632568,4.74875020980835,4.252188682556152,1328000
2002-11-01,4.792500019073486,5.005000114440918,4.75,5.0,4.477164268493652,4384000
2002-11-04,5.138750076293945,5.306250095367432,5.099999904632568,5.212500095367432,4.66744327545166,5438400
2002-11-05,5.25,5.465000152587891,5.213749885559082,5.425000190734863,4.857723712921143,3870400
2002-11-06,5.5,5.5,5.268750190734863,5.411250114440918,4.845412254333496,4026400
2002-11-07,5.262499809265137,5.351250171661377,5.039999961853027,5.06374979019165,4.534247398376465,3034400
2002-11-08,5.087500095367432,5.09250020980835,4.8125,4.902500152587891,4.389859676361084,2454400
2002-11-11,4.875,4.949999809265137,4.625,4.712500095367432,4.219727039337158,1699200
2002-11-12,4.695000171661377,5.050000190734863,4.693749904632568,4.961249828338623,4.442465782165527,3165600
2002-11-13,4.962500095367432,5.25,4.962500095367432,5.226250171661377,4.67975664138794,6576800
2002-11-14,5.306250095367432,5.40625,5.25,5.394999980926514,4.830859661102295,4179200
2002-11-15,5.375,5.46750020980835,5.293749809265137,5.4375,4.868916034698486,1996000
2002-11-18,5.442500114440918,5.605000019073486,5.40625,5.53249979019165,4.953983783721924,3000800
2002-11-19,5.53000020980835,5.53000020980835,5.014999866485596,5.150000095367432,4.611478328704834,5988000
2002-11-20,5.12624979019165,5.331250190734863,5.06374979019165,5.331250190734863,4.773776054382324,1826400
2002-11-21,5.323750019073486,5.557499885559082,5.300000190734863,5.472499847412109,4.900256633758545,3913600
2002-11-22,5.487500190734863,5.497499942779541,5.226250171661377,5.449999809265137,4.880107879638672,1711200
2002-11-25,5.456250190734863,5.6875,5.417500019073486,5.667500019073486,5.07486629486084,5280000
2002-11-26,5.625,5.625,5.46999979019165,5.521249771118164,4.94390869140625,2542400
2002-11-27,5.528749942779541,5.652500152587891,5.488749980926514,5.650000095367432,5.059195041656494,1244800
2002-11-29,5.675000190734863,5.6875,5.53125,5.558750152587891,4.977487087249756,708000
2002-12-02,5.625,5.65500020980835,5.400000095367432,5.446249961853027,4.876750946044922,1512000
2002-12-03,5.502500057220459,5.598750114440918,5.21875,5.566249847412109,4.984204292297363,3972000
2002-12-04,5.534999847412109,5.605000019073486,5.426249980926514,5.56125020980835,4.97972583770752,1396800
2002-12-05,5.587500095367432,5.587500095367432,5.4375,5.486249923706055,4.912568092346191,1056000
2002-12-06,5.425000190734863,5.574999809265137,5.25,5.481249809265137,4.9080915451049805,1805600
2002-12-09,5.462500095367432,5.462500095367432,5.28125,5.302499771118164,4.7480316162109375,865600
2002-12-10,5.300000190734863,5.400000095367432,5.275000095367432,5.329999923706055,4.77265739440918,1108000
2002-12-11,5.331250190734863,5.375,5.162499904632568,5.278749942779541,4.726766109466553,1810400
2002-12-12,5.233749866485596,5.28125,5.137499809265137,5.192500114440918,4.649534702301025,1252800
2002-12-13,5.1875,5.206250190734863,5.131249904632568,5.146249771118164,4.6081223487854,1826400
2002-12-16,5.183750152587891,5.385000228881836,5.175000190734863,5.383749961853027,4.8207855224609375,2500000
2002-12-17,5.393750190734863,5.40625,5.125,5.210000038146973,4.665205955505371,1675200
2002-12-18,5.25,5.28125,4.860000133514404,5.122499942779541,4.586855888366699,2340000
2002-12-19,5.087500095367432,5.173749923706055,4.93874979019165,4.993750095367432,4.471567153930664,2104000
2002-12-20,4.957499980926514,5.03125,4.877500057220459,4.889999866485596,4.378665924072266,1908000
2002-12-23,4.763750076293945,4.81125020980835,4.53125,4.581250190734863,4.102202892303467,3016000
2002-12-24,4.517499923706055,4.525000095367432,4.28249979019165,4.37624979019165,3.918638229370117,3100800
2002-12-26,4.397500038146973,4.651249885559082,4.239999771118164,4.619999885559082,4.136900424957275,2971200
2002-12-27,4.625,4.784999847412109,4.5,4.701250076293945,4.209653854370117,2329600
2002-12-30,4.701250076293945,4.836249828338623,4.448750019073486,4.8125,4.309270858764648,3171200
2002-12-31,4.824999809265137,4.824999809265137,4.699999809265137,4.699999809265137,4.208534240722656,2108000
2003-01-02,4.757500171661377,4.982500076293945,4.632500171661377,4.960000038146973,4.441346168518066,2246400
2003-01-03,4.96875,4.981249809265137,4.818749904632568,4.981249809265137,4.460376262664795,1546400
2003-01-06,4.992499828338623,5.21875,4.926249980926514,5.101250171661377,4.567827224731445,2528000
2003-01-07,5.426249980926514,5.507500171661377,5.193749904632568,5.212500095367432,4.66744327545166,3959200
2003-01-08,5.230000019073486,5.31125020980835,5.078750133514404,5.275000095367432,4.72340726852417,2344000
2003-01-09,5.296249866485596,5.432499885559082,5.25,5.369999885559082,4.80847692489624,3472800
2003-01-10,5.341249942779541,5.40500020980835,5.291250228881836,5.324999809265137,4.768179416656494,1734400
2003-01-13,5.317500114440918,5.409999847412109,5.28000020980835,5.28000020980835,4.727885723114014,1702400
2003-01-14,5.349999904632568,5.353750228881836,5.1875,5.328750133514404,4.771536350250244,1436800
2003-01-15,5.375,5.393750190734863,5.262499809265137,5.355000019073486,4.795044422149658,1629600
2003-01-16,5.318749904632568,5.462500095367432,5.261250019073486,5.289999961853027,4.736840724945068,1800000
2003-01-17,5.178750038146973,5.375,5.143750190734863,5.164999961853027,4.624910831451416,1768800
2003-01-21,5.103750228881836,5.159999847412109,4.71999979019165,4.866250038146973,4.357398509979248,3089600
2003-01-22,4.775000095367432,5.070000171661377,4.75,4.860000133514404,4.351803779602051,1763200
2003-01-23,4.90625,5.006249904632568,4.767499923706055,4.824999809265137,4.320461750030518,3125600
2003-01-24,5.119999885559082,5.137499809265137,4.926249980926514,5.053750038146973,4.525293350219727,9542400
2003-01-27,4.911250114440918,5.0625,4.861249923706055,4.96750020980835,4.448063850402832,2647200
2003-01-28,4.987500190734863,5.056250095367432,4.772500038146973,4.824999809265137,4.320461750030518,2798400
2003-01-29,4.806250095367432,4.9375,4.618750095367432,4.863749980926514,4.355161190032959,3705600
2003-01-30,4.893750190734863,4.917500019073486,4.606249809265137,4.633749961853027,4.149211883544922,3144800
2003-01-31,4.590000152587891,4.71875,4.590000152587891,4.613749980926514,4.131302356719971,2095200
2003-02-03,4.613749980926514,4.637499809265137,4.443749904632568,4.545000076293945,4.069742679595947,2448000
2003-02-04,4.53125,4.590000152587891,4.425000190734863,4.46750020980835,4.000345230102539,2366400
2003-02-05,4.46999979019165,4.599999904632568,4.40625,4.50124979019165,4.030567646026611,2380000
2003-02-06,4.533750057220459,4.547500133514404,4.383749961853027,4.409999847412109,3.948859214782715,1517600
2003-02-07,4.37624979019165,4.412499904632568,4.096250057220459,4.177499771118164,3.7406702041625977,5256800
2003-02-10,4.15500020980835,4.183750152587891,3.974999904632568,3.997499942779541,3.5794925689697266,4905600
2003-02-11,3.9912500381469727,4.059999942779541,3.956249952316284,3.9774999618530273,3.561583995819092,3421600
2003-02-12,3.987499952316284,4.019999980926514,3.799999952316284,3.916249990463257,3.506739854812622,4481600
2003-02-13,3.912499904632568,4.117499828338623,3.805000066757202,4.06125020980835,3.6365768909454346,4044000
2003-02-14,4.06125020980835,4.321249961853027,4.06125020980835,4.275000095367432,3.8279755115509033,4894400
2003-02-18,4.324999809265137,4.497499942779541,4.263750076293945,4.489999771118164,4.020493030548096,3933600
2003-02-19,4.49875020980835,4.5,4.3125,4.331250190734863,3.878345489501953,3303200
2003-02-20,4.351250171661377,4.351250171661377,4.15625,4.275000095367432,3.8279755115509033,2259200
2003-02-21,4.297500133514404,4.337500095367432,4.21875,4.267499923706055,3.821260929107666,1376800
2003-02-24,4.284999847412109,4.318749904632568,4.256249904632568,4.317500114440918,3.8660309314727774,2724000
2003-02-25,4.262499809265137,4.317500114440918,4.236249923706055,4.275000095367432,3.8279755115509033,2134400
2003-02-26,4.262499809265137,4.269999980926514,4.125,4.202499866485596,3.763056755065918,1906400
2003-02-27,4.074999809265137,4.202499866485596,4.074999809265137,4.182499885559082,3.745148181915283,2856800
2003-02-28,4.130000114440918,4.256249904632568,4.12624979019165,4.133749961853027,3.701496601104736,2354400
2003-03-03,4.086249828338623,4.153749942779541,3.981250047683716,4.016250133514404,3.5962822437286377,2192800
2003-03-04,3.9462499618530273,4.125,3.934999942779541,4.114999771118164,3.6847057342529297,1737600
2003-03-05,4.025000095367432,4.090000152587891,3.859999895095825,3.922499895095825,3.5123353004455566,2637600
2003-03-06,3.922499895095825,3.956249952316284,3.672499895095825,3.9287500381469727,3.5179319381713867,4188000
2003-03-07,3.881249904632568,3.9375,3.78125,3.918750047683716,3.5089778900146484,4478400
2003-03-10,3.856250047683716,3.912499904632568,3.700000047683716,3.7174999713897705,3.3287720680236816,3670400
2003-03-11,3.881249904632568,4.03125,3.8524999618530273,3.987499952316284,3.570537805557251,7784800
2003-03-12,4.025000095367432,4.03000020980835,3.831249952316284,3.931250095367432,3.520170450210572,17486400
2003-03-13,3.9287500381469727,4.273749828338623,3.881249904632568,4.263750076293945,3.817901849746704,5102400
2003-03-14,4.255000114440918,4.341249942779541,4.074999809265137,4.125,3.693660497665405,4941600
2003-03-17,4.082499980926514,4.375,4.03125,4.351250171661377,3.896252870559693,3885600
2003-03-18,4.37375020980835,4.375,4.230000019073486,4.333749771118164,3.880582332611084,3183200
2003-03-19,4.337500095367432,4.416250228881836,4.264999866485596,4.295000076293945,3.845883369445801,2609600
2003-03-20,4.260000228881836,4.394999980926514,4.15625,4.349999904632568,3.8951334953308105,2488000
2003-03-21,4.400000095367432,4.4375,4.28125,4.422500133514404,3.960051059722901,2503200
2003-03-24,4.34499979019165,4.34499979019165,4.212500095367432,4.231249809265137,3.788799524307251,1377600
2003-03-25,4.25,4.300000190734863,4.18625020980835,4.212500095367432,3.7720110416412354,1640000
2003-03-26,4.24875020980835,4.275000095367432,4.198750019073486,4.256249904632568,3.811185836791992,3756000
2003-03-27,4.232500076293945,4.3125,4.199999809265137,4.263750076293945,3.817901849746704,1631200
2003-03-28,4.261250019073486,4.277500152587891,4.224999904632568,4.231249809265137,3.788799524307251,629600
2003-03-31,4.21875,4.223750114440918,4.034999847412109,4.127500057220459,3.695899248123169,3148800
2003-04-01,4.206250190734863,4.208749771118164,4.074999809265137,4.144999980926514,3.71156907081604,1593600
2003-04-02,4.127500057220459,4.443749904632568,4.083749771118164,4.368750095367432,3.911920309066773,3696800
2003-04-03,4.385000228881836,4.651249885559082,4.375,4.565000057220459,4.087650775909424,5720800
2003-04-04,4.585000038146973,4.690000057220459,4.482500076293945,4.650000095367432,4.163763523101807,3747200
2003-04-07,4.791250228881836,4.841249942779541,4.637499809265137,4.663750171661377,4.176074981689453,3525600
2003-04-08,4.65625,4.701250076293945,4.587500095367432,4.641250133514404,4.155928134918213,1907200
2003-04-09,4.639999866485596,4.724999904632568,4.612500190734863,4.668749809265137,4.1805524826049805,1600000
2003-04-10,4.6875,4.864999771118164,4.597499847412109,4.690000057220459,4.199580192565918,1216000
2003-04-11,4.71750020980835,4.78000020980835,4.671249866485596,4.703750133514404,4.211893081665039,1528800
2003-04-14,4.742499828338623,4.852499961853027,4.741250038146973,4.823750019073486,4.319345474243164,2148000
2003-04-15,4.862500190734863,4.932499885559082,4.737500190734863,4.862500190734863,4.354043006896973,3830400
2003-04-16,4.987500190734863,5.431250095367432,4.952499866485596,5.3125,4.75698709487915,9504800
2003-04-17,5.298749923706055,5.418749809265137,5.25,5.363749980926514,4.802876949310303,1647200
2003-04-21,5.394999980926514,5.412499904632568,5.255000114440918,5.300000190734863,4.745795249938965,1693600
2003-04-22,5.25,5.288750171661377,5.164999961853027,5.237500190734863,4.689830303192139,4202400
2003-04-23,5.166250228881836,5.262499809265137,5.125,5.173749923706055,4.63274621963501,2315200
2003-04-24,5.138750076293945,5.212500095367432,5.106249809265137,5.146249771118164,4.6081223487854,1386400
2003-04-25,5.127500057220459,5.268750190734863,5.125,5.228750228881836,4.681995391845703,1368000
2003-04-28,5.293749809265137,5.362500190734863,5.269999980926514,5.306250095367432,4.751389980316162,2415200
2003-04-29,5.306250095367432,5.336249828338623,5.28249979019165,5.3125,4.75698709487915,1115200
2003-04-30,5.324999809265137,5.331250190734863,5.193749904632568,5.289999961853027,4.736840724945068,1863200
2003-05-01,5.271249771118164,5.306250095367432,5.242499828338623,5.25124979019165,4.702141284942627,976000
2003-05-02,5.298749923706055,5.743750095367432,5.24875020980835,5.603750228881836,5.017782688140869,6620000
2003-05-05,5.651249885559082,5.776249885559082,5.525000095367432,5.568749904632568,4.9864420890808105,5076800
2003-05-06,5.581250190734863,5.638750076293945,5.466249942779541,5.528749942779541,4.950625419616699,2751200
2003-05-07,5.53125,5.581250190734863,5.449999809265137,5.486249923706055,4.912568092346191,2420000
2003-05-08,5.46999979019165,5.518750190734863,5.34375,5.451250076293945,4.881228923797607,2329600
2003-05-09,5.5,5.550000190734863,5.432499885559082,5.451250076293945,4.881228923797607,2706400
2003-05-12,5.461249828338623,5.676249980926514,5.425000190734863,5.607500076293945,5.021140575408936,5601600
2003-05-13,5.6875,5.692500114440918,5.456250190734863,5.641250133514404,5.051361560821533,2864000
2003-05-14,5.65625,5.737500190734863,5.625,5.644999980926514,5.054717063903809,2566400
2003-05-15,5.625,5.724999904632568,5.416250228881836,5.545000076293945,4.965175151824951,3577600
2003-05-16,5.494999885559082,5.558750152587891,5.417500019073486,5.431250095367432,4.863319396972656,2128000
2003-05-19,5.37624979019165,5.391250133514404,4.78125,5.276249885559082,4.724527359008789,10008800
2003-05-20,5.293749809265137,5.375,5.1875,5.272500038146973,4.721170425415039,3685600
2003-05-21,5.230000019073486,5.400000095367432,5.212500095367432,5.375,4.812952041625977,2284000
2003-05-22,5.375,5.462500095367432,5.348750114440918,5.375,4.812952041625977,2427200
2003-05-23,5.375,5.40500020980835,5.336249828338623,5.37624979019165,4.814069747924805,791200
2003-05-27,5.366250038146973,5.448750019073486,5.3125,5.427499771118164,4.859962463378906,1101600
2003-05-28,5.393750190734863,5.612500190734863,5.393750190734863,5.525000095367432,4.947267532348633,1550400
2003-05-29,5.538750171661377,5.635000228881836,5.449999809265137,5.568749904632568,4.9864420890808105,1528800
2003-05-30,5.570000171661377,5.675000190734863,5.556250095367432,5.662499904632568,5.070389270782471,1125600
2003-06-02,5.679999828338623,5.965000152587891,5.637499809265137,5.75,5.148737907409668,4620000
2003-06-03,5.762499809265137,5.90749979019165,5.675000190734863,5.90749979019165,5.289769172668457,3030400
2003-06-04,5.921249866485596,6.139999866485596,5.878749847412109,6.110000133514404,5.471095561981201,3392000
2003-06-05,6.065000057220459,6.336249828338623,6.045000076293945,6.168749809265137,5.5237016677856445,3217600
2003-06-06,6.207499980926514,6.5,6.053750038146973,6.078750133514404,5.443111419677734,3940000
2003-06-09,6.06125020980835,6.175000190734863,5.93874979019165,5.963749885559082,5.340137004852295,1300800
2003-06-10,6.018750190734863,6.21750020980835,5.981249809265137,6.184999942779541,5.5382513999938965,1781600
2003-06-11,6.21875,6.25,6.131249904632568,6.25,5.596457004547119,1610400
2003-06-12,6.24875020980835,6.25,6.131249904632568,6.21750020980835,5.567355155944824,1335200
2003-06-13,6.198750019073486,6.302499771118164,6.190000057220459,6.255000114440918,5.600933074951172,2285600
2003-06-16,6.262499809265137,6.605000019073486,6.262499809265137,6.538750171661377,5.855011940002441,4077600
2003-06-17,6.621250152587891,6.648749828338623,6.443749904632568,6.49875020980835,5.819194793701172,1963200
2003-06-18,6.413750171661377,6.466249942779541,6.284999847412109,6.362500190734863,5.697192192077637,1852800
2003-06-19,6.362500190734863,6.393750190734863,5.981249809265137,6.101250171661377,5.463260173797607,3405600
2003-06-20,6.118750095367432,6.199999809265137,6.006249904632568,6.081250190734863,5.445350646972656,2415200
2003-06-23,6.0625,6.125,5.75,5.882500171661377,5.2673845291137695,2795200
2003-06-24,5.87624979019165,6.0,5.818749904632568,5.868750095367432,5.25507116317749,2856000
2003-06-25,5.869999885559082,6.033750057220459,5.869999885559082,5.918749809265137,5.299844264984131,3172000
2003-06-26,5.93625020980835,5.986249923706055,5.896249771118164,5.918749809265137,5.299844264984131,2148800
2003-06-27,5.888750076293945,6.021249771118164,5.888750076293945,5.93625020980835,5.315512657165527,2392000
2003-06-30,5.962500095367432,5.987500190734863,5.855000019073486,5.920000076293945,5.300962448120117,2385600
2003-07-01,5.920000076293945,5.96875,5.824999809265137,5.926249980926514,5.306560516357422,2080000
2003-07-02,5.96875,6.014999866485596,5.858749866485596,5.912499904632568,5.294247150421143,1752800
2003-07-03,5.888750076293945,5.929999828338623,5.756249904632568,5.892499923706055,5.27633810043335,3003200
2003-07-07,5.931250095367432,6.15500020980835,5.900000095367432,6.12375020980835,5.483407974243164,2088800
2003-07-08,6.125,6.416250228881836,6.12375020980835,6.381249904632568,5.7139811515808105,2533600
2003-07-09,6.3125,6.432499885559082,6.24875020980835,6.25124979019165,5.597575664520264,2094400
2003-07-10,6.237500190734863,6.237500190734863,6.112500190734863,6.131249904632568,5.4901204109191895,1158400
2003-07-11,6.173749923706055,6.364999771118164,6.173749923706055,6.353750228881836,5.689357280731201,1446400
2003-07-14,6.396249771118164,6.591249942779541,6.375,6.591249942779541,5.902022361755371,2512800
2003-07-15,6.5,6.548749923706055,6.421249866485596,6.481249809265137,5.803524017333984,3012800
2003-07-16,6.402500152587891,6.427499771118164,6.125,6.269999980926514,5.6143646240234375,2946400
2003-07-17,6.166250228881836,6.328750133514404,6.166250228881836,6.208749771118164,5.559518337249756,4483200
2003-07-18,6.212500095367432,6.247499942779541,6.09375,6.190000057220459,5.542728900909424,2806400
2003-07-21,6.25,6.40625,6.226250171661377,6.37624979019165,5.709503173828125,2276800
2003-07-22,6.43625020980835,6.59375,6.375,6.578750133514404,5.890828609466553,2201600
2003-07-23,6.568749904632568,7.068749904632568,6.568749904632568,6.956250190734863,6.228856086730957,4740800
2003-07-24,7.026249885559082,7.150000095367432,6.885000228881836,7.0,6.26802921295166,3776000
2003-07-25,6.987500190734863,7.03125,6.84499979019165,6.921249866485596,6.197516441345215,1462400
2003-07-28,6.922500133514404,6.987500190734863,6.822500228881836,6.960000038146973,6.232211589813232,1206400
2003-07-29,6.943749904632568,6.949999809265137,6.81374979019165,6.93874979019165,6.213184833526611,1929600
2003-07-30,6.949999809265137,7.043749809265137,6.889999866485596,6.993750095367432,6.262434005737305,1323200
2003-07-31,6.931250095367432,6.991250038146973,6.875,6.925000190734863,6.200873374938965,1939200
2003-08-01,6.922500133514404,7.012499809265137,6.856249809265137,6.963749885559082,6.235569477081299,1723200
2003-08-04,6.949999809265137,6.981249809265137,6.722499847412109,6.849999904632568,6.13371467590332,2083200
2003-08-05,6.847499847412109,6.853750228881836,6.71875,6.727499961853027,6.0240254402160645,1782400
2003-08-06,6.71875,6.800000190734863,6.659999847412109,6.71750020980835,6.015071392059326,1625600
2003-08-07,6.716249942779541,6.793749809265137,6.681250095367432,6.776249885559082,6.067676067352295,1384800
2003-08-08,6.792500019073486,6.793749809265137,6.581250190734863,6.681250095367432,5.982611656188965,1659200
2003-08-11,6.701250076293945,6.888750076293945,6.68625020980835,6.848750114440918,6.132595062255859,1472000
2003-08-12,6.856249809265137,7.03249979019165,6.855000019073486,6.96875,6.240048408508301,1792800
2003-08-13,6.974999904632568,7.324999809265137,6.957499980926514,7.201250076293945,6.448235988616943,3898400
2003-08-14,7.25,7.28125,7.1875,7.25124979019165,6.493006706237793,2060800
2003-08-15,7.226250171661377,7.28125,7.162499904632568,7.28125,6.519870758056641,763200
2003-08-18,7.28125,7.797500133514404,7.25,7.743750095367432,6.934008121490479,4226400
2003-08-19,7.8125,8.085000038146973,7.769999980926514,8.074999809265137,7.230621814727783,5073600
2003-08-20,8.056249618530273,8.34375,7.982500076293945,8.073749542236328,7.2295002937316895,6476000
2003-08-21,8.018750190734863,8.1274995803833,7.956250190734863,8.09375,7.247410297393799,2416800
2003-08-22,8.199999809265137,8.382499694824219,8.0,8.102499961853027,7.255244255065918,2226800
2003-08-25,8.260000228881836,8.260000228881836,7.9375,8.022500038146973,7.183609962463379,1651200
2003-08-26,7.822500228881836,8.182499885559082,7.822500228881836,8.147500038146973,7.295538902282715,1672400
2003-08-27,8.162500381469727,8.487500190734863,8.119999885559082,8.362500190734863,7.4880571365356445,2634800
2003-08-28,8.477499961853027,8.78499984741211,8.27750015258789,8.677499771118164,7.770118713378906,3059600
2003-08-29,8.75,8.862500190734863,8.460000038146973,8.625,7.723109722137451,1961600
2003-09-02,8.817500114440918,8.975000381469727,8.630000114440918,8.907500267028809,7.976070880889893,2039200
2003-09-03,9.050000190734863,9.087499618530272,8.869999885559082,8.90250015258789,7.971591472625732,1565200
2003-09-04,8.925000190734863,9.024999618530272,8.725000381469727,8.800000190734863,7.8798089027404785,2092400
2003-09-05,8.822500228881836,8.859999656677246,8.59749984741211,8.692500114440918,7.783548831939697,1733600
2003-09-08,8.697500228881836,8.84000015258789,8.619999885559082,8.762499809265137,7.84622859954834,1981200
2003-09-09,8.75,8.78499984741211,8.412500381469727,8.425000190734863,7.544022083282471,3709600
2003-09-10,8.477499961853027,8.552499771118164,8.329999923706055,8.47249984741211,7.586554050445557,1936000
2003-09-11,8.5,8.875,8.5,8.802499771118164,7.882048606872559,2804000
2003-09-12,8.800000190734863,8.862500190734863,8.725000381469727,8.84749984741211,7.922342300415039,1182400
2003-09-15,8.842499732971191,9.039999961853027,8.725000381469727,8.962499618530273,8.025315284729004,2053600
2003-09-16,8.970000267028809,9.050000190734863,8.920000076293945,9.024999618530272,8.081283569335938,1162400
2003-09-17,8.837499618530273,8.912500381469727,8.699999809265137,8.8774995803833,7.949205875396728,2587200
2003-09-18,8.932499885559082,9.232500076293944,8.907500267028809,9.182499885559082,8.222311973571777,2460400
2003-09-19,9.25,9.274999618530272,9.0625,9.1899995803833,8.22902774810791,1146000
2003-09-22,9.037500381469728,9.167499542236328,8.962499618530273,9.077500343322754,8.128291130065918,977200
2003-09-23,9.202500343322754,9.475000381469728,9.1274995803833,9.38249969482422,8.401396751403809,1361600
2003-09-24,9.412500381469728,9.524999618530272,9.287500381469728,9.337499618530272,8.361104965209961,1892400
2003-09-25,9.337499618530272,9.4975004196167,9.077500343322754,9.085000038146973,8.135007858276367,1210800
2003-09-26,9.067500114440918,9.085000038146973,8.602499961853027,8.7475004196167,7.832796573638916,2642400
2003-09-29,8.680000305175781,8.912500381469727,8.5,8.787500381469727,7.868616580963135,1681600
2003-09-30,8.600000381469727,8.649999618530273,8.164999961853027,8.202500343322754,7.344788074493408,7116400
2003-10-01,8.085000038146973,8.672499656677246,7.837500095367432,8.582500457763672,7.685051918029785,5612000
2003-10-02,8.647500038146973,8.772500038146973,8.4350004196167,8.59749984741211,7.698483943939209,2594000
2003-10-03,8.699999809265137,8.90999984741211,8.607500076293945,8.657500267028809,7.75221061706543,2300800
2003-10-06,8.755000114440918,8.904999732971191,8.59000015258789,8.852499961853027,7.926821231842041,2356800
2003-10-07,8.907500267028809,8.9375,8.5625,8.875,7.946969985961914,1578800
2003-10-08,8.875,8.907500267028809,8.582500457763672,8.7524995803833,7.837276458740234,1436400
2003-10-09,8.869999885559082,9.199999809265137,8.75,9.149999618530272,8.193211555480957,2239200
2003-10-10,9.137499809265137,9.300000190734863,8.96500015258789,9.25,8.282756805419922,1558800
2003-10-13,9.3149995803833,9.425000190734863,9.017499923706056,9.225000381469728,8.260369300842285,2225600
2003-10-14,9.25,9.755000114440918,9.175000190734863,9.755000114440918,8.734947204589844,3644400
2003-10-15,9.767499923706056,9.887499809265137,9.602499961853027,9.772500038146973,8.750619888305664,2199600
2003-10-16,9.6875,9.787500381469728,9.55500030517578,9.675000190734863,8.663314819335938,1229200
2003-10-17,9.707500457763672,9.927499771118164,9.609999656677246,9.609999656677246,8.605111122131348,2761600
2003-10-20,9.63249969482422,10.039999961853027,9.625,9.920000076293944,8.882692337036133,2778800
2003-10-21,9.9375,10.38249969482422,9.875,10.337499618530272,9.256535530090332,3150000
2003-10-22,10.337499618530272,10.337499618530272,9.9375,10.167499542236328,9.104312896728516,2729600
2003-10-23,10.015000343322754,10.140000343322754,9.942500114440918,10.074999809265137,9.021485328674316,2160800
2003-10-24,10.0625,10.18000030517578,10.032500267028809,10.137499809265137,9.077448844909668,1424800
2003-10-27,10.317500114440918,10.449999809265137,10.175000190734863,10.324999809265137,9.245343208312988,1848000
2003-10-28,10.425000190734863,10.649999618530272,10.332500457763672,10.649999618530272,9.536358833312988,1292400
2003-10-29,10.682499885559082,10.837499618530272,10.637499809265137,10.8125,9.681867599487305,1452400
2003-10-30,11.047499656677246,11.047499656677246,10.342499732971191,10.364999771118164,9.28115940093994,2808400
2003-10-31,10.350000381469728,10.52750015258789,10.265000343322754,10.510000228881836,9.411001205444336,3066000
2003-11-03,10.602499961853027,10.899999618530272,10.585000038146973,10.875,9.737832069396973,2150800
2003-11-04,10.86750030517578,10.989999771118164,10.699999809265137,10.852499961853027,9.71768569946289,1277200
2003-11-05,10.887499809265137,10.967499732971191,10.649999618530272,10.96500015258789,9.818422317504885,1166000
2003-11-06,10.725000381469728,10.772500038146973,10.5,10.6274995803833,9.516210556030272,2815200
2003-11-07,10.6875,10.792499542236328,10.5,10.567500114440918,9.46248722076416,1320800
2003-11-10,10.5625,10.587499618530272,10.212499618530272,10.232500076293944,9.162515640258787,2250400
2003-11-11,10.202500343322754,10.49250030517578,10.199999809265137,10.357500076293944,9.274447441101074,1319200
2003-11-12,10.324999809265137,10.6274995803833,10.324999809265137,10.40250015258789,9.31474494934082,1748800
2003-11-13,10.362500190734863,10.522500038146973,10.302499771118164,10.3100004196167,9.231914520263672,1028400
2003-11-14,10.359999656677246,10.552499771118164,10.137499809265137,10.202500343322754,9.13565444946289,1636400
2003-11-17,10.137499809265137,10.25,9.987500190734863,10.09000015258789,9.034917831420898,1844400
2003-11-18,10.050000190734863,10.3125,10.012499809265137,10.057499885559082,9.005813598632812,1957600
2003-11-19,10.164999961853027,10.237500190734863,10.005000114440918,10.104999542236328,9.048347473144531,1121200
2003-11-20,10.057499885559082,10.204999923706056,10.00749969482422,10.072500228881836,9.019248962402344,1318800
2003-11-21,10.212499618530272,10.34749984741211,10.140000343322754,10.30500030517578,9.227436065673828,1626000
2003-11-24,10.397500038146973,10.6875,10.345000267028809,10.6225004196167,9.511734008789062,1566800
2003-11-25,10.7475004196167,10.84749984741211,10.637499809265137,10.8125,9.681867599487305,1561200
2003-11-26,10.954999923706056,10.982500076293944,10.457500457763672,10.787500381469728,9.6594820022583,1141200
2003-11-28,10.717499732971191,10.925000190734863,10.662500381469728,10.885000228881836,9.746788024902344,369600
2003-12-01,11.114999771118164,11.217499732971191,10.899999618530272,11.047499656677246,9.892294883728027,1272800
2003-12-02,11.0,11.042499542236328,10.887499809265137,10.899999618530272,9.760215759277344,1400000
2003-12-03,10.890000343322754,11.112500190734863,10.5,10.5,9.402044296264648,1831600
2003-12-04,10.5,10.6225004196167,10.270000457763672,10.5,9.402044296264648,2574000
2003-12-05,10.4350004196167,10.512499809265137,9.962499618530272,10.072500228881836,9.019248962402344,2783200
2003-12-08,10.0,10.295000076293944,9.279999732971191,9.635000228881836,8.627496719360352,6946800
2003-12-09,9.574999809265137,9.727499961853027,9.335000038146973,9.397500038146973,8.414833068847656,2703200
2003-12-10,9.3125,9.49250030517578,9.125,9.364999771118164,8.385729789733887,3856800
2003-12-11,9.302499771118164,9.725000381469728,9.282500267028809,9.614999771118164,8.609585762023926,1684800
2003-12-12,9.8149995803833,9.987500190734863,9.649999618530272,9.957500457763672,8.916272163391113,2246800
2003-12-15,10.302499771118164,10.375,9.767499923706056,9.800000190734863,8.77524471282959,2479200
2003-12-16,9.734999656677246,9.875,9.600000381469728,9.765000343322754,8.743903160095215,2997600
2003-12-17,9.824999809265137,10.005000114440918,9.734999656677246,9.864999771118164,8.833446502685547,1802800
2003-12-18,9.832500457763672,10.0600004196167,9.692500114440918,10.052499771118164,9.001337051391602,1068400
2003-12-19,10.095000267028809,10.09749984741211,9.75749969482422,9.8725004196167,8.840160369873047,1164800
2003-12-22,9.80500030517578,9.9375,9.645000457763672,9.779999732971191,8.757331848144531,980400
2003-12-23,9.672499656677246,9.852499961853027,9.637499809265137,9.832500457763672,8.804343223571777,1172400
2003-12-24,9.8149995803833,9.8149995803833,9.6850004196167,9.712499618530272,8.696889877319336,348400
2003-12-26,9.6850004196167,9.845000267028809,9.602499961853027,9.737500190734863,8.719276428222656,702000
2003-12-29,9.770000457763672,9.97249984741211,9.667499542236328,9.927499771118164,8.889409065246582,987200
2003-12-30,9.8149995803833,9.960000038146973,9.7524995803833,9.887499809265137,8.853591918945312,897200
2003-12-31,9.9399995803833,9.960000038146973,9.720000267028809,9.7475004196167,8.728231430053711,1372400
2004-01-02,9.734999656677246,9.96500015258789,9.682499885559082,9.842499732971191,8.813299179077148,1358800
2004-01-05,9.9399995803833,10.047499656677246,9.857500076293944,9.947500228881836,8.907320022583008,1238400
2004-01-06,9.94499969482422,10.012499809265137,9.8125,9.899999618530272,8.864787101745605,1424000
2004-01-07,10.0024995803833,10.09749984741211,9.774999618530272,10.072500228881836,9.019248962402344,1081200
2004-01-08,10.175000190734863,10.25,10.0,10.05500030517578,9.003578186035156,742400
2004-01-09,9.9375,10.125,9.81999969482422,10.02750015258789,8.97895336151123,1076800
2004-01-12,9.869999885559082,10.19499969482422,9.869999885559082,9.979999542236328,8.936419486999512,1187600
2004-01-13,9.88249969482422,9.977499961853027,9.762499809265137,9.9350004196167,8.896127700805664,1015600
2004-01-14,10.0,10.03499984741211,9.8125,9.892499923706056,8.858068466186523,1019200
2004-01-15,9.90999984741211,10.0,9.69499969482422,9.947500228881836,8.907320022583008,702800
2004-01-16,9.979999542236328,10.012499809265137,9.762499809265137,9.8125,8.786432266235352,1846000
2004-01-20,9.7475004196167,9.795000076293944,9.324999809265137,9.725000381469728,8.708086013793945,2451600
2004-01-21,10.149999618530272,11.175000190734863,10.149999618530272,11.0,9.849761009216309,11627600
2004-01-22,10.9399995803833,11.107500076293944,10.614999771118164,10.625,9.5139741897583,2341200
2004-01-23,10.5625,11.454999923706056,10.557499885559082,11.114999771118164,9.95273780822754,3242800
2004-01-26,11.037500381469728,11.079999923706056,10.75749969482422,10.887499809265137,9.7490234375,2434400
2004-01-27,10.890000343322754,11.022500038146973,10.727499961853027,10.832500457763672,9.69977569580078,2321200
2004-01-28,10.987500190734863,10.987500190734863,10.467499732971191,10.539999961853027,9.437864303588867,2878000
2004-01-29,10.5600004196167,10.737500190734863,10.30500030517578,10.4399995803833,9.348319053649902,1976800
2004-01-30,10.425000190734863,10.619999885559082,10.412500381469728,10.587499618530272,9.480395317077637,1154000
2004-02-02,10.5649995803833,10.75,10.449999809265137,10.55500030517578,9.45129108428955,1225600
2004-02-03,10.637499809265137,10.699999809265137,10.25,10.345000267028809,9.263254165649414,1836800
2004-02-04,10.265000343322754,10.425000190734863,10.175000190734863,10.19499969482422,9.128936767578123,1748800
2004-02-05,10.164999961853027,10.375,10.137499809265137,10.28499984741211,9.209527969360352,1494000
2004-02-06,10.332500457763672,10.53499984741211,10.274999618530272,10.522500038146973,9.42219352722168,1872000
2004-02-09,10.630000114440918,10.737500190734863,10.512499809265137,10.63249969482422,9.520686149597168,1218000
2004-02-10,10.579999923706056,10.720000267028809,10.329999923706056,10.56999969482422,9.464723587036133,1542000
2004-02-11,10.667499542236328,10.932499885559082,10.612500190734863,10.932499885559082,9.78931999206543,2018400
2004-02-12,10.904999732971191,10.922499656677246,10.725000381469728,10.75,9.625904083251951,986000
2004-02-13,10.779999732971191,10.862500190734863,10.625,10.625,9.5139741897583,841200
2004-02-17,10.637499809265137,10.817500114440918,10.4375,10.75,9.625904083251951,1341200
2004-02-18,10.640000343322754,10.892499923706056,10.612500190734863,10.875,9.737832069396973,1639600
2004-02-19,10.897500038146973,10.897500038146973,10.5,10.537500381469728,9.435624122619627,1931200
2004-02-20,10.537500381469728,10.609999656677246,10.274999618530272,10.537500381469728,9.435624122619627,1170400
2004-02-23,10.412500381469728,10.522500038146973,10.25,10.317500114440918,9.238629341125488,1141600
2004-02-24,10.267499923706056,10.522500038146973,10.2524995803833,10.510000228881836,9.411001205444336,1385200
2004-02-25,10.524999618530272,10.692500114440918,10.512499809265137,10.63249969482422,9.520686149597168,1215200
2004-02-26,10.649999618530272,10.795000076293944,10.574999809265137,10.662500381469728,9.547552108764648,972000
2004-02-27,10.662500381469728,10.789999961853027,10.550000190734863,10.704999923706056,9.58560848236084,700800
2004-03-01,10.729999542236328,10.84000015258789,10.6850004196167,10.81999969482422,9.68858242034912,923600
2004-03-02,10.824999809265137,10.989999771118164,10.767499923706056,10.837499618530272,9.70425510406494,681600
2004-03-03,10.795000076293944,10.875,10.710000038146973,10.84749984741211,9.71320629119873,680800
2004-03-04,10.797499656677246,11.0,10.707500457763672,10.982500076293944,9.834092140197754,805200
2004-03-05,10.899999618530272,11.03499984741211,10.835000038146973,11.0,9.849761009216309,625200
2004-03-08,11.095000267028809,11.095000267028809,10.767499923706056,10.789999961853027,9.66171932220459,906400
2004-03-09,10.802499771118164,10.8725004196167,10.587499618530272,10.63249969482422,9.520686149597168,924800
2004-03-10,10.625,10.712499618530272,10.517499923706056,10.52750015258789,9.426671981811523,1268000
2004-03-11,10.442500114440918,10.649999618530272,10.399999618530272,10.427499771118164,9.337122917175291,1306400
2004-03-12,10.425000190734863,10.524999618530272,10.25,10.524999618530272,9.424432754516602,944000
2004-03-15,10.5,10.585000038146973,10.177499771118164,10.177499771118164,9.113265991210938,797200
2004-03-16,10.362500190734863,10.362500190734863,9.9375,10.022500038146973,8.97447681427002,1703600
2004-03-17,9.975000381469728,10.204999923706056,9.967499732971191,10.164999961853027,9.102075576782228,1009600
2004-03-18,10.077500343322754,10.220000267028809,9.789999961853027,9.869999885559082,8.837920188903809,1706400
2004-03-19,9.975000381469728,9.975000381469728,9.699999809265137,9.720000267028809,8.703607559204102,1116800
2004-03-22,9.782500267028809,9.854999542236328,9.625,9.635000228881836,8.627496719360352,1934800
2004-03-23,9.75749969482422,9.890000343322754,9.662500381469728,9.760000228881836,8.739423751831055,998800
2004-03-24,9.859999656677246,9.887499809265137,9.642499923706056,9.657500267028809,8.64764404296875,816800
2004-03-25,9.75,10.0024995803833,9.729999542236328,9.9375,8.898367881774902,832800
2004-03-26,9.899999618530272,10.092499732971191,9.899999618530272,9.982500076293944,8.9386625289917,515200
2004-03-29,10.050000190734863,10.125,9.699999809265137,9.7475004196167,8.728231430053711,2084800
2004-03-30,9.707500457763672,9.774999618530272,9.645000457763672,9.762499809265137,8.74166488647461,2035600
2004-03-31,9.712499618530272,9.8125,9.649999618530272,9.68000030517578,8.667791366577148,1160800
2004-04-01,9.677499771118164,9.737500190734863,9.625,9.6875,8.674505233764648,1324400
2004-04-02,9.852499961853027,9.960000038146973,9.710000038146973,9.75,8.73047161102295,1679600
2004-04-05,9.770000457763672,9.807499885559082,9.63249969482422,9.729999542236328,8.712559700012207,1903200
2004-04-06,9.729999542236328,9.734999656677246,9.625,9.664999961853027,8.654356002807617,716800
2004-04-07,9.625,9.699999809265137,9.574999809265137,9.61750030517578,8.611825942993164,764400
2004-04-08,9.727499961853027,9.729999542236328,9.520000457763672,9.524999618530272,8.528999328613281,1164800
2004-04-12,9.512499809265137,9.75,9.5,9.71500015258789,8.699130058288574,1499200
2004-04-13,10.232500076293944,10.232500076293944,9.8125,9.97249984741211,8.929704666137695,3676000
2004-04-14,9.890000343322754,10.039999961853027,9.824999809265137,9.829999923706056,8.802105903625488,1579600
2004-04-15,9.822500228881836,9.975000381469728,9.792499542236328,9.817500114440918,8.790912628173828,874800
2004-04-16,9.755000114440918,10.109999656677246,9.532500267028809,10.095000267028809,9.039392471313477,2849600
2004-04-19,10.042499542236328,10.147500038146973,9.93000030517578,10.137499809265137,9.077448844909668,1105600
2004-04-20,10.149999618530272,10.417499542236328,10.09000015258789,10.25749969482422,9.18490219116211,2048400
2004-04-21,10.329999923706056,10.362500190734863,10.1875,10.362500190734863,9.278923034667969,881600
2004-04-22,10.380000114440918,10.712499618530272,10.289999961853027,10.6875,9.569939613342283,1505600
2004-04-23,10.74250030517578,10.74250030517578,10.475000381469728,10.612500190734863,9.502779960632324,773200
2004-04-26,10.640000343322754,10.6875,10.337499618530272,10.362500190734863,9.278923034667969,653600
2004-04-27,10.34749984741211,10.425000190734863,10.262499809265137,10.422499656677246,9.332649230957031,1117600
2004-04-28,10.342499732971191,10.462499618530272,10.1274995803833,10.232500076293944,9.162515640258787,928400
2004-04-29,10.287500381469728,10.297499656677246,9.887499809265137,9.897500038146973,8.862548828125,1103200
2004-04-30,9.890000343322754,9.9375,9.704999923706056,9.737500190734863,8.719276428222656,1976800
2004-05-03,9.782500267028809,9.84749984741211,9.407500267028809,9.505000114440918,8.511089324951172,2766400
2004-05-04,9.5649995803833,9.837499618530272,9.510000228881836,9.795000076293944,8.770764350891113,1428000
2004-05-05,9.862500190734863,10.0,9.817500114440918,9.837499618530272,8.808820724487305,1060400
2004-05-06,9.792499542236328,9.824999809265137,9.425000190734863,9.6274995803833,8.62077808380127,1249600
2004-05-07,9.515000343322754,9.772500038146973,9.012499809265137,9.024999618530272,8.081283569335938,2560800
2004-05-10,8.892499923706055,8.987500190734863,8.345000267028809,8.642499923706055,7.738779544830322,3490400
2004-05-11,8.78499984741211,9.225000381469728,8.78499984741211,9.107500076293944,8.155157089233398,2426800
2004-05-12,9.1225004196167,9.1225004196167,8.6875,8.994999885559082,8.054418563842773,2027600
2004-05-13,8.994999885559082,9.21500015258789,8.77750015258789,9.050000190734863,8.103666305541992,1774400
2004-05-14,9.074999809265137,9.167499542236328,8.850000381469727,8.949999809265137,8.014123916625977,1156800
2004-05-17,8.852499961853027,8.890000343322754,8.5625,8.77750015258789,7.859665393829346,1783200
2004-05-18,8.852499961853027,9.0625,8.779999732971191,8.890000343322754,7.960399627685547,1136400
2004-05-19,8.96500015258789,9.274999618530272,8.875,8.907500267028809,7.976070880889893,1588800
2004-05-20,8.982500076293945,8.992500305175781,8.717499732971191,8.824999809265137,7.902192115783691,1265600
2004-05-21,8.90999984741211,9.077500343322754,8.787500381469727,9.047499656677246,8.10142707824707,1282800
2004-05-24,9.072500228881836,9.199999809265137,9.050000190734863,9.167499542236328,8.208881378173828,1264400
2004-05-25,9.225000381469728,9.6875,9.125,9.619999885559082,8.614065170288086,1898800
2004-05-26,9.602499961853027,9.65250015258789,9.375,9.462499618530272,8.473034858703613,1153600
2004-05-27,9.524999618530272,9.667499542236328,9.4399995803833,9.582500457763672,8.580488204956055,903600
2004-05-28,9.53499984741211,9.642499923706056,9.442500114440918,9.63249969482422,8.625255584716797,671200
2004-06-01,9.675000190734863,9.802499771118164,9.5625,9.760000228881836,8.739423751831055,1233200
2004-06-02,9.835000038146973,9.84000015258789,9.475000381469728,9.682499885559082,8.670032501220703,1070000
2004-06-03,9.612500190734863,9.645000457763672,9.375,9.375,8.394682884216309,1076800
2004-06-04,9.46500015258789,9.53499984741211,9.317500114440918,9.327500343322754,8.352149963378906,812800
2004-06-07,9.397500038146973,9.55500030517578,9.335000038146973,9.545000076293944,8.54690933227539,1077600
2004-06-08,9.487500190734863,9.824999809265137,9.457500457763672,9.762499809265137,8.74166488647461,1211200
2004-06-09,9.837499618530272,9.837499618530272,9.612500190734863,9.614999771118164,8.609585762023926,772000
2004-06-10,9.587499618530272,9.75,9.475000381469728,9.5,8.506612777709961,806000
2004-06-14,9.457500457763672,9.517499923706056,9.322500228881836,9.43000030517578,8.443934440612793,1043200
2004-06-15,9.46500015258789,9.647500038146973,9.40250015258789,9.567500114440918,8.567052841186523,850000
2004-06-16,9.494999885559082,9.609999656677246,9.460000038146973,9.59000015258789,8.587200164794922,490400
2004-06-17,9.512499809265137,9.59749984741211,9.425000190734863,9.524999618530272,8.528999328613281,577600
2004-06-18,9.442500114440918,9.6875,9.417499542236328,9.654999732971191,8.645406723022461,989600
2004-06-21,9.582500457763672,9.8100004196167,9.5625,9.672499656677246,8.661073684692383,681600
2004-06-22,9.739999771118164,9.864999771118164,9.645000457763672,9.862500190734863,8.831206321716309,738000
2004-06-23,9.817500114440918,9.952500343322754,9.792499542236328,9.9399995803833,8.900602340698242,694800
2004-06-24,9.890000343322754,10.029999732971191,9.887499809265137,9.9975004196167,8.952091217041016,1004000
2004-06-25,10.042499542236328,10.545000076293944,9.975000381469728,10.397500038146973,9.310261726379396,2603600
2004-06-28,10.387499809265137,10.520000457763672,10.369999885559082,10.390000343322754,9.303546905517578,1742800
2004-06-29,10.387499809265137,10.524999618530272,10.322500228881836,10.342499732971191,9.26101303100586,1389600
2004-06-30,10.414999961853027,10.517499923706056,10.237500190734863,10.454999923706056,9.361751556396484,1069200
2004-07-01,10.532500267028809,10.532500267028809,10.1850004196167,10.1850004196167,9.119983673095703,975200
2004-07-02,10.137499809265137,10.28499984741211,10.092499732971191,10.142499923706056,9.081929206848145,448000
2004-07-06,10.057499885559082,10.227499961853027,10.05500030517578,10.102499961853027,9.046112060546877,896000
2004-07-07,10.1875,10.1875,10.047499656677246,10.067500114440918,9.014771461486816,704800
2004-07-08,10.050000190734863,10.170000076293944,10.02750015258789,10.0625,9.010293006896973,766000
2004-07-09,10.1225004196167,10.204999923706056,10.050000190734863,10.1225004196167,9.064021110534668,861600
2004-07-12,10.207500457763672,10.207500457763672,9.899999618530272,9.912500381469728,8.875977516174316,2109600
2004-07-13,9.162500381469728,9.842499732971191,9.104999542236328,9.72249984741211,8.70584774017334,10231200
2004-07-14,9.649999618530272,9.824999809265137,9.53499984741211,9.53499984741211,8.537952423095703,1927200
2004-07-15,9.432499885559082,9.572500228881836,9.390000343322754,9.47249984741211,8.481985092163086,1691200
2004-07-16,9.470000267028809,9.582500457763672,9.375,9.414999961853027,8.430501937866211,1376400
2004-07-19,9.359999656677246,9.457500457763672,9.147500038146973,9.167499542236328,8.208881378173828,1880000
2004-07-20,9.154999732971191,9.399999618530272,9.125,9.28499984741211,8.314093589782715,1902800
2004-07-21,9.255000114440918,9.3774995803833,8.904999732971191,8.952500343322754,8.016362190246582,2064400
2004-07-22,8.904999732971191,9.057499885559082,8.725000381469727,8.994999885559082,8.054418563842773,2069200
2004-07-23,9.042499542236328,9.042499542236328,8.8125,8.817500114440918,7.895479679107666,764800
2004-07-26,8.7524995803833,8.90999984741211,8.557499885559082,8.587499618530273,7.689531803131103,2080400
2004-07-27,8.572500228881836,9.212499618530272,8.542499542236328,9.0600004196167,8.112622261047363,2454800
2004-07-28,9.00749969482422,9.09749984741211,8.880000114440918,8.977499961853027,8.038747787475586,1521200
2004-07-29,8.982500076293945,9.149999618530272,8.927499771118164,9.109999656677246,8.157394409179688,1374800
2004-07-30,9.0625,9.162500381469728,9.0024995803833,9.077500343322754,8.128291130065918,724000
2004-08-02,9.039999961853027,9.100000381469728,8.907500267028809,8.949999809265137,8.014123916625977,1542000
2004-08-03,8.880000114440918,8.904999732971191,8.71500015258789,8.734999656677246,7.821606159210205,1471200
2004-08-04,8.702500343322754,8.800000190734863,8.59000015258789,8.792499542236328,7.8730926513671875,1937600
2004-08-05,8.75,8.875,8.522500038146973,8.539999961853027,7.64699649810791,1423200
2004-08-06,8.507499694824219,8.515000343322754,8.137499809265137,8.225000381469727,7.364934921264648,1809600
2004-08-09,8.337499618530273,8.337499618530273,8.077500343322754,8.104999542236328,7.257483005523682,1521600
2004-08-10,8.074999809265137,8.602499961853027,8.074999809265137,8.52750015258789,7.635803699493408,1735200
2004-08-11,8.40999984741211,8.537500381469727,8.142499923706055,8.467499732971191,7.5820770263671875,2166400
2004-08-12,8.492500305175781,8.492500305175781,8.21500015258789,8.229999542236328,7.369411468505859,798400
2004-08-13,8.3125,8.322500228881836,8.1875,8.22249984741211,7.362696647644043,502800
2004-08-16,8.335000038146973,8.350000381469727,8.21500015258789,8.342499732971191,7.470148086547852,1100800
2004-08-17,8.367500305175781,8.71500015258789,8.367500305175781,8.552499771118164,7.658190727233887,1175600
2004-08-18,8.5024995803833,8.675000190734863,8.457500457763672,8.65250015258789,7.747735023498535,957200
2004-08-19,8.6899995803833,8.6899995803833,8.512499809265137,8.587499618530273,7.689531803131103,792400
2004-08-20,8.625,8.625,8.520000457763672,8.59749984741211,7.698483943939209,964400
2004-08-23,8.510000228881836,8.672499656677246,8.399999618530273,8.492500305175781,7.604466915130615,627600
2004-08-24,8.552499771118164,8.625,8.505000114440918,8.617500305175781,7.71639347076416,454800
2004-08-25,8.552499771118164,8.697500228881836,8.552499771118164,8.6875,7.779075622558594,1407600
2004-08-26,8.720000267028809,8.762499809265137,8.5649995803833,8.6850004196167,7.77683162689209,798000
2004-08-27,8.75,8.807499885559082,8.612500190734863,8.75,7.835036754608154,477600
2004-08-30,8.702500343322754,8.7524995803833,8.5625,8.600000381469727,7.700724601745605,672400
2004-08-31,8.5649995803833,8.712499618530273,8.5,8.704999923706055,7.794745922088623,704000
2004-09-01,8.65250015258789,9.167499542236328,8.569999694824219,9.137499809265137,8.182016372680664,2842400
2004-09-02,9.087499618530272,9.592499732971191,9.085000038146973,9.579999923706056,8.578248977661133,2478800
2004-09-03,9.547499656677246,9.640000343322754,9.427499771118164,9.484999656677246,8.493179321289062,1333600
2004-09-07,9.385000228881836,9.5649995803833,9.322500228881836,9.467499732971191,8.477510452270508,1322000
2004-09-08,9.375,9.545000076293944,9.332500457763672,9.369999885559082,8.390203475952148,1032000
2004-09-09,9.324999809265137,9.642499923706056,9.324999809265137,9.587499618530272,8.58496379852295,1097200
2004-09-10,9.600000381469728,9.642499923706056,9.46500015258789,9.587499618530272,8.58496379852295,437600
2004-09-13,9.625,9.7475004196167,9.520000457763672,9.7475004196167,8.728231430053711,827600
2004-09-14,9.6899995803833,9.75749969482422,9.557499885559082,9.637499809265137,8.629732131958008,772800
2004-09-15,9.649999618530272,9.649999618530272,9.407500267028809,9.5649995803833,8.564812660217285,1095600
2004-09-16,9.585000038146973,9.885000228881836,9.50749969482422,9.832500457763672,8.804343223571777,688400
2004-09-17,9.875,9.952500343322754,9.71500015258789,9.75,8.73047161102295,768000
2004-09-20,9.712499618530272,9.920000076293944,9.46500015258789,9.512499809265137,8.517805099487305,1210400
2004-09-21,9.475000381469728,9.587499618530272,9.452500343322754,9.489999771118164,8.497655868530273,1378800
2004-09-22,9.447500228881836,9.47249984741211,9.167499542236328,9.170000076293944,8.211121559143066,1116400
2004-09-23,9.237500190734863,9.3125,9.154999732971191,9.164999961853027,8.206642150878906,1049200
2004-09-24,9.142499923706056,9.22249984741211,9.050000190734863,9.0625,8.114860534667969,1266800
2004-09-27,9.047499656677246,9.11750030517578,8.9350004196167,9.02750015258789,8.083517074584961,667200
2004-09-28,8.922499656677246,8.9350004196167,8.524999618530273,8.630000114440918,7.727584362030029,4982800
2004-09-29,7.897500038146973,8.225000381469727,7.824999809265137,7.925000190734863,7.096305847167969,11084400
2004-09-30,7.925000190734863,7.974999904632568,7.760000228881836,7.860000133514404,7.038103103637695,4837600
2004-10-01,7.962500095367432,8.3149995803833,7.917500019073486,8.170000076293945,7.315686702728271,2465600
2004-10-04,8.244999885559082,8.317500114440918,8.0,8.02750015258789,7.188087463378906,1974400
2004-10-05,8.024999618530273,8.229999542236328,7.994999885559082,8.162500381469727,7.308971881866455,2032800
2004-10-06,8.162500381469727,8.267499923706055,8.069999694824219,8.257499694824219,7.394038677215576,1662800
2004-10-07,8.225000381469727,8.225000381469727,8.0625,8.085000038146973,7.239574909210205,852400
2004-10-08,8.067500114440918,8.104999542236328,7.802499771118164,7.804999828338623,6.988853931427002,3032800
2004-10-11,7.695000171661377,7.849999904632568,7.559999942779541,7.840000152587891,7.020191669464111,3022400
2004-10-12,7.9375,8.34749984741211,7.867499828338623,8.125,7.275391578674316,5377600
2004-10-13,8.25,8.34000015258789,8.192500114440918,8.322500228881836,7.452242374420166,2373200
2004-10-14,8.272500038146973,8.385000228881836,8.239999771118164,8.3125,7.443285942077637,1554000
2004-10-15,8.295000076293945,8.542499542236328,8.287500381469727,8.442500114440918,7.559690475463867,2193200
2004-10-18,8.392499923706055,8.672499656677246,8.380000114440918,8.5600004196167,7.664905548095703,1873600
2004-10-19,8.630000114440918,8.680000305175781,8.529999732971191,8.585000038146973,7.687290668487549,1461200
2004-10-20,8.569999694824219,8.645000457763672,8.5,8.59000015258789,7.691766738891602,1628000
2004-10-21,8.582500457763672,8.692500114440918,8.5024995803833,8.637499809265137,7.734298229217529,845200
2004-10-22,8.65999984741211,8.742500305175781,8.569999694824219,8.585000038146973,7.687290668487549,768400
2004-10-25,8.5649995803833,8.682499885559082,8.470000267028809,8.682499885559082,7.774597644805908,948800
2004-10-26,8.7475004196167,8.930000305175781,8.574999809265137,8.920000076293945,7.987260818481445,1130000
2004-10-27,8.930000305175781,9.192500114440918,8.792499542236328,9.11750030517578,8.164107322692871,1894800
2004-10-28,9.057499885559082,9.182499885559082,8.992500305175781,9.182499885559082,8.222311973571777,1288800
2004-10-29,9.1875,9.217499732971191,8.977499961853027,9.06999969482422,8.121576309204102,1432400
2004-11-01,9.074999809265137,9.119999885559082,8.912500381469727,9.02750015258789,8.083517074584961,1044800
2004-11-02,9.0024995803833,9.1274995803833,8.982500076293945,9.087499618530272,8.137247085571289,1054800
2004-11-03,9.104999542236328,9.2475004196167,9.0,9.05500030517578,8.10814380645752,2322000
2004-11-04,9.0,9.072500228881836,8.857500076293945,8.949999809265137,8.014123916625977,3005600
2004-11-05,9.010000228881836,9.03499984741211,8.854999542236328,8.920000076293945,7.987260818481445,1876800
2004-11-08,8.90999984741211,8.962499618530273,8.712499618530273,8.762499809265137,7.84622859954834,1699600
2004-11-09,8.725000381469727,8.875,8.725000381469727,8.807499885559082,7.886526107788086,1196000
2004-11-10,8.7524995803833,8.899999618530273,8.7524995803833,8.792499542236328,7.8730926513671875,987600
2004-11-11,8.760000228881836,9.125,8.699999809265137,9.077500343322754,8.128291130065918,2059200
2004-11-12,9.02750015258789,9.112500190734863,8.932499885559082,9.092499732971191,8.141718864440918,2000800
2004-11-15,9.050000190734863,9.210000038146973,9.047499656677246,9.172499656677246,8.213357925415039,1986800
2004-11-16,9.11750030517578,9.167499542236328,8.927499771118164,8.989999771118164,8.049942016601562,972800
2004-11-17,9.017499923706056,9.212499618530272,8.957500457763672,9.0649995803833,8.117096900939941,1532800
2004-11-18,9.022500038146973,9.057499885559082,8.725000381469727,8.792499542236328,7.8730926513671875,1782400
2004-11-19,8.697500228881836,8.75,8.2475004196167,8.447500228881836,7.564168930053711,3987200
2004-11-22,8.4375,8.524999618530273,8.342499732971191,8.375,7.499250888824463,2357600
2004-11-23,8.375,8.425000190734863,8.042499542236328,8.112500190734863,7.2641987800598145,5850400
2004-11-24,8.137499809265137,8.180000305175781,8.095000267028809,8.149999618530273,7.2977776527404785,2600400
2004-11-26,8.147500038146973,8.210000038146973,8.112500190734863,8.112500190734863,7.2641987800598145,569200
2004-11-29,8.079999923706055,8.239999771118164,8.037500381469727,8.202500343322754,7.344788074493408,2238800
2004-11-30,8.225000381469727,8.260000228881836,7.929999828338623,7.929999828338623,7.100783348083496,2162000
2004-12-01,8.0,8.342499732971191,7.994999885559082,8.324999809265137,7.454477310180664,2336400
2004-12-02,8.352499961853027,8.5625,8.255000114440918,8.515000343322754,7.624611854553223,2348000
2004-12-03,8.5,8.550000190734863,8.362500190734863,8.4375,7.555214881896973,1869200
2004-12-06,8.475000381469727,8.475000381469727,8.322500228881836,8.412500381469727,7.532827377319336,1586400
2004-12-07,8.475000381469727,8.475000381469727,8.332500457763672,8.359999656677246,7.485820770263672,1406800
2004-12-08,8.335000038146973,8.487500190734863,8.335000038146973,8.470000267028809,7.584317207336426,942400
2004-12-09,8.345000267028809,8.489999771118164,8.260000228881836,8.392499923706055,7.51492166519165,873200
2004-12-10,8.447500228881836,8.744999885559082,8.364999771118164,8.632499694824219,7.729824542999268,2021600
2004-12-13,8.6875,8.720000267028809,8.524999618530273,8.630000114440918,7.727584362030029,1198800
2004-12-14,8.592499732971191,8.8125,8.569999694824219,8.787500381469727,7.868616580963135,1868000
2004-12-15,8.760000228881836,8.8100004196167,8.732500076293945,8.779999732971191,7.861903667449951,676000
2004-12-16,8.789999961853027,8.84000015258789,8.729999542236328,8.8125,7.891002178192139,821200
2004-12-17,8.852499961853027,8.9375,8.802499771118164,8.854999542236328,7.929058074951172,1486000
2004-12-20,8.875,8.922499656677246,8.78499984741211,8.8125,7.891002178192139,1376400
2004-12-21,8.84749984741211,8.944999694824219,8.78499984741211,8.9399995803833,8.005168914794922,1286800
2004-12-22,8.867500305175781,9.207500457763672,8.867500305175781,9.085000038146973,8.135007858276367,1327600
2004-12-23,9.125,9.154999732971191,8.912500381469727,8.982500076293945,8.043227195739746,990000
2004-12-27,8.952500343322754,8.97249984741211,8.802499771118164,8.885000228881836,7.955922603607178,870000
2004-12-28,8.829999923706055,9.119999885559082,8.829999923706055,9.074999809265137,8.126052856445312,1285600
2004-12-29,9.045000076293944,9.15250015258789,8.925000190734863,9.142499923706056,8.186495780944824,681200
2004-12-30,9.050000190734863,9.295000076293944,9.050000190734863,9.21500015258789,8.251415252685547,1218400
2004-12-31,9.262499809265137,9.432499885559082,9.199999809265137,9.302499771118164,8.329767227172852,1225600
2005-01-03,9.375,9.442500114440918,9.114999771118164,9.260000228881836,8.291707038879395,2329600
2005-01-04,9.1899995803833,9.3125,8.97249984741211,9.057499885559082,8.110383033752441,1229600
2005-01-05,9.0,9.074999809265137,8.8774995803833,8.907500267028809,7.976070880889893,752400
2005-01-06,8.994999885559082,9.199999809265137,8.977499961853027,9.087499618530272,8.137247085571289,1054400
2005-01-07,9.095000267028809,9.13249969482422,8.8125,8.864999771118164,7.938011169433594,923200
2005-01-10,8.827500343322754,9.145000457763672,8.78499984741211,9.012499809265137,8.070086479187012,864000
2005-01-11,9.010000228881836,9.109999656677246,8.875,9.0024995803833,8.061135292053223,989600
2005-01-12,8.992500305175781,9.137499809265137,8.885000228881836,9.130000114440918,8.175301551818848,892800
2005-01-13,9.130000114440918,9.130000114440918,8.850000381469727,8.892499923706055,7.962635517120361,1320800
2005-01-14,8.979999542236328,9.109999656677246,8.84749984741211,8.897500038146973,7.967113494873047,1122000
2005-01-18,8.862500190734863,9.1225004196167,8.822500228881836,9.072500228881836,8.123815536499023,750400
2005-01-19,9.039999961853027,9.192500114440918,8.944999694824219,9.05500030517578,8.10814380645752,950800
2005-01-20,9.047499656677246,9.092499732971191,8.947500228881836,8.960000038146973,8.023079872131348,1036000
2005-01-21,8.96500015258789,8.9975004196167,8.567500114440918,8.609999656677246,7.709677696228027,2422800
2005-01-24,8.65999984741211,8.65999984741211,8.300000190734863,8.475000381469727,7.58879280090332,2038400
2005-01-25,8.425000190734863,8.732500076293945,8.425000190734863,8.625,7.723109722137451,1722400
2005-01-26,8.649999618530273,8.875,8.609999656677246,8.875,7.946969985961914,1672400
2005-01-27,8.875,9.202500343322754,8.787500381469727,8.982500076293945,8.043227195739746,3108800
2005-01-28,8.917499542236328,8.970000267028809,8.7475004196167,8.795000076293945,7.875330448150635,1884800
2005-01-31,8.875,8.992500305175781,8.84000015258789,8.949999809265137,8.014123916625977,1631200
2005-02-01,8.875,9.322500228881836,8.875,9.28499984741211,8.314093589782715,1612000
2005-02-02,9.25,9.3100004196167,9.09749984741211,9.302499771118164,8.329767227172852,1336800
2005-02-03,9.164999961853027,9.774999618530272,9.164999961853027,9.640000343322754,8.631970405578613,2969200
2005-02-04,10.392499923706056,11.199999809265137,10.352499961853027,11.082500457763672,9.923632621765137,13593200
2005-02-07,11.02750015258789,11.345000267028809,10.857500076293944,11.345000267028809,10.158687591552734,3872000
2005-02-08,11.25,11.362500190734863,11.24250030517578,11.3125,10.129584312438965,2254400
2005-02-09,11.25,11.25,10.46500015258789,10.619999885559082,9.50949478149414,4600400
2005-02-10,10.600000381469728,10.885000228881836,10.600000381469728,10.8100004196167,9.679628372192385,1438000
2005-02-11,10.857500076293944,10.857500076293944,10.682499885559082,10.789999961853027,9.66171932220459,1112400
2005-02-14,10.774999618530272,10.832500457763672,10.71500015258789,10.802499771118164,9.672913551330566,921200
2005-02-15,10.7475004196167,10.869999885559082,10.649999618530272,10.725000381469728,9.603519439697266,1014800
2005-02-16,10.670000076293944,10.739999771118164,10.649999618530272,10.702500343322754,9.583372116088867,991200
2005-02-17,10.75,10.800000190734863,10.494999885559082,10.494999885559082,9.397568702697754,1655200
2005-02-18,10.552499771118164,10.69499969482422,10.5,10.645000457763672,9.53188419342041,1088800
2005-02-22,10.567500114440918,10.65250015258789,10.385000228881836,10.422499656677246,9.332649230957031,1465200
2005-02-23,10.442500114440918,10.567500114440918,10.427499771118164,10.487500190734863,9.390851020812988,1433600
2005-02-24,10.487500190734863,10.72249984741211,10.475000381469728,10.72249984741211,9.601278305053713,1594000
2005-02-25,10.6875,10.720000267028809,10.5625,10.625,9.5139741897583,1131600
2005-02-28,10.625,10.69499969482422,10.512499809265137,10.647500038146973,9.5341215133667,1336400
2005-03-01,10.649999618530272,10.86750030517578,10.56999969482422,10.80500030517578,9.675152778625488,1090000
2005-03-02,10.800000190734863,10.925000190734863,10.702500343322754,10.8100004196167,9.679628372192385,1838800
2005-03-03,10.880000114440918,10.880000114440918,10.5649995803833,10.68000030517578,9.563222885131836,1450800
2005-03-04,10.75,11.039999961853027,10.704999923706056,10.962499618530272,9.81618309020996,1262400
2005-03-07,10.9350004196167,10.989999771118164,10.75,10.824999809265137,9.693059921264648,932000
2005-03-08,10.800000190734863,10.800000190734863,10.625,10.625,9.5139741897583,1355200
2005-03-09,10.625,10.75,10.557499885559082,10.582500457763672,9.47592067718506,418800
2005-03-10,10.649999618530272,10.75749969482422,10.505000114440918,10.635000228881836,9.522927284240724,975600
2005-03-11,10.672499656677246,10.75,10.487500190734863,10.682499885559082,9.56546115875244,865600
2005-03-14,10.739999771118164,10.7475004196167,10.579999923706056,10.677499771118164,9.56098461151123,568800
2005-03-15,10.692500114440918,10.859999656677246,10.640000343322754,10.672499656677246,9.55650806427002,701200
2005-03-16,10.625,10.702500343322754,10.505000114440918,10.56999969482422,9.464723587036133,957200
2005-03-17,10.595000267028809,10.677499771118164,10.4350004196167,10.645000457763672,9.53188419342041,922000
2005-03-18,10.61750030517578,10.727499961853027,10.5625,10.637499809265137,9.52516746520996,1268400
2005-03-21,10.637499809265137,10.637499809265137,10.470000267028809,10.582500457763672,9.47592067718506,870400
2005-03-22,10.63249969482422,10.90999984741211,10.557499885559082,10.787500381469728,9.6594820022583,1854000
2005-03-23,10.71500015258789,10.880000114440918,10.630000114440918,10.7524995803833,9.62813949584961,1382000
2005-03-24,10.737500190734863,10.962499618530272,10.737500190734863,10.8725004196167,9.735595703125,796800
2005-03-28,10.862500190734863,11.18000030517578,10.862500190734863,10.979999542236328,9.831850051879885,1000000
2005-03-29,11.015000343322754,11.0625,10.755000114440918,10.797499656677246,9.66843605041504,819600
2005-03-30,10.75749969482422,11.107500076293944,10.755000114440918,11.029999732971191,9.87662410736084,918400
2005-03-31,11.047499656677246,11.0625,10.737500190734863,10.912500381469728,9.77140998840332,1059200
2005-04-01,10.917499542236328,11.0,10.55500030517578,10.585000038146973,9.478157043457031,1224800
2005-04-04,10.647500038146973,10.75,10.6225004196167,10.734999656677246,9.612472534179688,1689200
2005-04-05,10.734999656677246,10.914999961853027,10.697500228881836,10.81999969482422,9.68858242034912,969600
2005-04-06,10.8725004196167,11.0,10.75749969482422,10.827500343322754,9.695300102233888,971200
2005-04-07,10.8725004196167,10.904999732971191,10.505000114440918,10.78499984741211,9.657244682312012,2502000
2005-04-08,10.739999771118164,11.0024995803833,10.625,10.949999809265137,9.804988861083984,1500400
2005-04-11,11.024999618530272,11.029999732971191,10.817500114440918,10.94499969482422,9.80051326751709,1172800
2005-04-12,10.862500190734863,11.229999542236328,10.767499923706056,11.15999984741211,9.993027687072754,1584000
2005-04-13,11.197500228881836,11.207500457763672,10.827500343322754,10.869999885559082,9.733356475830078,1124800
2005-04-14,10.925000190734863,10.925000190734863,10.425000190734863,10.522500038146973,9.42219352722168,1742000
2005-04-15,10.512499809265137,10.550000190734863,10.052499771118164,10.217499732971191,9.149089813232422,2264400
2005-04-18,10.25,10.335000038146973,10.052499771118164,10.114999771118164,9.057303428649902,1853200
2005-04-19,10.154999732971191,10.467499732971191,10.125,10.467499732971191,9.372943878173828,1577200
2005-04-20,10.470000267028809,10.607500076293944,10.350000381469728,10.375,9.290112495422363,1688400
2005-04-21,10.3125,10.447500228881836,9.8125,10.392499923706056,9.3057861328125,8888400
2005-04-22,10.297499656677246,10.470000267028809,10.27750015258789,10.297499656677246,9.220722198486328,1992800
2005-04-25,10.260000228881836,10.6225004196167,10.260000228881836,10.517499923706056,9.417713165283203,1820000
2005-04-26,10.5,10.515000343322754,10.335000038146973,10.345000267028809,9.263254165649414,1471600
2005-04-27,10.3125,10.65999984741211,10.229999542236328,10.412500381469728,9.323695182800291,1532000
2005-04-28,10.432499885559082,10.4350004196167,10.125,10.125,9.066256523132324,911200
2005-04-29,10.175000190734863,10.272500038146973,9.887499809265137,10.05500030517578,9.003578186035156,1442400
2005-05-02,10.02750015258789,10.359999656677246,10.0,10.295000076293944,9.218480110168455,1398800
2005-05-03,10.24250030517578,10.287500381469728,10.087499618530272,10.154999732971191,9.093121528625488,1047600
2005-05-04,10.227499961853027,10.350000381469728,10.077500343322754,10.28499984741211,9.209527969360352,1731600
2005-05-05,10.362500190734863,10.550000190734863,10.21500015258789,10.524999618530272,9.424432754516602,974800
2005-05-06,10.462499618530272,10.524999618530272,10.335000038146973,10.447500228881836,9.35503387451172,984400
2005-05-09,10.425000190734863,10.577500343322754,10.317500114440918,10.55500030517578,9.45129108428955,1238400
2005-05-10,10.537500381469728,10.537500381469728,10.25,10.399999618530272,9.312504768371582,1310400
2005-05-11,10.43000030517578,10.44499969482422,10.130000114440918,10.335000038146973,9.254300117492676,1191600
2005-05-12,10.350000381469728,10.412500381469728,10.079999923706056,10.2475004196167,9.175949096679688,1133200
2005-05-13,10.197500228881836,10.2475004196167,10.032500267028809,10.077500343322754,9.023727416992188,1165200
2005-05-16,10.042499542236328,10.25,10.037500381469728,10.220000267028809,9.151327133178713,1416000
2005-05-17,10.140000343322754,10.40250015258789,10.100000381469728,10.3774995803833,9.292350769042969,1343600
2005-05-18,10.345000267028809,10.75,10.345000267028809,10.595000267028809,9.48711395263672,3078400
2005-05-19,10.59749984741211,10.904999732971191,10.5625,10.84749984741211,9.71320629119873,1655600
2005-05-20,10.850000381469728,10.850000381469728,10.547499656677246,10.667499542236328,9.552031517028809,1135600
2005-05-23,10.707500457763672,10.86750030517578,10.692500114440918,10.789999961853027,9.66171932220459,828400
2005-05-24,10.802499771118164,10.802499771118164,10.625,10.725000381469728,9.603519439697266,1417600
2005-05-25,10.69499969482422,10.704999923706056,10.5,10.537500381469728,9.435624122619627,1052400
2005-05-26,10.585000038146973,10.862500190734863,10.524999618530272,10.859999656677246,9.72439956665039,874000
2005-05-27,10.835000038146973,10.96500015258789,10.8100004196167,10.927499771118164,9.784842491149902,608400
2005-05-31,10.869999885559082,11.109999656677246,10.869999885559082,11.104999542236328,9.943782806396484,981600
2005-06-01,11.0625,11.162500381469728,11.0,11.079999923706056,9.921396255493164,1133600
2005-06-02,11.09749984741211,11.244999885559082,11.02750015258789,11.225000381469728,10.05123805999756,1060400
2005-06-03,11.225000381469728,11.40999984741211,11.1850004196167,11.399999618530272,10.20793628692627,1453600
2005-06-06,11.329999923706056,11.547499656677246,11.3125,11.5024995803833,10.299713134765623,1079600
2005-06-07,11.550000190734863,11.97249984741211,11.479999542236328,11.765000343322754,10.53476905822754,2074000
2005-06-08,11.829999923706056,11.852499961853027,11.637499809265137,11.682499885559082,10.460896492004396,1008800
2005-06-09,11.739999771118164,11.895000457763672,11.5,11.845000267028809,10.606401443481444,1015600
2005-06-10,11.767499923706056,11.850000381469728,11.664999961853027,11.807499885559082,10.572821617126465,810800
2005-06-13,11.77750015258789,12.11750030517578,11.77750015258789,11.885000228881836,10.642217636108398,1867200
2005-06-14,11.850000381469728,12.274999618530272,11.84000015258789,12.237500190734863,10.957858085632324,1838000
2005-06-15,12.289999961853027,12.322500228881836,12.077500343322754,12.31999969482422,11.031733512878418,1482000
2005-06-16,12.397500038146973,12.550000190734863,12.25749969482422,12.457500457763672,11.154854774475098,2053200
2005-06-17,12.202500343322754,12.352499961853027,12.149999618530272,12.2524995803833,10.971287727355955,2160400
2005-06-20,12.18000030517578,12.28499984741211,12.079999923706056,12.217499732971191,10.939950942993164,1113600
2005-06-21,12.287500381469728,12.302499771118164,12.06999969482422,12.22249984741211,10.944428443908691,687200
2005-06-22,12.255000114440918,12.34749984741211,12.149999618530272,12.317500114440918,11.029495239257812,1142000
2005-06-23,12.352499961853027,12.420000076293944,12.13249969482422,12.220000267028809,10.942191123962402,1539200
2005-06-24,12.24250030517578,12.24250030517578,12.0,12.024999618530272,10.76758098602295,1382400
2005-06-27,12.010000228881836,12.024999618530272,11.802499771118164,11.989999771118164,10.73624038696289,1164800
2005-06-28,12.0,12.399999618530272,11.9975004196167,12.1899995803833,10.915326118469238,1498400
2005-06-29,12.1875,12.25749969482422,12.00749969482422,12.192500114440918,10.91756534576416,963200
2005-06-30,12.274999618530272,12.425000190734863,12.25,12.274999618530272,10.991436958312988,1552400
2005-07-01,12.337499618530272,12.337499618530272,12.112500190734863,12.262499809265137,10.98024082183838,518000
2005-07-05,12.292499542236328,12.412500381469728,12.260000228881836,12.387499809265137,11.09217357635498,1396800
2005-07-06,12.420000076293944,12.420000076293944,12.232500076293944,12.3125,11.025015830993652,1478800
2005-07-07,12.255000114440918,12.274999618530272,11.977499961853027,12.192500114440918,10.91756534576416,1098000
2005-07-08,12.244999885559082,12.404999732971191,12.210000038146973,12.392499923706056,11.096650123596191,1290800
2005-07-11,12.422499656677246,12.6225004196167,12.3125,12.487500190734863,11.181717872619627,1234800
2005-07-12,12.47249984741211,12.522500038146973,12.422499656677246,12.447500228881836,11.145901679992676,1560400
2005-07-13,12.489999771118164,12.4975004196167,12.25,12.324999809265137,11.036209106445312,908400
2005-07-14,12.4375,12.49250030517578,12.270000457763672,12.327500343322754,11.03844928741455,993600
2005-07-15,12.297499656677246,12.417499542236328,12.204999923706056,12.289999961853027,11.004867553710938,1074800
2005-07-18,12.25,12.25,12.137499809265137,12.167499542236328,10.895180702209473,953600
2005-07-19,12.202500343322754,12.600000381469728,12.19499969482422,12.600000381469728,11.282453536987305,1180000
2005-07-20,12.537500381469728,12.65999984741211,12.462499618530272,12.654999732971191,11.331703186035156,790400
2005-07-21,12.579999923706056,12.84749984741211,12.425000190734863,12.625,11.304841995239258,1504800
2005-07-22,12.657500267028809,13.710000038146973,12.657500267028809,13.5649995803833,12.14654541015625,3338800
2005-07-25,13.524999618530272,13.854999542236328,13.517499923706056,13.5600004196167,12.142067909240724,3230000
2005-07-26,13.552499771118164,13.9350004196167,13.550000190734863,13.892499923706056,12.439799308776855,2732400
2005-07-27,13.892499923706056,14.119999885559082,13.572500228881836,14.102499961853027,12.62784194946289,1882400
2005-07-28,14.092499732971191,14.65999984741211,14.082500457763672,14.545000076293944,13.02406883239746,2368800
2005-07-29,14.522500038146973,14.574999809265137,13.975000381469728,14.05500030517578,12.58531093597412,1180800
2005-08-01,14.05500030517578,14.350000381469728,14.010000228881836,14.079999923706056,12.607691764831545,1339600
2005-08-02,14.100000381469728,14.107500076293944,13.625,13.760000228881836,12.321157455444336,2242000
2005-08-03,13.732500076293944,13.732500076293944,13.625,13.672499656677246,12.242803573608398,1091600
2005-08-04,13.6875,13.712499618530272,13.317500114440918,13.31999969482422,11.927166938781738,1109600
2005-08-05,13.427499771118164,13.454999923706056,13.289999961853027,13.350000381469728,11.95403289794922,985600
2005-08-08,13.327500343322754,13.397500038146973,12.960000038146973,13.010000228881836,11.649582862854004,1135600
2005-08-09,12.88249969482422,13.255000114440918,12.5,13.232500076293944,11.848814964294434,5437600
2005-08-10,13.322500228881836,13.932499885559082,13.287500381469728,13.55500030517578,12.137593269348145,3103200
2005-08-11,13.539999961853027,13.6225004196167,13.422499656677246,13.52750015258789,12.112969398498535,1418000
2005-08-12,13.47249984741211,13.6850004196167,13.354999542236328,13.53499984741211,12.119684219360352,963200
2005-08-15,13.53499984741211,13.640000343322754,13.302499771118164,13.520000457763672,12.10625171661377,699600
2005-08-16,13.30500030517578,13.387499809265137,12.6875,12.699999809265137,11.37199592590332,2566800
2005-08-17,12.732500076293944,12.75749969482422,12.524999618530272,12.657500267028809,11.333940505981444,1741200
2005-08-18,12.582500457763672,12.675000190734863,12.412500381469728,12.545000076293944,11.23320484161377,2242000
2005-08-19,12.522500038146973,12.600000381469728,12.414999961853027,12.4350004196167,11.134710311889648,1141200
2005-08-22,12.407500267028809,12.567500114440918,12.397500038146973,12.50749969482422,11.199628829956056,1392800
2005-08-23,12.5,12.65999984741211,12.287500381469728,12.417499542236328,11.119036674499512,1241600
2005-08-24,12.454999923706056,12.797499656677246,12.399999618530272,12.557499885559082,11.24439811706543,1594000
2005-08-25,12.5600004196167,12.710000038146973,12.5,12.557499885559082,11.24439811706543,1186800
2005-08-26,12.5600004196167,12.625,12.475000381469728,12.512499809265137,11.204103469848633,1522800
2005-08-29,12.395000457763672,12.647500038146973,12.3125,12.537500381469728,11.22649097442627,1002400
2005-08-30,12.572500228881836,12.65999984741211,12.475000381469728,12.635000228881836,11.31379508972168,1201200
2005-08-31,12.6875,12.869999885559082,12.539999961853027,12.864999771118164,11.51974391937256,1441600
2005-09-01,12.774999618530272,12.922499656677246,12.479999542236328,12.5,11.192914009094238,1184000
2005-09-02,12.47249984741211,12.542499542236328,11.890000343322754,11.967499732971191,10.716093063354492,2388800
2005-09-06,11.967499732971191,12.44499969482422,11.967499732971191,12.43000030517578,11.130229949951172,2595200
2005-09-07,12.452500343322754,12.989999771118164,12.385000228881836,12.960000038146973,11.604809761047363,1958400
2005-09-08,12.904999732971191,12.987500190734863,12.654999732971191,12.774999618530272,11.43915557861328,956400
2005-09-09,12.8149995803833,12.947500228881836,12.704999923706056,12.947500228881836,11.593616485595703,451200
2005-09-12,12.975000381469728,13.21500015258789,12.899999618530272,13.109999656677246,11.73912239074707,803600
2005-09-13,13.079999923706056,13.307499885559082,12.875,13.107500076293944,11.736886024475098,1455600
2005-09-14,13.107500076293944,13.25,12.8774995803833,12.912500381469728,11.562275886535645,1427600
2005-09-15,12.912500381469728,13.052499771118164,12.75,12.792499542236328,11.45482349395752,738800
2005-09-16,12.875,12.885000228881836,12.577500343322754,12.727499961853027,11.396621704101562,1750800
2005-09-19,12.6875,12.817500114440918,12.475000381469728,12.614999771118164,11.29588508605957,984400
2005-09-20,12.677499771118164,12.802499771118164,12.147500038146973,12.202500343322754,10.926520347595217,1501200
2005-09-21,12.147500038146973,12.244999885559082,11.635000228881836,11.967499732971191,10.716093063354492,1898000
2005-09-22,11.9975004196167,12.0,11.630000114440918,11.857500076293944,10.617596626281738,3018400
2005-09-23,11.827500343322754,12.34000015258789,11.762499809265137,12.25,10.9690523147583,1386400
2005-09-26,12.227499961853027,12.4375,12.077500343322754,12.199999809265137,10.924280166625977,1722800
2005-09-27,12.125,12.3100004196167,12.072500228881836,12.170000076293944,10.897418975830078,1148400
2005-09-28,12.130000114440918,12.255000114440918,11.982500076293944,12.082500457763672,10.819069862365724,2070400
2005-09-29,11.625,11.8100004196167,11.274999618530272,11.515000343322754,10.310909271240234,5458000
2005-09-30,11.600000381469728,11.600000381469728,11.295000076293944,11.412500381469728,10.21912956237793,4336000
2005-10-03,11.38249969482422,11.640000343322754,11.38249969482422,11.5,10.297475814819336,1628400
2005-10-04,11.5,11.512499809265137,11.350000381469728,11.362500190734863,10.174355506896973,2271200
2005-10-05,11.375,11.412500381469728,11.227499961853027,11.227499961853027,10.053473472595217,2858400
2005-10-06,11.300000190734863,11.342499732971191,10.942500114440918,10.984999656677246,9.836331367492676,2370000
2005-10-07,11.052499771118164,11.182499885559082,10.869999885559082,10.892499923706056,9.753501892089844,1661200
2005-10-10,10.962499618530272,10.987500190734863,10.677499771118164,10.75749969482422,9.632620811462402,1259200
2005-10-11,10.8125,10.824999809265137,10.600000381469728,10.602499961853027,9.493826866149902,1747200
2005-10-12,10.574999809265137,10.654999732971191,10.354999542236328,10.390000343322754,9.303546905517578,2331600
2005-10-13,10.362500190734863,10.40999984741211,10.1875,10.27750015258789,9.202813148498535,1931600
2005-10-14,10.262499809265137,10.68000030517578,10.262499809265137,10.635000228881836,9.522927284240724,2444400
2005-10-17,11.207500457763672,11.207500457763672,10.602499961853027,10.765000343322754,9.639334678649902,2864400
2005-10-18,10.697500228881836,10.8149995803833,10.524999618530272,10.537500381469728,9.435624122619627,1544800
2005-10-19,10.5,10.949999809265137,10.427499771118164,10.942500114440918,9.798274040222168,1832000
2005-10-20,12.0,12.279999732971191,11.682499885559082,11.792499542236328,10.559391975402832,7859600
2005-10-21,11.71500015258789,11.989999771118164,11.71500015258789,11.869999885559082,10.62878704071045,2444000
2005-10-24,11.912500381469728,12.199999809265137,11.890000343322754,12.125,10.85712432861328,1527200
2005-10-25,12.012499809265137,12.157500267028809,11.807499885559082,11.952500343322754,10.702661514282228,1797600
2005-10-26,11.977499961853027,12.27750015258789,11.78499984741211,11.802499771118164,10.568345069885254,1329200
2005-10-27,11.845000267028809,11.975000381469728,11.647500038146973,11.6875,10.465372085571287,2481600
2005-10-28,11.755000114440918,12.0600004196167,11.672499656677246,12.012499809265137,10.756386756896973,1113600
2005-10-31,12.125,12.307499885559082,11.887499809265137,12.125,10.85712432861328,1345200
2005-11-01,12.154999732971191,12.487500190734863,12.077500343322754,12.442500114440918,11.1414213180542,1416000
2005-11-02,12.470000267028809,13.0,12.452500343322754,12.970000267028809,11.613765716552734,1868800
2005-11-03,13.0649995803833,13.087499618530272,12.762499809265137,12.837499618530272,11.49512004852295,1376400
2005-11-04,12.827500343322754,13.024999618530272,12.75,13.020000457763672,11.658538818359377,1017600
2005-11-07,13.015000343322754,13.03499984741211,12.800000190734863,12.954999923706056,11.600334167480469,1238800
2005-11-08,12.850000381469728,12.97249984741211,12.625,12.78499984741211,11.44810676574707,1008400
2005-11-09,12.81999969482422,12.86750030517578,12.6274995803833,12.675000190734863,11.349614143371582,894000
2005-11-10,12.720000267028809,13.05500030517578,12.417499542236328,13.0,11.64062786102295,1856400
2005-11-11,12.979999542236328,13.0,12.640000343322754,12.704999923706056,11.376473426818848,762400
2005-11-14,12.922499656677246,12.922499656677246,12.732500076293944,12.762499809265137,11.42796230316162,994800
2005-11-15,12.699999809265137,12.782500267028809,12.397500038146973,12.505000114440918,11.197386741638184,794800
2005-11-16,12.567500114440918,12.654999732971191,12.272500038146973,12.600000381469728,11.282453536987305,1017200
2005-11-17,12.6899995803833,12.772500038146973,12.5,12.767499923706056,11.432439804077148,638400
2005-11-18,12.859999656677246,12.892499923706056,12.494999885559082,12.522500038146973,11.213055610656738,737600
2005-11-21,12.600000381469728,12.982500076293944,12.5,12.967499732971191,11.611526489257812,1044800
2005-11-22,12.885000228881836,13.13249969482422,12.81999969482422,13.00749969482422,11.64734172821045,1117600
2005-11-23,12.97249984741211,13.09749984741211,12.699999809265137,12.7524995803833,11.41900634765625,1002400
2005-11-25,12.875,12.947500228881836,12.677499771118164,12.890000343322754,11.542132377624512,415200
2005-11-28,12.875,12.975000381469728,12.625,12.6875,11.36080551147461,934800
2005-11-29,12.832500457763672,13.050000190734863,12.770000457763672,13.032500267028809,11.669727325439451,1226000
2005-11-30,13.047499656677246,13.494999885559082,12.979999542236328,13.46500015258789,12.05700397491455,2542000
2005-12-01,13.462499618530272,13.619999885559082,13.300000190734863,13.56999969482422,12.15102195739746,2586000
2005-12-02,13.515000343322754,13.787500381469728,13.350000381469728,13.787500381469728,12.345781326293944,1363600
2005-12-05,13.737500190734863,13.960000038146973,13.6274995803833,13.880000114440918,12.42860984802246,1730400
2005-12-06,13.957500457763672,14.234999656677246,13.912500381469728,14.177499771118164,12.695000648498535,2240400
2005-12-07,13.56999969482422,13.979999542236328,13.5625,13.642499923706056,12.215940475463867,3326000
2005-12-08,13.71500015258789,13.99250030517578,13.460000038146973,13.734999656677246,12.2987699508667,2304000
2005-12-09,13.664999961853027,13.8149995803833,13.522500038146973,13.567500114440918,12.14878749847412,1093200
2005-12-12,13.6225004196167,13.767499923706056,13.399999618530272,13.427499771118164,12.02342414855957,1129600
2005-12-13,13.404999732971191,13.770000457763672,13.359999656677246,13.75749969482422,12.318918228149414,1214800
2005-12-14,13.800000190734863,13.837499618530272,13.532500267028809,13.710000038146973,12.276386260986328,1087200
2005-12-15,13.647500038146973,13.779999732971191,13.625,13.682499885559082,12.25175952911377,958000
2005-12-16,13.717499732971191,13.7475004196167,13.512499809265137,13.567500114440918,12.14878749847412,1393200
2005-12-19,13.647500038146973,13.647500038146973,13.28499984741211,13.287500381469728,11.898064613342283,828400
2005-12-20,13.287500381469728,13.645000457763672,13.177499771118164,13.63249969482422,12.206987380981444,992400
2005-12-21,13.607500076293944,13.792499542236328,13.574999809265137,13.675000190734863,12.24504566192627,941600
2005-12-22,13.625,13.717499732971191,13.38249969482422,13.52750015258789,12.112969398498535,639600
2005-12-23,13.479999542236328,13.574999809265137,13.477499961853027,13.5,12.088343620300291,492000
2005-12-27,13.552499771118164,13.572500228881836,13.217499732971191,13.292499542236328,11.902543067932127,941600
2005-12-28,13.337499618530272,13.515000343322754,13.262499809265137,13.470000267028809,12.061480522155762,427200
2005-12-29,13.5024995803833,13.55500030517578,13.352499961853027,13.369999885559082,11.971936225891112,352000
2005-12-30,13.34000015258789,13.34000015258789,13.149999618530272,13.234999656677246,11.851055145263672,458000
2006-01-03,13.337499618530272,13.407500267028809,12.859999656677246,13.38249969482422,11.98313045501709,1554000
2006-01-04,13.482500076293944,13.489999771118164,13.13249969482422,13.164999961853027,11.788372039794922,1196000
2006-01-05,13.267499923706056,13.345000267028809,13.107500076293944,13.15999984741211,11.783896446228027,1024800
2006-01-06,13.170000076293944,13.287500381469728,12.922499656677246,13.172499656677246,11.795086860656738,836400
2006-01-09,13.1875,13.717499732971191,13.149999618530272,13.539999961853027,12.124159812927246,1026400
2006-01-10,13.447500228881836,13.774999618530272,13.447500228881836,13.744999885559082,12.307723999023438,915600
2006-01-11,13.672499656677246,13.949999809265137,13.352499961853027,13.482500076293944,12.072674751281738,1824000
2006-01-12,13.425000190734863,13.577500343322754,13.15250015258789,13.287500381469728,11.898064613342283,1271600
2006-01-13,13.289999961853027,13.422499656677246,13.15250015258789,13.15250015258789,11.777180671691896,531200
2006-01-17,13.109999656677246,13.109999656677246,12.74250030517578,12.779999732971191,11.443633079528809,1265200
2006-01-18,12.729999542236328,12.74250030517578,12.457500457763672,12.5625,11.248876571655272,2092400
2006-01-19,12.585000038146973,12.65999984741211,12.482500076293944,12.55500030517578,11.242159843444824,1211200
2006-01-20,12.59000015258789,12.59000015258789,12.262499809265137,12.30500030517578,11.018301963806152,1551600
2006-01-23,12.364999771118164,12.375,12.125,12.199999809265137,10.924280166625977,2329600
2006-01-24,12.28499984741211,12.579999923706056,12.28499984741211,12.482500076293944,11.177242279052734,1482000
2006-01-25,12.537500381469728,12.649999618530272,12.475000381469728,12.645000457763672,11.322750091552734,3811200
2006-01-26,12.707500457763672,12.869999885559082,12.707500457763672,12.8100004196167,11.470497131347656,1631200
2006-01-27,12.845000267028809,12.977499961853027,12.727499961853027,12.925000190734863,11.57347011566162,1515200
2006-01-30,12.90999984741211,13.0,12.862500190734863,12.97249984741211,11.616000175476074,677600
2006-01-31,12.9375,12.99250030517578,12.675000190734863,12.770000457763672,11.434680938720703,2011200
2006-02-01,12.720000267028809,12.774999618530272,12.612500190734863,12.667499542236328,11.342897415161133,1633200
2006-02-02,14.5,15.954999923706056,14.337499618530272,15.477499961853027,13.859061241149902,16376400
2006-02-03,15.3100004196167,15.962499618530272,15.1899995803833,15.824999809265137,14.170226097106934,4104400
2006-02-06,15.824999809265137,16.092500686645508,15.342499732971191,15.832500457763672,14.176939964294434,2596800
2006-02-07,15.744999885559082,15.875,15.364999771118164,15.5024995803833,13.88144874572754,2307200
2006-02-08,15.47249984741211,15.47249984741211,15.162500381469728,15.34000015258789,13.735937118530272,1554000
2006-02-09,15.297499656677246,15.297499656677246,14.875,14.887499809265137,13.330754280090332,1744400
2006-02-10,14.897500038146973,15.045000076293944,14.65250015258789,14.90250015258789,13.34418773651123,1370400
2006-02-13,14.807499885559082,15.114999771118164,14.6274995803833,14.880000114440918,13.324041366577148,1053600
2006-02-14,14.904999732971191,15.3125,14.729999542236328,15.21500015258789,13.624015808105469,1465600
2006-02-15,15.18000030517578,15.399999618530272,14.975000381469728,15.28499984741211,13.686688423156738,954400
2006-02-16,15.295000076293944,15.3149995803833,15.109999656677246,15.274999618530272,13.677736282348633,1018800
2006-02-17,15.327500343322754,15.442500114440918,15.210000038146973,15.31999969482422,13.718029975891112,1148000
2006-02-21,15.422499656677246,15.422499656677246,15.0,15.270000457763672,13.673258781433104,1012800
2006-02-22,15.307499885559082,15.61750030517578,15.25,15.517499923706056,13.894877433776855,1095600
2006-02-23,15.5,15.625,15.395000457763672,15.467499732971191,13.850106239318848,1423600
2006-02-24,15.4375,15.630000114440918,15.399999618530272,15.587499618530272,13.957557678222656,1190000
2006-02-27,15.6225004196167,15.8100004196167,15.524999618530272,15.75,14.103068351745604,1798800
2006-02-28,15.832500457763672,15.899999618530272,15.69499969482422,15.795000076293944,14.14336109161377,2498000
2006-03-01,15.762499809265137,16.110000610351562,15.732500076293944,16.110000610351562,14.425422668457031,1320000
2006-03-02,15.994999885559082,16.042499542236328,15.5,15.654999732971191,14.018000602722168,1630400
2006-03-03,15.537500381469728,15.80500030517578,15.4375,15.614999771118164,13.982183456420898,1196800
2006-03-06,15.682499885559082,15.827500343322754,15.4375,15.59749984741211,13.966516494750977,956000
2006-03-07,15.592499732971191,15.609999656677246,15.364999771118164,15.4375,13.823244094848633,1208800
2006-03-08,15.38249969482422,15.612500190734863,15.362500190734863,15.380000114440918,13.77175998687744,1151600
2006-03-09,15.470000267028809,15.675000190734863,15.399999618530272,15.515000343322754,13.892641067504885,1185600
2006-03-10,15.517499923706056,15.692500114440918,15.40999984741211,15.645000457763672,14.009048461914062,862800
2006-03-13,15.587499618530272,15.850000381469728,15.34749984741211,15.422499656677246,13.809815406799316,705600
2006-03-14,15.449999809265137,15.5649995803833,15.25,15.49250030517578,13.8724946975708,769600
2006-03-15,15.577500343322754,15.802499771118164,15.407500267028809,15.670000076293944,14.031431198120115,1039600
2006-03-16,15.779999732971191,16.295000076293945,15.662500381469728,15.88249969482422,14.221713066101074,1616400
2006-03-17,15.947500228881836,16.237499237060547,15.817500114440918,16.045000076293945,14.367219924926758,2053200
2006-03-20,16.125,16.459999084472656,16.002500534057617,16.362499237060547,14.651521682739258,1303200
2006-03-21,16.315000534057617,16.372499465942383,16.1825008392334,16.315000534057617,14.608986854553224,1368800
2006-03-22,16.264999389648438,16.65999984741211,16.1825008392334,16.594999313354492,14.859705924987791,1386800
2006-03-23,16.642499923706055,16.897499084472656,16.552499771118164,16.7549991607666,15.002978324890137,1525200
2006-03-24,16.780000686645508,16.780000686645508,16.450000762939453,16.7450008392334,14.994026184082031,1008800
2006-03-27,16.6825008392334,16.697500228881836,16.600000381469727,16.672500610351562,14.929102897644045,720000
2006-03-28,16.6200008392334,16.642499923706055,16.375,16.522499084472656,14.79478645324707,1162800
2006-03-29,16.59749984741211,16.772499084472656,16.434999465942383,16.607500076293945,14.870905876159668,842400
2006-03-30,16.622499465942383,16.704999923706055,16.25,16.372499465942383,14.660476684570312,677600
2006-03-31,16.5,16.69499969482422,16.397499084472656,16.584999084472656,14.850754737854004,878000
2006-04-03,16.584999084472656,16.604999542236328,15.947500228881836,16.0049991607666,14.331398963928224,1059600
2006-04-04,15.962499618530272,16.274999618530273,15.907500267028809,16.00749969482422,14.33364200592041,1247200
2006-04-05,16.032499313354492,16.049999237060547,15.852499961853027,16.012500762939453,14.338120460510254,876400
2006-04-06,16.0674991607666,16.112499237060547,15.859999656677246,16.012500762939453,14.338120460510254,365600
2006-04-07,16.087499618530273,16.149999618530273,15.727499961853027,15.729999542236328,14.085160255432127,459200
2006-04-10,15.729999542236328,15.8149995803833,15.395000457763672,15.5024995803833,13.88144874572754,934400
2006-04-11,15.427499771118164,15.744999885559082,15.220000267028809,15.287500381469728,13.688931465148926,608400
2006-04-12,15.255000114440918,15.574999809265137,15.239999771118164,15.524999618530272,13.90159511566162,505600
2006-04-13,15.524999618530272,15.625,15.392499923706056,15.524999618530272,13.90159511566162,593200
2006-04-17,15.547499656677246,15.654999732971191,15.142499923706056,15.425000190734863,13.812051773071287,657600
2006-04-18,15.512499809265137,16.137500762939453,15.460000038146973,16.11750030517578,14.43213939666748,1073200
2006-04-19,16.13249969482422,16.545000076293945,16.125,16.31999969482422,14.6134614944458,1163600
2006-04-20,16.392499923706055,16.549999237060547,16.18000030517578,16.272499084472656,14.570930480957031,536800
2006-04-21,16.415000915527344,16.427499771118164,16.065000534057617,16.09749984741211,14.414231300354004,634800
2006-04-24,16.002500534057617,16.052499771118164,15.704999923706056,15.8125,14.159032821655272,851200
2006-04-25,15.845000267028809,16.020000457763672,15.762499809265137,15.94499969482422,14.27767848968506,864000
2006-04-26,16.024999618530273,16.344999313354492,15.93000030517578,16.1825008392334,14.490345001220703,1392000
2006-04-27,15.539999961853027,16.475000381469727,15.539999961853027,15.8100004196167,14.1567964553833,2901600
2006-04-28,15.727499961853027,16.287500381469727,15.6875,16.197500228881836,14.50377368927002,1461600
2006-05-01,16.177499771118164,16.337499618530273,15.744999885559082,15.75,14.103068351745604,870000
2006-05-02,15.7524995803833,16.274999618530273,15.7524995803833,16.25,14.550783157348633,1548800
2006-05-03,16.264999389648438,16.264999389648438,15.957500457763672,16.040000915527344,14.36274528503418,1126000
2006-05-04,16.125,16.125,15.75,15.922499656677246,14.257528305053713,978000
2006-05-05,16.002500534057617,16.299999237060547,15.99250030517578,16.232500076293945,14.535111427307127,930800
2006-05-08,16.225000381469727,16.225000381469727,15.917499542236328,16.075000762939453,14.394083976745604,966000
2006-05-09,15.982500076293944,16.200000762939453,15.949999809265137,16.0674991607666,14.387364387512209,862000
2006-05-10,16.065000534057617,16.299999237060547,15.984999656677246,16.112499237060547,14.427666664123535,1041600
2006-05-11,16.0674991607666,16.292499542236328,15.770000457763672,15.770000457763672,14.120975494384766,979200
2006-05-12,15.797499656677246,15.797499656677246,15.197500228881836,15.357500076293944,13.75161075592041,1091600
2006-05-15,15.267499923706056,15.4975004196167,15.154999732971191,15.4399995803833,13.825483322143556,1197200
2006-05-16,15.475000381469728,15.512499809265137,15.145000457763672,15.175000190734863,13.588191986083984,618000
2006-05-17,15.112500190734863,15.114999771118164,14.717499732971191,14.84749984741211,13.29493522644043,1289200
2006-05-18,14.932499885559082,15.1875,14.852499961853027,14.899999618530272,13.341952323913574,958400
2006-05-19,14.887499809265137,15.295000076293944,14.887499809265137,15.11750030517578,13.53670597076416,843600
2006-05-22,15.010000228881836,15.010000228881836,14.545000076293944,14.697500228881836,13.16062831878662,1350800
2006-05-23,14.797499656677246,15.032500267028809,14.512499809265137,14.512499809265137,12.994969367980955,1302000
2006-05-24,14.505000114440918,14.512499809265137,13.625,14.2475004196167,12.757681846618652,2586800
2006-05-25,14.322500228881836,14.462499618530272,14.125,14.462499618530272,12.95019817352295,873600
2006-05-26,14.524999618530272,14.667499542236328,14.324999809265137,14.417499542236328,12.909902572631836,1790400
2006-05-30,14.359999656677246,14.359999656677246,14.024999618530272,14.02750015258789,12.560684204101562,1000800
2006-05-31,14.06999969482422,14.135000228881836,13.765000343322754,13.90250015258789,12.44875717163086,1327200
2006-06-01,13.984999656677246,14.672499656677246,13.8774995803833,14.667499542236328,13.133759498596191,1852800
2006-06-02,14.682499885559082,15.109999656677246,14.682499885559082,14.8100004196167,13.261358261108398,1826400
2006-06-05,14.699999809265137,14.8149995803833,14.074999809265137,14.102499961853027,12.62784194946289,1409200
2006-06-06,14.145000457763672,14.15999984741211,13.287500381469728,13.662500381469728,12.23385238647461,3596000
2006-06-07,13.7475004196167,13.832500457763672,13.135000228881836,13.147500038146973,11.77270221710205,2788800
2006-06-08,13.024999618530272,13.1225004196167,12.425000190734863,13.100000381469728,11.730173110961914,2566400
2006-06-09,13.162500381469728,13.234999656677246,12.75,12.802499771118164,11.463778495788574,1086000
2006-06-12,12.824999809265137,12.850000381469728,12.045000076293944,12.047499656677246,10.787726402282717,3232000
2006-06-13,12.037500381469728,12.3149995803833,11.59749984741211,11.675000190734863,10.454179763793944,4244400
2006-06-14,11.649999618530272,11.90250015258789,11.537500381469728,11.80500030517578,10.57058334350586,2774400
2006-06-15,11.925000190734863,12.954999923706056,11.857500076293944,12.697500228881836,11.369758605957031,2972800
2006-06-16,12.647500038146973,12.667499542236328,11.942500114440918,12.15999984741211,10.88846492767334,5322400
2006-06-19,12.095000267028809,12.489999771118164,12.095000267028809,12.237500190734863,10.957858085632324,2042400
2006-06-20,12.234999656677246,12.55500030517578,12.21500015258789,12.404999732971191,11.107843399047852,1896800
2006-06-21,12.399999618530272,13.0,12.399999618530272,12.897500038146973,11.54884433746338,2080400
2006-06-22,12.9375,13.239999771118164,12.880000114440918,13.207500457763672,11.826431274414062,2580400
2006-06-23,13.262499809265137,13.717499732971191,13.262499809265137,13.61750030517578,12.193559646606444,3056000
2006-06-26,13.670000076293944,13.77750015258789,13.595000267028809,13.6899995803833,12.258475303649902,2372800
2006-06-27,13.677499771118164,13.822500228881836,13.484999656677246,13.50749969482422,12.095057487487791,2339200
2006-06-28,13.537500381469728,13.645000457763672,13.077500343322754,13.262499809265137,11.875679969787598,3090800
2006-06-29,13.404999732971191,13.524999618530272,12.857500076293944,13.5024995803833,12.090582847595217,3236400
2006-06-30,13.447500228881836,13.817500114440918,13.142499923706056,13.817500114440918,12.37264633178711,12448000
2006-07-03,13.725000381469728,13.7475004196167,13.422499656677246,13.475000381469728,12.065959930419922,1808000
2006-07-05,13.34000015258789,13.452500343322754,13.09000015258789,13.354999542236328,11.958504676818848,1782400
2006-07-06,13.3725004196167,13.767499923706056,13.359999656677246,13.729999542236328,12.294292449951172,2150800
2006-07-07,13.69499969482422,13.772500038146973,13.307499885559082,13.332500457763672,11.938360214233398,980400
2006-07-10,13.380000114440918,13.380000114440918,12.899999618530272,13.050000190734863,11.685399055480955,2116800
2006-07-11,13.037500381469728,13.047499656677246,12.1875,12.600000381469728,11.282453536987305,6024400
2006-07-12,12.6850004196167,13.010000228881836,12.404999732971191,12.5,11.192914009094238,2770400
2006-07-13,12.375,12.40999984741211,11.975000381469728,12.095000267028809,10.830263137817385,2270400
2006-07-14,12.0649995803833,12.204999923706056,11.737500190734863,12.015000343322754,10.758625984191896,2830400
2006-07-17,11.994999885559082,12.357500076293944,11.835000038146973,11.979999542236328,10.727285385131836,2956800
2006-07-18,11.982500076293944,12.045000076293944,11.420000076293944,11.595000267028809,10.382546424865724,3141600
2006-07-19,11.547499656677246,11.852499961853027,11.4375,11.522500038146973,10.317625045776367,3440000
2006-07-20,11.520000457763672,11.692500114440918,11.175000190734863,11.21500015258789,10.042281150817873,2779600
2006-07-21,11.182499885559082,11.244999885559082,10.917499542236328,11.022500038146973,9.869909286499023,2614000
2006-07-24,11.085000038146973,11.3100004196167,11.067500114440918,11.225000381469728,10.05123805999756,1910800
2006-07-25,11.25,11.5,11.017499923706056,11.34000015258789,10.154211044311523,2239200
2006-07-26,11.3100004196167,11.550000190734863,11.175000190734863,11.550000190734863,10.342248916625977,2012400
2006-07-27,11.550000190734863,11.800000190734863,11.06999969482422,11.15250015258789,9.98631477355957,3832800
2006-07-28,11.140000343322754,11.300000190734863,10.979999542236328,11.272500038146973,10.09376621246338,2363600
2006-07-31,11.255000114440918,11.5625,11.237500190734863,11.4350004196167,10.23927402496338,2074800
2006-08-01,11.397500038146973,11.442500114440918,10.912500381469728,11.1225004196167,9.95945167541504,1602800
2006-08-02,11.114999771118164,11.375,11.114999771118164,11.337499618530272,10.151968955993652,1480400
2006-08-03,11.265000343322754,11.737500190734863,11.265000343322754,11.69499969482422,10.472087860107422,2080000
2006-08-04,11.797499656677246,12.037500381469728,11.5625,11.612500190734863,10.398213386535645,1741600
2006-08-07,11.582500457763672,11.619999885559082,11.300000190734863,11.572500228881836,10.362397193908691,1088000
2006-08-08,11.59000015258789,11.609999656677246,11.352499961853027,11.38249969482422,10.192262649536133,1904400
2006-08-09,11.457500457763672,11.529999732971191,11.05500030517578,11.130000114440918,9.966166496276855,1244800
2006-08-10,11.057499885559082,11.332500457763672,11.0,11.22249984741211,10.048991203308104,1249200
2006-08-11,11.234999656677246,11.237500190734863,10.922499656677246,10.975000381469728,9.827375411987305,1314800
2006-08-14,11.050000190734863,11.095000267028809,10.6899995803833,10.767499923706056,9.641571044921877,1520400
2006-08-15,10.845000267028809,11.24250030517578,10.782500267028809,11.232500076293944,10.05794906616211,1112800
2006-08-16,11.244999885559082,11.55500030517578,11.197500228881836,11.545000076293944,10.337770462036133,1922400
2006-08-17,11.550000190734863,11.982500076293944,11.479999542236328,11.922499656677246,10.67579746246338,1401200
2006-08-18,11.967499732971191,11.975000381469728,11.6225004196167,11.779999732971191,10.54819679260254,666000
2006-08-21,11.727499961853027,11.727499961853027,11.4399995803833,11.454999923706056,10.257179260253906,765600
2006-08-22,11.432499885559082,11.542499542236328,11.337499618530272,11.399999618530272,10.20793628692627,662000
2006-08-23,11.449999809265137,11.489999771118164,11.13249969482422,11.1875,10.017656326293944,757600
2006-08-24,11.130000114440918,11.162500381469728,10.642499923706056,10.88249969482422,9.744545936584473,2502800
2006-08-25,10.595000267028809,10.77750015258789,10.345000267028809,10.692500114440918,9.574418067932127,3366000
2006-08-28,10.670000076293944,10.800000190734863,10.65250015258789,10.770000457763672,9.643811225891112,1321200
2006-08-29,10.765000343322754,10.77750015258789,10.602499961853027,10.692500114440918,9.574418067932127,1278000
2006-08-30,10.72249984741211,10.77750015258789,10.647500038146973,10.68000030517578,9.563222885131836,1314000
2006-08-31,10.720000267028809,10.744999885559082,10.607500076293944,10.645000457763672,9.53188419342041,1605200
2006-09-01,10.704999923706056,10.720000267028809,10.6274995803833,10.707500457763672,9.587847709655762,1098400
2006-09-05,10.427499771118164,10.432499885559082,9.6875,10.229999542236328,9.16028118133545,5300400
2006-09-06,10.244999885559082,10.422499656677246,10.239999771118164,10.27750015258789,9.202813148498535,2322400
2006-09-07,10.255000114440918,10.43000030517578,10.255000114440918,10.3725004196167,9.28787612915039,1681600
2006-09-08,10.420000076293944,10.545000076293944,10.229999542236328,10.43000030517578,9.339367866516112,2830400
2006-09-11,10.414999961853027,10.654999732971191,10.300000190734863,10.602499961853027,9.493826866149902,2797600
2006-09-12,10.670000076293944,11.272500038146973,10.642499923706056,11.237500190734863,10.062427520751951,2674400
2006-09-13,11.210000038146973,11.4975004196167,11.202500343322754,11.449999809265137,10.252704620361328,1882800
2006-09-14,11.4350004196167,11.595000267028809,11.40999984741211,11.582500457763672,10.371350288391112,1259600
2006-09-15,11.625,11.832500457763672,11.614999771118164,11.765000343322754,10.53476905822754,1668400
2006-09-18,11.704999923706056,11.760000228881836,11.55500030517578,11.602499961853027,10.38925838470459,1366800
2006-09-19,11.587499618530272,11.767499923706056,11.489999771118164,11.702500343322754,10.478805541992188,1639200
2006-09-20,11.6274995803833,11.960000038146973,11.61750030517578,11.9350004196167,10.686993598937988,1449200
2006-09-21,11.962499618530272,11.9975004196167,11.822500228881836,11.850000381469728,10.610880851745604,2346400
2006-09-22,11.822500228881836,11.850000381469728,11.649999618530272,11.692500114440918,10.469849586486816,2464400
2006-09-25,11.807499885559082,12.1850004196167,11.75,12.154999732971191,10.883990287780762,2097600
2006-09-26,12.1850004196167,12.34000015258789,12.100000381469728,12.244999885559082,10.964576721191406,1546400
2006-09-27,12.199999809265137,12.297499656677246,11.9375,11.9975004196167,10.74295711517334,1874000
2006-09-28,12.042499542236328,12.364999771118164,11.96500015258789,12.350000381469728,11.058595657348633,1881600
2006-09-29,12.3725004196167,12.3725004196167,12.050000190734863,12.0649995803833,10.803396224975586,2096400
2006-10-02,12.03499984741211,12.149999618530272,11.920000076293944,12.037500381469728,10.778773307800291,1937600
2006-10-03,12.0024995803833,12.427499771118164,11.917499542236328,12.359999656677246,11.06755256652832,2670800
2006-10-04,12.4350004196167,12.607500076293944,12.34749984741211,12.59749984741211,11.280219078063965,2861600
2006-10-05,12.282500267028809,12.529999732971191,12.207500457763672,12.4975004196167,11.190674781799316,1945200
2006-10-06,12.397500038146973,12.482500076293944,12.287500381469728,12.4375,11.136947631835938,860400
2006-10-09,12.399999618530272,12.475000381469728,12.267499923706056,12.369999885559082,11.076502799987791,3115200
2006-10-10,12.422499656677246,12.4375,12.265000343322754,12.3774995803833,11.083219528198242,1392400
2006-10-11,12.395000457763672,12.612500190734863,12.3125,12.449999809265137,11.148138046264648,1725600
2006-10-12,12.4975004196167,12.61750030517578,12.454999923706056,12.537500381469728,11.22649097442627,2232000
2006-10-13,12.567500114440918,12.692500114440918,12.50749969482422,12.65250015258789,11.329463958740234,1380800
2006-10-16,12.604999542236328,12.8125,12.604999542236328,12.635000228881836,11.31379508972168,1451600
2006-10-17,12.56999969482422,12.600000381469728,12.27750015258789,12.369999885559082,11.076502799987791,1248800
2006-10-18,12.5,13.149999618530272,12.5,13.100000381469728,11.730173110961914,3396800
2006-10-19,13.13249969482422,13.282500267028809,13.015000343322754,13.114999771118164,11.74360466003418,3242000
2006-10-20,13.082500457763672,13.204999923706056,12.887499809265137,13.1875,11.808524131774902,1406800
2006-10-23,13.114999771118164,13.412500381469728,13.0,13.342499732971191,11.947312355041504,1239200
2006-10-24,13.3774995803833,13.524999618530272,13.295000076293944,13.354999542236328,11.958504676818848,2770000
2006-10-25,13.337499618530272,13.529999732971191,13.177499771118164,13.300000190734863,11.909257888793944,2729200
2006-10-26,12.162500381469728,12.600000381469728,12.15250015258789,12.505000114440918,11.197386741638184,9719200
2006-10-27,12.40250015258789,12.40250015258789,12.109999656677246,12.147500038146973,10.877270698547363,3505600
2006-10-30,12.109999656677246,12.327500343322754,12.0,12.25,10.9690523147583,2335600
2006-10-31,12.21500015258789,12.22249984741211,11.97249984741211,12.104999542236328,10.839215278625488,2724800
2006-11-01,12.119999885559082,12.175000190734863,12.015000343322754,12.0649995803833,10.803396224975586,2496000
2006-11-02,12.0,12.244999885559082,11.967499732971191,12.05500030517578,10.794445991516112,2658400
2006-11-03,12.1274995803833,12.1899995803833,11.887499809265137,11.922499656677246,10.67579746246338,2147600
2006-11-06,12.0,12.135000228881836,11.880000114440918,12.057499885559082,10.796685218811035,968800
2006-11-07,12.010000228881836,12.039999961853027,11.854999542236328,11.899999618530272,10.655651092529297,3661600
2006-11-08,11.84749984741211,12.09749984741211,11.827500343322754,11.984999656677246,10.731765747070312,1724800
2006-11-09,11.949999809265137,12.050000190734863,11.827500343322754,11.8774995803833,10.635504722595217,1324400
2006-11-10,11.890000343322754,12.114999771118164,11.890000343322754,12.109999656677246,10.843690872192385,782400
2006-11-13,12.03499984741211,12.234999656677246,12.0024995803833,12.032500267028809,10.774295806884766,1150400
2006-11-14,12.032500267028809,12.072500228881836,11.862500190734863,12.052499771118164,10.792205810546877,1405200
2006-11-15,12.107500076293944,12.5,12.09000015258789,12.414999961853027,11.11680030822754,2418400
2006-11-16,12.47249984741211,12.487500190734863,12.21500015258789,12.487500190734863,11.181717872619627,1011200
2006-11-17,12.539999961853027,12.539999961853027,12.327500343322754,12.4375,11.136947631835938,1384800
2006-11-20,12.392499923706056,12.487500190734863,12.337499618530272,12.404999732971191,11.107843399047852,1291200
2006-11-21,12.362500190734863,12.40250015258789,12.220000267028809,12.2524995803833,10.971287727355955,1833600
2006-11-22,12.265000343322754,12.297499656677246,12.11750030517578,12.274999618530272,10.991436958312988,1168400
2006-11-24,12.21500015258789,12.289999961853027,12.192500114440918,12.239999771118164,10.960098266601562,308000
2006-11-27,12.1850004196167,12.1850004196167,11.8125,11.852499961853027,10.613121032714844,1640800
2006-11-28,11.850000381469728,11.854999542236328,11.4975004196167,11.692500114440918,10.469849586486816,2044400
2006-11-29,11.710000038146973,12.005000114440918,11.707500457763672,11.989999771118164,10.73624038696289,1837600
2006-11-30,12.010000228881836,12.010000228881836,11.779999732971191,11.899999618530272,10.655651092529297,1253600
2006-12-01,11.86750030517578,11.94499969482422,11.53499984741211,11.697500228881836,10.474327087402344,1740000
2006-12-04,11.6850004196167,11.787500381469728,11.607500076293944,11.762499809265137,10.5325288772583,1524000
2006-12-05,11.792499542236328,12.085000038146973,11.720000267028809,11.967499732971191,10.716093063354492,1936800
2006-12-06,11.982500076293944,12.067500114440918,11.8774995803833,12.037500381469728,10.778773307800291,1241200
2006-12-07,12.010000228881836,12.13249969482422,11.954999923706056,11.99250030517578,10.73847770690918,1195600
2006-12-08,12.06999969482422,12.557499885559082,12.032500267028809,12.279999732971191,10.995912551879885,3149600
2006-12-11,12.167499542236328,12.227499961853027,11.864999771118164,11.97249984741211,10.720569610595703,1628800
2006-12-12,12.15250015258789,12.484999656677246,11.704999923706056,11.725000381469728,10.49894905090332,3044400
2006-12-13,11.8149995803833,11.897500038146973,11.642499923706056,11.65999984741211,10.44074821472168,1277600
2006-12-14,11.675000190734863,11.75,11.619999885559082,11.65250015258789,10.434032440185549,1506800
2006-12-15,11.72249984741211,11.72249984741211,11.414999961853027,11.4399995803833,10.243754386901855,2477600
2006-12-18,11.412500381469728,11.505000114440918,11.2475004196167,11.274999618530272,10.096004486083984,2840000
2006-12-19,11.24250030517578,11.332500457763672,11.017499923706056,11.282500267028809,10.102723121643066,2200800
2006-12-20,11.354999542236328,11.50749969482422,11.31999969482422,11.31999969482422,10.136300086975098,1662000
2006-12-21,11.407500267028809,11.407500267028809,11.100000381469728,11.202500343322754,10.031086921691896,2158800
2006-12-22,11.157500267028809,11.22249984741211,10.987500190734863,11.050000190734863,9.894535064697266,1255600
2006-12-26,11.052499771118164,11.1225004196167,10.9399995803833,11.087499618530272,9.928112983703612,1608000
2006-12-27,11.06999969482422,11.267499923706056,11.06999969482422,11.239999771118164,10.064667701721191,1061600
2006-12-28,11.1850004196167,11.307499885559082,11.182499885559082,11.25,10.07362174987793,844800
2006-12-29,11.282500267028809,11.390000343322754,11.157500267028809,11.177499771118164,10.008705139160156,1319200
2007-01-03,11.234999656677246,11.662500381469728,11.217499732971191,11.4375,10.2415132522583,3528000
2007-01-04,11.4399995803833,11.602499961853027,11.300000190734863,11.547499656677246,10.340010643005373,2383600
2007-01-05,11.49250030517578,12.109999656677246,11.442500114440918,11.9975004196167,10.74295711517334,8317200
2007-01-08,11.9375,11.962499618530272,11.587499618530272,11.667499542236328,10.447463035583496,5344000
2007-01-09,11.80500030517578,12.00749969482422,11.732500076293944,11.97249984741211,10.720569610595703,2082800
2007-01-10,11.967499732971191,12.010000228881836,11.8774995803833,11.99250030517578,10.73847770690918,1407200
2007-01-11,11.99250030517578,12.287500381469728,11.987500190734863,12.282500267028809,10.998156547546388,1459200
2007-01-12,12.287500381469728,12.350000381469728,12.149999618530272,12.3149995803833,11.027259826660156,1176800
2007-01-16,12.302499771118164,12.34000015258789,12.112500190734863,12.24250030517578,10.96234130859375,1188400
2007-01-17,12.52750015258789,12.720000267028809,12.380000114440918,12.5625,11.248876571655272,2870400
2007-01-18,12.585000038146973,12.59000015258789,12.30500030517578,12.329999923706056,11.04068660736084,1555600
2007-01-19,12.337499618530272,12.422499656677246,12.25,12.350000381469728,11.058595657348633,1098400
2007-01-22,12.300000190734863,12.3125,12.125,12.272500038146973,10.989201545715332,1414000
2007-01-23,12.239999771118164,12.567500114440918,12.239999771118164,12.357500076293944,11.065312385559082,1577600
2007-01-24,12.3774995803833,12.387499809265137,12.207500457763672,12.3149995803833,11.027259826660156,1953200
2007-01-25,12.34000015258789,12.44499969482422,12.09749984741211,12.09749984741211,10.832497596740724,1706800
2007-01-26,12.0625,12.125,11.857500076293944,12.095000267028809,10.830263137817385,1991200
2007-01-29,12.1274995803833,12.267499923706056,12.022500038146973,12.102499961853027,10.8369779586792,1870800
2007-01-30,12.074999809265137,12.397500038146973,12.074999809265137,12.324999809265137,11.036209106445312,2677600
2007-01-31,12.25749969482422,12.625,12.19499969482422,12.582500457763672,11.266783714294434,3984800
2007-02-01,12.012499809265137,12.432499885559082,11.542499542236328,11.862500190734863,10.622074127197266,8313200
2007-02-02,11.854999542236328,12.052499771118164,11.762499809265137,12.005000114440918,10.749672889709473,2660400
2007-02-05,11.975000381469728,11.982500076293944,11.55500030517578,11.609999656677246,10.395977973937988,2640000
2007-02-06,11.667499542236328,11.69499969482422,11.387499809265137,11.477499961853027,10.277332305908203,2839600
2007-02-07,11.982500076293944,12.142499923706056,11.792499542236328,11.885000228881836,10.642217636108398,5380400
2007-02-08,11.994999885559082,11.9975004196167,11.72249984741211,11.917499542236328,10.6713228225708,1913600
2007-02-09,11.94499969482422,11.984999656677246,11.75,11.885000228881836,10.642217636108398,2162800
2007-02-12,11.9375,11.9375,11.760000228881836,11.869999885559082,10.62878704071045,1221200
2007-02-13,11.914999961853027,11.925000190734863,11.75,11.84749984741211,10.60863971710205,1037600
2007-02-14,12.292499542236328,12.36750030517578,12.015000343322754,12.197500228881836,10.922046661376951,4115200
2007-02-15,12.1850004196167,12.265000343322754,12.024999618530272,12.177499771118164,10.904131889343262,1864400
2007-02-16,12.1875,12.30500030517578,12.024999618530272,12.24250030517578,10.96234130859375,1605200
2007-02-20,12.297499656677246,12.457500457763672,12.147500038146973,12.362500190734863,11.06978988647461,1821600
2007-02-21,12.387499809265137,12.824999809265137,12.292499542236328,12.755000114440918,11.421249389648438,3254800
2007-02-22,12.772500038146973,12.835000038146973,12.5625,12.807499885559082,11.468257904052734,2859200
2007-02-23,12.84000015258789,12.907500267028809,12.625,12.6899995803833,11.363043785095217,1773200
2007-02-26,12.712499618530272,12.797499656677246,12.702500343322754,12.755000114440918,11.421249389648438,1197200
2007-02-27,12.635000228881836,12.787500381469728,12.5024995803833,12.630000114440918,11.309316635131836,4476800
2007-02-28,12.729999542236328,12.947500228881836,12.612500190734863,12.792499542236328,11.45482349395752,4747200
2007-03-01,12.607500076293944,12.6850004196167,12.317500114440918,12.550000190734863,11.23768138885498,5360000
2007-03-02,12.4375,12.932499885559082,12.407500267028809,12.7475004196167,11.41452693939209,4096800
2007-03-05,12.557499885559082,12.729999542236328,12.50749969482422,12.65250015258789,11.329463958740234,4862400
2007-03-06,12.649999618530272,12.84749984741211,12.579999923706056,12.779999732971191,11.443633079528809,3819600
2007-03-07,12.8149995803833,13.167499542236328,12.8149995803833,13.06999969482422,11.703304290771484,2455600
2007-03-08,13.125,13.412500381469728,13.050000190734863,13.300000190734863,11.909257888793944,4929200
2007-03-09,13.420000076293944,13.425000190734863,13.192500114440918,13.324999809265137,11.931641578674316,2405600
2007-03-12,13.387499809265137,13.539999961853027,13.202500343322754,13.397500038146973,11.996560096740724,1464800
2007-03-13,13.34000015258789,13.34749984741211,12.994999885559082,13.017499923706056,11.65629768371582,2829200
2007-03-14,12.970000267028809,13.0,12.602499961853027,12.88249969482422,11.535412788391112,4088400
2007-03-15,12.795000076293944,12.914999961853027,12.625,12.72249984741211,11.39214324951172,3848800
2007-03-16,12.75,12.75,12.59000015258789,12.68000030517578,11.354087829589844,1373200
2007-03-19,12.6875,12.897500038146973,12.637499809265137,12.782500267028809,11.445873260498049,2749200
2007-03-20,12.63249969482422,12.81999969482422,12.47249984741211,12.77750015258789,11.441394805908203,2482800
2007-03-21,12.8149995803833,12.9399995803833,12.717499732971191,12.9399995803833,11.58690071105957,2534000
2007-03-22,13.0,13.420000076293944,12.904999732971191,13.34749984741211,11.951788902282717,2480400
2007-03-23,13.364999771118164,13.470000267028809,13.18000030517578,13.4350004196167,12.030142784118652,1213200
2007-03-26,13.404999732971191,13.4350004196167,13.15250015258789,13.217499732971191,11.835379600524902,1324400
2007-03-27,13.142499923706056,13.202500343322754,12.845000267028809,12.970000267028809,11.613765716552734,2201200
2007-03-28,12.90999984741211,12.957500457763672,12.732500076293944,12.850000381469728,11.50631332397461,1370400
2007-03-29,12.927499771118164,12.989999771118164,12.61750030517578,12.765000343322754,11.430200576782228,1402800
2007-03-30,12.75,12.90250015258789,12.625,12.875,11.528694152832031,1263200
2007-04-02,12.90999984741211,13.119999885559082,12.864999771118164,12.960000038146973,11.604809761047363,1756400
2007-04-03,12.970000267028809,13.095000267028809,12.907500267028809,12.970000267028809,11.613765716552734,1567200
2007-04-04,13.039999961853027,13.045000076293944,12.899999618530272,13.0,11.64062786102295,1164800
2007-04-05,13.05500030517578,13.079999923706056,12.925000190734863,12.954999923706056,11.600334167480469,948400
2007-04-09,12.9375,13.024999618530272,12.86750030517578,12.86750030517578,11.521981239318848,1084000
2007-04-10,12.842499732971191,12.862500190734863,12.664999961853027,12.77750015258789,11.441394805908203,1798000
2007-04-11,14.125,14.425000190734863,13.842499732971191,14.074999809265137,12.603214263916016,16542400
2007-04-12,13.675000190734863,13.885000228881836,13.635000228881836,13.829999923706056,12.383838653564451,5913600
2007-04-13,13.755000114440918,14.06999969482422,13.755000114440918,13.975000381469728,12.513672828674316,3079200
2007-04-16,13.962499618530272,14.074999809265137,13.8725004196167,13.96500015258789,12.504720687866213,1642400
2007-04-17,14.0,14.0,13.822500228881836,13.857500076293944,12.408462524414062,1626400
2007-04-18,13.760000228881836,13.957500457763672,13.7524995803833,13.845000267028809,12.397268295288086,1543200
2007-04-19,13.792499542236328,13.854999542236328,13.675000190734863,13.739999771118164,12.303248405456545,1356000
2007-04-20,13.827500343322754,13.984999656677246,13.677499771118164,13.802499771118164,12.359212875366213,1695200
2007-04-23,13.755000114440918,14.029999732971191,13.755000114440918,13.989999771118164,12.527103424072266,1579200
2007-04-24,14.0,14.172499656677246,13.90999984741211,14.114999771118164,12.639033317565918,2261600
2007-04-25,14.109999656677246,14.232500076293944,13.9375,14.15250015258789,12.672614097595217,2448400
2007-04-26,13.880000114440918,13.922499656677246,13.404999732971191,13.522500038146973,12.108491897583008,3929600
2007-04-27,13.407500267028809,13.574999809265137,13.202500343322754,13.202500343322754,11.82195281982422,2352800
2007-04-30,13.3125,13.432499885559082,12.904999732971191,12.9350004196167,11.58242416381836,2421200
2007-05-01,13.052499771118164,13.052499771118164,12.59000015258789,12.925000190734863,11.57347011566162,2740400
2007-05-02,12.9399995803833,13.0024995803833,12.6875,12.77750015258789,11.441394805908203,2408800
2007-05-03,12.734999656677246,12.817500114440918,12.592499732971191,12.739999771118164,11.407814025878906,1537200
2007-05-04,12.7475004196167,12.857500076293944,12.600000381469728,12.832500457763672,11.490640640258787,3179600
2007-05-07,12.84749984741211,12.97249984741211,12.74250030517578,12.875,11.528694152832031,1542800
2007-05-08,12.762499809265137,12.862500190734863,12.699999809265137,12.824999809265137,11.483922958374023,1011200
2007-05-09,12.77750015258789,13.082500457763672,12.7475004196167,13.0625,11.69659423828125,2412000
2007-05-10,12.982500076293944,13.164999961853027,12.8125,12.850000381469728,11.50631332397461,1840000
2007-05-11,12.904999732971191,12.96500015258789,12.670000076293944,12.729999542236328,11.398859977722168,1988400
2007-05-14,12.782500267028809,12.862500190734863,12.699999809265137,12.7524995803833,11.41900634765625,1244800
2007-05-15,12.7524995803833,12.789999961853027,12.477499961853027,12.522500038146973,11.213055610656738,1831600
2007-05-16,12.52750015258789,12.837499618530272,12.494999885559082,12.8125,11.472732543945312,3099600
2007-05-17,12.8125,12.887499809265137,12.625,12.725000381469728,11.394384384155272,1256800
2007-05-18,12.710000038146973,12.864999771118164,12.56999969482422,12.81999969482422,11.479448318481444,1392400
2007-05-21,12.862500190734863,12.967499732971191,12.8125,12.93000030517578,11.577948570251465,998000
2007-05-22,12.890000343322754,12.987500190734863,12.75,12.967499732971191,11.611526489257812,1559200
2007-05-23,12.942500114440918,13.087499618530272,12.74250030517578,12.74250030517578,11.410052299499512,1584000
2007-05-24,12.767499923706056,12.947500228881836,12.69499969482422,12.704999923706056,11.376473426818848,911600
2007-05-25,12.6899995803833,12.952500343322754,12.6899995803833,12.899999618530272,11.5510835647583,741600
2007-05-29,12.954999923706056,13.077500343322754,12.84000015258789,12.942500114440918,11.58913803100586,994400
2007-05-30,12.9375,13.149999618530272,12.904999732971191,13.109999656677246,11.73912239074707,946800
2007-05-31,13.1225004196167,13.420000076293944,13.1225004196167,13.302499771118164,11.911498069763184,1338800
2007-06-01,13.279999732971191,13.635000228881836,13.279999732971191,13.635000228881836,12.209226608276367,1701600
2007-06-04,13.607500076293944,13.75,13.582500457763672,13.737500190734863,12.301007270812988,1645200
2007-06-05,13.69499969482422,13.712499618530272,13.604999542236328,13.692500114440918,12.260713577270508,1464000
2007-06-06,13.582500457763672,13.645000457763672,13.3774995803833,13.47249984741211,12.06371784210205,2884400
2007-06-07,13.470000267028809,13.470000267028809,13.067500114440918,13.095000267028809,11.725692749023438,1532000
2007-06-08,13.104999542236328,13.220000267028809,13.085000038146973,13.199999809265137,11.819714546203612,1300400
2007-06-11,13.202500343322754,13.202500343322754,12.954999923706056,13.057499885559082,11.69211483001709,1564000
2007-06-12,12.994999885559082,13.00749969482422,12.789999961853027,12.90250015258789,11.553322792053224,1991200
2007-06-13,12.90250015258789,13.092499732971191,12.850000381469728,13.0024995803833,11.642866134643556,2230800
2007-06-14,13.03499984741211,13.520000457763672,13.0,13.292499542236328,11.902543067932127,1558800
2007-06-15,13.425000190734863,13.635000228881836,13.385000228881836,13.404999732971191,12.003277778625488,1283200
2007-06-18,13.420000076293944,13.595000267028809,13.329999923706056,13.577500343322754,12.15774154663086,1731600
2007-06-19,13.522500038146973,13.522500038146973,13.087499618530272,13.164999961853027,11.788372039794922,2269200
2007-06-20,13.207500457763672,13.260000228881836,13.104999542236328,13.1850004196167,11.806281089782717,1604400
2007-06-21,13.175000190734863,13.177499771118164,12.90999984741211,13.0600004196167,11.694353103637695,2413200
2007-06-22,13.024999618530272,13.3725004196167,13.024999618530272,13.25,11.864484786987305,2815200
2007-06-25,13.270000457763672,13.270000457763672,12.979999542236328,13.0,11.64062786102295,1384000
2007-06-26,13.0,13.217499732971191,12.9375,13.0649995803833,11.698832511901855,2473200
2007-06-27,13.085000038146973,13.274999618530272,13.029999732971191,13.239999771118164,11.855535507202148,1501200
2007-06-28,13.210000038146973,13.354999542236328,13.095000267028809,13.164999961853027,11.788372039794922,1110400
2007-06-29,13.1850004196167,13.210000038146973,12.920000076293944,13.012499809265137,11.651820182800291,2442800
2007-07-02,13.05500030517578,13.100000381469728,12.86750030517578,12.970000267028809,11.613765716552734,1173200
2007-07-03,12.9975004196167,13.162500381469728,12.899999618530272,12.952500343322754,11.598094940185549,764400
2007-07-05,12.880000114440918,13.0024995803833,12.795000076293944,12.90250015258789,11.553322792053224,1655600
2007-07-06,12.9350004196167,13.11750030517578,12.850000381469728,13.037500381469728,11.674205780029297,1166800
2007-07-09,13.045000076293944,13.045000076293944,12.725000381469728,12.807499885559082,11.468257904052734,2663200
2007-07-10,12.824999809265137,12.827500343322754,12.487500190734863,12.587499618530272,11.271262168884276,1850000
2007-07-11,12.34000015258789,12.6899995803833,12.227499961853027,12.677499771118164,11.351850509643556,2420400
2007-07-12,12.68000030517578,13.010000228881836,12.645000457763672,12.8774995803833,11.530936241149902,2072000
2007-07-13,12.824999809265137,13.087499618530272,12.824999809265137,13.077500343322754,11.710023880004885,1165600
2007-07-16,13.024999618530272,13.147500038146973,12.8774995803833,12.989999771118164,11.631670951843262,1353200
2007-07-17,12.960000038146973,13.125,12.897500038146973,12.982500076293944,11.624955177307127,1137200
2007-07-18,12.875,12.949999809265137,12.460000038146973,12.542499542236328,11.230968475341797,2711200
2007-07-19,12.542499542236328,12.77750015258789,12.47249984741211,12.520000457763672,11.210819244384766,1602400
2007-07-20,12.5,12.5625,12.239999771118164,12.380000114440918,11.085457801818848,2625600
2007-07-23,12.385000228881836,12.484999656677246,12.192500114440918,12.220000267028809,10.942191123962402,1726400
2007-07-24,12.125,12.34000015258789,11.957500457763672,12.045000076293944,10.785489082336426,3270800
2007-07-25,12.0649995803833,12.3774995803833,12.0625,12.237500190734863,10.957858085632324,4767200
2007-07-26,12.092499732971191,12.265000343322754,11.302499771118164,11.3149995803833,10.131823539733888,6483600
2007-07-27,11.350000381469728,11.767499923706056,11.302499771118164,11.557499885559082,10.348966598510742,6302400
2007-07-30,11.625,12.274999618530272,11.5600004196167,12.21500015258789,10.93771266937256,4197200
2007-07-31,12.237500190734863,12.335000038146973,11.875,11.880000114440918,10.637742042541504,3259200
2007-08-01,11.920000076293944,11.920000076293944,11.524999618530272,11.737500190734863,10.51014232635498,3572400
2007-08-02,11.720000267028809,11.979999542236328,11.720000267028809,11.8725004196167,10.631025314331056,2130400
2007-08-03,11.88249969482422,12.00749969482422,11.577500343322754,11.59749984741211,10.384783744812012,2137200
2007-08-06,11.612500190734863,11.737500190734863,11.260000228881836,11.612500190734863,10.398213386535645,3024800
2007-08-07,11.604999542236328,12.3149995803833,11.5,12.229999542236328,10.951143264770508,3380400
2007-08-08,12.302499771118164,13.387499809265137,12.279999732971191,12.720000267028809,11.389909744262695,5496400
2007-08-09,12.720000267028809,13.037500381469728,12.482500076293944,12.75,11.41676902770996,5143200
2007-08-10,12.567500114440918,12.899999618530272,12.074999809265137,12.244999885559082,10.964576721191406,4461200
2007-08-13,12.369999885559082,12.4375,11.779999732971191,11.802499771118164,10.568345069885254,2960000
2007-08-14,11.80500030517578,11.880000114440918,11.5024995803833,11.6274995803833,10.41164493560791,2669200
2007-08-15,11.55500030517578,11.662500381469728,11.350000381469728,11.545000076293944,10.337770462036133,2255600
2007-08-16,11.359999656677246,11.675000190734863,11.050000190734863,11.4399995803833,10.243754386901855,2688400
2007-08-17,11.675000190734863,11.952500343322754,11.292499542236328,11.454999923706056,10.257179260253906,1944800
2007-08-20,11.447500228881836,11.890000343322754,11.324999809265137,11.6875,10.465372085571287,2709200
2007-08-21,11.6274995803833,11.984999656677246,11.6274995803833,11.875,10.633264541625977,1558000
2007-08-22,11.8725004196167,12.342499732971191,11.8725004196167,12.25,10.9690523147583,1722000
2007-08-23,12.237500190734863,12.297499656677246,11.712499618530272,11.772500038146973,10.541483879089355,2201200
2007-08-24,11.729999542236328,12.032500267028809,11.707500457763672,12.032500267028809,10.774295806884766,1305600
2007-08-27,11.979999542236328,12.197500228881836,11.979999542236328,12.017499923706056,10.7608642578125,1203200
2007-08-28,12.00749969482422,12.074999809265137,11.614999771118164,11.657500267028809,10.438511848449709,1455200
2007-08-29,11.739999771118164,12.037500381469728,11.727499961853027,11.977499961853027,10.725049018859863,1153600
2007-08-30,11.84000015258789,12.232500076293944,11.84000015258789,12.03499984741211,10.77653694152832,1436800
2007-08-31,12.3125,12.3125,11.890000343322754,12.039999961853027,10.781009674072266,918400
2007-09-04,12.057499885559082,12.170000076293944,11.957500457763672,12.022500038146973,10.765341758728027,1037600
2007-09-05,11.9375,12.15250015258789,11.875,12.095000267028809,10.830263137817385,1112800
2007-09-06,12.072500228881836,12.1899995803833,11.90250015258789,11.954999923706056,10.70490264892578,591600
2007-09-07,11.8149995803833,11.817500114440918,11.397500038146973,11.515000343322754,10.310909271240234,1275600
2007-09-10,11.515000343322754,11.587499618530272,11.327500343322754,11.40999984741211,10.216889381408691,1040800
2007-09-11,11.452500343322754,11.675000190734863,11.44499969482422,11.5,10.297475814819336,1156800
2007-09-12,11.510000228881836,11.630000114440918,11.43000030517578,11.454999923706056,10.257179260253906,685600
2007-09-13,11.56999969482422,11.802499771118164,11.44499969482422,11.609999656677246,10.395977973937988,957600
2007-09-14,11.577500343322754,11.960000038146973,11.537500381469728,11.887499809265137,10.644458770751951,1032000
2007-09-17,11.88249969482422,11.952500343322754,11.779999732971191,11.832500457763672,10.595207214355469,827200
2007-09-18,11.8100004196167,12.404999732971191,11.737500190734863,12.38249969482422,11.087698936462402,1515600
2007-09-19,12.359999656677246,12.899999618530272,12.31999969482422,12.479999542236328,11.175002098083496,1758000
2007-09-20,12.467499732971191,12.467499732971191,12.192500114440918,12.262499809265137,10.98024082183838,920400
2007-09-21,12.292499542236328,12.335000038146973,12.087499618530272,12.107500076293944,10.841455459594728,1122400
2007-09-24,12.047499656677246,12.079999923706056,11.734999656677246,11.755000114440918,10.525812149047852,888800
2007-09-25,11.682499885559082,11.732500076293944,11.234999656677246,11.327500343322754,10.143014907836914,2730400
2007-09-26,11.40999984741211,11.50749969482422,11.322500228881836,11.352499961853027,10.16540241241455,2057600
2007-09-27,11.420000076293944,11.532500267028809,11.387499809265137,11.412500381469728,10.21912956237793,1506800
2007-09-28,11.442500114440918,11.5625,11.414999961853027,11.522500038146973,10.317625045776367,1348400
2007-10-01,11.475000381469728,11.725000381469728,11.457500457763672,11.68000030517578,10.458658218383787,1211200
2007-10-02,11.6875,11.6875,11.47249984741211,11.5625,10.35344409942627,1826400
2007-10-03,11.539999961853027,11.6899995803833,11.524999618530272,11.600000381469728,10.38702392578125,1027200
2007-10-04,11.567500114440918,11.65999984741211,11.53499984741211,11.607500076293944,10.393738746643066,1039200
2007-10-05,11.699999809265137,12.3125,11.654999732971191,12.074999809265137,10.812350273132324,2778000
2007-10-08,12.057499885559082,12.06999969482422,11.864999771118164,11.86750030517578,10.626550674438477,1194000
2007-10-09,11.852499961853027,11.947500228881836,11.7475004196167,11.827500343322754,10.59073257446289,909200
2007-10-10,11.789999961853027,12.017499923706056,11.789999961853027,11.994999885559082,10.740714073181152,1279600
2007-10-11,12.0,12.0,11.699999809265137,11.7524995803833,10.523573875427246,1220000
2007-10-12,11.710000038146973,12.104999542236328,11.710000038146973,12.037500381469728,10.778773307800291,1532400
2007-10-15,12.015000343322754,12.270000457763672,12.015000343322754,12.1875,10.913087844848633,1135200
2007-10-16,12.024999618530272,12.114999771118164,11.899999618530272,11.917499542236328,10.6713228225708,1618800
2007-10-17,11.887499809265137,12.074999809265137,11.75,11.8125,10.577303886413574,1109200
2007-10-18,11.727499961853027,11.922499656677246,11.592499732971191,11.625,10.40940761566162,1166800
2007-10-19,11.5625,11.619999885559082,11.102499961853027,11.162500381469728,9.995268821716309,2264400
2007-10-22,11.125,11.38249969482422,11.020000457763672,11.357500076293944,10.169879913330078,1909200
2007-10-23,11.4975004196167,11.5625,11.11750030517578,11.210000038146973,10.03780460357666,1477200
2007-10-24,11.100000381469728,11.1875,10.75,10.994999885559082,9.845285415649414,3006800
2007-10-25,10.800000190734863,11.1225004196167,10.4375,10.467499732971191,9.372943878173828,6061200
2007-10-26,10.494999885559082,10.670000076293944,10.352499961853027,10.475000381469728,9.379660606384276,3342000
2007-10-29,10.484999656677246,10.647500038146973,10.422499656677246,10.512499809265137,9.413238525390623,2821200
2007-10-30,10.512499809265137,10.635000228881836,10.40250015258789,10.567500114440918,9.46248722076416,1629200
2007-10-31,10.592499732971191,10.604999542236328,10.182499885559082,10.359999656677246,9.276684761047363,2863600
2007-11-01,10.1875,10.322500228881836,10.1875,10.225000381469728,9.155801773071287,2519200
2007-11-02,10.27750015258789,10.279999732971191,9.962499618530272,10.1850004196167,9.119983673095703,2407600
2007-11-05,10.0625,10.164999961853027,9.792499542236328,9.824999809265137,8.797625541687012,2082000
2007-11-06,9.875,9.9975004196167,9.664999961853027,9.960000038146973,8.918510437011719,2960400
2007-11-07,9.802499771118164,9.897500038146973,9.637499809265137,9.734999656677246,8.717040061950684,1473200
2007-11-08,9.74250030517578,9.994999885559082,9.697500228881836,9.99250030517578,8.947613716125488,2194800
2007-11-09,9.920000076293944,9.94499969482422,9.697500228881836,9.760000228881836,8.739423751831055,3202000
2007-11-12,9.7524995803833,10.362500190734863,9.7524995803833,10.077500343322754,9.023727416992188,3020400
2007-11-13,10.145000457763672,10.460000038146973,10.100000381469728,10.345000267028809,9.263254165649414,1549600
2007-11-14,10.322500228881836,10.359999656677246,10.052499771118164,10.057499885559082,9.005813598632812,2134000
2007-11-15,10.0024995803833,10.0649995803833,9.859999656677246,9.890000343322754,8.855831146240234,2853600
2007-11-16,9.90999984741211,10.022500038146973,9.717499732971191,9.914999961853027,8.878215789794922,2610400
2007-11-19,9.802499771118164,9.949999809265137,9.74250030517578,9.7524995803833,8.732708930969238,2583600
2007-11-20,9.7524995803833,10.0,9.6274995803833,9.80500030517578,8.779719352722168,2028800
2007-11-21,9.637499809265137,9.84749984741211,9.637499809265137,9.6899995803833,8.67674446105957,1886000
2007-11-23,9.774999618530272,10.029999732971191,9.625,9.925000190734863,8.88716983795166,518800
2007-11-26,10.02750015258789,10.274999618530272,9.989999771118164,9.994999885559082,8.949850082397461,2096800
2007-11-27,10.087499618530272,10.1225004196167,9.920000076293944,10.037500381469728,8.987910270690918,1314800
2007-11-28,10.175000190734863,10.3725004196167,10.085000038146973,10.217499732971191,9.149089813232422,1305200
2007-11-29,10.217499732971191,10.25,10.067500114440918,10.157500267028809,9.095359802246094,958000
2007-11-30,10.322500228881836,10.520000457763672,10.225000381469728,10.255000114440918,9.18266773223877,1753600
2007-12-03,10.30500030517578,10.359999656677246,10.164999961853027,10.164999961853027,9.102075576782228,1043200
2007-12-04,10.0024995803833,10.210000038146973,9.97249984741211,10.1225004196167,9.064021110534668,1514400
2007-12-05,10.147500038146973,10.239999771118164,10.017499923706056,10.1274995803833,9.06849479675293,1292800
2007-12-06,10.0625,10.087499618530272,9.81999969482422,9.86750030517578,8.835684776306152,2349600
2007-12-07,9.84000015258789,10.079999923706056,9.8125,10.079999923706056,9.02596378326416,1816800
2007-12-10,10.087499618530272,10.087499618530272,9.912500381469728,9.947500228881836,8.907320022583008,1348000
2007-12-11,9.949999809265137,10.0,9.625,9.704999923706056,8.690176963806152,1992800
2007-12-12,9.832500457763672,9.912500381469728,9.175000190734863,9.420000076293944,8.434977531433105,2808400
2007-12-13,9.362500190734863,9.457500457763672,9.255000114440918,9.34000015258789,8.363343238830566,1312800
2007-12-14,9.272500038146973,9.425000190734863,9.145000457763672,9.21500015258789,8.251415252685547,2260800
2007-12-17,9.22249984741211,9.50749969482422,9.13249969482422,9.18000030517578,8.220071792602539,1971600
2007-12-18,9.207500457763672,9.727499961853027,9.207500457763672,9.600000381469728,8.59615707397461,2985600
2007-12-19,9.542499542236328,9.637499809265137,9.414999961853027,9.505000114440918,8.511089324951172,1314400
2007-12-20,9.6274995803833,9.672499656677246,9.404999732971191,9.420000076293944,8.434977531433105,1880000
2007-12-21,9.420000076293944,9.550000190734863,9.390000343322754,9.40250015258789,8.419307708740234,2689600
2007-12-24,9.404999732971191,9.592499732971191,9.399999618530272,9.55500030517578,8.55585765838623,526800
2007-12-26,9.470000267028809,9.642499923706056,9.239999771118164,9.31999969482422,8.345433235168457,1181200
2007-12-27,9.207500457763672,9.30500030517578,9.012499809265137,9.0625,8.114860534667969,1504800
2007-12-28,9.085000038146973,9.09749984741211,8.822500228881836,8.84000015258789,7.915627479553223,1871600
2007-12-31,8.772500038146973,9.072500228881836,8.772500038146973,8.984999656677246,8.045464515686035,1634800
2008-01-02,8.922499656677246,8.975000381469727,8.529999732971191,8.550000190734863,7.655951023101807,1436800
2008-01-03,8.585000038146973,8.667499542236328,8.210000038146973,8.265000343322754,7.400755882263184,1702400
2008-01-04,8.22249984741211,8.227499961853027,7.822500228881836,7.982500076293945,7.147793292999268,2531200
2008-01-07,8.0625,8.3725004196167,7.980000019073486,8.119999885559082,7.270915508270264,1954000
2008-01-08,8.197500228881836,8.375,7.914999961853027,7.934999942779541,7.105260848999023,1676400
2008-01-09,7.949999809265137,8.015000343322754,7.59499979019165,7.875,7.051534175872803,2144800
2008-01-10,7.855000019073486,8.232500076293945,7.722499847412109,8.045000076293945,7.203756809234619,2182400
2008-01-11,7.914999961853027,7.96999979019165,7.572500228881836,7.635000228881836,6.836629390716553,2880800
2008-01-14,7.650000095367432,7.84499979019165,7.517499923706055,7.820000171661377,7.002285957336426,2009200
2008-01-15,7.664999961853027,7.735000133514404,7.559999942779541,7.632500171661377,6.834391117095947,1414000
2008-01-16,7.375,8.015000343322754,7.304999828338623,7.827499866485596,7.009000301361084,3394800
2008-01-17,7.827499866485596,8.032500267028809,7.472499847412109,7.565000057220459,6.773950099945068,3482000
2008-01-18,7.577499866485596,7.862500190734863,7.364999771118164,7.372499942779541,6.601579189300537,3160000
2008-01-22,7.077499866485596,7.737500190734863,7.002500057220459,7.610000133514404,6.814245223999023,4602800
2008-01-23,7.380000114440918,8.529999732971191,7.272500038146973,8.430000305175781,7.548497676849365,6788000
2008-01-24,8.390000343322754,8.699999809265137,8.1274995803833,8.220000267028809,7.360458850860596,3410800
2008-01-25,8.237500190734863,8.362500190734863,8.119999885559082,8.2524995803833,7.3895583152771,2300000
2008-01-28,8.295000076293945,8.542499542236328,8.069999694824219,8.510000228881836,7.620132923126221,1942000
2008-01-29,8.537500381469727,8.875,8.399999618530273,8.807499885559082,7.886526107788086,2204800
2008-01-30,8.869999885559082,8.869999885559082,8.345000267028809,8.412500381469727,7.532827377319336,3054800
2008-01-31,8.875,9.97249984741211,8.75,9.635000228881836,8.627496719360352,12055200
2008-02-01,9.71500015258789,10.072500228881836,9.547499656677246,9.947500228881836,8.907320022583008,3431600
2008-02-04,9.975000381469728,9.975000381469728,9.65250015258789,9.74250030517578,8.7237548828125,2513600
2008-02-05,9.550000190734863,9.792499542236328,9.432499885559082,9.454999923706056,8.46631908416748,2105200
2008-02-06,9.529999732971191,9.75,9.375,9.470000267028809,8.479748725891113,2382800
2008-02-07,9.397500038146973,10.024999618530272,9.390000343322754,9.8725004196167,8.840160369873047,2846000
2008-02-08,9.854999542236328,10.3125,9.84000015258789,10.067500114440918,9.014771461486816,2618000
2008-02-11,10.109999656677246,10.390000343322754,9.94499969482422,10.359999656677246,9.276684761047363,2466400
2008-02-12,10.395000457763672,10.49250030517578,10.125,10.210000038146973,9.142367362976074,1905200
2008-02-13,10.244999885559082,10.392499923706056,10.15999984741211,10.31999969482422,9.240869522094728,1189600
2008-02-14,10.31999969482422,10.387499809265137,9.984999656677246,10.045000076293944,8.994623184204102,1749600
2008-02-15,10.017499923706056,10.037500381469728,9.797499656677246,9.932499885559082,8.89388370513916,1530400
2008-02-19,9.984999656677246,10.109999656677246,9.642499923706056,9.6850004196167,8.67226791381836,1331600
2008-02-20,9.619999885559082,9.725000381469728,9.475000381469728,9.6875,8.674505233764648,2876000
2008-02-21,9.755000114440918,9.88249969482422,9.4399995803833,9.50749969482422,8.513327598571777,1716800
2008-02-22,9.5,9.670000076293944,9.427499771118164,9.640000343322754,8.631970405578613,1233200
2008-02-25,9.56999969482422,9.975000381469728,9.457500457763672,9.920000076293944,8.882692337036133,1452800
2008-02-26,9.987500190734863,10.297499656677246,9.8149995803833,10.25,9.17818546295166,1699200
2008-02-27,10.154999732971191,10.287500381469728,9.99250030517578,10.130000114440918,9.070734024047852,1079200
2008-02-28,10.137499809265137,10.154999732971191,9.795000076293944,9.795000076293944,8.770764350891113,1098000
2008-02-29,9.760000228881836,9.77750015258789,9.30500030517578,9.359999656677246,8.38124942779541,1832400
2008-03-03,9.322500228881836,9.6274995803833,9.125,9.547499656677246,8.549141883850098,1573600
2008-03-04,9.4350004196167,9.619999885559082,9.239999771118164,9.524999618530272,8.528999328613281,1948400
2008-03-05,9.529999732971191,9.854999542236328,9.4375,9.59000015258789,8.587200164794922,1116400
2008-03-06,9.577500343322754,9.61750030517578,9.079999923706056,9.107500076293944,8.155157089233398,979600
2008-03-07,9.074999809265137,9.3774995803833,9.0024995803833,9.109999656677246,8.157394409179688,1107200
2008-03-10,9.162500381469728,9.22249984741211,8.892499923706055,8.892499923706055,7.962635517120361,1129200
2008-03-11,9.0625,9.350000381469728,9.0625,9.279999732971191,8.309615135192871,1002000
2008-03-12,9.302499771118164,9.577500343322754,9.112500190734863,9.270000457763672,8.300661087036133,1003600
2008-03-13,9.085000038146973,9.43000030517578,8.869999885559082,9.3125,8.33871841430664,2295600
2008-03-14,9.130000114440918,9.3125,8.767499923706055,9.18000030517578,8.220071792602539,1886000
2008-03-17,8.970000267028809,9.470000267028809,8.944999694824219,9.387499809265137,8.405879020690918,2406400
2008-03-18,9.579999923706056,9.994999885559082,9.579999923706056,9.952500343322754,8.911795616149902,2322400
2008-03-19,9.952500343322754,10.267499923706056,9.885000228881836,9.979999542236328,8.936419486999512,2360400
2008-03-20,10.017499923706056,10.345000267028809,9.885000228881836,10.30500030517578,9.227436065673828,1935200
2008-03-24,10.364999771118164,10.8125,10.2524995803833,10.494999885559082,9.397568702697754,2978400
2008-03-25,10.602499961853027,10.702500343322754,10.354999542236328,10.524999618530272,9.424432754516602,1462800
2008-03-26,10.647500038146973,10.647500038146973,10.3100004196167,10.414999961853027,9.325931549072266,1077200
2008-03-27,10.4975004196167,10.515000343322754,10.112500190734863,10.142499923706056,9.081929206848145,1237600
2008-03-28,10.217499732971191,10.217499732971191,9.782500267028809,9.850000381469728,8.820013046264648,1799200
2008-03-31,9.75749969482422,10.024999618530272,9.75749969482422,9.880000114440918,8.846877098083496,2506000
2008-04-01,9.762499809265137,10.135000228881836,9.737500190734863,10.057499885559082,9.005813598632812,2760000
2008-04-02,10.09749984741211,10.517499923706056,10.095000267028809,10.170000076293944,9.106553077697754,1932000
2008-04-03,10.085000038146973,10.25749969482422,9.967499732971191,10.137499809265137,9.077448844909668,1353200
2008-04-04,10.024999618530272,10.024999618530272,9.587499618530272,9.677499771118164,8.665549278259277,3274400
2008-04-07,9.717499732971191,9.880000114440918,9.59000015258789,9.675000190734863,8.663314819335938,1313600
2008-04-08,9.61750030517578,9.68000030517578,9.470000267028809,9.552499771118164,8.553621292114258,1228800
2008-04-09,9.537500381469728,9.542499542236328,9.149999618530272,9.1850004196167,8.2245512008667,1442800
2008-04-10,9.149999618530272,9.654999732971191,9.092499732971191,9.414999961853027,8.430501937866211,1386000
2008-04-11,9.359999656677246,9.614999771118164,9.237500190734863,9.279999732971191,8.309615135192871,2053600
2008-04-14,9.1875,9.34000015258789,9.010000228881836,9.0600004196167,8.112622261047363,1933200
2008-04-15,9.039999961853027,9.22249984741211,8.9975004196167,9.18000030517578,8.220071792602539,2058800
2008-04-16,9.237500190734863,9.380000114440918,9.22249984741211,9.267499923706056,8.298423767089844,1648800
2008-04-17,9.267499923706056,9.267499923706056,9.125,9.197500228881836,8.235746383666992,1639200
2008-04-18,9.38249969482422,9.425000190734863,9.154999732971191,9.244999885559082,8.278281211853027,2741600
2008-04-21,9.244999885559082,9.417499542236328,9.11750030517578,9.212499618530272,8.249173164367676,2278400
2008-04-22,9.2475004196167,9.332500457763672,8.930000305175781,9.135000228881836,8.179777145385742,3516800
2008-04-23,9.09000015258789,9.395000457763672,9.015000343322754,9.3725004196167,8.39244556427002,4492400
2008-04-24,8.619999885559082,9.05500030517578,8.267499923706055,8.805000305175781,7.884285926818848,11309200
2008-04-25,8.90250015258789,9.114999771118164,8.75,8.989999771118164,8.049942016601562,3887600
2008-04-28,9.0,9.28499984741211,8.904999732971191,9.18000030517578,8.220071792602539,2490800
2008-04-29,9.112500190734863,9.239999771118164,9.050000190734863,9.085000038146973,8.135007858276367,1834000
2008-04-30,9.0,9.352499961853027,8.850000381469727,8.890000343322754,7.960399627685547,2198800
2008-05-01,8.869999885559082,9.162500381469728,8.782500267028809,9.109999656677246,8.157394409179688,3362400
2008-05-02,9.197500228881836,9.202500343322754,8.880000114440918,8.957500457763672,8.02083969116211,1985200
2008-05-05,8.942500114440918,9.010000228881836,8.755000114440918,8.767499923706055,7.850709915161133,1530800
2008-05-06,8.75,8.765000343322754,8.449999809265137,8.600000381469727,7.700724601745605,2370400
2008-05-07,8.604999542236328,8.845000267028809,8.457500457763672,8.467499732971191,7.5820770263671875,1434800
2008-05-08,8.552499771118164,8.619999885559082,8.335000038146973,8.457500457763672,7.573122024536133,1612000
2008-05-09,8.369999885559082,8.475000381469727,8.295000076293945,8.322500228881836,7.452242374420166,1997200
2008-05-12,8.302499771118164,8.397500038146973,8.125,8.335000038146973,7.463432312011719,2979600
2008-05-13,8.350000381469727,8.547499656677246,8.350000381469727,8.542499542236328,7.649234771728516,1694400
2008-05-14,8.59000015258789,8.71500015258789,8.542499542236328,8.577500343322754,7.680576801300049,1268800
2008-05-15,8.602499961853027,8.789999961853027,8.462499618530273,8.765000343322754,7.848470211029053,1402800
2008-05-16,8.77750015258789,8.792499542236328,8.404999732971191,8.475000381469727,7.58879280090332,2257600
2008-05-19,8.462499618530273,8.470000267028809,8.242500305175781,8.242500305175781,7.380604267120361,1523600
2008-05-20,8.239999771118164,8.25,8.079999923706055,8.092499732971191,7.24629020690918,1922400
2008-05-21,8.072500228881836,8.1899995803833,7.882500171661377,7.932499885559082,7.103021621704102,2025200
2008-05-22,7.942500114440918,8.175000190734863,7.942500114440918,8.047499656677246,7.205997943878174,1271600
2008-05-23,7.997499942779541,8.177499771118164,7.832499980926514,8.117500305175781,7.2686767578125,1899600
2008-05-27,8.107500076293945,8.447500228881836,8.102499961853027,8.332500457763672,7.46119499206543,1905200
2008-05-28,8.34749984741211,8.512499809265137,8.34749984741211,8.447500228881836,7.564168930053711,1568000
2008-05-29,8.417499542236328,8.647500038146973,8.417499542236328,8.489999771118164,7.602223873138428,1746400
2008-05-30,8.557499885559082,8.617500305175781,8.412500381469727,8.542499542236328,7.649234771728516,1823600
2008-06-02,8.8725004196167,8.912500381469727,8.4975004196167,8.6850004196167,7.77683162689209,3160400
2008-06-03,8.6875,8.762499809265137,8.555000305175781,8.75,7.835036754608154,1794000
2008-06-04,8.774999618530273,8.987500190734863,8.675000190734863,8.862500190734863,7.9357757568359375,2375200
2008-06-05,8.920000076293945,9.09000015258789,8.8774995803833,8.970000267028809,8.032033920288086,2058800
2008-06-06,8.947500228881836,8.947500228881836,8.300000190734863,8.329999923706055,7.458957672119141,2250400
2008-06-09,8.305000305175781,8.342499732971191,7.954999923706055,8.024999618530273,7.185847759246826,3071600
2008-06-10,7.992499828338623,8.375,7.849999904632568,8.3149995803833,7.445522308349609,2920800
2008-06-11,8.272500038146973,8.282500267028809,7.989999771118164,8.010000228881836,7.172418117523193,3176400
2008-06-12,8.087499618530273,8.642499923706055,8.029999732971191,8.050000190734863,7.208234786987305,3663600
2008-06-13,8.069999694824219,8.177499771118164,7.902500152587891,8.087499618530273,7.241811275482178,4154800
2008-06-16,8.03499984741211,8.177499771118164,7.9375,8.022500038146973,7.183609962463379,3381600
2008-06-17,8.157500267028809,8.164999961853027,7.994999885559082,8.010000228881836,7.172418117523193,2542400
2008-06-18,7.897500038146973,8.02750015258789,7.784999847412109,7.929999828338623,7.100783348083496,2428400
2008-06-19,7.965000152587891,8.217499732971191,7.942500114440918,8.192500114440918,7.335833549499512,2454000
2008-06-20,8.137499809265137,8.197500228881836,7.875,7.929999828338623,7.100783348083496,4361600
2008-06-23,7.9375,8.022500038146973,7.514999866485596,7.627500057220459,6.829915523529053,2019600
2008-06-24,7.550000190734863,7.697500228881836,7.425000190734863,7.502500057220459,6.717986106872559,2889200
2008-06-25,7.550000190734863,7.857500076293945,7.477499961853027,7.502500057220459,6.717986106872559,2343600
2008-06-26,7.454999923706055,7.552499771118164,7.227499961853027,7.252500057220459,6.494126796722412,2644000
2008-06-27,7.21750020980835,7.559999942779541,7.09499979019165,7.392499923706055,6.619486331939697,18416800
2008-06-30,7.400000095367432,7.585000038146973,7.260000228881836,7.260000228881836,6.500843524932861,2654000
2008-07-01,7.167500019073486,7.40749979019165,7.039999961853027,7.307499885559082,6.5433759689331055,3556000
2008-07-02,7.287499904632568,7.422500133514404,7.022500038146973,7.065000057220459,6.326234340667725,3187600
2008-07-03,7.082499980926514,7.329999923706055,7.050000190734863,7.164999961853027,6.415775299072266,1526000
2008-07-07,7.222499847412109,7.429999828338623,7.0,7.122499942779541,6.377718925476074,3230000
2008-07-08,7.085000038146973,7.502500057220459,7.085000038146973,7.492499828338623,6.709030151367188,2441600
2008-07-09,7.454999923706055,7.46750020980835,6.892499923706055,6.940000057220459,6.214304924011231,4396000
2008-07-10,6.940000057220459,7.199999809265137,6.917500019073486,6.957499980926514,6.229974269866943,2565600
2008-07-11,6.894999980926514,7.269999980926514,6.675000190734863,7.144999980926514,6.397867679595947,3546400
2008-07-14,7.195000171661377,7.389999866485596,6.977499961853027,7.050000190734863,6.312802791595459,2057600
2008-07-15,6.982500076293945,7.46999979019165,6.9375,7.207499980926514,6.453834056854248,3862400
2008-07-16,7.264999866485596,7.635000228881836,7.125,7.5,6.715748310089111,3389200
2008-07-17,7.647500038146973,8.157500267028809,7.597499847412109,7.707499980926514,6.901548862457275,5559200
2008-07-18,7.667500019073486,7.902500152587891,7.400000095367432,7.587500095367432,6.794095993041992,3754000
2008-07-21,7.647500038146973,7.75,7.465000152587891,7.652500152587891,6.852300643920898,3877200
2008-07-22,7.607500076293945,7.882500171661377,7.497499942779541,7.880000114440918,7.05601167678833,3580000
2008-07-23,7.972499847412109,8.5,7.817500114440918,8.399999618530273,7.52163553237915,5692400
2008-07-24,9.357500076293944,9.77750015258789,9.307499885559082,9.390000343322754,8.408113479614258,12523600
2008-07-25,9.4375,9.792499542236328,9.350000381469728,9.520000457763672,8.52452278137207,6814400
2008-07-28,9.5,9.59749984741211,9.22249984741211,9.342499732971191,8.365577697753906,4386000
2008-07-29,9.4399995803833,9.94499969482422,9.34749984741211,9.920000076293944,8.882692337036133,4409200
2008-07-30,9.975000381469728,10.25,9.432499885559082,9.4975004196167,8.504377365112305,5803200
2008-07-31,9.390000343322754,9.72249984741211,9.21500015258789,9.5024995803833,8.50885009765625,3961600
2008-08-01,9.5600004196167,9.807499885559082,9.369999885559082,9.6875,8.674505233764648,3484400
2008-08-04,9.612500190734863,9.887499809265137,9.479999542236328,9.607500076293944,8.602874755859375,3269600
2008-08-05,9.827500343322754,10.210000038146973,9.755000114440918,10.177499771118164,9.113265991210938,4699600
2008-08-06,10.0,10.162500381469728,9.857500076293944,10.037500381469728,8.987910270690918,3705200
2008-08-07,10.0,10.11750030517578,9.727499961853027,9.912500381469728,8.875977516174316,2207200
2008-08-08,9.90250015258789,10.5,9.892499923706056,10.452500343322754,9.35951328277588,3668800
2008-08-11,10.462499618530272,11.142499923706056,10.267499923706056,10.582500457763672,9.47592067718506,3556000
2008-08-12,10.522500038146973,10.782500267028809,10.390000343322754,10.539999961853027,9.437864303588867,3128400
2008-08-13,10.425000190734863,10.475000381469728,9.842499732971191,9.994999885559082,8.949850082397461,3883600
2008-08-14,9.904999732971191,10.40999984741211,9.875,10.149999618530272,9.08864402770996,4302800
2008-08-15,10.307499885559082,10.729999542236328,10.22249984741211,10.557499885559082,9.453532218933104,2954800
2008-08-18,10.647500038146973,10.765000343322754,10.34749984741211,10.587499618530272,9.480395317077637,2859600
2008-08-19,10.484999656677246,10.697500228881836,10.11750030517578,10.202500343322754,9.13565444946289,3095200
2008-08-20,10.232500076293944,10.574999809265137,10.164999961853027,10.337499618530272,9.256535530090332,2430000
2008-08-21,10.210000038146973,10.399999618530272,9.967499732971191,10.170000076293944,9.106553077697754,1990000
2008-08-22,10.255000114440918,10.65999984741211,10.1875,10.4375,9.346078872680664,2562000
2008-08-25,10.322500228881836,10.404999732971191,10.15250015258789,10.225000381469728,9.155801773071287,1562400
2008-08-26,10.25,10.422499656677246,10.192500114440918,10.322500228881836,9.2431058883667,1926800
2008-08-27,10.345000267028809,10.56999969482422,10.15250015258789,10.462499618530272,9.368464469909668,1884800
2008-08-28,10.5649995803833,10.75,10.417499542236328,10.734999656677246,9.612472534179688,1820800
2008-08-29,10.65999984741211,10.854999542236328,10.579999923706056,10.654999732971191,9.540838241577148,1074800
2008-09-02,10.932499885559082,11.422499656677246,10.667499542236328,11.09000015258789,9.930350303649902,2892400
2008-09-03,11.095000267028809,11.407500267028809,10.917499542236328,11.28499984741211,10.10495948791504,3382400
2008-09-04,11.09000015258789,11.412500381469728,10.977499961853027,11.255000114440918,10.078095436096191,4530000
2008-09-05,11.2475004196167,11.25,10.65999984741211,10.899999618530272,9.760215759277344,3998800
2008-09-08,11.087499618530272,11.300000190734863,10.720000267028809,11.06999969482422,9.912439346313477,3411600
2008-09-09,11.095000267028809,11.3725004196167,10.857500076293944,10.917499542236328,9.775886535644531,2061600
2008-09-10,11.119999885559082,11.177499771118164,10.670000076293944,11.042499542236328,9.8878173828125,2868400
2008-09-11,10.717499732971191,11.175000190734863,10.682499885559082,11.145000457763672,9.979599952697754,2330800
2008-09-12,11.079999923706056,11.079999923706056,10.75,10.90999984741211,9.769170761108398,2308800
2008-09-15,10.524999618530272,11.11750030517578,10.352499961853027,10.677499771118164,9.56098461151123,2135200
2008-09-16,10.842499732971191,11.052499771118164,10.505000114440918,10.970000267028809,9.822900772094728,2791200
2008-09-17,10.84000015258789,11.082500457763672,10.38249969482422,10.432499885559082,9.341604232788086,3555600
2008-09-18,10.682499885559082,11.4399995803833,10.342499732971191,11.329999923706056,10.145251274108888,4134800
2008-09-19,11.1850004196167,11.875,10.8774995803833,11.25749969482422,10.080334663391112,6560800
2008-09-22,11.037500381469728,11.34749984741211,10.5625,10.84000015258789,9.70649242401123,1990400
2008-09-23,10.875,11.199999809265137,10.765000343322754,10.932499885559082,9.78931999206543,1907600
2008-09-24,10.93000030517578,11.2524995803833,10.852499961853027,10.94499969482422,9.80051326751709,1996000
2008-09-25,11.032500267028809,11.392499923706056,10.832500457763672,11.3125,10.129584312438965,2221600
2008-09-26,11.05500030517578,11.452500343322754,11.05500030517578,11.3725004196167,10.183309555053713,3278000
2008-09-29,11.204999923706056,11.350000381469728,10.86750030517578,11.005000114440918,9.854238510131836,2578800
2008-09-30,11.239999771118164,11.239999771118164,10.27750015258789,10.512499809265137,9.413238525390623,2709600
2008-10-01,10.487500190734863,10.607500076293944,10.15250015258789,10.220000267028809,9.151327133178713,1893600
2008-10-02,10.142499923706056,10.149999618530272,9.467499732971191,9.55500030517578,8.55585765838623,3625600
2008-10-03,9.6875,9.854999542236328,9.162500381469728,9.21500015258789,8.251415252685547,3464800
2008-10-06,9.237500190734863,9.47249984741211,8.75,9.447500228881836,8.459601402282715,5094800
2008-10-07,9.604999542236328,10.114999771118164,9.442500114440918,9.607500076293944,8.602874755859375,6452800
2008-10-08,9.2524995803833,10.364999771118164,8.765000343322754,9.78499984741211,8.761810302734375,5697600
2008-10-09,9.907500267028809,10.045000076293944,9.015000343322754,9.095000267028809,8.143960952758789,6106000
2008-10-10,8.739999771118164,9.720000267028809,8.25,9.547499656677246,8.549141883850098,5271200
2008-10-13,9.975000381469728,10.237500190734863,9.47249984741211,9.802499771118164,8.777478218078613,4580400
2008-10-14,10.077500343322754,10.350000381469728,9.25,9.442500114440918,8.455122947692871,4404400
2008-10-15,9.082500457763672,9.25,8.385000228881836,8.4399995803833,7.557453155517578,4569600
2008-10-16,8.539999961853027,9.104999542236328,8.2524995803833,8.987500190734863,8.047699928283691,4648800
2008-10-17,8.772500038146973,9.06999969482422,8.614999771118164,8.667499542236328,7.761164665222168,4474800
2008-10-20,8.75,8.944999694824219,8.545000076293945,8.867500305175781,7.940250873565674,2488800
2008-10-21,8.755000114440918,9.1899995803833,8.637499809265137,8.882499694824219,7.953682899475098,3566000
2008-10-22,8.600000381469727,8.727499961853027,8.092499732971191,8.354999542236328,7.481340408325195,3364000
2008-10-23,8.800000190734863,9.720000267028809,8.572500228881836,8.800000190734863,7.8798089027404785,13969600
2008-10-24,8.172499656677246,9.212499618530272,8.172499656677246,9.042499542236328,8.096954345703125,4230800
2008-10-27,9.0649995803833,9.157500267028809,8.675000190734863,8.680000305175781,7.772356986999512,3195600
2008-10-28,9.092499732971191,9.692500114440918,8.787500381469727,9.677499771118164,8.665549278259277,4778000
2008-10-29,9.739999771118164,9.979999542236328,9.414999961853027,9.630000114440918,8.623018264770508,4012800
2008-10-30,9.845000267028809,9.975000381469728,9.5649995803833,9.887499809265137,8.853591918945312,2197600
2008-10-31,9.8100004196167,10.592499732971191,9.31999969482422,10.390000343322754,9.303546905517578,2736800
2008-11-03,10.369999885559082,10.6875,10.204999923706056,10.449999809265137,9.357274055480955,3527200
2008-11-04,10.46500015258789,10.505000114440918,10.137499809265137,10.364999771118164,9.28115940093994,2543600
2008-11-05,10.244999885559082,10.350000381469728,9.612500190734863,9.649999618530272,8.640923500061035,3162800
2008-11-06,9.595000267028809,10.067500114440918,9.577500343322754,9.782500267028809,8.759571075439453,2492400
2008-11-07,9.822500228881836,10.234999656677246,9.682499885559082,10.217499732971191,9.149089813232422,2555200
2008-11-10,10.454999923706056,10.482500076293944,9.68000030517578,9.797499656677246,8.773002624511719,2659600
2008-11-11,9.739999771118164,9.739999771118164,9.015000343322754,9.100000381469728,8.1484375,4550400
2008-11-12,8.975000381469727,9.095000267028809,8.592499732971191,8.807499885559082,7.886526107788086,4073600
2008-11-13,8.822500228881836,9.087499618530272,7.922500133514404,9.067500114440918,8.119338989257812,5444400
2008-11-14,8.9399995803833,9.2524995803833,8.619999885559082,8.619999885559082,7.718634605407715,2898800
2008-11-17,8.512499809265137,8.914999961853027,8.4375,8.46500015258789,7.57983922958374,2802000
2008-11-18,8.5,8.807499885559082,8.272500038146973,8.555000305175781,7.660428047180176,3450800
2008-11-19,8.52750015258789,8.664999961853027,8.0,8.1225004196167,7.273153781890869,3900800
2008-11-20,8.085000038146973,8.899999618530273,8.007499694824219,8.262499809265137,7.398512363433838,4234800
2008-11-21,8.3774995803833,8.75,8.082500457763672,8.720000267028809,7.808175563812256,4214800
2008-11-24,8.8125,9.390000343322754,8.524999618530273,9.212499618530272,8.249173164367676,2874800
2008-11-25,9.279999732971191,9.460000038146973,8.760000228881836,9.227499961853027,8.262604713439941,2696400
2008-11-26,9.0,9.772500038146973,8.942500114440918,9.550000190734863,8.551383972167969,3564000
2008-11-28,9.457500457763672,9.734999656677246,9.380000114440918,9.595000267028809,8.591680526733398,810400
2008-12-01,9.46500015258789,9.574999809265137,8.770000457763672,8.787500381469727,7.868616580963135,2887600
2008-12-02,9.0,9.24250030517578,8.612500190734863,8.9399995803833,8.005168914794922,3336000
2008-12-03,8.925000190734863,9.0649995803833,8.670000076293945,8.914999961853027,7.982786178588867,3216400
2008-12-04,8.880000114440918,9.824999809265137,8.880000114440918,9.375,8.394682884216309,4699600
2008-12-05,9.21500015258789,9.922499656677246,9.125,9.897500038146973,8.862548828125,4304400
2008-12-08,9.99250030517578,10.449999809265137,9.962499618530272,10.287500381469728,9.211763381958008,5826000
2008-12-09,10.15250015258789,10.61750030517578,10.03499984741211,10.092499732971191,9.037154197692873,3649200
2008-12-10,10.167499542236328,10.595000267028809,9.97249984741211,10.0,8.954328536987305,3051200
2008-12-11,10.052499771118164,10.217499732971191,9.345000267028809,9.477499961853027,8.486464500427246,4768000
2008-12-12,9.579999923706056,9.9350004196167,9.282500267028809,9.744999885559082,8.725994110107422,2917600
2008-12-15,9.8149995803833,9.932499885559082,9.484999656677246,9.670000076293944,8.658835411071777,2278000
2008-12-16,9.829999923706056,10.420000076293944,9.80500030517578,10.337499618530272,9.256535530090332,2554000
2008-12-17,10.202500343322754,10.8149995803833,10.137499809265137,10.770000457763672,9.643811225891112,3512000
2008-12-18,10.40250015258789,10.692500114440918,9.397500038146973,9.537500381469728,8.540193557739258,6918000
2008-12-19,9.582500457763672,9.65250015258789,8.875,9.147500038146973,8.190969467163086,6706800
2008-12-22,8.917499542236328,8.982500076293945,8.27750015258789,8.6274995803833,7.72534704208374,5416800
2008-12-23,8.710000038146973,8.827500343322754,8.539999961853027,8.662500381469727,7.756690979003906,2026400
2008-12-24,8.692500114440918,8.755000114440918,8.537500381469727,8.664999961853027,7.758925437927246,616000
2008-12-26,8.710000038146973,8.772500038146973,8.550000190734863,8.630000114440918,7.727584362030029,778000
2008-12-29,8.59000015258789,8.6225004196167,8.15250015258789,8.297499656677246,7.429852962493896,1890000
2008-12-30,8.390000343322754,8.520000457763672,8.210000038146973,8.46500015258789,7.57983922958374,2714400
2008-12-31,8.454999923706055,9.09749984741211,8.454999923706055,9.03499984741211,8.09023666381836,4150400
2009-01-02,9.22249984741211,9.274999618530272,8.912500381469727,9.182499885559082,8.222311973571777,3110000
2009-01-05,9.3125,9.3125,8.892499923706055,8.962499618530273,8.025315284729004,5456400
2009-01-06,8.987500190734863,9.092499732971191,8.520000457763672,8.699999809265137,7.790266990661621,4319200
2009-01-07,8.147500038146973,8.305000305175781,8.020000457763672,8.239999771118164,7.378366470336914,6407200
2009-01-08,8.305000305175781,8.3725004196167,8.079999923706055,8.25,7.38732099533081,4115600
2009-01-09,8.225000381469727,8.255000114440918,8.015000343322754,8.114999771118164,7.266436576843262,3108800
2009-01-12,8.032500267028809,8.297499656677246,8.0,8.167499542236328,7.313446998596191,2988000
2009-01-13,8.125,8.382499694824219,8.095000267028809,8.212499618530273,7.353743076324463,3322400
2009-01-14,8.117500305175781,8.229999542236328,7.752500057220459,7.852499961853027,7.031387805938721,4589600
2009-01-15,7.84499979019165,8.407500267028809,7.767499923706055,8.197500228881836,7.340310096740723,4175200
2009-01-16,8.387499809265137,8.600000381469727,8.125,8.52750015258789,7.635803699493408,3157600
2009-01-20,8.397500038146973,8.574999809265137,8.137499809265137,8.140000343322754,7.288825988769531,2086400
2009-01-21,8.210000038146973,8.430000305175781,8.0024995803833,8.350000381469727,7.476865768432617,3536800
2009-01-22,8.170000076293945,8.47249984741211,8.107500076293945,8.317500114440918,7.447762966156006,2401200
2009-01-23,8.3774995803833,8.737500190734863,8.125,8.454999923706055,7.570884227752685,7028000
2009-01-26,8.412500381469727,8.925000190734863,8.412500381469727,8.732500076293945,7.819365978240967,2975600
2009-01-27,8.802499771118164,8.970000267028809,8.420000076293945,8.550000190734863,7.655951023101807,3381200
2009-01-28,8.797499656677246,8.962499618530273,8.515000343322754,8.8149995803833,7.893239974975586,2821600
2009-01-29,8.767499923706055,8.767499923706055,8.432499885559082,8.647500038146973,7.743256092071533,3026000
2009-01-30,8.697500228881836,8.779999732971191,8.375,8.427499771118164,7.546261310577393,2061600
2009-02-02,8.317500114440918,8.647500038146973,8.289999961853027,8.572500228881836,7.67609977722168,2590000
2009-02-03,8.609999656677246,8.760000228881836,8.357500076293945,8.729999542236328,7.817130088806152,2521600
2009-02-04,8.71500015258789,8.744999885559082,8.432499885559082,8.579999923706055,7.682815074920654,3317200
2009-02-05,8.5,8.942500114440918,8.452500343322754,8.8725004196167,7.944727420806885,2503600
2009-02-06,8.8774995803833,8.922499656677246,8.699999809265137,8.824999809265137,7.902192115783691,3553200
2009-02-09,8.837499618530273,8.927499771118164,8.664999961853027,8.8125,7.891002178192139,2265200
2009-02-10,8.789999961853027,8.867500305175781,8.420000076293945,8.585000038146973,7.687290668487549,1875200
2009-02-11,8.649999618530273,8.649999618530273,8.147500038146973,8.22249984741211,7.362696647644043,3142800
2009-02-12,8.147500038146973,8.375,8.012499809265137,8.332500457763672,7.46119499206543,2233200
2009-02-13,8.327500343322754,8.512499809265137,8.137499809265137,8.175000190734863,7.320165157318115,1685200
2009-02-17,8.005000114440918,8.237500190734863,7.897500038146973,8.107500076293945,7.259722709655762,2240800
2009-02-18,8.137499809265137,8.21500015258789,7.902500152587891,8.069999694824219,7.226142406463623,3245600
2009-02-19,8.142499923706055,8.272500038146973,7.987500190734863,8.032500267028809,7.192564487457275,2361600
2009-02-20,7.90500020980835,8.305000305175781,7.90500020980835,8.132499694824219,7.282108306884766,2794000
2009-02-23,8.1899995803833,8.3100004196167,7.767499923706055,7.800000190734863,6.984375953674316,3012000
2009-02-24,7.75,7.932499885559082,7.65500020980835,7.875,7.051534175872803,2142400
2009-02-25,7.860000133514404,7.992499828338623,7.692500114440918,7.807499885559082,6.991091728210449,2504400
2009-02-26,7.849999904632568,7.885000228881836,7.550000190734863,7.550000190734863,6.7605180740356445,2844000
2009-02-27,7.659999847412109,7.925000190734863,7.510000228881836,7.809999942779541,6.9933295249938965,2971200
2009-03-02,7.707499980926514,7.84499979019165,7.377500057220459,7.420000076293945,6.644112586975098,2598000
2009-03-03,7.59499979019165,7.642499923706055,7.287499904632568,7.385000228881836,6.612772464752197,4418000
2009-03-04,7.460000038146973,7.610000133514404,7.3125,7.477499961853027,6.695600509643555,2381200
2009-03-05,7.327499866485596,7.445000171661377,7.167500019073486,7.307499885559082,6.5433759689331055,3096800
2009-03-06,7.360000133514404,7.46999979019165,7.197500228881836,7.394999980926514,6.621726512908936,3442000
2009-03-09,7.347499847412109,7.625,7.244999885559082,7.337500095367432,6.570239543914795,2770000
2009-03-10,7.477499961853027,8.007499694824219,7.400000095367432,7.897500038146973,7.071680545806885,2518400
2009-03-11,7.952499866485596,8.297499656677246,7.940000057220459,8.175000190734863,7.320165157318115,2838000
2009-03-12,8.0,8.332500457763672,7.767499923706055,8.292499542236328,7.425377368927002,3284800
2009-03-13,8.307499885559082,8.422499656677246,7.920000076293945,8.109999656677246,7.261959552764893,3574400
2009-03-16,8.572500228881836,8.637499809265137,8.242500305175781,8.267499923706055,7.402993202209473,2984400
2009-03-17,8.287500381469727,8.757499694824219,8.287500381469727,8.739999771118164,7.826082229614258,3376000
2009-03-18,8.71500015258789,8.914999961853027,8.592499732971191,8.8125,7.891002178192139,2890400
2009-03-19,8.875,8.892499923706055,8.630000114440918,8.739999771118164,7.826082229614258,2205600
2009-03-20,8.787500381469727,8.880000114440918,8.710000038146973,8.739999771118164,7.826082229614258,3136400
2009-03-23,9.0,9.140000343322754,8.704999923706055,9.140000343322754,8.184259414672852,2504800
2009-03-24,8.977499961853027,9.390000343322754,8.835000038146973,9.077500343322754,8.128291130065918,3232800
2009-03-25,9.337499618530272,9.49250030517578,8.880000114440918,9.067500114440918,8.119338989257812,3353200
2009-03-26,9.212499618530272,9.3100004196167,9.0024995803833,9.244999885559082,8.278281211853027,3185200
2009-03-27,9.074999809265137,9.289999961853027,8.989999771118164,9.210000038146973,8.24693489074707,2005600
2009-03-30,9.005000114440918,9.087499618530272,8.737500190734863,9.057499885559082,8.110383033752441,1562000
2009-03-31,9.140000343322754,9.1850004196167,8.832500457763672,9.015000343322754,8.072327613830566,1504000
2009-04-01,8.922499656677246,9.270000457763672,8.867500305175781,9.2475004196167,8.280513763427734,2176000
2009-04-02,9.392499923706056,9.899999618530272,9.11750030517578,9.770000457763672,8.748383522033691,3485200
2009-04-03,9.770000457763672,9.8774995803833,9.607500076293944,9.835000038146973,8.806581497192383,1290000
2009-04-06,9.477499961853027,9.852499961853027,9.477499961853027,9.842499732971191,8.813299179077148,2204800
2009-04-07,9.7475004196167,9.892499923706056,9.670000076293944,9.765000343322754,8.743903160095215,2445200
2009-04-08,9.845000267028809,10.06999969482422,9.734999656677246,9.8774995803833,8.844636917114258,1941600
2009-04-09,10.0625,10.3100004196167,9.90250015258789,10.260000228881836,9.187141418457031,1643600
2009-04-13,10.149999618530272,10.2475004196167,9.732500076293944,10.029999732971191,8.981195449829102,1849600
2009-04-14,9.869999885559082,10.010000228881836,9.710000038146973,9.899999618530272,8.864787101745605,1683200
2009-04-15,9.732500076293944,9.987500190734863,9.732500076293944,9.912500381469728,8.875977516174316,1544400
2009-04-16,9.9975004196167,10.2475004196167,9.762499809265137,10.142499923706056,9.081929206848145,2165600
2009-04-17,10.154999732971191,10.262499809265137,9.8725004196167,10.227499961853027,9.158041000366213,1572800
2009-04-20,10.0,10.220000267028809,9.864999771118164,10.135000228881836,9.075210571289062,2261600
2009-04-21,10.067500114440918,10.579999923706056,9.949999809265137,10.494999885559082,9.397568702697754,5426800
2009-04-22,10.3774995803833,10.93000030517578,10.255000114440918,10.675000190734863,9.558746337890623,3834000
2009-04-23,10.520000457763672,10.520000457763672,9.787500381469728,10.02750015258789,8.97895336151123,7595200
2009-04-24,10.085000038146973,10.207500457763672,9.90999984741211,9.957500457763672,8.916272163391113,3089600
2009-04-27,10.052499771118164,10.052499771118164,9.612500190734863,9.74250030517578,8.7237548828125,3749600
2009-04-28,9.704999923706056,10.052499771118164,9.625,9.917499542236328,8.88045597076416,2346400
2009-04-29,9.979999542236328,10.34000015258789,9.84749984741211,10.024999618530272,8.976715087890625,1922400
2009-04-30,10.13249969482422,10.399999618530272,10.0,10.095000267028809,9.039392471313477,2547200
2009-05-01,10.102499961853027,10.147500038146973,9.702500343322754,9.765000343322754,8.743903160095215,1711600
2009-05-04,9.767499923706056,10.0,9.642499923706056,9.800000190734863,8.77524471282959,1560400
2009-05-05,9.774999618530272,9.789999961853027,9.572500228881836,9.74250030517578,8.7237548828125,1806000
2009-05-06,9.807499885559082,9.8725004196167,9.524999618530272,9.667499542236328,8.656597137451172,1947600
2009-05-07,9.75,9.84749984741211,9.399999618530272,9.532500267028809,8.535714149475098,2013200
2009-05-08,9.522500038146973,9.63249969482422,9.21500015258789,9.335000038146973,8.358867645263672,1821200
2009-05-11,9.3100004196167,9.3100004196167,8.9975004196167,9.1875,8.226787567138672,1549600
2009-05-12,9.210000038146973,9.295000076293944,8.897500038146973,9.050000190734863,8.103666305541992,2019200
2009-05-13,8.914999961853027,8.947500228881836,8.542499542236328,8.642499923706055,7.738779544830322,2372800
2009-05-14,8.645000457763672,8.932499885559082,8.569999694824219,8.867500305175781,7.940250873565674,1984800
2009-05-15,8.827500343322754,9.0600004196167,8.762499809265137,8.859999656677246,7.93353796005249,2036800
2009-05-18,8.8725004196167,9.449999809265137,8.8725004196167,9.395000457763672,8.412591934204102,3186000
2009-05-19,9.414999961853027,9.595000267028809,9.25,9.477499961853027,8.486464500427246,2783600
2009-05-20,9.56999969482422,9.760000228881836,9.307499885559082,9.380000114440918,8.399160385131836,1662400
2009-05-21,9.345000267028809,9.34749984741211,9.017499923706056,9.182499885559082,8.222311973571777,2031200
2009-05-22,9.260000228881836,9.3100004196167,9.037500381469728,9.13249969482422,8.177539825439453,860800
2009-05-26,9.172499656677246,9.592499732971191,9.140000343322754,9.5600004196167,8.560336112976074,1842000
2009-05-27,9.532500267028809,9.737500190734863,9.392499923706056,9.4350004196167,8.448410034179688,1545200
2009-05-28,9.529999732971191,9.5600004196167,9.149999618530272,9.324999809265137,8.349913597106934,1702000
2009-05-29,9.397500038146973,9.612500190734863,9.27750015258789,9.595000267028809,8.591680526733398,2194400
2009-06-01,9.649999618530272,10.1850004196167,9.552499771118164,10.149999618530272,9.08864402770996,2610400
2009-06-02,10.057499885559082,10.399999618530272,9.96500015258789,10.345000267028809,9.263254165649414,3106400
2009-06-03,10.300000190734863,10.529999732971191,10.207500457763672,10.515000343322754,9.415478706359863,2565600
2009-06-04,10.52750015258789,10.68000030517578,10.267499923706056,10.595000267028809,9.48711395263672,3040800
2009-06-05,10.649999618530272,10.699999809265137,10.352499961853027,10.4975004196167,9.399807929992676,1662400
2009-06-08,10.550000190734863,10.600000381469728,10.260000228881836,10.477499961853027,9.381897926330566,1076400
2009-06-09,10.494999885559082,10.600000381469728,10.404999732971191,10.4399995803833,9.348319053649902,1420400
2009-06-10,10.5,10.5,10.029999732971191,10.147500038146973,9.086407661437988,2145200
2009-06-11,10.125,10.30500030517578,9.734999656677246,9.7524995803833,8.732708930969238,2288800
2009-06-12,9.869999885559082,10.0024995803833,9.702500343322754,9.975000381469728,8.9319429397583,2216800
2009-06-15,9.949999809265137,9.949999809265137,9.59749984741211,9.84000015258789,8.81105899810791,1786000
2009-06-16,9.77750015258789,9.927499771118164,9.4375,9.447500228881836,8.459601402282715,1689200
2009-06-17,9.375,9.677499771118164,9.1850004196167,9.604999542236328,8.600631713867188,3054000
2009-06-18,9.6225004196167,10.017499923706056,9.59000015258789,9.907500267028809,8.871500015258789,2679600
2009-06-19,10.079999923706056,10.100000381469728,9.904999732971191,9.96500015258789,8.922988891601562,2872000
2009-06-22,9.8725004196167,9.979999542236328,9.712499618530272,9.8149995803833,8.788670539855957,1734800
2009-06-23,9.829999923706056,9.94499969482422,9.600000381469728,9.63249969482422,8.625255584716797,1184400
2009-06-24,9.68000030517578,9.829999923706056,9.630000114440918,9.729999542236328,8.712559700012207,1380000
2009-06-25,9.672499656677246,10.11750030517578,9.672499656677246,10.072500228881836,9.019248962402344,1411200
2009-06-26,10.074999809265137,10.300000190734863,10.052499771118164,10.265000343322754,9.19161891937256,3888000
2009-06-29,10.229999542236328,10.3725004196167,10.092499732971191,10.279999732971191,9.205049514770508,1439200
2009-06-30,10.255000114440918,10.46500015258789,10.210000038146973,10.329999923706056,9.249821662902832,1989200
2009-07-01,10.47249984741211,10.604999542236328,10.380000114440918,10.5649995803833,9.460251808166504,2370400
2009-07-02,10.387499809265137,10.387499809265137,9.932499885559082,10.0625,9.010293006896973,1548400
2009-07-06,9.9975004196167,10.234999656677246,9.920000076293944,10.15999984741211,9.0975980758667,1269600
2009-07-07,10.19499969482422,10.300000190734863,10.072500228881836,10.087499618530272,9.032673835754396,1698800
2009-07-08,11.0,11.267499923706056,10.792499542236328,11.175000190734863,10.006462097167969,11371600
2009-07-09,11.24250030517578,11.375,11.0024995803833,11.21500015258789,10.042281150817873,3662800
2009-07-10,11.157500267028809,11.375,11.077500343322754,11.2475004196167,10.071378707885742,2810400
2009-07-13,11.335000038146973,11.522500038146973,11.112500190734863,11.5,10.297475814819336,3286000
2009-07-14,11.5,11.550000190734863,11.27750015258789,11.5,10.297475814819336,2693600
2009-07-15,11.600000381469728,11.664999961853027,11.4399995803833,11.592499732971191,10.380305290222168,2987600
2009-07-16,11.56999969482422,11.760000228881836,11.420000076293944,11.734999656677246,10.507905006408691,2635600
2009-07-17,11.8100004196167,11.994999885559082,11.63249969482422,11.890000343322754,10.64669704437256,3326400
2009-07-20,11.875,12.017499923706056,11.720000267028809,11.99250030517578,10.73847770690918,2933200
2009-07-21,12.0,12.142499923706056,11.587499618530272,11.77750015258789,10.545961380004885,3449200
2009-07-22,11.765000343322754,12.11750030517578,11.765000343322754,12.092499732971191,10.828020095825195,3890400
2009-07-23,11.414999961853027,11.977499961853027,11.414999961853027,11.970000267028809,10.718331336975098,5629200
2009-07-24,11.854999542236328,12.050000190734863,11.7524995803833,11.907500267028809,10.662367820739746,1950400
2009-07-27,11.857500076293944,11.890000343322754,11.4375,11.699999809265137,10.476564407348633,2224400
2009-07-28,11.454999923706056,11.725000381469728,11.292499542236328,11.712499618530272,10.487756729125977,2413200
2009-07-29,11.619999885559082,11.9399995803833,11.550000190734863,11.782500267028809,10.55043888092041,1626800
2009-07-30,11.925000190734863,12.192500114440918,11.702500343322754,12.050000190734863,10.78996467590332,2128000
2009-07-31,11.994999885559082,12.1899995803833,11.99250030517578,11.99250030517578,10.73847770690918,1158400
2009-08-03,12.042499542236328,12.199999809265137,11.854999542236328,12.100000381469728,10.834736824035645,1249200
2009-08-04,12.0600004196167,12.0600004196167,11.767499923706056,11.842499732971191,10.604164123535156,1506400
2009-08-05,11.8125,11.84000015258789,11.592499732971191,11.782500267028809,10.55043888092041,1374400
2009-08-06,11.789999961853027,11.952500343322754,11.612500190734863,11.720000267028809,10.49447250366211,1718000
2009-08-07,11.81999969482422,12.2475004196167,11.71500015258789,12.19499969482422,10.919801712036133,1705200
2009-08-10,12.092499732971191,12.1850004196167,11.774999618530272,11.895000457763672,10.65117645263672,1976000
2009-08-11,11.837499618530272,11.88249969482422,11.65250015258789,11.782500267028809,10.55043888092041,1499600
2009-08-12,11.827500343322754,11.989999771118164,11.782500267028809,11.852499961853027,10.613121032714844,1328800
2009-08-13,11.96500015258789,11.96500015258789,11.529999732971191,11.710000038146973,10.485520362854004,1660800
2009-08-14,11.725000381469728,11.725000381469728,11.390000343322754,11.542499542236328,10.335532188415527,1610800
2009-08-17,11.327500343322754,11.395000457763672,10.96500015258789,11.207500457763672,10.035565376281738,2326000
2009-08-18,11.225000381469728,11.36750030517578,11.147500038146973,11.30500030517578,10.122872352600098,1586000
2009-08-19,11.164999961853027,11.552499771118164,11.137499809265137,11.475000381469728,10.275092124938965,1420800
2009-08-20,11.677499771118164,11.677499771118164,11.237500190734863,11.449999809265137,10.252704620361328,1915600
2009-08-21,11.5625,11.797499656677246,11.420000076293944,11.770000457763672,10.539246559143066,2255600
2009-08-24,11.845000267028809,11.845000267028809,11.572500228881836,11.704999923706056,10.481040954589844,2565600
2009-08-25,11.75,11.984999656677246,11.677499771118164,11.832500457763672,10.595207214355469,2274400
2009-08-26,11.797499656677246,12.03499984741211,11.699999809265137,11.84749984741211,10.60863971710205,1373600
2009-08-27,11.885000228881836,11.979999542236328,11.710000038146973,11.864999771118164,10.624311447143556,820400
2009-08-28,11.895000457763672,11.977499961853027,11.664999961853027,11.88249969482422,10.63998031616211,1748800
2009-08-31,11.797499656677246,11.8725004196167,11.649999618530272,11.770000457763672,10.539246559143066,1188400
2009-09-01,11.682499885559082,11.947500228881836,11.43000030517578,11.4399995803833,10.243754386901855,1694800
2009-09-02,11.397500038146973,11.667499542236328,11.397500038146973,11.552499771118164,10.344487190246582,1318400
2009-09-03,11.609999656677246,11.755000114440918,11.4350004196167,11.737500190734863,10.51014232635498,1302800
2009-09-04,11.682499885559082,11.862500190734863,11.567500114440918,11.782500267028809,10.55043888092041,987600
2009-09-08,11.829999923706056,11.93000030517578,11.712499618530272,11.892499923706056,10.648935317993164,1503200
2009-09-09,11.75,11.8774995803833,11.595000267028809,11.725000381469728,10.49894905090332,3022000
2009-09-10,11.712499618530272,11.78499984741211,11.577500343322754,11.670000076293944,10.449700355529783,1597200
2009-09-11,11.699999809265137,11.725000381469728,11.412500381469728,11.520000457763672,10.315389633178713,1803200
2009-09-14,11.427499771118164,11.84000015258789,11.427499771118164,11.8149995803833,10.579538345336914,2043600
2009-09-15,11.765000343322754,11.9350004196167,11.542499542236328,11.93000030517578,10.68251609802246,1520800
2009-09-16,11.925000190734863,12.0625,11.667499542236328,12.0600004196167,10.798921585083008,1530000
2009-09-17,12.00749969482422,12.167499542236328,11.9350004196167,12.067500114440918,10.80563259124756,1022800
2009-09-18,12.125,12.125,11.962499618530272,12.024999618530272,10.76758098602295,2890800
2009-09-21,11.93000030517578,12.217499732971191,11.84000015258789,12.042499542236328,10.78325080871582,1047200
2009-09-22,12.09749984741211,12.1274995803833,11.789999961853027,12.024999618530272,10.76758098602295,1299200
2009-09-23,12.005000114440918,12.042499542236328,11.842499732971191,11.93000030517578,10.68251609802246,1237600
2009-09-24,11.9350004196167,11.984999656677246,11.647500038146973,11.832500457763672,10.595207214355469,1775600
2009-09-25,11.767499923706056,11.994999885559082,11.74250030517578,11.925000190734863,10.678037643432615,1045600
2009-09-28,11.9399995803833,12.1899995803833,11.880000114440918,12.092499732971191,10.828020095825195,895200
2009-09-29,12.067500114440918,12.1850004196167,11.960000038146973,12.104999542236328,10.839215278625488,841600
2009-09-30,12.077500343322754,12.162500381469728,11.84000015258789,12.104999542236328,10.839215278625488,1193600
2009-10-01,12.015000343322754,12.149999618530272,11.739999771118164,11.829999923706056,10.592970848083496,1284000
2009-10-02,11.702500343322754,11.8725004196167,11.667499542236328,11.672499656677246,10.45194149017334,806800
2009-10-05,11.6850004196167,12.217499732971191,11.637499809265137,12.1875,10.913087844848633,2440000
2009-10-06,12.204999923706056,12.69499969482422,12.010000228881836,12.640000343322754,11.318270683288574,2594000
2009-10-07,12.635000228881836,12.7475004196167,12.550000190734863,12.699999809265137,11.37199592590332,2424000
2009-10-08,13.0649995803833,13.609999656677246,12.9975004196167,13.2524995803833,11.866721153259276,6945600
2009-10-09,13.292499542236328,13.4375,13.19499969482422,13.332500457763672,11.938360214233398,2413200
2009-10-12,13.47249984741211,13.625,13.345000267028809,13.427499771118164,12.02342414855957,1607200
2009-10-13,13.422499656677246,13.43000030517578,13.217499732971191,13.297499656677246,11.90701961517334,1733200
2009-10-14,13.332500457763672,13.332500457763672,12.962499618530272,13.050000190734863,11.685399055480955,3694400
2009-10-15,13.010000228881836,13.18000030517578,13.010000228881836,13.112500190734863,11.741365432739258,1783200
2009-10-16,13.085000038146973,13.234999656677246,12.897500038146973,13.092499732971191,11.723455429077148,1711600
2009-10-19,13.170000076293944,13.3125,13.052499771118164,13.212499618530272,11.830907821655272,2229600
2009-10-20,13.18000030517578,13.324999809265137,12.912500381469728,13.167499542236328,11.79061222076416,2250000
2009-10-21,13.177499771118164,13.234999656677246,12.739999771118164,12.739999771118164,11.407814025878906,3066000
2009-10-22,12.137499809265137,12.260000228881836,11.675000190734863,11.897500038146973,10.653414726257324,7492000
2009-10-23,11.899999618530272,12.010000228881836,11.50749969482422,11.645000457763672,10.42731475830078,2706800
2009-10-26,11.6274995803833,11.8125,11.4375,11.59000015258789,10.37806510925293,2619600
2009-10-27,11.587499618530272,11.6875,11.234999656677246,11.5,10.297475814819336,3388000
2009-10-28,11.28499984741211,11.520000457763672,11.177499771118164,11.182499885559082,10.013178825378418,2618800
2009-10-29,11.332500457763672,11.635000228881836,11.332500457763672,11.489999771118164,10.28852081298828,2875200
2009-10-30,11.427499771118164,11.532500267028809,11.157500267028809,11.175000190734863,10.006462097167969,2292800
2009-11-02,11.30500030517578,11.5024995803833,11.082500457763672,11.332500457763672,10.147493362426758,2897200
2009-11-03,11.267499923706056,11.539999961853027,11.18000030517578,11.517499923706056,10.313149452209473,2756400
2009-11-04,11.600000381469728,11.6850004196167,11.390000343322754,11.482500076293944,10.28180980682373,1526000
2009-11-05,11.49250030517578,11.667499542236328,11.337499618530272,11.574999809265137,10.364633560180664,1190400
2009-11-06,11.725000381469728,12.050000190734863,11.607500076293944,11.90999984741211,10.664603233337402,1811200
2009-11-09,12.032500267028809,12.125,11.960000038146973,12.029999732971191,10.772056579589844,1328800
2009-11-10,11.979999542236328,12.145000457763672,11.914999961853027,12.0024995803833,10.747431755065918,894000
2009-11-11,12.1225004196167,12.229999542236328,11.892499923706056,12.015000343322754,10.758625984191896,1090400
2009-11-12,12.032500267028809,12.0625,11.72249984741211,11.857500076293944,10.617596626281738,1452000
2009-11-13,11.857500076293944,12.0024995803833,11.6850004196167,11.96500015258789,10.713854789733888,1154400
2009-11-16,12.050000190734863,12.332500457763672,11.78499984741211,12.244999885559082,10.964576721191406,1344800
2009-11-17,12.202500343322754,12.282500267028809,11.899999618530272,11.99250030517578,10.73847770690918,1014000
2009-11-18,12.029999732971191,12.102499961853027,11.797499656677246,12.085000038146973,10.82130527496338,788800
2009-11-19,11.970000267028809,12.087499618530272,11.675000190734863,11.869999885559082,10.62878704071045,1384800
2009-11-20,11.837499618530272,12.06999969482422,11.767499923706056,11.927499771118164,10.68027400970459,1212400
2009-11-23,12.09749984741211,12.267499923706056,11.952500343322754,12.09000015258789,10.825783729553224,1209200
2009-11-24,12.142499923706056,12.142499923706056,11.899999618530272,11.994999885559082,10.740714073181152,1566000
2009-11-25,12.0600004196167,12.130000114440918,11.989999771118164,12.052499771118164,10.792205810546877,892800
2009-11-27,11.75,11.96500015258789,11.75,11.8125,10.577303886413574,827600
2009-11-30,11.774999618530272,11.8100004196167,11.4399995803833,11.672499656677246,10.45194149017334,1542000
2009-12-01,11.72249984741211,11.9975004196167,11.699999809265137,11.857500076293944,10.617596626281738,902000
2009-12-02,11.90250015258789,12.295000076293944,11.90250015258789,12.272500038146973,10.989201545715332,1879600
2009-12-03,12.3725004196167,12.869999885559082,12.295000076293944,12.792499542236328,11.45482349395752,3656400
2009-12-04,12.949999809265137,13.322500228881836,12.720000267028809,12.8149995803833,11.47497272491455,1917200
2009-12-07,12.852499961853027,12.86750030517578,12.585000038146973,12.607500076293944,11.289169311523438,1632800
2009-12-08,12.53499984741211,12.6225004196167,12.447500228881836,12.50749969482422,11.199628829956056,1957200
2009-12-09,12.52750015258789,12.529999732971191,12.260000228881836,12.404999732971191,11.107843399047852,1177600
2009-12-10,12.40999984741211,12.529999732971191,12.262499809265137,12.317500114440918,11.029495239257812,985600
2009-12-11,12.34749984741211,12.5625,12.3149995803833,12.470000267028809,11.166048049926758,1166400
2009-12-14,12.487500190734863,12.607500076293944,12.350000381469728,12.537500381469728,11.22649097442627,1239600
2009-12-15,12.545000076293944,12.664999961853027,12.4975004196167,12.517499923706056,11.208579063415527,1136800
2009-12-16,12.612500190734863,12.654999732971191,12.46500015258789,12.5,11.192914009094238,1218400
2009-12-17,12.449999809265137,12.647500038146973,12.3725004196167,12.609999656677246,11.291407585144045,1644000
2009-12-18,12.6875,12.922499656677246,12.595000267028809,12.922499656677246,11.571231842041016,3224800
2009-12-21,12.9399995803833,13.197500228881836,12.914999961853027,13.130000114440918,11.757034301757812,1249200
2009-12-22,13.125,13.342499732971191,13.104999542236328,13.292499542236328,11.902543067932127,848400
2009-12-23,13.317500114440918,13.510000228881836,13.170000076293944,13.422499656677246,12.018948554992676,1020000
2009-12-24,13.412500381469728,13.56999969482422,13.359999656677246,13.50749969482422,12.095057487487791,319600
2009-12-28,13.5625,13.625,13.47249984741211,13.52750015258789,12.112969398498535,871200
2009-12-29,13.510000228881836,13.572500228881836,13.417499542236328,13.547499656677246,12.13087558746338,344000
2009-12-30,13.479999542236328,13.600000381469728,13.40250015258789,13.452500343322754,12.045808792114258,630800
2009-12-31,13.487500190734863,13.489999771118164,13.229999542236328,13.24250030517578,11.857768058776855,547600
2010-01-04,13.300000190734863,13.604999542236328,13.2475004196167,13.335000038146973,11.940596580505373,1316400
2010-01-05,13.359999656677246,13.420000076293944,12.875,13.19499969482422,11.815234184265137,2732400
2010-01-06,13.142499923706056,13.272500038146973,13.022500038146973,13.167499542236328,11.79061222076416,1483200
2010-01-07,13.074999809265137,13.380000114440918,13.074999809265137,13.34749984741211,11.951788902282717,919200
2010-01-08,13.375,13.479999542236328,13.192500114440918,13.34000015258789,11.945077896118164,548000
2010-01-11,13.345000267028809,13.34749984741211,13.109999656677246,13.232500076293944,11.848814964294434,984000
2010-01-12,13.192500114440918,13.287500381469728,13.107500076293944,13.237500190734863,11.85329246520996,1346400
2010-01-13,13.317500114440918,13.375,13.149999618530272,13.322500228881836,11.929404258728027,1309200
2010-01-14,13.3125,13.350000381469728,13.130000114440918,13.210000038146973,11.828668594360352,1093600
2010-01-15,13.274999618530272,13.274999618530272,13.029999732971191,13.112500190734863,11.741365432739258,1418400
2010-01-19,13.0625,13.279999732971191,13.0024995803833,13.217499732971191,11.835379600524902,2829200
2010-01-20,12.744999885559082,12.864999771118164,12.524999618530272,12.782500267028809,11.445873260498049,2541200
2010-01-21,12.837499618530272,13.052499771118164,12.505000114440918,12.6875,11.36080551147461,1836000
2010-01-22,12.717499732971191,12.86750030517578,12.5,12.52750015258789,11.217535972595217,1514000
2010-01-25,12.587499618530272,12.832500457763672,12.412500381469728,12.8125,11.472732543945312,1590800
2010-01-26,12.385000228881836,12.7475004196167,12.279999732971191,12.654999732971191,11.331703186035156,2916000
2010-01-27,12.574999809265137,13.11750030517578,12.462499618530272,13.05500030517578,11.689876556396484,3318400
2010-01-28,13.274999618530272,13.375,12.802499771118164,12.875,11.528694152832031,5424800
2010-01-29,12.880000114440918,13.079999923706056,12.595000267028809,12.61750030517578,11.298121452331545,2592800
2010-02-01,12.72249984741211,13.0625,12.647500038146973,13.039999961853027,11.67644214630127,1876800
2010-02-02,13.00749969482422,13.270000457763672,12.9375,13.229999542236328,11.846577644348145,1108800
2010-02-03,13.147500038146973,13.274999618530272,12.90999984741211,13.03499984741211,11.671968460083008,1363200
2010-02-04,12.99250030517578,13.02750015258789,12.670000076293944,12.702500343322754,11.374238014221191,1210400
2010-02-05,12.75,12.837499618530272,12.449999809265137,12.649999618530272,11.327223777770996,1222400
2010-02-08,13.024999618530272,13.024999618530272,12.50749969482422,12.53499984741211,11.224248886108398,1016000
2010-02-09,12.68000030517578,12.862500190734863,12.524999618530272,12.84000015258789,11.497358322143556,1178800
2010-02-10,12.762499809265137,12.852499961853027,12.6274995803833,12.739999771118164,11.407814025878906,883200
2010-02-11,12.675000190734863,12.994999885559082,12.532500267028809,12.970000267028809,11.613765716552734,983600
2010-02-12,12.895000457763672,12.954999923706056,12.7524995803833,12.9399995803833,11.58690071105957,937200
2010-02-16,13.0,13.135000228881836,12.94499969482422,13.107500076293944,11.736886024475098,686000
2010-02-17,13.199999809265137,13.454999923706056,13.157500267028809,13.427499771118164,12.02342414855957,998800
2010-02-18,13.397500038146973,13.397500038146973,13.172499656677246,13.307499885559082,11.915976524353027,940400
2010-02-19,13.317500114440918,13.425000190734863,13.207500457763672,13.354999542236328,11.958504676818848,917200
2010-02-22,13.40250015258789,13.5,13.31999969482422,13.34000015258789,11.945077896118164,961200
2010-02-23,13.354999542236328,13.524999618530272,13.239999771118164,13.362500190734863,11.96522331237793,1641600
2010-02-24,13.4350004196167,13.704999923706056,13.25,13.6850004196167,12.253998756408691,927200
2010-02-25,13.647500038146973,13.880000114440918,13.572500228881836,13.725000381469728,12.289819717407228,1655200
2010-02-26,13.75,13.802499771118164,13.612500190734863,13.68000030517578,12.249521255493164,1735600
2010-03-01,13.949999809265137,14.369999885559082,13.824999809265137,14.332500457763672,12.83379077911377,3799200
2010-03-02,14.307499885559082,14.404999732971191,14.125,14.234999656677246,12.74648666381836,2250000
2010-03-03,14.302499771118164,14.357500076293944,14.112500190734863,14.192500114440918,12.708433151245115,1466400
2010-03-04,14.260000228881836,14.362500190734863,14.09749984741211,14.142499923706056,12.663658142089844,1481600
2010-03-05,14.164999961853027,14.40250015258789,14.125,14.369999885559082,12.867369651794434,2079200
2010-03-08,14.392499923706056,14.47249984741211,14.300000190734863,14.425000190734863,12.916621208190918,809600
2010-03-09,14.395000457763672,14.5,14.272500038146973,14.350000381469728,12.849461555480955,1207600
2010-03-10,14.307499885559082,14.5625,14.25749969482422,14.447500228881836,12.936768531799316,1176800
2010-03-11,14.332500457763672,14.5,14.289999961853027,14.49250030517578,13.008574485778809,759200
2010-03-12,14.5,14.574999809265137,14.350000381469728,14.574999809265137,13.082626342773438,678400
2010-03-15,14.512499809265137,14.572500228881836,14.362500190734863,14.50749969482422,13.0220365524292,732800
2010-03-16,14.505000114440918,15.100000381469728,14.505000114440918,15.06999969482422,13.52694320678711,2652800
2010-03-17,14.8149995803833,14.917499542236328,14.49250030517578,14.744999885559082,13.235220909118652,3016400
2010-03-18,14.712499618530272,14.90250015258789,14.577500343322754,14.897500038146973,13.37210750579834,962000
2010-03-19,14.975000381469728,14.975000381469728,14.760000228881836,14.822500228881836,13.30478572845459,2049200
2010-03-22,14.75,15.142499923706056,14.670000076293944,15.077500343322754,13.53367805480957,1220400
2010-03-23,15.0600004196167,15.0600004196167,14.857500076293944,14.975000381469728,13.441673278808594,1067600
2010-03-24,14.897500038146973,14.989999771118164,14.675000190734863,14.692500114440918,13.18809700012207,973600
2010-03-25,14.727499961853027,14.859999656677246,14.515000343322754,14.522500038146973,13.03550148010254,1216000
2010-03-26,14.5649995803833,14.727499961853027,14.475000381469728,14.557499885559082,13.066922187805176,908400
2010-03-29,14.63249969482422,14.732500076293944,14.454999923706056,14.567500114440918,13.075897216796877,725200
2010-03-30,14.625,14.835000038146973,14.512499809265137,14.7475004196167,13.23746395111084,895200
2010-03-31,14.7475004196167,14.859999656677246,14.510000228881836,14.512499809265137,13.026525497436523,868800
2010-04-01,14.5625,14.850000381469728,14.552499771118164,14.850000381469728,13.329469680786133,826800
2010-04-05,14.9350004196167,15.25,14.772500038146973,15.244999885559082,13.684026718139648,994800
2010-04-06,15.220000267028809,15.380000114440918,15.157500267028809,15.369999885559082,13.796225547790527,860400
2010-04-07,16.5625,16.969999313354492,16.290000915527344,16.637500762939453,14.933940887451172,6803600
2010-04-08,16.752500534057617,16.822500228881836,16.5,16.6200008392334,14.91823959350586,2057600
2010-04-09,16.979999542236328,16.989999771118164,16.53499984741211,16.614999771118164,14.913750648498535,1356000
2010-04-12,16.702499389648438,16.735000610351562,16.4950008392334,16.575000762939453,14.87784194946289,910000
2010-04-13,16.577499389648438,16.75,16.520000457763672,16.704999923706055,14.99453353881836,1316000
2010-04-14,16.792499542236328,16.809999465942383,16.572500228881836,16.735000610351562,15.021461486816406,2200800
2010-04-15,16.792499542236328,16.940000534057617,16.645000457763672,16.737499237060547,15.023701667785645,779200
2010-04-16,16.772499084472656,16.857500076293945,16.645000457763672,16.729999542236328,15.016974449157717,1302800
2010-04-19,16.72249984741211,17.172500610351562,16.6924991607666,17.03499984741211,15.290740966796877,2651600
2010-04-20,17.149999618530273,17.309999465942383,16.907499313354492,16.982500076293945,15.243614196777344,1404400
2010-04-21,17.010000228881836,17.354999542236328,16.837499618530273,17.295000076293945,15.524121284484863,1816800
2010-04-22,17.072500228881836,17.579999923706055,17.03499984741211,17.467500686645508,15.678963661193848,2490800
2010-04-23,17.4375,17.475000381469727,17.177499771118164,17.4424991607666,15.65651512145996,1151600
2010-04-26,17.802499771118164,17.96500015258789,17.512500762939453,17.549999237060547,15.75300407409668,1218400
2010-04-27,17.415000915527344,17.497499465942383,16.877500534057617,16.90999984741211,15.178539276123049,1939600
2010-04-28,16.9375,17.165000915527344,16.655000686645508,16.75749969482422,15.04165744781494,1415600
2010-04-29,16.8125,17.477500915527344,16.8125,17.40999984741211,15.627346992492676,1511600
2010-04-30,17.497499465942383,17.497499465942383,16.792499542236328,16.792499542236328,15.07306957244873,2260000
2010-05-03,16.8075008392334,17.094999313354492,16.684999465942383,16.982500076293945,15.243614196777344,903600
2010-05-04,16.75,16.920000076293945,16.510000228881836,16.622499465942383,14.92047882080078,1540400
2010-05-05,16.397499084472656,16.809999465942383,16.299999237060547,16.475000381469727,14.788084030151367,2352400
2010-05-06,16.3125,16.395000457763672,14.8125,16.014999389648438,14.375182151794434,2527200
2010-05-07,16.012500762939453,16.262500762939453,15.442500114440918,15.770000457763672,14.155268669128418,1978400
2010-05-10,16.375,16.6924991607666,16.262500762939453,16.6924991607666,14.983309745788574,1491200
2010-05-11,16.5049991607666,17.18000030517578,16.457500457763672,16.959999084472656,15.223422050476074,1548800
2010-05-12,17.049999237060547,17.469999313354492,16.899999618530273,17.44499969482422,15.658761024475098,1840800
2010-05-13,17.362499237060547,17.75,17.260000228881836,17.385000228881836,15.636269569396973,3296400
2010-05-14,17.22249984741211,17.297500610351562,16.852500915527344,17.102500915527344,15.382192611694336,1537600
2010-05-17,17.200000762939453,17.392499923706055,16.74250030517578,17.385000228881836,15.636269569396973,1711600
2010-05-18,17.614999771118164,17.905000686645508,16.674999237060547,16.690000534057617,15.011186599731444,2203600
2010-05-19,16.524999618530273,16.952499389648438,16.395000457763672,16.764999389648438,15.078641891479492,1636000
2010-05-20,16.3799991607666,16.770000457763672,16.149999618530273,16.299999237060547,14.66041374206543,2176800
2010-05-21,16.0575008392334,16.725000381469727,16.002500534057617,16.434999465942383,14.781830787658691,2442800
2010-05-24,16.375,16.727500915527344,16.19499969482422,16.454999923706055,14.799823760986328,1227600
2010-05-25,16.075000762939453,16.52750015258789,15.875,16.497499465942383,14.838046073913574,1206800
2010-05-26,16.63249969482422,16.84749984741211,16.059999465942383,16.162500381469727,14.536744117736816,2492400
2010-05-27,16.540000915527344,17.1299991607666,16.225000381469727,17.112499237060547,15.391182899475098,2551600
2010-05-28,17.11750030517578,17.422500610351562,16.84749984741211,16.940000534057617,15.236034393310549,1846800
2010-06-01,16.86750030517578,17.09000015258789,16.56999969482422,16.56999969482422,14.9032564163208,2090800
2010-06-02,16.59749984741211,16.957500457763672,16.405000686645508,16.887500762939453,15.188817977905272,22908000
2010-06-03,16.887500762939453,17.344999313354492,16.647499084472656,16.899999618530273,15.20005702972412,3351200
2010-06-04,16.647499084472656,16.657499313354492,16.010000228881836,16.059999465942383,14.444555282592772,3034800
2010-06-07,16.114999771118164,16.2549991607666,15.600000381469728,15.619999885559082,14.048812866210938,1752400
2010-06-08,15.72249984741211,15.987500190734863,15.274999618530272,15.947500228881836,14.34337043762207,3206800
2010-06-09,16.094999313354492,16.614999771118164,15.975000381469728,16.0625,14.446805000305176,2065600
2010-06-10,16.3174991607666,16.385000228881836,15.880000114440918,16.337499618530273,14.69413948059082,2508000
2010-06-11,16.145000457763672,16.677499771118164,16.125,16.625,14.952722549438477,1734400
2010-06-14,16.7549991607666,17.219999313354492,16.7549991607666,16.969999313354492,15.263017654418944,1878400
2010-06-15,17.135000228881836,17.15250015258789,16.80500030517578,17.102500915527344,15.382192611694336,1017200
2010-06-16,16.977500915527344,17.172500610351562,16.75749969482422,17.0049991607666,15.294499397277832,1130400
2010-06-17,17.092500686645508,17.13249969482422,16.530000686645508,16.637500762939453,14.963966369628906,1208800
2010-06-18,16.627500534057617,16.9325008392334,16.50749969482422,16.797500610351562,15.107870101928713,3882400
2010-06-21,17.1200008392334,17.18000030517578,16.40250015258789,16.477500915527344,14.820061683654783,2711200
2010-06-22,16.540000915527344,16.709999084472656,15.80500030517578,15.827500343322754,14.235440254211426,2793200
2010-06-23,15.770000457763672,16.19499969482422,15.612500190734863,16.094999313354492,14.476036071777344,2892400
2010-06-24,15.97249984741211,16.017499923706055,15.539999961853027,15.625,14.05331039428711,1999200
2010-06-25,15.625,15.829999923706056,15.427499771118164,15.510000228881836,13.949878692626951,18251200
2010-06-28,15.545000076293944,15.917499542236328,15.5,15.760000228881836,14.174731254577637,2512000
2010-06-29,15.587499618530272,15.65999984741211,15.13249969482422,15.329999923706056,13.787985801696776,2163600
2010-06-30,15.295000076293944,15.5649995803833,15.147500038146973,15.24250030517578,13.709285736083984,1618000
2010-07-01,15.225000381469728,15.362500190734863,14.774999618530272,15.3100004196167,13.769996643066406,1864400
2010-07-02,15.350000381469728,15.517499923706056,15.15250015258789,15.36750030517578,13.821711540222168,1792400
2010-07-06,15.512499809265137,16.0,15.125,15.317500114440918,13.776741027832031,2046000
2010-07-07,15.412500381469728,15.970000267028809,15.327500343322754,15.9399995803833,14.336627006530762,2353600
2010-07-08,16.84749984741211,17.032499313354492,16.267499923706055,16.352500915527344,14.707634925842283,6386800
2010-07-09,16.36750030517578,16.502500534057617,16.204999923706055,16.434999465942383,14.781830787658691,2404400
2010-07-12,16.440000534057617,16.514999389648438,16.329999923706055,16.479999542236328,14.822307586669922,1842400
2010-07-13,16.607500076293945,16.947500228881836,16.607500076293945,16.842500686645508,15.148344993591309,1978400
2010-07-14,16.88249969482422,17.0674991607666,16.520000457763672,16.982500076293945,15.274263381958008,2146800
2010-07-15,17.042499542236328,17.309999465942383,16.647499084472656,17.204999923706055,15.47437858581543,2838400
2010-07-16,17.1200008392334,17.125,16.647499084472656,16.6875,15.008936882019045,2158800
2010-07-19,16.627500534057617,17.040000915527344,16.625,17.010000228881836,15.298993110656738,3254000
2010-07-20,16.797500610351562,17.2450008392334,16.702499389648438,17.21500015258789,15.483373641967772,1890800
2010-07-21,17.3125,17.3125,16.672500610351562,16.8174991607666,15.125856399536133,2938400
2010-07-22,17.11750030517578,17.1875,16.860000610351562,17.112499237060547,15.391182899475098,3135600
2010-07-23,17.0,17.4424991607666,16.832500457763672,17.427499771118164,15.674503326416016,2731600
2010-07-26,17.375,17.59000015258789,17.1924991607666,17.537500381469727,15.773436546325684,2512800
2010-07-27,17.59749984741211,17.625,17.100000381469727,17.25749969482422,15.521600723266602,1662400
2010-07-28,17.262500762939453,17.350000381469727,16.934999465942383,17.030000686645508,15.316987991333008,1047600
2010-07-29,17.357500076293945,17.434999465942383,17.014999389648438,17.34749984741211,15.60254955291748,2166000
2010-07-30,17.135000228881836,17.485000610351562,17.032499313354492,17.377500534057617,15.629524230957031,1082000
2010-08-02,17.55500030517578,17.684999465942383,17.344999313354492,17.625,15.852129936218262,1880800
2010-08-03,17.602500915527344,17.612499237060547,17.084999084472656,17.3125,15.57106590270996,1274400
2010-08-04,17.40999984741211,17.55500030517578,17.274999618530273,17.46500015258789,15.708229064941406,762000
2010-08-05,17.397499084472656,17.59000015258789,17.110000610351562,17.565000534057617,15.798172950744627,855200
2010-08-06,17.344999313354492,17.6200008392334,17.1924991607666,17.600000381469727,15.82965087890625,938000
2010-08-09,17.655000686645508,18.09749984741211,17.65250015258789,18.0049991607666,16.193910598754883,2517200
2010-08-10,17.934999465942383,17.952499389648438,17.637500762939453,17.782499313354492,15.993788719177246,1307200
2010-08-11,17.25,17.25,16.825000762939453,17.047500610351562,15.332722663879396,2281600
2010-08-12,16.825000762939453,17.3125,16.717500686645508,17.227500915527344,15.526497840881348,1487200
2010-08-13,17.217500686645508,17.264999389648438,17.02750015258789,17.137500762939453,15.44538402557373,993200
2010-08-16,17.075000762939453,17.420000076293945,17.0,17.3075008392334,15.598593711853027,1163600
2010-08-17,17.5,17.587499618530273,17.327499389648438,17.327499389648438,15.616621017456056,1730800
2010-08-18,17.299999237060547,17.802499771118164,17.22249984741211,17.582500457763672,15.846446990966797,1209600
2010-08-19,17.530000686645508,17.799999237060547,17.354999542236328,17.514999389648438,15.785605430603027,1506000
2010-08-20,17.420000076293945,17.7450008392334,17.274999618530273,17.700000762939453,15.95233917236328,993600
2010-08-23,17.7450008392334,17.952499389648438,17.719999313354492,17.7549991607666,16.001914978027344,1540000
2010-08-24,17.61750030517578,17.61750030517578,17.190000534057617,17.202499389648438,15.5039701461792,1662800
2010-08-25,17.102500915527344,17.225000381469727,16.88249969482422,17.0,15.321460723876951,3406400
2010-08-26,17.020000457763672,17.107500076293945,16.727500915527344,16.767499923706055,15.111915588378906,2774800
2010-08-27,16.962499618530273,17.232500076293945,16.587499618530273,17.15999984741211,15.46566390991211,2102800
2010-08-30,17.047500610351562,17.352500915527344,17.0049991607666,17.06999969482422,15.384546279907228,1147200
2010-08-31,16.975000381469727,17.24250030517578,16.88249969482422,16.9950008392334,15.316951751708984,2284000
2010-09-01,17.11750030517578,17.65999984741211,17.0674991607666,17.5575008392334,15.8239107131958,1648800
2010-09-02,17.53499984741211,17.947500228881836,17.5049991607666,17.852500915527344,16.089780807495117,2274400
2010-09-03,18.25,18.3700008392334,17.799999237060547,18.155000686645508,16.362415313720703,1875200
2010-09-07,18.0049991607666,18.4950008392334,18.0049991607666,18.32999992370605,16.52013397216797,1918400
2010-09-08,18.325000762939453,18.700000762939453,18.26499938964844,18.6200008392334,16.781497955322266,2409200
2010-09-09,18.75,18.75,18.334999084472656,18.364999771118164,16.551679611206055,1339200
2010-09-10,18.375,18.51000022888184,18.34499931335449,18.40999984741211,16.59222984313965,1174000
2010-09-13,18.6200008392334,18.73500061035156,18.52499961853028,18.575000762939453,16.74094581604004,1334200
2010-09-14,18.6200008392334,19.0,18.540000915527344,18.8700008392334,17.006818771362305,1323200
2010-09-15,18.875,19.09000015258789,18.68000030517578,19.075000762939453,17.19157600402832,1150800
2010-09-16,18.96500015258789,19.13999938964844,18.77499961853028,18.86000061035156,16.997812271118164,922000
2010-09-17,18.854999542236328,19.174999237060547,18.73500061035156,18.84499931335449,16.984291076660156,1857800
2010-09-20,18.950000762939453,19.364999771118164,18.82999992370605,19.334999084472656,17.425899505615234,1245400
2010-09-21,19.295000076293945,19.56999969482422,19.25,19.309999465942383,17.403377532958984,1169400
2010-09-22,19.209999084472656,19.350000381469727,18.934999465942383,18.9950008392334,17.119476318359375,1068200
2010-09-23,18.80500030517578,19.25,18.7549991607666,18.98500061035156,17.1104679107666,661200
2010-09-24,19.26499938964844,19.43000030517578,19.155000686645508,19.295000076293945,17.389854431152344,1159000
2010-09-27,19.325000762939453,19.325000762939453,19.13500022888184,19.174999237060547,17.281705856323242,720000
2010-09-28,19.3700008392334,19.84000015258789,19.13500022888184,19.799999237060547,17.84499740600586,1709200
2010-09-29,19.450000762939453,19.815000534057617,19.450000762939453,19.61000061035156,17.67375373840332,869200
2010-09-30,19.665000915527344,19.975000381469727,19.520000457763672,19.82999992370605,17.872028350830078,1517200
2010-10-01,19.950000762939453,19.96500015258789,19.415000915527344,19.600000381469727,17.66474151611328,1309400
2010-10-04,19.600000381469727,19.600000381469727,19.20499992370605,19.309999465942383,17.403377532958984,882200
2010-10-05,19.53499984741211,19.850000381469727,19.32999992370605,19.46500015258789,17.54306983947754,1581400
2010-10-06,19.46500015258789,19.559999465942383,19.280000686645508,19.52499961853028,17.597145080566406,775800
2010-10-07,19.645000457763672,19.64999961853028,19.30500030517578,19.51000022888184,17.58362579345703,1678600
2010-10-08,19.59000015258789,19.770000457763672,19.21500015258789,19.290000915527344,17.385353088378906,1779000
2010-10-11,19.26000022888184,19.600000381469727,19.21500015258789,19.434999465942383,17.516027450561523,933800
2010-10-12,19.440000534057617,20.059999465942383,19.34000015258789,19.98500061035156,18.011722564697266,2466600
2010-10-13,20.02499961853028,20.26499938964844,19.84499931335449,19.88500022888184,17.921600341796875,1477800
2010-10-14,19.86000061035156,20.09000015258789,19.76000022888184,19.854999542236328,17.894556045532227,893000
2010-10-15,20.065000534057617,20.170000076293945,19.78499984741211,19.81999969482422,17.863018035888672,1127400
2010-10-18,19.84499931335449,19.8700008392334,19.299999237060547,19.32999992370605,17.42140007019043,1675800
2010-10-19,19.1200008392334,19.26000022888184,18.850000381469727,19.09499931335449,17.209598541259766,2413800
2010-10-20,19.174999237060547,19.315000534057617,18.88999938964844,18.9950008392334,17.119476318359375,1926800
2010-10-21,19.450000762939453,19.5,18.5,18.739999771118164,16.889652252197266,4900800
2010-10-22,18.80500030517578,19.170000076293945,18.73500061035156,19.15999984741211,17.2681884765625,1543800
2010-10-25,19.25,19.799999237060547,19.2450008392334,19.729999542236328,17.781904220581055,2138200
2010-10-26,19.565000534057617,20.03499984741211,19.479999542236328,19.940000534057617,17.971166610717773,1718200
2010-10-27,19.84000015258789,19.864999771118164,19.174999237060547,19.520000457763672,17.592634201049805,1389600
2010-10-28,19.53499984741211,19.625,19.270000457763672,19.479999542236328,17.556591033935547,666800
2010-10-29,19.405000686645508,19.864999771118164,19.3799991607666,19.790000915527344,17.835983276367188,1092800
2010-11-01,19.89999961853028,19.89999961853028,19.40999984741211,19.53499984741211,17.606159210205078,803000
2010-11-02,19.63500022888184,19.89999961853028,19.4950008392334,19.864999771118164,17.90357208251953,797600
2010-11-03,19.924999237060547,19.924999237060547,19.559999465942383,19.834999084472656,17.876541137695312,718000
2010-11-04,19.95499992370605,20.565000534057617,19.95499992370605,20.53499984741211,18.507417678833008,1278400
2010-11-05,20.53499984741211,21.38999938964844,20.5,20.84499931335449,18.786808013916016,1943000
2010-11-08,20.75,20.9950008392334,20.59000015258789,20.920000076293945,18.85440826416016,1383600
2010-11-09,21.0,21.01000022888184,20.57999992370605,20.68000030517578,18.638103485107425,832000
2010-11-10,20.71999931335449,20.934999465942383,20.520000457763672,20.80500030517578,18.78255653381348,782200
2010-11-11,20.670000076293945,21.0,20.5049991607666,20.8700008392334,18.841228485107425,692800
2010-11-12,20.790000915527344,20.88500022888184,20.290000915527344,20.34000015258789,18.362754821777344,643200
2010-11-15,20.375,20.575000762939453,20.239999771118164,20.26499938964844,18.295042037963867,595000
2010-11-16,20.21999931335449,20.55500030517578,20.084999084472656,20.229999542236328,18.263442993164062,863200
2010-11-17,20.299999237060547,20.545000076293945,20.100000381469727,20.36000061035156,18.380815505981445,569400
2010-11-18,20.600000381469727,21.09499931335449,20.434999465942383,20.450000762939453,18.46206283569336,982800
2010-11-19,20.46500015258789,20.7549991607666,20.27499961853028,20.7450008392334,18.72838020324707,812200
2010-11-22,20.600000381469727,21.07999992370605,20.39999961853028,20.979999542236328,18.940540313720703,715600
2010-11-23,20.729999542236328,20.950000762939453,20.559999465942383,20.920000076293945,18.88637351989746,607400
2010-11-24,21.084999084472656,21.25,21.06999969482422,21.19499969482422,19.134639739990234,693200
2010-11-26,21.07999992370605,21.239999771118164,20.96500015258789,21.145000457763672,19.089494705200195,192600
2010-11-29,21.03499984741211,21.09499931335449,20.6299991607666,21.0,18.95859336853028,524800
2010-11-30,20.78499984741211,21.31999969482422,20.76000022888184,21.23500061035156,19.170753479003903,1054000
2010-12-01,21.540000915527344,21.98500061035156,21.48500061035156,21.895000457763672,19.7665958404541,1406000
2010-12-02,22.20499992370605,22.780000686645508,21.915000915527344,22.71999931335449,20.51139640808105,2868200
2010-12-03,22.799999237060547,23.07999992370605,22.450000762939453,22.989999771118164,20.7551498413086,1588600
2010-12-06,22.90999984741211,23.065000534057617,22.690000534057617,23.01000022888184,20.773202896118164,1070800
2010-12-07,23.290000915527344,23.5,23.07999992370605,23.184999465942383,20.931190490722656,1116200
2010-12-08,23.18000030517578,23.209999084472656,22.920000076293945,23.09000015258789,20.84542655944824,949400
2010-12-09,23.190000534057617,23.479999542236328,23.01000022888184,23.405000686645508,21.12980461120605,1214800
2010-12-10,23.40999984741211,23.834999084472656,23.184999465942383,23.834999084472656,21.51800537109375,1111800
2010-12-13,23.94499969482422,24.059999465942383,23.7549991607666,23.790000915527344,21.47738075256348,1580200
2010-12-14,23.8700008392334,24.13999938964844,23.77499961853028,23.875,21.554113388061523,1260200
2010-12-15,23.790000915527344,24.040000915527344,23.674999237060547,23.76499938964844,21.45480728149414,2004200
2010-12-16,23.7450008392334,24.31999969482422,23.65999984741211,24.27499961853028,21.91523170471192,862200
2010-12-17,24.21999931335449,24.25,23.78499984741211,24.23500061035156,21.87912368774414,2551000
2010-12-20,24.23500061035156,24.395000457763672,24.1299991607666,24.200000762939453,21.847522735595703,777800
2010-12-21,24.31999969482422,24.31999969482422,24.065000534057617,24.07999992370605,21.739187240600582,663800
2010-12-22,24.09000015258789,24.26000022888184,24.0,24.09499931335449,21.75273323059082,631400
2010-12-23,24.100000381469727,24.38999938964844,24.100000381469727,24.200000762939453,21.847522735595703,622800
2010-12-27,24.13500022888184,24.2450008392334,24.0,24.21999931335449,21.865577697753903,478600
2010-12-28,24.270000457763672,24.40999984741211,24.13500022888184,24.13500022888184,21.7888412475586,677800
2010-12-29,24.229999542236328,24.350000381469727,24.100000381469727,24.190000534057617,21.838491439819336,601800
2010-12-30,24.530000686645508,24.73500061035156,24.21500015258789,24.46500015258789,22.08676147460937,590600
2010-12-31,24.415000915527344,24.51000022888184,24.14999961853028,24.2450008392334,21.88815116882324,849800
2011-01-03,24.53499984741211,24.81999969482422,24.52499961853028,24.600000381469727,22.208641052246094,930200
2011-01-04,24.729999542236328,24.75,23.5049991607666,23.670000076293945,21.369043350219727,2003800
2011-01-05,23.71500015258789,24.170000076293945,23.655000686645508,23.89999961853028,21.576684951782227,1406200
2011-01-06,23.94499969482422,23.94499969482422,22.625,23.4950008392334,21.21105194091797,2834200
2011-01-07,23.489999771118164,23.64999961853028,23.06999969482422,23.545000076293945,21.25618934631348,1244000
2011-01-10,23.46999931335449,23.940000534057617,23.34000015258789,23.905000686645508,21.581199645996094,1286200
2011-01-11,23.989999771118164,24.174999237060547,23.39999961853028,23.46999931335449,21.18848991394043,965000
2011-01-12,23.68000030517578,23.795000076293945,23.415000915527344,23.489999771118164,21.20653533935547,980800
2011-01-13,23.520000457763672,23.545000076293945,23.14999961853028,23.174999237060547,20.92216110229492,1356400
2011-01-14,23.125,23.375,23.02499961853028,23.325000762939453,21.05758285522461,1378200
2011-01-18,23.38500022888184,23.415000915527344,22.9950008392334,23.354999542236328,21.08466529846192,1860400
2011-01-19,23.45499992370605,23.7450008392334,23.30500030517578,23.48500061035156,21.20203018188477,1129000
2011-01-20,23.520000457763672,24.145000457763672,23.5,23.530000686645508,21.242650985717773,1672400
2011-01-21,23.68000030517578,23.68000030517578,23.13999938964844,23.174999237060547,20.92216110229492,1210200
2011-01-24,23.27499961853028,23.88999938964844,23.270000457763672,23.809999465942383,21.495433807373047,1115200
2011-01-25,23.799999237060547,24.18000030517578,23.395000457763672,24.18000030517578,21.829463958740234,1263400
2011-01-26,24.225000381469727,24.520000457763672,23.920000076293945,24.27499961853028,21.91523170471192,2190800
2011-01-27,25.31999969482422,26.59499931335449,25.155000686645508,26.5049991607666,23.928449630737305,4388600
2011-01-28,26.46500015258789,26.56999969482422,25.27499961853028,25.34499931335449,22.88121795654297,2619600
2011-01-31,25.584999084472656,25.88999938964844,25.334999084472656,25.655000686645508,23.16107940673828,1336400
2011-02-01,25.665000915527344,26.084999084472656,25.61000061035156,25.84000015258789,23.32809829711914,1059200
2011-02-02,25.75,25.825000762939453,25.424999237060547,25.43000030517578,22.95795440673828,1047400
2011-02-03,25.31999969482422,26.174999237060547,25.31999969482422,26.0049991607666,23.477060317993164,805000
2011-02-04,25.809999465942383,26.354999542236328,25.63500022888184,26.21500015258789,23.66664123535156,736400
2011-02-07,26.21999931335449,26.46500015258789,26.06999969482422,26.21999931335449,23.67115974426269,1072600
2011-02-08,26.21500015258789,26.70499992370605,26.0,26.674999237060547,24.08193016052246,943800
2011-02-09,26.674999237060547,26.75,26.3799991607666,26.45499992370605,23.8833122253418,715200
2011-02-10,26.36000061035156,26.61000061035156,26.170000076293945,26.57999992370605,23.99616432189941,742800
2011-02-11,26.43000030517578,26.875,26.309999465942383,26.84499931335449,24.23540306091309,584200
2011-02-14,26.94499969482422,26.975000381469727,26.48500061035156,26.645000457763672,24.05484962463379,699800
2011-02-15,26.575000762939453,26.625,26.229999542236328,26.415000915527344,23.84720230102539,698400
2011-02-16,26.475000381469727,26.655000686645508,26.0,26.48500061035156,23.91039657592773,2723000
2011-02-17,26.420000076293945,26.64999961853028,26.170000076293945,26.459999084472656,23.91943359375,1926800
2011-02-18,26.475000381469727,26.700000762939453,26.315000534057617,26.575000762939453,24.02339744567871,882400
2011-02-22,26.2549991607666,26.770000457763672,25.63500022888184,25.7450008392334,23.273088455200195,1291600
2011-02-23,25.64999961853028,25.71999931335449,24.52499961853028,25.145000457763672,22.73070335388184,2033200
2011-02-24,25.049999237060547,25.584999084472656,24.905000686645508,25.309999465942383,22.87985610961914,1574800
2011-02-25,25.46500015258789,25.975000381469727,25.375,25.934999465942383,23.444843292236328,1069600
2011-02-28,26.184999465942383,26.440000534057617,25.68000030517578,26.03499984741211,23.53524780273437,1158800
2011-03-01,26.05500030517578,26.13999938964844,25.174999237060547,25.30500030517578,22.87533569335937,1107800
2011-03-02,25.31999969482422,26.059999465942383,25.25,25.934999465942383,23.444843292236328,993200
2011-03-03,26.13500022888184,26.655000686645508,26.0,26.545000076293945,23.99627494812012,817000
2011-03-04,26.600000381469727,27.364999771118164,26.55500030517578,26.975000381469727,24.384986877441406,1845200
2011-03-07,27.170000076293945,27.39999961853028,26.39999961853028,26.80500030517578,24.23130989074707,1198400
2011-03-08,26.770000457763672,27.4950008392334,26.7450008392334,27.114999771118164,24.511550903320312,1140800
2011-03-09,27.790000915527344,27.924999237060547,27.065000534057617,27.489999771118164,24.850542068481445,1485200
2011-03-10,27.2450008392334,27.364999771118164,27.049999237060547,27.165000915527344,24.55674743652344,989800
2011-03-11,27.184999465942383,27.375,26.75,27.34000015258789,24.714942932128903,896600
2011-03-14,26.9950008392334,27.20499992370605,26.5,26.924999237060547,24.339794158935547,1185400
2011-03-15,26.104999542236328,26.8799991607666,25.4950008392334,26.68000030517578,24.118314743041992,1698000
2011-03-16,26.700000762939453,27.09000015258789,26.48500061035156,26.65999984741211,24.100238800048828,1174400
2011-03-17,27.1299991607666,27.31999969482422,26.459999084472656,26.709999084472656,24.145437240600582,987400
2011-03-18,27.104999542236328,27.225000381469727,26.725000381469727,26.9950008392334,24.40306854248047,2466800
2011-03-21,27.375,27.600000381469727,27.049999237060547,27.479999542236328,24.84150695800781,1141200
2011-03-22,27.434999465942383,27.559999465942383,27.049999237060547,27.395000457763672,24.7646598815918,719800
2011-03-23,27.28499984741211,27.4950008392334,26.875,27.420000076293945,24.787260055541992,1172800
2011-03-24,27.46999931335449,28.1299991607666,27.46999931335449,27.95499992370605,25.27089500427246,1249400
2011-03-25,28.01499938964844,28.70499992370605,27.959999084472656,28.364999771118164,25.641530990600582,594600
2011-03-28,28.475000381469727,28.825000762939453,28.34000015258789,28.420000076293945,25.69124794006348,1399400
2011-03-29,28.46500015258789,29.3799991607666,28.239999771118164,29.06999969482422,26.27883529663086,1875400
2011-03-30,29.5,29.69499969482422,29.25,29.64999961853028,26.803152084350582,1477200
2011-03-31,29.63999938964844,29.9950008392334,29.38999938964844,29.93000030517578,27.056264877319336,2222600
2011-04-01,30.0,30.780000686645508,29.95499992370605,30.530000686645508,27.59865379333496,2636600
2011-04-04,30.93000030517578,31.20499992370605,30.209999084472656,30.604999542236328,27.66644859313965,2210400
2011-04-05,30.559999465942383,31.040000915527344,30.549999237060547,30.90999984741211,27.94217109680176,1568600
2011-04-06,30.94499969482422,31.065000534057617,30.34499931335449,30.75,27.797531127929688,1395000
2011-04-07,30.63500022888184,31.424999237060547,30.63500022888184,31.09499931335449,28.109405517578125,1134800
2011-04-08,31.34000015258789,31.98500061035156,31.11000061035156,31.420000076293945,28.403207778930664,1612400
2011-04-11,31.690000534057617,32.279998779296875,31.3700008392334,31.5,28.475521087646484,1466600
2011-04-12,31.31999969482422,32.05500030517578,31.200000762939453,31.290000915527344,28.285688400268555,1373600
2011-04-13,31.645000457763672,31.76000022888184,30.940000534057617,31.4950008392334,28.47100257873535,1301200
2011-04-14,31.395000457763672,32.189998626708984,31.155000686645508,31.94499969482422,28.87779235839844,1894200
2011-04-15,32.125,32.275001525878906,31.78499984741211,31.88500022888184,28.82355308532715,1433200
2011-04-18,31.55500030517578,31.59000015258789,30.36000061035156,30.76499938964844,27.81109619140625,2230800
2011-04-19,30.770000457763672,31.084999084472656,29.864999771118164,30.84000015258789,27.87889862060547,2468600
2011-04-20,31.155000686645508,31.51499938964844,30.875,31.48500061035156,28.461957931518555,2826600
2011-04-21,32.5,32.5,30.32999992370605,30.459999084472656,27.535381317138672,4841600
2011-04-25,30.43000030517578,30.5,29.71999931335449,30.31999969482422,27.40882110595703,2030400
2011-04-26,30.32999992370605,30.799999237060547,30.155000686645508,30.545000076293945,27.61221694946289,2000000
2011-04-27,30.540000915527344,30.809999465942383,30.25,30.795000076293945,27.838207244873047,1175400
2011-04-28,30.56999969482422,31.049999237060547,30.56999969482422,30.700000762939453,27.75233459472656,1444600
2011-04-29,30.665000915527344,31.21500015258789,30.545000076293945,30.934999465942383,27.964763641357425,1308000
2011-05-02,31.209999084472656,31.209999084472656,29.520000457763672,29.790000915527344,26.92970466613769,2285000
2011-05-03,29.7450008392334,29.94499969482422,29.21999931335449,29.7549991607666,26.898067474365234,1843400
2011-05-04,29.68000030517578,30.045000076293945,29.100000381469727,29.31999969482422,26.504833221435547,1542600
2011-05-05,29.049999237060547,29.834999084472656,28.55500030517578,29.55500030517578,26.717273712158203,1521600
2011-05-06,30.040000915527344,30.55500030517578,29.89999961853028,29.89999961853028,27.029146194458008,1727000
2011-05-09,29.825000762939453,30.34499931335449,29.684999465942383,30.270000457763672,27.36362266540528,1069600
2011-05-10,30.295000076293945,30.934999465942383,30.27499961853028,30.809999465942383,27.851770401000977,1012800
2011-05-11,30.809999465942383,30.96500015258789,30.239999771118164,30.614999771118164,27.675498962402344,1009200
2011-05-12,30.395000457763672,31.55500030517578,30.059999465942383,31.45499992370605,28.490678787231445,1495600
2011-05-13,31.59000015258789,31.6299991607666,30.8799991607666,30.94499969482422,28.028743743896484,670200
2011-05-16,31.45499992370605,31.45499992370605,30.145000457763672,30.20499992370605,27.35847854614257,796000
2011-05-17,30.01000022888184,30.21500015258789,29.2549991607666,29.38999938964844,26.62028884887696,1781200
2011-05-18,29.434999465942383,30.364999771118164,29.170000076293945,30.114999771118164,27.27695846557617,1485000
2011-05-19,30.27499961853028,30.40999984741211,29.80500030517578,30.21999931335449,27.37206268310547,1096000
2011-05-20,30.030000686645508,30.059999465942383,29.34499931335449,29.48500061035156,26.706335067749023,1161200
2011-05-23,29.100000381469727,30.5,29.05500030517578,30.26499938964844,27.412822723388672,1873200
2011-05-24,30.31999969482422,30.46999931335449,29.86000061035156,30.0,27.17279624938965,1034000
2011-05-25,29.8700008392334,30.420000076293945,29.46999931335449,30.23500061035156,27.385648727416992,1065000
2011-05-26,30.225000381469727,31.045000076293945,30.225000381469727,30.93000030517578,28.01515388488769,897200
2011-05-27,31.09499931335449,31.5,30.924999237060547,31.209999084472656,28.268768310546875,992000
2011-05-31,31.5,31.9950008392334,31.395000457763672,31.57999992370605,28.603899002075195,5239000
2011-06-01,31.59000015258789,31.8700008392334,30.700000762939453,30.76499938964844,27.865703582763672,1687400
2011-06-02,30.729999542236328,31.225000381469727,30.4950008392334,31.07999992370605,28.151012420654297,1050400
2011-06-03,30.43000030517578,30.940000534057617,29.78499984741211,29.88500022888184,27.06863784790039,1330200
2011-06-06,29.795000076293945,30.065000534057617,29.434999465942383,29.46999931335449,26.69274139404297,1657400
2011-06-07,29.655000686645508,30.475000381469727,28.8700008392334,30.170000076293945,27.32677459716797,1758400
2011-06-08,29.959999084472656,30.065000534057617,29.71500015258789,29.875,27.0595760345459,1165600
2011-06-09,30.05500030517578,30.88999938964844,29.809999465942383,30.280000686645508,27.426408767700195,1430600
2011-06-10,30.075000762939453,30.13500022888184,29.334999084472656,29.38500022888184,26.61575698852539,1188400
2011-06-13,29.440000534057617,30.2549991607666,29.3700008392334,29.75,26.94635772705078,1092400
2011-06-14,30.104999542236328,30.725000381469727,30.0,30.63500022888184,27.747955322265625,965200
2011-06-15,30.165000915527344,30.69499969482422,30.100000381469727,30.299999237060547,27.44451904296875,1027200
2011-06-16,30.26000022888184,30.55500030517578,29.709999084472656,30.39999961853028,27.535097122192383,1507800
2011-06-17,30.6200008392334,31.0,30.39999961853028,30.46999931335449,27.598506927490234,2099400
2011-06-20,30.440000534057617,31.780000686645508,30.38999938964844,31.729999542236328,28.73976325988769,1367600
2011-06-21,31.93000030517578,32.494998931884766,31.7450008392334,32.44499969482422,29.38738441467285,1818400
2011-06-22,32.415000915527344,32.900001525878906,31.915000915527344,32.51499938964844,29.45078468322754,2101600
2011-06-23,32.154998779296875,33.189998626708984,32.125,33.099998474121094,29.98065757751465,1504200
2011-06-24,33.064998626708984,33.314998626708984,32.33000183105469,32.45500183105469,29.39644241333008,1440600
2011-06-27,32.45500183105469,33.19499969482422,32.19499969482422,33.02000045776367,29.908191680908203,1090200
2011-06-28,33.2400016784668,34.099998474121094,33.04499816894531,33.375,30.229736328125,1731600
2011-06-29,33.459999084472656,33.869998931884766,33.064998626708984,33.42499923706055,30.27502822875977,1171800
2011-06-30,33.529998779296875,33.849998474121094,33.439998626708984,33.439998626708984,30.28860855102539,1524400
2011-07-01,33.61000061035156,34.0099983215332,33.41999816894531,33.915000915527344,30.718849182128903,1640800
2011-07-05,34.095001220703125,35.90999984741211,33.91999816894531,35.76499938964844,32.39450454711914,2947800
2011-07-06,35.689998626708984,36.29999923706055,35.47999954223633,35.84000015258789,32.46244430541992,1860000
2011-07-07,36.25,36.54499816894531,35.75,36.130001068115234,32.7251091003418,1650600
2011-07-08,35.65999984741211,36.01499938964844,35.28499984741211,35.85499954223633,32.47602462768555,1228400
2011-07-11,35.560001373291016,35.724998474121094,34.665000915527344,34.869998931884766,31.58384323120117,1545000
2011-07-12,34.67499923706055,35.275001525878906,34.45500183105469,34.875,31.58837509155273,1743600
2011-07-13,35.040000915527344,35.650001525878906,34.98500061035156,35.150001525878906,31.83745384216309,950200
2011-07-14,35.2400016784668,35.470001220703125,34.314998626708984,34.53499984741211,31.280420303344727,1142600
2011-07-15,34.68000030517578,34.90999984741211,34.130001068115234,34.584999084472656,31.32570075988769,1090800
2011-07-18,34.53499984741211,34.665000915527344,34.07500076293945,34.22999954223633,31.00415802001953,826800
2011-07-19,34.58000183105469,35.95000076293945,34.26499938964844,34.95000076293945,31.65631675720215,2348400
2011-07-20,35.3650016784668,35.45500183105469,34.439998626708984,35.334999084472656,32.005035400390625,2210800
2011-07-21,33.1349983215332,34.25,32.75,33.54499816894531,30.38372230529785,6414600
2011-07-22,33.44499969482422,34.23500061035156,33.375,34.0,30.79584503173828,1724400
2011-07-25,33.73500061035156,34.220001220703125,33.3650016784668,33.5099983215332,30.35200309753418,1796000
2011-07-26,33.48500061035156,34.01499938964844,33.369998931884766,33.654998779296875,30.48334312438965,1602800
2011-07-27,33.935001373291016,33.96500015258789,33.125,33.150001525878906,30.025941848754883,1869800
2011-07-28,33.125,33.64500045776367,32.720001220703125,32.81999969482422,29.72704124450684,1338000
2011-07-29,32.46500015258789,33.185001373291016,31.920000076293945,32.959999084472656,29.853837966918945,1460800
2011-08-01,33.17499923706055,33.314998626708984,32.10499954223633,32.94499969482422,29.84026527404785,1608400
2011-08-02,32.63999938964844,32.90999984741211,31.21500015258789,31.25,28.30499267578125,1920000
2011-08-03,31.299999237060547,31.959999084472656,30.25,31.84000015258789,28.839399337768555,2062600
2011-08-04,31.31999969482422,31.76499938964844,30.354999542236328,30.38500022888184,27.52151107788086,2011400
2011-08-05,30.479999542236328,31.0049991607666,28.864999771118164,29.44499969482422,26.670101165771484,2678000
2011-08-08,26.55500030517578,28.270000457763672,24.51000022888184,26.825000762939453,24.29701042175293,4375000
2011-08-09,26.5,28.875,26.290000915527344,28.825000762939453,26.10852432250977,2051000
2011-08-10,28.229999542236328,29.155000686645508,27.655000686645508,28.18000030517578,25.524314880371094,1330200
2011-08-11,28.39999961853028,29.5,28.100000381469727,28.959999084472656,26.28678131103516,2117200
2011-08-12,29.23500061035156,29.690000534057617,28.600000381469727,29.38999938964844,26.67708969116211,1891800
2011-08-15,29.56999969482422,29.850000381469727,29.049999237060547,29.82999992370605,27.07647132873535,976200
2011-08-16,29.6200008392334,29.64999961853028,29.01000022888184,29.405000686645508,26.69070053100586,880600
2011-08-17,29.670000076293945,29.809999465942383,28.700000762939453,29.09499931335449,26.409313201904297,1344200
2011-08-18,28.30500030517578,28.375,27.295000076293945,27.61000061035156,25.06139373779297,1516800
2011-08-19,27.209999084472656,27.98500061035156,26.55500030517578,26.71999931335449,24.253541946411133,1775600
2011-08-22,26.674999237060547,27.520000457763672,26.674999237060547,27.18000030517578,24.67107963562012,1366800
2011-08-23,27.34000015258789,28.854999542236328,27.049999237060547,28.825000762939453,26.164236068725582,1233400
2011-08-24,28.799999237060547,29.4950008392334,28.51000022888184,29.459999084472656,26.740617752075195,1097200
2011-08-25,29.825000762939453,30.075000762939453,28.725000381469727,28.76499938964844,26.109771728515625,901800
2011-08-26,28.56999969482422,29.8700008392334,28.01499938964844,29.670000076293945,26.93123817443848,1193000
2011-08-29,30.06999969482422,30.4950008392334,29.825000762939453,30.479999542236328,27.66647148132324,687800
2011-08-30,30.25,30.834999084472656,29.95499992370605,30.40999984741211,27.60293197631836,1061000
2011-08-31,30.575000762939453,31.045000076293945,30.27499961853028,30.684999465942383,27.8525447845459,1026000
2011-09-01,30.78499984741211,31.625,30.46999931335449,30.59000015258789,27.76631546020508,1365800
2011-09-02,29.96500015258789,30.34499931335449,29.729999542236328,29.81999969482422,27.067392349243164,694800
2011-09-06,29.51499938964844,30.0049991607666,28.364999771118164,29.93000030517578,27.1672420501709,932400
2011-09-07,30.479999542236328,31.309999465942383,30.28499984741211,31.28499984741211,28.39716529846192,964800
2011-09-08,31.01499938964844,32.10499954223633,30.834999084472656,31.75,28.81924629211425,1599200
2011-09-09,31.450000762939453,32.45000076293945,31.01000022888184,32.35499954223633,29.368391036987305,2190400
2011-09-12,31.825000762939453,33.150001525878906,31.825000762939453,33.11000061035156,30.05370330810547,2031400
2011-09-13,33.1349983215332,33.94499969482422,32.88999938964844,33.81999969482422,30.69816780090332,2140400
2011-09-14,34.025001525878906,34.4900016784668,32.96500015258789,33.650001525878906,30.54385566711425,2118200
2011-09-15,33.915000915527344,34.2400016784668,33.630001068115234,33.9900016784668,30.852474212646484,1455000
2011-09-16,34.15999984741211,34.82500076293945,33.67499923706055,34.41999816894531,31.24277877807617,1691400
2011-09-19,33.76499938964844,34.974998474121094,32.935001373291016,34.775001525878906,31.56501197814941,1900800
2011-09-20,34.974998474121094,35.04999923706055,33.619998931884766,33.70000076293945,30.589242935180664,1762400
2011-09-21,33.70500183105469,34.220001220703125,33.01499938964844,33.05500030517578,30.00377082824707,1356800
2011-09-22,32.16999816894531,33.22999954223633,31.5049991607666,32.31999969482422,29.33662414550781,1649800
2011-09-23,32.154998779296875,33.44499969482422,32.05500030517578,33.27000045776367,30.19891929626465,1258800
2011-09-26,33.470001220703125,33.89500045776367,33.21500015258789,33.875,30.74808883666992,1011000
2011-09-27,34.4900016784668,34.79499816894531,33.505001068115234,33.71500015258789,30.60285186767578,1141800
2011-09-28,33.834999084472656,34.189998626708984,33.10499954223633,33.18000030517578,30.11723899841309,1106400
2011-09-29,33.88999938964844,34.20000076293945,32.34000015258789,33.564998626708984,30.466699600219727,1226000
2011-09-30,33.130001068115234,33.20500183105469,31.26000022888184,31.26499938964844,28.37900733947754,2525400
2011-10-03,31.01000022888184,31.15999984741211,29.94499969482422,30.114999771118164,27.33515930175781,1878000
2011-10-04,29.55500030517578,31.61000061035156,29.2450008392334,31.55500030517578,28.64223861694336,2226400
2011-10-05,31.604999542236328,31.725000381469727,30.70499992370605,31.530000686645508,28.61954498291016,1263800
2011-10-06,31.520000457763672,32.70000076293945,31.450000762939453,32.404998779296875,29.41377258300781,1011000
2011-10-07,32.564998626708984,33.3650016784668,32.14500045776367,32.875,29.840389251708984,1001000
2011-10-10,33.150001525878906,33.95000076293945,32.79499816894531,33.349998474121094,30.271541595458984,952200
2011-10-11,33.21500015258789,33.314998626708984,32.64500045776367,33.040000915527344,29.99015617370605,1024800
2011-10-12,33.22999954223633,33.494998931884766,32.814998626708984,32.9900016784668,29.944780349731445,1087600
2011-10-13,32.84000015258789,33.994998931884766,32.55500030517578,33.56999969482422,30.47124290466309,1117400
2011-10-14,33.599998474121094,33.974998474121094,32.92499923706055,33.709999084472656,30.598312377929688,1180600
2011-10-17,33.61000061035156,34.970001220703125,33.61000061035156,34.025001525878906,30.88424301147461,2375200
2011-10-18,34.19499969482422,34.375,33.345001220703125,33.974998474121094,30.83885765075684,1178600
2011-10-19,33.849998474121094,34.029998779296875,32.849998474121094,33.13999938964844,30.080930709838867,2398400
2011-10-20,34.4900016784668,36.290000915527344,33.97999954223633,35.81999969482422,32.51354217529297,6285200
2011-10-21,36.5,36.76499938964844,35.939998626708984,36.72999954223633,33.33954620361328,3099200
2011-10-24,36.90499877929688,36.98500061035156,36.7599983215332,36.875,33.471160888671875,2214800
2011-10-25,36.75,36.8849983215332,36.0,36.095001220703125,32.763160705566406,1013400
2011-10-26,36.55500030517578,36.55500030517578,35.07500076293945,36.20500183105469,32.86301803588867,1469800
2011-10-27,37.255001068115234,37.255001068115234,36.375,36.82500076293945,33.42578125,1940200
2011-10-28,36.505001068115234,36.9900016784668,35.310001373291016,35.595001220703125,32.3093147277832,2357600
2011-10-31,35.275001525878906,36.18999862670898,35.099998474121094,35.470001220703125,32.19585418701172,1414000
2011-11-01,34.68000030517578,35.959999084472656,33.07500076293945,35.494998931884766,32.21854782104492,3271400
2011-11-02,36.084999084472656,36.52000045776367,35.66999816894531,36.310001373291016,32.95832061767578,1202600
2011-11-03,36.625,36.685001373291016,35.314998626708984,36.3849983215332,33.02638626098633,1010200
2011-11-04,36.10499954223633,36.44499969482422,35.75,36.3849983215332,33.02638626098633,633200
2011-11-07,36.494998931884766,37.21500015258789,35.95500183105469,36.55500030517578,33.180702209472656,1231000
2011-11-08,36.810001373291016,36.869998931884766,35.599998474121094,36.79999923706055,33.403099060058594,988200
2011-11-09,36.0099983215332,36.619998931884766,35.625,35.720001220703125,32.47572326660156,1158000
2011-11-10,36.18000030517578,36.2400016784668,35.709999084472656,36.095001220703125,32.81668472290039,835400
2011-11-11,36.51499938964844,37.41999816894531,36.15999984741211,37.25,33.866756439208984,1338800
2011-11-14,37.27000045776367,37.70500183105469,36.92499923706055,37.20000076293945,33.821311950683594,1211000
2011-11-15,37.15499877929688,37.875,36.72499847412109,37.70000076293945,34.2758903503418,1008200
2011-11-16,37.51499938964844,39.11000061035156,37.17499923706055,37.29999923706055,33.912227630615234,2980200
2011-11-17,37.255001068115234,37.505001068115234,36.1349983215332,36.29999923706055,33.0030517578125,1542400
2011-11-18,36.4900016784668,36.494998931884766,35.584999084472656,36.1349983215332,32.853031158447266,1235800
2011-11-21,35.60499954223633,36.095001220703125,35.345001220703125,35.88999938964844,32.63027572631836,1146000
2011-11-22,35.70000076293945,36.29499816894531,35.5,35.82500076293945,32.571197509765625,1175200
2011-11-23,35.54999923706055,35.8650016784668,35.099998474121094,35.125,31.93477249145508,935800
2011-11-25,35.09000015258789,35.25,33.79999923706055,33.84000015258789,30.7664737701416,1156800
2011-11-28,34.95000076293945,35.689998626708984,34.39500045776367,34.42499923706055,31.29834175109864,2032200
2011-11-29,34.5099983215332,35.165000915527344,34.290000915527344,35.0,31.821123123168945,1915400
2011-11-30,37.05500030517578,37.415000915527344,35.599998474121094,36.1150016784668,32.8348388671875,1916600
2011-12-01,35.9900016784668,36.505001068115234,35.80500030517578,36.1150016784668,32.8348388671875,785400
2011-12-02,36.6150016784668,36.6150016784668,35.95000076293945,36.09999847412109,32.82121276855469,1629200
2011-12-05,36.56499862670898,37.31999969482422,36.28499984741211,36.9900016784668,33.63039779663086,1320800
2011-12-06,37.095001220703125,37.150001525878906,36.43999862670898,36.68000030517578,33.34853744506836,773000
2011-12-07,36.505001068115234,37.35499954223633,36.15499877929688,37.16999816894531,33.79403305053711,1183000
2011-12-08,36.880001068115234,37.244998931884766,36.40499877929688,36.470001220703125,33.15761947631836,951400
2011-12-09,36.5,37.7400016784668,36.47499847412109,37.6349983215332,34.216800689697266,971000
2011-12-12,37.42499923706055,37.42499923706055,36.73500061035156,37.095001220703125,33.72584915161133,983000
2011-12-13,37.28499984741211,37.625,36.1150016784668,36.380001068115234,33.07577896118164,1215800
2011-12-14,36.13999938964844,36.16999816894531,34.875,35.32500076293945,32.116600036621094,1844400
2011-12-15,35.654998779296875,36.09000015258789,35.4900016784668,35.75,32.50300979614258,1581400
2011-12-16,35.86000061035156,36.48500061035156,35.72999954223633,36.40999984741211,33.10307312011719,1655200
2011-12-19,36.54499816894531,36.8650016784668,35.60499954223633,35.779998779296875,32.530269622802734,862800
2011-12-20,36.11000061035156,36.47499847412109,35.83000183105469,36.375,33.07124328613281,1257000
2011-12-21,36.2599983215332,36.30500030517578,35.75,36.21500015258789,32.92577362060547,744800
2011-12-22,36.220001220703125,36.244998931884766,35.334999084472656,35.404998779296875,32.18933868408203,1071800
2011-12-23,35.5,35.724998474121094,34.95500183105469,35.47999954223633,32.257530212402344,822800
2011-12-27,35.4900016784668,36.15999984741211,35.375,36.025001525878906,32.75304412841797,718000
2011-12-28,36.095001220703125,36.400001525878906,35.720001220703125,35.849998474121094,32.59391784667969,776600
2011-12-29,35.94499969482422,36.040000915527344,35.59000015258789,35.67499923706055,32.434814453125,526600
2011-12-30,35.744998931884766,35.7599983215332,35.025001525878906,35.07500076293945,31.88931465148925,775000
2012-01-03,35.415000915527344,35.70500183105469,34.27000045776367,34.72999954223633,31.575639724731445,2255800
2012-01-04,34.630001068115234,35.01499938964844,34.35499954223633,34.685001373291016,31.53473472595215,1298800
2012-01-05,34.5,34.90999984741211,34.25,34.709999084472656,31.55745506286621,1657400
2012-01-06,34.654998779296875,35.38999938964844,34.58000183105469,34.85499954223633,31.689292907714844,1246000
2012-01-09,34.88999938964844,35.599998474121094,34.869998931884766,35.29999923706055,32.09387969970703,955600
2012-01-10,36.1349983215332,36.43000030517578,35.66999816894531,36.345001220703125,33.04396057128906,1423600
2012-01-11,36.25,37.0,36.25,36.46500015258789,33.153076171875,1168200
2012-01-12,38.92499923706055,40.27999877929688,38.70000076293945,40.09999847412109,36.45790863037109,6574400
2012-01-13,40.025001525878906,40.56499862670898,39.95000076293945,40.27999877929688,36.62156677246094,2491200
2012-01-17,40.125,40.27999877929688,39.95500183105469,40.2400016784668,36.58520126342773,1811600
2012-01-18,40.28499984741211,40.65999984741211,40.02000045776367,40.64500045776367,36.953407287597656,1264400
2012-01-19,40.81999969482422,40.9900016784668,40.150001525878906,40.21500015258789,36.56246566772461,2196600
2012-01-20,40.255001068115234,40.43000030517578,39.72499847412109,39.994998931884766,36.36244583129883,896200
2012-01-23,40.02000045776367,40.650001525878906,39.52000045776367,40.244998931884766,36.58974075317383,1068200
2012-01-24,40.07500076293945,40.415000915527344,40.04999923706055,40.34999847412109,36.685203552246094,840200
2012-01-25,40.400001525878906,40.54999923706055,40.119998931884766,40.400001525878906,36.73067092895508,1085400
2012-01-26,40.65499877929688,40.875,39.625,39.91999816894531,36.29426956176758,1043800
2012-01-27,39.97499847412109,40.47499847412109,39.595001220703125,40.209999084472656,36.55792999267578,681800
2012-01-30,40.18999862670898,40.70000076293945,40.0099983215332,40.44499969482422,36.771575927734375,1107400
2012-01-31,40.68999862670898,41.25,40.15499877929688,40.3849983215332,36.71702575683594,1490400
2012-02-01,40.5,40.91999816894531,40.2400016784668,40.89500045776367,37.18070983886719,1937800
2012-02-02,40.459999084472656,41.25,39.52999877929688,39.935001373291016,36.30790328979492,3415800
2012-02-03,40.27000045776367,40.82500076293945,40.22499847412109,40.60499954223633,36.91704559326172,1407600
2012-02-06,40.255001068115234,41.03499984741211,40.25,41.025001525878906,37.29890060424805,2331400
2012-02-07,41.17499923706055,43.56499862670898,41.040000915527344,42.540000915527344,38.676300048828125,4061000
2012-02-08,42.665000915527344,42.7400016784668,41.35499954223633,41.72499847412109,37.9353141784668,1436800
2012-02-09,41.875,42.14500045776367,41.21500015258789,41.65499877929688,37.87167739868164,1075400
2012-02-10,41.22999954223633,41.70000076293945,41.21500015258789,41.540000915527344,37.76712417602539,947800
2012-02-13,42.04999923706055,42.400001525878906,41.76499938964844,42.32500076293945,38.4808349609375,1088400
2012-02-14,42.16999816894531,42.26499938964844,41.80500030517578,42.26499938964844,38.42627334594727,695800
2012-02-15,42.494998931884766,42.5,41.5,41.83000183105469,38.03078079223633,1273200
2012-02-16,41.86000061035156,42.435001373291016,41.61000061035156,41.69499969482422,37.90804672241211,869200
2012-02-17,41.7400016784668,42.01499938964844,41.345001220703125,41.380001068115234,37.62165832519531,961800
2012-02-21,41.82500076293945,42.22999954223633,41.5,41.685001373291016,37.8989486694336,1258800
2012-02-22,41.5099983215332,41.95500183105469,41.29999923706055,41.834999084472656,38.03532791137695,1216600
2012-02-23,41.68000030517578,42.56999969482422,41.68000030517578,42.435001373291016,38.6362533569336,1138400
2012-02-24,42.505001068115234,42.54499816894531,41.91999816894531,42.165000915527344,38.39041519165039,728200
2012-02-27,42.119998931884766,43.98500061035156,42.11000061035156,43.709999084472656,39.797119140625,2283800
2012-02-28,43.95500183105469,44.32500076293945,42.900001525878906,43.27999877929688,39.405609130859375,1466200
2012-02-29,43.48500061035156,43.59999847412109,42.59000015258789,42.73500061035156,38.909400939941406,1201200
2012-03-01,42.93999862670898,44.18999862670898,42.880001068115234,43.75,39.83353042602539,1420800
2012-03-02,43.79499816894531,43.91999816894531,43.15999984741211,43.30500030517578,39.42836380004883,658200
2012-03-05,43.31499862670898,43.44499969482422,42.84999847412109,43.36000061035156,39.47843933105469,824000
2012-03-06,42.744998931884766,43.290000915527344,42.560001373291016,42.834999084472656,39.000450134277344,1027600
2012-03-07,42.834999084472656,43.83000183105469,42.45000076293945,43.75,39.83353042602539,1610000
2012-03-08,43.92499923706055,44.0,43.505001068115234,43.73500061035156,39.81988143920898,844800
2012-03-09,43.70500183105469,43.96500015258789,43.20500183105469,43.685001373291016,39.77434539794922,1095000
2012-03-12,43.70500183105469,44.04999923706055,43.53499984741211,43.67499923706055,39.76524353027344,923800
2012-03-13,43.61000061035156,44.15999984741211,43.30500030517578,44.14500045776367,40.19318008422852,1155800
2012-03-14,44.02999877929688,44.13999938964844,43.369998931884766,43.81499862670898,39.89270782470703,636800
2012-03-15,43.97999954223633,43.97999954223633,43.400001525878906,43.63999938964844,39.73336791992188,663200
2012-03-16,43.61000061035156,43.75,42.73500061035156,42.90499877929688,39.06417846679688,1356000
2012-03-19,42.755001068115234,43.369998931884766,42.29999923706055,43.15999984741211,39.29634475708008,902200
2012-03-20,43.09000015258789,43.5,42.84000015258789,43.435001373291016,39.54672622680664,718000
2012-03-21,43.53499984741211,44.48500061035156,43.31499862670898,43.90499877929688,39.97466278076172,1134000
2012-03-22,43.525001525878906,44.03499984741211,43.42499923706055,43.875,39.94734191894531,1118000
2012-03-23,43.75,43.810001373291016,42.77000045776367,43.02000045776367,39.16888427734375,1121600
2012-03-26,43.47999954223633,45.5,43.47499847412109,45.459999084472656,41.39044952392578,2567000
2012-03-27,45.665000915527344,46.369998931884766,45.44499969482422,45.51499938964844,41.440528869628906,1571000
2012-03-28,45.685001373291016,46.084999084472656,45.0099983215332,45.650001525878906,41.56344223022461,1266800
2012-03-29,45.34999847412109,45.685001373291016,44.935001373291016,45.56999969482422,41.4906005859375,1191800
2012-03-30,45.91999816894531,45.994998931884766,45.27999877929688,45.27999877929688,41.22657012939453,1411800
2012-04-02,44.93999862670898,46.26499938964844,44.935001373291016,45.93000030517578,41.8183822631836,1300600
2012-04-03,45.775001525878906,46.61000061035156,45.75,46.44499969482422,42.28727340698242,1338000
2012-04-04,46.06499862670898,46.40999984741211,45.96500015258789,46.31499862670898,42.16891860961914,1056000
2012-04-05,46.025001525878906,46.75,46.025001525878906,46.67499923706055,42.49669647216797,993000
2012-04-09,46.09999847412109,46.540000915527344,45.65999984741211,46.5099983215332,42.346458435058594,953200
2012-04-10,46.400001525878906,46.52000045776367,45.25,45.41999816894531,41.35403060913086,2517000
2012-04-11,45.775001525878906,46.18999862670898,45.52999877929688,46.150001525878906,42.01869201660156,1448200
2012-04-12,47.400001525878906,49.38999938964844,46.775001525878906,48.97499847412109,44.59078598022461,7729800
2012-04-13,48.93999862670898,49.665000915527344,48.65999984741211,49.18999862670898,44.78653717041016,3362800
2012-04-16,49.20000076293945,49.61000061035156,48.5,49.005001068115234,44.61810302734375,3409600
2012-04-17,49.17499923706055,49.69499969482422,49.0,49.56499862670898,45.12797546386719,1907200
2012-04-18,49.400001525878906,49.90499877929688,49.310001373291016,49.83000183105469,45.369266510009766,1734600
2012-04-19,49.98500061035156,50.59999847412109,49.14500045776367,49.43999862670898,45.01416397094727,2880600
2012-04-20,49.619998931884766,49.970001220703125,49.20500183105469,49.72999954223633,45.278202056884766,1040800
2012-04-23,49.21500015258789,49.77000045776367,48.84999847412109,49.70500183105469,45.25544357299805,1275200
2012-04-24,49.51499938964844,49.720001220703125,47.96500015258789,48.46500015258789,44.126441955566406,2040400
2012-04-25,48.75,49.29499816894531,48.29999923706055,48.744998931884766,44.38137435913086,1905000
2012-04-26,49.619998931884766,49.72999954223633,48.244998931884766,48.7599983215332,44.39503860473633,1713800
2012-04-27,49.130001068115234,49.994998931884766,48.625,49.7400016784668,45.28732681274414,1447400
2012-04-30,49.72999954223633,49.79999923706055,49.040000915527344,49.20500183105469,44.80019760131836,1108800
2012-05-01,49.290000915527344,49.95500183105469,48.86000061035156,49.18999862670898,44.78653717041016,1121600
2012-05-02,49.02000045776367,50.375,48.790000915527344,49.8849983215332,45.41932678222656,1664800
2012-05-03,50.02999877929688,50.5,49.26499938964844,49.4900016784668,45.059696197509766,900200
2012-05-04,49.25,49.380001068115234,47.775001525878906,48.2400016784668,43.92158508300781,2223000
2012-05-07,47.845001220703125,48.375,47.67499923706055,47.994998931884766,43.69852828979492,1098400
2012-05-08,47.96500015258789,48.05500030517578,46.040000915527344,47.90999984741211,43.621131896972656,2872600
2012-05-09,47.26499938964844,48.775001525878906,47.26499938964844,48.34999847412109,44.0217399597168,1890600
2012-05-10,48.47499847412109,49.0,48.0,48.810001373291016,44.4405632019043,1642000
2012-05-11,48.525001525878906,49.72999954223633,48.435001373291016,49.31999969482422,44.904911041259766,1710800
2012-05-14,49.165000915527344,49.66999816894531,48.625,49.07500076293945,44.68185806274414,2091400
2012-05-15,48.92499923706055,49.415000915527344,48.31999969482422,48.59000015258789,44.24025344848633,1742400
2012-05-16,48.630001068115234,49.375,48.630001068115234,49.09999847412109,44.7046012878418,1932400
2012-05-17,49.72999954223633,49.72999954223633,47.584999084472656,47.61000061035156,43.43645477294922,2614800
2012-05-18,47.75,47.93000030517578,45.755001068115234,45.93000030517578,41.90372085571289,3008200
2012-05-21,45.90499877929688,47.02000045776367,45.29499816894531,46.93999862670898,42.82518768310547,2554000
2012-05-22,47.18999862670898,48.69499969482422,47.14500045776367,48.38999938964844,44.14808654785156,1923200
2012-05-23,48.16999816894531,49.11000061035156,48.06999969482422,48.9900016784668,44.69547653198242,2022200
2012-05-24,49.18999862670898,49.75,49.005001068115234,49.650001525878906,45.29762268066406,1533800
2012-05-25,49.90999984741211,50.20500183105469,49.43999862670898,49.810001373291016,45.443603515625,1230400
2012-05-29,49.435001373291016,49.44499969482422,44.81499862670898,46.23500061035156,42.18198776245117,9000800
2012-05-30,45.84000015258789,46.0,43.970001220703125,44.7599983215332,40.83628082275391,4560800
2012-05-31,45.18000030517578,45.79499816894531,44.505001068115234,45.67499923706055,41.67107009887695,9491000
2012-06-01,45.34999847412109,45.369998931884766,44.41999816894531,44.79499816894531,40.86822128295898,4119600
2012-06-04,44.345001220703125,44.71500015258789,42.56499862670898,42.69499969482422,38.95230484008789,5064000
2012-06-05,42.52999877929688,43.900001525878906,42.40499877929688,43.80500030517578,39.96499633789063,2537200
2012-06-06,44.2599983215332,44.744998931884766,43.89500045776367,44.435001373291016,40.53976821899414,1928200
2012-06-07,44.709999084472656,44.900001525878906,43.625,43.72999954223633,39.89656829833984,1739400
2012-06-08,43.5,44.09999847412109,43.5,43.84999847412109,40.00606155395508,1417400
2012-06-11,44.28499984741211,44.71500015258789,42.77000045776367,42.85499954223633,39.09827423095703,1969800
2012-06-12,43.1349983215332,44.005001068115234,43.0,43.959999084472656,40.10641479492188,1303800
2012-06-13,43.29999923706055,43.29999923706055,41.77999877929688,42.03499984741211,38.35016250610352,3586400
2012-06-14,42.275001525878906,43.54499816894531,42.04999923706055,43.38999938964844,39.58637619018555,2508600
2012-06-15,43.55500030517578,44.025001525878906,43.28499984741211,43.95500183105469,40.10185241699219,2413800
2012-06-18,42.90499877929688,45.0,42.27000045776367,44.959999084472656,41.01876068115234,2864800
2012-06-19,45.084999084472656,45.619998931884766,45.005001068115234,45.470001220703125,41.48405075073242,1718800
2012-06-20,45.64500045776367,45.755001068115234,44.630001068115234,45.2599983215332,41.29244613647461,1560800
2012-06-21,45.14500045776367,45.22499847412109,43.92499923706055,44.04999923706055,40.18853378295898,1364200
2012-06-22,43.900001525878906,44.73500061035156,43.31499862670898,43.33000183105469,39.531646728515625,2210200
2012-06-25,42.95000076293945,43.755001068115234,42.79999923706055,43.290000915527344,39.495155334472656,1640600
2012-06-26,43.345001220703125,43.71500015258789,42.68000030517578,43.3650016784668,39.563575744628906,1650000
2012-06-27,43.2400016784668,43.3650016784668,41.06499862670898,41.540000915527344,37.8985481262207,4847000
2012-06-28,41.1150016784668,41.435001373291016,40.29499816894531,40.90999984741211,37.32378387451172,3404400
2012-06-29,41.560001373291016,42.220001220703125,41.40499877929688,41.52999877929688,37.889434814453125,2412800
2012-07-02,41.66999816894531,42.025001525878906,41.40499877929688,41.95000076293945,38.27261734008789,1657400
2012-07-03,41.97499847412109,42.03499984741211,41.470001220703125,41.625,37.97610855102539,1127200
2012-07-05,41.39500045776367,42.25,41.39500045776367,42.040000915527344,38.35473251342773,1487400
2012-07-06,41.790000915527344,42.03499984741211,41.185001373291016,41.970001220703125,38.290863037109375,977400
2012-07-09,41.98500061035156,42.244998931884766,41.67499923706055,42.21500015258789,38.51438522338867,1072800
2012-07-10,42.18999862670898,42.25,41.31999969482422,41.79999923706055,38.13576889038086,1610000
2012-07-11,41.7599983215332,41.85499954223633,39.310001373291016,39.9900016784668,36.48442459106445,3631200
2012-07-12,39.845001220703125,41.76499938964844,39.35499954223633,41.43000030517578,37.79819869995117,2972600
2012-07-13,41.29499816894531,41.70000076293945,40.34000015258789,40.505001068115234,36.95429611206055,2346000
2012-07-16,40.56999969482422,41.125,40.1150016784668,40.29499816894531,36.762691497802734,1411600
2012-07-17,40.29499816894531,40.4900016784668,39.1349983215332,39.28499984741211,35.84122467041016,2494400
2012-07-18,39.0099983215332,39.845001220703125,37.72999954223633,39.76499938964844,36.27915191650391,3289000
2012-07-19,40.02999877929688,40.89500045776367,39.95000076293945,40.650001525878906,37.086570739746094,2035600
2012-07-20,40.17499923706055,40.19499969482422,38.91999816894531,38.9900016784668,35.57209777832031,2529800
2012-07-23,38.38999938964844,40.595001220703125,38.22499847412109,40.34999847412109,36.81285858154297,3360000
2012-07-24,40.29999923706055,40.75,39.04999923706055,39.35499954223633,35.90509796142578,1928600
2012-07-25,39.30500030517578,39.97999954223633,39.1349983215332,39.525001525878906,36.0601921081543,4958400
2012-07-26,44.744998931884766,46.834999084472656,43.79999923706055,46.29999923706055,42.24129486083984,8388000
2012-07-27,46.63999938964844,46.75,45.58000183105469,45.970001220703125,41.940223693847656,2658000
2012-07-30,45.97999954223633,46.04499816894531,45.470001220703125,45.95500183105469,41.92652130126953,1407200
2012-07-31,45.744998931884766,45.9900016784668,45.43000030517578,45.435001373291016,41.45211791992188,1147400
2012-08-01,45.72999954223633,45.86000061035156,44.0,44.04999923706055,40.18853378295898,1635200
2012-08-02,44.119998931884766,44.76499938964844,43.86000061035156,44.65999984741211,40.745059967041016,1236400
2012-08-03,45.95000076293945,45.95000076293945,44.7400016784668,45.22499847412109,41.260528564453125,915400
2012-08-06,44.76499938964844,45.40499877929688,44.76499938964844,45.06499862670898,41.114540100097656,992600
2012-08-07,45.66999816894531,46.44499969482422,45.380001068115234,45.540000915527344,41.54790878295898,1394200
2012-08-08,45.57500076293945,46.25,45.0,46.23500061035156,42.18198776245117,1081800
2012-08-09,46.06999969482422,46.09000015258789,45.75,45.80500030517578,41.78968811035156,1151000
2012-08-10,45.6349983215332,45.76499938964844,44.76499938964844,45.220001220703125,41.2559700012207,898600
2012-08-13,45.040000915527344,45.505001068115234,44.78499984741211,45.459999084472656,41.47491836547852,743000
2012-08-14,45.560001373291016,45.685001373291016,45.09000015258789,45.165000915527344,41.20578384399414,650200
2012-08-15,45.01499938964844,45.244998931884766,44.845001220703125,45.04999923706055,41.100852966308594,657000
2012-08-16,45.025001525878906,46.34999847412109,44.66999816894531,46.13999938964844,42.18895721435547,889600
2012-08-17,46.27000045776367,46.98500061035156,46.04999923706055,46.875,42.86102294921875,1044200
2012-08-20,46.90499877929688,47.2400016784668,46.40999984741211,46.970001220703125,42.94788360595703,1284000
2012-08-21,46.95500183105469,47.185001373291016,46.4900016784668,47.03499984741211,43.00731658935547,1219800
2012-08-22,46.880001068115234,48.4900016784668,46.81499862670898,48.125,44.00398254394531,1711600
2012-08-23,47.79999923706055,48.150001525878906,47.20500183105469,47.994998931884766,43.88510894775391,1254400
2012-08-24,47.80500030517578,48.30500030517578,47.650001525878906,48.07500076293945,43.9582633972168,959200
2012-08-27,48.375,48.6150016784668,48.15499877929688,48.3849983215332,44.24170684814453,1188200
2012-08-28,48.17499923706055,48.5099983215332,47.875,48.34999847412109,44.209716796875,950200
2012-08-29,48.32500076293945,48.45000076293945,48.02000045776367,48.02000045776367,43.90797805786133,811800
2012-08-30,47.85499954223633,48.30500030517578,47.48500061035156,47.7400016784668,43.651954650878906,903200
2012-08-31,47.95000076293945,48.369998931884766,46.94499969482422,47.7400016784668,43.651954650878906,1290800
2012-09-04,48.70500183105469,49.790000915527344,48.36000061035156,49.68999862670898,45.43497085571289,2160600
2012-09-05,49.44499969482422,49.650001525878906,48.90999984741211,49.119998931884766,44.91378784179688,1139800
2012-09-06,49.525001525878906,50.48500061035156,49.18000030517578,50.43999862670898,46.1207389831543,1176000
2012-09-07,50.25,50.63999938964844,49.900001525878906,50.30500030517578,45.99730682373047,805800
2012-09-10,49.875,50.47999954223633,49.85499954223633,50.17499923706055,45.87843704223633,778400
2012-09-11,50.15999984741211,50.244998931884766,49.47499847412109,49.6349983215332,45.38468170166016,818600
2012-09-12,49.77999877929688,49.875,48.82500076293945,49.25,45.03264999389648,1263000
2012-09-13,49.02000045776367,49.6150016784668,48.32500076293945,48.869998931884766,44.685184478759766,1507800
2012-09-14,49.06499862670898,49.34000015258789,48.40499877929688,48.5,44.34687042236328,1001200
2012-09-17,48.40499877929688,48.959999084472656,48.40499877929688,48.935001373291016,44.74462890625,749400
2012-09-18,48.95500183105469,49.02000045776367,48.16999816894531,48.44499969482422,44.29658508300781,1153600
2012-09-19,48.3849983215332,48.880001068115234,48.31999969482422,48.47999954223633,44.32858276367188,1197400
2012-09-20,48.2400016784668,48.685001373291016,47.73500061035156,48.47499847412109,44.324012756347656,871400
2012-09-21,48.79999923706055,48.900001525878906,48.44499969482422,48.68000030517578,44.51145553588867,1385000
2012-09-24,48.60499954223633,48.63999938964844,48.06499862670898,48.630001068115234,44.46573257446289,607200
2012-09-25,48.900001525878906,49.275001525878906,48.42499923706055,48.470001220703125,44.31944274902344,951200
2012-09-26,48.540000915527344,48.720001220703125,47.68000030517578,48.61000061035156,44.447452545166016,814800
2012-09-27,48.935001373291016,50.05500030517578,48.755001068115234,49.95500183105469,45.677284240722656,1175800
2012-09-28,49.84999847412109,49.875,49.11000061035156,49.44499969482422,45.21094131469727,1058600
2012-10-01,49.5099983215332,50.09999847412109,48.709999084472656,48.994998931884766,44.79948043823242,1141800
2012-10-02,49.18999862670898,50.09999847412109,48.720001220703125,49.04499816894531,44.84520721435547,878200
2012-10-03,49.2400016784668,49.33000183105469,48.29999923706055,48.68999862670898,44.52061462402344,1032400
2012-10-04,48.72999954223633,49.70500183105469,48.665000915527344,49.70000076293945,45.444114685058594,661400
2012-10-05,49.900001525878906,51.869998931884766,49.60499954223633,51.22499847412109,46.83853149414063,2007600
2012-10-08,51.209999084472656,51.67499923706055,50.5,50.75,46.40419387817383,906000
2012-10-09,50.834999084472656,50.834999084472656,49.29999923706055,49.3650016784668,45.1378059387207,928200
2012-10-10,49.25,49.73500061035156,48.80500030517578,49.09999847412109,44.89548873901367,1050800
2012-10-11,49.525001525878906,50.04999923706055,48.52000045776367,48.71500015258789,44.54346084594727,829800
2012-10-12,48.93000030517578,49.05500030517578,48.31999969482422,48.59000015258789,44.42916488647461,783800
2012-10-15,48.18000030517578,48.540000915527344,46.79999923706055,48.45000076293945,44.30116271972656,1676600
2012-10-16,48.73500061035156,48.845001220703125,47.83000183105469,47.90499877929688,43.80281448364258,1022800
2012-10-17,48.09999847412109,49.47499847412109,47.89500045776367,48.11000061035156,43.99026107788086,2017800
2012-10-18,48.09999847412109,48.29999923706055,47.560001373291016,48.0,43.889686584472656,749600
2012-10-19,47.595001220703125,48.02999877929688,46.709999084472656,46.98500061035156,42.96160888671875,852400
2012-10-22,47.0,47.34999847412109,46.13999938964844,47.25,43.20391082763672,1419800
2012-10-23,46.834999084472656,47.77000045776367,46.54499816894531,47.584999084472656,43.510215759277344,1075000
2012-10-24,47.61000061035156,48.709999084472656,47.04999923706055,47.58000183105469,43.505653381347656,1648400
2012-10-25,47.505001068115234,47.68999862670898,45.04999923706055,46.43999862670898,42.46327590942383,3334800
2012-10-26,46.54999923706055,46.61000061035156,45.790000915527344,46.040000915527344,42.09752655029297,1097000
2012-10-31,46.095001220703125,48.20000076293945,46.06499862670898,48.095001220703125,43.976539611816406,1842000
2012-11-01,48.150001525878906,48.79999923706055,47.525001525878906,48.47999954223633,44.32858276367188,1437000
2012-11-02,48.41999816894531,48.70000076293945,47.15499877929688,47.28499984741211,43.23591613769531,1019800
2012-11-05,47.25,47.415000915527344,47.04999923706055,47.334999084472656,43.28163528442383,686800
2012-11-06,47.400001525878906,47.584999084472656,46.79499816894531,46.97499847412109,42.95245742797852,995400
2012-11-07,46.5,46.75,45.7400016784668,45.775001525878906,41.85522079467773,1089800
2012-11-08,45.79499816894531,46.22499847412109,45.45000076293945,46.0,42.06096267700195,1200800
2012-11-09,45.22499847412109,46.27000045776367,45.130001068115234,46.09999847412109,42.15238952636719,707200
2012-11-12,46.13999938964844,46.275001525878906,45.54499816894531,45.665000915527344,41.75463485717773,704600
2012-11-13,45.34999847412109,45.7599983215332,45.09999847412109,45.18999862670898,41.32031631469727,1921400
2012-11-14,45.22499847412109,46.25,43.65499877929688,43.720001220703125,39.9761962890625,1309600
2012-11-15,43.310001373291016,43.79499816894531,42.93000030517578,43.345001220703125,39.72416687011719,1538000
2012-11-16,43.6150016784668,43.68999862670898,43.02999877929688,43.584999084472656,39.94411087036133,1151200
2012-11-19,44.095001220703125,44.94499969482422,44.095001220703125,44.65999984741211,40.929317474365234,1109000
2012-11-20,44.66999816894531,45.040000915527344,44.5,45.025001525878906,41.263816833496094,1194800
2012-11-21,45.32500076293945,45.46500015258789,44.755001068115234,44.915000915527344,41.16301345825195,793400
2012-11-23,45.20000076293945,45.4900016784668,44.92499923706055,45.3650016784668,41.57542037963867,292400
2012-11-26,45.25,45.77000045776367,44.57500076293945,44.8849983215332,41.13551712036133,1001600
2012-11-27,44.71500015258789,44.92499923706055,44.51499938964844,44.720001220703125,40.98430252075195,921000
2012-11-28,44.70500183105469,45.47999954223633,44.494998931884766,45.35499954223633,41.56626129150391,1699600
2012-11-29,45.685001373291016,46.0,44.59999847412109,45.19499969482422,41.41962814331055,917400
2012-11-30,45.20000076293945,45.25,44.650001525878906,44.810001373291016,41.0667839050293,1165400
2012-12-03,44.52999877929688,44.994998931884766,43.900001525878906,44.3849983215332,40.67728042602539,2045800
2012-12-04,43.0,43.20000076293945,41.19499969482422,41.69499969482422,38.21199035644531,5553200
2012-12-05,41.875,42.875,41.69499969482422,42.15499877929688,38.63356399536133,2425800
2012-12-06,42.09000015258789,42.77000045776367,41.90999984741211,42.29999923706055,38.766448974609375,1736600
2012-12-07,42.34999847412109,43.13999938964844,42.16999816894531,42.93999862670898,39.352989196777344,2016200
2012-12-10,42.880001068115234,43.2400016784668,42.33000183105469,42.40499877929688,38.8626823425293,1539400
2012-12-11,42.95500183105469,43.5,42.59000015258789,43.1349983215332,39.53170776367188,2518200
2012-12-12,43.435001373291016,43.494998931884766,42.45000076293945,42.595001220703125,39.03681564331055,1532200
2012-12-13,42.90999984741211,43.72999954223633,42.65499877929688,42.665000915527344,39.1009635925293,2275600
2012-12-14,42.61000061035156,42.880001068115234,42.400001525878906,42.53499984741211,38.98181915283203,979000
2012-12-17,42.75,43.845001220703125,42.64500045776367,43.59999847412109,39.95786285400391,1656200
2012-12-18,45.209999084472656,45.209999084472656,43.369998931884766,43.43999862670898,39.81122589111328,2172600
2012-12-19,43.869998931884766,44.6150016784668,43.46500015258789,44.415000915527344,40.704776763916016,2011600
2012-12-20,44.16999816894531,44.68999862670898,43.79999923706055,44.52999877929688,40.81016540527344,1487200
2012-12-21,44.01499938964844,44.35499954223633,43.60499954223633,44.01499938964844,40.33819580078125,2193000
2012-12-24,44.23500061035156,44.64500045776367,43.915000915527344,44.025001525878906,40.34734725952149,491400
2012-12-26,44.01499938964844,44.15499877929688,43.43000030517578,43.540000915527344,39.90286636352539,1066600
2012-12-27,43.45000076293945,44.0099983215332,43.23500061035156,43.834999084472656,40.1732292175293,813400
2012-12-28,43.65999984741211,44.25,42.91999816894531,43.73500061035156,40.08158493041992,655200
2012-12-31,43.60499954223633,44.30500030517578,43.130001068115234,44.18000030517578,40.48941040039063,1175600
2013-01-02,45.40999984741211,46.0,44.27000045776367,45.91999816894531,42.08405685424805,2528200
2013-01-03,45.91999816894531,46.94499969482422,45.630001068115234,45.880001068115234,42.04739761352539,1844600
2013-01-04,46.040000915527344,46.334999084472656,45.71500015258789,45.81999969482422,41.99241638183594,718600
2013-01-07,45.560001373291016,46.2400016784668,44.77000045776367,45.17499923706055,41.40129089355469,1606400
2013-01-08,45.470001220703125,46.18000030517578,45.310001373291016,45.93000030517578,42.09322738647461,1265800
2013-01-09,45.93000030517578,46.72999954223633,45.810001373291016,46.70000076293945,42.79890060424805,1294800
2013-01-10,46.81499862670898,46.86000061035156,46.130001068115234,46.52000045776367,42.633934020996094,1106000
2013-01-11,47.005001068115234,47.59999847412109,45.54999923706055,45.744998931884766,41.92367935180664,2215800
2013-01-14,45.79499816894531,46.36000061035156,45.27999877929688,45.834999084472656,42.00615692138672,929200
2013-01-15,45.72999954223633,46.595001220703125,45.56999969482422,46.27000045776367,42.404815673828125,1031000
2013-01-16,46.244998931884766,46.67499923706055,46.22999954223633,46.47499847412109,42.59268569946289,525600
2013-01-17,46.70000076293945,47.125,46.52999877929688,46.994998931884766,43.06926345825195,576000
2013-01-18,47.07500076293945,47.20000076293945,46.52000045776367,47.02000045776367,43.0921630859375,454200
2013-01-22,46.93000030517578,47.18999862670898,46.525001525878906,47.025001525878906,43.09676361083984,1046600
2013-01-23,46.709999084472656,46.900001525878906,45.65999984741211,46.14500045776367,42.290260314941406,1783600
2013-01-24,46.14500045776367,47.130001068115234,46.005001068115234,46.78499984741211,42.876800537109375,845600
2013-01-25,46.95500183105469,48.06499862670898,46.6150016784668,47.93000030517578,43.926151275634766,1070400
2013-01-28,47.96500015258789,48.119998931884766,47.10499954223633,47.369998931884766,43.41294097900391,1313000
2013-01-29,47.060001373291016,47.39500045776367,46.45500183105469,46.994998931884766,43.06926345825195,1263200
2013-01-30,46.66999816894531,47.31999969482422,46.57500076293945,47.220001220703125,43.27545547485352,1664200
2013-01-31,50.79999923706055,52.415000915527344,50.0,51.834999084472656,47.50494003295898,6859600
2013-02-01,51.845001220703125,52.3849983215332,51.025001525878906,51.97999954223633,47.63782501220703,2197800
2013-02-04,50.6150016784668,51.435001373291016,50.6150016784668,51.08000183105469,46.81301498413086,2107800
2013-02-05,51.0099983215332,51.970001220703125,51.0099983215332,51.77000045776367,47.44537353515625,889800
2013-02-06,51.47999954223633,51.92499923706055,51.16999816894531,51.494998931884766,47.193336486816406,809400
2013-02-07,51.619998931884766,51.82500076293945,51.255001068115234,51.525001525878906,47.22084045410156,1141400
2013-02-08,51.5,52.02000045776367,51.470001220703125,52.02000045776367,47.67449188232422,1010200
2013-02-11,51.77000045776367,51.970001220703125,51.380001068115234,51.59999847412109,47.28957748413086,656400
2013-02-12,51.70500183105469,51.81999969482422,51.21500015258789,51.47999954223633,47.17960357666016,799600
2013-02-13,51.32500076293945,51.59999847412109,51.165000915527344,51.54999923706055,47.243751525878906,741200
2013-02-14,51.68000030517578,52.375,51.26499938964844,51.875,47.541603088378906,1195000
2013-02-15,51.994998931884766,52.685001373291016,51.40499877929688,51.8849983215332,47.550777435302734,1650800
2013-02-19,51.95500183105469,52.44499969482422,51.27999877929688,51.720001220703125,47.39955139160156,1270600
2013-02-20,51.255001068115234,51.720001220703125,50.77000045776367,50.77999877929688,46.5380859375,1501400
2013-02-21,50.540000915527344,51.040000915527344,50.34999847412109,50.44499969482422,46.32228088378906,1369400
2013-02-22,50.5,50.83000183105469,50.29999923706055,50.625,46.487571716308594,904200
2013-02-25,50.93000030517578,51.380001068115234,50.59999847412109,50.64500045776367,46.50594329833984,1632600
2013-02-26,51.255001068115234,51.6150016784668,50.755001068115234,51.2599983215332,47.07067489624024,1095200
2013-02-27,51.26499938964844,51.9900016784668,51.185001373291016,51.630001068115234,47.410438537597656,473600
2013-02-28,51.540000915527344,52.45000076293945,51.540000915527344,51.994998931884766,47.745601654052734,1025000
2013-03-01,51.91999816894531,52.345001220703125,51.290000915527344,51.54499816894531,47.33238983154297,1813000
2013-03-04,51.60499954223633,51.875,51.290000915527344,51.84000015258789,47.603271484375,1843600
2013-03-05,52.1150016784668,52.34999847412109,51.83000183105469,52.14500045776367,47.88334274291992,1378600
2013-03-06,52.380001068115234,52.64500045776367,51.935001373291016,52.1150016784668,47.85579681396485,1982600
2013-03-07,51.880001068115234,52.095001220703125,50.875,51.90999984741211,47.66756057739258,1841200
2013-03-08,52.0,52.470001220703125,51.57500076293945,52.34999847412109,48.07158660888672,1335400
2013-03-11,52.29999923706055,52.5,51.900001525878906,52.025001525878906,47.77314758300781,770000
2013-03-12,52.025001525878906,52.025001525878906,51.34000015258789,51.459999084472656,47.25432205200195,1017800
2013-03-13,51.29499816894531,52.11000061035156,51.29499816894531,51.39500045776367,47.19464492797852,931400
2013-03-14,51.53499984741211,51.54999923706055,51.1150016784668,51.244998931884766,47.0568962097168,841000
2013-03-15,50.97999954223633,51.209999084472656,50.45000076293945,50.505001068115234,46.37738037109375,7026800
2013-03-18,50.11000061035156,50.85499954223633,49.81999969482422,50.619998931884766,46.48297882080078,1129600
2013-03-19,50.7400016784668,50.80500030517578,50.01499938964844,50.29499816894531,46.18454360961914,981000
2013-03-20,50.54499816894531,51.255001068115234,50.25,51.16999816894531,46.98802947998047,1130800
2013-03-21,50.76499938964844,51.209999084472656,50.584999084472656,50.93999862670898,46.77682876586914,679000
2013-03-22,51.15999984741211,51.26499938964844,50.85499954223633,51.05500030517578,46.88242721557617,658400
2013-03-25,51.30500030517578,51.375,50.459999084472656,50.73500061035156,46.58858108520508,624400
2013-03-26,50.915000915527344,51.005001068115234,50.560001373291016,50.95500183105469,46.79059982299805,995200
2013-03-27,50.66999816894531,51.58000183105469,50.58000183105469,51.57500076293945,47.35992813110352,696200
2013-03-28,51.34000015258789,52.150001525878906,51.34000015258789,52.06499862670898,47.80988311767578,768600
2013-04-01,52.0,52.0,51.15499877929688,51.38999938964844,47.1900520324707,848200
2013-04-02,51.505001068115234,51.540000915527344,51.025001525878906,51.30500030517578,47.11199569702149,615200
2013-04-03,51.22499847412109,51.31499862670898,50.16999816894531,50.84000015258789,46.68498992919922,832400
2013-04-04,50.88999938964844,51.84000015258789,50.72999954223633,51.790000915527344,47.55735778808594,899400
2013-04-05,51.18999862670898,53.1349983215332,50.48500061035156,53.01499938964844,48.68223571777344,1472400
2013-04-08,52.8849983215332,54.375,52.8849983215332,54.32500076293945,49.88518524169922,2713800
2013-04-09,54.3650016784668,54.54499816894531,53.20000076293945,54.21500015258789,49.7841796875,1451000
2013-04-10,54.44499969482422,54.89500045776367,54.0,54.33000183105469,49.889774322509766,1474600
2013-04-11,54.44499969482422,54.73500061035156,53.85499954223633,54.36000061035156,49.91732406616211,1491800
2013-04-12,54.125,54.5,53.15999984741211,53.68000030517578,49.29290008544922,996600
2013-04-15,53.36000061035156,53.88999938964844,52.05500030517578,52.40499877929688,48.1220932006836,1038800
2013-04-16,52.88999938964844,52.98500061035156,52.13999938964844,52.8650016784668,48.54449844360352,794600
2013-04-17,52.45000076293945,52.91999816894531,51.81999969482422,52.810001373291016,48.4940071105957,1014600
2013-04-18,52.709999084472656,53.34000015258789,51.78499984741211,53.10499954223633,48.7648811340332,1478000
2013-04-19,53.15499877929688,54.08000183105469,53.119998931884766,54.02999877929688,49.61429214477539,986200
2013-04-22,54.125,55.27999877929688,54.03499984741211,54.79499816894531,50.31676864624024,1780400
2013-04-23,54.1349983215332,56.5,54.1349983215332,55.63999938964844,51.09271240234375,2137400
2013-04-24,55.77000045776367,56.29499816894531,55.31999969482422,56.025001525878906,51.44624710083008,1687400
2013-04-25,54.93999862670898,56.61000061035156,53.505001068115234,55.41999816894531,50.89068222045898,4964600
2013-04-26,55.52999877929688,55.63999938964844,54.119998931884766,54.25,49.816314697265625,1407600
2013-04-29,54.494998931884766,54.5099983215332,53.52999877929688,53.81999969482422,49.42145156860352,1269200
2013-04-30,53.834999084472656,53.96500015258789,53.04999923706055,53.584999084472656,49.20566177368164,2077800
2013-05-01,53.310001373291016,53.93999862670898,52.56999969482422,52.665000915527344,48.3608512878418,886800
2013-05-02,53.66999816894531,54.5,53.220001220703125,54.20500183105469,49.774993896484375,1002000
2013-05-03,55.20000076293945,55.56499862670898,54.85499954223633,55.369998931884766,50.84477233886719,1330200
2013-05-06,55.56499862670898,56.095001220703125,55.5,55.93999862670898,51.3681869506836,829800
2013-05-07,56.15999984741211,56.595001220703125,55.69499969482422,56.584999084472656,51.9604721069336,904800
2013-05-08,56.47499847412109,56.59999847412109,55.52999877929688,55.64500045776367,51.0973014831543,754600
2013-05-09,55.73500061035156,55.94499969482422,55.29499816894531,55.755001068115234,51.19830322265625,589200
2013-05-10,55.709999084472656,56.915000915527344,55.48500061035156,56.880001068115234,52.23136520385742,919000
2013-05-13,56.54999923706055,57.07500076293945,56.220001220703125,57.0099983215332,52.35074615478516,783400
2013-05-14,56.95500183105469,57.53499984741211,56.89500045776367,57.32500076293945,52.6400032043457,785800
2013-05-15,57.09999847412109,57.56999969482422,57.04999923706055,57.470001220703125,52.77314376831055,1002600
2013-05-16,57.20500183105469,57.97999954223633,56.1349983215332,56.46500015258789,51.96784210205078,1091400
2013-05-17,56.75,56.94499969482422,55.93000030517578,56.29999923706055,51.81597900390625,545000
2013-05-20,56.290000915527344,56.56499862670898,56.0,56.1150016784668,51.64571762084961,583200
2013-05-21,56.31499862670898,57.275001525878906,56.22499847412109,57.18000030517578,52.62590408325195,879000
2013-05-22,57.14500045776367,57.595001220703125,55.09999847412109,55.6150016784668,51.185543060302734,1157000
2013-05-23,55.26499938964844,55.619998931884766,54.75,55.59999847412109,51.17173004150391,864200
2013-05-24,55.369998931884766,55.79999923706055,55.084999084472656,55.59999847412109,51.17173004150391,467600
2013-05-28,56.10499954223633,57.02000045776367,55.95000076293945,55.97499847412109,51.516868591308594,825000
2013-05-29,55.59000015258789,56.39500045776367,55.39500045776367,55.81499862670898,51.369606018066406,635000
2013-05-30,55.869998931884766,56.97499847412109,55.869998931884766,56.6150016784668,52.10589599609375,821600
2013-05-31,56.45500183105469,57.22999954223633,55.970001220703125,55.9900016784668,51.53066635131836,907000
2013-06-03,55.83000183105469,56.48500061035156,54.42499923706055,55.09999847412109,50.7115592956543,1213000
2013-06-04,55.005001068115234,55.34999847412109,53.31499862670898,54.310001373291016,49.984474182128906,1032200
2013-06-05,54.26499938964844,55.2400016784668,54.07500076293945,54.994998931884766,50.61492156982422,1117600
2013-06-06,54.8650016784668,56.06999969482422,54.630001068115234,56.06499862670898,51.59969711303711,594200
2013-06-07,56.56999969482422,57.31499862670898,56.02000045776367,56.7599983215332,52.239349365234375,737000
2013-06-10,56.93000030517578,57.29499816894531,56.34000015258789,56.880001068115234,52.349796295166016,536000
2013-06-11,56.21500015258789,57.53499984741211,56.185001373291016,57.18000030517578,52.62590408325195,927800
2013-06-12,57.53499984741211,57.625,56.28499984741211,56.345001220703125,51.857398986816406,1005800
2013-06-13,56.25,57.31999969482422,56.005001068115234,57.25,52.690311431884766,447400
2013-06-14,57.30500030517578,57.44499969482422,56.994998931884766,57.34000015258789,52.77313995361328,1136000
2013-06-17,57.540000915527344,57.95000076293945,57.244998931884766,57.76499938964844,53.16430282592773,543400
2013-06-18,57.90999984741211,58.875,57.77000045776367,58.80500030517578,54.1214714050293,756400
2013-06-19,58.7400016784668,58.97499847412109,57.97499847412109,58.005001068115234,53.38518524169922,805400
2013-06-20,57.27000045776367,57.81999969482422,56.150001525878906,56.27000045776367,51.78836441040039,1076800
2013-06-21,56.334999084472656,56.875,54.22499847412109,55.10499954223633,50.716156005859375,2570800
2013-06-24,54.810001373291016,56.34000015258789,54.119998931884766,55.595001220703125,51.167137145996094,1551800
2013-06-25,55.95500183105469,56.619998931884766,55.494998931884766,55.98500061035156,51.52606964111328,657000
2013-06-26,57.095001220703125,57.095001220703125,55.619998931884766,56.43999862670898,51.9448356628418,552200
2013-06-27,57.15499877929688,58.525001525878906,57.040000915527344,58.244998931884766,53.60606384277344,1473000
2013-06-28,58.09000015258789,59.1150016784668,57.90999984741211,58.775001525878906,54.093868255615234,2004600
2013-07-01,59.375,59.38999938964844,57.900001525878906,58.18999862670898,53.55544662475586,1391400
2013-07-02,57.45000076293945,58.65499877929688,57.0,57.95000076293945,53.33456039428711,938600
2013-07-03,57.790000915527344,58.38999938964844,57.560001373291016,58.14500045776367,53.5140380859375,404400
2013-07-05,59.02999877929688,59.43000030517578,58.0,59.40499877929688,54.67367935180664,582200
2013-07-08,59.709999084472656,60.25,59.16999816894531,59.56999969482422,54.82553863525391,747400
2013-07-09,59.85499954223633,60.220001220703125,59.57500076293945,60.08000183105469,55.294918060302734,585200
2013-07-10,60.27999877929688,61.09999847412109,60.25,61.084999084472656,56.21988296508789,709400
2013-07-11,61.5,61.880001068115234,61.165000915527344,61.45000076293945,56.55580520629883,920200
2013-07-12,61.275001525878906,61.595001220703125,60.91999816894531,61.505001068115234,56.6064338684082,501800
2013-07-15,61.810001373291016,62.22499847412109,61.1349983215332,61.28499984741211,56.40395736694336,699400
2013-07-16,61.459999084472656,61.65499877929688,60.01499938964844,60.34000015258789,55.534217834472656,871400
2013-07-17,60.31499862670898,60.470001220703125,58.93999862670898,59.54999923706055,54.80713653564453,1595800
2013-07-18,59.81999969482422,60.73500061035156,59.81999969482422,60.375,55.56642532348633,1234800
2013-07-19,60.56499862670898,61.369998931884766,60.125,61.244998931884766,56.36713790893555,532200
2013-07-22,61.04499816894531,61.91999816894531,61.0,61.03499984741211,56.17386245727539,743000
2013-07-23,61.33000183105469,61.45500183105469,60.70000076293945,61.040000915527344,56.17846298217773,862800
2013-07-24,60.96500015258789,61.34000015258789,59.89500045776367,60.6349983215332,55.80571746826172,1038400
2013-07-25,59.255001068115234,59.72499847412109,58.025001525878906,59.165000915527344,54.45280075073242,2322200
2013-07-26,59.29499816894531,59.64500045776367,58.56499862670898,59.59000015258789,54.84395217895508,1291400
2013-07-29,59.755001068115234,60.18999862670898,59.505001068115234,59.685001373291016,54.93138122558594,794800
2013-07-30,60.26499938964844,60.91999816894531,59.900001525878906,60.06999969482422,55.28572082519531,833000
2013-07-31,60.400001525878906,61.1349983215332,60.125,60.57500076293945,55.75049591064453,798600
2013-08-01,61.165000915527344,61.78499984741211,60.34999847412109,61.48500061035156,56.5880241394043,1320200
2013-08-02,61.5,61.68999862670898,60.69499969482422,61.65499877929688,56.74449157714844,672600
2013-08-05,61.41999816894531,61.560001373291016,61.025001525878906,61.31999969482422,56.43616485595703,478800
2013-08-06,61.060001373291016,61.54999923706055,60.2599983215332,61.060001373291016,56.19687271118164,835800
2013-08-07,61.01499938964844,61.02000045776367,59.685001373291016,59.90499877929688,55.13385391235352,669800
2013-08-08,60.20000076293945,60.83000183105469,59.875,60.755001068115234,55.91617202758789,802000
2013-08-09,60.744998931884766,61.27999877929688,60.375,61.185001373291016,56.31191635131836,727400
2013-08-12,60.93000030517578,61.20000076293945,60.0099983215332,60.1150016784668,55.327144622802734,867600
2013-08-13,60.25,60.9900016784668,59.459999084472656,60.96500015258789,56.10942840576172,612400
2013-08-14,60.77000045776367,60.79999923706055,59.84000015258789,60.165000915527344,55.37314987182617,393800
2013-08-15,59.56999969482422,60.48500061035156,58.27999877929688,58.400001525878906,53.8651237487793,609200
2013-08-16,58.32500076293945,59.29499816894531,58.16999816894531,58.380001068115234,53.846675872802734,553200
2013-08-19,58.14500045776367,59.13999938964844,58.14500045776367,58.8650016784668,54.29400634765625,641400
2013-08-20,58.86000061035156,60.209999084472656,58.76499938964844,60.18000030517578,55.50689697265625,660600
2013-08-21,59.9900016784668,60.20500183105469,58.88999938964844,59.095001220703125,54.50614929199219,850800
2013-08-22,59.1150016784668,60.7400016784668,58.845001220703125,60.64500045776367,55.93578720092773,596400
2013-08-23,60.55500030517578,61.1150016784668,60.22499847412109,60.5,55.80203628540039,614000
2013-08-26,60.68000030517578,61.1150016784668,60.255001068115234,60.775001525878906,56.055694580078125,389600
2013-08-27,60.02000045776367,60.65999984741211,59.76499938964844,60.17499923706055,55.50226974487305,641200
2013-08-28,60.03499984741211,60.55500030517578,59.8849983215332,59.900001525878906,55.24863815307617,339600
2013-08-29,60.25,62.31499862670898,60.150001525878906,61.88999938964844,57.0841064453125,1208800
2013-08-30,62.060001373291016,62.060001373291016,60.75,61.185001373291016,56.433860778808594,889600
2013-09-03,62.08000183105469,62.244998931884766,60.25,60.73500061035156,56.018798828125,1278600
2013-09-04,60.98500061035156,61.98500061035156,60.58000183105469,61.86000061035156,57.05643081665039,675600
2013-09-05,61.75,62.47499847412109,61.630001068115234,62.35499954223633,57.51298904418945,894600
2013-09-06,62.5,62.54499816894531,60.92499923706055,61.83000183105469,57.02876281738281,867800
2013-09-09,62.119998931884766,63.810001373291016,62.119998931884766,63.41999816894531,58.49529266357422,1039000
2013-09-10,63.709999084472656,64.66999816894531,63.31999969482422,64.6500015258789,59.62978363037109,864800
2013-09-11,64.73999786376953,65.73999786376953,64.51499938964844,65.44000244140625,60.35845565795898,824600
2013-09-12,65.61000061035156,65.61499786376953,65.08999633789062,65.33999633789062,60.266204833984375,965000
2013-09-13,65.38999938964844,65.70999908447266,64.98999786376953,65.25,60.183204650878906,623800
2013-09-16,66.34500122070312,66.34500122070312,64.99500274658203,65.26000213623047,60.19242477416992,886600
2013-09-17,65.19499969482422,65.83999633789062,65.19499969482422,65.375,60.29850769042969,748400
2013-09-18,65.4000015258789,65.69499969482422,64.30999755859375,65.57499694824219,60.48295974731445,885600
2013-09-19,65.93499755859375,66.375,65.42500305175781,65.80000305175781,60.69048309326172,512200
2013-09-20,65.98500061035156,66.18000030517578,65.06500244140625,65.23999786376953,60.17396926879883,1528000
2013-09-23,65.37999725341797,65.41999816894531,64.54000091552734,64.92500305175781,59.88344192504883,715200
2013-09-24,65.12999725341797,65.79000091552734,64.76499938964844,65.0,59.95261764526367,613000
2013-09-25,65.1449966430664,65.63999938964844,64.55500030517578,65.02999877929688,59.98027801513672,486200
2013-09-26,65.12999725341797,66.25499725341797,64.91500091552734,66.16500091552734,61.027156829833984,679800
2013-09-27,66.08000183105469,67.12999725341797,65.36000061035156,66.4000015258789,61.24388885498047,811400
2013-09-30,66.02999877929688,67.29000091552734,65.83000183105469,67.16999816894531,61.95410537719727,868400
2013-10-01,68.04000091552734,68.88999938964844,67.41000366210938,68.2699966430664,62.96868515014648,1394200
2013-10-02,67.95999908447266,69.0,67.75,68.7300033569336,63.39296340942383,881600
2013-10-03,68.86000061035156,69.25,67.44999694824219,68.19999694824219,62.904109954833984,614500
2013-10-04,68.33000183105469,68.79000091552734,67.94000244140625,68.52999877929688,63.208492279052734,468400
2013-10-07,68.01000213623047,68.30000305175781,66.76000213623047,66.79000091552734,61.603607177734375,826700
2013-10-08,66.73999786376953,66.88999938964844,65.47000122070312,65.48999786376953,60.40456008911133,908100
2013-10-09,65.63999938964844,65.91000366210938,64.16999816894531,64.68000030517578,59.65744400024414,743600
2013-10-10,65.62999725341797,65.87999725341797,65.25,65.83000183105469,60.71817779541016,621100
2013-10-11,66.02999877929688,66.08000183105469,65.0,65.8499984741211,60.73659896850586,694300
2013-10-14,65.5999984741211,65.80000305175781,65.11000061035156,65.70999908447266,60.60746383666992,522000
2013-10-15,65.66000366210938,65.83999633789062,64.80000305175781,64.9800033569336,59.93416595458984,544500
2013-10-16,65.25,67.08999633789062,65.0,66.69000244140625,61.511375427246094,814700
2013-10-17,66.55999755859375,66.8499984741211,66.01000213623047,66.44000244140625,61.280792236328125,800200
2013-10-18,66.7699966430664,67.47000122070312,66.4800033569336,67.19000244140625,61.9725456237793,515900
2013-10-21,67.45999908447266,68.87999725341797,67.2300033569336,68.8499984741211,63.50364303588867,1156600
2013-10-22,69.5,70.0,68.31999969482422,68.54000091552734,63.21772003173828,1304900
2013-10-23,68.5199966430664,68.61000061035156,67.3499984741211,68.38999938964844,63.07936096191406,964100
2013-10-24,70.0,74.25,69.0199966430664,73.94000244140625,68.19840240478516,3596500
2013-10-25,74.05999755859375,74.91000366210938,73.08000183105469,73.22000122070312,67.53430938720703,1482500
2013-10-28,73.33999633789062,73.69000244140625,71.51000213623047,71.8499984741211,66.27067565917969,1377900
2013-10-29,71.79000091552734,72.62999725341797,71.30999755859375,72.25,66.6396255493164,793600
2013-10-30,72.26000213623047,72.66999816894531,71.12000274658203,71.54000091552734,65.98477935791016,872000
2013-10-31,71.31999969482422,71.7699966430664,70.58999633789062,71.3499984741211,65.80952453613281,1044900
2013-11-01,70.9000015258789,71.5,70.69999694824219,71.12000274658203,65.59737396240234,914300
2013-11-04,70.45999908447266,71.69999694824219,70.45999908447266,70.98999786376953,65.47747802734375,1032700
2013-11-05,70.69999694824219,71.20999908447266,70.05000305175781,70.76000213623047,65.26532745361328,966500
2013-11-06,70.94999694824219,71.95999908447266,70.55000305175781,71.38999938964844,65.84639739990234,952300
2013-11-07,71.55999755859375,71.94000244140625,69.91999816894531,70.04000091552734,64.60124969482422,870300
2013-11-08,70.05999755859375,71.58000183105469,70.02999877929688,71.37000274658203,65.82796478271484,886000
2013-11-11,71.5,71.94000244140625,70.94999694824219,71.77999877929688,66.20613098144531,529300
2013-11-12,71.4000015258789,72.86000061035156,71.13999938964844,72.33999633789062,66.72264099121094,726600
2013-11-13,71.97000122070312,73.51000213623047,71.87999725341797,73.5,67.79256439208984,1086500
2013-11-14,73.33000183105469,73.87000274658203,72.75,73.3499984741211,67.77407836914062,620700
2013-11-15,73.45999908447266,74.0999984741211,73.01000213623047,74.08999633789062,68.45782470703125,546900
2013-11-18,74.44999694824219,74.5999984741211,72.7300033569336,72.97000122070312,67.42296600341797,576900
2013-11-19,73.08000183105469,73.52999877929688,71.4800033569336,71.5199966430664,66.08319091796875,842600
2013-11-20,71.70999908447266,72.29000091552734,70.95999908447266,71.30999755859375,65.88915252685547,567800
2013-11-21,71.81999969482422,72.66000366210938,71.22000122070312,72.63999938964844,67.11807250976562,518100
2013-11-22,72.20999908447266,73.2699966430664,72.20999908447266,73.19000244140625,67.62626647949219,522200
2013-11-25,73.58000183105469,73.97000122070312,73.08000183105469,73.5,67.91268157958984,601000
2013-11-26,73.4000015258789,74.5,73.36000061035156,74.3499984741211,68.69805908203125,771400
2013-11-27,74.26000213623047,74.29000091552734,73.56999969482422,74.04000091552734,68.41162109375,389200
2013-11-29,74.33000183105469,74.55000305175781,73.16999816894531,73.20999908447266,67.64472198486328,331400
2013-12-02,73.25,74.47000122070312,72.56999969482422,73.69000244140625,68.0882339477539,521000
2013-12-03,73.4000015258789,73.76000213623047,72.30999755859375,73.38999938964844,67.81105041503906,1380600
2013-12-04,73.04000091552734,73.3499984741211,71.62999725341797,72.72000122070312,67.1919937133789,833300
2013-12-05,72.58000183105469,72.86000061035156,71.72000122070312,72.6500015258789,67.12731170654297,937300
2013-12-06,72.73999786376953,73.38999938964844,72.0,72.76000213623047,67.22894287109375,1018400
2013-12-09,72.7699966430664,73.31999969482422,72.30000305175781,72.5,66.98870849609375,799900
2013-12-10,72.01000213623047,72.62999725341797,71.44999694824219,71.73999786376953,66.28646850585938,1066300
2013-12-11,71.68000030517578,72.44000244140625,71.27999877929688,71.44999694824219,66.01851654052734,878200
2013-12-12,71.25,71.73999786376953,70.87999725341797,71.36000061035156,65.93536376953125,705800
2013-12-13,71.36000061035156,72.62999725341797,71.29000091552734,72.02999877929688,66.5544204711914,866200
2013-12-16,73.02999877929688,73.95999908447266,72.51000213623047,73.58999633789062,67.9958267211914,1394500
2013-12-17,73.5,73.9800033569336,73.0199966430664,73.37000274658203,67.79255676269531,1331900
2013-12-18,73.77999877929688,74.80000305175781,72.83000183105469,74.72000122070312,69.03993225097656,1335200
2013-12-19,74.26000213623047,74.87999725341797,73.33999633789062,74.06999969482422,68.43933868408203,945300
2013-12-20,74.18000030517578,75.5,74.08000183105469,74.91999816894531,69.22474670410156,6624100
2013-12-23,77.0,77.0,75.5999984741211,75.94999694824219,70.17645263671875,1353300
2013-12-24,76.0,76.4000015258789,75.3499984741211,76.08000183105469,70.29656219482422,390900
2013-12-26,76.27999877929688,76.91000366210938,76.11000061035156,76.12000274658203,70.33352661132812,450100
2013-12-27,76.08999633789062,76.33000183105469,74.7300033569336,75.54000091552734,69.79761505126953,727200
2013-12-30,74.93000030517578,76.47000122070312,74.93000030517578,76.2300033569336,70.43516540527344,640400
2013-12-31,76.72000122070312,78.16999816894531,76.66000366210938,77.58000183105469,71.68253326416016,1444400
2014-01-02,77.5999984741211,77.72000122070312,76.12999725341797,76.80000305175781,70.96183776855469,855300
2014-01-03,76.55999755859375,76.87000274658203,76.08999633789062,76.4800033569336,70.66615295410156,743700
2014-01-06,77.0,77.38999938964844,75.3499984741211,75.45999908447266,69.72368621826172,675600
2014-01-07,75.9000015258789,76.61000061035156,75.63999938964844,75.93000030517578,70.157958984375,733500
2014-01-08,76.52999877929688,76.63999938964844,75.37999725341797,76.3499984741211,70.54603576660156,780100
2014-01-09,76.66999816894531,76.94000244140625,76.08000183105469,76.69999694824219,70.86944580078125,589300
2014-01-10,76.97000122070312,77.19999694824219,76.27999877929688,76.58000183105469,70.75856018066406,582200
2014-01-13,76.62000274658203,76.80999755859375,73.08999633789062,73.4000015258789,67.8202896118164,1452400
2014-01-14,73.47000122070312,74.5999984741211,72.61000061035156,74.3499984741211,68.69805908203125,982100
2014-01-15,74.4000015258789,75.52999877929688,74.19000244140625,75.18000030517578,69.46499633789062,762300
2014-01-16,75.06999969482422,75.47000122070312,73.70999908447266,74.30999755859375,68.66112518310547,852700
2014-01-17,75.5999984741211,75.7300033569336,73.83999633789062,74.16999816894531,68.53176879882812,2061000
2014-01-21,74.38999938964844,74.91000366210938,72.79000091552734,72.91000366210938,67.36753845214844,2668200
2014-01-22,73.0999984741211,73.52999877929688,71.37999725341797,73.16000366210938,67.5985336303711,2519500
2014-01-23,72.3499984741211,73.29000091552734,71.19999694824219,71.87000274658203,66.40658569335938,30011000
2014-01-24,71.2699966430664,71.58000183105469,70.11000061035156,70.18000030517578,64.84504699707031,2576600
2014-01-27,70.62000274658203,70.91999816894531,70.12000274658203,70.45999908447266,65.103759765625,1641700
2014-01-28,70.41000366210938,70.94999694824219,70.25,70.68000030517578,65.30707550048828,1306200
2014-01-29,70.75,70.86000061035156,68.72000122070312,69.0,63.754764556884766,2386300
2014-01-30,65.12000274658203,68.16000366210938,64.62999725341797,67.45999908447266,62.33182907104492,5139700
2014-01-31,65.93000030517578,66.88999938964844,65.87000274658203,66.51000213623047,61.45405578613281,2098300
2014-02-03,66.26000213623047,66.33000183105469,63.02999877929688,63.41999816894531,58.598934173583984,2282900
2014-02-04,63.77000045776367,64.1500015258789,63.31999969482422,63.54999923706055,58.71905517578125,1608700
2014-02-05,62.90999984741211,63.869998931884766,62.060001373291016,63.7400016784668,58.894630432128906,1627300
2014-02-06,63.93000030517578,65.19999694824219,63.77000045776367,65.0999984741211,60.15123748779297,1627100
2014-02-07,65.22000122070312,66.6500015258789,65.0199966430664,66.5199966430664,61.463287353515625,1648600
2014-02-10,66.5999984741211,66.75,65.7699966430664,66.0199966430664,61.00130462646485,948300
2014-02-11,65.95999908447266,66.44000244140625,65.58000183105469,65.66999816894531,60.67791366577149,1272800
2014-02-12,65.5,66.1500015258789,65.5,66.0,60.98282241821289,998100
2014-02-13,65.61000061035156,66.76000213623047,65.31999969482422,66.18000030517578,61.14913940429688,1148400
2014-02-14,64.12999725341797,66.22000122070312,64.06999969482422,65.69999694824219,60.70562362670898,1265800
2014-02-18,65.66999816894531,66.62999725341797,65.41999816894531,66.52999877929688,61.47251892089844,1230800
2014-02-19,66.2699966430664,66.7300033569336,65.52999877929688,65.62000274658203,60.6317138671875,1232700
2014-02-20,65.77999877929688,66.0,65.0199966430664,65.7699966430664,60.890926361083984,1313400
2014-02-21,65.91000366210938,66.73999786376953,65.2300033569336,66.4000015258789,61.47419357299805,1190700
2014-02-24,66.41000366210938,67.48999786376953,66.05000305175781,66.7699966430664,61.81674957275391,916400
2014-02-25,67.98999786376953,69.5999984741211,67.87000274658203,69.19999694824219,64.06649780273438,1915900
2014-02-26,69.36000061035156,70.93000030517578,68.77999877929688,70.45999908447266,65.23300170898438,1799200
2014-02-27,70.95999908447266,70.95999908447266,69.79000091552734,70.31999969482422,65.10337829589844,1013600
2014-02-28,70.31999969482422,71.27999877929688,70.06999969482422,70.55999755859375,65.32559967041016,944800
2014-03-03,69.93000030517578,70.29000091552734,69.0,70.1500015258789,64.94601440429688,1037300
2014-03-04,70.95999908447266,72.20999908447266,70.95999908447266,71.73999786376953,66.41805267333984,1301200
2014-03-05,71.44000244140625,72.48999786376953,71.44000244140625,71.73999786376953,66.41805267333984,851100
2014-03-06,72.0999984741211,72.70999908447266,71.25,72.29000091552734,66.92725372314453,702200
2014-03-07,72.58999633789062,72.98999786376953,72.01000213623047,72.72000122070312,67.32537078857422,802700
2014-03-10,72.68000030517578,72.87000274658203,72.08999633789062,72.55000305175781,67.16796112060547,880100
2014-03-11,72.70999908447266,72.8499984741211,72.05000305175781,72.12000274658203,66.7698745727539,937300
2014-03-12,71.83999633789062,72.12000274658203,71.41999816894531,72.08999633789062,66.74208068847656,621700
2014-03-13,72.23999786376953,72.63999938964844,70.5999984741211,70.87000274658203,65.61258697509766,696400
2014-03-14,70.8499984741211,71.87000274658203,70.79000091552734,71.05999755859375,65.78851318359375,772900
2014-03-17,71.51000213623047,72.69000244140625,71.22000122070312,72.31999969482422,66.95503997802734,988900
2014-03-18,72.62999725341797,74.11000061035156,72.44999694824219,74.01000213623047,68.51966094970703,1177000
2014-03-19,73.98999786376953,74.26000213623047,72.94000244140625,73.55999755859375,68.10303497314453,968700
2014-03-20,73.08000183105469,74.11000061035156,73.08000183105469,74.06999969482422,68.5751953125,635600
2014-03-21,74.25,74.69000244140625,73.61000061035156,74.37000274658203,68.85294342041016,2212100
2014-03-24,74.52999877929688,74.88999938964844,72.13999938964844,73.19999694824219,67.76974487304688,1179500
2014-03-25,73.7300033569336,73.7300033569336,71.69999694824219,71.83999633789062,66.51063537597656,1334800
2014-03-26,71.9800033569336,72.2699966430664,70.37999725341797,70.43000030517578,65.20523834228516,1036700
2014-03-27,70.38999938964844,70.87999725341797,69.73999786376953,70.23999786376953,65.02934265136719,1074000
2014-03-28,70.44000244140625,71.48999786376953,70.26000213623047,70.7699966430664,65.52002716064453,660400
2014-03-31,70.06999969482422,70.94000244140625,69.94000244140625,70.62999725341797,65.39041137695312,893700
2014-04-01,70.77999877929688,71.7699966430664,70.66999816894531,71.72000122070312,66.39955139160156,830800
2014-04-02,71.81999969482422,72.31999969482422,71.12999725341797,72.26000213623047,66.89949035644531,607700
2014-04-03,72.98999786376953,72.98999786376953,70.73999786376953,71.04000091552734,65.76998901367188,741200
2014-04-04,71.26000213623047,71.26000213623047,68.83999633789062,69.1500015258789,64.02020263671875,1128500
2014-04-07,69.12999725341797,69.1500015258789,66.2300033569336,66.9800033569336,62.01116943359375,1403000
2014-04-08,66.87000274658203,68.86000061035156,66.68000030517578,67.88999938964844,62.853660583496094,1288800
2014-04-09,68.0,69.16000366210938,67.9800033569336,69.1500015258789,64.02020263671875,857400
2014-04-10,69.0,69.18000030517578,67.30000305175781,67.5999984741211,62.58517837524414,1231200
2014-04-11,66.95999908447266,68.31999969482422,66.5,67.08999633789062,62.113014221191406,1087100
2014-04-14,67.58999633789062,67.86000061035156,66.27999877929688,66.8499984741211,61.890811920166016,640900
2014-04-15,67.02999877929688,67.7699966430664,65.5999984741211,66.72000122070312,61.77045440673828,921900
2014-04-16,67.44000244140625,67.9000015258789,66.54000091552734,66.88999938964844,61.9278450012207,988200
2014-04-17,68.11000061035156,68.11000061035156,66.9000015258789,67.25,62.26115036010742,654500
2014-04-21,67.20999908447266,67.5999984741211,66.7300033569336,67.20999908447266,62.22410202026367,1147100
2014-04-22,66.83000183105469,68.08000183105469,66.83000183105469,67.48999786376953,62.48334884643555,1021600
2014-04-23,67.7300033569336,67.98999786376953,67.1500015258789,67.33999633789062,62.344482421875,1057500
2014-04-24,65.0,66.98999786376953,64.76000213623047,66.69000244140625,61.74267959594727,2949100
2014-04-25,67.45999908447266,67.45999908447266,65.56999969482422,65.68000030517578,60.8076057434082,979800
2014-04-28,66.04000091552734,67.12000274658203,65.31999969482422,66.44000244140625,61.51123046875,1205900
2014-04-29,66.93000030517578,67.48999786376953,65.98999786376953,66.75,61.798221588134766,888300
2014-04-30,66.44999694824219,67.30999755859375,66.44999694824219,67.23999786376953,62.25188446044922,934600
2014-05-01,67.33999633789062,67.76000213623047,66.5,66.69999694824219,61.751953125,803400
2014-05-02,67.0,67.9000015258789,66.44000244140625,67.06999969482422,62.09450149536133,676800
2014-05-05,66.52999877929688,67.27999877929688,66.33999633789062,66.81999969482422,61.863040924072266,483200
2014-05-06,66.7300033569336,66.80000305175781,65.30000305175781,65.30999755859375,60.46505737304688,807500
2014-05-07,65.29000091552734,65.48999786376953,63.810001373291016,64.3499984741211,59.57627487182617,1143200
2014-05-08,64.38999938964844,65.2699966430664,64.22000122070312,64.43000030517578,59.65033721923828,814700
2014-05-09,64.63999938964844,65.55000305175781,64.16000366210938,65.44000244140625,60.585426330566406,700500
2014-05-12,65.7699966430664,66.58999633789062,65.56999969482422,66.5,61.5667724609375,608000
2014-05-13,65.72000122070312,65.94999694824219,64.47000122070312,64.72000122070312,59.91883087158203,1075800
2014-05-14,64.5199966430664,64.58999633789062,63.95000076293945,64.1500015258789,59.39110565185547,1309700
2014-05-15,64.08999633789062,64.08999633789062,62.650001525878906,63.15999984741211,58.62075424194336,1506400
2014-05-16,63.150001525878906,63.84999847412109,62.83000183105469,63.81999969482422,59.23332214355469,1165000
2014-05-19,63.15999984741211,64.04000091552734,62.900001525878906,63.66999816894531,59.0941047668457,750200
2014-05-20,63.22999954223633,63.77000045776367,62.54999923706055,63.59000015258789,59.01985931396485,1307800
2014-05-21,63.630001068115234,64.41000366210938,63.400001525878906,63.970001220703125,59.3725471496582,941000
2014-05-22,64.0199966430664,64.45999908447266,63.52000045776367,63.59000015258789,59.01985931396485,739900
2014-05-23,63.70000076293945,63.810001373291016,63.290000915527344,63.7400016784668,59.15907669067383,574200
2014-05-27,64.0,64.87000274658203,63.52999877929688,64.80000305175781,60.142913818359375,1161000
2014-05-28,64.6500015258789,64.66000366210938,63.68000030517578,63.7400016784668,59.15907669067383,707000
2014-05-29,63.7400016784668,63.93999862670898,63.18999862670898,63.619998931884766,59.047698974609375,929300
2014-05-30,63.869998931884766,65.18000030517578,63.72999954223633,65.0199966430664,60.34708786010742,1052600
2014-06-02,65.0,65.5999984741211,64.66999816894531,65.05000305175781,60.37493515014648,1184700
2014-06-03,65.29000091552734,65.4000015258789,64.62000274658203,65.33000183105469,60.63480758666992,863300
2014-06-04,65.05000305175781,65.41000366210938,64.7699966430664,65.18000030517578,60.495582580566406,474700
2014-06-05,65.18000030517578,65.70999908447266,64.68000030517578,65.54000091552734,60.8297119140625,595300
2014-06-06,65.9000015258789,66.47000122070312,65.79000091552734,65.98999786376953,61.247371673583984,488200
2014-06-09,65.8499984741211,66.66999816894531,65.83999633789062,66.19000244140625,61.4329948425293,568500
2014-06-10,65.98999786376953,66.4000015258789,65.5,65.6500015258789,60.93180847167969,483900
2014-06-11,65.44999694824219,65.95999908447266,65.31999969482422,65.9000015258789,61.163848876953125,679600
2014-06-12,65.56999969482422,65.72000122070312,64.8499984741211,65.05000305175781,60.37493515014648,477600
2014-06-13,64.95999908447266,65.18000030517578,64.41000366210938,65.0,60.32853317260742,410400
2014-06-16,64.73999786376953,64.80000305175781,63.86000061035156,64.36000061035156,59.73452758789063,913900
2014-06-17,64.19999694824219,64.70999908447266,63.97999954223633,64.44999694824219,59.81805419921875,804200
2014-06-18,64.2699966430664,64.73999786376953,64.0,64.55999755859375,59.920143127441406,457200
2014-06-19,64.62000274658203,64.88999938964844,64.1500015258789,64.19000244140625,59.57673263549805,593500
2014-06-20,64.33000183105469,64.33000183105469,62.91999816894531,63.04999923706055,58.51866149902344,3306900
2014-06-23,62.959999084472656,63.56999969482422,62.4900016784668,63.0,58.47225570678711,1273300
2014-06-24,62.66999816894531,63.13999938964844,62.52000045776367,62.560001373291016,58.06388473510742,883700
2014-06-25,62.54999923706055,62.81999969482422,62.2400016784668,62.2599983215332,57.78543472290039,2925600
2014-06-26,62.43999862670898,62.630001068115234,60.63999938964844,60.84000015258789,56.46749496459961,2428300
2014-06-27,60.54999923706055,60.68000030517578,59.75,60.209999084472656,55.88277053833008,2848700
2014-06-30,59.88999938964844,60.84000015258789,59.77999877929688,60.400001525878906,56.059112548828125,2221600
2014-07-01,60.54999923706055,61.20000076293945,60.34999847412109,61.08000183105469,56.69025421142578,1285800
2014-07-02,61.02999877929688,61.33000183105469,60.84999847412109,60.88999938964844,56.51389694213867,926800
2014-07-03,61.09999847412109,62.119998931884766,60.560001373291016,61.650001525878906,57.21929550170898,699800
2014-07-07,61.65999984741211,61.790000915527344,61.43000030517578,61.540000915527344,57.11719131469727,786200
2014-07-08,61.40999984741211,61.540000915527344,60.68000030517578,60.790000915527344,56.42109680175781,1026600
2014-07-09,60.90999984741211,61.5099983215332,60.79999923706055,61.380001068115234,56.96868896484375,1080900
2014-07-10,58.20000076293945,60.33000183105469,57.20000076293945,59.91999816894531,55.61361312866211,9293200
2014-07-11,60.0,60.369998931884766,59.09999847412109,60.34999847412109,56.01271057128906,2332500
2014-07-14,60.77999877929688,61.0,60.119998931884766,60.650001525878906,56.29114532470703,1913000
2014-07-15,60.40999984741211,61.18999862670898,60.20000076293945,60.97999954223633,56.597434997558594,1835600
2014-07-16,60.7400016784668,61.06999969482422,60.470001220703125,60.95000076293945,56.56959533691406,3404900
2014-07-17,60.68999862670898,62.08000183105469,60.5099983215332,61.09999847412109,56.70882415771485,2522800
2014-07-18,61.400001525878906,62.41999816894531,61.09000015258789,62.220001220703125,57.74832534790039,1413400
2014-07-21,61.97999954223633,62.09999847412109,61.13999938964844,61.619998931884766,57.19144058227539,1427200
2014-07-22,61.93999862670898,62.0,61.459999084472656,61.59000015258789,57.16360092163086,1164300
2014-07-23,61.54999923706055,61.970001220703125,60.720001220703125,61.06999969482422,56.68096923828125,1763800
2014-07-24,63.900001525878906,65.80000305175781,63.34999847412109,65.11000061035156,60.43062210083008,4267100
2014-07-25,64.83000183105469,65.0,63.18999862670898,63.470001220703125,58.90849304199219,1630400
2014-07-28,63.5,63.88999938964844,63.119998931884766,63.43000030517578,58.87135314941406,1013100
2014-07-29,63.369998931884766,64.11000061035156,63.369998931884766,63.540000915527344,58.97345733642578,1094300
2014-07-30,63.84000015258789,63.9900016784668,63.31999969482422,63.810001373291016,59.22404861450195,984700
2014-07-31,63.560001373291016,63.93000030517578,62.130001068115234,62.16999816894531,57.70191192626953,1314000
2014-08-01,62.08000183105469,62.43999862670898,61.08000183105469,61.31999969482422,56.91299819946289,1602900
2014-08-04,61.34999847412109,62.06999969482422,61.220001220703125,61.810001373291016,57.36777877807617,770000
2014-08-05,61.470001220703125,62.4900016784668,61.380001068115234,61.81999969482422,57.37706756591797,904200
2014-08-06,61.34999847412109,62.02999877929688,60.90999984741211,61.34000015258789,56.93156051635742,1047500
2014-08-07,61.47999954223633,61.810001373291016,60.810001373291016,60.90999984741211,56.53246688842773,639100
2014-08-08,61.09999847412109,61.77999877929688,61.09999847412109,61.75,57.31208801269531,769400
2014-08-11,61.93999862670898,62.25,61.61000061035156,62.119998931884766,57.6555061340332,578000
2014-08-12,61.880001068115234,62.4900016784668,61.02000045776367,62.130001068115234,57.6647834777832,569100
2014-08-13,62.09999847412109,62.27999877929688,61.22999954223633,61.709999084472656,57.27497100830078,770100
2014-08-14,61.72999954223633,62.119998931884766,61.36000061035156,62.02999877929688,57.72162628173828,594200
2014-08-15,62.40999984741211,62.459999084472656,60.650001525878906,61.29999923706055,57.042327880859375,1041500
2014-08-18,61.77999877929688,62.0099983215332,61.29999923706055,61.86000061035156,57.56344223022461,878900
2014-08-19,61.90999984741211,62.869998931884766,61.90999984741211,62.31999969482422,57.99150085449219,907900
2014-08-20,62.18000030517578,63.41999816894531,61.9900016784668,63.25,58.85690307617188,868900
2014-08-21,63.04999923706055,63.70000076293945,62.619998931884766,63.52999877929688,59.11745071411133,1434000
2014-08-22,63.63999938964844,64.77999877929688,63.52999877929688,64.55999755859375,60.0759162902832,1270700
2014-08-25,64.88999938964844,65.30999755859375,64.62000274658203,65.2699966430664,60.73659133911133,1339200
2014-08-26,66.0,67.11000061035156,65.75,66.77999877929688,62.14173126220703,1895500
2014-08-27,66.70999908447266,66.98999786376953,66.12999725341797,66.51000213623047,61.89047622680664,1223600
2014-08-28,66.2699966430664,67.4000015258789,65.76000213623047,67.1500015258789,62.48601913452149,1134900
2014-08-29,67.5199966430664,67.55000305175781,66.6500015258789,66.94999694824219,62.299896240234375,886800
2014-09-02,67.11000061035156,67.75,66.7699966430664,67.16000366210938,62.49532318115234,1036700
2014-09-03,67.3499984741211,67.83999633789062,66.6500015258789,66.7300033569336,62.095191955566406,959400
2014-09-04,66.91000366210938,67.16999816894531,65.76000213623047,65.83000183105469,61.25771713256836,1462100
2014-09-05,65.75,66.08000183105469,65.20999908447266,65.81999969482422,61.24839782714844,1250900
2014-09-08,65.62000274658203,65.98999786376953,64.44999694824219,64.55000305175781,60.06660842895508,1424700
2014-09-09,64.4800033569336,64.54000091552734,63.220001220703125,63.52999877929688,59.11745071411133,1522900
2014-09-10,62.5,62.630001068115234,61.209999084472656,61.619998931884766,57.34010696411133,2836100
2014-09-11,61.45000076293945,61.84999847412109,60.83000183105469,61.81999969482422,57.52622222900391,1966400
2014-09-12,61.52000045776367,61.93000030517578,60.86000061035156,61.04999923706055,56.8097038269043,1073300
2014-09-15,60.90999984741211,61.18999862670898,59.93999862670898,60.18999862670898,56.00943374633789,1642900
2014-09-16,59.84000015258789,60.86000061035156,59.27000045776367,60.72999954223633,56.51193618774414,1372600
2014-09-17,60.72999954223633,61.11000061035156,60.29999923706055,60.869998931884766,56.6422004699707,1469200
2014-09-18,60.93000030517578,61.61000061035156,60.81999969482422,61.45000076293945,57.181922912597656,1345500
2014-09-19,61.7400016784668,61.7400016784668,60.709999084472656,61.02000045776367,56.78178405761719,1909900
2014-09-22,60.90999984741211,60.93999862670898,60.0099983215332,60.29999923706055,56.11178970336914,1337600
2014-09-23,59.93999862670898,60.5099983215332,59.790000915527344,60.0099983215332,55.84193801879883,1535900
2014-09-24,60.18999862670898,61.68999862670898,60.18999862670898,61.619998931884766,57.34010696411133,1454600
2014-09-25,61.619998931884766,61.83000183105469,60.58000183105469,60.650001525878906,56.437477111816406,1196400
2014-09-26,60.77999877929688,61.93000030517578,60.650001525878906,61.86000061035156,57.56344223022461,974900
2014-09-29,61.06999969482422,61.54999923706055,60.7599983215332,61.43000030517578,57.163307189941406,967500
2014-09-30,61.34000015258789,61.709999084472656,61.150001525878906,61.5099983215332,57.23775100708008,932400
2014-10-01,61.400001525878906,61.47999954223633,60.20000076293945,60.34999847412109,56.15830993652344,1706700
2014-10-02,60.43000030517578,61.16999816894531,59.959999084472656,60.959999084472656,56.725955963134766,818700
2014-10-03,61.369998931884766,62.459999084472656,61.2400016784668,61.97999954223633,57.67510986328125,823300
2014-10-06,62.060001373291016,62.43000030517578,61.36000061035156,61.40999984741211,57.14469909667969,586700
2014-10-07,60.869998931884766,61.09000015258789,59.29999923706055,59.34999847412109,55.22777557373047,1724600
2014-10-08,59.25,59.4900016784668,58.59999847412109,59.22999954223633,55.116119384765625,2026400
2014-10-09,59.20000076293945,59.5,57.9900016784668,58.310001373291016,54.260013580322266,1548600
2014-10-10,58.18000030517578,58.7599983215332,57.13999938964844,57.150001525878906,53.18058395385742,1628400
2014-10-13,57.2400016784668,58.2400016784668,56.5,57.16999816894531,53.19917678833008,1469300
2014-10-14,57.66999816894531,58.61000061035156,57.18000030517578,57.70000076293945,53.6923828125,1036600
2014-10-15,57.02000045776367,58.0099983215332,55.95000076293945,57.56999969482422,53.57140350341797,1336300
2014-10-16,56.61000061035156,58.79999923706055,56.5,58.52999877929688,54.4647331237793,984400
2014-10-17,58.95000076293945,59.470001220703125,58.09999847412109,58.83000183105469,54.743900299072266,819400
2014-10-20,59.52000045776367,60.790000915527344,59.5,60.41999816894531,56.22345352172852,1302100
2014-10-21,60.25,61.560001373291016,59.56999969482422,61.459999084472656,57.19121551513672,1108900
2014-10-22,61.56999969482422,62.369998931884766,61.0099983215332,61.29999923706055,57.042327880859375,1724400
2014-10-23,68.0,71.93000030517578,67.8499984741211,71.0,66.06861114501953,6512300
2014-10-24,70.95999908447266,72.55999755859375,69.98999786376953,71.66999816894531,66.69206237792969,2626100
2014-10-27,71.56999969482422,72.47000122070312,71.2300033569336,71.86000061035156,66.86888885498047,1433000
2014-10-28,72.05000305175781,73.62999725341797,71.8499984741211,73.61000061035156,68.49732971191406,1345900
2014-10-29,73.44000244140625,74.0999984741211,72.0199966430664,72.44000244140625,67.40859985351562,1320900
2014-10-30,72.0999984741211,72.91999816894531,71.91999816894531,72.30000305175781,67.27832794189453,892900
2014-10-31,73.2300033569336,73.5999984741211,72.68000030517578,73.22000122070312,68.1344223022461,1011200
2014-11-03,73.22000122070312,73.83999633789062,72.98999786376953,73.41999816894531,68.3205337524414,1058700
2014-11-04,73.08999633789062,73.3499984741211,72.19999694824219,72.4800033569336,67.44580078125,700000
2014-11-05,73.05999755859375,73.55000305175781,72.61000061035156,73.36000061035156,68.26470184326172,469700
2014-11-06,73.5,74.43000030517578,73.13999938964844,74.4000015258789,69.23245239257812,720800
2014-11-07,74.33000183105469,74.9000015258789,73.8499984741211,74.55999755859375,69.38134765625,838300
2014-11-10,74.30999755859375,74.86000061035156,73.27999877929688,73.63999938964844,68.52523803710938,784100
2014-11-11,73.5999984741211,73.63999938964844,72.93000030517578,73.3499984741211,68.25540161132812,544400
2014-11-12,73.01000213623047,74.47000122070312,72.87999725341797,73.88999938964844,68.75788879394531,671300
2014-11-13,73.9000015258789,74.13999938964844,73.54000091552734,73.94999694824219,68.96305847167969,610100
2014-11-14,74.05000305175781,74.9000015258789,73.69000244140625,74.86000061035156,69.81166076660156,788000
2014-11-17,74.61000061035156,74.9800033569336,73.88999938964844,74.56999969482422,69.54125213623047,813300
2014-11-18,74.44999694824219,75.23999786376953,74.30999755859375,74.37000274658203,69.35472106933594,965100
2014-11-19,74.66000366210938,75.56999969482422,73.73999786376953,75.31999969482422,70.24066162109375,939200
2014-11-20,75.23999786376953,76.19999694824219,74.87000274658203,75.30999755859375,70.2313461303711,855700
2014-11-21,76.25,76.47000122070312,75.33999633789062,75.68000030517578,70.5763931274414,645100
2014-11-24,75.94999694824219,76.83000183105469,75.72000122070312,76.77999877929688,71.60221099853516,606400
2014-11-25,76.77999877929688,76.79000091552734,75.63999938964844,76.0999984741211,70.96805572509766,800100
2014-11-26,76.45999908447266,76.45999908447266,75.38999938964844,75.69000244140625,70.5857162475586,483300
2014-11-28,75.9000015258789,77.66000366210938,75.80999755859375,76.93000030517578,71.74207305908203,473500
2014-12-01,76.69000244140625,76.9800033569336,75.4000015258789,76.41999816894531,71.26648712158203,585200
2014-12-02,76.61000061035156,77.31999969482422,76.05999755859375,76.55000305175781,71.38771057128906,584900
2014-12-03,76.66000366210938,79.08000183105469,76.37000274658203,78.63999938964844,73.33677673339844,1783300
2014-12-04,78.19999694824219,78.98999786376953,77.5,78.18000030517578,72.90779113769531,1034000
2014-12-05,78.19999694824219,78.80000305175781,77.70999908447266,78.56999969482422,73.271484375,805500
2014-12-08,78.61000061035156,78.93000030517578,77.98999786376953,78.52999877929688,73.23419189453125,800200
2014-12-09,78.05999755859375,78.47000122070312,77.62000274658203,78.2699966430664,72.99172973632812,672600
2014-12-10,77.95999908447266,78.47000122070312,76.66999816894531,77.12999725341797,71.9285888671875,1092100
2014-12-11,76.63999938964844,79.13999938964844,76.5999984741211,77.61000061035156,72.376220703125,995200
2014-12-12,76.87999725341797,78.81999969482422,76.87999725341797,77.72000122070312,72.47879028320312,958300
2014-12-15,78.13999938964844,78.33000183105469,76.3499984741211,77.62000274658203,72.38555145263672,853200
2014-12-16,78.01000213623047,78.12999725341797,76.29000091552734,76.31999969482422,71.17320251464844,769100
2014-12-17,76.47000122070312,77.02999877929688,75.62000274658203,76.9000015258789,71.71412658691406,1150300
2014-12-18,77.7699966430664,78.19999694824219,76.9000015258789,77.5,72.27364349365234,1477400
2014-12-19,77.5,77.97000122070312,76.29000091552734,76.37999725341797,71.22917938232422,2422900
2014-12-22,76.36000061035156,77.36000061035156,76.33000183105469,77.26000213623047,72.04985809326172,950700
2014-12-23,77.72000122070312,79.12999725341797,77.72000122070312,78.45999908447266,73.16889953613281,739000
2014-12-24,78.66000366210938,78.75,77.16999816894531,77.80000305175781,72.55340576171875,419200
2014-12-26,77.81999969482422,78.76000213623047,77.37999725341797,77.91999816894531,72.6653060913086,497900
2014-12-29,77.8499984741211,78.91000366210938,77.66000366210938,78.69000244140625,73.38339233398438,715800
2014-12-30,78.5999984741211,78.83000183105469,77.43000030517578,77.5,72.27364349365234,828300
2014-12-31,78.06999969482422,79.69000244140625,78.06999969482422,78.81999969482422,73.50462341308594,1463300
2015-01-02,78.80000305175781,79.38999938964844,77.08000183105469,78.06999969482422,72.80520629882812,557100
2015-01-05,77.94000244140625,78.2300033569336,75.80999755859375,76.47000122070312,71.3131103515625,998000
2015-01-06,76.29000091552734,76.91999816894531,74.54000091552734,75.30000305175781,70.22200775146484,1347500
2015-01-07,75.5,77.76000213623047,75.30000305175781,77.73999786376953,72.49746704101562,1431900
2015-01-08,79.41999816894531,81.69999694824219,79.33000183105469,80.91999816894531,75.46299743652344,1942600
2015-01-09,80.66000366210938,80.68000030517578,79.19000244140625,79.91999816894531,74.53044891357422,882200
2015-01-12,80.16000366210938,80.5999984741211,79.08999633789062,79.26000213623047,73.91495513916016,859500
2015-01-13,80.12999725341797,81.02999877929688,77.81999969482422,78.56999969482422,73.271484375,749200
2015-01-14,77.66999816894531,77.98999786376953,76.63999938964844,77.36000061035156,72.14308166503906,782700
2015-01-15,77.94999694824219,78.2300033569336,75.0999984741211,75.19999694824219,70.12873077392578,814600
2015-01-16,75.0999984741211,76.62000274658203,74.5199966430664,76.5199966430664,71.35972595214844,784000
2015-01-20,76.63999938964844,76.91999816894531,74.56999969482422,75.69000244140625,70.5857162475586,803400
2015-01-21,75.68000030517578,77.25,75.68000030517578,77.08999633789062,71.89130401611328,737900
2015-01-22,77.2699966430664,80.02999877929688,76.94999694824219,79.7300033569336,74.353271484375,957000
2015-01-23,79.80000305175781,80.41999816894531,79.5199966430664,79.72000122070312,74.34394073486328,774000
2015-01-26,79.86000061035156,82.16000366210938,79.12000274658203,81.77999877929688,76.2650146484375,1146200
2015-01-27,80.95999908447266,81.48999786376953,80.0199966430664,80.55999755859375,75.12728881835938,920200
2015-01-28,80.41999816894531,82.27999877929688,79.58000183105469,79.86000061035156,74.47450256347656,1413100
2015-01-29,80.94999694824219,85.66999816894531,80.25,83.29000091552734,77.67318725585938,3755600
2015-01-30,82.81999969482422,83.62000274658203,80.86000061035156,81.16999816894531,75.6961669921875,1209300
2015-02-02,81.12000274658203,81.8499984741211,78.94999694824219,81.36000061035156,75.87334442138672,1047700
2015-02-03,81.5999984741211,83.23999786376953,80.87000274658203,83.11000061035156,77.50533294677734,1576500
2015-02-04,82.97000122070312,83.72000122070312,82.56999969482422,83.36000061035156,77.73847961425781,862700
2015-02-05,83.01000213623047,84.22000122070312,82.3499984741211,83.5,77.86901092529297,853200
2015-02-06,83.52999877929688,84.08000183105469,82.5,82.93000030517578,77.33747100830078,670900
2015-02-09,82.69999694824219,83.33000183105469,82.18000030517578,82.43000030517578,76.87118530273438,746500
2015-02-10,82.38999938964844,83.69999694824219,82.30999755859375,83.25,77.63587188720703,650600
2015-02-11,82.83999633789062,83.56999969482422,82.19000244140625,82.44000244140625,76.88050842285156,629800
2015-02-12,82.72000122070312,83.33000183105469,82.31999969482422,83.2699966430664,77.65454864501953,580500
2015-02-13,84.0,84.5,83.4800033569336,84.26000213623047,78.5777816772461,887500
2015-02-17,84.26000213623047,84.75,83.44999694824219,84.56999969482422,78.86686706542969,998100
2015-02-18,84.56999969482422,84.98999786376953,83.93000030517578,84.87999725341797,79.15596771240234,584700
2015-02-19,85.0,86.3499984741211,84.87999725341797,85.56999969482422,79.95014190673828,646800
2015-02-20,85.94000244140625,88.45999908447266,85.80999755859375,88.12000274658203,82.3326644897461,1341000
2015-02-23,88.0,88.94999694824219,87.81999969482422,88.37999725341797,82.57556915283203,1122800
2015-02-24,88.70999908447266,90.48999786376952,88.43000030517578,89.05999755859375,83.2109146118164,1346100
2015-02-25,89.51000213623047,90.27999877929688,89.05000305175781,89.9800033569336,84.07051086425781,1348500
2015-02-26,89.68000030517578,90.1999969482422,88.7300033569336,88.87999725341797,83.0427474975586,889100
2015-02-27,89.25,89.44999694824219,87.95999908447266,88.12000274658203,82.3326644897461,687200
2015-03-02,88.41999816894531,89.3499984741211,88.30000305175781,89.30999755859375,83.44451141357422,755800
2015-03-03,88.91999816894531,89.02999877929688,86.06999969482422,86.58000183105469,80.8938217163086,1570700
2015-03-04,84.94999694824219,86.47000122070312,84.3499984741211,85.12999725341797,79.53903198242188,1117800
2015-03-05,85.33000183105469,85.75,85.1500015258789,85.3499984741211,79.74459075927734,714300
2015-03-06,84.80999755859375,85.48999786376953,84.41000366210938,84.68000030517578,79.11858367919922,691400
2015-03-09,84.87000274658203,85.62999725341797,84.58000183105469,85.37999725341797,79.7726058959961,565200
2015-03-10,84.4800033569336,84.9000015258789,84.04000091552734,84.05999755859375,78.53931427001953,533400
2015-03-11,84.20999908447266,85.23999786376953,84.05999755859375,84.7300033569336,79.16531372070312,584600
2015-03-12,85.27999877929688,87.38999938964844,85.02999877929688,87.25,81.51979064941406,806800
2015-03-13,88.33000183105469,88.5199966430664,85.66000366210938,86.26000213623047,80.59484100341797,651500
2015-03-16,86.69000244140625,88.38999938964844,86.55000305175781,88.31999969482422,82.51952362060547,546900
2015-03-17,88.04000091552734,88.2300033569336,87.25,87.72000122070312,81.95893859863281,466500
2015-03-18,87.4800033569336,88.33999633789062,86.31999969482422,88.19999694824219,82.40741729736328,480200
2015-03-19,88.0999984741211,88.41999816894531,87.68000030517578,88.01000213623047,82.22988891601562,481400
2015-03-20,88.69999694824219,89.45999908447266,88.19999694824219,88.94999694824219,83.10814666748047,924000
2015-03-23,89.12999725341797,89.56999969482422,88.08999633789062,88.19000244140625,82.39806365966797,682400
2015-03-24,87.94999694824219,88.66000366210938,87.56999969482422,87.58999633789062,81.83746337890625,561300
2015-03-25,87.5199966430664,87.73999786376953,85.88999938964844,85.91000366210938,80.267822265625,575300
2015-03-26,85.43000030517578,85.47000122070312,84.2699966430664,85.2300033569336,79.63248443603516,1014500
2015-03-27,85.13999938964844,86.61000061035156,84.83000183105469,86.16999816894531,80.51072692871094,474000
2015-03-30,86.93000030517578,87.44999694824219,86.41000366210938,86.58000183105469,80.8938217163086,681800
2015-03-31,86.08000183105469,86.8499984741211,85.04000091552734,85.05999755859375,79.47362518310547,1060300
2015-04-01,84.87999725341797,84.97000122070312,83.69999694824219,84.70999908447266,79.14662170410156,605800
2015-04-02,84.72000122070312,85.94999694824219,84.62000274658203,85.62000274658203,79.99684143066406,454600
2015-04-06,84.8499984741211,86.72000122070312,84.44999694824219,86.23999786376953,80.57614135742188,454900
2015-04-07,85.9800033569336,86.7300033569336,85.37000274658203,85.37999725341797,79.7726058959961,708500
2015-04-08,85.5,86.2699966430664,84.95999908447266,85.56999969482422,79.95014190673828,479300
2015-04-09,85.5,86.05999755859375,84.19000244140625,86.0,80.35189819335938,910200
2015-04-10,86.12000274658203,87.86000061035156,85.91000366210938,87.27999877929688,81.54783630371094,689600
2015-04-13,87.16999816894531,88.13999938964844,87.05999755859375,87.5,81.7533950805664,558900
2015-04-14,87.18000030517578,88.16000366210938,86.76000213623047,87.33000183105469,81.59455108642578,661400
2015-04-15,87.55999755859375,87.95999908447266,86.33999633789062,86.44999694824219,80.77235412597656,403700
2015-04-16,86.23999786376953,86.66000366210938,85.79000091552734,86.47000122070312,80.79105377197266,379800
2015-04-17,85.37000274658203,87.22000122070312,85.0999984741211,87.0,81.2862319946289,945800
2015-04-20,87.80999755859375,89.0999984741211,87.72000122070312,88.52999877929688,82.71575164794922,983300
2015-04-21,89.19999694824219,90.91000366210938,88.5,90.81999969482422,84.8553466796875,1327000
2015-04-22,90.9800033569336,91.04000091552734,88.69000244140625,90.83000183105467,84.86468505859375,1272600
2015-04-23,91.58999633789062,91.9000015258789,89.81999969482422,91.26000213623048,85.26646423339844,1180500
2015-04-24,91.62000274658205,91.6500015258789,90.66000366210938,90.9800033569336,85.00482177734375,938300
2015-04-27,91.2300033569336,91.58999633789062,90.20999908447266,90.6500015258789,84.6965103149414,902500
2015-04-28,90.43000030517578,90.43000030517578,89.01000213623047,89.5999984741211,83.7154541015625,1061100
2015-04-29,89.5999984741211,90.13999938964844,88.05000305175781,88.44999694824219,82.64097595214844,805000
2015-04-30,88.2300033569336,88.5999984741211,85.33999633789062,86.05999755859375,80.407958984375,1194500
2015-05-01,86.25,87.55000305175781,86.25,87.16000366210938,81.43571472167969,921500
2015-05-04,87.4000015258789,88.11000061035156,86.66999816894531,87.33000183105469,81.59455108642578,653600
2015-05-05,86.8499984741211,87.51000213623047,85.66999816894531,85.88999938964844,80.24913024902344,769100
2015-05-06,85.61000061035156,86.05999755859375,84.08000183105469,84.6500015258789,79.0905532836914,1282000
2015-05-07,84.37999725341797,85.94999694824219,84.16999816894531,85.69000244140625,80.062255859375,691600
2015-05-08,86.45999908447266,88.29000091552734,86.45999908447266,86.91999816894531,81.21146392822266,668100
2015-05-11,86.87000274658203,87.62999725341797,86.66000366210938,87.12000274658203,81.39834594726562,669100
2015-05-12,86.69000244140625,87.52999877929688,86.37999725341797,86.81999969482422,81.11804962158203,680400
2015-05-13,86.93000030517578,87.19000244140625,85.93000030517578,86.43000030517578,80.75365447998047,631000
2015-05-14,86.76000213623047,87.7300033569336,85.69000244140625,87.66000366210938,82.09284973144531,623600
2015-05-15,88.0999984741211,88.51000213623047,87.23999786376953,88.4800033569336,82.86077880859375,501700
2015-05-18,88.38999938964844,90.3499984741211,88.38999938964844,90.12999725341795,84.4059829711914,693900
2015-05-19,90.3499984741211,90.69000244140624,89.41999816894531,90.06999969482422,84.34977722167969,638100
2015-05-20,90.16000366210938,90.5199966430664,89.36000061035156,89.91000366210938,84.19996643066406,628100
2015-05-21,89.86000061035156,90.73999786376952,89.62999725341797,90.58999633789062,84.83675384521484,438400
2015-05-22,90.41000366210938,90.86000061035156,90.0,90.5199966430664,84.77119445800781,570900
2015-05-26,90.3000030517578,90.55999755859376,88.19000244140625,88.33000183105469,82.72030639648438,556600
2015-05-27,88.5199966430664,89.56999969482422,88.4000015258789,89.0,83.34773254394531,560000
2015-05-28,88.70999908447266,89.36000061035156,88.16999816894531,88.37000274658203,82.75775909423828,444900
2015-05-29,88.2699966430664,88.47000122070312,86.91000366210938,87.13999938964844,81.60586547851562,756500
2015-06-01,87.54000091552734,88.36000061035156,86.58000183105469,87.75,82.17713165283203,802000
2015-06-02,87.45999908447266,88.94999694824219,87.16999816894531,88.58000183105469,82.95442199707031,453800
2015-06-03,88.70999908447266,90.27999877929688,88.47000122070312,90.25,84.51837158203125,569300
2015-06-04,89.68000030517578,89.80000305175781,87.9800033569336,88.19000244140625,82.58918762207031,784800
2015-06-05,87.93000030517578,88.47000122070312,87.05999755859375,87.9800033569336,82.39252471923828,733600
2015-06-08,87.75,88.43000030517578,87.52999877929688,87.58999633789062,82.02729797363281,561700
2015-06-09,87.38999938964844,88.05999755859375,86.88999938964844,87.30000305175781,81.75572204589844,677300
2015-06-10,87.68000030517578,89.33999633789062,87.62999725341797,88.94000244140625,83.29154968261719,612800
2015-06-11,89.43000030517578,90.47000122070312,89.43000030517578,90.11000061035156,84.38724517822266,633500
2015-06-12,89.33000183105469,90.48999786376952,89.33000183105469,90.19000244140624,84.46216583251953,780100
2015-06-15,89.56999969482422,90.58999633789062,89.30999755859375,90.30999755859376,84.57454681396484,833800
2015-06-16,90.19000244140624,91.58000183105467,90.19000244140624,91.12999725341795,85.34245300292969,615600
2015-06-17,91.5500030517578,92.2699966430664,91.22000122070312,91.7300033569336,85.90434265136719,728500
2015-06-18,92.06999969482422,93.94000244140624,92.06999969482422,92.9499969482422,87.04688262939453,668200
2015-06-19,93.05999755859376,93.47000122070312,92.26000213623048,92.44000244140624,86.56929016113281,876300
2015-06-22,93.04000091552734,93.52999877929688,92.63999938964844,93.0500030517578,87.14053344726562,553800
2015-06-23,93.27999877929688,93.98999786376952,92.83000183105467,92.88999938964844,86.9906997680664,493000
2015-06-24,92.5999984741211,93.18000030517578,91.62999725341795,91.87999725341795,86.0448226928711,411600
2015-06-25,92.12000274658205,92.86000061035156,91.4000015258789,92.6999969482422,86.81275939941406,584500
2015-06-26,92.94000244140624,93.62000274658205,92.36000061035156,92.75,86.85956573486328,708900
2015-06-29,92.0999984741211,92.51000213623048,90.01000213623047,90.0999984741211,84.37789154052734,532800
2015-06-30,91.3000030517578,91.3000030517578,89.61000061035156,89.94000244140625,84.22804260253906,1145700
2015-07-01,91.23999786376952,91.83000183105467,89.76000213623047,90.77999877929688,85.01470184326172,717900
2015-07-02,91.08999633789062,91.38999938964844,89.4000015258789,90.31999969482422,84.58390808105469,593100
2015-07-06,89.52999877929688,91.25,89.52999877929688,91.04000091552734,85.25818634033203,435900
2015-07-07,91.47000122070312,91.61000061035156,89.2699966430664,90.7300033569336,84.96785736083984,1400100
2015-07-08,89.9000015258789,91.08999633789062,87.4800033569336,87.61000061035156,82.04601287841797,1690600
2015-07-09,88.72000122070312,89.47000122070312,88.45999908447266,88.72000122070312,83.08554077148438,1248700
2015-07-10,90.1999969482422,91.3499984741211,89.63999938964844,91.1500015258789,85.3611831665039,522000
2015-07-13,91.73999786376952,92.70999908447266,91.68000030517578,92.5199966430664,86.64418029785156,648400
2015-07-14,92.58999633789062,93.66999816894533,92.2699966430664,93.3000030517578,87.37464141845703,676700
2015-07-15,92.9000015258789,93.86000061035156,92.58999633789062,93.41999816894533,87.48702239990234,692000
2015-07-16,94.0,94.66999816894533,93.3000030517578,93.91999816894533,87.95527648925781,625400
2015-07-17,94.62999725341795,95.04000091552734,94.0,94.5,88.49844360351562,977500
2015-07-20,93.6999969482422,94.0,92.8000030517578,93.12999725341795,87.21544647216797,1392600
2015-07-21,93.5999984741211,94.4000015258789,93.1500015258789,93.52999877929688,87.59005737304688,1054800
2015-07-22,93.61000061035156,94.94000244140624,93.37000274658205,94.77999877929688,88.76065063476562,1156900
2015-07-23,94.5999984741211,96.27999877929688,93.5,95.45999908447266,89.39749145507812,2742200
2015-07-24,95.9000015258789,96.08999633789062,92.69000244140624,93.56999969482422,87.62751007080078,1293800
2015-07-27,93.69000244140624,93.83999633789062,91.4800033569336,92.08000183105467,86.23212432861328,787700
2015-07-28,92.54000091552734,92.76000213623048,91.1999969482422,91.72000122070312,85.8949966430664,828500
2015-07-29,91.87000274658205,92.5999984741211,91.69000244140624,92.27999877929688,86.41943359375,711300
2015-07-30,92.0500030517578,92.48999786376952,91.43000030517578,91.98999786376952,86.1478500366211,506200
2015-07-31,92.04000091552734,93.44000244140624,91.70999908447266,92.5199966430664,86.64418029785156,689100
2015-08-03,92.75,93.06999969482422,90.47000122070312,91.33999633789062,85.53912353515625,512400
2015-08-04,91.08999633789062,92.4800033569336,91.08999633789062,92.2699966430664,86.4100570678711,493700
2015-08-05,93.54000091552734,93.87000274658205,92.76000213623048,93.3499984741211,87.42147827148438,985100
2015-08-06,93.5,93.98999786376952,91.06999969482422,91.16999816894533,85.37993621826172,813900
2015-08-07,90.95999908447266,91.81999969482422,90.41999816894533,91.6999969482422,85.87626647949219,538000
2015-08-10,92.68000030517578,93.72000122070312,92.47000122070312,93.11000061035156,87.19672393798828,572500
2015-08-11,92.54000091552734,93.62000274658205,92.19000244140624,93.47000122070312,87.53385925292969,653100
2015-08-12,92.7699966430664,93.08000183105467,91.25,92.76000213623048,86.86897277832031,620000
2015-08-13,92.47000122070312,94.7300033569336,92.41999816894533,93.1999969482422,87.46957397460938,666300
2015-08-14,92.93000030517578,94.73999786376952,92.38999938964844,93.0999984741211,87.37574768066406,533300
2015-08-17,93.0199966430664,94.08999633789062,92.37000274658205,93.94000244140624,88.1640853881836,639400
2015-08-18,93.8499984741211,94.5199966430664,93.18000030517578,94.08999633789062,88.30487060546875,672900
2015-08-19,93.6999969482422,94.30999755859376,92.5,93.3499984741211,87.61036682128906,583500
2015-08-20,92.6500015258789,93.08999633789062,89.6500015258789,89.6500015258789,84.13786315917969,1005300
2015-08-21,88.83000183105469,88.98999786376953,85.5199966430664,85.58999633789062,80.32749938964844,1595700
2015-08-24,79.69999694824219,86.38999938964844,75.0,83.58000183105469,78.44108581542969,2718600
2015-08-25,85.25,86.38999938964844,83.04000091552734,83.04000091552734,77.93428802490234,1454400
2015-08-26,85.27999877929688,85.94000244140625,82.58999633789062,85.04000091552734,79.81130981445312,1199800
2015-08-27,85.79000091552734,88.94999694824219,85.12000274658203,87.12000274658203,81.76342010498047,1486700
2015-08-28,86.94000244140625,87.2699966430664,84.66999816894531,85.38999938964844,80.1397933959961,1646900
2015-08-31,85.12999725341797,86.54000091552734,84.79000091552734,85.30999755859375,80.06468963623047,1182700
2015-09-01,83.2699966430664,84.31999969482422,81.68000030517578,82.2300033569336,77.17408752441406,1230400
2015-09-02,83.58000183105469,84.1500015258789,82.41000366210938,83.69000244140625,78.5443115234375,1432100
2015-09-03,84.0,85.66999816894531,83.22000122070312,83.94999694824219,78.788330078125,1561200
2015-09-04,83.0199966430664,84.38999938964844,82.6500015258789,83.19000244140625,78.07506561279297,761000
2015-09-08,85.05999755859375,86.48999786376953,84.2699966430664,86.36000061035156,81.0501480102539,710000
2015-09-09,86.62000274658203,87.61000061035156,85.61000061035156,85.80000305175781,80.52459716796875,1036300
2015-09-10,85.36000061035156,87.37999725341797,85.05000305175781,86.69000244140625,81.35987091064453,911900
2015-09-11,86.41000366210938,88.06999969482422,85.91000366210938,87.95999908447266,82.5517807006836,837000
2015-09-14,87.58999633789062,87.58999633789062,85.80000305175781,86.11000061035156,80.8155288696289,976200
2015-09-15,86.37000274658203,87.19000244140625,85.30999755859375,86.5,81.1815414428711,699600
2015-09-16,86.4800033569336,88.33000183105469,86.23999786376953,87.95999908447266,82.5517807006836,1074800
2015-09-17,88.13999938964844,88.33999633789062,86.0999984741211,86.98999786376953,81.64138793945312,1410800
2015-09-18,86.06999969482422,87.86000061035156,85.91999816894531,86.2699966430664,80.96566772460938,1565100
2015-09-21,86.41000366210938,87.68000030517578,84.2699966430664,84.88999938964844,79.67054748535156,1720400
2015-09-22,83.91000366210938,83.98999786376953,81.37000274658203,82.80999755859375,77.71842193603516,2306800
2015-09-23,83.0999984741211,83.58999633789062,82.2300033569336,83.04000091552734,77.93428802490234,1795100
2015-09-24,82.45999908447266,83.22000122070312,81.01000213623047,82.3499984741211,77.28669738769531,1409100
2015-09-25,83.0,84.94999694824219,82.5199966430664,83.97000122070312,78.80709075927734,2728400
2015-09-28,83.13999938964844,84.0,81.62000274658203,81.68000030517578,76.65790557861328,1546500
2015-09-29,81.88999938964844,82.5,80.05999755859375,82.30999755859375,77.2491455078125,2333500
2015-09-30,83.54000091552734,84.91999816894531,82.94999694824219,84.31999969482422,79.13558197021484,1692200
2015-10-01,84.4000015258789,85.98999786376953,83.37000274658203,85.94999694824219,80.66536712646484,1514000
2015-10-02,84.80000305175781,86.83999633789062,83.80999755859375,86.81999969482422,81.48186492919922,1344100
2015-10-05,87.69000244140625,88.69000244140625,87.33000183105469,88.41000366210938,82.97410583496094,1400000
2015-10-06,88.54000091552734,88.62000274658203,86.25,86.56999969482422,81.24724578857422,826700
2015-10-07,86.87000274658203,88.66000366210938,86.6500015258789,88.61000061035156,83.16181945800781,1560200
2015-10-08,87.87999725341797,89.75,87.83999633789062,89.19999694824219,83.71552276611328,981000
2015-10-09,89.06999969482422,89.72000122070312,88.68000030517578,89.63999938964844,84.12849426269531,840600
2015-10-12,88.95999908447266,88.95999908447266,85.43000030517578,85.73999786376953,80.46826934814453,1991000
2015-10-13,85.76000213623047,86.62999725341797,84.22000122070312,84.45999908447266,79.26695251464844,1435300
2015-10-14,84.58999633789062,84.98999786376953,83.5199966430664,84.1500015258789,78.97602844238281,1054900
2015-10-15,84.73999786376953,85.13999938964844,83.55000305175781,84.69000244140625,79.48282623291016,1341900
2015-10-16,84.69999694824219,85.27999877929688,84.41000366210938,85.20999908447266,79.97086334228516,834300
2015-10-19,84.9800033569336,87.01000213623047,84.81999969482422,86.97000122070312,81.62263488769531,1485900
2015-10-20,86.83000183105469,87.25,85.91000366210938,86.44999694824219,81.13461303710938,890800
2015-10-21,87.0,87.4000015258789,85.80000305175781,86.25,80.9469223022461,1603300
2015-10-22,90.1500015258789,91.0999984741211,86.93000030517578,91.0199966430664,85.42361450195312,3101800
2015-10-23,92.0,92.2699966430664,88.76000213623047,90.43000030517578,84.86991882324219,1281100
2015-10-26,90.88999938964844,91.81999969482422,90.25,91.72000122070312,86.08059692382812,1311500
2015-10-27,91.18000030517578,91.37000274658205,89.54000091552734,90.66999816894533,85.09514617919922,770100
2015-10-28,90.7699966430664,91.6500015258789,89.9800033569336,91.58000183105467,85.9491958618164,708000
2015-10-29,91.37000274658205,92.25,90.30999755859376,91.13999938964844,85.53624725341797,687500
2015-10-30,91.55999755859376,93.01000213623048,91.13999938964844,92.38999938964844,86.70938873291016,883900
2015-11-02,92.4000015258789,92.73999786376952,91.19000244140624,92.08000183105467,86.41844940185547,783200
2015-11-03,92.19000244140624,92.87000274658205,91.26000213623048,92.5,86.81263732910156,915700
2015-11-04,92.08000183105467,92.88999938964844,91.31999969482422,92.7300033569336,87.02850341796875,1140400
2015-11-05,93.0,94.0,92.73999786376952,93.6500015258789,87.89193725585938,776000
2015-11-06,93.31999969482422,93.75,92.72000122070312,93.37999725341795,87.63851928710938,672400
2015-11-09,93.23999786376952,93.36000061035156,91.30999755859376,92.02999877929688,86.37152862548828,562100
2015-11-10,91.7300033569336,92.29000091552734,90.76000213623048,91.97000122070312,86.31523132324219,751000
2015-11-11,92.47000122070312,92.47000122070312,91.04000091552734,91.37999725341795,85.7614974975586,429900
2015-11-12,90.87999725341795,91.66000366210938,89.73999786376953,89.7699966430664,84.43527221679688,730300
2015-11-13,89.48999786376953,89.48999786376953,85.05999755859375,85.19999694824219,80.1368637084961,1699400
2015-11-16,85.25,87.0199966430664,84.83999633789062,86.94999694824219,81.78287506103516,812900
2015-11-17,87.20999908447266,87.37000274658203,85.80999755859375,86.1500015258789,81.03042602539062,954700
2015-11-18,86.79000091552734,88.36000061035156,86.08999633789062,88.1500015258789,82.91156768798828,985200
2015-11-19,87.7300033569336,90.25,87.7300033569336,89.23999786376953,83.93678283691406,974800
2015-11-20,89.7699966430664,90.95999908447266,89.37999725341797,90.80999755859376,85.41348266601562,944400
2015-11-23,91.01000213623048,92.5199966430664,90.69000244140624,91.45999908447266,86.02487182617188,799400
2015-11-24,90.97000122070312,91.45999908447266,90.38999938964844,91.0,85.59219360351562,747800
2015-11-25,91.52999877929688,91.91999816894533,90.7300033569336,91.13999938964844,85.72386932373047,472600
2015-11-27,91.41000366210938,91.66000366210938,90.41000366210938,91.41000366210938,85.97783660888672,277600
2015-11-30,91.27999877929688,91.36000061035156,88.95999908447266,89.3499984741211,84.04025268554688,770200
2015-12-01,89.80000305175781,90.7300033569336,89.05000305175781,89.66000366210938,84.33182525634766,770700
2015-12-02,89.98999786376953,90.2300033569336,89.23999786376953,89.4000015258789,84.0872802734375,440000
2015-12-03,88.58000183105469,88.88999938964844,85.30999755859375,85.66000366210938,80.56954193115234,1498800
2015-12-04,86.01000213623047,88.29000091552734,85.77999877929688,88.04000091552734,82.80810546875,1414700
2015-12-07,88.19999694824219,88.29000091552734,87.01000213623047,87.93000030517578,82.70465087890625,705200
2015-12-08,89.2699966430664,91.22000122070312,87.44999694824219,90.02999877929688,84.67984008789062,1304600
2015-12-09,89.16000366210938,91.37999725341795,88.08000183105469,88.9000015258789,83.61698913574219,1073300
2015-12-10,88.55999755859375,89.55000305175781,87.30999755859375,88.8499984741211,83.56998443603516,864500
2015-12-11,87.80000305175781,89.19999694824219,87.44000244140625,87.9000015258789,82.67640686035156,764300
2015-12-14,88.26000213623047,89.0999984741211,87.20999908447266,88.22000122070312,82.97742462158203,785900
2015-12-15,88.69999694824219,89.0,87.13999938964844,87.18000030517578,81.99919891357422,1232100
2015-12-16,87.91999816894531,88.69999694824219,86.3499984741211,88.08999633789062,82.8551254272461,1083600
2015-12-17,88.0999984741211,88.69000244140625,85.8499984741211,85.87000274658203,80.76705932617188,777400
2015-12-18,85.44999694824219,86.44000244140625,85.02999877929688,85.70999908447266,80.6165542602539,1793000
2015-12-21,85.86000061035156,86.22000122070312,84.0199966430664,84.76000213623047,79.72303009033203,1134000
2015-12-22,85.12999725341797,86.08999633789062,83.97000122070312,85.4000015258789,80.32498168945312,1080100
2015-12-23,85.69999694824219,86.11000061035156,84.2699966430664,86.05999755859375,80.94576263427734,529700
2015-12-24,86.20999908447266,86.83000183105469,85.23999786376953,85.66999816894531,80.57893371582031,246100
2015-12-28,85.04000091552734,86.0199966430664,84.80999755859375,85.98999786376953,80.87992858886719,520000
2015-12-29,86.47000122070312,87.98999786376953,84.75,87.19000244140625,82.00861358642578,624300
2015-12-30,87.19000244140625,87.5199966430664,86.27999877929688,86.29000091552734,81.16209411621094,390500
2015-12-31,85.9800033569336,86.75,85.4800033569336,85.5,80.41903686523438,503200
2016-01-04,83.5,84.5,82.75,83.75,78.77303314208984,1757300
2016-01-05,83.80999755859375,85.08999633789062,83.12999725341797,83.69000244140625,78.71659851074219,1073800
2016-01-06,82.4800033569336,83.06999969482422,81.76000213623047,82.54000091552734,77.63494110107422,1152300
2016-01-07,81.12000274658203,83.7300033569336,80.70999908447266,82.4800033569336,77.57852172851562,1517200
2016-01-08,82.38999938964844,83.56999969482422,81.68000030517578,81.86000061035156,76.99536895751953,1370900
2016-01-11,82.51000213623047,83.20999908447266,81.25,82.6500015258789,77.7384033203125,1250800
2016-01-12,82.95999908447266,84.7699966430664,82.66999816894531,84.66000366210938,79.62896728515625,1222000
2016-01-13,85.26000213623047,85.3499984741211,81.11000061035156,81.55000305175781,76.70376586914062,3932800
2016-01-14,81.72000122070312,84.30999755859375,80.19000244140625,83.0,78.06761169433594,2233700
2016-01-15,80.66000366210938,82.73999786376953,80.41000366210938,81.48999786376953,76.64734649658203,1766000
2016-01-19,82.19999694824219,84.19999694824219,81.5999984741211,83.45999908447266,78.50025177001953,1536800
2016-01-20,82.52999877929688,83.25,80.04000091552734,81.48999786376953,76.64734649658203,2307600
2016-01-21,81.95999908447266,84.66000366210938,81.5199966430664,83.30000305175781,78.34980010986328,2012100
2016-01-22,85.4000015258789,85.41999816894531,83.88999938964844,84.83999633789062,79.79827117919922,1074400
2016-01-25,84.66999816894531,85.23999786376953,83.41999816894531,83.5199966430664,78.55670928955078,1314300
2016-01-26,83.93000030517578,85.73999786376953,83.45999908447266,85.69000244140625,80.5977554321289,1364500
2016-01-27,85.7699966430664,86.62000274658203,83.52999877929688,84.22000122070312,79.21512603759766,1645900
2016-01-28,82.61000061035156,85.54000091552734,78.41000366210938,84.9800033569336,79.92994689941406,3033300
2016-01-29,85.61000061035156,88.55999755859375,85.43000030517578,88.30999755859375,83.06204223632812,1804800
2016-02-01,87.44999694824219,88.04000091552734,85.29000091552734,86.72000122070312,81.56656646728516,1566900
2016-02-02,86.01000213623047,87.08999633789062,85.66000366210938,86.08000183105469,80.96458435058594,1079600
2016-02-03,86.48999786376953,87.30000305175781,83.3499984741211,84.66999816894531,79.63835906982422,1778600
2016-02-04,84.52999877929688,85.08000183105469,81.56999969482422,83.7699966430664,78.79185485839844,1813700
2016-02-05,83.37999725341797,84.19000244140625,80.55999755859375,80.77999877929688,75.97953796386719,1372800
2016-02-08,80.12000274658203,80.20999908447266,78.05000305175781,79.81999969482422,75.07656860351562,1643800
2016-02-09,79.43000030517578,82.43000030517578,79.41000366210938,81.44999694824219,76.60973358154297,1678400
2016-02-10,82.3499984741211,83.80000305175781,81.5,81.93000030517578,77.06120300292969,995500
2016-02-11,79.88999938964844,82.26000213623047,79.88999938964844,81.69000244140625,76.83544921875,1030700
2016-02-12,82.5,83.69000244140625,81.75,83.4800033569336,78.51908874511719,722300
2016-02-16,84.45999908447266,85.8499984741211,83.58000183105469,85.54000091552734,80.4566650390625,1059600
2016-02-17,86.1500015258789,86.66999816894531,85.43000030517578,86.01000213623047,80.89873504638672,940400
2016-02-18,85.69000244140625,85.91999816894531,84.0,84.5199966430664,79.68254089355469,972000
2016-02-19,84.12999725341797,84.7699966430664,83.12000274658203,84.62000274658203,79.77684783935547,690200
2016-02-22,85.31999969482422,86.93000030517578,85.01000213623047,86.38999938964844,81.4455337524414,982700
2016-02-23,86.25,87.12000274658203,84.68000030517578,84.87000274658203,80.01253509521484,765300
2016-02-24,83.91999816894531,85.8499984741211,83.27999877929688,85.58999633789062,80.69133758544922,1081100
2016-02-25,85.91999816894531,85.91999816894531,84.20999908447266,85.5,80.6064682006836,808500
2016-02-26,85.94999694824219,86.02999877929688,84.2699966430664,84.77999877929688,79.92767333984375,739800
2016-02-29,84.69999694824219,86.44000244140625,84.06999969482422,84.56999969482422,79.7297134399414,751100
2016-03-01,85.30000305175781,87.73999786376953,84.69000244140625,87.62999725341797,82.61454772949219,1025700
2016-03-02,87.05999755859375,87.7300033569336,85.83000183105469,87.19000244140625,82.19975280761719,795200
2016-03-03,86.81999969482422,87.12999725341797,85.31999969482422,86.37999725341797,81.43612670898438,901400
2016-03-04,86.68000030517578,87.97000122070312,85.83999633789062,87.30000305175781,82.30347442626953,630400
2016-03-07,86.62999725341797,87.05000305175781,85.27999877929688,85.80999755859375,80.89871215820312,977300
2016-03-08,85.30000305175781,86.80999755859375,85.08000183105469,85.91999816894531,81.00243377685547,826000
2016-03-09,86.51000213623047,88.37000274658203,86.26000213623047,86.83000183105469,81.86036682128906,851900
2016-03-10,87.48999786376953,89.9800033569336,87.16999816894531,88.83999633789062,83.75531005859375,1708000
2016-03-11,89.75,90.52999877929688,89.30000305175781,90.30999755859376,85.14118194580078,1111200
2016-03-14,89.69000244140625,90.6500015258789,89.04000091552734,90.08000183105467,84.9243392944336,783500
2016-03-15,90.0,90.76000213623048,89.55000305175781,90.08999633789062,84.93376922607422,738800
2016-03-16,89.52999877929688,90.0999984741211,88.69000244140625,89.55999755859375,84.4341049194336,713800
2016-03-17,88.93000030517578,89.33000183105469,87.86000061035156,88.73999786376953,83.66104125976562,954700
2016-03-18,89.16999816894531,90.0199966430664,88.18000030517578,89.30999755859375,84.19840240478516,1160800
2016-03-21,89.4800033569336,90.0,89.04000091552734,89.55000305175781,84.42466735839844,465800
2016-03-22,89.26000213623047,89.55000305175781,88.69000244140625,89.05999755859375,83.96273040771484,688300
2016-03-23,89.16000366210938,89.5199966430664,88.3499984741211,89.05999755859375,83.96273040771484,706300
2016-03-24,89.3499984741211,89.47000122070312,88.25,88.69999694824219,83.62332916259766,517800
2016-03-28,89.1500015258789,90.02999877929688,88.4800033569336,89.33000183105469,84.2172622680664,738200
2016-03-29,89.2699966430664,90.0199966430664,88.94000244140625,89.94999694824219,84.80178833007812,528300
2016-03-30,90.0999984741211,90.88999938964844,89.66999816894531,90.6999969482422,85.50885009765625,695400
2016-03-31,90.9499969482422,91.48999786376952,89.80000305175781,90.45999908447266,85.28258514404297,877000
2016-04-01,90.37999725341795,91.97000122070312,89.83999633789062,91.80999755859376,86.55533599853516,800200
2016-04-04,91.6500015258789,92.0,90.2300033569336,90.51000213623048,85.3297348022461,613500
2016-04-05,89.87000274658203,90.5199966430664,88.62000274658203,88.80999755859375,83.72702026367188,633000
2016-04-06,88.98999786376953,89.55000305175781,87.88999938964844,89.19000244140625,84.08528137207031,874100
2016-04-07,88.81999969482422,89.0999984741211,86.69999694824219,87.30999755859375,82.31285858154297,1181900
2016-04-08,87.77999877929688,87.8499984741211,86.44000244140625,86.9000015258789,81.92634582519531,723500
2016-04-11,87.37999725341797,88.18000030517578,86.73999786376953,86.9800033569336,82.00178527832031,872900
2016-04-12,87.23999786376953,89.06999969482422,86.97000122070312,88.86000061035156,83.774169921875,1000100
2016-04-13,89.26000213623047,89.98999786376953,88.94999694824219,89.66999816894531,84.53780364990234,1201700
2016-04-14,89.80999755859375,91.62999725341795,88.69000244140625,91.20999908447266,85.98966217041016,1505000
2016-04-15,91.20999908447266,91.22000122070312,88.94000244140625,89.45999908447266,84.3398208618164,1625800
2016-04-18,89.3499984741211,90.75,88.44000244140625,90.13999938964844,84.98090362548828,1618100
2016-04-19,90.47000122070312,91.37999725341795,88.83000183105469,89.62999725341797,84.50009155273438,1125000
2016-04-20,89.66999816894531,90.27999877929688,89.0999984741211,90.06999969482422,84.91490173339844,1269300
2016-04-21,95.0,97.25,92.5,94.33999633789062,88.9405288696289,3299700
2016-04-22,94.22000122070312,94.75,93.91000366210938,94.4499969482422,89.04422760009766,1552200
2016-04-25,94.0,95.43000030517578,93.69000244140624,95.13999938964844,89.69473266601562,1222400
2016-04-26,95.1500015258789,95.2699966430664,94.22000122070312,95.11000061035156,89.66645050048828,1133500
2016-04-27,95.0,96.29000091552734,94.54000091552734,95.9800033569336,90.4866714477539,937800
2016-04-28,95.54000091552734,96.01000213623048,94.81999969482422,94.97000122070312,89.53446960449219,1209600
2016-04-29,94.3499984741211,94.87000274658205,93.37999725341795,94.66000366210938,89.2422103881836,1809900
2016-05-02,95.13999938964844,95.75,94.0,95.58999633789062,90.1189956665039,732900
2016-05-03,94.87000274658205,96.0,94.08999633789062,95.0999984741211,89.65702819824219,1125300
2016-05-04,93.6999969482422,95.19000244140624,93.6999969482422,94.6500015258789,89.23279571533203,692300
2016-05-05,94.76000213623048,94.76000213623048,93.22000122070312,93.36000061035156,88.01663208007812,685900
2016-05-06,93.12999725341795,93.93000030517578,92.66000366210938,93.56999969482422,88.214599609375,712200
2016-05-09,94.08000183105467,94.4800033569336,93.29000091552734,94.05999755859376,88.67655181884766,721000
2016-05-10,94.26000213623048,95.27999877929688,93.91999816894533,95.0199966430664,89.58160400390625,538600
2016-05-11,94.62000274658205,94.62000274658205,92.16999816894533,92.4499969482422,87.15870666503906,1206600
2016-05-12,92.91000366210938,94.08000183105467,92.31999969482422,93.56999969482422,88.44419860839844,848300
2016-05-13,93.05999755859376,93.97000122070312,91.69000244140624,92.0,86.960205078125,677900
2016-05-16,92.0500030517578,93.98999786376952,91.4800033569336,93.56999969482422,88.44419860839844,709100
2016-05-17,93.2699966430664,94.0,91.38999938964844,91.91000366210938,86.87513732910156,769000
2016-05-18,91.68000030517578,91.98999786376952,90.77999877929688,91.55999755859376,86.5443115234375,1085400
2016-05-19,91.62000274658205,92.87000274658205,91.38999938964844,92.69000244140624,87.6124038696289,563700
2016-05-20,93.22000122070312,94.33000183105467,92.8000030517578,93.9000015258789,88.75613403320312,1039800
2016-05-23,93.91000366210938,94.41000366210938,93.18000030517578,93.25,88.14173126220703,465000
2016-05-24,93.51000213623048,95.31999969482422,93.41000366210938,94.97000122070312,89.76750183105469,570400
2016-05-25,94.5999984741211,95.63999938964844,94.51000213623048,95.12000274658205,89.9092788696289,507900
2016-05-26,95.56999969482422,96.06999969482422,94.23999786376952,95.73999786376952,90.49533081054688,718600
2016-05-27,96.18000030517578,96.79000091552734,96.0999984741211,96.75,91.4499969482422,552500
2016-05-31,96.58999633789062,97.0,95.4499969482422,96.0999984741211,90.83560180664062,789000
2016-06-01,96.06999969482422,96.70999908447266,95.87999725341795,96.56999969482422,91.27983856201172,629000
2016-06-02,96.76000213623048,96.86000061035156,95.7300033569336,96.6500015258789,91.35548400878906,604000
2016-06-03,96.2300033569336,96.55999755859376,94.31999969482422,95.13999938964844,89.92819213867188,1109600
2016-06-06,95.2699966430664,95.61000061035156,93.79000091552734,95.30999755859376,90.08887481689452,903200
2016-06-07,95.72000122070312,96.87000274658205,95.58999633789062,96.30999755859376,91.03411102294922,735200
2016-06-08,96.13999938964844,96.27999877929688,93.51000213623048,94.38999938964844,89.21926879882812,1525200
2016-06-09,94.01000213623048,94.1500015258789,93.38999938964844,93.83000183105467,88.68994903564453,1348700
2016-06-10,93.0199966430664,93.5199966430664,92.37999725341795,92.87000274658205,87.78255462646484,1138500
2016-06-13,92.86000061035156,93.0999984741211,91.06999969482422,91.2699966430664,86.27017974853516,1200200
2016-06-14,91.41999816894533,92.69000244140624,91.41999816894533,92.63999938964844,87.56513977050781,974300
2016-06-15,92.7300033569336,93.7300033569336,92.33000183105467,92.41000366210938,87.3477554321289,785700
2016-06-16,92.04000091552734,92.38999938964844,91.08000183105467,92.08999633789062,87.04529571533203,717400
2016-06-17,91.66999816894533,92.16999816894533,90.41000366210938,91.61000061035156,86.59156799316406,1309800
2016-06-20,92.48999786376952,93.98999786376952,92.45999908447266,92.52999877929688,87.46116638183594,781000
2016-06-21,92.95999908447266,93.22000122070312,92.02999877929688,92.19000244140624,87.13978576660156,510400
2016-06-22,92.16000366210938,93.5,92.01000213623048,92.19000244140624,87.13978576660156,694500
2016-06-23,93.12999725341795,93.58999633789062,92.51000213623048,93.54000091552734,88.41584777832031,585500
2016-06-24,90.02999877929688,93.30999755859376,89.81999969482422,91.80999755859376,86.78062438964844,1200100
2016-06-27,91.26000213623048,93.05999755859376,90.5,92.9000015258789,87.81090545654297,1438200
2016-06-28,93.48999786376952,94.20999908447266,93.08000183105467,94.16999816894533,89.01133728027344,1117200
2016-06-29,94.55999755859376,95.38999938964844,94.29000091552734,95.16999816894533,89.95655822753906,978000
2016-06-30,91.29000091552734,93.47000122070312,90.56999969482422,91.18000030517578,86.18512725830078,4069900
2016-07-01,91.33000183105467,93.02999877929688,90.6500015258789,92.47000122070312,87.40446472167969,1613800
2016-07-05,92.3000030517578,92.79000091552734,91.20999908447266,92.0199966430664,86.9791030883789,998400
2016-07-06,91.44000244140624,92.48999786376952,91.43000030517578,92.4000015258789,87.33829498291016,1004800
2016-07-07,92.4800033569336,92.75,91.6500015258789,92.29000091552734,87.23431396484375,564200
2016-07-08,92.79000091552734,93.91999816894533,92.3000030517578,93.69000244140624,88.55762481689453,919100
2016-07-11,93.7300033569336,94.55999755859376,93.26000213623048,93.31999969482422,88.20789337158203,998300
2016-07-12,93.45999908447266,94.18000030517578,93.41999816894533,93.81999969482422,88.68051147460938,823100
2016-07-13,94.1999969482422,94.62000274658205,93.0500030517578,93.33000183105467,88.21734619140625,645600
2016-07-14,93.91999816894533,94.12000274658205,92.68000030517578,92.8499984741211,87.76364135742188,918500
2016-07-15,93.41000366210938,93.41000366210938,91.87999725341795,91.98999786376952,86.95075225830078,1333600
2016-07-18,92.25,93.47000122070312,92.0,92.9800033569336,87.88653564453125,888500
2016-07-19,93.5,93.62000274658205,92.62000274658205,92.9800033569336,87.88653564453125,967800
2016-07-20,93.0999984741211,93.47000122070312,92.41000366210938,93.12999725341795,88.0282974243164,1160200
2016-07-21,90.11000061035156,91.0,88.54000091552734,89.73999786376953,84.82400512695312,3682700
2016-07-22,90.12000274658205,91.81999969482422,89.56999969482422,91.5199966430664,86.5064926147461,1754000
2016-07-25,91.41000366210938,91.9800033569336,91.01000213623048,91.22000122070312,86.22293853759766,958100
2016-07-26,91.41000366210938,91.98999786376952,90.3000030517578,90.47000122070312,85.51402282714844,974100
2016-07-27,90.38999938964844,90.75,89.30000305175781,89.94000244140625,85.01304626464844,690600
2016-07-28,89.69000244140625,91.63999938964844,89.13999938964844,91.37999725341795,86.37416076660156,1278200
2016-07-29,91.41999816894533,91.98999786376952,90.83999633789062,91.6500015258789,86.6293716430664,960900
2016-08-01,91.29000091552734,92.11000061035156,91.0999984741211,91.1999969482422,86.20403289794922,664500
2016-08-02,91.05999755859376,91.13999938964844,89.9800033569336,90.3000030517578,85.35333251953125,777000
2016-08-03,90.08999633789062,90.98999786376952,89.75,90.91000366210938,85.92992401123047,609500
2016-08-04,90.47000122070312,90.58999633789062,85.76000213623047,86.3499984741211,81.61970520019531,3421800
2016-08-05,86.55000305175781,87.56999969482422,86.5,87.06999969482422,82.3002700805664,1253500
2016-08-08,87.13999938964844,87.19999694824219,84.55999755859375,85.12000274658203,80.45708465576172,2283300
2016-08-09,85.12000274658203,86.80999755859375,84.73999786376953,85.73999786376953,81.04313659667969,1183400
2016-08-10,85.7300033569336,86.12000274658203,85.05000305175781,85.36000061035156,80.6839599609375,872300
2016-08-11,85.44999694824219,86.91000366210938,85.37000274658203,86.2300033569336,81.73609924316406,1122300
2016-08-12,85.77999877929688,86.81999969482422,85.66000366210938,86.44999694824219,81.94462585449219,1144700
2016-08-15,86.51000213623047,87.0999984741211,85.95999908447266,86.02999877929688,81.54651641845703,953300
2016-08-16,86.18000030517578,86.2699966430664,84.86000061035156,85.25,80.80716705322266,690200
2016-08-17,85.29000091552734,85.29000091552734,83.98999786376953,84.66999816894531,80.25740051269531,1206300
2016-08-18,84.79000091552734,85.63999938964844,84.5999984741211,85.26000213623047,80.816650390625,693300
2016-08-19,85.11000061035156,86.38999938964844,84.88999938964844,85.7300033569336,81.26215362548828,773500
2016-08-22,85.51000213623047,86.22000122070312,85.25,85.69999694824219,81.23371887207031,570500
2016-08-23,85.87000274658203,85.95999908447266,84.83000183105469,85.16999816894531,80.7313461303711,1339600
2016-08-24,85.30000305175781,85.58999633789062,84.19000244140625,84.33000183105469,79.93511962890625,1021000
2016-08-25,84.41999816894531,85.05000305175781,84.01000213623047,84.76000213623047,80.34271240234375,1070300
2016-08-26,84.7699966430664,85.19999694824219,84.13999938964844,84.5999984741211,80.19104766845703,1550400
2016-08-29,84.61000061035156,86.25,84.61000061035156,85.2699966430664,80.82613372802734,961100
2016-08-30,84.9000015258789,85.01000213623047,83.95999908447266,84.25,79.85928344726562,1080700
2016-08-31,84.18000030517578,84.72000122070312,83.5999984741211,83.94999694824219,79.5749282836914,1373600
2016-09-01,84.47000122070312,84.5199966430664,83.44999694824219,84.08000183105469,79.69815063476562,736800
2016-09-02,84.44000244140625,85.08999633789062,84.0199966430664,85.05999755859375,80.6270751953125,848900
2016-09-06,84.63999938964844,84.63999938964844,82.63999938964844,83.55000305175781,79.19576263427734,1820700
2016-09-07,83.31999969482422,83.73999786376953,83.0999984741211,83.52999877929688,79.17680358886719,1426600
2016-09-08,70.87000274658203,71.62999725341797,69.2699966430664,69.37999725341797,65.76422882080078,18172400
2016-09-09,69.16999816894531,69.5,68.12999725341797,68.41999816894531,64.85426330566406,5491100
2016-09-12,68.0199966430664,69.3499984741211,68.0199966430664,69.11000061035156,65.50831604003906,3096600
2016-09-13,68.55999755859375,69.5,68.05000305175781,69.29000091552734,65.67892456054688,2306500
2016-09-14,69.30000305175781,69.43000030517578,68.30999755859375,68.9000015258789,65.30926513671875,2291300
2016-09-15,68.93000030517578,69.47000122070312,68.52999877929688,69.05999755859375,65.46092224121094,1620300
2016-09-16,68.80999755859375,69.30999755859375,68.13999938964844,68.1500015258789,64.59834289550781,2125500
2016-09-19,68.26000213623047,68.30000305175781,67.5199966430664,67.54000091552734,64.0201416015625,1649700
2016-09-20,67.7699966430664,67.94999694824219,67.30000305175781,67.58000183105469,64.05805969238281,1736200
2016-09-21,68.12999725341797,68.12999725341797,66.7699966430664,67.7699966430664,64.23815155029297,1311300
2016-09-22,68.08999633789062,68.54000091552734,67.88999938964844,68.25,64.69313049316406,1614500
2016-09-23,67.80999755859375,68.6500015258789,67.7699966430664,68.36000061035156,64.79739379882812,1333800
2016-09-26,68.36000061035156,69.05999755859375,67.81999969482422,68.7699966430664,65.18601989746094,1900300
2016-09-27,68.87999725341797,69.45999908447266,68.87000274658203,68.98999786376953,65.39456176757812,1935300
2016-09-28,68.8499984741211,69.16000366210938,68.41000366210938,68.75,65.16706848144531,1275300
2016-09-29,68.52999877929688,69.33000183105469,68.22000122070312,68.23999786376953,64.68365478515625,1735800
2016-09-30,68.51000213623047,68.79000091552734,67.22000122070312,67.3499984741211,63.840030670166016,3242400
2016-10-03,67.0199966430664,67.33000183105469,66.43000030517578,67.02999877929688,63.53669738769531,2245800
2016-10-04,67.37999725341797,68.05999755859375,66.91999816894531,66.94999694824219,63.46087646484375,1471700
2016-10-05,67.30000305175781,67.75,67.13999938964844,67.23999786376953,63.73577117919922,1794100
2016-10-06,67.23999786376953,68.33999633789062,67.1500015258789,68.16000366210938,64.60781860351562,1502200
2016-10-07,68.12999725341797,68.4000015258789,67.56999969482422,67.87999725341797,64.3424072265625,1183500
2016-10-10,68.30000305175781,68.91999816894531,68.25,68.51000213623047,64.9395751953125,1498000
2016-10-11,68.19000244140625,68.77999877929688,67.80000305175781,68.26000213623047,64.70262908935547,2165100
2016-10-12,68.41000366210938,68.70999908447266,68.01000213623047,68.2699966430664,64.71208953857422,1627100
2016-10-13,68.02999877929688,68.19999694824219,67.2699966430664,67.37999725341797,63.868465423583984,1922500
2016-10-14,68.13999938964844,68.33999633789062,66.77999877929688,67.26000213623047,63.75474166870117,1802900
2016-10-17,67.2300033569336,67.4000015258789,65.38999938964844,65.54000091552734,62.12437057495117,2370700
2016-10-18,65.7300033569336,66.33999633789062,65.22000122070312,65.2699966430664,61.8684196472168,2260900
2016-10-19,65.58999633789062,67.38999938964844,65.47000122070312,67.37000274658203,63.8589973449707,2920800
2016-10-20,65.98999786376953,66.66000366210938,63.220001220703125,64.98999786376953,61.60301971435547,6081100
2016-10-21,64.7300033569336,65.19999694824219,63.709999084472656,64.93000030517578,61.54615020751953,2498400
2016-10-24,65.04000091552734,65.38999938964844,64.25,64.5,61.1385612487793,1665900
2016-10-25,64.20999908447266,64.2699966430664,62.77999877929688,63.13999938964844,59.84943389892578,1687200
2016-10-26,63.11000061035156,63.7400016784668,62.959999084472656,63.16999816894531,59.877872467041016,1021200
2016-10-27,63.22999954223633,63.45000076293945,61.84000015258789,62.06999969482422,58.83520126342773,1034800
2016-10-28,61.68000030517578,62.38999938964844,61.619998931884766,61.91999816894531,58.69301986694336,1099900
2016-10-31,61.95000076293945,62.77000045776367,61.5,62.630001068115234,59.36601638793945,1516300
2016-11-01,62.75,64.93000030517578,62.650001525878906,64.45999908447266,61.10064315795898,2662100
2016-11-02,64.54000091552734,65.98999786376953,64.54000091552734,65.6500015258789,62.22864532470703,2724800
2016-11-03,66.05000305175781,66.77999877929688,65.5199966430664,65.61000061035156,62.19071578979492,2489000
2016-11-04,65.8499984741211,67.06999969482422,65.37000274658203,65.44000244140625,62.029579162597656,2333200
2016-11-07,66.3499984741211,66.52999877929688,65.55999755859375,65.76000213623047,62.33289337158203,1617800
2016-11-08,65.80999755859375,65.98999786376953,64.98999786376953,65.7300033569336,62.30445861816406,1661800
2016-11-09,63.810001373291016,67.33999633789062,63.5099983215332,66.98999786376953,63.73149871826172,2395500
2016-11-10,67.4800033569336,68.88999938964844,67.30999755859375,68.66999816894531,65.32978057861328,2195800
2016-11-11,68.62999725341797,71.19999694824219,68.3499984741211,71.0999984741211,67.64159393310547,3288800
2016-11-14,71.55000305175781,72.80000305175781,70.79000091552734,72.05000305175781,68.54536437988281,3089100
2016-11-15,72.05000305175781,72.66000366210938,70.86000061035156,71.70999908447266,68.22190856933594,2469000
2016-11-16,71.25,72.22000122070312,71.0999984741211,72.11000061035156,68.60245513916016,1662400
2016-11-17,71.9000015258789,73.19000244140625,71.54000091552734,73.16000366210938,69.60137939453125,1531000
2016-11-18,72.88999938964844,73.38999938964844,72.04000091552734,72.91000366210938,69.3635482788086,1669800
2016-11-21,73.23999786376953,74.45999908447266,72.87999725341797,74.37999725341797,70.76204681396484,1811100
2016-11-22,74.55000305175781,75.31999969482422,74.19999694824219,74.37000274658203,70.75253295898438,2031500
2016-11-23,74.52999877929688,75.45999908447266,74.0,75.04000091552734,71.38993072509766,1357600
2016-11-25,75.11000061035156,75.19999694824219,74.5199966430664,74.61000061035156,70.98085021972656,364800
2016-11-28,74.5199966430664,75.4800033569336,74.5199966430664,74.91999816894531,71.2757797241211,1254000
2016-11-29,76.04000091552734,76.13999938964844,74.43000030517578,74.75,71.11404418945312,1499500
2016-11-30,74.9000015258789,75.36000061035156,74.61000061035156,75.06999969482422,71.41847229003906,1322700
2016-12-01,75.23999786376953,77.30999755859375,75.05999755859375,76.05000305175781,72.35078430175781,1718500
2016-12-02,76.2300033569336,77.12000274658203,75.5199966430664,75.58999633789062,71.91319274902344,1162600
2016-12-05,76.01000213623047,76.69999694824219,75.55000305175781,76.66000366210938,72.9311294555664,1688900
2016-12-06,76.66000366210938,76.75,75.72000122070312,76.33999633789062,72.62670135498047,968800
2016-12-07,76.33999633789062,77.4800033569336,75.93000030517578,77.38999938964844,73.62564086914062,1286600
2016-12-08,77.48999786376953,77.48999786376953,76.2699966430664,76.56999969482422,72.84550476074219,1733700
2016-12-09,76.72000122070312,77.76000213623047,76.02999877929688,77.44000244140625,73.6731948852539,1345700
2016-12-12,76.76000213623047,77.44000244140625,75.9800033569336,76.5199966430664,72.7979507446289,1622300
2016-12-13,76.08999633789062,77.20999908447266,75.69999694824219,76.72000122070312,72.98821258544922,1705500
2016-12-14,76.93000030517578,76.94000244140625,75.45999908447266,75.48999786376953,71.81803894042969,1707300
2016-12-15,75.73999786376953,76.79000091552734,75.22000122070312,76.25,72.54107666015625,1678600
2016-12-16,76.47000122070312,76.63999938964844,75.61000061035156,76.33999633789062,72.62670135498047,2492100
2016-12-19,76.25,77.0999984741211,76.02999877929688,76.5199966430664,72.7979507446289,913700
2016-12-20,76.5999984741211,78.12999725341797,76.2300033569336,78.11000061035156,74.31060028076172,1054600
2016-12-21,78.16999816894531,78.16999816894531,77.4800033569336,77.6500015258789,73.87298583984375,761400
2016-12-22,77.6500015258789,77.73999786376953,75.87000274658203,76.20999908447266,72.50302124023438,1074200
2016-12-23,76.37999725341797,76.94999694824219,76.02999877929688,76.12999725341797,72.42692565917969,574100
2016-12-27,76.44999694824219,77.16000366210938,76.08000183105469,76.52999877929688,72.80744171142578,587600
2016-12-28,76.5999984741211,76.87999725341797,75.54000091552734,75.7300033569336,72.0463638305664,517700
2016-12-29,75.86000061035156,76.5199966430664,75.56999969482422,76.0199966430664,72.322265625,722100
2016-12-30,76.26000213623047,76.7699966430664,75.36000061035156,75.80999755859375,72.12247467041016,570200
2017-01-03,76.9000015258789,77.25,75.7300033569336,75.9000015258789,72.2081069946289,1253300
2017-01-04,75.80999755859375,77.16000366210938,75.41000366210938,76.79000091552734,73.05480194091797,1415000
2017-01-05,76.33000183105469,77.12999725341797,74.94000244140625,75.62999725341797,71.95123291015625,1515000
2017-01-06,75.80999755859375,76.02999877929688,75.08000183105469,75.16000366210938,71.50410461425781,1464200
2017-01-09,75.20999908447266,75.62999725341797,74.68000030517578,75.37000274658203,71.70388793945312,877700
2017-01-10,75.19999694824219,76.83999633789062,75.12000274658203,76.3499984741211,72.63619995117188,962600
2017-01-11,76.58999633789062,76.94000244140625,75.66000366210938,76.5,72.77891540527344,715100
2017-01-12,76.5,76.66999816894531,75.31999969482422,75.94999694824219,72.25566864013672,607900
2017-01-13,77.12999725341797,77.37000274658203,75.88999938964844,76.05000305175781,72.35078430175781,1299100
2017-01-17,76.02999877929688,78.25,76.02999877929688,77.36000061035156,73.59708404541016,1062300
2017-01-18,77.36000061035156,77.73999786376953,75.6500015258789,76.41000366210938,72.69331359863281,1154700
2017-01-19,76.19000244140625,76.72000122070312,74.26000213623047,74.79000091552734,71.152099609375,1465500
2017-01-20,75.0,75.3499984741211,74.26000213623047,75.22000122070312,71.56118774414062,1265700
2017-01-23,74.8499984741211,75.13999938964844,74.05000305175781,74.70999908447266,71.07598876953125,1089900
2017-01-24,75.0,75.27999877929688,74.11000061035156,75.16000366210938,71.50410461425781,1650000
2017-01-25,75.66000366210938,76.12000274658203,74.37999725341797,75.2300033569336,71.57069396972656,1172000
2017-01-26,75.2699966430664,75.80999755859375,74.45999908447266,74.98999786376953,71.34237670898438,899800
2017-01-27,75.18000030517578,75.19000244140625,74.0999984741211,74.36000061035156,70.7430191040039,853500
2017-01-30,74.19999694824219,74.55000305175781,73.2699966430664,74.4800033569336,70.857177734375,1715500
2017-01-31,74.12999725341797,74.38999938964844,72.70999908447266,73.66999816894531,70.08657836914062,2112100
2017-02-01,73.2699966430664,74.05999755859375,71.61000061035156,72.37000274658203,68.84981536865234,4076800
2017-02-02,75.12000274658203,76.0,73.0199966430664,73.70999908447266,70.12462615966797,6506600
2017-02-03,73.45999908447266,73.75,72.0,73.27999877929688,69.71553802490234,2283600
2017-02-06,73.16999816894531,73.93000030517578,72.54000091552734,73.27999877929688,69.71553802490234,1459400
2017-02-07,73.3499984741211,73.91000366210938,72.80999755859375,73.18000030517578,69.62039184570312,1254400
2017-02-08,73.12999725341797,73.66000366210938,72.01000213623047,73.02999877929688,69.47770690917969,2955100
2017-02-09,73.0,74.1500015258789,72.55999755859375,73.54000091552734,69.9629135131836,3385300
2017-02-10,73.56999969482422,74.62000274658203,73.31999969482422,74.25,70.63836669921875,1593400
2017-02-13,74.4800033569336,74.55000305175781,73.05999755859375,73.16000366210938,69.60137939453125,1049800
2017-02-14,73.13999938964844,73.69000244140625,73.11000061035156,73.4000015258789,69.8297119140625,895000
2017-02-15,73.36000061035156,73.66999816894531,72.6500015258789,72.7300033569336,69.19229888916016,1892400
2017-02-16,72.87999725341797,73.05999755859375,70.48999786376953,70.8499984741211,67.40373229980469,3179800
2017-02-17,70.80000305175781,72.29000091552734,70.48999786376953,72.18000030517578,68.6690444946289,3440200
2017-02-21,72.9000015258789,73.0,71.61000061035156,72.91999816894531,69.373046875,2529800
2017-02-22,73.0,73.43000030517578,72.2300033569336,72.30000305175781,68.783203125,1561800
2017-02-23,72.5,72.86000061035156,70.91000366210938,71.0,67.77140808105469,1636600
2017-02-24,71.37000274658203,71.9000015258789,70.72000122070312,71.16999816894531,67.93368530273438,2849400
2017-02-27,71.2300033569336,72.26000213623047,70.52999877929688,71.31999969482422,68.07686614990234,2697000
2017-02-28,71.36000061035156,71.73999786376953,70.12000274658203,70.91000366210938,67.6855239868164,2128400
2017-03-01,71.66999816894531,72.27999877929688,71.02999877929688,71.91999816894531,68.64958190917969,2517600
2017-03-02,72.01000213623047,73.0,71.77999877929688,72.58999633789062,69.28911590576172,2209300
2017-03-03,72.4000015258789,72.52999877929688,71.63999938964844,72.38999938964844,69.09820556640625,1501600
2017-03-06,72.38999938964844,72.38999938964844,71.08000183105469,71.77999877929688,68.51594543457031,1522000
2017-03-07,71.58000183105469,71.87000274658203,71.26000213623047,71.43000030517578,68.18186950683594,1067700
2017-03-08,71.55000305175781,73.08000183105469,71.4000015258789,72.69999694824219,69.39411163330078,1448100
2017-03-09,72.58999633789062,72.77999877929688,71.94999694824219,71.97000122070312,68.69731140136719,1597400
2017-03-10,72.0199966430664,72.62999725341797,71.88999938964844,72.51000213623047,69.2127456665039,1066100
2017-03-13,72.51000213623047,72.76000213623047,70.22000122070312,71.69999694824219,68.43959045410156,2330000
2017-03-14,70.80999755859375,72.26000213623047,70.80999755859375,71.73999786376953,68.47775268554688,1312200
2017-03-15,72.18000030517578,72.52999877929688,71.41999816894531,72.26000213623047,68.97411346435547,1509400
2017-03-16,72.25,73.12999725341797,71.83000183105469,71.91000366210938,68.64002990722656,1822200
2017-03-17,72.41999816894531,72.86000061035156,71.19000244140625,71.37000274658203,68.12460327148438,2148500
2017-03-20,71.29000091552734,71.61000061035156,70.4800033569336,70.91999816894531,67.69503784179688,1994900
2017-03-21,70.9800033569336,71.16999816894531,68.08000183105469,68.16999816894531,65.07010650634766,3916800
2017-03-22,68.0999984741211,68.91000366210938,67.7300033569336,68.77999877929688,65.65238189697266,1700700
2017-03-23,69.1500015258789,69.63999938964844,68.75,69.30000305175781,66.14871978759766,1373500
2017-03-24,69.30000305175781,69.75,68.9000015258789,69.0199966430664,65.8814468383789,1504500
2017-03-27,68.5199966430664,68.98999786376953,68.18000030517578,68.41999816894531,65.3087387084961,1724400
2017-03-28,68.33000183105469,68.55000305175781,67.69999694824219,67.97000122070312,64.87918853759766,2083100
2017-03-29,68.0199966430664,68.70999908447266,67.7699966430664,68.47000122070312,65.35646057128906,1592400
2017-03-30,68.37999725341797,68.81999969482422,68.19999694824219,68.6500015258789,65.52827453613281,1074100
2017-03-31,68.54000091552734,69.2699966430664,68.5,68.97000122070312,65.83373260498047,1159300
2017-04-03,68.93000030517578,69.25,68.08999633789062,68.18000030517578,65.07963562011719,2117300
2017-04-04,67.98999786376953,69.2300033569336,67.54000091552734,68.98999786376953,65.85281372070312,2920300
2017-04-05,69.19000244140625,69.97000122070312,68.19999694824219,68.25,65.14646911621094,2063100
2017-04-06,68.47000122070312,69.91000366210938,68.27999877929688,69.52999877929688,66.3682632446289,2452800
2017-04-07,69.5199966430664,70.11000061035156,69.20999908447266,69.94000244140625,66.75962829589844,1515700
2017-04-10,70.0,71.52999877929688,69.94000244140625,70.41000366210938,67.208251953125,3230900
2017-04-11,70.16999816894531,71.41999816894531,69.44000244140625,70.47000122070312,67.26551055908203,1694700
2017-04-12,67.11000061035156,67.4000015258789,64.56999969482422,64.61000061035156,61.67198944091797,9102400
2017-04-13,64.3499984741211,65.29000091552734,63.5099983215332,63.540000915527344,60.65064239501953,3469900
2017-04-17,63.86000061035156,63.970001220703125,63.060001373291016,63.54999923706055,60.66019058227539,2322000
2017-04-18,63.52999877929688,64.4000015258789,63.22999954223633,63.709999084472656,60.81291198730469,2174200
2017-04-19,63.810001373291016,64.43000030517578,63.7599983215332,64.05000305175781,61.1374626159668,1644400
2017-04-20,64.45999908447266,65.27999877929688,64.45999908447266,64.91000366210938,61.95835113525391,1997600
2017-04-21,65.19000244140625,65.69999694824219,64.97000122070312,65.5999984741211,62.61697006225586,2076700
2017-04-24,66.16000366210938,67.0,65.5199966430664,65.55999755859375,62.57877731323242,2398300
2017-04-25,65.5,65.56999969482422,64.61000061035156,64.95999908447266,62.00606918334961,2031400
2017-04-26,65.2699966430664,65.7699966430664,65.12999725341797,65.30000305175781,62.33060836791992,2446700
2017-04-27,64.2300033569336,64.48999786376953,61.119998931884766,62.16999816894531,59.34293746948242,6485800
2017-04-28,62.22999954223633,62.29999923706055,61.369998931884766,61.90999984741211,59.094764709472656,3230300
2017-05-01,62.13999938964844,62.13999938964844,61.130001068115234,61.400001525878906,58.60795593261719,1880900
2017-05-02,61.34999847412109,62.650001525878906,61.220001220703125,62.63999938964844,59.79156494140625,2442300
2017-05-03,62.47999954223633,63.13999938964844,62.08000183105469,62.59999847412109,59.75338745117188,2336400
2017-05-04,62.0,62.18000030517578,61.060001373291016,61.540000915527344,58.7415885925293,2679600
2017-05-05,61.900001525878906,61.97999954223633,61.290000915527344,61.95000076293945,59.1329460144043,1361700
2017-05-08,62.34000015258789,62.34999847412109,61.400001525878906,61.65999984741211,58.85613632202149,1477100
2017-05-09,61.83000183105469,61.95000076293945,61.36000061035156,61.84000015258789,59.02794647216797,1273100
2017-05-10,61.93000030517578,61.93000030517578,60.869998931884766,60.95000076293945,58.17841339111328,1509600
2017-05-11,60.709999084472656,60.91999816894531,59.79999923706055,60.2599983215332,57.51979446411133,1690900
2017-05-12,60.060001373291016,60.18999862670898,59.45000076293945,60.06999969482422,57.33843994140625,1654100
2017-05-15,60.27999877929688,60.63999938964844,59.209999084472656,59.25,56.55572891235352,2031200
2017-05-16,59.52000045776367,59.59999847412109,58.45000076293945,58.68999862670898,56.02118682861328,1617900
2017-05-17,58.34000015258789,59.11000061035156,57.720001220703125,57.72999954223633,55.10483932495117,2053800
2017-05-18,57.56999969482422,58.380001068115234,57.470001220703125,57.970001220703125,55.593936920166016,1952400
2017-05-19,58.06999969482422,58.43000030517578,57.41999816894531,57.56999969482422,55.210330963134766,2364500
2017-05-22,57.61000061035156,57.720001220703125,56.22999954223633,56.29999923706055,53.99238586425781,2278700
2017-05-23,56.34999847412109,56.40999984741211,54.09000015258789,54.290000915527344,52.06476593017578,4363700
2017-05-24,54.5,54.54999923706055,52.84999847412109,53.119998931884766,50.94272613525391,3057400
2017-05-25,53.20000076293945,54.810001373291016,53.18000030517578,54.380001068115234,52.15109252929688,2723100
2017-05-26,54.58000183105469,55.130001068115234,54.0099983215332,54.880001068115234,52.63059616088867,2647600
2017-05-30,54.66999816894531,55.29999923706055,54.540000915527344,54.81999969482422,52.57304763793945,2636000
2017-05-31,54.91999816894531,55.16999816894531,53.93000030517578,55.150001525878906,52.8895263671875,2204200
2017-06-01,55.369998931884766,56.18000030517578,54.97999954223633,56.11000061035156,53.81017303466797,2704400
2017-06-02,55.790000915527344,56.13999938964844,54.720001220703125,55.61000061035156,53.33066940307617,2668500
2017-06-05,55.720001220703125,56.18999862670898,55.04999923706055,55.900001525878906,53.60879135131836,2829200
2017-06-06,55.59000015258789,55.81999969482422,54.7599983215332,55.02000045776367,52.76485061645508,2267300
2017-06-07,55.02999877929688,55.79999923706055,54.290000915527344,54.4900016784668,52.25657272338867,2852900
2017-06-08,54.75,56.63999938964844,54.290000915527344,54.43999862670898,52.208621978759766,3950600
2017-06-09,54.68999862670898,57.470001220703125,54.27000045776367,57.02000045776367,54.68287658691406,3529500
2017-06-12,57.08000183105469,59.290000915527344,57.060001373291016,57.720001220703125,55.35418319702149,3654800
2017-06-13,57.560001373291016,58.2400016784668,56.59000015258789,57.150001525878906,54.80755233764648,2377000
2017-06-14,57.2599983215332,57.75,55.77000045776367,56.119998931884766,53.81975936889648,2287200
2017-06-15,56.04999923706055,56.36000061035156,55.16999816894531,55.83000183105469,53.54165649414063,1572300
2017-06-16,55.58000183105469,55.68000030517578,54.52000045776367,55.470001220703125,53.19640350341797,3242100
2017-06-19,55.709999084472656,56.08000183105469,54.970001220703125,55.630001068115234,53.349857330322266,2050800
2017-06-20,55.68999862670898,55.84999847412109,53.59000015258789,53.63999938964844,51.4414176940918,2515700
2017-06-21,53.65999984741211,53.9900016784668,52.77999877929688,52.81999969482422,50.65502548217773,1790000
2017-06-22,52.86000061035156,53.119998931884766,52.47999954223633,52.52999877929688,50.376914978027344,2227500
2017-06-23,52.52999877929688,52.869998931884766,52.11000061035156,52.650001525878906,50.49199295043945,2716800
2017-06-26,52.650001525878906,53.08000183105469,52.09000015258789,52.84999847412109,50.68379974365234,1891600
2017-06-27,52.84999847412109,54.20000076293945,52.790000915527344,53.7599983215332,51.556488037109375,1840700
2017-06-28,53.970001220703125,54.29999923706055,53.09999847412109,53.130001068115234,50.95231628417969,1385700
2017-06-29,53.130001068115234,53.84000015258789,52.91999816894531,53.08000183105469,50.90437316894531,1351400
2017-06-30,53.459999084472656,54.40999984741211,53.02999877929688,54.209999084472656,51.98805618286133,1541400
2017-07-03,54.68000030517578,55.38999938964844,54.45000076293945,54.959999084472656,52.70730972290039,1098200
2017-07-05,54.83000183105469,55.20000076293945,52.970001220703125,53.0,50.82764434814453,2824900
2017-07-06,52.970001220703125,53.13999938964844,51.43000030517578,51.5,49.38912963867188,3083500
2017-07-07,51.52000045776367,51.810001373291016,50.91999816894531,51.060001373291016,48.96715927124024,3382600
2017-07-10,51.0,51.380001068115234,50.58000183105469,50.65999984741211,48.58355712890625,2536600
2017-07-11,50.52000045776367,50.61000061035156,49.880001068115234,50.04999923706055,47.99856185913086,2386300
2017-07-12,50.310001373291016,50.72999954223633,49.869998931884766,49.9900016784668,47.94102478027344,2487200
2017-07-13,50.290000915527344,50.869998931884766,49.9900016784668,50.34999847412109,48.2862663269043,4136600
2017-07-14,50.59999847412109,52.20000076293945,50.470001220703125,51.52000045776367,49.4083137512207,3076800
2017-07-17,51.540000915527344,53.18000030517578,51.43000030517578,52.27999877929688,50.13715744018555,3041200
2017-07-18,52.290000915527344,52.45000076293945,51.380001068115234,51.810001373291016,49.68642044067383,1586700
2017-07-19,52.02999877929688,52.83000183105469,51.52000045776367,51.84000015258789,49.71519088745117,1771900
2017-07-20,51.70000076293945,52.68999862670898,51.290000915527344,52.02999877929688,49.897403717041016,2204900
2017-07-21,51.91999816894531,52.7599983215332,51.84000015258789,52.61000061035156,50.45363235473633,2414000
2017-07-24,52.56999969482422,52.56999969482422,51.36000061035156,51.52000045776367,49.4083137512207,2049000
2017-07-25,51.7599983215332,53.79999923706055,51.7599983215332,53.52999877929688,51.33591842651367,2687900
2017-07-26,53.540000915527344,54.0099983215332,52.83000183105469,53.400001525878906,51.21124649047852,3385800
2017-07-27,54.0,58.34999847412109,53.65999984741211,57.52999877929688,55.17197036743164,9372500
2017-07-28,57.2599983215332,57.75,56.22999954223633,56.619998931884766,54.29927062988281,3377300
2017-07-31,56.77000045776367,56.9900016784668,56.040000915527344,56.119998931884766,53.81975936889648,1802800
2017-08-01,56.400001525878906,56.400001525878906,55.16999816894531,56.18999862670898,53.88688659667969,2422800
2017-08-02,55.880001068115234,56.18999862670898,55.4900016784668,55.68000030517578,53.39780044555664,1421300
2017-08-03,55.33000183105469,56.119998931884766,54.9900016784668,55.5099983215332,53.23476409912109,1911100
2017-08-04,55.70000076293945,57.18999862670898,55.52999877929688,56.9900016784668,54.65410232543945,1752500
2017-08-07,56.93000030517578,57.150001525878906,56.04999923706055,56.61000061035156,54.28968048095703,1979200
2017-08-08,56.52000045776367,56.959999084472656,55.470001220703125,55.72999954223633,53.44574737548828,1594000
2017-08-09,55.459999084472656,55.63999938964844,54.720001220703125,55.4900016784668,53.21559524536133,1749900
2017-08-10,55.27000045776367,55.27000045776367,53.08000183105469,53.18999862670898,51.009857177734375,2415200
2017-08-11,53.209999084472656,53.7599983215332,52.630001068115234,53.4900016784668,51.29756546020508,1613200
2017-08-14,53.79999923706055,54.45000076293945,53.27000045776367,54.02999877929688,51.8154296875,1690400
2017-08-15,54.18000030517578,54.18000030517578,51.84999847412109,52.59000015258789,50.434452056884766,2551500
2017-08-16,52.86000061035156,53.86000061035156,52.810001373291016,53.72999954223633,51.52772521972656,1703500
2017-08-17,53.369998931884766,55.34000015258789,52.81999969482422,54.91999816894531,52.93495178222656,3157200
2017-08-18,54.5,54.86000061035156,53.91999816894531,54.70000076293945,52.722904205322266,3048300
2017-08-21,54.65999984741211,55.2400016784668,54.20000076293945,54.7599983215332,52.78073501586914,1713800
2017-08-22,55.0099983215332,56.18999862670898,54.91999816894531,56.16999816894531,54.139774322509766,2515600
2017-08-23,56.0,57.2400016784668,55.93000030517578,57.040000915527344,54.97834014892578,4374700
2017-08-24,57.5099983215332,58.720001220703125,57.31999969482422,57.68999862670898,55.60483932495117,3334600
2017-08-25,57.86000061035156,60.02999877929688,57.810001373291016,59.58000183105469,57.4265251159668,3487100
2017-08-28,59.709999084472656,59.79999923706055,58.790000915527344,58.959999084472656,56.82893753051758,2057600
2017-08-29,58.47999954223633,58.77999877929688,58.09999847412109,58.7599983215332,56.63615798950195,1391700
2017-08-30,58.70000076293945,59.20000076293945,58.459999084472656,58.95000076293945,56.81929397583008,1339300
2017-08-31,59.47999954223633,60.150001525878906,59.25,59.5099983215332,57.35905838012695,2288400
2017-09-01,59.75,59.79999923706055,59.13999938964844,59.540000915527344,57.38797378540039,2176400
2017-09-05,59.81999969482422,59.9900016784668,59.0,59.380001068115234,57.2337532043457,2070400
2017-09-06,59.34999847412109,60.75,59.060001373291016,60.02000045776367,57.850616455078125,2438400
2017-09-07,60.400001525878906,60.9900016784668,60.08000183105469,60.93999862670898,58.73736953735352,2090600
2017-09-08,60.79999923706055,60.900001525878906,59.63999938964844,60.310001373291016,58.1301383972168,2880900
2017-09-11,60.56999969482422,60.959999084472656,60.31999969482422,60.93000030517578,58.72773361206055,2332900
2017-09-12,60.93000030517578,61.72999954223633,60.650001525878906,61.70000076293945,59.46990203857422,1417000
2017-09-13,61.61000061035156,62.52000045776367,61.540000915527344,62.400001525878906,60.14459609985352,1983500
2017-09-14,62.34999847412109,62.52000045776367,61.97999954223633,62.5,60.24098587036133,1697600
2017-09-15,62.75,63.18999862670898,62.29999923706055,63.15999984741211,60.87712478637695,2119500
2017-09-18,63.209999084472656,63.380001068115234,61.2599983215332,61.34999847412109,59.132545471191406,2368200
2017-09-19,61.47999954223633,61.68999862670898,60.65999984741211,61.25,59.036163330078125,1612500
2017-09-20,60.959999084472656,61.220001220703125,59.91999816894531,60.61000061035156,58.41929626464844,2033100
2017-09-21,60.7400016784668,61.02000045776367,60.06999969482422,60.75,58.554237365722656,1479400
2017-09-22,60.65999984741211,61.65999984741211,60.5099983215332,61.119998931884766,58.91086196899414,2068000
2017-09-25,61.18000030517578,63.09999847412109,61.09000015258789,62.84000015258789,60.56869125366211,2123600
2017-09-26,62.90999984741211,63.34000015258789,62.27000045776367,62.84999847412109,60.57832717895508,1124200
2017-09-27,63.060001373291016,63.27999877929688,62.119998931884766,62.90999984741211,60.63616561889648,1327500
2017-09-28,62.93000030517578,63.400001525878906,62.56999969482422,63.11000061035156,60.82893371582031,1192800
2017-09-29,63.06999969482422,63.33000183105469,62.619998931884766,63.290000915527344,61.00242614746094,1023300
2017-10-02,61.9900016784668,63.060001373291016,61.68000030517578,62.9900016784668,60.7132682800293,1733400
2017-10-03,63.18000030517578,63.459999084472656,62.869998931884766,63.18999862670898,60.90604019165039,931000
2017-10-04,63.13999938964844,63.47999954223633,62.09000015258789,62.18999862670898,59.94218063354492,1013600
2017-10-05,62.09999847412109,62.470001220703125,61.40999984741211,62.45000076293945,60.19279098510742,1437400
2017-10-06,62.29999923706055,62.41999816894531,60.880001068115234,61.04999923706055,58.84339141845703,1946300
2017-10-09,61.09999847412109,61.27000045776367,59.93000030517578,60.220001220703125,58.04339218139648,1392100
2017-10-10,60.31999969482422,60.97999954223633,60.150001525878906,60.29999923706055,58.12049865722656,1278200
2017-10-11,60.20000076293945,60.7400016784668,59.34999847412109,59.43000030517578,57.28195190429688,2062400
2017-10-12,60.400001525878906,60.400001525878906,57.59000015258789,58.20000076293945,56.09639739990234,3094400
2017-10-13,58.459999084472656,59.36000061035156,57.59999847412109,58.81999969482422,56.693992614746094,2262800
2017-10-16,58.790000915527344,59.0099983215332,58.25,58.63999938964844,56.52050018310547,1437900
2017-10-17,58.56999969482422,59.5,58.560001373291016,59.09999847412109,56.96387100219727,2118300
2017-10-18,59.09999847412109,60.02000045776367,58.380001068115234,58.68000030517578,56.55905151367188,1604100
2017-10-19,58.560001373291016,58.880001068115234,58.04999923706055,58.43000030517578,56.31808471679688,1716800
2017-10-20,58.56999969482422,59.11000061035156,58.31999969482422,58.88999938964844,56.76145935058594,1934000
2017-10-23,58.7400016784668,59.4900016784668,58.369998931884766,58.43000030517578,56.31808471679688,2070800
2017-10-24,58.380001068115234,58.459999084472656,57.25,58.29999923706055,56.19278717041016,3014500
2017-10-25,58.470001220703125,58.77000045776367,57.45000076293945,57.91999816894531,55.82651901245117,4453600
2017-10-26,54.900001525878906,57.54999923706055,54.7599983215332,57.34999847412109,55.277122497558594,7657300
2017-10-27,57.09999847412109,58.4900016784668,56.27000045776367,58.2599983215332,56.15423202514648,3585300
2017-10-30,58.27000045776367,60.68000030517578,57.88999938964844,60.4900016784668,58.30363464355469,3429400
2017-10-31,60.72999954223633,61.0,59.2599983215332,60.2599983215332,58.08194732666016,2939500
2017-11-01,60.400001525878906,60.61000061035156,59.18000030517578,59.27999877929688,57.13737106323242,1592800
2017-11-02,59.34000015258789,59.91999816894531,58.5,59.65999984741211,57.50363159179688,1961600
2017-11-03,57.900001525878906,60.20000076293945,57.900001525878906,58.970001220703125,56.83857345581055,1873400
2017-11-06,59.11000061035156,59.79999923706055,59.0099983215332,59.619998931884766,57.46507263183594,1550700
2017-11-07,59.5,59.65999984741211,58.68999862670898,59.13999938964844,57.00242614746094,949100
2017-11-08,59.15999984741211,60.83000183105469,59.060001373291016,60.63999938964844,58.44820785522461,1933600
2017-11-09,60.27000045776367,62.15999984741211,60.16999816894531,61.880001068115234,59.64339065551758,1589400
2017-11-10,61.65999984741211,63.36000061035156,61.560001373291016,62.66999816894531,60.40483856201172,3016000
2017-11-13,62.45000076293945,62.959999084472656,61.290000915527344,61.33000183105469,59.1132698059082,1439800
2017-11-14,60.93000030517578,62.13999938964844,60.77000045776367,61.650001525878906,59.42170715332031,1381900
2017-11-15,61.70000076293945,63.2400016784668,61.11000061035156,62.84000015258789,60.56869125366211,2062200
2017-11-16,63.13999938964844,64.16000366210938,62.79999923706055,63.29999923706055,61.01206588745117,2190700
2017-11-17,63.43000030517578,64.5999984741211,63.130001068115234,64.5,62.43500518798828,1958200
2017-11-20,64.80000305175781,65.79000091552734,64.63999938964844,65.7300033569336,63.625633239746094,2231100
2017-11-21,65.79000091552734,65.80000305175781,63.93999862670898,64.87000274658203,62.79316329956055,2113800
2017-11-22,64.91000366210938,65.7699966430664,64.38999938964844,64.72000122070312,62.64796447753906,1484300
2017-11-24,64.5999984741211,64.72000122070312,64.12000274658203,64.29000091552734,62.23173141479492,543500
2017-11-27,64.56999969482422,65.05000305175781,64.0,64.72000122070312,62.64796447753906,1583300
2017-11-28,64.7300033569336,67.80999755859375,64.44999694824219,67.75,65.58096313476562,2199300
2017-11-29,67.72000122070312,69.95999908447266,67.5,69.36000061035156,67.13939666748047,3240800
2017-11-30,69.58000183105469,70.61000061035156,68.22000122070312,68.23999786376953,66.05524444580078,2490100
2017-12-01,68.52999877929688,69.18000030517578,67.2300033569336,68.16000366210938,65.97782897949219,2647300
2017-12-04,68.62000274658203,69.41999816894531,68.08999633789062,68.2699966430664,66.08430480957031,4821900
2017-12-05,68.7699966430664,69.43000030517578,68.08999633789062,68.75,66.54894256591797,3461000
2017-12-06,68.88999938964844,69.26000213623047,66.94999694824219,67.01000213623047,64.8646469116211,1513900
2017-12-07,66.97000122070312,67.37999725341797,66.16999816894531,66.4800033569336,64.35162353515625,1906900
2017-12-08,66.8499984741211,67.83000183105469,66.2699966430664,67.66000366210938,65.49382781982422,1899200
2017-12-11,68.30000305175781,68.36000061035156,66.62999725341797,67.1500015258789,65.00016784667969,1689300
2017-12-12,67.0,68.0,66.61000061035156,67.83999633789062,65.66806030273438,1160200
2017-12-13,67.77999877929688,68.55999755859375,67.52999877929688,67.91999816894531,65.74551391601562,1686900
2017-12-14,68.08000183105469,68.41000366210938,66.73999786376953,66.77999877929688,64.64201354980469,1464000
2017-12-15,67.29000091552734,68.73999786376953,66.88999938964844,68.41999816894531,66.22950744628906,6084600
2017-12-18,68.58999633789062,69.5,68.44999694824219,69.19999694824219,66.98453521728516,1558500
2017-12-19,69.1500015258789,70.5999984741211,68.44000244140625,70.5,68.24291229248047,2290400
2017-12-20,71.08999633789062,73.2300033569336,70.91999816894531,72.97000122070312,70.63384246826172,3023300
2017-12-21,72.98999786376953,74.52999877929688,72.6500015258789,74.38999938964844,72.00837707519531,2046000
2017-12-22,74.47000122070312,74.62000274658203,73.5,74.4800033569336,72.09549713134766,1153500
2017-12-26,74.58999633789062,75.63999938964844,74.44999694824219,75.30000305175781,72.88925170898438,1107300
2017-12-27,75.48999786376953,75.5,74.81999969482422,74.87999725341797,72.4826889038086,864300
2017-12-28,75.12000274658203,75.16000366210938,74.5199966430664,75.08000183105469,72.67628479003906,611600
2017-12-29,75.0,75.22000122070312,74.58000183105469,74.75,72.35684967041016,731000
2018-01-02,75.3499984741211,76.7300033569336,75.01000213623047,75.68000030517578,73.25707244873047,1590000
2018-01-03,75.83999633789062,76.36000061035156,75.44000244140625,76.25,73.80883026123047,786100
2018-01-04,76.51000213623047,77.72000122070312,76.08999633789062,77.62000274658203,75.13496398925781,1225700
2018-01-05,77.88999938964844,79.52999877929688,77.69000244140625,79.44000244140625,76.89669799804688,2160100
2018-01-08,79.16999816894531,79.72000122070312,78.70999908447266,79.25,76.71276092529297,1409700
2018-01-09,79.44999694824219,79.58999633789062,78.7699966430664,79.48999786376953,76.94509887695312,1116600
2018-01-10,79.11000061035156,79.30999755859375,78.16000366210938,78.52999877929688,76.01582336425781,1432400
2018-01-11,77.97000122070312,78.54000091552734,75.88999938964844,78.48999786376953,75.97710418701172,2973600
2018-01-12,78.54000091552734,79.8499984741211,78.44999694824219,79.61000061035156,77.0612564086914,2099400
2018-01-16,79.97000122070312,80.93000030517578,78.41999816894531,79.18000030517578,76.64501953125,1407900
2018-01-17,79.77999877929688,81.11000061035156,79.4800033569336,80.58000183105469,78.00019836425781,1081900
2018-01-18,80.56999969482422,81.19000244140625,80.26000213623047,80.9000015258789,78.30995178222656,987600
2018-01-19,81.23999786376953,82.44000244140625,81.02999877929688,82.38999938964844,79.75225067138672,1122000
2018-01-22,82.55000305175781,82.68000030517578,81.41999816894531,81.94000244140625,79.31665802001953,1348800
2018-01-23,81.87999725341797,82.12999725341797,80.79000091552734,81.04000091552734,78.44547271728516,2535600
2018-01-24,81.0,81.1500015258789,79.83000183105469,80.68000030517578,78.09700012207031,2589800
2018-01-25,78.81999969482422,79.19999694824219,76.44999694824219,78.1500015258789,75.64799499511719,2461400
2018-01-26,78.48999786376953,79.22000122070312,78.27999877929688,79.0999984741211,76.56757354736328,2113000
2018-01-29,78.8499984741211,79.38999938964844,78.22000122070312,79.0999984741211,76.56757354736328,1803400
2018-01-30,78.51000213623047,79.2300033569336,78.0199966430664,78.05999755859375,75.56086730957031,1408700
2018-01-31,78.08000183105469,78.6500015258789,75.81999969482422,76.25,73.80883026123047,2873600
2018-02-01,72.0,72.30000305175781,69.30000305175781,71.44000244140625,69.15281677246094,7952100
2018-02-02,70.13999938964844,70.83999633789062,67.58000183105469,67.87999725341797,65.70679473876953,4546800
2018-02-05,67.70999908447266,68.22000122070312,65.62000274658203,65.6500015258789,63.54819869995117,3284800
2018-02-06,65.08000183105469,68.20999908447266,63.650001525878906,67.27999877929688,65.1259994506836,3808000
2018-02-07,67.0999984741211,68.0,66.87999725341797,67.37000274658203,65.213134765625,2375700
2018-02-08,67.52999877929688,67.97000122070312,65.93000030517578,65.94000244140625,63.82890319824219,2161000
2018-02-09,66.29000091552734,67.0,63.81999969482422,66.5,64.37098693847656,2560900
2018-02-12,66.8499984741211,67.62000274658203,65.62000274658203,66.66999816894531,64.53553009033203,1768100
2018-02-13,66.56999969482422,66.79000091552734,65.08999633789062,66.16000366210938,64.04185485839844,1471900
2018-02-14,65.87000274658203,68.22000122070312,65.62000274658203,68.0,65.82295989990234,1445100
2018-02-15,68.48999786376953,70.56999969482422,68.0,69.13999938964844,66.92646026611328,2093600
2018-02-16,68.94000244140625,69.33999633789062,66.44000244140625,67.31999969482422,65.16471862792969,1911200
2018-02-20,66.63999938964844,68.33999633789062,66.43000030517578,67.22000122070312,65.06793212890625,1507900
2018-02-21,67.47000122070312,68.47000122070312,66.22000122070312,66.30000305175781,64.17739868164062,1611400
2018-02-22,66.44999694824219,66.83000183105469,65.5199966430664,65.79000091552734,63.68370056152344,1492600
2018-02-23,65.97000122070312,66.43000030517578,65.19000244140625,65.86000061035156,64.0141830444336,1352100
2018-02-26,66.22000122070312,66.51000213623047,64.58000183105469,64.86000061035156,63.04220199584961,1694700
2018-02-27,65.33999633789062,66.68000030517578,64.98999786376953,65.02999877929688,63.20743942260742,1766500
2018-02-28,65.23999786376953,65.43000030517578,64.44000244140625,64.93000030517578,63.11025238037109,1709200
2018-03-01,64.80000305175781,64.95999908447266,63.43000030517578,63.86000061035156,62.07022857666016,1594800
2018-03-02,63.2400016784668,64.5,62.61000061035156,64.22000122070312,62.42013931274414,2097800
2018-03-05,64.55000305175781,64.93000030517578,63.880001068115234,64.41999816894531,62.614532470703125,1888400
2018-03-06,64.55000305175781,64.86000061035156,64.0999984741211,64.77999877929688,62.96444320678711,1355800
2018-03-07,63.95000076293945,64.30000305175781,63.0,63.77999877929688,61.99247360229492,1496100
2018-03-08,64.05000305175781,64.5199966430664,63.79999923706055,64.41000366210938,62.60482025146485,1197300
2018-03-09,64.9000015258789,65.38999938964844,64.2699966430664,65.33999633789062,63.50874328613281,915800
2018-03-12,65.30999755859375,65.7300033569336,63.61000061035156,63.65999984741211,61.87582778930664,1548800
2018-03-13,65.30999755859375,65.7300033569336,62.4900016784668,62.93000030517578,61.166297912597656,2218500
2018-03-14,63.27000045776367,63.43999862670898,62.52000045776367,62.619998931884766,60.86498260498047,2840200
2018-03-15,62.709999084472656,63.709999084472656,62.709999084472656,62.97999954223633,61.21489334106445,1314900
2018-03-16,63.2400016784668,65.0,63.220001220703125,64.37999725341797,62.57565307617188,2160000
2018-03-19,64.19000244140625,64.55000305175781,62.900001525878906,63.20000076293945,61.42872619628906,1317600
2018-03-20,63.2400016784668,63.459999084472656,62.29999923706055,62.81999969482422,61.05937576293945,990000
2018-03-21,62.900001525878906,63.27999877929688,61.79999923706055,61.869998931884766,60.1359977722168,1312700
2018-03-22,61.66999816894531,61.70000076293945,59.93999862670898,60.02000045776367,58.33784866333008,1961600
2018-03-23,60.310001373291016,60.61000061035156,59.13999938964844,59.380001068115234,57.71579360961914,2213500
2018-03-26,60.18000030517578,60.63999938964844,58.77999877929688,60.16999816894531,58.483646392822266,1280800
2018-03-27,60.310001373291016,60.869998931884766,59.15999984741211,59.43999862670898,57.77410507202149,1435000
2018-03-28,59.58000183105469,60.63999938964844,59.2599983215332,60.0,58.31841278076172,1709200
2018-03-29,60.43999862670898,63.18999862670898,60.43000030517578,63.02000045776367,61.2537727355957,2834300
2018-04-02,62.54999923706055,63.0099983215332,59.79999923706055,60.38999938964844,58.69747924804688,2703000
2018-04-03,60.869998931884766,61.47999954223633,60.290000915527344,60.810001373291016,59.10570907592773,1545600
2018-04-04,59.95000076293945,62.34000015258789,59.79999923706055,61.880001068115234,60.14572143554688,1640200
2018-04-05,62.18000030517578,62.27999877929688,60.7599983215332,61.36000061035156,59.64029693603516,2158400
2018-04-06,60.84000015258789,61.380001068115234,58.88999938964844,59.70000076293945,58.02682113647461,1665700
2018-04-09,59.75,60.470001220703125,59.27000045776367,59.400001525878906,57.735233306884766,1818000
2018-04-10,60.04999923706055,61.790000915527344,60.02000045776367,61.45000076293945,59.7277717590332,1947300
2018-04-11,60.83000183105469,61.7400016784668,60.63999938964844,61.34000015258789,59.620853424072266,1750000
2018-04-12,61.630001068115234,61.959999084472656,60.06999969482422,60.20000076293945,58.51280212402344,1543100
2018-04-13,60.400001525878906,60.400001525878906,58.27000045776367,58.31999969482422,56.68549346923828,1971200
2018-04-16,60.220001220703125,60.5,59.29999923706055,59.77000045776367,58.09486389160156,3377200
2018-04-17,59.97999954223633,60.119998931884766,58.5,58.650001525878906,57.00625228881836,3146400
2018-04-18,59.130001068115234,61.790000915527344,58.84000015258789,60.65999984741211,58.95991516113281,2476500
2018-04-19,60.22999954223633,60.43999862670898,59.47999954223633,59.880001068115234,58.201778411865234,1508400
2018-04-20,61.18000030517578,62.630001068115234,60.13999938964844,60.33000183105469,58.63916397094727,1962600
2018-04-23,60.2599983215332,62.29999923706055,60.13999938964844,61.63999938964844,59.912445068359375,1802800
2018-04-24,62.25,62.56999969482422,60.95000076293945,61.18999862670898,59.47506332397461,1639700
2018-04-25,60.959999084472656,62.22999954223633,60.02999877929688,62.18999862670898,60.4470329284668,2600900
2018-04-26,62.77000045776367,67.69999694824219,62.5,66.66000366210938,64.79175567626953,5087600
2018-04-27,67.2699966430664,68.69000244140625,66.58000183105469,68.43000030517578,66.51214599609375,3454300
2018-04-30,68.61000061035156,68.87999725341797,67.56999969482422,68.0,66.09420776367188,1779000
2018-05-01,67.73999786376953,68.87999725341797,66.88999938964844,67.76000213623047,65.86092376708984,1745300
2018-05-02,67.70999908447266,69.0999984741211,67.18000030517578,68.19999694824219,66.28858947753906,1939300
2018-05-03,66.6500015258789,66.81999969482422,64.16000366210938,66.1500015258789,64.29605865478516,2278200
2018-05-04,65.81999969482422,67.30999755859375,64.69999694824219,66.95999908447266,65.08334350585938,1117500
2018-05-07,66.88999938964844,67.02999877929688,66.30000305175781,66.80999755859375,64.93754577636719,1607000
2018-05-08,66.5199966430664,67.51000213623047,66.02999877929688,66.4800033569336,64.6167984008789,1526300
2018-05-09,66.66000366210938,67.22000122070312,66.12000274658203,66.69000244140625,64.82091522216797,2110800
2018-05-10,66.75,67.83000183105469,66.66000366210938,67.80000305175781,65.8998031616211,1563000
2018-05-11,68.0,69.69999694824219,67.98999786376953,69.62000274658203,67.6688003540039,1749400
2018-05-14,69.5,71.70999908447266,68.93000030517578,71.20999908447266,69.2142333984375,2828700
2018-05-15,70.86000061035156,71.62999725341797,70.1500015258789,70.86000061035156,68.8740463256836,1577900
2018-05-16,71.12000274658203,71.94999694824219,70.5199966430664,71.01000213623047,69.01985168457031,1055900
2018-05-17,70.76000213623047,72.0999984741211,70.75,71.66999816894531,69.66133880615234,1065200
2018-05-18,71.80999755859375,72.9000015258789,71.80999755859375,72.81999969482422,70.77911376953125,1339000
2018-05-21,73.04000091552734,74.4000015258789,72.94999694824219,73.63999938964844,71.57612609863281,2136400
2018-05-22,74.58000183105469,75.30000305175781,72.58999633789062,73.69000244140625,71.62472534179688,2449000
2018-05-23,73.6500015258789,74.43000030517578,72.3499984741211,74.33999633789062,72.25651550292969,1468500
2018-05-24,74.01000213623047,74.72000122070312,72.98999786376953,74.20999908447266,72.13015747070312,1084500
2018-05-25,74.05999755859375,74.19999694824219,72.9800033569336,73.33999633789062,71.58356475830078,1391800
2018-05-29,73.04000091552734,73.61000061035156,72.72000122070312,73.55000305175781,71.78853607177734,1586100
2018-05-30,73.87000274658203,75.47000122070312,73.68000030517578,75.33999633789062,73.53565979003906,1723300
2018-05-31,75.45999908447266,75.45999908447266,74.27999877929688,74.30999755859375,72.53033447265625,1679100
2018-06-01,74.83000183105469,75.5,74.41999816894531,75.12999725341797,73.3306884765625,1607000
2018-06-04,75.3499984741211,75.6500015258789,74.80000305175781,75.52999877929688,73.72111511230469,2328500
2018-06-05,75.51000213623047,76.19000244140625,75.11000061035156,75.83000183105469,74.0139389038086,2035100
2018-06-06,76.16000366210938,76.83000183105469,75.86000061035156,76.7699966430664,74.9314193725586,2110500
2018-06-07,77.0,77.23999786376953,76.38999938964844,76.77999877929688,74.9411849975586,1529400
2018-06-08,76.6500015258789,77.0999984741211,76.23999786376953,76.58000183105469,74.74597930908203,1880700
2018-06-11,76.69999694824219,76.76000213623047,75.62000274658203,75.91999816894531,74.10176849365234,1926100
2018-06-12,76.26000213623047,76.56999969482422,75.66999816894531,75.77999877929688,73.96513366699219,1670000
2018-06-13,75.93000030517578,76.19999694824219,75.12000274658203,75.22000122070312,73.41854858398438,1789800
2018-06-14,75.43000030517578,75.69000244140625,73.45999908447266,74.31999969482422,72.54010009765625,2108400
2018-06-15,74.2300033569336,74.56999969482422,74.0,74.4000015258789,72.6181869506836,2377800
2018-06-18,73.95999908447266,75.9800033569336,73.95999908447266,75.61000061035156,73.79920196533203,1528900
2018-06-19,75.05999755859375,75.72000122070312,74.9000015258789,75.61000061035156,73.79920196533203,1010700
2018-06-20,75.6500015258789,76.98999786376953,75.45999908447266,76.81999969482422,74.980224609375,1157500
2018-06-21,76.86000061035156,78.0,76.61000061035156,77.55000305175781,75.6927490234375,1556900
2018-06-22,77.75,77.75,76.05999755859375,76.8499984741211,75.00950622558594,2201000
2018-06-25,76.5,76.7300033569336,75.45999908447266,75.95999908447266,74.14081573486328,1370900
2018-06-26,76.37999725341797,77.13999938964844,75.79000091552734,76.88999938964844,75.04854583740234,1064600
2018-06-27,77.51000213623047,79.04000091552734,77.2699966430664,77.86000061035156,75.99531555175781,1597300
2018-06-28,77.95999908447266,78.63999938964844,77.36000061035156,77.94999694824219,76.0831527709961,1152500
2018-06-29,77.94999694824219,79.0,76.38999938964844,76.48999786376953,74.65813446044922,1258600
2018-07-02,75.8499984741211,76.02999877929688,74.93000030517578,75.73999786376953,73.92607879638672,1233300
2018-07-03,75.93000030517578,76.87999725341797,75.93000030517578,76.12999725341797,74.3067398071289,655600
2018-07-05,76.66000366210938,77.19999694824219,76.43000030517578,77.08000183105469,75.2340087890625,1301900
2018-07-06,77.02999877929688,77.52999877929688,76.61000061035156,76.72000122070312,74.88262176513672,1194800
2018-07-09,78.44000244140625,78.61000061035156,77.23999786376953,77.56999969482422,75.71226501464844,1381100
2018-07-10,77.5,77.80000305175781,77.12000274658203,77.72000122070312,75.8586654663086,826400
2018-07-11,77.55000305175781,77.7699966430664,76.70999908447266,77.37999725341797,75.52680969238281,560000
2018-07-12,77.6500015258789,77.87999725341797,77.0999984741211,77.27999877929688,75.42919921875,833100
2018-07-13,77.43000030517578,78.79000091552734,77.22000122070312,78.23999786376953,76.36621856689453,997100
2018-07-16,78.43000030517578,78.91999816894531,78.08999633789062,78.41999816894531,76.54190063476562,1441400
2018-07-17,78.01000213623047,79.12999725341797,77.20999908447266,78.91999816894531,77.0299301147461,1233000
2018-07-18,79.47000122070312,79.77999877929688,78.27999877929688,78.7699966430664,76.8835220336914,1960300
2018-07-19,78.66999816894531,79.75,78.51000213623047,79.41999816894531,77.51795959472656,1124000
2018-07-20,79.44000244140625,80.0,78.75,79.87000274658203,77.95716857910156,1383300
2018-07-23,79.88999938964844,81.16000366210938,79.56999969482422,80.27999877929688,78.35736083984375,1468700
2018-07-24,80.3499984741211,80.5999984741211,77.81999969482422,78.33999633789062,76.46382141113281,2257900
2018-07-25,78.23999786376953,78.83999633789062,76.3499984741211,78.16000366210938,76.28813171386719,3005100
2018-07-26,80.0,82.33999633789062,78.77999877929688,80.36000061035156,78.4354476928711,3773600
2018-07-27,80.05000305175781,80.06999969482422,75.83999633789062,76.25,74.42387390136719,2511800
2018-07-30,76.41000366210938,77.66999816894531,76.31999969482422,77.41000366210938,75.55609893798828,1026000
2018-07-31,77.5199966430664,78.52999877929688,77.05999755859375,78.04000091552734,76.17101287841797,933900
2018-08-01,78.2300033569336,78.31999969482422,75.91999816894531,76.79000091552734,74.9509506225586,1277900
2018-08-02,76.58000183105469,78.81999969482422,76.3499984741211,78.6500015258789,76.76641082763672,1177000
2018-08-03,78.95999908447266,79.87999725341797,78.25,78.62000274658203,76.73712158203125,1770400
2018-08-06,78.52999877929688,79.26000213623047,78.25,78.77999877929688,76.8932876586914,570300
2018-08-07,78.66999816894531,80.38999938964844,78.58000183105469,79.9800033569336,78.0645523071289,1317900
2018-08-08,79.69999694824219,81.38999938964844,79.51000213623047,81.2699966430664,79.32364654541016,1486000
2018-08-09,80.9800033569336,81.8499984741211,80.55000305175781,81.05999755859375,79.1186752319336,1004600
2018-08-10,80.51000213623047,80.87000274658203,80.0999984741211,80.41000366210938,78.4842529296875,731700
2018-08-13,79.86000061035156,80.68000030517578,78.80999755859375,79.48999786376953,77.5862808227539,1006500
2018-08-14,79.83000183105469,81.76000213623047,79.77999877929688,81.4800033569336,79.52861785888672,1467500
2018-08-15,81.0999984741211,81.2699966430664,79.5999984741211,80.43000030517578,78.50377655029297,1345700
2018-08-16,80.91000366210938,80.94999694824219,79.26000213623047,79.63999938964844,77.73269653320312,920000
2018-08-17,79.98999786376953,80.69000244140625,79.55999755859375,80.51000213623047,78.58185577392578,1319000
2018-08-20,80.80999755859375,81.98999786376953,80.56999969482422,81.37000274658203,79.42125701904297,1445600
2018-08-21,81.66999816894531,83.6500015258789,81.18000030517578,83.37000274658203,81.37335968017578,1677700
2018-08-22,83.48999786376953,87.19000244140625,83.37000274658203,86.30000305175781,84.23319244384766,2464400
2018-08-23,85.97000122070312,89.19999694824219,85.9000015258789,88.86000061035156,86.73187255859375,2354800
2018-08-24,89.06999969482422,89.62000274658203,88.08000183105469,88.58000183105469,86.76126098632812,1577900
2018-08-27,88.98999786376953,88.98999786376953,86.13999938964844,86.54000091552734,84.76315307617188,1501200
2018-08-28,86.77999877929688,86.77999877929688,85.18000030517578,85.9800033569336,84.21465301513672,1522600
2018-08-29,86.18000030517578,86.63999938964844,85.61000061035156,86.48999786376953,84.71417236328125,1100900
2018-08-30,86.58999633789062,86.91000366210938,86.19000244140625,86.48999786376953,84.71417236328125,839000
2018-08-31,86.5999984741211,88.47000122070312,86.5999984741211,88.27999877929688,86.46742248535156,1203900
2018-09-04,88.62999725341797,91.41000366210938,87.81999969482422,90.81999969482422,88.95527648925781,2053300
2018-09-05,90.56999969482422,91.91999816894533,89.33000183105469,90.19000244140624,88.33820343017578,1548100
2018-09-06,90.04000091552734,90.95999908447266,89.48999786376953,89.91000366210938,88.06395721435547,1489700
2018-09-07,89.63999938964844,90.55999755859376,89.30000305175781,89.47000122070312,87.63299560546875,1887500
2018-09-10,89.12000274658203,90.19000244140624,88.56999969482422,89.94000244140625,88.09334564208984,1362100
2018-09-11,89.80000305175781,91.41999816894533,89.11000061035156,90.69000244140624,88.82794189453125,1818200
2018-09-12,90.37999725341795,90.77999877929688,88.41999816894531,88.62999725341797,86.81024169921875,1841600
2018-09-13,88.87999725341797,89.41999816894531,87.79000091552734,88.61000061035156,86.7906494140625,2732300
2018-09-14,88.80000305175781,88.80000305175781,87.12000274658203,87.41000366210938,85.61528778076172,2049800
2018-09-17,87.69000244140625,88.56999969482422,86.54000091552734,87.69000244140625,85.88953399658203,1915600
2018-09-18,87.6500015258789,89.18000030517578,87.6500015258789,88.63999938964844,86.82001495361328,1420100
2018-09-19,88.51000213623047,89.83999633789062,88.41999816894531,89.12999725341797,87.29996490478516,1451700
2018-09-20,89.18000030517578,90.0,88.43000030517578,89.44000244140625,87.60360717773438,1044800
2018-09-21,90.06999969482422,90.6500015258789,89.66999816894531,89.9800033569336,88.13252258300781,1926500
2018-09-24,89.94999694824219,90.7300033569336,89.5999984741211,90.5500030517578,88.69080352783203,1156800
2018-09-25,90.5,91.33000183105467,90.04000091552734,90.38999938964844,88.53409576416016,1163800
2018-09-26,90.45999908447266,91.94000244140624,90.36000061035156,91.16999816894533,89.29808044433594,1175200
2018-09-27,91.05999755859376,91.9499969482422,90.66999816894533,91.11000061035156,89.23931121826172,1229200
2018-09-28,91.0,92.4499969482422,90.47000122070312,90.87999725341795,89.0140380859375,1251200
2018-10-01,91.33999633789062,91.87999725341795,90.16000366210938,90.3000030517578,88.44595336914062,1066900
2018-10-02,90.58999633789062,90.76000213623048,88.80000305175781,88.81999969482422,86.99633026123047,1053800
2018-10-03,89.33999633789062,89.87000274658203,88.69000244140625,88.8499984741211,87.02571105957031,1056300
2018-10-04,88.88999938964844,89.37999725341797,86.81999969482422,87.55000305175781,85.75241088867188,1683300
2018-10-05,87.61000061035156,88.3499984741211,87.19999694824219,87.6500015258789,85.8503646850586,1077000
2018-10-08,87.37000274658203,88.94999694824219,86.44999694824219,88.68000030517578,86.85920715332031,1183300
2018-10-09,88.62999725341797,90.62999725341795,87.69000244140625,89.04000091552734,87.21183013916016,1551000
2018-10-10,88.7699966430664,88.7699966430664,84.72000122070312,84.81999969482422,83.0784683227539,1406900
2018-10-11,84.76000213623047,87.79000091552734,84.37000274658203,85.2300033569336,83.48004913330078,2234100
2018-10-12,86.62000274658203,87.87000274658203,85.4000015258789,86.66999816894531,84.89047241210938,1715800
2018-10-15,86.61000061035156,87.47000122070312,86.1500015258789,86.56999969482422,84.79251861572266,1207100
2018-10-16,86.87999725341797,89.12999725341797,86.36000061035156,88.87999725341797,87.05510711669922,1052200
2018-10-17,88.9800033569336,89.0,86.91000366210938,88.05999755859375,86.2519302368164,1118200
2018-10-18,87.6500015258789,88.4800033569336,86.91000366210938,87.6500015258789,85.8503646850586,1473700
2018-10-19,88.37000274658203,88.7699966430664,86.56999969482422,86.86000061035156,85.07657623291016,1947200
2018-10-22,87.16000366210938,88.19999694824219,85.94999694824219,87.38999938964844,85.595703125,2082600
2018-10-23,86.36000061035156,87.87000274658203,86.02999877929688,87.48999786376953,85.69364929199219,1359900
2018-10-24,87.33999633789062,88.4800033569336,83.70999908447266,84.18000030517578,82.45159912109375,2063500
2018-10-25,84.29000091552734,91.77999877929688,83.91000366210938,89.06999969482422,87.24120330810547,3502700
2018-10-26,89.79000091552734,91.41000366210938,87.55000305175781,90.83999633789062,88.97486114501953,3068000
2018-10-29,91.86000061035156,95.16999816894533,91.77999877929688,93.95999908447266,92.03079986572266,1931600
2018-10-30,93.58999633789062,95.0,92.02999877929688,93.4000015258789,91.48229217529295,1452300
2018-10-31,94.16000366210938,94.5,91.69000244140624,91.88999938964844,90.00330352783203,1500900
2018-11-01,91.9499969482422,93.73999786376952,90.9000015258789,92.41999816894533,90.5224151611328,1440500
2018-11-02,93.7300033569336,94.45999908447266,92.45999908447266,93.80999755859376,91.8838882446289,1742000
2018-11-05,93.73999786376952,94.0,92.2699966430664,93.8499984741211,91.92305755615234,1032600
2018-11-06,93.68000030517578,94.37999725341795,92.87999725341795,93.18000030517578,91.26680755615234,1764500
2018-11-07,93.91999816894533,95.97000122070312,93.0999984741211,95.75,93.78404998779295,1488400
2018-11-08,95.77999877929688,97.56999969482422,95.1500015258789,96.62000274658205,94.6361846923828,961100
2018-11-09,96.3499984741211,97.6500015258789,96.2699966430664,97.12999725341795,95.13570404052734,1358500
2018-11-12,97.04000091552734,97.6500015258789,95.66999816894533,96.19000244140624,94.21500396728516,2069300
2018-11-13,96.1999969482422,96.58999633789062,94.55999755859376,95.7699966430664,93.80363464355467,1132500
2018-11-14,96.38999938964844,96.68000030517578,93.72000122070312,94.19000244140624,92.2560806274414,1778500
2018-11-15,94.02999877929688,95.0999984741211,91.6999969482422,93.3000030517578,91.38436126708984,1275500
2018-11-16,92.81999969482422,93.51000213623048,92.0,92.66000366210938,90.75749969482422,1849800
2018-11-19,92.4800033569336,94.18000030517578,92.12000274658205,92.26000213623048,90.36571502685548,858300
2018-11-20,90.31999969482422,91.0,87.2699966430664,87.79000091552734,85.98748779296875,1703600
2018-11-21,88.16000366210938,89.87999725341797,87.87000274658203,89.0,87.1726303100586,1185400
2018-11-23,88.51000213623047,89.80000305175781,88.38999938964844,89.30000305175781,87.77220153808594,769400
2018-11-26,89.7300033569336,90.26000213623048,88.4800033569336,88.8499984741211,87.32988739013672,1571800
2018-11-27,88.8499984741211,91.3499984741211,88.8499984741211,90.75,89.1973876953125,1840500
2018-11-28,91.22000122070312,95.3000030517578,90.76000213623048,95.0500030517578,93.423828125,1547300
2018-11-29,94.6500015258789,95.63999938964844,94.1999969482422,94.66999816894533,93.05033111572266,1182100
2018-11-30,94.91000366210938,95.58000183105467,93.9499969482422,95.12999725341795,93.50245666503906,1633800
2018-12-03,95.83000183105467,96.66999816894533,93.72000122070312,95.73999786376952,94.10202026367188,1514400
2018-12-04,95.9499969482422,96.73999786376952,92.33999633789062,92.98999786376952,91.39906311035156,1160900
2018-12-06,91.66999816894533,92.38999938964844,88.86000061035156,92.37000274658205,90.78968048095705,1830700
2018-12-07,92.1500015258789,92.37000274658205,88.54000091552734,88.79000091552734,87.27092742919922,1579400
2018-12-10,89.70999908447266,90.62000274658205,87.69999694824219,90.12000274658205,88.57817077636719,1234500
2018-12-11,91.08000183105467,92.8499984741211,89.80000305175781,90.33000183105467,88.78458404541016,1247500
2018-12-12,91.31999969482422,92.4800033569336,90.5,91.75,90.18028259277344,977200
2018-12-13,93.22000122070312,93.62999725341795,91.31999969482422,92.01000213623048,90.4358367919922,1371800
2018-12-14,90.9499969482422,92.70999908447266,88.56999969482422,89.19000244140625,87.6640853881836,1491300
2018-12-17,88.88999938964844,89.5999984741211,86.36000061035156,87.0199966430664,85.53120422363281,1438400
2018-12-18,87.3499984741211,88.87999725341797,85.9800033569336,86.18000030517578,84.70558166503906,1461400
2018-12-19,86.6500015258789,88.9000015258789,85.5199966430664,86.0199966430664,84.54830932617188,1024100
2018-12-20,85.44999694824219,85.8499984741211,81.62000274658203,82.91999816894531,81.50135040283203,1690800
2018-12-21,82.58999633789062,83.98999786376953,80.26000213623047,80.33000183105469,78.9556655883789,2869800
2018-12-24,79.94999694824219,81.0,78.66999816894531,78.70999908447266,77.3633804321289,629500
2018-12-26,79.19999694824219,82.93000030517578,79.19999694824219,82.87999725341797,81.4620361328125,1133200
2018-12-27,81.77999877929688,83.69000244140625,80.77999877929688,83.68000030517578,82.24834442138672,1300400
2018-12-28,83.94999694824219,84.87999725341797,82.7300033569336,83.20999908447266,81.78639221191406,904400
2018-12-31,83.58000183105469,83.91000366210938,82.80999755859375,83.44000244140625,82.01245880126953,1044100
2019-01-02,81.80999755859375,84.01000213623047,80.86000061035156,82.2300033569336,80.82315826416016,1517100
2019-01-03,82.08000183105469,82.41000366210938,80.30999755859375,80.68000030517578,79.29966735839844,2161900
2019-01-04,82.0,83.43000030517578,80.9000015258789,82.33999633789062,80.9312744140625,2043500
2019-01-07,82.23999786376953,84.51000213623047,82.02999877929688,83.55000305175781,82.12057495117188,2540100
2019-01-08,84.12999725341797,84.55999755859375,82.43000030517578,83.5,82.0714340209961,2002800
2019-01-09,84.08000183105469,86.0999984741211,84.08000183105469,84.62000274658203,83.17227172851562,1308900
2019-01-10,83.58000183105469,84.69999694824219,82.31999969482422,84.66999816894531,83.2214126586914,1266200
2019-01-11,84.5999984741211,86.30999755859375,84.38999938964844,85.30999755859375,83.85045623779297,1204600
2019-01-14,84.69000244140625,87.5199966430664,84.52999877929688,85.91000366210938,84.44020080566406,2405100
2019-01-15,85.8499984741211,87.44000244140625,85.08000183105469,86.94999694824219,85.46240997314453,1663800
2019-01-16,86.91000366210938,88.1500015258789,86.80000305175781,87.12999725341797,85.63932037353516,1292200
2019-01-17,86.41999816894531,88.58999633789062,85.70999908447266,88.5,86.98589324951172,1215500
2019-01-18,89.02999877929688,90.13999938964844,88.70999908447266,89.4800033569336,87.94912719726562,1255400
2019-01-22,89.11000061035156,90.5,88.91999816894531,89.36000061035156,87.83118438720703,1169500
2019-01-23,90.0,90.08999633789062,88.0199966430664,89.0199966430664,87.49698638916016,1025900
2019-01-24,88.43000030517578,88.91000366210938,86.19999694824219,87.58999633789062,86.0914535522461,1323700
2019-01-25,88.37999725341797,89.63999938964844,88.13999938964844,89.5999984741211,88.06706237792969,1490300
2019-01-28,88.91999816894531,89.36000061035156,88.05000305175781,89.11000061035156,87.58544921875,1192400
2019-01-29,89.5,90.25,88.44999694824219,89.9000015258789,88.36194610595703,1059000
2019-01-30,90.22000122070312,90.66000366210938,89.33999633789062,89.62000274658203,88.08673095703125,1774300
2019-01-31,86.44000244140625,87.56999969482422,82.62000274658203,85.4000015258789,83.93893432617188,6677000
2019-02-01,85.97000122070312,88.4800033569336,84.69000244140625,86.97000122070312,85.48207092285156,2541100
2019-02-04,86.91999816894531,88.88999938964844,86.0,88.86000061035156,87.33972930908203,1441400
2019-02-05,88.9800033569336,90.12999725341795,88.5199966430664,89.58999633789062,88.05724334716797,1542600
2019-02-06,89.58999633789062,91.12999725341795,88.54000091552734,91.02999877929688,89.47260284423828,1233500
2019-02-07,90.5999984741211,90.76000213623048,89.19000244140625,90.75,89.1973876953125,1573200
2019-02-08,90.1999969482422,92.6500015258789,89.94999694824219,92.31999969482422,90.7405242919922,1880300
2019-02-11,93.0,94.80999755859376,92.6999969482422,94.19000244140624,92.57854461669922,1835500
2019-02-12,94.52999877929688,95.73999786376952,94.25,95.55999755859376,93.9250946044922,1639300
2019-02-13,95.58000183105467,96.18000030517578,94.48999786376952,95.83000183105467,94.1904754638672,1643600
2019-02-14,95.25,96.3000030517578,94.5,95.77999877929688,94.1413345336914,1470600
2019-02-15,96.19000244140624,97.63999938964844,95.61000061035156,97.58000183105467,95.9105453491211,1457600
2019-02-19,96.5999984741211,97.36000061035156,95.3499984741211,97.06999969482422,95.40926361083984,1246800
2019-02-20,96.76000213623048,98.02999877929688,96.76000213623048,97.5500030517578,95.8810577392578,1204700
2019-02-21,97.45999908447266,98.02999877929688,96.66000366210938,97.01000213623048,95.3502960205078,871800
2019-02-22,97.0500030517578,97.3000030517578,95.54000091552734,96.04000091552734,94.69950103759766,1315000
2019-02-25,96.52999877929688,96.72000122070312,94.55999755859376,94.8000030517578,93.47681427001952,948700
2019-02-26,94.45999908447266,95.2300033569336,94.29000091552734,94.8000030517578,93.47681427001952,1045700
2019-02-27,94.72000122070312,95.91000366210938,94.33999633789062,95.36000061035156,94.02899932861328,1165000
2019-02-28,94.9800033569336,95.81999969482422,94.30999755859376,95.3499984741211,94.01912689208984,1357600
2019-03-01,95.87000274658205,96.36000061035156,93.51000213623048,94.95999908447266,93.63457489013672,1289600
2019-03-04,95.25,95.88999938964844,92.8499984741211,93.87999725341795,92.56965637207033,1581300
2019-03-05,94.01000213623048,94.93000030517578,93.45999908447266,93.51000213623048,92.20481872558594,748300
2019-03-06,93.80999755859376,94.8000030517578,91.97000122070312,92.19000244140624,90.90323638916016,922100
2019-03-07,92.06999969482422,92.58000183105467,91.5999984741211,92.2300033569336,90.94268798828124,866300
2019-03-08,91.7300033569336,92.3499984741211,89.86000061035156,90.38999938964844,89.12836456298828,1175300
2019-03-11,90.88999938964844,90.91000366210938,88.69999694824219,89.5199966430664,88.27050018310547,1450300
2019-03-12,89.37000274658203,91.45999908447266,89.37000274658203,90.56999969482422,89.30584716796875,1181500
2019-03-13,90.87999725341795,91.88999938964844,90.6500015258789,91.5199966430664,90.24259185791016,1147500
2019-03-14,91.41999816894533,91.41999816894533,90.26000213623048,90.4000015258789,89.13822937011719,950700
2019-03-15,90.4000015258789,90.8499984741211,89.19999694824219,89.45999908447266,88.21134948730469,2004400
2019-03-18,89.43000030517578,90.05000305175781,89.0199966430664,89.83999633789062,88.58602905273438,1620000
2019-03-19,90.33000183105467,92.16999816894533,90.0199966430664,91.16000366210938,89.88761901855469,1049100
2019-03-20,91.19000244140624,92.4000015258789,90.70999908447266,91.08000183105467,89.8087387084961,1408900
2019-03-21,91.8499984741211,94.5500030517578,91.26000213623048,94.3499984741211,93.03308868408205,1204100
2019-03-22,93.91000366210938,94.4000015258789,92.47000122070312,92.68000030517578,91.38640594482422,896000
2019-03-25,92.41000366210938,95.0,92.41000366210938,94.0500030517578,92.7372817993164,977800
2019-03-26,94.58999633789062,95.68000030517578,94.54000091552734,94.94000244140624,93.61486053466795,1042900
2019-03-27,94.93000030517578,95.8000030517578,93.9800033569336,94.80999755859376,93.48666381835938,1234600
2019-03-28,94.86000061035156,95.8499984741211,94.86000061035156,95.23999786376952,93.9106674194336,1111700
2019-03-29,95.87999725341795,98.58000183105467,95.38999938964844,97.76000213623048,96.39549255371094,1958600
2019-04-01,98.16000366210938,99.23999786376952,96.61000061035156,97.48999786376952,96.12926483154295,1979000
2019-04-02,97.51000213623048,97.72000122070312,96.68000030517578,97.16000366210938,95.80387115478516,1084600
2019-04-03,97.55999755859376,99.13999938964844,97.04000091552734,98.08000183105467,96.71102905273438,1362400
2019-04-04,98.0999984741211,99.5999984741211,97.87000274658205,99.58999633789062,98.199951171875,1123900
2019-04-05,99.6999969482422,101.47000122070312,99.63999938964844,101.12999725341795,99.71845245361328,1756000
2019-04-08,100.6999969482422,101.91000366210938,100.1500015258789,101.66999816894533,100.25090789794922,1244800
2019-04-09,101.37999725341795,101.9499969482422,100.73999786376952,100.93000030517578,99.52124786376952,935200
2019-04-10,101.1999969482422,101.3499984741211,100.02999877929688,101.16999816894533,99.75789642333984,975800
2019-04-11,101.9499969482422,103.01000213623048,101.4000015258789,102.9499969482422,101.51304626464844,1158300
2019-04-12,103.26000213623048,104.73999786376952,103.11000061035156,104.25,102.79490661621094,1286100
2019-04-15,103.97000122070312,104.91999816894533,103.38999938964844,104.48999786376952,103.03155517578124,1542200
2019-04-16,104.26000213623048,105.81999969482422,104.26000213623048,105.18000030517578,103.71192932128906,1623600
2019-04-17,105.61000061035156,106.08000183105467,103.8499984741211,103.9000015258789,102.44979858398438,1247800
2019-04-18,103.75,104.4499969482422,102.43000030517578,103.08999633789062,101.65109252929688,1407400
2019-04-22,103.04000091552734,103.1999969482422,101.27999877929688,101.62999725341795,100.2114715576172,915800
2019-04-23,102.22000122070312,103.55999755859376,101.79000091552734,103.16999816894533,101.72998809814452,1183600
2019-04-24,103.38999938964844,105.08999633789062,103.25,104.05999755859376,102.60755920410156,1498500
2019-04-25,104.8000030517578,107.9800033569336,103.93000030517578,105.05999755859376,103.59359741210938,3831400
2019-04-26,105.0999984741211,105.66999816894533,102.5199966430664,105.12999725341795,103.66263580322266,1860100
2019-04-29,105.26000213623048,105.8499984741211,103.93000030517578,104.69000244140624,103.22877502441406,1193000
2019-04-30,104.1999969482422,104.61000061035156,102.55999755859376,103.5,102.0553741455078,1383900
2019-05-01,103.5999984741211,103.8000030517578,100.61000061035156,100.97000122070312,99.56069946289062,910300
2019-05-02,100.9499969482422,103.04000091552734,100.68000030517578,103.02999877929688,101.59192657470705,1469600
2019-05-03,103.22000122070312,104.76000213623048,102.9800033569336,103.87000274658205,102.42020416259766,1573200
2019-05-06,102.19000244140624,103.47000122070312,101.81999969482422,103.08999633789062,101.65109252929688,892700
2019-05-07,101.95999908447266,102.27999877929688,99.94000244140624,100.6500015258789,99.2451629638672,1107000
2019-05-08,100.37000274658205,102.33999633789062,99.5199966430664,101.48999786376952,100.0734405517578,1325700
2019-05-09,100.87999725341795,102.88999938964844,100.01000213623048,102.4800033569336,101.04961395263672,1164900
2019-05-10,102.0999984741211,103.05999755859376,101.04000091552734,102.72000122070312,101.28627014160156,1507700
2019-05-13,100.95999908447266,101.61000061035156,98.61000061035156,99.27999877929688,97.89427947998048,1440000
2019-05-14,99.62000274658205,100.9499969482422,98.66999816894533,100.66000366210938,99.25502014160156,1204100
2019-05-15,99.8000030517578,100.0,98.0999984741211,99.26000213623048,97.8745574951172,1450000
2019-05-16,100.0199966430664,101.70999908447266,99.44000244140624,101.04000091552734,99.62971496582033,1085200
2019-05-17,100.54000091552734,101.8000030517578,100.25,100.68000030517578,99.27474212646484,1070100
2019-05-20,99.9499969482422,101.41000366210938,99.55999755859376,101.2699966430664,99.85649871826172,1439000
2019-05-21,101.62999725341795,104.13999938964844,101.54000091552734,103.52999877929688,102.08495330810548,1100100
2019-05-22,102.83999633789062,103.62000274658205,102.33999633789062,102.9000015258789,101.4637451171875,1056000
2019-05-23,101.93000030517578,103.08999633789062,101.05999755859376,102.02999877929688,100.60589599609376,1193600
2019-05-24,102.02999877929688,102.52999877929688,100.4800033569336,101.13999938964844,100.07160186767578,1205500
2019-05-28,101.33999633789062,102.8499984741211,100.1500015258789,100.1999969482422,99.14152526855467,1469300
2019-05-29,99.5999984741211,100.13999938964844,98.20999908447266,99.2699966430664,98.22135925292967,1196500
2019-05-30,99.62000274658205,100.88999938964844,99.62000274658205,100.7699966430664,99.70550537109376,607800
2019-05-31,99.66000366210938,101.06999969482422,98.5500030517578,100.77999877929688,99.71540069580078,1228300
2019-06-03,100.70999908447266,102.0,100.0999984741211,101.2300033569336,100.16065216064452,1036700
2019-06-04,102.26000213623048,104.18000030517578,102.26000213623048,104.13999938964844,103.03990936279295,1118800
2019-06-05,104.98999786376952,105.52999877929688,103.58000183105467,104.68000030517578,103.57420349121094,1008500
2019-06-06,104.97000122070312,107.87999725341795,104.61000061035156,107.2699966430664,106.1368408203125,1419700
2019-06-07,107.63999938964844,109.66999816894533,107.41000366210938,108.56999969482422,107.42311096191406,1091100
2019-06-10,109.5199966430664,109.66999816894533,107.01000213623048,107.13999938964844,106.00821685791016,1061200
2019-06-11,107.68000030517578,108.08000183105467,106.4499969482422,107.33000183105467,106.19621276855467,1052700
2019-06-12,107.48999786376952,108.3499984741211,106.69000244140624,107.27999877929688,106.14673614501952,715800
2019-06-13,108.01000213623048,108.9499969482422,107.51000213623048,108.16000366210938,107.01744842529295,745500
2019-06-14,108.25,108.62999725341795,105.9800033569336,106.13999938964844,105.01878356933594,1686000
2019-06-17,105.72000122070312,105.9000015258789,103.0,104.12000274658205,103.0201187133789,1321300
2019-06-18,104.77999877929688,105.72000122070312,103.94000244140624,105.06999969482422,103.9600830078125,919000
2019-06-19,104.08999633789062,106.79000091552734,104.08999633789062,106.23999786376952,105.1177215576172,1201600
2019-06-20,106.5500030517578,107.29000091552734,105.23999786376952,106.7699966430664,105.64212036132812,1031500
2019-06-21,106.9499969482422,107.16000366210938,105.7699966430664,106.76000213623048,105.63224029541016,1061100
2019-06-24,107.68000030517578,107.97000122070312,106.5999984741211,106.86000061035156,105.7311782836914,839700
2019-06-25,106.97000122070312,107.45999908447266,105.97000122070312,106.62999725341795,105.50360107421876,858000
2019-06-26,106.83999633789062,107.88999938964844,106.44000244140624,106.6999969482422,105.57286834716795,815100
2019-06-27,106.79000091552734,108.75,106.0,108.1999969482422,107.05701446533205,1172900
2019-06-28,108.48999786376952,109.16000366210938,107.6500015258789,108.8000030517578,107.65068817138672,1132800
2019-07-01,109.93000030517578,112.37999725341795,109.4000015258789,110.61000061035156,109.44156646728516,974700
2019-07-02,110.75,111.38999938964844,109.95999908447266,110.5199966430664,109.35250854492188,1054800
2019-07-03,109.41000366210938,110.02999877929688,108.41000366210938,110.0,108.8380126953125,970900
2019-07-05,109.47000122070312,110.77999877929688,109.0199966430664,110.47000122070312,109.30304718017578,812600
2019-07-08,110.02999877929688,110.8499984741211,110.01000213623048,110.37000274658205,109.2041015625,666600
2019-07-09,110.30999755859376,111.0500030517578,109.33999633789062,110.0999984741211,108.93695068359376,813500
2019-07-10,110.29000091552734,110.3000030517578,108.27999877929688,109.31999969482422,108.16519165039062,761500
2019-07-11,110.62000274658205,111.25,109.5999984741211,110.5199966430664,109.35250854492188,1167200
2019-07-12,111.13999938964844,113.54000091552734,110.93000030517578,112.97000122070312,111.77662658691406,895500
2019-07-15,112.91999816894533,113.13999938964844,110.72000122070312,111.45999908447266,110.28258514404295,833500
2019-07-16,113.0,113.22000122070312,112.16999816894533,112.30999755859376,111.12360382080078,976200
2019-07-17,112.16000366210938,112.18000030517578,110.95999908447266,111.11000061035156,109.93628692626952,868900
2019-07-18,111.02999877929688,112.66000366210938,110.0,112.2300033569336,111.0444564819336,1386000
2019-07-19,112.91000366210938,114.25,111.73999786376952,112.47000122070312,111.28192138671876,1273800
2019-07-22,112.6500015258789,114.19000244140624,112.0199966430664,112.75,111.5589599609375,1150100
2019-07-23,112.9800033569336,113.18000030517578,109.83000183105467,111.3499984741211,110.17374420166016,1454400
2019-07-24,111.18000030517578,113.0199966430664,110.91000366210938,112.48999786376952,111.30170440673828,1401000
2019-07-25,105.0,111.83000183105467,105.0,111.47000122070312,110.29248046875,2819400
2019-07-26,112.02999877929688,112.3000030517578,109.43000030517578,109.9499969482422,108.7885284423828,1455900
2019-07-29,109.87999725341795,110.9499969482422,109.20999908447266,110.4499969482422,109.2832489013672,1097400
2019-07-30,109.9000015258789,110.6500015258789,108.95999908447266,109.25,108.09593200683594,815500
2019-07-31,109.08000183105467,110.41999816894533,107.9499969482422,108.80999755859376,107.66057586669922,1287200
2019-08-01,109.04000091552734,109.87999725341795,106.58000183105467,107.95999908447266,106.8195571899414,1354200
2019-08-02,107.69000244140624,108.0999984741211,106.56999969482422,107.05999755859376,105.92906188964844,1066900
2019-08-05,105.58999633789062,105.7300033569336,101.9499969482422,102.75,101.6645965576172,1520500
2019-08-06,103.16999816894533,105.93000030517578,102.69000244140624,105.70999908447266,104.59332275390624,1140300
2019-08-07,104.5199966430664,106.0500030517578,103.70999908447266,105.68000030517578,104.56364440917967,926400
2019-08-08,105.93000030517578,109.5199966430664,105.69000244140624,109.08000183105467,107.927734375,1092800
2019-08-09,108.5199966430664,110.41999816894533,107.43000030517578,107.58000183105467,106.44357299804688,932300
2019-08-12,106.86000061035156,106.86000061035156,102.11000061035156,102.5199966430664,101.43701934814452,1492200
2019-08-13,102.83999633789062,106.0500030517578,101.30999755859376,104.23999786376952,103.13885498046876,1243200
2019-08-14,102.20999908447266,102.88999938964844,99.76000213623048,99.83999633789062,98.78532409667967,1241500
2019-08-15,99.98999786376952,100.77999877929688,98.5999984741211,99.36000061035156,98.3104019165039,1371500
2019-08-16,100.12999725341795,101.25,99.6999969482422,100.5500030517578,99.4878387451172,1078600
2019-08-19,101.75,102.12000274658205,99.66999816894533,101.20999908447266,100.14086151123048,1375100
2019-08-20,100.91999816894533,102.37000274658205,100.52999877929688,100.87000274658205,99.80445861816406,865900
2019-08-21,101.9800033569336,102.72000122070312,101.19000244140624,101.31999969482422,100.24970245361328,915000
2019-08-22,101.43000030517578,102.33000183105467,100.61000061035156,101.4499969482422,100.37832641601562,842000
2019-08-23,100.08999633789062,100.0999984741211,95.93000030517578,96.86000061035156,96.16859436035156,2027700
2019-08-26,97.5999984741211,98.9000015258789,97.02999877929688,98.86000061035156,98.15431213378906,1123600
2019-08-27,99.27999877929688,99.88999938964844,98.9499969482422,99.4000015258789,98.69046020507812,1270900
2019-08-28,98.9800033569336,102.4800033569336,98.81999969482422,102.2300033569336,101.50025939941406,1397300
2019-08-29,103.58000183105467,104.5,102.83000183105467,104.12000274658205,103.37677764892578,1000100
2019-08-30,105.4499969482422,105.5,101.41000366210938,101.87999725341795,101.15275573730467,960400
2019-09-03,100.6999969482422,102.0,99.23999786376952,100.19000244140624,99.47482299804688,1287900
2019-09-04,100.5999984741211,101.01000213623048,99.16999816894533,100.3000030517578,99.58403778076172,1124500
2019-09-05,101.4499969482422,103.41000366210938,100.6500015258789,102.9800033569336,102.24491119384766,1466100
2019-09-06,103.72000122070312,104.98999786376952,103.33000183105467,103.54000091552734,102.8009033203125,2036300
2019-09-09,103.81999969482422,104.3499984741211,101.88999938964844,102.58000183105467,101.84776306152344,1756000
2019-09-10,102.44000244140624,106.41000366210938,101.76000213623048,106.38999938964844,105.6305694580078,1262700
2019-09-11,106.08999633789062,106.11000061035156,103.58000183105467,103.8499984741211,103.10869598388672,982200
2019-09-12,104.38999938964844,104.5,98.7699966430664,99.33999633789062,98.63088989257812,2116000
2019-09-13,100.04000091552734,100.19000244140624,96.91999816894533,97.0999984741211,96.4068832397461,2245700
2019-09-16,96.83000183105467,97.91000366210938,95.3499984741211,95.66000366210938,94.97716522216795,1609300
2019-09-17,95.61000061035156,97.2699966430664,94.6500015258789,96.18000030517578,95.49344635009766,1253600
2019-09-18,96.01000213623048,96.6999969482422,92.52999877929688,93.5500030517578,92.8822250366211,2234800
2019-09-19,93.69000244140624,93.8499984741211,91.8000030517578,92.08000183105467,91.42271423339844,1744600
2019-09-20,91.3499984741211,92.51000213623048,90.25,90.38999938964844,89.7447738647461,2174000
2019-09-23,90.0999984741211,93.45999908447266,90.08999633789062,92.16000366210938,91.50214385986328,1473400
2019-09-24,91.83999633789062,92.91000366210938,90.91000366210938,91.37999725341795,90.72770690917967,928100
2019-09-25,91.37000274658205,91.6999969482422,89.83999633789062,90.61000061035156,89.96320343017578,1151200
2019-09-26,89.8499984741211,90.47000122070312,88.41000366210938,88.95999908447266,88.32498168945312,1796700
2019-09-27,89.62999725341797,90.0,88.68000030517578,89.01000213623047,88.37462615966797,1375700
2019-09-30,89.33000183105469,91.0,89.33000183105469,90.44000244140624,89.79442596435547,1760300
2019-10-01,91.80999755859376,92.0199966430664,89.16000366210938,89.80000305175781,89.15898895263672,1456200
2019-10-02,90.1500015258789,91.05999755859376,89.06999969482422,90.56999969482422,89.9234848022461,2713400
2019-10-03,90.70999908447266,93.30999755859376,90.27999877929688,93.16000366210938,92.49500274658205,2802500
2019-10-04,93.01000213623048,94.33999633789062,92.5,93.11000061035156,92.4453582763672,1353400
2019-10-07,93.06999969482422,93.97000122070312,91.87000274658205,92.0500030517578,91.39292907714844,1696600
2019-10-08,92.2699966430664,93.5500030517578,90.6500015258789,92.06999969482422,91.41278076171876,2287900
2019-10-09,92.37999725341795,93.9499969482422,92.37999725341795,92.98999786376952,92.3262176513672,1245000
2019-10-10,92.5500030517578,93.51000213623048,92.45999908447266,93.12000274658205,92.45529174804688,1081700
2019-10-11,94.2699966430664,95.31999969482422,93.5,94.30999755859376,93.63678741455078,1744300
2019-10-14,94.05999755859376,94.54000091552734,92.8499984741211,93.75,93.08079528808594,718400
2019-10-15,93.30999755859376,94.08999633789062,92.66000366210938,93.79000091552734,93.1205062866211,1101400
2019-10-16,93.7300033569336,94.73999786376952,93.38999938964844,93.4499969482422,92.78292846679688,1245100
2019-10-17,94.12000274658205,94.29000091552734,92.6999969482422,92.9000015258789,92.2368621826172,1492300
2019-10-18,92.4000015258789,93.88999938964844,92.08999633789062,93.31999969482422,92.65386199951172,2214300
2019-10-21,93.98999786376952,93.98999786376952,92.20999908447266,92.44000244140624,91.78014373779295,1478000
2019-10-22,92.47000122070312,94.6500015258789,91.98999786376952,94.13999938964844,93.46800231933594,1183500
2019-10-23,94.01000213623048,95.3000030517578,93.1500015258789,95.12000274658205,94.4410171508789,2775600
2019-10-24,97.95999908447266,98.8499984741211,94.93000030517578,98.0,97.30045318603516,3820400
2019-10-25,97.0500030517578,97.69000244140624,95.5999984741211,96.45999908447266,95.77144622802734,1910900
2019-10-28,96.95999908447266,97.6500015258789,95.5199966430664,95.70999908447266,95.02680206298828,995500
2019-10-29,95.2300033569336,95.5199966430664,93.93000030517578,95.45999908447266,94.77857971191406,1433300
2019-10-30,95.29000091552734,97.12999725341795,95.26000213623048,97.01000213623048,96.31752014160156,1112900
2019-10-31,96.68000030517578,96.7699966430664,94.45999908447266,95.0199966430664,94.34172058105467,1168000
2019-11-01,95.70999908447266,95.88999938964844,95.12999725341795,95.77999877929688,95.09629821777344,825800
2019-11-04,96.20999908447266,97.44000244140624,95.86000061035156,96.5999984741211,95.9104461669922,1152500
2019-11-05,96.95999908447266,98.1999969482422,96.51000213623048,97.56999969482422,96.87352752685548,968000
2019-11-06,97.3499984741211,97.55999755859376,95.08999633789062,95.93000030517578,95.24523162841795,994600
2019-11-07,96.02999877929688,97.02999877929688,94.76000213623048,94.9000015258789,94.22258758544922,1082600
2019-11-08,94.76000213623048,95.19000244140624,94.02999877929688,94.81999969482422,94.14315032958984,796600
2019-11-11,94.72000122070312,96.5199966430664,94.3000030517578,96.4499969482422,95.7615203857422,857000
2019-11-12,96.12999725341795,96.66999816894533,95.11000061035156,96.62999725341795,95.9402313232422,887400
2019-11-13,96.18000030517578,98.08999633789062,95.16000366210938,96.93000030517578,96.23809051513672,1031900
2019-11-14,97.0199966430664,98.27999877929688,95.1999969482422,97.55999755859376,96.86358642578124,856500
2019-11-15,97.5,98.72000122070312,97.5,98.48999786376952,97.78694915771484,1342600
2019-11-18,98.30999755859376,98.9800033569336,96.6500015258789,97.8000030517578,97.10188293457033,1055300
2019-11-19,97.66999816894533,97.73999786376952,96.37000274658205,96.54000091552734,95.8508758544922,1275200
2019-11-20,96.51000213623048,96.97000122070312,95.4000015258789,96.86000061035156,96.16859436035156,911300
2019-11-21,96.7699966430664,98.0,96.61000061035156,96.8000030517578,96.10902404785156,1202600
2019-11-22,96.66000366210938,97.3499984741211,96.16000366210938,97.20999908447266,96.8663330078125,910900
2019-11-25,97.9000015258789,98.20999908447266,95.44000244140624,95.70999908447266,95.37163543701172,2001300
2019-11-26,95.5,97.3000030517578,95.30999755859376,95.9000015258789,95.56096649169922,1700100
2019-11-27,96.0,96.3000030517578,95.05999755859376,95.48999786376952,95.15241241455078,571100
2019-11-29,95.30999755859376,95.44000244140624,94.20999908447266,94.44000244140624,94.10612487792967,779700
2019-12-02,94.9000015258789,96.19000244140624,94.52999877929688,95.77999877929688,95.4413833618164,1241000
2019-12-03,94.63999938964844,95.83000183105467,93.55999755859376,94.6500015258789,94.3153839111328,1141200
2019-12-04,94.9000015258789,96.54000091552734,94.9000015258789,95.72000122070312,95.38159942626952,841300
2019-12-05,96.52999877929688,98.55999755859376,96.2699966430664,96.44000244140624,96.09905242919922,1206000
2019-12-06,97.5500030517578,98.30999755859376,96.19000244140624,97.5,97.15530395507812,943600
2019-12-09,97.06999969482422,99.37000274658205,97.06999969482422,97.52999877929688,97.18519592285156,1298200
2019-12-10,98.06999969482422,98.22000122070312,97.08000183105467,97.1999969482422,96.85636138916016,848600
2019-12-11,97.1500015258789,97.9800033569336,96.62000274658205,97.02999877929688,96.6869659423828,660400
2019-12-12,97.0199966430664,98.62000274658205,96.5500030517578,98.2699966430664,97.92257690429688,956100
2019-12-13,98.22000122070312,98.4800033569336,94.91999816894533,94.93000030517578,94.59439086914062,1095000
2019-12-16,95.25,95.61000061035156,93.62999725341795,93.72000122070312,93.388671875,1386000
2019-12-17,93.44000244140624,94.43000030517578,93.05999755859376,93.4499969482422,93.11962127685548,2015900
2019-12-18,93.93000030517578,94.08999633789062,92.01000213623048,93.11000061035156,92.78082275390624,1341800
2019-12-19,92.5199966430664,92.97000122070312,91.6500015258789,91.80999755859376,91.48542022705078,1299800
2019-12-20,92.5199966430664,93.33000183105467,91.63999938964844,92.16999816894533,91.84414672851562,2534900
2019-12-23,92.36000061035156,93.06999969482422,91.8499984741211,92.13999938964844,91.8142547607422,854100
2019-12-24,92.36000061035156,93.9499969482422,92.26000213623048,93.55999755859376,93.22923278808594,410800
2019-12-26,93.6500015258789,94.05999755859376,92.16999816894533,92.4800033569336,92.1530532836914,1123100
2019-12-27,93.08999633789062,93.62000274658205,92.16999816894533,92.3000030517578,91.97369384765624,1146200
2019-12-30,92.31999969482422,93.45999908447266,91.87000274658205,92.9000015258789,92.57157135009766,1214500
2019-12-31,92.70999908447266,93.76000213623048,92.5199966430664,93.44000244140624,93.1096649169922,894100
2020-01-02,93.69000244140624,94.08999633789062,92.47000122070312,93.11000061035156,92.78082275390624,1068900
2020-01-03,92.62000274658205,92.87000274658205,91.76000213623048,91.95999908447266,91.6348876953125,1527300
2020-01-06,91.12999725341795,91.6500015258789,90.16000366210938,91.6500015258789,91.32598876953124,1393400
2020-01-07,90.7699966430664,91.63999938964844,88.27999877929688,90.01000213623047,89.69178771972656,2721700
2020-01-08,90.0199966430664,92.19000244140624,90.0199966430664,91.70999908447266,91.38577270507812,1449500
2020-01-09,91.5,91.95999908447266,90.5,90.80999755859376,90.48895263671876,1116600
2020-01-10,91.0,91.7300033569336,90.51000213623048,91.2699966430664,90.94732666015624,1345000
2020-01-13,91.11000061035156,91.12000274658205,90.19000244140624,90.38999938964844,90.07044219970703,970000
2020-01-14,90.33000183105467,91.38999938964844,89.87000274658203,90.18000030517578,89.8611831665039,1312500
2020-01-15,89.91999816894531,91.04000091552734,89.8499984741211,90.38999938964844,90.07044219970703,1324900
2020-01-16,90.94000244140624,92.05999755859376,90.54000091552734,91.08999633789062,90.76795959472656,1176800
2020-01-17,91.13999938964844,92.91000366210938,90.5999984741211,92.79000091552734,92.4619598388672,1370700
2020-01-21,93.55999755859376,94.98999786376952,93.38999938964844,93.63999938964844,93.30895233154295,2176400
2020-01-22,93.81999969482422,93.9800033569336,92.73999786376952,92.87000274658205,92.54167938232422,997800
2020-01-23,92.3499984741211,93.69000244140624,91.45999908447266,93.66000366210938,93.32888793945312,1082800
2020-01-24,93.54000091552734,94.1999969482422,92.8499984741211,93.56999969482422,93.23919677734376,1935600
2020-01-27,92.3000030517578,94.30999755859376,92.12000274658205,93.98999786376952,93.65771484375,1462000
2020-01-28,93.93000030517578,96.3000030517578,93.75,94.98999786376952,94.6541748046875,2644700
2020-01-29,95.0500030517578,96.2300033569336,94.8000030517578,95.0199966430664,94.68406677246094,2129900
2020-01-30,88.80000305175781,96.31999969482422,88.0199966430664,93.83000183105467,93.49828338623048,4613900
2020-01-31,94.9000015258789,96.0,90.54000091552734,92.9499969482422,92.62139129638672,2800900
2020-02-03,93.9800033569336,95.98999786376952,93.9800033569336,94.41000366210938,94.07623291015624,2263600
2020-02-04,95.30999755859376,96.41000366210938,90.95999908447266,91.0999984741211,90.7779312133789,2623700
2020-02-05,92.01000213623048,93.9800033569336,91.62000274658205,93.97000122070312,93.63778686523438,2094600
2020-02-06,94.8499984741211,96.77999877929688,94.0999984741211,96.58999633789062,96.24851989746094,1665500
2020-02-07,95.91000366210938,96.5999984741211,95.4000015258789,96.5500030517578,96.20866394042967,1010700
2020-02-10,96.16999816894533,99.12000274658205,96.16999816894533,97.52999877929688,97.18519592285156,2112900
2020-02-11,97.81999969482422,97.81999969482422,96.16000366210938,97.56999969482422,97.22505950927734,1224800
2020-02-12,97.62999725341795,99.12999725341795,97.43000030517578,98.52999877929688,98.1816635131836,907800
2020-02-13,98.3499984741211,98.66999816894533,97.33000183105467,98.26000213623048,97.9126205444336,950700
2020-02-14,98.05999755859376,98.5999984741211,97.58000183105467,98.16999816894533,97.82293701171876,675700
2020-02-18,98.5500030517578,99.0,97.02999877929688,97.83000183105467,97.48413848876952,768900
2020-02-19,98.41999816894533,99.5999984741211,97.98999786376952,98.63999938964844,98.29127502441406,881700
2020-02-20,98.31999969482422,99.1999969482422,96.87999725341795,99.0,98.6500015258789,979100
2020-02-21,98.2699966430664,100.16000366210938,98.16999816894533,99.77999877929688,99.77999877929688,1349600
2020-02-24,97.83000183105467,98.9800033569336,96.33000183105467,96.45999908447266,96.45999908447266,1563500
2020-02-25,96.95999908447266,97.75,92.9000015258789,93.1500015258789,93.1500015258789,1335600
2020-02-26,93.75,95.4800033569336,91.44000244140624,91.48999786376952,91.48999786376952,1384700
2020-02-27,90.38999938964844,94.3499984741211,88.76000213623047,90.43000030517578,90.43000030517578,1941400
2020-02-28,88.2699966430664,90.26000213623048,86.62000274658203,88.51000213623047,88.51000213623047,3318600
2020-03-02,88.5,91.52999877929688,87.68000030517578,91.4800033569336,91.4800033569336,1659800
2020-03-03,91.08000183105467,94.8000030517578,90.8000030517578,93.13999938964844,93.13999938964844,2324800
2020-03-04,94.52999877929688,96.37999725341795,93.04000091552734,96.3499984741211,96.3499984741211,1611200
2020-03-05,94.58000183105467,95.9000015258789,92.45999908447266,93.6500015258789,93.6500015258789,1179200
2020-03-06,91.9000015258789,92.87000274658205,89.5199966430664,91.4800033569336,91.4800033569336,1761000
2020-03-09,86.51000213623047,86.63999938964844,77.5,80.83999633789062,80.83999633789062,4000600
2020-03-10,83.33000183105469,87.1500015258789,80.3499984741211,86.94999694824219,86.94999694824219,2606900
2020-03-11,83.43000030517578,85.11000061035156,82.0,83.30000305175781,83.30000305175781,2439900
2020-03-12,77.06999969482422,81.87999725341797,71.79000091552734,76.51000213623047,76.51000213623047,2929200
2020-03-13,79.95999908447266,81.18000030517578,71.08999633789062,76.20999908447266,76.20999908447266,2399700
2020-03-16,70.68000030517578,74.69999694824219,66.87000274658203,67.36000061035156,67.36000061035156,2245300
2020-03-17,68.66000366210938,71.05999755859375,63.88999938964844,70.58000183105469,70.58000183105469,3537800
2020-03-18,66.93000030517578,72.95999908447266,64.19000244140625,72.51000213623047,72.51000213623047,2190000
2020-03-19,71.80999755859375,80.27999877929688,71.5,76.38999938964844,76.38999938964844,2291000
2020-03-20,75.81999969482422,79.48999786376953,74.54000091552734,75.91000366210938,75.91000366210938,2447300
2020-03-23,76.37000274658203,79.9000015258789,74.80999755859375,78.05999755859375,78.05999755859375,2057700
2020-03-24,80.6500015258789,84.63999938964844,78.66999816894531,80.0199966430664,80.0199966430664,2012000
2020-03-25,80.08000183105469,82.7300033569336,75.83999633789062,76.93000030517578,76.93000030517578,1648600
2020-03-26,77.69999694824219,83.87999725341797,77.69999694824219,83.4800033569336,83.4800033569336,1529600
2020-03-27,83.0,85.7300033569336,82.41000366210938,83.0999984741211,83.0999984741211,1578400
2020-03-30,84.08999633789062,86.5,82.1500015258789,85.55000305175781,85.55000305175781,1234800
2020-03-31,84.77999877929688,86.79000091552734,84.08999633789062,84.55000305175781,84.55000305175781,1663900
2020-04-01,82.69999694824219,87.25,81.01000213623047,84.0,84.0,1752700
2020-04-02,15.09731399689628,15.770245534349836,14.957272054972483,15.30465030670166,,7685000
2020-04-03,15.244631170625532,15.444691323458438,14.40801330549122,14.458937644958496,,7358500
2020-04-06,15.02092825058041,16.072156939853475,14.920899030301358,15.997588157653809,,12578500
2020-04-07,16.372245828433517,16.505013348457897,15.588371792824349,15.730233192443848,,14674000
2020-04-08,15.842990406698927,16.588670962241434,15.49924949410677,16.495914459228516,,12161000
2020-04-09,16.78510222576786,16.78510222576786,15.973946392718656,16.046695709228516,,9934000
2020-04-13,16.0339647740405,16.34860648152752,15.71932306655348,16.30859375,,7087500
2020-04-14,16.29222095105779,17.01607671715355,16.266758783804576,16.906951904296875,,6805500
2020-04-15,16.150358063007364,16.72325850752585,16.05942101647811,16.503192901611328,,6705500
2020-04-16,16.725077192829573,16.755996030027163,16.306767492198237,16.58685302734375,,6777000
2020-04-17,16.936053437092887,17.094283118858602,16.443176633448395,16.863304138183594,,6556000
2020-04-20,16.626869469462576,17.161576761442284,16.448632549149206,16.992435455322266,,7909000
2020-04-21,16.6305064348207,17.176127068386347,16.626869229883887,16.9378719329834,,7559500
2020-04-22,17.116112984474196,17.532603403729507,16.846938940379346,17.356185913085938,,10274500
2020-04-23,17.350723079118058,17.689007382601996,16.93423280768074,17.292524337768555,,11874500
2020-04-24,17.64172295139192,18.552909601496317,17.47076217125614,18.547452926635746,,15867000
2020-04-27,18.76570453599952,19.09671454619293,18.44197067187933,18.74933624267578,,10810000
2020-04-28,19.05305963697185,19.096709564101157,18.685675930180437,18.72204971313477,,8876500
2020-04-29,18.731144799990723,18.92938722003588,18.36012386443414,18.391042709350582,,8831500
2020-04-30,18.187343651657915,18.55109017779502,18.012745666008154,18.44742202758789,,6966000
2020-05-01,18.12186379506831,18.63656546561548,18.10367777460075,18.56745338439941,,5279500
2020-05-04,18.576549780129497,18.82207930176346,18.478338318371915,18.631113052368164,,4447500
2020-05-05,18.860273362997876,19.176732723883934,18.798437413405928,19.114896774291992,,9781000
2020-05-06,19.29858633301392,19.32041129336317,19.06215070796361,19.10580062866211,,4983000
2020-05-07,19.289491368585917,19.5441147353332,19.093068470985333,19.12762451171875,,5725000
2020-05-08,19.376795427878324,19.6095921517595,19.184009692370388,19.49864959716797,,4665500
2020-05-11,19.49501361934173,19.96788497562705,19.33496445233433,19.838754653930664,,6298000
2020-05-12,19.97333620834069,20.02426053522197,19.585945348805552,19.59321975708008,,4962000
2020-05-13,19.531392668130103,19.71872177468285,19.087620607179577,19.369524002075195,,7816000
2020-05-14,19.23493146731818,19.458636016387626,19.078519536122336,19.42953491210937,,5780000
2020-05-15,19.480465413895264,20.366188199133276,19.416808251459063,20.31890106201172,,16829500
2020-05-18,20.542603818259195,20.713564590705037,19.876946753059308,19.962427139282227,,8730500
2020-05-19,19.860579510326755,20.29161866907338,19.51320127251346,19.83511734008789,,7796500
2020-05-20,19.949692290562567,20.12610970433565,19.462272234092485,19.60413360595703,,7782000
2020-05-21,19.70052776736183,19.89877016292015,19.569579728187183,19.815109252929688,,5600500
2020-05-22,20.006694266119457,20.442773269666983,19.878973110298105,20.408105850219727,,6918500
2020-05-26,20.647129841827677,20.68362259977212,20.23477142145007,20.29133415222168,,7386000
2020-05-27,21.12882235170953,21.957189830576816,20.559547876720767,21.851362228393555,,20580000
2020-05-28,22.01374490854877,22.214451536007022,21.575842386936124,21.70903778076172,,11292500
2020-05-29,21.694441275555217,22.354943960332047,21.590439038984588,22.26371383666992,,12767000
2020-06-01,22.269191151802445,22.703444790340345,22.269191151802445,22.380491256713867,,7817500
2020-06-02,22.130521321649223,22.610390894790843,22.09403031148752,22.58119773864746,,6455500
2020-06-03,22.62498330526422,22.62680863853781,22.114097056970728,22.41880416870117,,7131500
2020-06-04,22.396916250533884,22.650534995020468,22.041120570730797,22.32940673828125,,8005000
2020-06-05,22.6231613211904,22.661477662032524,22.050238061822075,22.28378677368164,,7780500
2020-06-08,21.94806595237909,22.303861618041992,21.802098410565065,22.303861618041992,,7087500
2020-06-09,22.260071551424847,22.44800611465725,22.12505252898628,22.340354919433597,,4937500
2020-06-10,22.513685018840174,22.645056822955084,22.0046240630874,22.13051986694336,,3960000
2020-06-11,21.94259055634584,22.500916461915853,21.641532299413942,21.751007080078125,,7411000
2020-06-12,21.94076316366936,22.229049277801373,21.37331412294959,21.61233711242676,,4685000
2020-06-15,21.2875612385874,22.267370489628224,21.189033235366423,22.163368225097656,,6332000
2020-06-16,22.42427913272687,22.621335089250557,22.07030715226068,22.59579086303711,,6058500
2020-06-17,22.74540990293636,22.98078396585075,22.624986611238803,22.77095413208008,,6004500
2020-06-18,22.80744857282458,23.00632990023478,22.6669553021207,22.924222946166992,,5730500
2020-06-19,23.27637032222436,23.424163191766475,22.59579577295205,23.29461669921875,,12680000
2020-06-22,23.124922632068557,23.86388505138932,23.031868917223715,23.737987518310547,,6168500
2020-06-23,23.758057670063263,24.064590115586864,23.5409317537002,23.584720611572266,,8975500
2020-06-24,23.11762719213046,24.0299250237376,23.11762719213046,23.9642391204834,,8523500
2020-06-25,23.982483485526163,23.982483485526163,23.46612297001677,23.86935806274414,,4156000
2020-06-26,23.9003826729172,24.1485271412497,23.540938086581583,23.71609878540039,,8234000
2020-06-29,23.71974555062499,24.21238725498704,23.61939222416528,24.013505935668945,,5359000
2020-06-30,24.163124859659447,24.22881077497271,23.794557080530637,24.046350479125977,,4895000
2020-07-01,24.1138516549907,24.35104926159354,23.845637305273044,24.20873069763184,,4525500
2020-07-02,24.504321920516965,24.613796693048773,24.064594016676867,24.166770935058597,,3605000
2020-07-06,24.49702445604316,24.54081506489105,24.252528920057777,24.40579605102539,,2942000
2020-07-07,24.29996319365863,24.71049788761029,24.248874741090408,24.49154663085937,,4117000
2020-07-08,24.47695064728448,24.759762486648366,24.259822970822647,24.74334144592285,,3673000
2020-07-09,24.90573225771935,25.190369456332284,24.661236737906755,25.124685287475582,,4882500
2020-07-10,25.124681956843308,25.29801728398953,24.814500569222776,25.256052017211918,,3257000
2020-07-13,25.41479483665753,25.72680159691901,24.66853616715181,24.737869262695312,,4289000
2020-07-14,24.73786856442035,25.496901067548816,24.553584699208518,25.48230361938477,,4605500
2020-07-15,25.816207177256537,25.88189308771685,25.24510917315792,25.39837455749512,,7059500
2020-07-16,25.37830063260082,26.0150844479207,25.37830063260082,25.93662643432617,,7691000
2020-07-17,26.19206897275249,26.2176149398287,25.584480044625263,25.68483161926269,,6628000
2020-07-20,25.909259553516748,26.57888725823021,25.752345250170976,26.400075912475582,,6872500
2020-07-21,26.296074759887368,26.449341882661138,25.5534650031162,26.277830123901367,,8844500
2020-07-22,26.35628396992807,26.710255976354475,26.27782769227277,26.62997436523437,,8418000
2020-07-23,27.85062791921319,28.186353547003623,26.32161622002046,26.63909721374512,,16538000
2020-07-24,26.157403999523268,26.774116130964213,25.89283679550765,26.73579978942871,,8314000
2020-07-27,26.97664498349145,26.991242430028706,26.000486640656923,26.091716766357425,,8091500
2020-07-28,26.04610223093956,26.370881078242107,25.87276689688545,26.104490280151367,,6600500
2020-07-29,26.261406374307317,26.73032743324786,26.223090030042457,26.54056930541992,,7480500
2020-07-30,26.27600330361776,26.467585021157877,26.05522669001145,26.168352127075195,,4378500
2020-07-31,26.40189809998719,26.40189809998719,25.69395413555696,26.04427719116211,,7330000
2020-08-03,26.228565454359966,27.04233538785906,26.166528471329144,26.898191452026367,,9556500
2020-08-04,26.78141688542717,27.12808930770897,26.63909829352536,27.045982360839844,,5471500
2020-08-05,27.080653102133528,27.15363687052617,26.54969501252961,26.863525390625,,5120500
2020-08-06,26.95475670577871,27.142691266099263,26.675593736061405,27.029565811157227,,5181500
2020-08-07,26.97482494817492,27.34704161323573,26.938332197053388,27.02226448059082,,4961500
2020-08-10,27.062407408305862,27.07153059709408,26.677418585837096,26.84893035888672,,3676500
2020-08-11,27.00583819323822,27.05875197946827,26.237684326578464,26.47670555114746,,5878500
2020-08-12,26.639094191102924,27.22113884340392,26.416492280058183,27.201068878173828,,7740000
2020-08-13,27.111672504799195,27.383537616705567,26.958405367983406,27.133567810058597,,4900500
2020-08-14,27.042330732194248,27.401775232964223,26.941977420475617,27.113489151000977,,3799000
2020-08-17,27.175528554358124,28.038561544117897,27.14451006540814,28.022140502929688,,5251000
2020-08-18,28.166288525242,28.32685177363435,27.587890892080235,27.919967651367188,,4457000
2020-08-19,27.918141586578223,28.151690338213925,27.81049039919133,28.08418083190918,,4913500
2020-08-20,27.894416879887565,28.186351888603536,27.713781962739315,27.794063568115234,,5620500
2020-08-21,27.92395479661991,28.388621754892544,27.80687298740486,28.04103660583496,,7192500
2020-08-24,28.2971544511124,28.300812985213906,27.788579828671885,28.084943771362305,,4852000
2020-08-25,28.13250792810093,28.17092515276713,27.8141927839231,28.039207458496094,,7895500
2020-08-26,28.02091366163912,28.333740119816195,27.81785019962365,28.288005828857425,,5556500
2020-08-27,28.297150681052337,28.458136627978732,27.3495206889594,27.62759017944336,,6775500
2020-08-28,27.57820061727271,27.66784081335925,26.80619405580718,26.87571144104004,,7209000
2020-08-31,26.89217424824437,27.29098412181026,26.58483470523181,27.22695541381836,,11241000
2020-09-01,27.184871130828174,27.766621520421623,27.12816124978605,27.261707305908203,,7040500
2020-09-02,27.32939970256473,27.563563315978456,26.90497837133378,27.367816925048828,,5879500
2020-09-03,27.005593120105697,27.155603460723896,26.2756624788333,26.63239479064941,,7688500
2020-09-04,26.63605837687749,26.80070287186695,25.743309799951536,25.99210929870605,,6825500
2020-09-08,25.587814208618585,25.887834947008024,24.88166477277739,25.01886940002441,,7970500
2020-09-09,25.34815983748362,25.99576743980381,25.2987670131286,25.900638580322266,,5386000
2020-09-10,25.90063902895793,26.118338372767784,25.148755347107205,25.209125518798828,,5645500
2020-09-11,25.32986854469166,25.629891040277148,25.08472929802096,25.18168830871582,,4249500
2020-09-14,25.412185382811064,25.65366603537432,25.26949211132813,25.27132225036621,,4750500
2020-09-15,25.40304126519252,25.87685716668423,25.371942854973543,25.772581100463867,,5251000
2020-09-16,25.856733085654405,25.895150308965952,25.242055768018247,25.29144859313965,,4592000
2020-09-17,24.97679490058184,25.46524500331267,24.88166602855448,25.273157119750977,,4203500
2020-09-18,25.33352395409528,25.692086444045447,24.98410867116925,25.26583671569824,,7675500
2020-09-21,25.15424275199524,25.51097509091694,24.98410784732875,25.165218353271484,,5399000
2020-09-22,25.23107683102292,25.93173750293205,25.035332192868047,25.906126022338867,,5319000
2020-09-23,25.91893643217984,26.26103294811381,25.47988090463839,25.598791122436523,,5525000
2020-09-24,25.43048618869361,25.71953133776049,25.24754551423546,25.29328155517578,,4141000
2020-09-25,25.31340452916792,25.53293229313837,25.01155363562712,25.46707344055176,,8514000
2020-09-28,25.721355369309855,25.9829588316906,25.50731458677002,25.981128692626957,,4824500
2020-09-29,25.959171577231697,26.145770711749904,25.761596844048125,25.79086685180664,,4753000
2020-09-30,25.90978592445684,26.49519321996336,25.8091683912974,26.222612380981445,,7758000
2020-10-01,26.290302868161795,26.49153620133956,25.88966459653477,25.986621856689453,,6929500
2020-10-02,25.726845942278963,26.03967415160178,25.633547219139565,25.725017547607425,,4626000
2020-10-05,25.886006640808727,26.438485467751875,25.827466600516782,26.41653251647949,,4867500
2020-10-06,26.400057301756224,26.520797611406326,25.814650162762007,25.93539047241211,,4955000
2020-10-07,26.017722012604327,26.96535038807025,26.017722012604327,26.670818328857425,,6472500
2020-10-08,26.733013436233897,27.38610966791487,26.562880281993035,27.29829788208008,,5124000
2020-10-09,27.457454522031515,27.841628455302136,27.195851057023653,27.428184509277344,,4502500
2020-10-12,27.71540484497494,27.971521431861166,27.481242952739134,27.61295890808105,,7032500
2020-10-13,27.51416746457541,28.05932911095593,27.51416746457541,27.975175857543945,,5656500
2020-10-14,28.01176720970144,28.734379145309276,27.585517465301358,27.78675079345703,,7354500
2020-10-15,27.605640862055555,28.14165536163199,27.52331773863778,27.82516860961914,,5751500
2020-10-16,27.88187631208272,28.212997153712823,27.7300358283492,28.006275177001957,,11402500
2020-10-19,28.21848252675402,28.355687115479363,27.556239176280236,27.620267868041992,,6112500
2020-10-20,27.73918603912846,27.89651346794444,27.223294366379804,27.38611221313477,,5797500
2020-10-21,27.473928432148742,27.666016338488,27.172077503317173,27.280012130737305,,6215000
2020-10-22,25.993938503421017,26.036016006614844,24.898128174059845,25.06643295288086,,22062000
2020-10-23,25.187171997569862,25.6628162923972,24.92922704160051,25.57866477966309,,9742000
2020-10-26,25.412187995208345,25.565858627414983,24.539564003865944,24.852392196655277,,8191500
2020-10-27,24.99142894454157,25.179856535230325,24.534079034506554,24.54322624206543,,6728000
2020-10-28,24.221250688933672,24.8578827233908,24.00721161607004,24.25052070617676,,6403500
2020-10-29,24.250517768395657,24.53956286103962,23.952327214000437,24.33467102050781,,6328000
2020-10-30,24.26698651754637,24.4426083641442,23.965135650901004,24.36943244934082,,6968500
2020-11-02,24.623717798205348,24.846904066815245,24.06392198741438,24.40419006347656,,6605500
2020-11-03,24.696889776245243,25.12862810917653,24.612738276428672,24.87800025939941,,6252500
2020-11-04,25.163390492369768,25.32803672756422,24.76275225054398,24.84873390197754,,7542500
2020-11-05,25.04814024607914,25.664647721073013,24.936545362159997,25.42499542236328,,6350000
2020-11-06,25.41035988455481,25.76892237084161,25.093873154428103,25.69391632080078,,4240000
2020-11-09,24.779219528447907,25.060947603808057,23.705362080344266,23.709020614624023,,11130000
2020-11-10,23.454734508621858,23.84622559674425,23.376069914168543,23.751096725463867,,9858500
2020-11-11,24.093193894094885,24.48285656976353,24.04197092643635,24.33833312988281,,4771000
2020-11-12,24.3145480891967,24.438946955263837,23.60291183443436,23.93037414550781,,5707000
2020-11-13,24.056605010629536,24.343821750354543,23.816954448942536,24.14441680908203,,5013000
2020-11-16,24.14258333114135,24.356624124108,23.961472830366382,24.29808235168457,,9590500
2020-11-17,24.16271450130224,24.55237548431227,23.987092625232204,24.08953857421875,,7297000
2020-11-18,24.148075433794443,24.250521369272192,23.43461067497271,23.49315071105957,,7430500
2020-11-19,23.500466970155443,24.109657377760357,23.416315453096956,24.0108699798584,,6240500
2020-11-20,23.86406726396294,24.11179156341213,23.56496342092152,23.799842834472656,,6622500
2020-11-23,23.90077156751499,24.75771289813112,23.897101849287356,24.56687355041504,,9566500
2020-11-24,24.796240334233715,24.910010316040943,24.42373866796462,24.59255790710449,,8477000
2020-11-25,24.56870755520754,24.69532245006577,24.2512533260658,24.57054328918457,,6155000
2020-11-27,24.7705540232851,25.610980619190105,24.651280324077405,25.574281692504883,,5583000
2020-11-30,25.47886147647181,25.94127914250382,25.236642615693874,25.838520050048828,,14473000
2020-12-01,25.845862609935825,26.35599016627873,25.445833594538357,25.62933349609375,,6746500
2020-12-02,25.629330785793428,25.68071033279921,25.076998905496666,25.097183227539062,,5030000
2020-12-03,25.00176767573148,25.17425668329467,24.51732986726129,24.735692977905277,,5263000
2020-12-04,24.887994823582112,24.972405333611583,24.53017196037602,24.658620834350582,,5266500
2020-12-07,24.71000482753092,25.27885319311413,24.61275116259956,25.179763793945312,,7120000
2020-12-08,25.13755794570436,25.251326212222462,24.78156902308849,25.058652877807617,,4918000
2020-12-09,24.955889582794374,25.209117601289137,24.612745606660305,24.87881851196289,,4405000
2020-12-10,24.8421195730115,25.08800815606086,24.515490201509227,24.94671440124512,,3751000
2020-12-11,24.82927411106705,25.51189057953757,24.80541832185437,25.44399642944336,,5792500
2020-12-14,25.588963182941303,25.987156465655215,25.48436834370561,25.78714370727539,,6661500
2020-12-15,25.884398610982736,26.223872921395863,25.721084775155155,25.89724349975586,,5175500
2020-12-16,25.900908831047705,26.57435188548345,25.900908831047705,26.466087341308597,,5558000
2020-12-17,26.56334184192456,26.82391104988992,26.389017125330188,26.700965881347656,,9307000
2020-12-18,26.91199773705315,27.10100136991072,26.66610734092696,26.98906707763672,,11590500
2020-12-21,26.65326112668721,27.403773667907288,26.379848729626573,27.28082847595215,,5834000
2020-12-22,27.2477961009332,27.651494829964903,27.154212167150938,27.482675552368164,,6495000
2020-12-23,27.48818135608232,27.585436765278917,26.78354469788642,26.95603370666504,,4179500
2020-12-24,26.978051836613183,27.15788201906209,26.829418632225185,26.952362060546875,,1845500
2020-12-28,27.14503587104593,27.176231097674112,26.29176434848447,26.29360008239746,,3820000
2020-12-29,26.420213481419022,26.556003542784616,25.89724105924312,26.240385055541992,,4144000
2020-12-30,26.31561999500984,26.554169169096323,26.00917666175501,26.196346282958984,,3147000
2020-12-31,26.280757796507345,26.280757796507345,25.77246591663725,25.79631996154785,,3568500
2021-01-04,25.85503782183729,25.992661873234084,25.34857998270864,25.63667297363281,,6992000
2021-01-05,25.546759120215413,25.83668784927701,25.361425231698757,25.816503524780277,,4284000
2021-01-06,25.57061678136606,26.78171133936675,25.458680746473195,26.767030715942383,,5514500
2021-01-07,26.732165676968364,27.07347398308077,26.62206712660173,26.99640464782715,,4596000
2021-01-08,27.00374226804728,27.425791349355585,26.74500876710666,27.398265838623047,,5349500
2021-01-11,27.31201892040777,27.81480700537489,26.97805010302163,27.433128356933597,,6538000
2021-01-12,27.374409713958205,27.910227015575096,27.33587505185436,27.84600257873535,,5636000
2021-01-13,27.981791175831376,28.28273079009854,27.662502972267475,28.10840606689453,,8150500
2021-01-14,28.178131930052945,28.824049430594684,28.148772441388413,28.70660972595215,,7670500
2021-01-15,28.71395530953272,29.512177625310485,28.67725637833933,28.8974552154541,,9250000
2021-01-19,29.086455832887022,29.238760494143893,28.756156736183907,28.89194679260254,,6037500
2021-01-20,28.91396785978101,28.91396785978101,28.27722543442638,28.50659942626953,,4742500
2021-01-21,28.515773226652087,28.991035792932447,28.4258590181637,28.47540283203125,,3753500
2021-01-22,28.572655502706755,28.871759341199105,28.29373598460881,28.556140899658203,,6198000
2021-01-25,28.662574705717034,29.09196320985185,28.53412582626912,28.65156555175781,,5774500
2021-01-26,28.67175086289976,28.80937491704472,27.72489534040007,27.871694564819336,,5293000
2021-01-27,27.84600592674598,28.523117070821456,26.88446974249056,28.20749855041504,,10872500
2021-01-28,27.567084534784733,28.523115204084664,26.69729836396388,27.422121047973636,,10578000
2021-01-29,27.57809937137947,27.695539114774764,25.97982057061715,26.009180068969727,,10611000
2021-02-01,26.08257715092964,26.734000254012265,25.52657547067817,25.63850975036621,,7154500
2021-02-02,25.69539851007338,26.526650175702176,25.67154271338524,26.273420333862305,,7854000
2021-02-03,26.304610059392115,26.900982101899714,26.24221960418261,26.59637451171875,,5264000
2021-02-04,26.704643720144144,26.92117111717148,26.50095946320929,26.83492660522461,,5537500
2021-02-05,26.83125335560325,27.941424459010573,26.83125335560325,27.800128936767575,,7356500
2021-02-08,28.22034095181147,28.917638109845697,28.15061106100957,28.855249404907227,,8000000
2021-02-09,28.79469650874144,29.45345904518287,28.702946554504265,29.084625244140625,,8233000
2021-02-10,29.3268463144412,29.33418575132838,28.32493967997325,28.70845413208008,,6211500
2021-02-11,28.818546904762524,29.53419260727839,28.761661905334776,28.86992645263672,,7678500
2021-02-12,28.921308041120813,29.41675671626742,28.921308041120813,29.34702682495117,,4726500
2021-02-16,29.424097804644703,29.98377095059656,29.28830948233754,29.71586227416992,,7054500
2021-02-17,29.890180049250453,31.587549531922647,29.890180049250453,31.2407341003418,,10069500
2021-02-18,31.01136932432693,31.81326146741305,30.78933472292658,31.54168128967285,,7798000
2021-02-19,31.727574104508204,31.98156876641472,31.230622074126284,31.536155700683597,,6388000
2021-02-22,31.09810022505728,31.28951862515476,30.302979800399733,30.35819435119629,,7079000
2021-02-23,30.07842748953433,30.56985733723384,29.110294716384843,30.406049728393555,,6640500
2021-02-24,30.5128052520348,30.724472763558648,29.587006508063222,29.647743225097656,,7354000
2021-02-25,29.84468370215587,30.247766130199228,29.49681583292478,29.666149139404297,,6208500
2021-02-26,29.7876250761704,29.88517383595084,29.10477673652764,29.257543563842773,,7891500
2021-03-01,29.50601596650383,30.161253436354205,29.437915797955387,29.916460037231445,,5911500
2021-03-02,30.03057313684837,30.122599720982816,29.13422142883436,29.248334884643555,,4903500
2021-03-03,29.345889464371908,29.73977060130236,28.528680364573177,28.543405532836918,,7028500
2021-03-04,28.475302180605365,28.554446664888065,27.319431821480524,27.923133850097656,,7115000
2021-03-05,28.14768445899904,28.70537321164408,27.38569167892523,28.67960548400879,,4249500
2021-03-08,28.882068123280987,29.95143408292301,28.720098296262037,29.63301658630371,,6827500
2021-03-09,30.26616745590468,30.365555752695283,29.533623295458053,29.55939102172852,,6223500
2021-03-10,29.934872306095745,31.070499067005144,29.824439672170545,30.827545166015625,,7903000
2021-03-11,31.03735132460828,31.96131001895014,30.97845067803214,31.33184051513672,,6571000
2021-03-12,31.618986446020017,32.058877429668726,31.15148116053433,31.473581314086918,,9424500
2021-03-15,31.49934904552391,31.6153038369904,31.24535082959344,31.473581314086918,,4240000
2021-03-16,31.36866104986833,31.47173546557535,31.07417174650674,31.33000946044922,,4540000
2021-03-17,31.2435024871351,31.2435024871351,30.387641921749942,30.993186950683597,,5598500
2021-03-18,30.66373146588703,31.51039095066732,30.66373146588703,31.158843994140625,,4176000
2021-03-19,31.252705570220797,32.04046777384153,31.03551945064112,31.83800506591797,,10343500
2021-03-22,31.98709148359675,32.12881398474587,31.221417854896547,31.94107818603516,,4269000
2021-03-23,31.944765901901047,32.54478543625076,31.58033505042747,31.77543258666992,,8049500
2021-03-24,32.1232870432117,32.1232870432117,31.11650276184082,31.11650276184082,,5522000
2021-03-25,31.188288000451905,31.907948321884746,30.856986645533247,31.738615036010746,,4502000
2021-03-26,31.80120011661026,32.86872493266004,31.62266554576367,32.850318908691406,,4789000
2021-03-29,32.74540417298493,32.865041557919106,32.213483138686904,32.33679962158203,,3789000
2021-03-30,32.390175665946494,32.992038197298974,32.390175665946494,32.58711624145508,,4637500
2021-03-31,32.78773361056538,32.940500424260584,32.27974077477772,32.59263610839844,,5569000
2021-04-01,32.660733408934185,32.76932645927825,32.218995991781185,32.485877990722656,,5196500
2021-04-05,32.74539674938956,33.286518916503674,32.528210658883005,33.19449234008789,,4517500
2021-04-06,33.09879508926539,33.2662853442346,32.64233762915509,33.03989791870117,,4489000
2021-04-07,33.08222788103104,33.17057187024892,32.38465264870326,32.58895492553711,,4358000
2021-04-08,32.6828261897238,32.75828982912741,32.277904224719535,32.51349639892578,,4649000
2021-04-09,32.53189408971328,32.743561562726605,32.294462401613124,32.70490646362305,,4096000
2021-04-12,32.32943051288597,32.85582926912804,32.077271936709515,32.78772735595703,,4970500
2021-04-13,32.89633451464092,33.06198523135688,32.57423784913231,32.93498611450195,,4945000
2021-04-14,32.787733879918136,33.2202665974561,32.67362216652638,32.73619842529297,,4347500
2021-04-15,32.80062075929609,32.92025815164247,32.50613141705106,32.566871643066406,,4527500
2021-04-16,32.75460224275081,33.64543534520858,32.633125320651054,33.328857421875,,15987500
2021-04-19,33.93440358824524,33.95648870635081,33.152163519633284,33.69697189331055,,6556500
2021-04-20,33.787152422231976,34.21416288525814,32.953377061520804,33.32332992553711,,5943000
2021-04-21,33.3417442838943,33.63991621426618,33.00308121270992,33.15953063964844,,7204500
2021-04-22,34.219690129534946,35.25408536566347,33.952811594847255,34.62277603149414,,12499500
2021-04-23,34.42214937358555,35.02401182101988,34.12398098363217,34.85652160644531,,4969000
2021-04-26,34.851003229383785,35.25040652573865,34.42215310695,35.14549255371094,,4724000
2021-04-27,35.279842475618466,35.49334945181822,34.75344376054648,35.06265640258789,,4858000
2021-04-28,35.08659515943384,35.38292754137773,34.62461560541496,34.71296310424805,,3479500
2021-04-29,34.9356608607413,35.138120014682826,34.49392349984132,35.06265640258789,,3303500
2021-04-30,34.76633810910612,35.154697087823855,34.32644367450069,34.71296310424805,,4416000
2021-05-03,35.14916962006086,35.6148317122589,34.80498444275844,35.49335479736328,,4085500
2021-05-04,35.07555154118136,35.81729701937603,34.77554005533722,35.77680587768555,,6459500
2021-05-05,35.74919229213664,35.99398566927108,35.34242735564141,35.81913375854492,,4590500
2021-05-06,35.8909158865041,36.0933785866883,35.59826614984236,35.87067031860352,,4388000
2021-05-07,36.00134984848229,36.09705904537628,35.6792532774878,35.975582122802734,,3191000
2021-05-10,36.25166969040208,36.94924493630645,35.973746832045954,36.01976013183594,,4273500
2021-05-11,35.822813612195354,35.905638942306666,34.69639193115275,35.202545166015625,,6270500
2021-05-12,34.81603826096374,35.05899215708203,33.44850194305348,33.57365798950195,,6335000
2021-05-13,33.62703212085164,34.40926871843746,33.62703212085164,34.33380508422852,,5480000
2021-05-14,34.33749045201787,34.66879184110644,34.041161559412366,34.5804443359375,,3644000
2021-05-17,34.68720310666708,34.80315790825598,34.13687593116962,34.30620574951172,,3283000
2021-05-18,34.53074268879196,34.53074268879196,33.730100138566925,34.04299545288086,,3897500
2021-05-19,33.61230257678647,33.6325516560654,32.49876470355432,33.229469299316406,,7260000
2021-05-20,33.29021158611317,33.941770054564984,33.17057419214142,33.847900390625,,4890500
2021-05-21,33.77775410409703,34.18567250006195,33.75006854582496,33.840511322021484,,7724000
2021-05-24,34.100776103570944,34.108158686261255,33.52304764165084,33.55257797241211,,3956000
2021-05-25,33.56178959579032,33.81465963051836,33.23877626436437,33.29784393310547,,4659500
2021-05-26,33.28493921856653,33.84420940621314,33.15757999870298,33.78145217895508,,4582000
2021-05-27,33.9291117489245,34.19305751547093,33.65409035006303,33.73530578613281,,5534000
2021-05-28,34.026937815229665,34.146914446334065,33.41229301722339,33.53780746459961,,4046000
2021-06-01,33.69654482691926,33.75560899876798,33.14096420919147,33.56734085083008,,4472500
2021-06-02,33.56365378926323,33.56365378926323,32.89917205589191,33.43629455566406,,6365500
2021-06-03,33.31079313179129,33.316327430012706,32.43035387924562,32.84749984741211,,6921500
2021-06-04,33.00438427122762,33.46398086113199,32.74043844991499,33.41968536376953,,3752000
2021-06-07,33.432598096415255,33.6817751742482,33.140963255454416,33.445518493652344,,3569500
2021-06-08,33.54519931213775,33.59319138605386,33.31816990554821,33.487979888916016,,4772000
2021-06-09,33.64855994337814,33.77407441580229,33.29417131615858,33.415992736816406,,3490000
2021-06-10,33.51380891556031,33.679929309052696,33.17049601740837,33.194488525390625,,3750500
2021-06-11,33.29601172043389,34.02140233198733,33.20003111307733,33.99740982055664,,3254500
2021-06-14,33.93465060390557,34.00479040980747,33.48612620740335,33.80544662475586,,4483500
2021-06-15,33.73161942122105,33.75377069024178,32.62046149375862,33.16496658325195,,3700000
2021-06-16,33.33846548040558,33.33846548040558,32.65368084024744,32.871482849121094,,3936000
2021-06-17,32.8899435450646,32.97115899331894,31.836001565418663,32.26607131958008,,7421000
2021-06-18,32.16823616398554,32.22361080255438,31.529598897770043,31.614503860473636,,10922000
2021-06-21,31.88214495336865,32.60569075474063,31.70125586261737,32.36943054199219,,5405500
2021-06-22,32.531859927685026,33.380916709695114,32.454337535616865,33.30339431762695,,4613500
2021-06-23,33.13912357688825,33.30524400130455,32.93793148570565,33.128047943115234,,3100000
2021-06-24,33.4658280425702,33.513816590067954,33.21480262974412,33.40122604370117,,3107500
2021-06-25,33.42705255103932,33.57471470253991,33.15387598651871,33.27754211425781,,3900500
2021-06-28,33.37353513650834,33.90511978429095,33.14650577009517,33.86082077026367,,3856500
2021-06-29,33.870052473691686,34.756025734995255,33.870052473691686,34.521610260009766,,5245500
2021-06-30,34.47730923305647,34.70064551774354,34.27057935548924,34.342567443847656,,3252000
2021-07-01,34.90367690987827,34.94243809578493,34.606507817927245,34.67295455932617,,3223500
2021-07-02,34.64158585993023,34.77263813586081,34.41640126018953,34.658199310302734,,2353500
2021-07-06,34.678503517820026,34.7818667134516,33.96234021032148,34.40532684326172,,4136500
2021-07-07,34.40532762473032,34.84462473668734,34.30565747834092,34.63051223754883,,4205000
2021-07-08,34.30564985930123,34.508683158577696,33.82574688916246,34.36286926269531,,4578500
2021-07-09,34.645279570804306,34.87415370573255,34.342572571319046,34.49946212768555,,4206000
2021-07-12,34.43485790663156,34.59174745286141,34.047242433840665,34.4754638671875,,4698500
2021-07-13,34.466233441806125,34.78186079195298,34.270579197280995,34.4588508605957,,4147000
2021-07-14,34.62681475702251,34.748636143894444,34.34256602783602,34.55667495727539,,5028000
2021-07-15,34.516076127596335,35.57739716840541,34.423785045431536,34.87969207763672,,7811000
2021-07-16,34.91845821882797,35.38175141962317,34.81325024286679,34.88523483276367,,5935000
2021-07-19,33.150193745383376,33.70577439980712,31.56467074465313,33.39752960205078,,16459000
2021-07-20,33.58579621289326,34.045396240314886,32.854867830281314,33.89588928222656,,7770500
2021-07-21,33.68916825731601,33.897739421495274,33.18526914010344,33.43629455566406,,5146000
2021-07-22,33.46029205783241,33.905123491625886,33.44737165735105,33.670711517333984,,3639500
2021-07-23,33.774063422497505,34.67480162360789,33.72791965343588,34.64527130126953,,2989000
2021-07-26,34.623130654966296,34.87046654337863,34.35734006970594,34.71357345581055,,3879000
2021-07-27,34.4736131768331,34.69879772760841,33.68915853941997,34.02878189086914,,4598500
2021-07-28,34.09339829963461,34.20783714873732,33.75377480446174,33.86821365356445,,2943500
2021-07-29,33.87742760352732,33.90326839661708,33.28308584191876,33.4049072265625,,6152500
2021-07-30,33.26093389502363,33.79620790144014,33.08373789592498,33.39567565917969,,6390000
2021-08-02,33.53226533087994,33.69469266491434,33.26647482786511,33.37352752685547,,5293000
2021-08-03,33.70762391238054,34.852008761223466,33.53596917751738,34.44224548339844,,5397000
2021-08-04,34.213363628396614,34.361025830794325,33.97525863507796,34.22628402709961,,3966500
2021-08-05,34.340726617888734,34.77448592526198,34.27243508613409,34.71357345581055,,3879500
2021-08-06,34.77448885970381,34.99044614882606,34.34626733346753,34.565914154052734,,2676000
2021-08-09,34.50130557820225,34.76156183913847,34.372101590696545,34.62312698364258,,2846000
2021-08-10,34.608355301638085,35.328207965338095,34.55851848140188,35.19346618652344,,2911000
2021-08-11,35.186087508407255,36.00192085245588,35.169477580182246,35.848724365234375,,3922000
2021-08-12,35.828419599983775,36.07760022032138,35.5773942143195,35.72136688232422,,2690000
2021-08-13,35.896705751736015,35.972383357919256,35.62537745305056,35.79334259033203,,2024500
2021-08-16,35.614305642296834,36.336006605199366,35.53309021225055,36.31939315795898,,2411000
2021-08-17,35.88564330062812,35.90041198664088,35.04027596805849,35.24331283569336,,2446000
2021-08-18,35.3023718134861,36.12743604176213,35.3023718134861,35.62538528442383,,2732500
2021-08-19,35.30237020580211,36.182809037140494,35.26360901352011,35.98161697387695,,2790500
2021-08-20,36.092660505605885,36.85885601675899,35.91314084968825,36.66453170776367,,2915500
2021-08-23,36.755225776354905,36.82925259061757,36.05010192645633,36.090816497802734,,4713000
2021-08-24,36.17409208231129,36.32770184078703,35.72807099092686,35.8169059753418,,3283000
2021-08-25,35.84096204277794,36.04084251927338,35.62628044241372,35.93905258178711,,3422000
2021-08-26,36.00382822182193,36.00382822182193,34.89154826952119,35.11363220214844,,4168500
2021-08-27,35.098837950669136,35.62629185943792,34.81752825800272,35.607784271240234,,2950000
2021-08-30,35.7632380597498,36.170397875095446,35.67255336304924,35.835418701171875,,2380000
2021-08-31,35.93164929901607,36.307342972149314,35.5392942133376,35.95015335083008,,4383000
2021-09-01,35.91129106388584,36.31289820427722,35.26354330512642,36.19445037841797,,3115500
2021-09-02,36.40728739939756,36.48686683322492,36.12412454261396,36.20000457763672,,2886000
2021-09-03,36.13522918085739,36.81999565379086,35.99457436955298,36.79223251342773,,2325500
2021-09-07,36.77373028816302,37.00321657015743,36.47021013817292,36.64603042602539,,3987500
2021-09-08,36.690444870296055,36.96805155490909,36.51462459707141,36.89772415161133,,4012000
2021-09-09,37.014325921330375,37.45109508016083,36.74041858224712,37.32524490356445,,4080500
2021-09-10,37.543619947450416,38.409755716495376,37.38075816906772,37.91191482543945,,5247500
2021-09-13,38.00816329438892,38.16547249141357,37.08650450912841,37.39927673339844,,7475500
2021-09-14,37.56028322999571,38.10624461835823,37.40112082712578,37.98779678344727,,3849000
2021-09-15,37.95818553211985,38.0747801316474,37.60284910547007,37.952632904052734,,4522500
2021-09-16,37.93967506581956,38.892792602519904,37.82677987360766,38.7576904296875,,3780500
2021-09-17,38.546703379523095,38.728076249927526,38.12474256113624,38.33942413330078,,5973500
2021-09-20,37.88415506444775,38.165464685786944,37.60839807115612,38.04887008666992,,4740000
2021-09-21,38.33018785594542,38.49860231269248,37.85085087216551,38.31352996826172,,2492500
2021-09-22,38.56707222481024,39.26479012720341,38.246897733862,39.21112060546875,,3390500
2021-09-23,39.46281123391694,39.54609358255982,38.73177767693609,38.8853874206543,,3604500
2021-09-24,38.894647560172274,39.046404092723975,38.51525093385225,38.99828720092773,,2059500
2021-09-27,39.0038417207152,39.38138513607709,38.5504147404559,38.92240905761719,,4461500
2021-09-28,38.83542006099826,38.83542006099826,38.17101445376566,38.31536865234375,,3969000
2021-09-29,38.61703503729333,38.84837451585605,38.33757866981019,38.52079772949219,,3263500
2021-09-30,38.30057108626828,38.419018927752326,37.353006004200914,37.49736022949219,,4296000
2021-10-01,37.76940729253402,37.76940729253402,36.89586926694635,37.26601028442383,,4615500
2021-10-04,36.47205984493339,36.90512598473515,35.700311648259195,36.27403259277344,,6981500
2021-10-05,36.28144139707747,36.75152278624367,36.25368178302013,36.56089782714844,,3700500
2021-10-06,36.31845284979772,36.599758950674655,36.111170025519016,36.39433288574219,,4019500
2021-10-07,36.34805841283009,37.04577978975179,36.32770113137431,36.64417266845703,,4854500
2021-10-08,36.744113303265166,36.90327568812256,35.99457210001241,36.037139892578125,,3380500
2021-10-11,36.13893014637562,36.42764208074394,35.80209779129901,35.8169059753418,,3910000
2021-10-12,35.84651443900904,36.13337666734908,35.607772630243616,35.77248764038086,,2667000
2021-10-13,35.96310926440885,36.2481217953834,35.741025337113754,36.07785415649414,,2962500
2021-10-14,36.40358695432236,36.82555142424242,36.218514632605086,36.51277923583984,,2835500
2021-10-15,36.90327229784022,37.08279194788087,36.47205590391785,36.50906753540039,,3399500
2021-10-18,36.43874354024739,37.97854051230144,36.3628670411591,37.84714126586914,,5992500
2021-10-19,38.00260843331148,38.10624809208075,37.588046268273295,37.66762924194336,,3056500
2021-10-20,37.66762730424179,38.006305877451545,37.38631765636144,37.43998718261719,,3985500
2021-10-21,39.14448710050853,39.39803707852368,38.32647178398375,38.9427604675293,,7499000
2021-10-22,39.32771110826112,39.65343819337597,38.5189477879793,38.53375244140625,,3910000
2021-10-25,38.73733167988901,39.5442452878394,38.624440021916826,39.05565643310547,,3816000
2021-10-26,39.192614340089456,39.25738912021033,38.26540660467866,38.27650833129883,,4007500
2021-10-27,38.40236321887736,38.61889809905104,38.10809859299234,38.29317092895508,,3074000
2021-10-28,38.33203425171181,39.06862063647316,38.287616751678485,38.88169860839844,,3462000
2021-10-29,38.80025376734607,40.293779823917504,38.80025376734607,40.19198989868164,,5402500
2021-11-01,40.414082233716805,40.48070670597545,39.472066416171,39.573856353759766,,3221000
2021-11-02,39.673801269626345,40.07170551077127,39.673801269626345,39.90884017944336,,2770500
2021-11-03,39.944000915757016,40.18459242540142,39.47761902034307,39.93289566040039,,2952000
2021-11-04,40.04209090792505,40.63987209307148,39.85516890197827,40.35856246948242,,2628000
2021-11-05,40.57139225814912,40.800878497527584,40.15683020805226,40.72499847412109,,3937500
2021-11-08,40.84344284594169,41.02481218322119,40.31968858261922,40.9748420715332,,4225000
2021-11-09,40.99150302998568,41.60964140628827,40.638016353661016,40.874908447265625,,2977000
2021-11-10,40.6010002093777,40.88046008529101,40.019877008941855,40.20864868164063,,2363000
2021-11-11,40.35486141070447,40.60655818410284,40.121672220197816,40.46220397949219,,2315500
2021-11-12,40.54918504874973,40.99890906850926,40.39927821881669,40.9304313659668,,2460000
2021-11-15,41.16547447953185,41.382009316408094,40.93228528902544,41.250606536865234,,2556500
2021-11-16,41.65776237571377,42.610879860093256,41.38200541754127,42.39619827270508,,5237500
2021-11-17,42.46653412357504,42.72748650245642,41.62260865883283,41.88726043701172,,3648000
2021-11-18,42.41655931228109,42.46837913210403,41.81877815506599,42.4239616394043,,3191000
2021-11-19,42.40911837075604,43.01011249191468,42.28854735041116,42.76711654663086,,4706500
2021-11-22,43.036085793230605,43.11770359769108,42.385007876292775,42.47589874267578,,2892500
2021-11-23,42.52598490992902,42.54453457282207,41.17745307529457,41.79143524169922,,3449000
2021-11-24,41.42415892034288,41.94168140592862,41.18487075420417,41.88788986206055,,2136500
2021-11-26,41.427877282469446,42.73003347581117,41.42045812328608,42.35905075073242,,2963000
2021-11-29,42.448075735021845,42.75970156053652,41.96208379705639,42.05112075805664,,2955000
2021-11-30,42.05113151502884,43.08618025995358,41.43900667404906,41.7970085144043,,7771000
2021-12-01,41.94167799890019,42.47960400784272,41.53544998168945,41.53544998168945,,3735500
2021-12-02,41.60965071091165,42.603892139587394,41.48166404921851,42.22734069824219,,3730000
2021-12-03,42.531546943745525,42.83204226110624,41.93426058054406,42.28483963012695,,3514500
2021-12-06,42.49629954619196,42.733730249014165,41.884174897504224,42.19209289550781,,2800500
2021-12-07,42.56864880407489,43.572163344546965,42.422112471973385,43.28279495239258,,2757500
2021-12-08,43.32730840104394,43.66304914550973,42.987856308987695,43.62409591674805,,2879500
2021-12-09,43.56288821130195,43.58514568441611,42.68736391838765,42.707767486572266,,2546000
2021-12-10,42.88768604967362,43.49053405409845,42.7188887499541,43.46271133422852,,2178500
2021-12-13,44.12492919994567,44.12492919994567,42.59090778275809,43.24940490722656,,3121000
2021-12-14,43.20117558051565,43.58699651989676,42.8283355127138,43.440460205078125,,4421500
2021-12-15,43.145525013032,44.07669465801587,42.86357582252448,43.95612716674805,,3775000
2021-12-16,43.95242316452783,44.19912697845742,42.993427098382526,43.23085784912109,,3014500
2021-12-17,43.15110255170802,43.28280058483297,41.59296594134128,42.0418586730957,,6127000
2021-12-20,41.28318848293526,41.4872277120462,40.3575804109406,41.23495864868164,,5556500
2021-12-21,41.301735596363805,41.732075040122176,40.62839662931708,41.37222290039063,,3706500
2021-12-22,41.47795280966019,42.17726060942032,41.35552786242786,42.16798400878906,,2297000
2021-12-23,42.29411608738851,42.600176655963566,42.20693303248166,42.34234237670898,,1653500
2021-12-27,42.61131803190649,42.97673902547184,42.43695541559356,42.93592834472656,,1907500
2021-12-28,43.16407500906069,43.24012755945664,42.75784697668664,42.88027191162109,,1717000
2021-12-29,43.00083666047533,44.23436253082334,42.94889902702791,43.91717147827149,,2625000
2021-12-30,44.29743408290179,44.39945545303432,43.81886130326114,43.90975570678711,,1809000
2021-12-31,43.88748635592837,44.43283498349905,43.631506026866056,44.25847244262695,,1537500
2022-01-03,44.2121045366814,44.49219982585098,43.43118253913242,43.72426223754883,,2607000
2022-01-04,43.74466481457084,44.44211508862036,43.54062208074283,43.831844329833984,,3091500
2022-01-05,43.887496497713634,44.12863857118793,42.56307961241017,42.61687469482422,,3901000
2022-01-06,42.51114128958261,43.19004547889683,42.29226022972481,42.90624237060547,,3865500
2022-01-07,42.81906282636469,42.95632962973437,41.7803064281962,42.36275100708008,,4260000
2022-01-10,41.80626763207272,42.18467291789348,40.92517822844553,42.179107666015625,,4900000
2022-01-11,42.21249975050336,42.28298705117794,41.10325613976702,41.88417816162109,,5050000
2022-01-12,41.9973286478602,42.81534996676216,41.92498390678427,42.4610595703125,,2852500
2022-01-13,42.96002776314246,43.46085795476635,42.65582113146925,42.80978012084961,,2729500
2022-01-14,42.64840875268392,42.8172060812669,41.10882215220517,41.17374420166016,,4339000
2022-01-18,40.66549591030351,41.192295016030144,39.969899471273415,41.073577880859375,,4760500
2022-01-19,41.31286497329335,41.75433848615592,40.89736382046896,40.93075180053711,,3853500
2022-01-20,41.34625172401882,41.68570027655684,38.86250754251872,38.9329948425293,,6664500
2022-01-21,39.003488099806255,39.51359149690794,38.45072012002853,38.78831481933594,,6084500
2022-01-24,38.17247432410866,40.33345851698101,37.9832699058236,40.28337478637695,,6947500
2022-01-25,39.69908090977372,40.00143369453372,38.58427199064853,39.39116287231445,,4953000
2022-01-26,39.70464155584322,39.70464155584322,38.00923864161777,38.4191780090332,,5485000
2022-01-27,40.702588893454994,40.702588893454994,38.50079413208228,38.81427383422852,,8820000
2022-01-28,39.39673045746619,39.871591952071725,38.41918474109798,39.8511848449707,,5930500
2022-01-31,39.8252186393211,40.54122227628515,39.32439182765509,40.49484634399414,,5438000
2022-02-01,40.52452721825816,41.325852961197626,40.38911784327132,40.8658332824707,,4452000
2022-02-02,40.973411560058594,41.61892422537084,40.76009575573926,40.973411560058594,,5040000
2022-02-03,40.7007374281842,41.455694197020655,40.41508040515618,40.70815658569336,,3348000
2022-02-04,40.697022896173344,40.70073070532227,39.78068810441504,40.23885726928711,,3280500
2022-02-07,40.37056311656266,40.75453371741029,40.02183793740939,40.36499786376953,,5088500
2022-02-08,40.42621354190666,41.34069110168291,40.42621354190666,41.17003631591797,,5062000
2022-02-09,41.55029068865067,41.978779738603976,41.33326707549261,41.63561630249024,,3634000
2022-02-10,41.086563872944666,41.8248249189412,40.75453444623303,40.91591262817383,,4194500
2022-02-11,40.82501973871263,41.13293423369336,40.46887187504635,40.70444869995117,,3640500
2022-02-14,40.808321302090846,40.98639522223474,39.79367639899964,40.42435073852539,,3557000
2022-02-15,40.71557239548167,41.19228768019207,40.50781833042787,40.71742630004883,,3685500
2022-02-16,40.50968028308486,40.804610351460695,39.4468090801091,39.890132904052734,,4790500
2022-02-17,39.713158447167466,40.00749377997089,39.35175671400352,39.76904296875,,4524500
2022-02-18,39.75227869153596,40.21054739859176,39.56785053361474,39.899444580078125,,5286000
2022-02-22,39.70757108062784,39.774633930835314,37.237374204430914,37.324928283691406,,8873000
2022-02-23,37.60622302690452,37.660245675372536,35.61851716708252,35.72842788696289,,7486500
2022-02-24,34.834244046131865,36.55928451582993,34.77463222230789,36.39721298217773,,8986500
2022-02-25,36.41398088103834,37.4180796528641,36.22210165673136,37.38268280029297,,4210000
2022-02-28,36.99706158693472,38.05704831545874,36.916954987328346,37.96390151977539,,6712500
2022-03-01,37.96018116990873,38.63082039278584,37.92851161186682,38.22284698486328,,5781500
2022-03-02,38.31412582633381,38.78357644910408,37.850267919939,38.69229507446289,,4496000
2022-03-03,38.90652882078513,40.27575659749312,38.7723995588559,39.988868713378906,,5501500
2022-03-04,40.05220650140037,41.44937649563526,39.72433616749223,41.34319305419922,,7569000
2022-03-07,41.274266939366136,44.08164727121751,41.274266939366136,42.377098083496094,,12116500
2022-03-08,42.17218157307296,43.60102117614412,40.67814098545119,40.85139083862305,,9077000
2022-03-09,41.26681362347567,42.3305241174432,40.70421975551935,41.88715744018555,,4911500
2022-03-10,41.4885010025143,42.721737722838256,41.093567779163735,42.65094757080078,,5040000
2022-03-11,42.84841697248057,43.14647968024016,42.06041231198093,42.19826889038086,,4563000
2022-03-14,42.33984425395396,43.06078241125474,41.69155456492641,41.79215240478516,,4704500
2022-03-15,42.065994087275385,42.49446226345712,41.259363758267504,42.45161437988281,,3702000
2022-03-16,42.75154439672816,43.030981281101326,41.3301592142262,42.31003952026367,,4004500
2022-03-17,42.21875076509446,43.377469906452845,42.03059885577528,43.33089828491211,,3666500
2022-03-18,43.86555600831771,43.87114161900582,42.781350599331375,43.504154205322266,,6582000
2022-03-21,43.46875087259965,43.88231340587351,42.76457673342559,43.14274597167969,,2740500
2022-03-22,43.26011421150079,43.35325746765259,42.6397703187324,43.18373489379883,,2537000
2022-03-23,43.23588880331919,43.55444266821984,42.86889789463501,43.241477966308594,,4274000
2022-03-24,43.44452796312495,43.73141580014937,43.22098278312279,43.46688461303711,,3087500
2022-03-25,43.77798954112493,43.91398065740172,42.72918119696878,43.256378173828125,,3246500
2022-03-28,43.1408850132263,43.34766273104518,42.69937665541169,43.26197052001953,,2982000
2022-03-29,43.4948339105579,43.6941641563262,42.89684672644016,43.47061538696289,,3751500
2022-03-30,43.05146321866659,43.405410370260135,42.75712432911586,43.37746810913086,,3008500
2022-03-31,43.53023424600075,44.99632912491464,43.29364526086578,43.47434616088867,,11183500
2022-04-01,43.53767684877116,43.68670816035534,42.157270905280456,42.23365020751953,,5619500
2022-04-04,42.28767775238303,42.44229823161593,41.84430754328384,42.41435241699219,,5087500
2022-04-05,42.36219771595346,43.37002378053148,41.520170480261854,41.82196044921875,,5630000
2022-04-06,41.53320894829111,42.05668225523214,40.91100322811424,41.90019989013672,,5630000
2022-04-07,41.68037698388734,43.4706147707323,41.63939097072591,43.029109954833984,,6446500
2022-04-08,42.93597244456392,44.3871653125142,42.93597244456392,44.03507995605469,,4257500
2022-04-11,43.669940903234334,44.273520738553415,43.37187827848849,43.79848098754883,,3781500
2022-04-12,44.187824320099416,44.970239586665485,43.75004684521145,44.09281921386719,,4087000
2022-04-13,44.169194918902136,44.66100215040922,43.87485959175547,44.22135925292969,,3866500
2022-04-14,44.068601745822825,44.50079362152662,42.48327994707342,42.51681137084961,,5547500
2022-04-18,42.242980644382826,42.405052204956846,39.99260460742072,40.523529052734375,,10973500
2022-04-19,40.527241376955615,41.387897865563694,40.48625891903659,41.29103088378906,,6059000
2022-04-20,41.40466613905829,41.57418869015594,40.84766144077345,41.18670654296875,,6136000
2022-04-21,40.752660906565865,41.16995082265229,40.23850398753883,40.830902099609375,,11416500
2022-04-22,40.3186039837333,40.42479098991976,38.47061252328341,38.49669647216797,,10722000
2022-04-25,38.19117793814364,39.210182313124655,37.95086522101976,39.113311767578125,,9169000
2022-04-26,39.06860531025143,39.31077991797086,38.32903773538842,38.35139083862305,,5022000
2022-04-27,38.30295105954717,38.8562284706752,37.99184466325311,38.24520111083984,,4620500
2022-04-28,38.61964465378323,39.27724366298597,37.78506849799311,38.83760070800781,,5054000
2022-04-29,38.50601458741715,38.906537034504176,37.432987371826485,37.52799606323242,,6668500
2022-05-02,37.6565306888957,38.62709803628419,37.524263288430994,38.43521881103516,,6254500
2022-05-03,38.40168648088692,38.6401373276183,38.00116410169405,38.31599426269531,,5607500
2022-05-04,38.37560401514151,39.69080556488933,38.234023721498026,39.61070251464844,,5343000
2022-05-05,39.50638910049611,39.69081376241973,37.61182578818222,38.04401779174805,,5163500
2022-05-06,37.684476617679366,38.14647274615111,37.108842439164285,37.73477554321289,,5862000
2022-05-09,37.32679895876312,37.72918322299788,36.7530266986136,36.93000030517578,,6848000
2022-05-10,37.283947159233286,37.36032646831591,35.96501833460388,36.8983268737793,,6082000
2022-05-11,36.760473852138176,37.17589827040521,35.62038403942792,35.685585021972656,,5122000
2022-05-12,35.48812038622344,36.73812461899895,35.48812038622344,36.611446380615234,,4478000
2022-05-13,37.02686309115226,37.62485375148217,36.91695236727729,37.60249710083008,,3870500
2022-05-16,37.75153646736656,38.61778224809526,37.05295138956517,38.302955627441406,,4354500
2022-05-17,38.41286337377412,38.83014967508173,37.609953222035536,38.677391052246094,,5393000
2022-05-18,36.31152169897197,36.374857264749,32.67515416057842,33.83573532104492,,15573000
2022-05-19,33.45384059629379,34.977685348760204,33.12597024363471,34.23252868652344,,8029000
2022-05-20,34.402048109549455,34.44862328365248,32.31374777579358,33.524627685546875,,9839000
2022-05-23,33.47060216455283,33.52090107957548,32.41434271501208,32.94340515136719,,6809500
2022-05-24,32.48648881822231,32.59510276443672,31.44156043541073,31.93406105041504,,11563000
2022-05-25,31.72619265544384,33.44339923231168,31.1775117723805,33.10258102416992,,9069500
2022-05-26,34.02766602280048,34.93214879023103,33.935907263820376,34.81230163574219,,7850500
2022-05-27,35.12503218292129,36.03700496908216,35.12316057565555,36.035133361816406,,5814000
2022-05-31,35.76734484133671,35.91340877785272,34.93402247373565,35.0857048034668,,8437500
2022-06-01,35.39469147506447,36.31041108383271,35.30855110442021,35.70367813110352,,7827000
2022-06-02,35.79168591185218,36.5894262214197,35.60067485154641,36.57257461547852,,3836500
2022-06-03,36.37033656550821,36.83287715287736,36.143747075843336,36.41153335571289,,5659500
2022-06-06,36.66245807339604,37.32349963947914,36.25984470592976,37.28230285644531,,3985500
2022-06-07,36.89279179503254,37.78229435764892,36.40403453741273,37.66057205200195,,5540000
2022-06-08,37.49391357991004,37.88155057026208,36.96770265182131,37.14373016357422,,4180000
2022-06-09,36.85347024137791,38.329107336715936,36.74111310223576,37.76169967651367,,5709500
2022-06-10,37.340354927031065,37.46582045519892,36.45272390811175,36.57257461547852,,4886000
2022-06-13,35.58008073578785,36.387186320555294,35.3104228624023,35.96022415161133,,6216500
2022-06-14,36.739235213972,36.965824654298906,35.756102282503655,35.98643493652344,,6606500
2022-06-15,35.96022055673085,37.25795854179647,35.95834894975933,36.728004455566406,,5211000
2022-06-16,36.153107244984575,36.25048439485875,35.45086880158283,35.699928283691406,,6422000
2022-06-17,35.563221886046975,36.03512758048435,34.860983522940856,35.34225082397461,,9851500
2022-06-21,35.84224225596663,36.840358747084885,35.51078568740139,36.58942413330078,,6072500
2022-06-22,36.10816809912998,36.61003391103176,35.81791179285504,35.956485748291016,,3975500
2022-06-23,36.218647963240414,37.24298139461066,36.00142366953136,37.2242546081543,,4469000
2022-06-24,37.37967807279905,38.11375156082561,37.33847772011302,38.00888442993164,,5845500
2022-06-27,38.16993260765539,38.432104035972046,37.771062429941104,37.92274475097656,,3918000
2022-06-28,37.98454538050393,38.45832272454236,36.50141816704593,36.56321334838867,,4441000
2022-06-29,36.75609613252699,36.86658167379522,36.1718332459795,36.62126541137695,,3597000
2022-06-30,36.42838926543138,36.69992236363681,35.95274022758814,36.30105209350586,,4696000
2022-07-01,36.405916905428334,36.920891097553,36.04262505967144,36.76171875,,4466500
2022-07-05,36.6811881093064,37.21676419506292,36.10629041572785,37.08380508422852,,5804500
2022-07-06,37.257962425596446,37.34597796719886,36.43587683650889,36.993919372558594,,5444500
2022-07-07,36.99578495322383,38.199888826299606,36.99578495322383,38.09689331054688,,4534500
2022-07-08,38.09690157198333,38.329109434452256,37.7972801366934,38.194278717041016,,3452000
2022-07-11,38.12686244421295,38.512624211182384,37.81225745919924,38.08940887451172,,4402000
2022-07-12,38.20925429814627,38.389028567235954,36.68118372619044,36.80290603637695,,7274000
2022-07-13,36.3703320968292,37.25234119397031,36.23737299097278,36.99017333984375,,6110000
2022-07-14,37.00141305694514,37.855333829301046,36.733623216992775,37.78604507446289,,7144500
2022-07-15,38.00139802330789,38.2560794712287,37.7804269353315,38.05195999145508,,4884500
2022-07-18,38.257952173439385,38.60626042357609,37.93960392619599,38.10626983642578,,6224000
2022-07-19,38.57254574180968,38.7747900070349,38.11562364525525,38.50700378417969,,5282500
2022-07-20,38.60064602971451,39.01262464822022,38.07630668380486,38.82161712646485,,8470000
2022-07-21,37.15683364868164,37.456458629459824,35.95647640572191,37.15683364868164,,12414500
2022-07-22,37.26544812913567,37.58379632745332,36.13812282871474,36.49579620361328,,7614000
2022-07-25,36.88530632072203,36.88530632072203,35.89280811402304,36.304786682128906,,5924500
2022-07-26,35.45273496050776,35.716777974783206,34.17185220801048,34.38908004760742,,9053000
2022-07-27,34.621286413323595,35.32539632575159,34.16997914776079,35.00517654418945,,6781500
2022-07-28,35.263602990180374,36.01640336930251,34.80668083412157,35.73176193237305,,6004000
2022-07-29,35.574457524929066,36.007038028536755,35.26172772686056,35.85722732543945,,5993000
2022-08-01,35.77108129324643,36.641857069818606,35.65872416549254,36.30852890014648,,5928000
2022-08-02,36.13625632863471,36.30104705781911,35.27297035703529,35.280460357666016,,6081500
2022-08-03,35.35348732456694,36.010782112824714,35.35348732456694,35.75235748291016,,5078000
2022-08-04,35.78045565427818,35.89281281086999,35.09319717672286,35.175594329833984,,5111000
2022-08-05,34.82540695314515,35.518280174123625,34.743009809357694,35.46023178100586,,4500000
2022-08-08,35.752358343123696,36.46396189598534,35.63625798933276,35.941497802734375,,5505000
2022-08-09,36.09131658089789,36.09131658089789,35.32540767980516,35.70555114746094,,5065000
2022-08-10,36.14748647142805,36.73549611808208,35.92839057746531,36.01078414916992,,5721500
2022-08-11,36.11565442765266,36.57070500566177,36.04075084944015,36.49767303466797,,4868000
2022-08-12,36.80478352044336,36.89092745500327,36.37782492082945,36.8778190612793,,3561000
2022-08-15,36.97144021811194,37.35907711179633,36.71114401561909,37.11750411987305,,5811500
2022-08-16,37.1849246079075,38.709248395812935,37.1849246079075,38.33846664428711,,6072000
2022-08-17,38.196146817361125,38.48827822571377,37.89652540957928,38.368431091308594,,4852500
2022-08-18,38.38903861486392,38.73360367295685,38.21301108521197,38.42836380004883,,4426500
2022-08-19,38.30985064941486,38.37380774312308,37.7793899544936,38.24025344848633,,4595000
2022-08-22,38.00699807879318,38.18569833782731,37.6966235670124,37.800079345703125,,5165500
2022-08-23,37.835824388654416,38.04274313726745,37.41446316040044,37.62702560424805,,4765500
2022-08-24,37.62137887017701,37.91858954282713,37.341099281863016,37.42762756347656,,3745000
2022-08-25,37.40317682889525,37.704147576789865,37.1379446979305,37.68345642089844,,3962000
2022-08-26,37.74176970379053,37.84146900894759,35.9397087097168,35.9397087097168,,4181000
2022-08-29,35.62180124431857,36.35729698150274,35.27568454803952,35.76476287841797,,4553000
2022-08-30,35.90209188558992,36.112770742743926,35.09511149473367,35.38103485107422,,3703500
2022-08-31,35.392314339907735,35.53151232689168,34.82611144989244,34.8279914855957,,6125500
2022-09-01,34.581574615756644,35.413006067521586,34.414158151250824,35.39231491088867,,5301000
2022-09-02,35.86257927528264,35.98296613389632,35.01609684240651,35.28885269165039,,3850500
2022-09-06,35.42240243270215,35.945339285732906,34.85996331039297,35.37161636352539,,5701000
2022-09-07,35.59547567479718,37.03825622857342,35.59547567479718,36.91786575317383,,6287000
2022-09-08,36.61876564131746,37.62325715672642,36.43442169710303,37.58187484741211,,5521500
2022-09-09,37.52732881922801,37.99759607968022,37.433273214424894,37.79443740844727,,5500500
2022-09-12,38.09541418773986,38.64468603857615,37.74741380953581,38.11986541748047,,6920000
2022-09-13,37.62703090523807,37.65712583358955,36.34790316606816,36.41938400268555,,6181500
2022-09-14,36.58303122494676,36.808761092235336,35.28697618433445,35.55408477783203,,7150500
2022-09-15,35.554082576750666,35.89079552714122,34.995407020061506,35.356571197509766,,5329500
2022-09-16,35.14213441301282,36.09019636229047,34.85245100997819,35.74407958984375,,7948000
2022-09-19,35.5258673515503,36.34601495826915,35.47319765092196,36.30086898803711,,5769000
2022-09-20,35.939706098120084,36.03752177247532,35.33776100280408,35.815555572509766,,6517500
2022-09-21,36.212459113243256,36.54540841996049,35.71397696496509,35.7327880859375,,5408000
2022-09-22,35.60487595982603,35.62933077729143,35.04808038065384,35.44122314453125,,7321000
2022-09-23,35.13084897066563,35.411128592984824,34.434851798468955,34.910762786865234,,5321500
2022-09-26,34.91452578580683,35.47884509150631,34.78473155616793,35.00481414794922,,4794500
2022-09-27,35.40359273518882,35.89831472652835,35.0894546037073,35.4713134765625,,7681000
2022-09-28,35.68764476396168,36.26137143874442,35.32836057876726,36.165435791015625,,6642000
2022-09-29,36.02058861470869,36.1221643546239,35.07064681278051,35.26816177368164,,5174000
2022-09-30,34.993531435426135,35.29261859581018,34.12259404462485,34.96531295776367,,6085500
2022-10-03,35.17599863444846,36.85390929683091,35.05372812086749,36.51531982421875,,6747000
2022-10-04,36.83509676415765,37.42387088012582,36.8238093735784,37.2244758605957,,6723000
2022-10-05,36.92350331731324,38.26094422541794,36.81440025194419,37.92047119140625,,6050000
2022-10-06,38.08975702060163,38.28162465822017,37.47088459543833,37.636417388916016,,5381000
2022-10-07,37.33733918840653,37.40129269086727,36.4645218788064,36.6093635559082,,4893000
2022-10-10,36.688375250008384,36.99875340810139,36.10148110906722,36.79935836791992,,3545500
2022-10-11,36.7993464704964,38.09164118436506,36.7993464704964,37.76433563232422,,5757500
2022-10-12,37.811370958049054,38.49796077251568,37.52733126509643,38.30044937133789,,8294000
2022-10-13,37.61198124758029,38.4866751483567,36.66580292650031,38.16689682006836,,8364500
2022-10-14,38.56190895760729,38.56190895760729,37.29782910652543,37.37307357788086,,5363500
2022-10-17,37.98065736009135,38.2891517885563,37.57622731036726,37.94303512573242,,5811500
2022-10-18,38.56190777362093,38.79327769901266,37.85838705703445,38.15559768676758,,7405500
2022-10-19,38.27223037249253,38.424595781633016,36.71282331285153,36.92914581298828,,7037000
2022-10-20,37.32041150066491,37.43327464288105,35.23054360065446,35.65190124511719,,12535500
2022-10-21,35.367853545834315,37.51979443070614,35.27944165276428,37.126651763916016,,8804500
2022-10-24,37.50474815294061,39.55134971501317,37.50474815294061,39.09425354003906,,9963500
2022-10-25,39.10554627091164,40.37715015340984,39.04911649185371,40.30943298339844,,7551000
2022-10-26,40.51633884541412,41.46063687617036,40.0517153535853,40.62356185913086,,5583000
2022-10-27,40.85305278132438,41.03363306034607,40.175866868394586,40.55208206176758,,6148500
2022-10-28,40.57278739880473,42.15288602276252,40.57278739880473,41.97418212890625,,4948000
2022-10-31,41.5923166315901,41.8857636529122,40.90196322024297,41.34025192260742,,7798500
2022-11-01,41.60736203606954,41.938431281982425,40.99037310144311,41.483211517333984,,5081500
2022-11-02,41.11640581478872,41.30451343229521,39.76203742687991,39.76768112182617,,5452500
2022-11-03,39.53442837634662,40.25299669203064,39.31434220801715,39.748870849609375,,6210000
2022-11-04,40.06866018518488,40.104398810117786,38.0991788696119,38.85536956787109,,9345500
2022-11-07,38.708632959650295,39.581450222527415,37.79819704670837,39.31245803833008,,9166000
2022-11-08,39.51561470568441,40.05924279064088,38.57884390570745,38.96634292602539,,6190000
2022-11-09,38.72368403246677,39.14504161629666,38.15560115580034,38.26094055175781,,5421000
2022-11-10,39.70936183263937,40.54643683909502,39.15444641665078,39.613426208496094,,6268000
2022-11-11,40.09122779082865,40.33952887059687,39.0303063001298,39.3237533569336,,6381500
2022-11-14,39.52125720101167,40.87562548933362,39.36324810555222,40.02538299560547,,7998000
2022-11-15,40.64237776525906,40.909486343663616,39.86361245800865,40.6687126159668,,5895500
2022-11-16,40.03855011058988,41.485093947930494,39.419677570305645,41.21421813964844,,10372000
2022-11-17,40.69504604341254,41.00542054620523,39.71876938999826,40.42041015625,,5086000
2022-11-18,41.10806207134984,41.638915516473,40.73022918114979,41.53501129150391,,6028500
2022-11-21,40.87381043510279,41.846725379567545,40.84169438335612,41.64458847045898,,4851500
2022-11-22,42.00918450915034,42.34356539436055,41.72203182965841,42.23021697998047,,3444500
2022-11-23,42.3605754008746,42.95943720729271,42.19621891511868,42.64961624145508,,4162000
2022-11-25,42.9632175655852,43.091678161118,42.17921553545912,42.32090377807617,,2081500
2022-11-28,42.28122717627297,42.59482795516639,41.87883433936077,41.91661834716797,,5019500
2022-11-29,41.82216841989779,41.89962456693596,41.25919886737877,41.37443542480469,,3994000
2022-11-30,41.42356068969684,42.90088122263501,41.22142015418209,42.7535285949707,,10044500
2022-12-01,43.12190775565252,43.414728453498704,42.16599311919628,42.43614196777344,,5039500
2022-12-02,42.25100065262595,42.66472582299605,41.706923173288615,42.49470138549805,,3594500
2022-12-05,41.91472910449165,42.20188179088089,41.518004239710464,41.74092483520508,,4737500
2022-12-06,41.6729254303485,41.85050597637677,40.54698628904763,41.0192756652832,,4408500
2022-12-07,40.92670426330477,41.83916689460785,40.86058404388292,41.05894470214844,,3118000
2022-12-08,41.00415806710378,41.59357564941356,40.813353501477295,41.47077941894531,,3661500
2022-12-09,41.151511294615766,41.7352572697078,40.84546660192644,41.24407958984375,,4242000
2022-12-12,41.3593205149509,41.43488853727346,40.06713688014461,40.51675796508789,,4718000
2022-12-13,41.62001516400333,41.693691445798,39.844206701483294,40.46574020385742,,5456500
2022-12-14,40.78690984572524,40.97771443207802,39.88955933165549,40.677337646484375,,5154000
2022-12-15,40.28249930786098,40.569652012380985,39.779982074950965,40.43174362182617,,4978000
2022-12-16,40.0520267612385,40.53754015926834,39.42293699609301,39.768653869628906,,8066000
2022-12-19,39.955672383274496,40.25604911495676,39.69119153941904,39.94811630249024,,4621500
2022-12-20,39.87822337371714,39.9311195519381,39.21324130324706,39.71009063720703,,4626500
2022-12-21,40.21827203107971,40.68489343018548,39.78376668329657,40.475196838378906,,3824000
2022-12-22,40.06524851985591,40.26738901474448,39.4456029916914,40.248497009277344,,5289500
2022-12-23,40.33350821327836,41.015494099301705,40.09925167534194,41.006046295166016,,3643000
2022-12-27,41.15151155921517,42.29822699710396,40.83413094168298,42.145206451416016,,5287500
2022-12-28,42.31712240429376,42.575938912162776,41.46511206638013,41.54256820678711,,3945500
2022-12-29,41.7484855207704,43.02366515279148,41.72581367483723,42.88008880615234,,3989000
2022-12-30,42.481478020802136,42.71951439906807,42.13387305910104,42.500370025634766,,3595000
2023-01-03,42.57972148782802,42.71196194074808,41.786275167025565,42.1622200012207,,5517500
2023-01-04,42.41347841988716,42.56839072944563,41.57091212660034,41.84295272827149,,4494500
2023-01-05,41.750378408350166,41.93929486514992,41.24408489848965,41.49156188964844,,5644000
2023-01-06,41.69937190804222,42.45692588311791,41.58602347104661,41.87128448486328,,4621500
2023-01-09,41.69936569885331,42.04697064339111,40.9342557556765,41.08538818359375,,6121500
2023-01-10,41.15340464892419,41.89584282784472,40.50920273912889,41.890174865722656,,5594000
2023-01-11,42.07720399823326,42.45881315770568,41.71637496474688,41.86372756958008,,5055000
2023-01-12,42.14899260078875,42.49092963134382,41.64269547379403,41.70125961303711,,5269000
2023-01-13,41.383882478475904,42.38324547990397,41.313982414784434,41.76737976074219,,6859000
2023-01-17,41.83538829241714,42.375685941541725,41.34987493535297,41.37065505981445,,6007500
2023-01-18,41.35176228801295,41.61435502638153,40.53753598712278,40.56587219238281,,5397000
2023-01-19,40.60744142964743,40.76612996540107,39.03754914964542,39.0791130065918,,5935000
2023-01-20,39.166019099897326,40.28817854292649,38.96009871454143,40.06336975097656,,7202000
2023-01-23,40.9455942712228,41.02116229160682,40.15025995407319,40.70756149291992,,6601000
2023-01-24,40.6168869329131,40.94748805965888,40.012357099273935,40.59043884277344,,5082000
2023-01-25,40.32595452074052,40.4695308845433,39.71764489584592,40.39396286010742,,7195000
2023-01-26,43.62441715979686,44.46320343482595,41.08539009094624,42.83097457885742,,11542000
2023-01-27,43.29570032042808,43.34482024909833,41.986516576025664,42.632606506347656,,6755500
2023-01-30,42.62505674542147,42.84986548985356,41.97140703433061,42.08853530883789,,6488000
2023-01-31,42.25100186556019,43.082232072381984,42.25100186556019,43.07089614868164,,6114000
2023-02-01,42.9310943296578,43.62630417600612,42.35301273832092,43.45627975463867,,5866000
2023-02-02,43.84923987275458,44.08349286021236,43.18992208213356,43.62065124511719,,5546500
2023-02-03,43.335370380273545,43.89267183315333,43.14645756501747,43.17857360839844,,4802000
2023-02-06,43.07089677161655,43.96069112605051,43.01611247840842,43.90779495239258,,4961500
2023-02-07,43.72831801091769,44.08347902544756,42.68739493197141,43.96635437011719,,4803000
2023-02-08,43.813336083438735,44.02681250654342,43.61875526946158,43.68487548828125,,3666500
2023-02-09,43.67920852899349,44.31963060644711,43.67920852899349,44.16094207763672,,4228500
2023-02-10,44.23083325769198,44.34040543079555,43.82277609319176,44.017356872558594,,4748000
2023-02-13,44.2062871848532,44.93739313732213,43.973922327500496,44.80514907836914,,5607500
2023-02-14,44.58411889148029,45.01106818060359,44.3649744825824,44.960060119628906,,4254000
2023-02-15,44.8920449708016,45.27554222333369,44.67856855694964,45.26609802246094,,3994500
2023-02-16,44.82026083494437,44.95061315908903,44.52744013554099,44.76925277709961,,4117500
2023-02-17,44.37819747845695,45.18109158002655,44.23273298475403,45.15086364746094,,5747000
2023-02-21,44.6823536161144,44.81270594372293,44.10238016424334,44.21384048461914,,6088500
2023-02-22,44.29318494254718,44.58411753123786,43.89079563628576,43.981475830078125,,4240000
2023-02-23,43.95690462657357,44.11181688498617,43.52239937924985,44.017356872558594,,6179500
2023-02-24,43.84278979064304,43.91110371896061,43.49174487147452,43.74601745605469,,4400000
2023-02-27,43.94905069983808,44.56195781932437,43.89022652780459,44.484161376953125,,3378500
2023-02-28,44.59991197774645,44.80674665212649,44.23748079104274,44.262149810791016,,3881000
2023-03-01,43.82381370181624,43.89782075876481,42.66820986671436,42.8389892578125,,6612500
2023-03-02,42.69477614886885,43.45569017091289,42.448096812492366,43.35702133178711,,3508500
2023-03-03,43.4822526604947,43.69667331234914,43.25264912709058,43.67390441894531,,3081000
2023-03-06,43.67390771121551,44.009773344383646,43.290600546138975,43.39496612548828,,3462000
2023-03-07,43.71185319982912,43.83899128581378,43.18813245124569,43.36460494995117,,4427500
2023-03-08,43.37979605146526,43.63027204725106,43.05341648397151,43.34943389892578,,3526500
2023-03-09,43.61318464561869,43.96423317135426,43.00787078307362,43.05720520019531,,5327000
2023-03-10,43.057214089890415,43.6947903534733,42.88264166184075,43.11983489990234,,5329000
2023-03-13,42.75929691545222,43.64544899034965,42.73842452012816,43.25075912475586,,3994000
2023-03-14,43.61508495775782,43.73083317878572,43.03443649160772,43.57713317871094,,3845500
2023-03-15,43.3835886408919,44.078088884844654,43.25455402870776,43.91110610961914,,5704000
2023-03-16,43.82950702832036,44.82382123146755,43.82950702832036,44.65304183959961,,5580000
2023-03-17,44.744128331294576,44.79536287690984,43.91869694914249,44.10655212402344,,5550500
2023-03-20,44.21091988514498,44.575247613175705,43.85987492001495,44.05911636352539,,5311500
2023-03-21,44.40256595383085,44.93577652366823,44.40256595383085,44.71945571899414,,4612500
2023-03-22,44.46898035211253,44.60750109476471,43.4082523272837,43.42343521118164,,4447500
2023-03-23,43.33235496061873,43.4234377922963,42.66631673048824,43.000282287597656,,4606000
2023-03-24,43.04012487450175,43.470869954919,42.62456267687433,43.11413192749024,,4080500
2023-03-27,43.23178242291906,44.02305857644576,43.00597186574119,43.59990310668945,,4698000
2023-03-28,43.738422780327134,43.84848149177424,43.43671590917248,43.550567626953125,,4444500
2023-03-29,43.725143029277056,43.86556389746215,43.41015337571202,43.72704315185547,,8097500
2023-03-30,43.81622464300021,44.01356955888343,43.65683150769783,43.717552185058594,,4544000
2023-03-31,43.85986536708666,44.89402776389912,43.73083077313783,44.59990692138672,,5183500
2023-04-03,44.70997275751788,45.924400859650845,44.70997275751788,45.8560905456543,,5287000
2023-04-04,45.84469821260093,45.92060176856785,44.97562204089577,45.46329116821289,,4124000
2023-04-05,45.07429804114917,45.33046713378666,44.13311486488075,44.50313568115234,,5152000
2023-04-06,44.16347088908559,44.76119868901569,43.58282247400855,44.71186065673828,,4932500
2023-04-10,44.47467308449209,45.50124594513628,44.47467308449209,45.26594924926758,,5520500
2023-04-11,45.201429653612045,45.971833385829086,44.78017794100864,45.54109191894531,,4690000
2023-04-12,45.72515656502515,45.72515656502515,44.05341790660812,44.14450073242188,,5404000
2023-04-13,44.20143365647329,44.92629610407227,44.0439370054696,44.7934684753418,,4202000
2023-04-14,44.78397528411361,45.30579962236144,44.73843386928778,45.152099609375,,3391500
2023-04-17,45.43673158581416,45.78398352311332,45.27733844058872,45.77639389038086,,5258000
2023-04-18,45.99650590596175,46.55248900828133,45.81813687628654,46.52971649169922,,5861500
2023-04-19,46.52782410480525,46.87697256261173,46.16539288424441,46.83522415161133,,7190500
2023-04-20,46.63218594179511,47.51644146464049,46.50504783487497,47.24888610839844,,6119500
2023-04-21,47.33807174721369,47.66065464881313,47.00220608412394,47.171085357666016,,5303000
2023-04-24,46.869372398068144,47.60751743608471,46.76121019759976,47.43294143676758,,4606000
2023-04-25,47.15590623398763,47.29253047513148,46.3133955091888,46.37032318115234,,5965000
2023-04-26,46.30011572958432,46.63028828581903,46.03825348868049,46.14641571044922,,5234500
2023-04-27,45.92061384789579,45.99651380454728,43.73084345674127,45.36842727661133,,10493000
2023-04-28,45.370319232954685,45.370319232954685,44.41775333772375,45.237491607666016,,7063500
2023-05-01,45.39308481962992,45.65874002964164,45.00029151401476,45.34185028076172,,5242000
2023-05-02,45.27544148255564,45.94906933627337,44.76310327580644,45.91111755371094,,6135500
2023-05-03,45.69668798453135,46.64735715162789,45.62647756235391,46.16917419433594,,3390500
2023-05-04,46.13693212594082,46.33617720765505,44.78019005846153,44.93768310546875,,4268500
2023-05-05,44.96992332794059,45.9262855748228,44.96992332794059,45.60370635986328,,4564000
2023-05-08,45.6359678990473,46.243185500198,45.48037139727962,45.673919677734375,,3334000
2023-05-09,45.575249637365005,45.93768081866693,45.379804843413744,45.86557388305664,,3311500
2023-05-10,45.98891261327217,46.48796800369775,45.84659525380424,46.27544021606445,,4866000
2023-05-11,46.3209898896626,46.57336600388412,45.34565144958755,45.886451721191406,,3232500
2023-05-12,45.878858493938566,46.09138630283629,45.29631347581999,45.525917053222656,,3620000
2023-05-15,45.36841765409589,45.46709011031189,43.80294111568293,43.93387222290039,,6923500
2023-05-16,43.28871160680515,43.35133241306867,42.14449027880915,42.94145965576172,,8267000
2023-05-17,42.922475004215485,42.99837493193637,42.43859894028359,42.67768859863281,,6432500
2023-05-18,42.677691306348464,43.81432274562776,42.42152586716761,43.74980545043945,,6924500
2023-05-19,43.53728514127794,43.660626614233365,42.487943417769685,42.54866409301758,,6841500
2023-05-22,42.86175182121156,43.32665201034935,42.24884477860745,42.27351379394531,,5780500
2023-05-23,41.82950216488706,42.21659879899682,41.38357772919138,41.46896743774414,,6031000
2023-05-24,41.90160037345913,41.96611405283808,41.10463113290241,41.45947265625,,5583000
2023-05-25,41.43480280460077,41.43480280460077,40.32853347264933,40.58090591430664,,7580500
2023-05-26,40.23960004221516,40.6247585744886,39.93070876184724,40.32730865478516,,7812500
2023-05-30,40.392139928135535,41.1071631750266,40.13282544157815,41.0614013671875,,9032500
2023-05-31,40.78111929129166,40.8707336016905,39.85444891481074,39.96313095092773,,11753000
2023-06-01,40.22053866435181,40.23198002682103,39.162303555867126,39.339630126953125,,9568000
2023-06-02,39.74195213664171,40.449349127148,39.6656812332743,40.26820755004883,,7711000
2023-06-05,39.89829408958445,40.22815877406509,39.18327087194462,39.57415008544922,,7757000
2023-06-06,39.51886169174583,41.38173440447593,39.51886169174583,41.34932327270508,,9845500
2023-06-07,41.34932622852267,41.732575524000566,41.15865260317645,41.53046417236328,,6489000
2023-06-08,41.47707924963462,42.15015585432848,41.465637885648505,41.843170166015625,,5445000
2023-06-09,41.534280793407895,41.86986260484622,41.37602193276948,41.41796875,,5378000
2023-06-12,41.41796418379623,41.87367298851248,40.92030856647396,41.84888458251953,,6626000
2023-06-13,42.026208715986975,42.14442642117011,41.32643816516226,41.46944427490234,,6453000
2023-06-14,41.59719320340481,41.94803131256793,41.43893437250221,41.57431411743164,,4723500
2023-06-15,41.547619309033394,42.13870417621207,41.32643663116007,42.08150100708008,,7152500
2023-06-16,42.43615898246151,42.4857321586314,41.54190339874853,41.74401473999024,,7793500
2023-06-20,41.46563068089934,41.621983838885576,40.971790075136624,41.37792205810547,,9131000
2023-06-21,41.38173492624099,42.19209687705276,41.065220872749656,42.035743713378906,,6882000
2023-06-22,42.15204841332525,42.255009746754894,41.62769879329935,41.87938690185547,,5197000
2023-06-23,41.9461322829207,42.174937726120895,41.64486729732422,41.70016479492188,,6623500
2023-06-26,41.85460176440679,42.03955467957428,41.663928168581,41.768798828125,,4574000
2023-06-27,41.81456194811428,42.5848790807278,41.80884126727655,42.54483795166016,,4704000
2023-06-28,41.75736196423188,41.76117696401376,40.96416204771568,41.299747467041016,,9356500
2023-06-29,41.29974729899123,41.49042091457742,40.992765287287206,41.45610046386719,,6353000
2023-06-30,41.62579617511043,42.38276994054979,41.38364370686497,42.15777587890625,,7875500
2023-07-03,42.23785755786135,42.272178007387865,41.414148585241975,42.14442825317383,,4184000
2023-07-05,41.94994066755447,42.091041105532895,41.55906139611051,42.018585205078125,,4830000
2023-07-06,41.70396891252818,42.1272629093826,41.56859280644779,41.73447799682617,,5292000
2023-07-07,41.56478165361085,41.755455265326944,41.2978407792863,41.34932327270508,,6349500
2023-07-10,41.33025964230623,42.19400620653727,41.33025964230623,42.19210052490234,,6066000
2023-07-11,42.26264534297416,42.687845048169336,42.228321257155,42.516239166259766,,6819500
2023-07-12,42.88614836935551,42.977671998435,42.08341275176836,42.09675979614258,,4846500
2023-07-13,42.007141271564606,42.007141271564606,41.20631505264713,41.25398254394531,,5661500
2023-07-14,41.406528499705054,41.64677531960698,40.9126878143511,40.98323440551758,,6100500
2023-07-17,40.58663047351336,40.74679864140701,39.6866541900586,40.19575119018555,,9947500
2023-07-18,40.02795505644453,40.83068692516954,40.02795505644453,40.46078109741211,,7821500
2023-07-19,40.61332749473544,41.09763975963895,40.16715432063349,40.262489318847656,,8132000
2023-07-20,40.130929699362966,41.08238494613634,40.130929699362966,40.88217926025391,,9104000
2023-07-21,40.76967335357147,41.43702913163303,40.62857656324632,41.1262321472168,,6770000
2023-07-24,41.294021414725215,41.43702751759538,40.76585676624272,40.92983627319336,,6245000
2023-07-25,40.07371847815175,40.86691833564819,39.77245353209257,40.55993270874024,,10794000
2023-07-26,40.771580086099554,41.07093935352417,40.41120992052499,40.90314483642578,,7235000
2023-07-27,41.496141238487056,43.14164627129716,41.13386173567271,42.63254928588867,,14795500
2023-07-28,42.95859897756219,43.11304280959904,42.45712839777325,42.70881652832031,,7084000
2023-07-31,42.74313697579557,43.00626646776651,42.27217548087152,42.70881652832031,,5756500
2023-08-01,42.4895432451339,43.22363423343162,42.4895432451339,42.746952056884766,,4731000
2023-08-02,42.68021509132728,43.719382339019255,42.52195626607691,43.09206771850586,,6171000
2023-08-03,43.26939567017647,44.00539233345131,42.93762164867887,43.3094367980957,,5136500
2023-08-04,43.30943838215419,43.38189427867668,42.30840287396724,42.38848876953125,,4309000
2023-08-07,42.38848903248592,42.62110944798649,42.33891222239096,42.48191833496094,,3182500
2023-08-08,42.386581945722114,42.493358297029005,41.99570267248937,42.285526275634766,,5923000
2023-08-09,42.31412857284051,42.88805513219892,42.21116721512782,42.74123764038086,,3718000
2023-08-10,43.00055155587812,43.16071609011409,42.07388116574498,42.38086318969727,,5266000
2023-08-11,42.61920162109817,42.71454024507964,42.29887257283237,42.42853164672852,,4214000
2023-08-14,42.41137099086031,42.59632392695878,41.9995183048172,42.41327667236328,,4154000
2023-08-15,42.15777123828638,42.46665889108584,42.06052694332553,42.33890914916992,,2927000
2023-08-16,42.4018378904572,42.52958764711356,41.999517258746245,42.11582565307617,,4156000
2023-08-17,42.28361754369687,42.5276793162753,41.64105016394123,41.75735855102539,,5725500
2023-08-18,41.62580293880331,42.14443568315961,41.62580293880331,41.8183822631836,,3462500
2023-08-21,41.82409278057603,41.99188729096917,41.0575906696482,41.112884521484375,,6442000
2023-08-22,40.82687997775116,40.99657654940005,39.77817691300541,40.99467086791992,,8691500
2023-08-23,40.683872044065225,41.24826286474955,40.483666393673296,40.9164924621582,,7170000
2023-08-24,40.57900010228882,41.204409075914434,40.34637969151225,40.35210037231445,,5811000
2023-08-25,40.71806572665472,41.16067596067591,40.41724601421747,40.91542053222656,,5944000
2023-08-28,41.07061677478811,42.08995672104427,40.902005278699896,41.96158218383789,,8378000
2023-08-29,42.003745901424,42.8199825546476,41.88686500522082,42.64945602416992,,5030000
2023-08-30,42.76633019066824,42.79123983144233,42.388866539354886,42.71842956542969,,5224500
2023-08-31,42.43484594560084,42.44825826488589,41.36760540713359,41.86577987670898,,10897500
2023-09-01,41.98458406652693,42.27582149102189,41.64927236338809,42.25283050537109,,7084000
2023-09-05,42.01523711869996,42.16085765270989,41.56496684982071,41.78531265258789,,6146000
2023-09-06,41.55730567419289,41.722087213824366,40.89051950752603,41.33695983886719,,5942500
2023-09-07,41.63777151128874,42.23749589152734,41.43275305930763,41.96158218383789,,6125500
2023-09-08,41.93859143136369,42.16085220717575,41.53813684185119,41.653099060058594,,4930500
2023-09-11,41.78914550390586,41.9673393527654,41.55922102212509,41.70867156982422,,3660000
2023-09-12,41.70866640304551,41.89643889264184,41.50173293324379,41.5975341796875,,3658500
2023-09-13,41.60711773287788,41.83129718789793,41.15876247742116,41.36569595336914,,5116000
2023-09-14,41.367611020476,41.39826932068037,40.95757407133662,41.37335968017578,,5265500
2023-09-15,41.09745048754903,41.16068209665679,40.668256164718485,40.78130340576172,,8621500
2023-09-18,40.758301120468914,40.77554709824133,40.01678985875112,40.1394157409668,,4806000
2023-09-19,39.90374411465423,40.32144470850808,39.64699136762941,40.26587677001953,,4060000
2023-09-20,40.148993614300245,40.1585722756138,39.7293780807783,39.767696380615234,,4889000
2023-09-21,39.566512532423786,39.66806242489998,38.9725368432791,39.20054626464844,,6288000
2023-09-22,39.20821854325159,39.69106578451707,39.20821854325159,39.288692474365234,,3770500
2023-09-25,39.27911299369803,39.84243415435983,39.22546370740486,39.53778076171875,,4122500
2023-09-26,39.323179903857415,39.773450134936695,38.876739675961154,38.90164566040039,,4282500
2023-09-27,38.72537054173766,39.3040189718132,38.48969378070117,38.8978157043457,,5952000
2023-09-28,39.32701460588476,39.3921612136119,38.84033735891873,38.976375579833984,,3547000
2023-09-29,39.48221286061018,39.545440804562446,38.73111926665536,38.90547943115234,,6715500
2023-10-02,39.05301597740769,39.27719542596347,38.34215932587964,38.99170303344727,,6137500
2023-10-03,38.79051831177196,39.12965998785265,38.52801690217138,38.99745178222656,,4654000
2023-10-04,39.01661443749517,39.6642395181174,38.9706288137996,39.472633361816406,,4976000
2023-10-05,38.89590183372321,39.37683407752,38.72729030814092,39.31168746948242,,5877500
2023-10-06,39.22929699765876,39.53969539270602,38.66980584578824,39.17756271362305,,4280500
2023-10-09,39.11049591660022,39.36341498878748,38.38814200145823,39.06834030151367,,5109000
2023-10-10,38.98786520908808,39.41514442408547,38.82308372045507,39.284854888916016,,5149500
2023-10-11,39.3442626417098,39.436233898061325,38.842254390201,39.14690780639648,,4443500
2023-10-12,39.03385102661631,39.03385102661631,37.322815501798125,37.698360443115234,,8066500
2023-10-13,37.261507651884834,38.58741610000194,37.261507651884834,38.46287155151367,,8251000
2023-10-16,38.70237795225335,39.62591675641495,38.55101241750059,39.40748596191406,,5473500
2023-10-17,39.34425431016593,40.099177874902985,39.34425431016593,39.74087524414063,,6886500
2023-10-18,39.73129651582232,40.08768414447636,39.28677130805211,39.733211517333984,,5482500
2023-10-19,39.543527637226624,39.65082620497113,38.67172311971908,38.73112106323242,,4439500
2023-10-20,38.82309241452667,38.82309241452667,37.27875304274673,37.414794921875,,11062500
2023-10-23,37.35539573818283,38.232948971340775,37.09097930531713,37.9704475402832,,7594500
2023-10-24,38.06624500450923,38.47244823798745,37.85931155761148,37.98002243041992,,5312500
2023-10-25,37.82291175850537,38.18696310182122,37.57382630544731,37.95128631591797,,8721000
2023-10-26,35.87427874964722,37.18294473260184,35.44699952000564,36.17318344116211,,17250000
2023-10-27,36.03906569936844,36.853387322749846,35.83021721128657,35.98541641235352,,9921500
2023-10-30,36.339885306115285,36.77483191521843,35.65010823919918,36.63304138183594,,6735000
2023-10-31,36.55064423217232,37.02582404497297,36.44717568537667,36.89553451538086,,4560500
2023-11-01,36.74034240041939,36.85338964153991,36.037152965003365,36.512332916259766,,5211000
2023-11-02,36.851469757789765,37.6581276632891,36.671360927540704,37.39371490478516,,5315500
2023-11-03,37.84398288413557,38.38814300017008,37.64471308543513,38.18312454223633,,6534000
2023-11-06,38.15055496550349,38.3594071014992,37.880393537258456,38.1773796081543,,4553500
2023-11-07,38.3019241402203,38.32108512133098,37.86123253842503,38.16588592529297,,3743500
2023-11-08,38.26743272398419,38.97828935067169,37.89380275916975,38.22528076171875,,4562000
2023-11-09,38.12947725117335,38.22528215242104,37.16762016289629,37.37838363647461,,6985500
2023-11-10,37.51059204765357,38.16588441928079,37.094810103167134,38.04133987426758,,6481000
2023-11-13,37.870815757361775,38.19463016429368,37.562332329912735,37.573829650878906,,7931000
2023-11-14,38.07966121767406,39.79644556011549,38.07966121767406,39.61058807373047,,8477000
2023-11-15,39.67956257284148,40.4421534579628,39.47071411423504,39.75812149047852,,7271500
2023-11-16,39.612502382295176,39.712137284030696,38.65830898213249,38.90739440917969,,5511000
2023-11-17,39.28103106381975,39.28103106381975,38.7809414684164,38.8211784362793,,4932000
2023-11-20,38.710045742338224,38.83267530099268,38.119903553945385,38.45712661743164,,4739000
2023-11-21,38.321081190838505,38.321081190838505,37.119713745962486,37.83248901367188,,6051000
2023-11-22,38.049003291309965,38.41880326607213,37.93787106779984,38.02217864990234,,4768000
2023-11-24,38.26293531833883,38.49984175473429,38.04529351028444,38.17241287231445,,2846500
2023-11-27,38.13967420099689,38.39391295561577,38.02796211983045,38.093448638916016,,6237000
2023-11-28,38.01447390595656,38.76370775076756,37.94321241713763,38.505619049072266,,4236500
2023-11-29,38.63466099874996,39.55531470547096,38.54413488789637,38.5576171875,,4206000
2023-11-30,38.58458796450754,39.15276957792109,38.11848242768782,39.10076904296875,,7132500
2023-12-01,39.1758839727733,40.49330309932842,39.10461881050633,40.4605598449707,,6708000
2023-12-04,40.33922190925405,41.58152597218388,40.25639943420112,40.8342170715332,,6823000
2023-12-05,39.95401145381373,40.10424544040636,39.5765070043148,39.905860900878906,,4827000
2023-12-06,40.06571752774184,40.67434968328223,39.79221787270743,40.34306716918945,,6280000
2023-12-07,40.21787738224333,40.45093014323131,39.86926257421175,40.264102935791016,,5467000
2023-12-08,40.47982100980919,40.98059479428417,40.389294893116,40.84577178955078,,5857500
2023-12-11,40.947859322641335,41.72598291137133,40.91896972289357,41.6161994934082,,6172500
2023-12-12,41.66819739993736,41.72405159729606,41.33113620144627,41.46788787841797,,4694000
2023-12-13,41.56804537227471,42.59077899529888,41.21172319555726,42.46173095703125,,5614500
2023-12-14,42.93168717015247,43.50179746951368,42.53299312244888,43.16281127929688,,9280500
2023-12-15,42.681294807267605,42.681294807267605,41.63159674379936,41.85309219360352,,14331000
2023-12-18,41.95903065722547,42.02259217737764,41.18090716245772,41.55456161499024,,6381000
2023-12-19,41.67397371001077,41.95325205301976,41.51796474691374,41.629676818847656,,4893000
2023-12-20,41.20209720641262,41.385070790326175,40.37196941694972,40.40471267700195,,8418500
2023-12-21,40.88236401634495,41.18282827957496,40.626200313707336,40.774505615234375,,4564500
2023-12-22,40.9651769232803,41.47172927597124,40.70323460484851,40.816871643066406,,5024500
2023-12-26,40.7359861269838,40.94207430147957,40.56649486855297,40.58768081665039,,4248500
2023-12-27,40.58767919112296,41.17705042209917,40.25447166773608,40.9555549621582,,4146500
2023-12-28,41.05763690012815,41.943622460765326,40.96326079230194,41.58345031738281,,6384500
2023-12-29,41.68938178060406,41.79724018449727,41.259873158343225,41.4158821105957,,5352000
2024-01-02,41.0749720953753,42.30764380162775,40.97481733555971,41.712493896484375,,6647000
2024-01-03,41.69516550243632,41.69516550243632,40.78606893208703,40.95748519897461,,5912500
2024-01-04,40.95748163332528,41.59885709887434,40.95748163332528,41.41780853271485,,6250000
2024-01-05,41.16164513669726,42.29416209915747,41.14430917520159,42.16319274902344,,7144500
2024-01-08,42.02643716633484,43.08769253811068,41.95324701401749,43.05302429199219,,6451500
2024-01-09,42.916274956474375,43.24562882295336,42.33268237312541,42.53106689453125,,6739000
2024-01-10,42.51373690368969,42.64278127356479,42.21519758299906,42.37891387939453,,6102000
2024-01-11,42.38468148240622,42.72173895525955,42.20941159652249,42.67936706542969,,4562500
2024-01-12,42.648557424811074,43.14740625907611,42.31920353141341,43.060733795166016,,5081000
2024-01-16,42.75448312377107,43.2109563035628,42.55995228188406,43.19554901123047,,8185000
2024-01-17,42.52336497822919,43.84656293956978,42.52336497822919,43.82345199584961,,11566000
2024-01-18,43.94863406983529,44.46481507155679,43.60194429555422,44.34732437133789,,7105000
2024-01-19,44.4070369086369,44.97714716447563,44.091165357639206,44.50334167480469,,8425500
2024-01-22,44.62853408931512,44.95596295966822,44.38392768844008,44.78069305419922,,7930500
2024-01-23,44.56112671872314,44.70943203710097,43.61158327402679,43.99101638793945,,8212500
2024-01-24,44.18554233724195,44.202878297592896,43.52683462232631,43.53453826904297,,6649000
2024-01-25,43.5287654540468,43.67899576930011,43.07421717393424,43.592323303222656,,7256500
2024-01-26,43.80418510981353,43.92552581363609,43.35349054223669,43.84077835083008,,5392000
2024-01-29,43.60387073504079,44.36080814138377,43.353485708448936,43.59424209594727,,10098500
2024-01-30,43.26874515730556,44.2105849126143,43.09154657632007,43.8735237121582,,6416500
2024-01-31,43.87738171726064,43.969832840524674,43.195559275253245,43.25911712646485,,10741500
2024-02-01,43.39201039017685,45.34117639163947,42.71211669009639,45.24294662475586,,15048000
2024-02-02,45.08308600116878,45.17746211182597,43.62891875655181,44.86544418334961,,9582000
2024-02-05,44.6131256155451,45.04455921759555,44.05264399260886,44.48408126831055,,6563000
2024-02-06,44.79224916879765,45.26220467770752,44.37622286013477,45.02915191650391,,4939000
2024-02-07,45.27376158085152,45.66667327239029,44.94825771536922,44.96366500854492,,4642500
2024-02-08,45.0387900551533,45.26413552519418,44.39356088833877,44.65165328979492,,5961000
2024-02-09,44.65164633904533,45.29879672496903,44.55534157424634,45.277610778808594,,4962500
2024-02-12,45.45481524162608,45.732164918213066,45.15820093592771,45.495262145996094,,6195000
2024-02-13,44.69594787148404,45.24872589058252,44.36081533717326,44.93863296508789,,5685500
2024-02-14,45.28531366950749,45.42784398430111,44.48022568694004,45.3565788269043,,5254000
2024-02-15,45.59349137671439,46.057668274746334,45.5048902479186,45.774539947509766,,3495500
2024-02-16,45.56845147634877,45.97484917974039,45.40858885523429,45.54919052124024,,3486500
2024-02-20,45.30265279892125,45.73601507948003,45.252577257478464,45.53570556640625,,3798500
2024-02-21,45.61082431146431,45.61082431146431,45.03493533438554,45.33539962768555,,2758000
2024-02-22,45.329616430971335,46.22715556036308,45.16205017589007,46.169376373291016,,4853000
2024-02-23,46.42672351967229,47.11942828628122,46.27386677855821,47.03235626220703,,5319000
2024-02-26,46.9568945964818,47.74828197067164,46.891106189175545,46.96269989013672,,7362000
2024-02-27,47.113626020840606,48.889890858277816,47.09621014003572,48.6054573059082,,8315500
2024-02-28,48.37326419760917,49.054358369850725,48.371330329930366,48.876346588134766,,4347500
2024-02-29,49.24011255719574,49.4665005535273,48.63254595871377,49.20915222167969,,6845500
2024-03-01,49.319441897302895,49.319441897302895,48.42163282789304,48.84151458740234,,4499000
2024-03-04,48.32875864986866,49.023400956742506,48.0346520720497,49.004051208496094,,4577500
2024-03-05,48.87247788375917,48.87247788375917,47.91275170766493,47.95919036865234,,4821500
2024-03-06,48.150746977421306,48.54740759088213,47.94758015626538,48.50096893310547,,3554000
2024-03-07,48.56482335177151,48.7699240400745,47.79278574269548,48.19718551635742,,4306000
2024-03-08,48.50291050419577,48.69059903276467,48.077227045985865,48.46808242797852,,2498500
2024-03-11,48.423569209930434,48.46420626413612,47.626380259721394,48.158485412597656,,3068000
2024-03-12,48.261037876304,48.82216952112915,48.00756465474816,48.31134796142578,,2908000
2024-03-13,48.406159021958985,49.57292340940794,48.33263145276265,49.0833854675293,,6116000
2024-03-14,49.55550801462157,49.60581440951947,48.32295889786965,49.1220817565918,,9044500
2024-03-15,48.90537382391179,50.234671776686326,48.80088960092422,49.756744384765625,,7290000
2024-03-18,50.02762495082193,50.06439057730501,49.16077621422564,49.48004150390625,,3952000
2024-03-19,49.44908391110091,50.04310973621646,49.37749021227813,49.60581207275391,,4153500
2024-03-20,49.76060923479216,49.81672461462319,48.95954880932533,49.73158645629883,,4358500
2024-03-21,49.53422370406492,51.860009617219575,49.53422370406492,51.50204849243164,,5640500
2024-03-22,51.34531889466061,51.47109042155958,50.6332643491389,50.88287353515625,,6169500
2024-03-25,50.78418822230825,51.07829849518295,50.02182363028237,50.05278396606445,,3813000
2024-03-26,50.054723288713134,50.26369542890129,49.74126692372469,49.93282318115234,,3226000
2024-03-27,50.22885861375661,50.48040163783749,49.9250753316596,50.39332962036133,,4080500
2024-03-28,50.65067568365125,51.041530994309845,50.203704997106826,50.6410026550293,,3235000
2024-04-01,50.63520098335024,50.89254563579312,49.81091938161268,49.96764755249024,,4469000
2024-04-02,49.9212059336244,50.08180552106101,49.20334984041055,49.70642852783203,,4338500
2024-04-03,49.71803786481244,49.94635971945343,48.73896204258846,48.78733825683594,,4334000
2024-04-04,49.439413901081856,49.50713617818964,48.5803042251005,48.85893249511719,,4682000
2024-04-05,48.85892831256061,49.205282520622816,48.50483863416233,48.85506057739258,,6142500
2024-04-08,48.64222545175951,49.18787514230888,48.26491453479014,48.290069580078125,,5068000
2024-04-09,48.62093731285167,49.091125514413655,48.00756539630875,48.990509033203125,,3951500
2024-04-10,48.17009371481026,49.12981976456109,47.73473363198348,49.01178741455078,,4538000
2024-04-11,49.290427393251846,49.290427393251846,47.74635201564801,48.41003036499024,,5393500
2024-04-12,47.94564178348592,48.10043607658263,47.247131751637234,47.38451385498047,,4959500
2024-04-15,48.05013043110346,48.13333102709816,46.7324432063897,46.81951522827149,,4722500
2024-04-16,46.91819603897709,47.70958342901896,46.91819603897709,47.37483978271485,,5517500
2024-04-17,47.5741339212824,48.05786652517831,47.479322744264536,47.86824417114258,,6100000
2024-04-18,48.319081705853016,48.40228229504263,47.62057172028084,47.86050415039063,,4133500
2024-04-19,48.00756795186898,49.025339715171,48.00756795186898,48.91311264038086,,6424000
2024-04-22,49.44134393879731,49.567115453934704,48.89569433811803,49.02726745605469,,5352500
2024-04-23,49.340727004139296,50.23853610070357,49.22656607684032,49.52648162841797,,5048000
2024-04-24,48.95955026193326,49.98506485597616,48.54741129463326,49.94636535644531,,6607500
2024-04-25,49.94055637753666,51.4768924421467,48.617063854053946,51.325965881347656,,11477500
2024-04-26,51.20986644913582,53.144796820811855,51.08796636716473,52.99774169921875,,7997500
2024-04-29,52.89712876682032,53.82202678633634,52.587540181907016,53.76784896850586,,5331000
2024-04-30,53.66530005981642,54.05808924957984,52.69783478347193,52.83908462524414,,4837500
2024-05-01,52.93196581006164,53.13126122100505,51.74391774385872,52.46951675415039,,7468000
2024-05-02,52.51595260628447,52.51595260628447,51.50204865203647,51.60459899902344,,6347000
2024-05-03,51.84453220801623,52.60108783605168,51.56009495651707,52.28376007080078,,5675500
2024-05-06,52.32826545181651,52.4656438739079,51.79809413155166,52.15412139892578,,3408500
2024-05-07,52.25667325597655,52.80426047356136,51.91999572816581,52.26828384399414,,3204500
2024-05-08,51.85613730349124,52.05737025799358,51.49237089125711,51.59492492675781,,4167500
2024-05-09,51.60266231567012,52.330195115150815,51.46915163980818,52.18507385253906,,3051500
2024-05-10,52.20055195061464,52.668802524228845,51.929659193425735,52.519813537597656,,4657500
2024-05-13,52.74621064143919,52.97840025570176,52.24506209087289,52.56626129150391,,3967500
2024-05-14,52.74813806138581,53.41762529216112,52.48692200933048,53.11384201049805,,4734500
2024-05-15,52.953247753805336,53.47761377818584,52.90293766776801,53.39634704589844,,3018500
2024-05-16,53.09642931691993,53.89942726852546,53.09642931691993,53.44471740722656,,3965500
2024-05-17,53.582093758505984,55.36803524104796,53.01709441265542,55.2751579284668,,10907000
2024-05-20,55.40866711156874,55.70471123083049,54.44507332331395,54.95976257324219,,5299500
2024-05-21,55.23452487333172,55.68342942625087,54.6792022435151,55.27709579467773,,9284000
2024-05-22,55.12810755227818,55.49574540853502,54.44701335226468,54.71209716796875,,3628000
2024-05-23,54.83593824736357,55.26742698183364,54.23611074279033,54.8088493347168,,4554500
2024-05-24,54.96035563955673,54.98366363599661,54.426172373509694,54.77776336669922,,3950000
2024-05-28,54.66703973382759,54.8263240089017,54.31933896710633,54.75056838989258,,5393000
2024-05-29,54.44754694417756,54.653447229645366,54.01437237196684,54.58740234375,,3758500
2024-05-30,54.87489083519659,55.16626119598136,54.490281069766645,54.54467010498047,,3651000
2024-05-31,54.70395045261784,55.46151407703445,54.16199784155721,55.41683578491211,,6606000
2024-06-03,54.47085175237888,54.64567469658107,51.02296138390234,51.97283172607422,,9901500
2024-06-04,51.55908698205844,53.12277917587316,51.54743483504919,52.39046859741211,,5895000
2024-06-05,52.43708176994025,52.5555705671084,51.98059924214268,52.5186653137207,,5513000
2024-06-06,52.31276171758229,52.576937533380814,52.09326419249685,52.40017318725586,,3417000
2024-06-07,52.32053251263173,52.9945711808568,52.16513475164186,52.62744522094727,,4773000
2024-06-10,52.61968171111738,53.204363860114015,52.32053830200429,53.14997482299805,,3164000
2024-06-11,53.02953895527459,54.20473854631376,52.71874341028204,54.05905151367188,,5581000
2024-06-12,54.38926798654478,54.55437648597315,53.68414828710783,54.37178421020508,,4295000
2024-06-13,54.56214801379036,54.836034567378135,53.90364803116809,54.676753997802734,,5420500
2024-06-14,54.5271771198916,54.82632046803,53.956092346578735,54.43782424926758,,4658000
2024-06-17,54.20084873782417,56.34534009110419,54.154229038407216,56.24433135986328,,4498500
2024-06-18,56.2326771627,56.40555870749666,55.67518957010744,56.327857971191406,,5102500
2024-06-20,56.32008830840621,56.32397482718871,54.37761437186212,54.4339485168457,,8794500
2024-06-21,54.17365416088661,55.29057812882736,54.17365416088661,54.69229507446289,,8777500
2024-06-24,54.53689506511132,55.44014568250665,53.48795743008135,53.878395080566406,,6208500
2024-06-25,53.55400760139192,53.55400760139192,50.97245873587416,51.39009094238281,,13781500
2024-06-26,51.3881478884821,52.41766040955116,50.94720769756758,51.86405563354492,,7274000
2024-06-27,51.70476900246727,52.24088997707985,51.47555702887043,51.97088623046875,,10605500
2024-06-28,52.8721902523628,53.7229931814048,52.15735988664151,52.4467887878418,,8505000
2024-07-01,52.65075103388066,53.15579466239201,51.80188945663128,52.00779342651367,,5070500
2024-07-02,51.959233477777104,52.08937812754442,51.54548412206452,51.67563247680664,,3718500
2024-07-03,51.38620317403195,51.44059220368402,50.24985406670526,50.8248291015625,,3832500
2024-07-05,50.86367592504269,51.13562477914928,50.564536260997706,50.99576568603516,,5409000
2024-07-08,51.18612759395943,51.36095053514507,49.9021537551163,50.68302536010742,,6263000
2024-07-09,50.53539940634314,50.62669368830563,49.76617996587853,49.97208023071289,,4339500
2024-07-10,50.10417356215575,50.3838880581915,49.768124921555,50.35863494873047,,4669000
2024-07-11,50.48101626600453,51.31822209015493,50.35863723190452,51.05210113525391,,5732000
2024-07-12,51.32016382540557,52.88191459940833,51.29879723359275,52.65464401245117,,4743000
2024-07-15,52.67017942111394,53.414145799450914,51.92038511719294,52.609962463378906,,6095000
2024-07-16,52.70320108271822,55.0166874366889,52.60996168470368,55.00503158569336,,5980000
2024-07-17,54.5019336292597,55.01280150701847,54.11343736836469,54.16005706787109,,4831000
2024-07-18,54.09789780310008,54.09789780310008,52.256432670659485,52.433197021484375,,6645500
2024-07-19,52.40017891088203,52.75565275371261,51.80772374115612,52.14571380615234,,3967500
2024-07-22,52.22341103066343,52.74787987069386,51.08706187726416,52.65658187866211,,5528000
2024-07-23,52.79837557060389,52.8644204450436,52.1554180105571,52.51671600341797,,4008000
2024-07-24,52.33801478429164,52.47204595135033,50.98799607982335,50.99382400512695,,6554500
2024-07-25,49.82444967008822,51.99613532623295,49.08048336920965,50.00704193115234,,11680500
2024-07-26,50.39942378883088,51.82908463082388,50.39165445675099,50.99382400512695,,4857000
2024-07-29,51.06764387867053,51.54937586580101,50.58590818656489,51.4911003112793,,3598000
2024-07-30,51.335691967174405,51.49303482049252,50.53539526439036,50.84230422973633,,5968500
2024-07-31,50.98800144354803,51.7572209749972,50.533460271798425,51.149227142333984,,2863000
2024-08-01,51.31432950295564,51.45613000001043,49.55250658434535,49.77783203125,,3743000
2024-08-02,49.16789702222016,49.1814942794474,48.241334714064685,49.099910736083984,,4402000
2024-08-05,48.58127387737855,50.27316924900947,48.0781716132861,49.7564697265625,,6070500
2024-08-06,50.35281146068476,50.9608052736352,49.791433643606055,50.508209228515625,,3682500
2024-08-07,50.70050962639319,51.01907447819869,48.85904450574572,48.94062805175781,,4040000
2024-08-08,49.30581212530198,50.88504281636752,48.96976350046791,50.68302536010742,,3619500
2024-08-09,50.68302845229082,51.21332523357079,50.04007079024315,50.60533142089844,,3109500
2024-08-12,50.64612202590935,51.53966194861572,50.3430958300324,50.93749237060547,,3882500
2024-08-13,50.74324756776518,51.66980999294719,50.01676491772894,50.57036972045898,,3848000
2024-08-14,50.70827844877159,51.35318118311587,50.195465476151966,50.94914627075195,,2810000
2024-08-15,51.67563516286894,52.29722622717024,50.76655656408956,51.08706283569336,,3102000
2024-08-16,51.351241800521095,51.41922809086084,50.9549762047016,51.180301666259766,,5094000
2024-08-19,51.05986652871625,51.491095962823785,50.842310404834926,51.2696533203125,,3072000
2024-08-20,51.17642407137672,51.53772215045882,51.11037918117586,51.16476821899414,,2621500
2024-08-21,50.91029451665253,52.28556630662479,50.51791546572309,51.982540130615234,,3056000
2024-08-22,52.0058569406022,52.03110634568585,51.44059630453434,51.52994918823242,,1990500
2024-08-23,52.00197129965281,52.34773069369557,51.61347501748725,52.28751373291016,,2554000
2024-08-26,52.5820312205676,53.5553040726637,52.36163302146363,53.2120246887207,,4121000
2024-08-27,52.90970780737743,53.32904993867022,52.6054382074244,53.23543167114258,,3088500
2024-08-28,53.10474812263113,53.742546504967166,53.1008493766649,53.29784393310547,,3148500
2024-08-29,53.68403023311895,54.16384010525692,53.26468440325165,53.38561248779297,,2862000
2024-08-30,53.247127725802734,53.25297956462749,51.83500796200439,52.18413543701172,,6812000
2024-09-03,52.037855323704655,52.52546640624285,51.78039673164732,52.34017181396485,,5317000
2024-09-04,52.418195094040165,53.34270758761056,52.13537975324831,53.18471908569336,,4919000
2024-09-05,53.15741581654587,53.15741581654587,52.13538253312067,52.81998825073242,,3414000
2024-09-06,52.98577496311504,53.45388118752203,52.47085774424958,52.777076721191406,,4937500
2024-09-09,52.88824649692806,53.81080954424374,52.88824649692806,53.20616912841797,,5491500
2024-09-10,53.08134566487092,53.2510341226057,52.29141432840918,52.81218338012695,,3206000
2024-09-11,52.81217928337959,53.95319112531374,52.09831819245333,53.88102340698242,,3407000
2024-09-12,53.98049718763799,54.62609302569843,53.68207945015041,54.51296615600586,,2504500
2024-09-13,54.94207306233652,55.84512759795627,54.80944128700061,55.18977737426758,,2703000
2024-09-16,55.44137884971532,55.99335644287732,55.02203301920319,55.27364349365234,,3185500
2024-09-17,54.981074423971606,55.28729710492714,53.94148945568406,53.978546142578125,,3515000
2024-09-18,54.13068347744503,54.55392806342701,53.58846017696119,53.732791900634766,,2091500
2024-09-19,54.56563332661767,54.56563332661767,53.27443782758351,53.43632507324219,,3919000
2024-09-20,53.43632566717144,53.77960505312576,52.901903557290446,53.61576843261719,,4168000
2024-09-23,53.78545751392255,54.4408077237067,53.22763176045672,53.99805450439453,,4177000
2024-09-24,53.9980557812188,54.388146175360816,53.54945443207989,54.13848876953125,,3096500
2024-09-25,54.32183004640724,54.871854597967406,53.94539642630349,54.78018569946289,,3126500
2024-09-26,55.04349943705429,55.663738659338094,54.80164323053741,55.64228439331055,,3830500
2024-09-27,56.022609783934286,56.53362820508285,55.80611035149812,55.81001281738281,,3567500
2024-09-30,55.969952844017314,56.8593580222893,55.969952844017314,56.74428176879883,,4362000
2024-10-01,56.59213787641724,57.89503690754908,56.28591893730794,57.56541061401367,,7800500
2024-10-02,57.56541167271667,58.1934557054956,57.345009775310615,58.13689041137695,,5482000
2024-10-03,57.60052578858108,58.11934548045122,56.49267549250928,56.92372131347656,,7218000
2024-10-04,57.364514197589656,58.02571616425119,57.08755072849548,57.53225326538086,,3859000
2024-10-07,57.333313268663865,57.5439608741651,56.808641767785055,57.31575775146485,,3646000
2024-10-08,57.3157572853098,59.32471631352787,57.21433408939873,59.2349967956543,,4827000
2024-10-09,59.20964215266408,59.6816508349138,58.22076688773612,58.70057678222656,,5552000
2024-10-10,58.56989188076757,58.74933463533683,57.69804599728389,57.994510650634766,,4080500
2024-10-11,58.36899636827514,59.30520872476892,58.10568594547804,59.17062759399414,,2661000
2024-10-14,59.21158928360385,59.75771504172733,58.809798967089584,59.2427978515625,,2892000
2024-10-15,59.014593631859256,60.00346884091992,58.60304901794752,58.67326736450195,,4017000
2024-10-16,58.44895983428188,59.25254412907101,58.261719600673565,59.059452056884766,,4018500
2024-10-17,59.41443580956201,59.43003823348801,58.15639830613773,58.1856575012207,,3849000
2024-10-18,58.41580857143408,58.530884815483255,57.98670844232896,58.04912185668945,,4117000
2024-10-21,57.9906139878878,58.21686402202604,57.01734115412015,57.46009063720703,,6194500
2024-10-22,56.956873054406536,57.08560234677389,56.299573542169846,56.843746185302734,,4650500
2024-10-23,56.658460647934376,57.25919864221497,56.45951671199057,56.97053146362305,,5576000
2024-10-24,55.29899826687619,56.102582639952914,53.33685390745739,53.49874114990234,,11095000
2024-10-25,54.28281849887281,54.41350089658427,52.958468765221625,53.202274322509766,,4129000
2024-10-28,53.703533004802,53.703533004802,52.59372974517187,52.6600456237793,,4394500
2024-10-29,52.289460492047965,53.29393810117638,52.11392021004027,52.42794036865234,,5293000
2024-10-30,52.17828982275897,52.9058040018158,52.06906169308308,52.26020812988281,,5507000
2024-10-31,52.063218398351744,52.52352343542009,51.747245098611984,51.7862548828125,,5783000
2024-11-01,52.06711331227481,52.87849890707039,51.96179136689894,51.99299621582031,,5469500
2024-11-04,52.29921696632247,53.508494187430216,51.95008945602649,52.732215881347656,,4962000
2024-11-05,52.76927464816777,53.94539388942158,52.76927464816777,53.87322616577149,,5259500
2024-11-06,54.03705966754616,56.43415591232287,54.03705966754616,56.35808944702149,,12038500
2024-11-07,56.646755526361176,57.101208686633946,55.940695602864025,56.424407958984375,,6264500
2024-11-08,56.75598242402534,57.38207339889773,56.12793835602056,56.28202438354492,,6009500
2024-11-11,56.39125065319901,56.39125065319901,54.59098978913324,54.91866302490234,,4271500
2024-11-12,54.8230886996504,55.1585668497093,54.37643677066138,54.4544563293457,,4191000
2024-11-13,54.3569334067943,54.69046219330147,54.02926017954787,54.36863708496094,,2853000
2024-11-14,54.4700624122515,55.02788815764477,53.962946407267815,54.04291534423828,,3558000
2024-11-15,53.87127108927735,54.44080044539525,53.56114968394787,53.76594543457031,,4994000
2024-11-18,53.54554700941477,54.20089717403505,53.41486833914941,53.9921989440918,,3266500
2024-11-19,53.611861714897245,53.92783497237667,53.07354090160419,53.217872619628906,,5137500
2024-11-20,52.85704393262508,53.01307933566622,52.24265290557297,52.6619987487793,,4822000
2024-11-21,53.13986168170011,53.64502460145475,52.76732681446902,53.37001419067383,,4316500
2024-11-22,53.531891968154014,55.29119353959889,53.531891968154014,54.94596481323242,,4001500
2024-11-25,55.721370985517936,56.43019864022138,55.5510173572618,55.999420166015625,,8781000
2024-11-26,55.77032578249022,56.20502204606217,54.81673681086588,54.86372756958008,,3936500
2024-11-27,55.094780726476856,56.14823343400941,55.05757877651556,55.21030807495117,,3653500
2024-11-29,55.62346478954274,56.19326972700289,55.325834257084594,55.545143127441406,,3819500
2024-12-02,55.599973294425226,56.941264063895126,54.918558727083735,56.83748626708984,,5956000
2024-12-03,56.44390270753323,56.696495749622514,55.38066127263736,55.8016471862793,,6112500
2024-12-04,55.80557187863829,56.33621415477718,55.35325127007805,55.973968505859375,,4920500
2024-12-05,56.15410942767956,56.74741350345055,54.58372100720799,55.31017303466797,,5766000
2024-12-06,55.9191407722832,56.4262839207033,55.18093918684044,55.3082160949707,,5348000
2024-12-09,55.308213289933946,55.78402924190519,54.62679877470612,55.556888580322266,,7367000
2024-12-10,55.609756656475966,56.41257327795589,55.2925485184733,55.748783111572266,,3844000
2024-12-11,56.024871280737806,56.56726305852376,55.76444644072752,55.901512145996094,,4081000
2024-12-12,55.87606100012636,56.250056201308446,55.4100375606722,55.85844039916992,,3603000
2024-12-13,56.04837443778526,56.23830942443889,55.55102009930648,55.89368438720703,,3838000
2024-12-16,56.13844226661634,56.269633195374006,54.10790158612932,54.14510726928711,,5853500
2024-12-17,54.25084119117223,54.48189587466002,53.46956293989536,53.88859558105469,,6116000
2024-12-18,54.03545609585664,54.03545609585664,51.91092638027687,51.92658996582031,,7128000
2024-12-19,51.895265027991925,52.2438040972757,51.37637232062063,51.69945526123047,,7494000
2024-12-20,51.556512597443565,53.28942279802455,51.556512597443565,52.79010772705078,,10938900
2024-12-23,52.212476864110336,52.79010988650573,51.63484010695428,52.5649299621582,,5348600
2024-12-24,52.564928376919504,53.35795622682278,52.20268274735109,53.3481674194336,,2000600
2024-12-26,53.4460712189376,54.42511630172835,52.81948296351322,54.32721328735352,,3416500
2024-12-27,53.925806173252354,54.40553618321117,53.13277829373016,53.41670227050781,,3466600
2024-12-30,52.86842935806675,52.946754749800654,51.458605919698655,51.48797607421875,,3997200
2024-12-31,51.49776421941662,52.515971890319015,51.35090971394197,51.94812774658203,,4204800
2025-01-02,52.00687811029688,52.51598204418233,50.88097841159328,51.28238677978516,,4838600
2025-01-03,51.3411234894517,51.5858847634504,50.2054313274882,50.84181213378906,,6346100
2025-01-06,51.25300673076775,52.67262279626377,50.84180960359868,52.5257682800293,,6099000
2025-01-07,52.76073506543976,53.07402917029894,52.16351701093932,52.741153717041016,,3537100
2025-01-08,52.72157417877725,53.35795495192457,52.32995840163775,53.25025939941406,,4148400
2025-01-10,53.10340733708147,54.630715287585176,53.02508193717839,53.44607162475586,,6356700
2025-01-13,52.868431600876825,53.51460117105268,52.52576733440493,53.42648696899414,,4980400
2025-01-14,53.51460676965837,53.68104638418619,51.92855470143494,52.06562042236328,,3845400
2025-01-15,52.81948381810105,53.27963247482042,51.70337300322328,51.9872932434082,,4975400
2025-01-16,51.81106512250816,52.60409300143823,51.52714488070318,52.40828323364258,,4715300
2025-01-17,52.96633526708798,53.57334588202705,52.38869854303979,52.53555679321289,,5583000
2025-01-21,52.96633586227592,55.86431205696548,52.88801420012782,55.68808364868164,,7910500
2025-01-22,55.63913213133616,56.90209741075841,55.52164403599789,56.26572036743164,,4867200
2025-01-23,56.29508903275886,57.0979056558365,56.06011658306669,56.17760467529297,,5468100
2025-01-24,56.21676435655709,56.80419362091641,56.040539685485776,56.725868225097656,,3384300
2025-01-27,56.206975840735225,57.4895261932104,56.17760568453121,56.71607971191406,,4213600
2025-01-28,56.44194728066152,57.72449387533512,56.15802332658858,56.17760467529297,,4134900
2025-01-29,56.040540820989776,57.18602174734567,55.74682431547856,55.962215423583984,,6908800
2025-01-30,52.90759393834603,54.268465922730805,52.3789087295927,53.1523551940918,,9205400
2025-01-31,53.377537105334405,53.74957527376951,52.19289347938845,53.220890045166016,,9309300
2025-02-03,52.37891261561859,54.06287137520675,52.27121705753879,53.436283111572266,,6833900
2025-02-04,53.50481853738412,53.739787280143766,52.613887607002056,52.90760040283203,,6172500
2025-02-05,53.16215021287718,53.16215021287718,52.33975214808607,52.486610412597656,,4063600
2025-02-06,52.48660173617612,52.63345624165077,51.65441126611236,51.94812774658203,,7711000
2025-02-07,52.05582239480072,52.27121349628565,51.39986401811171,51.84043502807617,,6337900
2025-02-10,52.03624836796206,53.46565331237444,51.93834161746492,53.28942489624024,,4881800
2025-02-11,53.18173059803176,53.9062256298324,52.76074089782178,53.81811141967773,,5753000
2025-02-12,53.28942565323807,54.757993318710895,52.93696881596288,54.699249267578125,,4078900
2025-02-13,54.82652017087219,55.844727870388006,54.61112907507761,55.7957763671875,,7402400
2025-02-14,56.01116743849203,56.167814499966376,55.404160542124,55.94263458251953,,4901300
2025-02-18,56.19718866362098,56.54964175257364,55.45311231694627,56.51048278808594,,4424500
2025-02-19,56.28529925297071,56.84335460973895,55.23771765657456,56.64754486083984,,4111700
2025-02-20,56.71608084676533,56.77482489510924,56.03074855512845,56.53006362915039,,2643200
2025-02-21,56.56922371210949,56.73566331832882,54.92442767355448,55.18877029418945,,4037300
2025-02-24,55.21814080765197,55.374787861988494,54.16077038981012,54.8852653503418,,6781900
2025-02-25,54.8852711405082,56.44195304115854,54.59155461472601,55.81536102294922,,5910600
2025-02-26,56.01196451346442,56.35602060223981,53.986960569178045,54.203224182128906,,4009000
2025-02-27,54.01645156185581,54.586595953512905,53.633077897659135,53.79035949707031,,3184100
2025-02-28,54.00661838432749,54.58659497486236,53.38732420706156,54.40965270996094,,5014400
2025-03-03,54.45880586963909,55.02895024703283,53.69205481053851,53.96730041503906,,4846300
2025-03-04,53.84933907616416,55.1174241118843,53.34800513756438,54.16390228271485,,5203100
2025-03-05,53.97712763916769,54.22288036084481,53.23004101522037,54.016448974609375,,4735500
2025-03-06,53.66256713867188,53.94764121004509,53.17106167074115,53.66256713867188,,4877800
2025-03-07,53.44630438383902,56.14958450050211,53.20055164596056,55.92349243164063,,6108600
2025-03-10,56.01196411180186,58.71524425474532,55.79570050040183,56.23805618286133,,7456100
2025-03-11,55.74654964080524,56.23805511198121,52.92530928622413,53.00394821166992,,8280500
2025-03-12,52.54193338662133,52.9449677058685,51.450790686981954,51.47045135498047,,4248700
2025-03-13,51.33283229239088,51.912808894790345,50.71353435256692,50.782344818115234,,4827900
2025-03-14,51.44096454839523,51.51960347404766,50.61523520465427,50.94945907592773,,4445300
2025-03-17,51.34265988809758,52.56159507852789,50.99860756614378,52.22737121582031,,7407800
2025-03-18,51.94229439653382,51.96195506387345,51.37214629335112,51.75552368164063,,2649500
2025-03-19,52.07991925930447,52.18805106291116,51.06741918896756,51.902976989746094,,3503700
2025-03-20,51.686715459602006,52.1978778330169,50.91013594055052,50.959285736083984,,3084800
2025-03-21,50.7725120827229,51.64739114234693,50.241685321864885,51.56874847412109,,6332700
2025-03-24,52.079919678674,52.71887829610097,51.88331673870499,52.62057495117188,,3391300
2025-03-25,52.47312366731762,52.80734752825171,51.61790147176069,51.93246841430664,,3243400
2025-03-26,52.02093473763798,53.151398766282576,51.96195648389619,52.95479583740234,,2454500
2025-03-27,52.99411924552142,53.760866573260536,52.59108491300609,53.239871978759766,,4651400
2025-03-28,53.16123318733509,53.28902190901922,52.41414277647974,52.56159591674805,,3599700
2025-03-31,52.63040758825255,54.47846548926553,52.56159712118765,54.16390228271485,,7950200
2025-04-01,53.95746943374802,54.49812469613223,53.60358489840153,54.19339370727539,,4992100
2025-04-02,53.63307869620643,54.99946331453946,53.32834395223357,54.67506790161133,,3245900
2025-04-03,54.69472493026034,55.23538016593377,53.69205337961142,54.82251739501953,,7008400
2025-04-04,52.60091221607986,54.85200810303157,51.40164145416442,51.50977325439453,,7533400
2025-04-07,49.31766161017144,51.41147615552722,47.99059821868494,48.51159286499024,,9293400
2025-04-08,49.769840600721146,49.97627198014064,46.6143729086584,47.20418167114258,,8787900
2025-04-09,46.46692741739376,50.82166616599105,46.17202488642759,50.507102966308594,,7510200
2025-04-10,50.09423558598576,51.165717638840334,49.19969579873205,50.4481201171875,,5802900
2025-04-11,50.39896936762259,50.96911374052464,48.85564255232819,50.79217147827149,,4341700
2025-04-14,51.40164397722992,51.82433898984719,50.6938748863565,51.2836799621582,,3863700
2025-04-15,51.38198067055696,51.38198067055696,49.95661410233109,50.1335563659668,,4318500
2025-04-16,50.13355683110567,50.21219950451298,48.403459264924585,48.52141952514648,,4745100
2025-04-17,48.76716797355172,49.64204701401453,48.64920772368528,49.30782318115234,,4481900
2025-04-21,49.33731402242377,49.47493869359229,48.0692328549977,48.74750900268555,,5128300
2025-04-22,48.99326919692819,50.24169363747681,48.99326919692819,49.4257926940918,,5938100
2025-04-23,50.80200225433731,51.26401856495468,49.59289932963656,49.868141174316406,,6627800
2025-04-24,47.28282256869775,48.28549413199059,46.05405894945,48.16753387451172,,12588000
2025-04-25,48.37396637692261,49.278338371464486,48.11838518818262,49.071903228759766,,6949000
2025-04-28,49.07190209833135,49.46510795644622,47.430275702963065,48.16753387451172,,6417600
2025-04-29,47.79399099064628,49.09156513519674,47.58755959262442,49.02275466918945,,3468600
2025-04-30,48.75733821662794,50.0155946947223,48.51158549628226,49.760009765625,,10114500
2025-05-01,49.09156406092489,49.76984399656696,48.34447741067039,49.49459838867188,,5554500
2025-05-02,50.04508686359396,50.654552597133645,49.533920724212905,49.97627639770508,,6274500
2025-05-05,49.95661360538399,50.69387177990252,49.69120021257065,50.36948013305664,,4759200
2025-05-06,50.14338510658941,50.33998803949818,49.79933278641585,50.15321731567383,,3519100
2025-05-07,50.41862986286824,50.64472191944163,49.56340768161227,50.094234466552734,,4106800
2025-05-08,50.31049672699507,51.06741554839231,49.99593354795841,50.546417236328125,,4164200
2025-05-09,50.57591230462164,50.77251523751352,49.6813725223582,50.42845916748047,,3590100
2025-05-12,51.578584275125614,52.306010257437,51.16571773796073,51.824337005615234,,6582100
2025-05-13,51.735869829199565,51.98162257848339,50.80200863194316,51.42130661010742,,9814500
2025-05-14,51.3033394249283,51.42130343722607,50.448120960159706,50.507102966308594,,6486500
2025-05-15,50.50710415399345,51.29351217169212,50.16304806820144,51.2836799621582,,5637700
2025-05-16,51.28367976361972,52.23720159070061,51.04775923416807,52.089752197265625,,5247100
2025-05-19,51.65722386200776,52.28635026015435,51.36232133161269,52.0111083984375,,4766100
2025-05-20,51.853829926596646,52.13890401479214,50.51693437495233,50.723365783691406,,4914000
2025-05-21,50.28101168345908,50.28101168345908,49.09156558189053,49.18986892700195,,5460800
2025-05-22,49.19969801795246,49.27834069505083,48.07906611852533,48.82615280151367,,4831000
2025-05-23,48.37396344082052,49.13088225175844,48.27566385493823,48.85564041137695,,3690100
2025-05-27,49.2881655490855,49.94678479699097,49.06207349380122,49.52408981323242,,6118200
2025-05-28,49.50434200209047,49.69196930702008,48.31931812605652,48.447696685791016,,5199500
2025-05-29,48.57606972387929,49.168583524038304,47.91443364585169,48.35881805419922,,5663800
2025-05-30,48.38844280752252,48.645196152656425,47.64780337679513,47.79593276977539,,7785200
2025-06-02,47.44042619262622,47.47992786715885,46.65041153740873,47.262672424316406,,6610800
2025-06-03,47.33179615665359,48.60569684488378,47.252792811451634,48.43781661987305,,7440800
2025-06-04,48.63532431691676,49.59321921959091,48.46744784828859,48.72420120239258,,7022200
2025-06-05,48.74394980119892,51.38062433740364,48.74394980119892,50.807865142822266,,10694300
2025-06-06,51.123872530135664,51.33125067058564,49.9783503394906,50.304229736328125,,6995100
2025-06-09,50.31410760028945,50.43260885800015,49.57346814719516,49.87959671020508,,4970100
2025-06-10,50.00797376854684,50.87699175553354,49.86972167752129,50.83749008178711,,5136600
2025-06-11,50.906619221930896,51.25225323759294,50.24498309834839,50.66961669921875,,4278900
2025-06-12,50.57086193998953,51.43987997002875,50.35361025779508,51.0942497253418,,4552000
2025-06-13,50.83749126241836,51.24237401000474,50.45235935216389,50.89674377441406,,3688300
2025-06-16,51.459628511440656,51.49913018538126,50.74861344885771,51.04486846923828,,4224000
2025-06-17,50.66961792669365,51.40038011769389,50.02772885854803,50.34373474121094,,4923700
2025-06-18,50.45235617023631,51.72625684464881,50.37335282589128,51.38062286376953,,4237600
2025-06-20,51.71638019355284,52.02251250611015,51.23249788815708,51.86450958251953,,5733400
2025-06-23,52.012634485294576,53.06928349561365,51.83488449491362,52.99028015136719,,4457500
2025-06-24,51.78551011948636,52.950783180984,51.54850759987603,52.84215545654297,,10189600
2025-06-25,52.73353174983469,52.74340528524575,51.775636830214935,52.14101791381836,,7495900
2025-06-26,52.33851913364281,52.3681435050431,50.92636633489644,51.192996978759766,,5582100
2025-06-27,51.35100246645892,51.854635640823176,50.69923989352966,51.06462097167969,,9816900
2025-06-30,51.07449848193887,52.23977153632664,50.63998758682588,52.11139297485352,,5371700
2025-07-01,51.805260607213256,53.89880419645051,51.597882462183854,53.40504455566406,,7108300
2025-07-02,53.48404429738917,54.757945078484425,53.33591489788056,54.45181274414063,,6040000
2025-07-03,54.45181049441084,54.45181049441084,53.50379292456795,53.94817733764648,,2938400
2025-07-07,53.96792755009502,56.189845822690366,53.9580502482037,56.05158996582031,,8825400
2025-07-08,55.85408808625287,56.15034309696263,54.76781469086795,56.061466217041016,,5314600
2025-07-09,56.13059442598367,56.60460321482246,55.636834800057386,56.495975494384766,,4659800
2025-07-10,56.30835009270583,57.33537105338832,56.10097194692007,56.723106384277344,,5024100
2025-07-11,56.347849367168585,56.59472917794241,55.99234183692037,56.08121871948242,,5881100
2025-07-14,55.84421502462767,57.3452447955575,55.74546460258888,57.31562042236328,,4502300
2025-07-15,57.30573932212907,57.63162247401692,55.61708235440172,55.63683319091797,,7496300
2025-07-16,55.95284087024494,55.96271440528242,54.00742673129265,55.340579986572266,,6088800
2025-07-17,55.39982755338442,56.23922116303383,55.39982755338442,56.12071990966797,,3863900
2025-07-18,56.37746963715161,56.40709400682127,55.28132275433402,55.873836517333984,,4284600
2025-07-21,56.14046929498318,57.23661629331989,56.13059575974831,56.6934814453125,,4681500
2025-07-22,56.6342276044798,58.41176527203546,56.45647383772423,58.2438850402832,,4773800
2025-07-23,58.510511596212815,59.68565806790114,57.68099533176025,58.87589263916016,,10420300
2025-07-24,63.16172977788716,63.19135791674925,57.25636516617448,58.59939193725586,,15356100
2025-07-25,58.8166484784693,59.07340182853669,57.78962754402573,58.58951950073242,,7589200
2025-07-28,58.2636381169851,58.51051793951469,57.05886337757278,57.38474655151367,,7983200
2025-07-29,57.38474063134378,58.45125939575757,57.206986876093694,57.85874938964844,,6466900
2025-07-30,58.00688055846327,58.00688055846327,56.782355069873006,57.10823822021485,,4556400
2025-07-31,56.71322843345608,57.44399053802199,56.02196423423578,56.239219665527344,,4179200
2025-08-01,56.30834873185236,56.95023399145057,54.79744546751844,56.910736083984375,,5505300
2025-08-04,56.91073671370248,58.78702107069724,56.762607316032366,58.75739669799805,,5391300
2025-08-05,58.7672716515295,59.31041027803701,58.48089391865582,59.02402877807617,,3357400
2025-08-06,58.97465142843611,59.65603836186697,58.41176575145257,59.4980354309082,,3831500
2025-08-07,59.744913318600375,60.04116833370498,58.747520555427926,59.270904541015625,,2961500
2025-08-08,59.2807798374045,59.41903193075591,58.43151267300358,58.520389556884766,,3277600
2025-08-11,58.62901489812233,59.17214971442196,58.11550445288492,58.787017822265625,,4850000
2025-08-12,58.71789750131056,59.42891261279758,58.16488909645374,58.55989456176758,,4822200
2025-08-13,58.70801959136722,59.19190190956296,58.32288769037026,58.98452377319336,,5140700
2025-08-14,58.15500793767622,59.14252718611245,57.78962687053916,58.94502258300781,,3984200
2025-08-15,59.08327622845948,59.79428749907485,59.043774555901166,59.73503875732422,,3901500
2025-08-18,59.89304457895106,60.95956342003095,59.89304457895106,60.3374252319336,,5652900
2025-08-19,60.47567609453791,61.86807798428877,60.47567609453791,61.50269317626953,,4393100
2025-08-20,61.52244901233781,61.52244901233781,60.18929952103827,60.2682991027832,,3477500
2025-08-21,60.04116956068353,60.51517834795494,59.74491453952477,60.23867416381836,,2627500
2025-08-22,60.58430352789687,60.92006021830013,60.248546837493606,60.84106063842773,,3230200
2025-08-25,60.920357156909645,61.66377187458453,60.47430757006416,60.97983169555664,,3261800
2025-08-26,60.98974332649226,61.326758155822645,60.58334342475881,61.14833831787109,,4276400
2025-08-27,61.30693025036462,62.33779953349368,61.25737002700706,61.832279205322266,,3587600
2025-08-28,61.75298160019136,62.18912065317606,61.09877680191708,62.099910736083984,,3708300
2025-08-29,62.09990864041233,62.317974378342896,61.088864207889245,61.21772003173828,,5217400
2025-09-02,61.16816206280128,61.713332099522304,60.811322393324886,60.97983169555664,,3230500
2025-09-03,60.77167500353945,61.00956558993404,59.46326543476109,59.61194610595703,,6107600
2025-09-04,59.8300189110102,60.29589335830176,59.64168475681,60.10755920410156,,4677100
2025-09-05,60.24632857159971,60.3355384905402,59.532653001278646,59.98861312866211,,3211800
2025-09-08,59.83001913506372,59.92913958833815,58.60090509596518,59.5623893737793,,5475400
2025-09-09,59.27493195709904,59.43352694354548,58.30353719246423,58.561256408691406,,3722000
2025-09-10,58.22424124446624,58.63064113114973,57.73854197442854,57.93678665161133,,3129300
2025-09-11,58.0259992169969,59.73089444373511,57.95661414399492,59.49300384521485,,3798700
2025-09-12,59.17581390795211,60.117473332436006,59.05686860859503,60.077823638916016,,4395300
2025-09-15,59.9985214789204,60.32562576353818,59.02712671979297,59.08660125732422,,6271000
2025-09-16,59.02712645475929,59.30467051412289,57.9665217846985,58.4720458984375,,5254500
2025-09-17,58.67029131254704,59.48309114508205,58.37292616572743,58.58108139038086,,3551300
2025-09-18,59.086602948950976,59.839928206567286,58.77932350137964,59.34431838989258,,4153800
2025-09-19,59.51282631488151,59.62186107701607,58.52160670449855,59.13616180419922,,6769900
2025-09-22,58.9676538448253,59.11633451150742,57.59976978037479,57.6295051574707,,4335700
2025-09-23,57.79801723925858,58.16476743888005,57.55021233496246,58.04582214355469,,3024500
2025-09-24,57.738546213179525,57.76828159351895,56.71759115536062,56.8464469909668,,4808900
2025-09-25,56.59863593332416,56.69776015904362,55.73627596617909,55.92460632324219,,4254600
2025-09-26,56.003910199651344,56.3111896522453,55.68672021429114,56.02373504638672,,2999500
2025-09-29,56.16250247594049,56.29136208288647,55.488472844349886,56.19223785400391,,3572000
2025-09-30,56.1922390399602,56.57881786895702,55.53803424033889,56.37065887451172,,5084400
2025-10-01,56.420220501657234,56.98521917924796,55.39926547506216,55.42900085449219,,5747500
2025-10-02,55.22084388005617,55.99399775147661,55.03251351431675,55.73627853393555,,3875400
2025-10-03,55.60742013351661,55.78583997070588,54.943304791580985,55.33979415893555,,3016000
2025-10-06,55.31996943886341,55.56777434872558,54.180065341016295,54.20980072021485,,3802300
2025-10-07,54.110677619050456,54.29900798009049,52.792353748162256,53.2384033203125,,4918800
2025-10-08,53.21857984795817,53.87278464359152,52.80226942401092,53.44655990600586,,4646400
2025-10-09,54.85409576970748,55.656985050184325,53.23840667594919,53.74393081665039,,6383400
2025-10-10,53.98181772124449,54.24944746308572,53.03024782661076,53.76375198364258,,6006900
2025-10-13,53.89260839983675,54.78470754911599,53.823223330582,54.4278678894043,,5175600
2025-10-14,54.160241846936536,55.23076089925076,53.97191147197145,54.99286651611328,,3767400
2025-10-15,55.05233942211628,56.08320874975642,55.01268972923715,55.319969177246094,,6635500
2025-10-16,55.50829907586261,55.63715868602551,54.40804468561646,54.67567443847656,,3952700
2025-10-17,54.90365477056207,55.12172429942442,54.41795926871769,54.71532440185547,,3386300
2025-10-20,54.973040436267205,55.1118105811508,54.17015494623988,54.804534912109375,,4503200
2025-10-21,54.51708071257179,55.07216507742375,54.16024103382431,54.289100646972656,,4686200
2025-10-22,54.259365671689565,54.71532580628457,53.98182159659455,54.348575592041016,,5468800
2025-10-23,52.7328850451979,57.69889372522197,52.68332481996387,55.855224609375,,14800100
2025-10-24,56.99512822886883,57.688982720069525,55.49838826432688,55.78583908081055,,6354300
2025-10-27,55.7759291403563,56.04355889471171,55.26049447802766,55.87504959106445,,4952800
2025-10-28,55.47856205241078,55.676802946842685,54.85409264758276,55.002777099609375,,4042500
2025-10-29,54.6954970328211,54.79461747889446,53.50603277392762,53.76375198364258,,4040900
2025-10-30,53.743930141017486,54.447695178586585,53.05007563612839,53.644805908203125,,4235000
2025-10-31,53.446561173139614,53.78357600198342,52.97077619969004,53.63489532470703,,3834800
2025-11-03,53.73401663575768,53.73401663575768,51.44430165073032,52.02912139892578,,7643300
2025-11-04,52.02912122727325,52.80227134629507,51.61280700696719,52.58420181274414,,4674300
2025-11-05,52.7427948857887,53.88269895722994,52.65358496905675,53.44655990600586,,5992600
2025-11-06,52.90138828709367,53.2483174111842,52.41569280705063,52.63375854492188,,4611900
2025-11-07,52.752707736617616,53.82322292651331,52.68332266788376,53.793487548828125,,3585800
2025-11-10,53.73401322848929,55.468647516221466,53.4465586390336,54.97303771972656,,6493100
2025-11-11,54.95321601139245,56.44004548576002,54.95321601139245,55.44882583618164,,7143000
2025-11-12,55.38935153871875,55.62724212194669,54.447692175535074,55.48847198486328,,4601900
2025-11-13,55.41909203500526,56.44004709316269,55.31005726545388,55.68672180175781,,4264400
2025-11-14,55.49839025419102,55.8750510013512,54.86400649755736,54.93339157104492,,4955300
2025-11-17,54.745057359385264,55.260491998587256,52.90138832179424,53.20866775512695,,5655200
2025-11-18,52.38595269062706,53.38708657243615,51.56324241487359,53.05998229980469,,7977400
2025-11-19,53.08972256596864,53.30778830440434,51.63262855966263,52.07867813110352,,5590200
2025-11-20,52.10841415523558,52.90138908029969,51.791224185209934,52.17779922485352,,4282900
2025-11-21,52.1976258973972,53.49612498221028,51.97955636742176,52.45534133911133,,5548400
2025-11-24,53.33142305162652,53.84910766163247,52.34583419230829,52.793827056884766,,16174200
2025-11-25,52.87347179299901,54.63558943942439,52.77391487083166,54.17763519287109,,5930500
2025-11-26,54.028306162471495,54.78491979159274,53.95861821496197,54.38670349121094,,3594900
2025-11-28,54.42652291260596,54.61567916973059,53.898884506328486,54.53603363037109,,2111700
2025-12-01,54.12786141659154,54.69532261017364,53.281648422010086,53.421024322509766,,5810100
2025-12-02,53.57035518571409,53.57035518571409,52.724138434950895,52.98298263549805,,4434100
2025-12-03,53.341381289965575,54.57585677689504,53.25178195642163,53.82919692993164,,5625100
2025-12-04,53.91879594705521,54.33692743370928,53.19204748933406,54.1378173828125,,5061600
2025-12-05,54.20750440917978,54.35683409653178,53.71968498266339,53.83915328979492,,3634900
2025-12-08,53.76946180478399,53.94866046863841,53.00289438438352,53.102447509765625,,5690900
2025-12-09,52.94316100539453,53.55044495315503,52.02725628809932,52.11685562133789,,5130800
2025-12-10,52.30601344005304,52.91329740593626,52.16663753923561,52.62458801269531,,6028400
2025-12-11,52.52502784781389,53.49070909782733,51.3204175818993,51.57926177978516,,5803600
2025-12-12,51.91775076480537,52.14672600086399,51.57926480765168,51.73855209350586,,4515100
2025-12-15,51.91774987187359,52.76396285134961,51.67881704834748,52.69427490234375,,5097200
2025-12-16,52.78387206043423,52.90333656841815,52.0670774171142,52.40556335449219,,3952000
2025-12-17,52.35578813647525,53.40111115300879,52.29605398209595,53.25178146362305,,5481900
2025-12-18,53.22191145242591,53.4011101143701,51.86796769449571,52.096946716308594,,6025500
2025-12-19,51.92770280519444,52.02725593135095,50.91224496802303,51.17108917236328,,8307700
2025-12-22,50.93215858020787,51.56930772997393,50.92220478624024,51.48966598510742,,3529200
2025-12-23,51.51953049502342,51.609129830401365,50.28505118511713,50.852516174316406,,4502100
2025-12-24,50.77286857397093,51.44984045877387,50.77286857397093,51.41997528076172,,1697400
2025-12-26,51.45979599586627,51.63899466542773,51.00184552819076,51.1611328125,,3161500
2025-12-29,51.230820270998,51.38015376010404,50.26514278062636,50.583717346191406,,5349500
2025-12-30,50.39455970258683,50.51402800967313,50.01625478993839,50.135719299316406,,4752000
2025-12-31,50.08594420041431,50.25518527716944,49.62798993861847,49.78727722167969,,4267700
2026-01-02,49.74745947423985,50.72309458172863,49.49857285097102,50.60363006591797,,5495800
2026-01-05,50.17554299478549,50.62353586265186,49.40897176651504,49.60808181762695,,13699600
2026-01-06,49.33928526412591,50.42443108689132,49.120263821713735,50.08594512939453,,7469200
2026-01-07,50.37464942349632,50.79278091205731,49.63794716883931,49.66781234741211,,11884700
2026-01-08,49.19990385463104,51.82814967903792,49.12026211324749,51.17108917236328,,8195300
2026-01-09,51.25073250753355,51.907793034641344,50.752959265854656,51.28059768676758,,8855700
2026-01-12,51.07153386877146,51.37019705442459,50.11581015559808,50.45429611206055,,5979400
2026-01-13,50.6135828624852,51.57926415700562,50.59367147729104,51.529483795166016,,6177500
2026-01-14,51.43988262144903,51.74850338436134,50.62353484621854,50.93215560913086,,4816200
2026-01-15,50.94210934698941,51.24077631618919,50.21536090386704,50.50407028198242,,4793500
2026-01-16,50.14567254856036,50.99188929155161,49.956520094288734,50.78282165527344,,5365900
2026-01-20,50.593670358415366,51.4199757360114,50.10585472392593,50.74300384521485,,7513800
2026-01-21,51.44984251869154,53.31151337758194,51.429931133316806,52.933204650878906,,10088600
2026-01-22,53.29160015816719,54.39665732332922,52.9332028291732,53.16218185424805,,9704500
2026-01-23,53.27168890536663,54.75505478788463,53.27168890536663,54.446434020996094,,9863500
2026-01-26,55.00394027458542,56.02935188253729,54.84465299764427,55.31256103515625,,10026200
2026-01-27,55.49176148538369,55.621179791146176,54.88447753568399,55.48180389404297,,5270100
2026-01-28,55.64109192471963,55.800379208938985,54.8347017098566,54.89443206787109,,9151500
2026-01-29,52.66441007855754,53.17213711012409,50.06603316959664,50.73304748535156,,20671900
2026-01-30,51.1611312523082,51.71863862924321,49.69767676142151,50.65340423583984,,18692000
2026-02-02,50.6534067650564,52.82369842951973,50.33483219024605,52.74405288696289,,9925400
2026-02-03,52.54493927774035,53.95861718093192,52.20645334016278,53.23186874389648,,6672800
2026-02-04,53.25178061038433,55.87006500653732,53.25178061038433,55.03380584716797,,7649800
2026-02-05,54.91434141964472,55.01389454445473,53.98848292762023,54.23736953735352,,5782900
2026-02-06,53.699774463627776,55.41211558302831,53.58030995227909,55.36233901977539,,6242800
2026-02-09,54.64554641202262,54.96412098607604,53.40111329534253,53.540489196777344,,6093000
2026-02-10,53.57035519182016,54.01834805071896,53.00289402602061,53.80928421020508,,4260600
2026-02-11,53.80928567449072,54.44643480446664,53.20200172319854,54.287147521972656,,4436100
2026-02-12,54.3170161355431,55.93975412832725,53.96857259649051,54.16768264770508,,5848300
2026-02-13,54.11790544247627,55.33247332254257,53.77941949873853,54.78491973876953,,4380100
2026-02-17,54.18759384154992,54.68536706897719,51.54939421710202,52.45534133911133,,8669000
2026-02-18,52.27614222412058,52.59472058082761,51.5195285959257,52.30601119995117,,4425400
2026-02-19,52.30601067490204,52.55489728397823,51.33037562304837,51.72859191894531,,3457300
2026-02-20,51.73855128813922,52.9332040145953,51.55935261962912,52.72414016723633,,4654100
2026-02-23,52.68431643710536,54.03826021997692,52.33587669785532,53.64999771118164,,6245100
2026-02-24,53.709999084472656,54.5099983215332,53.150001525878906,53.27000045776367,,5481300
2026-02-25,52.970001220703125,53.20000076293945,51.70000076293945,51.77000045776367,,4843200
2026-02-26,52.0099983215332,52.369998931884766,51.08000183105469,51.18000030517578,,6145100
2026-02-27,50.900001525878906,52.060001373291016,50.34999847412109,51.84000015258789,,8176200
2026-03-02,51.7599983215332,52.720001220703125,51.130001068115234,52.27999877929688,,7839300
2026-03-03,51.38999938964844,51.93000030517578,50.63999938964844,51.59999847412109,,4628400
2026-03-04,51.58000183105469,51.970001220703125,50.59000015258789,50.59000015258789,,6675300
2026-03-05,50.0099983215332,50.7599983215332,49.41999816894531,50.5099983215332,,7398800
2026-03-06,50.29999923706055,50.54999923706055,49.59000015258789,50.15999984741211,,4929700
2026-03-09,49.9900016784668,51.09999847412109,49.459999084472656,50.66999816894531,,8927300
2026-03-10,50.27000045776367,51.209999084472656,50.02999877929688,50.34000015258789,,5806500
2026-03-11,50.2599983215332,50.68000030517578,49.15999984741211,49.470001220703125,,4776500
2026-03-12,49.34000015258789,49.45000076293945,48.04999923706055,48.09999847412109,,6196300
2026-03-13,48.33000183105469,48.66999816894531,47.04999923706055,47.2400016784668,,4411376
