Date,open,high,low,close,adj close,volume
2003-11-07,50.75,50.79999923706055,50.54999923706055,50.54999923706055,28.233367919921875,184200
2003-11-10,50.650001525878906,50.650001525878906,50.150001525878906,50.18000030517578,28.026729583740234,76000
2003-11-11,50.18999862670898,50.18999862670898,49.959999084472656,50.06999969482422,27.96528625488281,83600
2003-11-12,50.27000045776367,50.63999938964844,50.20000076293945,50.63999938964844,28.28364944458008,132600
2003-11-13,50.63999938964844,50.79999923706055,50.52999877929688,50.7599983215332,28.35067367553711,103300
2003-11-14,50.84999847412109,51.02000045776367,50.540000915527344,50.61000061035156,28.266891479492188,183700
2003-11-17,50.5,50.5,50.0,50.290000915527344,28.08816337585449,135900
2003-11-18,50.45000076293945,50.47999954223633,49.88999938964844,49.93000030517578,27.8870906829834,204100
2003-11-19,49.79999923706055,50.20000076293945,49.79999923706055,50.13999938964844,28.00438117980957,146300
2003-11-20,50.0,50.29999923706055,49.75,49.83000183105469,27.83124351501465,163100
2003-11-21,50.06999969482422,50.06999969482422,49.79999923706055,49.95000076293945,27.89826393127441,118000
2003-11-24,50.27000045776367,50.68000030517578,50.27000045776367,50.630001068115234,28.27804946899414,148800
2003-11-25,50.79999923706055,51.130001068115234,50.68999862670898,51.08000183105469,28.52939224243164,198600
2003-11-26,51.27000045776367,51.29999923706055,50.93000030517578,51.290000915527344,28.646692276000977,258300
2003-11-28,51.2599983215332,51.310001373291016,51.16999816894531,51.310001373291016,28.65786933898925,95700
2003-12-01,51.41999816894531,51.959999084472656,51.34999847412109,51.88999938964844,28.981807708740234,238700
2003-12-02,52.0,52.04999923706055,51.83000183105469,51.84999847412109,28.959470748901367,443700
2003-12-03,52.09999847412109,52.2599983215332,51.900001525878906,51.900001525878906,28.98739051818848,434200
2003-12-04,52.04999923706055,52.09000015258789,51.81999969482422,52.08000183105469,29.087921142578125,383700
2003-12-05,52.08000183105469,52.08000183105469,51.54999923706055,51.720001220703125,28.886852264404297,252600
2003-12-08,51.79999923706055,52.209999084472656,51.7599983215332,52.209999084472656,29.16052627563477,203400
2003-12-09,52.470001220703125,52.470001220703125,51.959999084472656,51.959999084472656,29.02088928222656,242800
2003-12-10,52.150001525878906,52.16999816894531,51.65999984741211,51.79999923706055,28.93153381347656,212300
2003-12-11,52.0,52.470001220703125,51.95000076293945,52.130001068115234,29.115846633911133,322000
2003-12-12,52.29999923706055,52.36000061035156,51.93999862670898,52.36000061035156,29.406782150268555,342400
2003-12-15,52.95000076293945,52.95000076293945,51.900001525878906,51.97999954223633,29.19335174560547,484300
2003-12-16,52.0,52.09999847412109,51.720001220703125,52.08000183105469,29.249509811401367,388400
2003-12-17,52.08000183105469,52.09999847412109,51.75,52.08000183105469,29.249509811401367,368700
2003-12-18,52.27999877929688,52.68000030517578,52.06999969482422,52.65999984741211,29.575254440307617,403100
2003-12-19,52.79999923706055,52.79999923706055,52.459999084472656,52.61000061035156,29.54717254638672,363800
2003-12-22,52.650001525878906,52.900001525878906,52.470001220703125,52.88999938964844,29.704429626464844,374700
2003-12-23,52.97999954223633,53.18000030517578,52.79999923706055,53.06999969482422,29.805519104003903,436800
2003-12-24,53.22999954223633,53.22999954223633,53.06999969482422,53.119998931884766,29.833614349365234,119500
2003-12-26,53.20000076293945,53.27999877929688,53.130001068115234,53.2400016784668,29.901002883911133,140500
2003-12-29,53.45000076293945,53.84999847412109,53.310001373291016,53.84999847412109,30.243593215942383,399400
2003-12-30,53.9900016784668,54.0099983215332,53.79999923706055,53.959999084472656,30.30536842346192,421800
2003-12-31,54.119998931884766,54.18999862670898,53.77000045776367,53.84000015258789,30.237972259521484,424700
2004-01-02,54.09999847412109,54.2400016784668,53.65999984741211,53.790000915527344,30.209890365600582,510800
2004-01-05,54.20000076293945,54.27000045776367,53.65999984741211,54.040000915527344,30.35030174255371,632000
2004-01-06,54.150001525878906,54.150001525878906,53.84000015258789,53.95000076293945,30.29975700378418,533900
2004-01-07,54.08000183105469,54.08000183105469,53.65999984741211,53.93999862670898,30.29413604736328,482300
2004-01-08,54.09999847412109,54.15999984741211,53.90999984741211,54.15999984741211,30.417694091796875,625500
2004-01-09,54.09999847412109,54.150001525878906,53.75,53.79999923706055,30.215505599975582,573600
2004-01-12,53.95000076293945,53.970001220703125,53.790000915527344,53.970001220703125,30.310985565185547,374000
2004-01-13,54.04999923706055,54.060001373291016,53.4900016784668,53.68999862670898,30.153738021850582,399700
2004-01-14,53.900001525878906,54.0,53.79999923706055,54.0,30.32782936096192,397300
2004-01-15,54.45000076293945,54.5,53.91999816894531,54.2599983215332,30.473859786987305,477700
2004-01-16,54.5,54.52999877929688,54.2400016784668,54.40999984741211,30.5580997467041,558900
2004-01-20,54.59999847412109,54.619998931884766,54.290000915527344,54.52000045776367,30.61988639831543,578200
2004-01-21,54.59999847412109,55.119998931884766,54.43999862670898,55.119998931884766,30.95685768127441,493800
2004-01-22,55.25,55.25,54.900001525878906,54.970001220703125,30.872621536254883,555700
2004-01-23,55.16999816894531,55.27999877929688,54.720001220703125,54.880001068115234,30.82207679748535,602600
2004-01-26,55.0,55.220001220703125,54.70000076293945,55.220001220703125,31.013029098510746,719000
2004-01-27,55.29999923706055,55.310001373291016,55.060001373291016,55.09000015258789,30.94001579284668,772300
2004-01-28,55.22999954223633,55.54999923706055,54.70000076293945,54.7400016784668,30.74345016479492,785900
2004-01-29,55.0,55.0099983215332,54.29999923706055,54.720001220703125,30.732213973999023,591500
2004-01-30,54.7599983215332,54.7599983215332,54.43999862670898,54.72999954223633,30.73783302307129,481500
2004-02-02,54.79999923706055,54.970001220703125,54.459999084472656,54.7400016784668,30.74345016479492,572600
2004-02-03,54.84000015258789,54.93000030517578,54.619998931884766,54.900001525878906,30.833311080932617,380700
2004-02-04,54.900001525878906,54.900001525878906,54.34999847412109,54.47999954223633,30.59742546081543,365500
2004-02-05,54.58000183105469,54.59999847412109,54.310001373291016,54.470001220703125,30.59179878234864,496900
2004-02-06,54.59999847412109,55.060001373291016,54.5,55.04999923706055,30.91753578186035,538100
2004-02-09,55.20000076293945,55.20000076293945,54.93000030517578,54.959999084472656,30.86700439453125,465400
2004-02-10,55.09999847412109,55.43000030517578,54.95000076293945,55.43000030517578,31.130964279174805,509200
2004-02-11,55.47999954223633,55.97999954223633,55.290000915527344,55.93999862670898,31.41738510131836,512800
2004-02-12,56.0,56.0,55.709999084472656,55.79999923706055,31.338775634765625,524800
2004-02-13,55.900001525878906,55.9900016784668,55.459999084472656,55.59000015258789,31.220821380615234,399300
2004-02-17,56.04999923706055,56.119998931884766,55.86000061035156,56.04999923706055,31.47916603088379,516800
2004-02-18,56.20000076293945,56.20000076293945,55.79999923706055,55.93999862670898,31.41738510131836,499600
2004-02-19,56.150001525878906,56.29999923706055,55.93999862670898,55.95000076293945,31.423004150390625,388100
2004-02-20,56.09999847412109,56.09999847412109,55.5,55.7599983215332,31.31630516052246,320600
2004-02-23,55.95000076293945,55.95000076293945,55.630001068115234,55.83000183105469,31.355609893798828,359800
2004-02-24,55.95000076293945,56.0099983215332,55.59999847412109,55.83000183105469,31.355609893798828,427500
2004-02-25,55.93999862670898,56.09999847412109,55.810001373291016,56.09000015258789,31.50164604187012,409500
2004-02-26,56.16999816894531,56.22999954223633,55.900001525878906,56.18000030517578,31.55217933654785,362800
2004-02-27,56.27999877929688,56.65999984741211,56.18000030517578,56.58000183105469,31.776838302612305,376900
2004-03-01,56.70000076293945,57.0,56.650001525878906,56.90999984741211,31.962173461914062,468200
2004-03-02,56.97999954223633,57.02000045776367,56.66999816894531,56.790000915527344,31.89476776123047,498900
2004-03-03,56.900001525878906,56.93000030517578,56.5,56.84000015258789,31.9228515625,356400
2004-03-04,56.95000076293945,57.0,56.720001220703125,57.0,32.01272201538086,504800
2004-03-05,56.95000076293945,57.38999938964844,56.84999847412109,57.34000015258789,32.20367431640625,374300
2004-03-08,57.400001525878906,57.45000076293945,57.09999847412109,57.130001068115234,32.08572006225586,461900
2004-03-09,57.20000076293945,57.20000076293945,56.59000015258789,56.70000076293945,31.84422874450684,448600
2004-03-10,56.84999847412109,56.84999847412109,55.83000183105469,55.90999984741211,31.40054702758789,480400
2004-03-11,55.41999816894531,56.0099983215332,55.02000045776367,55.09999847412109,30.945613861083984,631800
2004-03-12,55.34999847412109,55.619998931884766,55.08000183105469,55.61000061035156,31.23205947875977,691800
2004-03-15,55.75,55.75,54.709999084472656,54.810001373291016,30.78275489807129,580700
2004-03-16,55.29999923706055,55.33000183105469,54.77000045776367,55.150001525878906,30.97371482849121,406800
2004-03-17,55.45000076293945,55.81999969482422,55.400001525878906,55.77000045776367,31.32191276550293,419900
2004-03-18,55.72999954223633,55.7400016784668,55.150001525878906,55.61000061035156,31.23205947875977,295900
2004-03-19,55.709999084472656,55.709999084472656,55.02000045776367,55.11000061035156,30.95124053955078,319600
2004-03-22,54.900001525878906,54.93000030517578,54.0099983215332,54.27999877929688,30.485082626342773,650100
2004-03-23,54.5,54.56999969482422,54.25,54.290000915527344,30.49070930480957,430500
2004-03-24,54.45000076293945,54.45000076293945,53.86000061035156,53.95000076293945,30.29975700378418,373400
2004-03-25,54.25,54.59999847412109,54.060001373291016,54.52000045776367,30.61988639831543,441700
2004-03-26,54.150001525878906,54.25,53.900001525878906,54.060001373291016,30.62157821655273,324100
2004-03-29,54.400001525878906,54.72999954223633,54.15999984741211,54.59999847412109,30.92745780944824,357700
2004-03-30,54.79999923706055,55.0099983215332,54.59000015258789,55.0099983215332,31.15970039367676,442900
2004-03-31,55.11000061035156,55.40999984741211,54.84000015258789,55.290000915527344,31.31830406188965,659400
2004-04-01,55.54999923706055,55.77000045776367,55.400001525878906,55.720001220703125,31.56187438964844,482200
2004-04-02,56.34999847412109,56.34999847412109,55.400001525878906,55.59000015258789,31.48822784423828,774700
2004-04-05,55.72999954223633,55.77999877929688,55.43999862670898,55.720001220703125,31.56187438964844,386800
2004-04-06,55.66999816894531,55.790000915527344,55.54999923706055,55.7400016784668,31.57320213317871,347900
2004-04-07,55.79999923706055,55.79999923706055,55.27000045776367,55.43000030517578,31.39760398864746,489400
2004-04-08,55.84999847412109,55.84999847412109,55.0099983215332,55.20000076293945,31.267322540283203,415800
2004-04-12,55.5,55.63999938964844,55.04999923706055,55.15999984741211,31.24465560913086,348100
2004-04-13,55.400001525878906,55.400001525878906,54.02000045776367,54.25,30.72920608520508,484900
2004-04-14,54.0,54.20000076293945,53.5,53.77999877929688,30.46298599243164,358400
2004-04-15,53.83000183105469,54.25,53.5099983215332,53.83000183105469,30.49130249023437,347200
2004-04-16,53.84999847412109,54.52000045776367,53.84999847412109,54.45000076293945,30.84248733520508,242600
2004-04-19,54.09999847412109,54.400001525878906,54.060001373291016,54.380001068115234,30.802846908569336,327800
2004-04-20,54.58000183105469,54.61000061035156,53.75,53.79999923706055,30.474306106567383,309200
2004-04-21,54.0,54.0,53.540000915527344,54.0,30.58759307861328,357500
2004-04-22,54.09999847412109,55.040000915527344,54.0,54.9900016784668,31.14836311340332,284900
2004-04-23,55.09999847412109,55.09999847412109,54.40999984741211,54.81999969482422,31.052078247070312,281600
2004-04-26,54.84999847412109,55.08000183105469,54.619998931884766,54.84999847412109,31.069063186645508,271400
2004-04-27,54.59999847412109,55.150001525878906,54.54999923706055,54.900001525878906,31.09739875793457,322800
2004-04-28,54.880001068115234,54.880001068115234,54.0,54.150001525878906,30.67256164550781,338700
2004-04-29,54.29999923706055,54.43999862670898,53.400001525878906,53.66999816894531,30.400680541992188,419900
2004-04-30,54.0,54.0,53.59999847412109,53.75,30.44598197937012,242800
2004-05-03,53.84999847412109,54.16999816894531,53.61000061035156,54.16999816894531,30.68389129638672,224500
2004-05-04,54.34999847412109,54.66999816894531,54.02000045776367,54.34999847412109,30.785858154296875,247400
2004-05-05,54.59999847412109,54.7400016784668,54.45000076293945,54.59999847412109,30.92745780944824,266600
2004-05-06,54.650001525878906,54.650001525878906,53.75,54.33000183105469,30.774513244628903,381900
2004-05-07,54.25,54.310001373291016,52.970001220703125,53.09999847412109,30.077795028686523,454300
2004-05-10,52.54999923706055,52.70000076293945,51.93000030517578,52.34999847412109,29.652976989746094,674400
2004-05-11,52.650001525878906,52.7599983215332,52.400001525878906,52.54999923706055,29.766281127929688,380400
2004-05-12,52.75,52.84000015258789,51.77999877929688,52.84000015258789,29.930532455444336,357700
2004-05-13,52.79999923706055,53.2400016784668,52.560001373291016,52.88999938964844,29.958860397338867,304200
2004-05-14,53.09999847412109,53.34000015258789,52.619998931884766,53.040000915527344,30.043813705444336,284900
2004-05-17,52.90999984741211,52.90999984741211,52.20000076293945,52.540000915527344,29.760610580444336,286200
2004-05-18,52.81999969482422,52.9900016784668,52.630001068115234,52.900001525878906,29.96451187133789,301600
2004-05-19,53.34999847412109,53.59999847412109,52.790000915527344,52.810001373291016,29.91353416442871,420100
2004-05-20,53.0,53.15999984741211,52.810001373291016,53.08000183105469,30.066463470458984,192400
2004-05-21,53.09000015258789,53.52000045776367,53.0,53.25,30.16278076171875,237400
2004-05-24,53.59999847412109,53.63999938964844,53.04999923706055,53.34999847412109,30.21940994262696,276800
2004-05-25,53.400001525878906,54.06999969482422,53.09000015258789,54.060001373291016,30.62157821655273,285100
2004-05-26,54.150001525878906,54.54999923706055,53.95000076293945,54.43999862670898,30.836822509765625,355800
2004-05-27,54.79999923706055,54.90999984741211,54.34999847412109,54.65999984741211,30.961463928222656,347800
2004-05-28,54.79999923706055,54.83000183105469,54.54999923706055,54.810001373291016,31.04640007019043,272000
2004-06-01,54.900001525878906,54.900001525878906,54.400001525878906,54.75,31.01241874694824,309500
2004-06-02,54.97999954223633,55.04999923706055,54.65999984741211,54.83000183105469,31.057735443115234,310900
2004-06-03,55.0,55.0,54.43999862670898,54.43999862670898,30.836822509765625,314000
2004-06-04,54.900001525878906,54.95000076293945,54.59999847412109,54.68000030517578,30.972776412963867,649700
2004-06-07,55.09999847412109,55.36000061035156,54.86000061035156,55.34999847412109,31.35228729248047,260400
2004-06-08,55.43999862670898,55.43999862670898,55.13999938964844,55.31999969482422,31.33529281616211,285900
2004-06-09,55.06999969482422,55.400001525878906,54.84000015258789,54.84000015258789,31.06340789794922,266000
2004-06-10,55.09999847412109,55.150001525878906,54.91999816894531,55.130001068115234,31.22766876220703,222700
2004-06-14,55.09999847412109,55.119998931884766,54.40999984741211,54.47999954223633,30.85948944091797,306900
2004-06-15,54.97999954223633,55.08000183105469,54.70000076293945,54.900001525878906,31.09739875793457,287200
2004-06-16,55.0,55.0,54.7400016784668,54.84999847412109,31.069063186645508,784500
2004-06-17,55.0,55.0099983215332,54.61000061035156,54.95000076293945,31.125715255737305,209600
2004-06-18,54.95000076293945,55.25,54.810001373291016,55.09000015258789,31.20501708984375,182200
2004-06-21,55.27000045776367,55.36000061035156,55.04999923706055,55.18999862670898,31.26165580749512,205500
2004-06-22,55.18999862670898,55.29999923706055,54.869998931884766,55.220001220703125,31.27865982055664,215100
2004-06-23,55.369998931884766,55.650001525878906,55.13999938964844,55.650001525878906,31.52222442626953,292200
2004-06-24,55.7400016784668,55.79999923706055,55.060001373291016,55.060001373291016,31.188018798828125,523200
2004-06-25,55.09999847412109,55.27000045776367,54.84999847412109,54.97999954223633,31.42119789123535,263400
2004-06-28,55.29999923706055,55.52999877929688,55.02000045776367,55.130001068115234,31.50691604614257,229900
2004-06-29,55.18999862670898,55.36000061035156,55.130001068115234,55.310001373291016,31.60979080200196,304400
2004-06-30,55.36000061035156,55.70000076293945,55.209999084472656,55.650001525878906,31.804096221923828,336600
2004-07-01,55.7400016784668,55.7400016784668,54.86000061035156,55.02999877929688,31.449766159057617,314700
2004-07-02,55.20000076293945,55.34999847412109,55.04999923706055,55.18000030517578,31.535490036010746,220500
2004-07-06,55.22999954223633,55.22999954223633,54.72999954223633,54.88999938964844,31.369752883911133,239500
2004-07-07,54.97999954223633,55.040000915527344,54.7599983215332,54.869998931884766,31.358322143554688,252500
2004-07-08,55.09999847412109,55.09999847412109,54.459999084472656,54.459999084472656,31.124008178710938,259200
2004-07-09,54.84999847412109,54.84999847412109,54.52000045776367,54.68999862670898,31.25545692443848,226300
2004-07-12,54.79999923706055,55.0,54.5099983215332,54.81999969482422,31.32975578308105,233100
2004-07-13,55.0,55.02000045776367,54.7599983215332,54.88999938964844,31.369752883911133,249400
2004-07-14,54.84999847412109,55.18000030517578,54.619998931884766,54.88999938964844,31.369752883911133,609600
2004-07-15,55.09999847412109,55.11000061035156,54.79999923706055,54.880001068115234,31.3640365600586,250900
2004-07-16,55.25,55.25,54.81999969482422,54.900001525878906,31.375471115112305,235200
2004-07-19,55.04999923706055,55.20000076293945,54.84000015258789,55.04999923706055,31.46118354797364,232400
2004-07-20,55.18000030517578,55.5,54.90999984741211,55.5,31.71836853027344,301000
2004-07-21,55.68000030517578,55.70000076293945,54.70000076293945,54.70000076293945,31.26116180419922,381000
2004-07-22,54.79999923706055,54.83000183105469,53.95000076293945,54.470001220703125,31.12973403930664,412300
2004-07-23,54.650001525878906,54.68999862670898,54.04999923706055,54.18999862670898,30.96970558166504,376900
2004-07-26,54.34999847412109,54.4900016784668,53.91999816894531,54.130001068115234,30.93540954589844,309100
2004-07-27,54.380001068115234,54.68999862670898,54.22999954223633,54.630001068115234,31.221168518066406,343900
2004-07-28,54.75,54.84000015258789,54.13999938964844,54.75,31.289745330810547,323400
2004-07-29,55.0,55.16999816894531,54.77999877929688,55.130001068115234,31.50691604614257,290400
2004-07-30,55.25,55.25,54.84000015258789,55.08000183105469,31.47833633422852,202800
2004-08-02,54.79999923706055,55.47999954223633,54.7599983215332,55.43000030517578,31.67837142944336,286300
2004-08-03,55.59999847412109,55.61000061035156,55.09999847412109,55.25,31.575502395629883,305300
2004-08-04,55.25,55.470001220703125,54.790000915527344,55.36000061035156,31.63836479187012,261100
2004-08-05,55.400001525878906,55.400001525878906,54.58000183105469,54.70000076293945,31.26116180419922,309600
2004-08-06,54.09999847412109,54.79999923706055,53.900001525878906,54.040000915527344,30.88397979736328,1385000
2004-08-09,54.13999938964844,54.29999923706055,54.0,54.220001220703125,30.986841201782227,482800
2004-08-10,54.400001525878906,54.77999877929688,54.33000183105469,54.77999877929688,31.30688095092773,336800
2004-08-11,54.650001525878906,54.900001525878906,54.290000915527344,54.900001525878906,31.375471115112305,328400
2004-08-12,54.88999938964844,54.88999938964844,54.5099983215332,54.61000061035156,31.2097282409668,392900
2004-08-13,54.77999877929688,54.790000915527344,54.20000076293945,54.45000076293945,31.118295669555664,508300
2004-08-16,54.650001525878906,55.290000915527344,54.52999877929688,55.290000915527344,31.598360061645508,487100
2004-08-17,55.45000076293945,55.52999877929688,55.2599983215332,55.369998931884766,31.644081115722656,502400
2004-08-18,55.45000076293945,55.95000076293945,55.33000183105469,55.95000076293945,31.975547790527344,532500
2004-08-19,55.97999954223633,55.97999954223633,55.5,55.70000076293945,31.83267974853516,294500
2004-08-20,55.70000076293945,56.08000183105469,55.54999923706055,56.08000183105469,32.04985046386719,376000
2004-08-23,56.18000030517578,56.2400016784668,55.81999969482422,55.900001525878906,31.94696998596192,343900
2004-08-24,56.18000030517578,56.18999862670898,55.84000015258789,56.150001525878906,32.08985900878906,351300
2004-08-25,56.29999923706055,56.52999877929688,55.959999084472656,56.52999877929688,32.30702590942383,529300
2004-08-26,56.4900016784668,56.650001525878906,56.45000076293945,56.59000015258789,32.34130859375,341500
2004-08-27,56.66999816894531,56.75,56.5,56.70000076293945,32.40418243408203,731200
2004-08-30,56.79999923706055,56.84999847412109,56.47999954223633,56.4900016784668,32.28415298461914,366500
2004-08-31,56.650001525878906,56.84999847412109,56.459999084472656,56.84999847412109,32.48990631103516,394700
2004-09-01,56.900001525878906,57.09999847412109,56.650001525878906,56.93000030517578,32.535621643066406,425300
2004-09-02,57.040000915527344,57.400001525878906,56.91999816894531,57.400001525878906,32.804222106933594,277400
2004-09-03,57.45000076293945,57.5099983215332,57.18000030517578,57.29999923706055,32.747074127197266,338500
2004-09-07,57.70000076293945,57.900001525878906,57.52000045776367,57.79999923706055,33.032833099365234,528800
2004-09-08,57.790000915527344,57.790000915527344,57.2599983215332,57.310001373291016,32.75279998779297,531100
2004-09-09,57.54999923706055,57.619998931884766,57.27000045776367,57.5,32.86137008666992,402200
2004-09-10,57.619998931884766,57.619998931884766,57.2599983215332,57.459999084472656,32.838523864746094,347400
2004-09-13,57.84999847412109,57.88999938964844,57.5099983215332,57.75,33.00425720214844,1170600
2004-09-14,57.84999847412109,57.84999847412109,57.5099983215332,57.630001068115234,32.9356575012207,487200
2004-09-15,57.75,57.75,57.33000183105469,57.47999954223633,32.84995651245117,264200
2004-09-16,57.54999923706055,57.869998931884766,57.54999923706055,57.84000015258789,33.05569839477539,378400
2004-09-17,57.97999954223633,58.0,57.7599983215332,57.880001068115234,33.07854080200195,584500
2004-09-20,57.95000076293945,57.95000076293945,57.5099983215332,57.619998931884766,32.929962158203125,390000
2004-09-21,57.84999847412109,57.88999938964844,57.5099983215332,57.77999877929688,33.02140426635742,437600
2004-09-22,57.77999877929688,57.77999877929688,57.150001525878906,57.2599983215332,32.724220275878906,389900
2004-09-23,57.20000076293945,57.209999084472656,56.810001373291016,56.869998931884766,32.5013313293457,490800
2004-09-24,56.54999923706055,56.650001525878906,56.34999847412109,56.560001373291016,32.5894889831543,335200
2004-09-27,56.5,56.54999923706055,56.150001525878906,56.31999969482422,32.451194763183594,326300
2004-09-28,56.70000076293945,56.95000076293945,56.43000030517578,56.95000076293945,32.81421661376953,517400
2004-09-29,57.0,57.060001373291016,56.650001525878906,57.0,32.843021392822266,332500
2004-09-30,57.20000076293945,57.43999862670898,57.0,57.400001525878906,33.0734977722168,590800
2004-10-01,57.75,58.02999877929688,57.5,57.959999084472656,33.39616394042969,301900
2004-10-04,58.45000076293945,58.45000076293945,58.130001068115234,58.27999877929688,33.58053207397461,529600
2004-10-05,58.29999923706055,58.33000183105469,58.04999923706055,58.220001220703125,33.54597091674805,372200
2004-10-06,58.29999923706055,58.68000030517578,58.16999816894531,58.650001525878906,33.793731689453125,306800
2004-10-07,58.650001525878906,58.650001525878906,58.06999969482422,58.119998931884766,33.48834991455078,591500
2004-10-08,58.119998931884766,58.18000030517578,57.79999923706055,57.93999862670898,33.384639739990234,514600
2004-10-11,58.150001525878906,58.20000076293945,57.95000076293945,58.0099983215332,33.42497253417969,275300
2004-10-12,57.93999862670898,58.040000915527344,57.61000061035156,58.02000045776367,33.43072891235352,347700
2004-10-13,58.27000045776367,58.290000915527344,57.09999847412109,57.40999984741211,33.07925796508789,476600
2004-10-14,57.54999923706055,57.54999923706055,56.880001068115234,56.9900016784668,32.83725357055664,299200
2004-10-15,57.2400016784668,57.810001373291016,57.0,57.68000030517578,33.23482131958008,375600
2004-10-18,57.75,57.75,57.27000045776367,57.68000030517578,33.23482131958008,282600
2004-10-19,57.84999847412109,57.88999938964844,56.88999938964844,56.95000076293945,32.81421661376953,427400
2004-10-20,56.95000076293945,56.95000076293945,56.40999984741211,56.900001525878906,32.785400390625,464800
2004-10-21,56.9900016784668,57.130001068115234,56.619998931884766,57.040000915527344,32.866058349609375,370000
2004-10-22,57.150001525878906,57.18999862670898,56.709999084472656,56.77999877929688,32.71624755859375,276000
2004-10-25,56.5099983215332,56.91999816894531,56.5,56.86000061035156,32.762351989746094,488700
2004-10-26,57.150001525878906,57.40999984741211,56.70000076293945,57.40999984741211,33.07925796508789,392600
2004-10-27,57.5,58.0,57.18999862670898,58.0,33.419212341308594,525800
2004-10-28,57.9900016784668,58.09000015258789,57.58000183105469,58.0,33.419212341308594,287000
2004-10-29,58.09999847412109,58.31999969482422,57.90999984741211,58.31999969482422,33.60359573364258,256700
2004-11-01,58.400001525878906,58.400001525878906,58.040000915527344,58.2400016784668,33.55750274658203,757800
2004-11-02,58.38999938964844,58.619998931884766,57.84999847412109,58.0,33.419212341308594,746100
2004-11-03,59.0,59.2400016784668,58.709999084472656,58.9900016784668,33.989646911621094,4331200
2004-11-04,58.9900016784668,60.33000183105469,58.9900016784668,60.33000183105469,34.76173400878906,2064200
2004-11-05,60.5,60.59000015258789,59.97999954223633,60.209999084472656,34.69258499145508,1149800
2004-11-08,60.29999923706055,60.34000015258789,60.08000183105469,60.220001220703125,34.6983528137207,455200
2004-11-09,60.34999847412109,60.43999862670898,60.18999862670898,60.27000045776367,34.727169036865234,486100
2004-11-10,60.27999877929688,60.47999954223633,60.150001525878906,60.27999877929688,34.7329216003418,668200
2004-11-11,60.59000015258789,60.83000183105469,60.33000183105469,60.83000183105469,35.04983901977539,936100
2004-11-12,60.88999938964844,61.54999923706055,60.59999847412109,61.540000915527344,35.45893096923828,3301400
2004-11-15,61.7400016784668,61.790000915527344,61.20000076293945,61.400001525878906,35.37826919555664,1259100
2004-11-16,61.25,61.27000045776367,60.65999984741211,60.7599983215332,35.00949478149414,626200
2004-11-17,61.290000915527344,61.34000015258789,60.810001373291016,61.09999847412109,35.20541000366211,1152800
2004-11-18,61.09999847412109,61.209999084472656,60.83000183105469,61.0,35.147789001464844,543700
2004-11-19,60.81999969482422,60.970001220703125,60.310001373291016,60.459999084472656,34.836639404296875,682400
2004-11-22,60.45000076293945,60.93999862670898,60.400001525878906,60.93999862670898,35.11322021484375,577700
2004-11-23,61.13999938964844,61.150001525878906,60.619998931884766,61.04999923706055,35.176597595214844,516000
2004-11-24,60.91999816894531,61.29999923706055,60.91999816894531,61.2400016784668,35.28605651855469,458700
2004-11-26,61.2400016784668,61.4900016784668,61.220001220703125,61.36000061035156,35.355220794677734,568300
2004-11-29,61.54999923706055,61.59000015258789,60.75,61.20000076293945,35.263038635253906,1355100
2004-11-30,61.20000076293945,61.2599983215332,60.84999847412109,61.02999877929688,35.16507339477539,478100
2004-12-01,61.29999923706055,61.38999938964844,60.93000030517578,61.38999938964844,35.37250518798828,606700
2004-12-02,61.45000076293945,61.45000076293945,61.11000061035156,61.36000061035156,35.355220794677734,2226700
2004-12-03,61.29999923706055,61.38999938964844,60.79999923706055,61.040000915527344,35.17082977294922,600100
2004-12-06,60.75,61.20000076293945,60.59999847412109,60.81999969482422,35.044071197509766,606800
2004-12-07,61.0,61.0,59.91999816894531,59.91999816894531,34.525489807128906,541600
2004-12-08,60.20000076293945,60.20000076293945,59.7400016784668,60.040000915527344,34.59464263916016,576700
2004-12-09,60.04999923706055,60.08000183105469,59.43999862670898,59.95000076293945,34.54278945922852,548600
2004-12-10,59.95000076293945,60.119998931884766,59.70000076293945,60.08000183105469,34.61769104003906,613900
2004-12-13,60.2400016784668,60.7400016784668,60.20000076293945,60.72999954223633,34.99221420288086,411000
2004-12-14,60.900001525878906,61.02999877929688,60.709999084472656,60.9900016784668,35.14201736450195,512700
2004-12-15,61.0,61.45000076293945,60.900001525878906,61.45000076293945,35.407073974609375,499500
2004-12-16,61.4900016784668,61.4900016784668,60.95000076293945,61.29999923706055,35.32065200805664,603700
2004-12-17,61.2599983215332,61.2599983215332,60.56999969482422,60.95000076293945,35.118980407714844,498400
2004-12-20,60.91999816894531,61.27999877929688,60.81999969482422,60.95000076293945,35.118980407714844,512300
2004-12-21,61.18999862670898,61.560001373291016,61.0,61.560001373291016,35.470455169677734,617200
2004-12-22,61.68999862670898,61.95000076293945,61.54999923706055,61.77999877929688,35.597206115722656,917700
2004-12-23,61.4900016784668,61.4900016784668,61.2599983215332,61.38999938964844,35.6558837890625,855700
2004-12-27,61.34999847412109,61.5,60.970001220703125,61.06999969482422,35.470027923583984,378100
2004-12-28,61.13999938964844,61.40999984741211,61.02999877929688,61.40999984741211,35.66749572753906,390300
2004-12-29,61.59999847412109,61.59999847412109,61.27999877929688,61.58000183105469,35.76622772216797,374800
2004-12-30,61.63999938964844,61.650001525878906,61.45000076293945,61.58000183105469,35.76622772216797,315300
2004-12-31,61.650001525878906,61.70000076293945,61.34000015258789,61.400001525878906,35.66168975830078,375800
2005-01-03,61.7400016784668,61.75,60.61000061035156,60.70000076293945,35.25510025024414,768900
2005-01-04,60.7599983215332,60.810001373291016,59.95000076293945,60.150001525878906,34.93567657470703,1715900
2005-01-05,60.150001525878906,60.20000076293945,59.61000061035156,59.68000030517578,34.662689208984375,2245700
2005-01-06,59.93999862670898,60.02000045776367,59.619998931884766,59.86000061035156,34.76723861694336,654100
2005-01-07,60.09000015258789,60.150001525878906,59.47999954223633,59.66999816894531,34.65687942504883,3058700
2005-01-10,59.900001525878906,60.0099983215332,59.560001373291016,59.77999877929688,34.72079086303711,496400
2005-01-11,59.77999877929688,59.83000183105469,59.2400016784668,59.43999862670898,34.52330780029297,1441000
2005-01-12,59.45000076293945,59.58000183105469,58.959999084472656,59.5,34.55815124511719,1928100
2005-01-13,59.5,59.560001373291016,59.0099983215332,59.150001525878906,34.3548698425293,543500
2005-01-14,59.400001525878906,59.400001525878906,59.0099983215332,59.38999938964844,34.494258880615234,458200
2005-01-18,59.209999084472656,59.9900016784668,59.13999938964844,59.9900016784668,34.84274673461914,595300
2005-01-19,59.9900016784668,60.02999877929688,59.45000076293945,59.54999923706055,34.587196350097656,538200
2005-01-20,59.4900016784668,59.54999923706055,59.11000061035156,59.310001373291016,34.44780731201172,418500
2005-01-21,59.54999923706055,59.61000061035156,58.959999084472656,59.09999847412109,34.3258171081543,464100
2005-01-24,59.34999847412109,59.34999847412109,58.970001220703125,59.040000915527344,34.290977478027344,484200
2005-01-25,59.27999877929688,59.380001068115234,58.81999969482422,58.90999984741211,34.21548080444336,489200
2005-01-26,59.09000015258789,59.31999969482422,58.95000076293945,59.2599983215332,34.41876220703125,495800
2005-01-27,59.29999923706055,59.4900016784668,59.0099983215332,59.209999084472656,34.38970947265625,448100
2005-01-28,59.11000061035156,59.2599983215332,58.630001068115234,58.95000076293945,34.23871612548828,586300
2005-01-31,59.43999862670898,59.560001373291016,59.209999084472656,59.540000915527344,34.581382751464844,566600
2005-02-01,59.70000076293945,60.0,59.5,59.97999954223633,34.83695602416992,548200
2005-02-02,60.09000015258789,60.29999923706055,59.900001525878906,60.25,34.99374771118164,505900
2005-02-03,60.25,60.25,59.90999984741211,60.18000030517578,34.953102111816406,406800
2005-02-04,60.060001373291016,60.79999923706055,60.060001373291016,60.79999923706055,35.31319808959961,627800
2005-02-07,60.93999862670898,60.93999862670898,60.65999984741211,60.84999847412109,35.34225082397461,593900
2005-02-08,60.91999816894531,60.97999954223633,60.65999984741211,60.83000183105469,35.33062744140625,531300
2005-02-09,60.900001525878906,60.93000030517578,60.34999847412109,60.40999984741211,35.08667755126953,535900
2005-02-10,60.65999984741211,60.720001220703125,60.34999847412109,60.68999862670898,35.24932098388672,324400
2005-02-11,60.68999862670898,60.97999954223633,60.369998931884766,60.900001525878906,35.37128448486328,509900
2005-02-14,61.09999847412109,61.119998931884766,60.83000183105469,61.09999847412109,35.487449645996094,625200
2005-02-15,61.11000061035156,61.34000015258789,61.040000915527344,61.2599983215332,35.580379486083984,522000
2005-02-16,61.2599983215332,61.31999969482422,60.91999816894531,61.20000076293945,35.545536041259766,504600
2005-02-17,61.20000076293945,61.20000076293945,60.70000076293945,60.77999877929688,35.30157852172852,495700
2005-02-18,60.84999847412109,60.86000061035156,60.5099983215332,60.720001220703125,35.2667350769043,379700
2005-02-22,60.900001525878906,60.900001525878906,59.75,59.84000015258789,34.75562286376953,681600
2005-02-23,60.09000015258789,60.29999923706055,59.90999984741211,60.25,34.99374771118164,420000
2005-02-24,60.400001525878906,60.68999862670898,60.119998931884766,60.68999862670898,35.24932098388672,509000
2005-02-25,60.77000045776367,61.290000915527344,60.540000915527344,61.290000915527344,35.59780502319336,491000
2005-02-28,61.209999084472656,61.2599983215332,60.66999816894531,61.04999923706055,35.458404541015625,432800
2005-03-01,61.20000076293945,61.52999877929688,61.08000183105469,61.5,35.71976852416992,446300
2005-03-02,61.04999923706055,61.56999969482422,61.04999923706055,61.400001525878906,35.66168975830078,371800
2005-03-03,61.40999984741211,61.560001373291016,61.0,61.45000076293945,35.69072341918945,328400
2005-03-04,61.59999847412109,62.150001525878906,61.540000915527344,62.08000183105469,36.056640625,539500
2005-03-07,62.290000915527344,62.41999816894531,62.11000061035156,62.33000183105469,36.20184326171875,578900
2005-03-08,62.5,62.5,61.959999084472656,62.150001525878906,36.09729766845703,455400
2005-03-09,62.0099983215332,62.09000015258789,61.36000061035156,61.45000076293945,35.69072341918945,415800
2005-03-10,61.45000076293945,61.70000076293945,61.09999847412109,61.650001525878906,35.8068962097168,437000
2005-03-11,61.68999862670898,61.79999923706055,61.150001525878906,61.41999816894531,35.67330551147461,369300
2005-03-14,61.470001220703125,61.900001525878906,61.41999816894531,61.900001525878906,35.952091217041016,361300
2005-03-15,61.91999816894531,62.040000915527344,61.34000015258789,61.45000076293945,35.69072341918945,424800
2005-03-16,61.29999923706055,61.34000015258789,60.47999954223633,60.59999847412109,35.19704818725586,626000
2005-03-17,60.560001373291016,60.84000015258789,60.400001525878906,60.81999969482422,35.32482147216797,388100
2005-03-18,61.0,61.0,60.220001220703125,60.650001525878906,35.226078033447266,356200
2005-03-21,60.650001525878906,60.650001525878906,60.130001068115234,60.45000076293945,35.10991287231445,442500
2005-03-22,60.25,60.790000915527344,59.77000045776367,59.84999847412109,34.76144027709961,624400
2005-03-23,59.84000015258789,59.880001068115234,59.41999816894531,59.68999862670898,34.66850662231445,564200
2005-03-24,59.27000045776367,59.59999847412109,59.20000076293945,59.25,34.680206298828125,649200
2005-03-28,59.400001525878906,59.58000183105469,59.29999923706055,59.400001525878906,34.768009185791016,501000
2005-03-29,59.25,59.619998931884766,58.810001373291016,58.91999816894531,34.48706817626953,392400
2005-03-30,59.0099983215332,59.68999862670898,59.0099983215332,59.68999862670898,34.937740325927734,373800
2005-03-31,59.68999862670898,60.0,59.59999847412109,59.95000076293945,35.089942932128906,409300
2005-04-01,60.5,60.5099983215332,59.52000045776367,59.7400016784668,34.96702194213867,1299000
2005-04-04,59.619998931884766,59.880001068115234,59.38999938964844,59.84999847412109,35.03140640258789,588200
2005-04-05,59.86000061035156,60.13999938964844,59.84999847412109,60.04999923706055,35.148468017578125,328800
2005-04-06,60.0,60.400001525878906,60.0,60.25,35.26551818847656,390900
2005-04-07,60.27000045776367,60.5,60.02999877929688,60.4900016784668,35.40599822998047,436200
2005-04-08,60.47999954223633,60.47999954223633,59.84999847412109,59.93000030517578,35.078224182128906,314700
2005-04-11,59.95000076293945,60.04999923706055,59.75,59.970001220703125,35.101646423339844,367000
2005-04-12,59.93999862670898,60.47999954223633,59.459999084472656,60.369998931884766,35.33576965332031,418200
2005-04-13,60.369998931884766,60.369998931884766,59.59000015258789,59.79999923706055,35.002140045166016,322200
2005-04-14,59.75,59.79999923706055,58.93999862670898,59.04999923706055,34.56314468383789,525200
2005-04-15,59.0,59.11000061035156,57.95000076293945,58.11000061035156,34.01294708251953,2708800
2005-04-18,57.810001373291016,58.68999862670898,57.79999923706055,58.619998931884766,34.311466217041016,1162000
2005-04-19,58.93999862670898,59.04999923706055,58.63999938964844,59.0,34.53387451171875,655600
2005-04-20,59.15999984741211,59.18999862670898,58.150001525878906,58.220001220703125,34.077327728271484,822900
2005-04-21,58.59999847412109,59.11000061035156,58.34999847412109,59.11000061035156,34.59825897216797,556700
2005-04-22,59.2400016784668,59.369998931884766,58.61000061035156,59.20000076293945,34.65094757080078,525400
2005-04-25,59.34999847412109,59.65999984741211,59.220001220703125,59.65999984741211,34.92018127441406,393600
2005-04-26,59.65999984741211,59.68999862670898,59.04999923706055,59.09999847412109,34.592411041259766,377100
2005-04-27,58.79999923706055,59.560001373291016,58.560001373291016,59.36000061035156,34.74459457397461,414900
2005-04-28,59.459999084472656,59.459999084472656,58.790000915527344,58.83000183105469,34.43436813354492,358100
2005-04-29,59.04999923706055,59.59999847412109,58.70000076293945,59.54999923706055,34.85580825805664,389000
2005-05-02,59.61000061035156,60.04999923706055,59.54999923706055,60.04999923706055,35.148468017578125,332000
2005-05-03,60.09000015258789,60.34000015258789,59.75,60.040000915527344,35.142616271972656,414700
2005-05-04,60.34000015258789,60.83000183105469,60.06999969482422,60.77999877929688,35.575740814208984,545700
2005-05-05,60.9900016784668,61.0,60.209999084472656,60.650001525878906,35.499664306640625,583100
2005-05-06,60.95000076293945,60.97999954223633,60.34999847412109,60.45000076293945,35.382591247558594,534300
2005-05-09,60.59000015258789,60.83000183105469,60.29999923706055,60.83000183105469,35.60502243041992,345100
2005-05-10,60.70000076293945,60.70000076293945,60.220001220703125,60.43000030517578,35.37089157104492,449400
2005-05-11,60.54999923706055,60.560001373291016,60.0,60.52999877929688,35.429420471191406,585100
2005-05-12,60.68000030517578,60.68000030517578,59.7400016784668,59.880001068115234,35.048946380615234,578300
2005-05-13,59.68999862670898,59.97999954223633,58.869998931884766,59.400001525878906,34.768009185791016,624300
2005-05-16,59.400001525878906,60.09000015258789,59.310001373291016,60.09000015258789,35.17188262939453,328300
2005-05-17,60.08000183105469,60.61000061035156,59.81999969482422,60.56999969482422,35.45282745361328,441800
2005-05-18,60.9900016784668,61.2400016784668,60.869998931884766,61.15999984741211,35.79816818237305,673000
2005-05-19,61.400001525878906,61.400001525878906,60.91999816894531,61.27000045776367,35.862548828125,519000
2005-05-20,61.27000045776367,61.29999923706055,60.91999816894531,61.2400016784668,35.8449821472168,333600
2005-05-23,61.34999847412109,61.4900016784668,61.150001525878906,61.380001068115234,35.926944732666016,620900
2005-05-24,61.34999847412109,61.369998931884766,61.08000183105469,61.29999923706055,35.880123138427734,385000
2005-05-25,61.09999847412109,61.220001220703125,60.83000183105469,61.08000183105469,35.75135040283203,385100
2005-05-26,61.29999923706055,61.36000061035156,61.119998931884766,61.290000915527344,35.87427520751953,350200
2005-05-27,61.20000076293945,61.5,61.20000076293945,61.47999954223633,35.9854736328125,260900
2005-05-31,61.45000076293945,61.52999877929688,61.20000076293945,61.29999923706055,35.880123138427734,409100
2005-06-01,61.45000076293945,62.130001068115234,61.33000183105469,61.95000076293945,36.26058197021485,3043500
2005-06-02,61.84999847412109,61.900001525878906,61.630001068115234,61.81999969482422,36.18448257446289,513700
2005-06-03,61.81999969482422,62.0,61.41999816894531,61.650001525878906,36.08498001098633,327700
2005-06-06,61.5099983215332,61.65999984741211,61.310001373291016,61.630001068115234,36.07326889038086,369800
2005-06-07,61.79999923706055,62.150001525878906,61.59999847412109,61.70000076293945,36.11424255371094,519300
2005-06-08,61.650001525878906,61.959999084472656,61.52000045776367,61.70000076293945,36.11424255371094,397200
2005-06-09,61.59999847412109,61.70000076293945,61.25,61.68999862670898,36.1083869934082,248500
2005-06-10,61.70000076293945,61.83000183105469,61.560001373291016,61.790000915527344,36.16691589355469,606300
2005-06-13,61.790000915527344,62.09999847412109,61.52999877929688,61.91999816894531,36.24300384521485,443700
2005-06-14,61.93000030517578,62.33000183105469,61.79999923706055,62.25,36.43616485595703,603300
2005-06-15,62.369998931884766,62.43000030517578,61.900001525878906,62.400001525878906,36.52397537231445,324100
2005-06-16,62.36000061035156,62.650001525878906,62.20000076293945,62.61000061035156,36.64688491821289,442900
2005-06-17,63.119998931884766,63.130001068115234,62.720001220703125,63.0,36.87516403198242,462600
2005-06-20,62.650001525878906,62.650001525878906,62.18000030517578,62.400001525878906,36.79378509521485,667400
2005-06-21,62.34999847412109,62.4900016784668,62.15999984741211,62.29999923706055,36.734825134277344,369800
2005-06-22,62.54999923706055,62.59999847412109,62.150001525878906,62.43999862670898,36.8173713684082,379000
2005-06-23,62.540000915527344,62.540000915527344,61.81999969482422,61.83000183105469,36.45769882202149,536000
2005-06-24,61.93000030517578,61.93999862670898,61.369998931884766,61.40999984741211,36.21003723144531,440400
2005-06-27,61.59999847412109,61.65999984741211,61.34000015258789,61.52000045776367,36.27490615844727,474600
2005-06-28,61.79999923706055,62.20000076293945,61.70000076293945,62.20000076293945,36.67586898803711,425500
2005-06-29,62.34999847412109,62.400001525878906,62.040000915527344,62.20000076293945,36.67586898803711,362000
2005-06-30,62.209999084472656,62.33000183105469,61.68999862670898,61.72999954223633,36.39874267578125,349200
2005-07-01,62.20000076293945,62.2400016784668,61.91999816894531,62.20000076293945,36.67586898803711,222500
2005-07-05,62.16999816894531,62.61000061035156,62.0,62.560001373291016,36.888126373291016,305600
2005-07-06,62.5099983215332,62.59000015258789,61.970001220703125,62.02999877929688,36.57562255859375,332900
2005-07-07,61.59999847412109,62.09999847412109,61.400001525878906,62.09999847412109,36.61689376831055,494000
2005-07-08,62.09999847412109,62.790000915527344,62.0099983215332,62.77999877929688,37.01784896850586,357800
2005-07-11,62.7599983215332,63.16999816894531,62.75,63.150001525878906,37.23603057861328,2946100
2005-07-12,63.29999923706055,63.540000915527344,63.06999969482422,63.36000061035156,37.35983276367188,2170400
2005-07-13,63.45000076293945,63.56999969482422,63.31999969482422,63.43999862670898,37.407020568847656,635400
2005-07-14,63.77000045776367,64.0,63.310001373291016,63.45000076293945,37.41292572021485,731100
2005-07-15,63.540000915527344,63.54999923706055,63.25,63.40999984741211,37.38933181762695,347600
2005-07-18,63.380001068115234,63.400001525878906,63.150001525878906,63.25,37.29499816894531,364800
2005-07-19,63.4900016784668,63.560001373291016,63.27999877929688,63.5,37.44238662719727,625000
2005-07-20,63.45000076293945,64.04000091552734,63.34999847412109,63.970001220703125,37.71953582763672,452800
2005-07-21,64.30000305175781,64.30000305175781,63.34000015258789,63.470001220703125,37.42470932006836,633400
2005-07-22,63.470001220703125,64.0999984741211,63.470001220703125,64.0999984741211,37.796180725097656,402200
2005-07-25,64.12999725341797,64.27999877929688,63.72999954223633,63.869998931884766,37.66055679321289,461200
2005-07-26,63.95000076293945,64.0,63.68999862670898,63.880001068115234,37.66645812988281,429500
2005-07-27,63.95000076293945,64.1500015258789,63.77999877929688,64.0199966430664,37.7490119934082,335400
2005-07-28,64.18000030517578,64.43000030517578,63.959999084472656,64.43000030517578,37.99077224731445,333200
2005-07-29,64.31999969482422,64.45999908447266,63.84999847412109,63.970001220703125,37.71953582763672,482500
2005-08-01,64.1500015258789,64.1500015258789,63.65999984741211,63.75,37.589805603027344,963500
2005-08-02,63.79999923706055,64.30999755859375,63.79999923706055,64.30000305175781,37.91410827636719,402700
2005-08-03,64.25,64.5999984741211,64.1500015258789,64.5,38.03204345703125,299700
2005-08-04,64.3499984741211,64.36000061035156,63.83000183105469,63.86000061035156,37.65465927124024,381900
2005-08-05,63.77000045776367,63.84000015258789,63.11000061035156,63.2599983215332,37.300880432128906,398200
2005-08-08,63.400001525878906,63.45000076293945,62.79999923706055,62.91999816894531,37.10040283203125,422500
2005-08-09,63.13999938964844,63.22999954223633,62.93999862670898,63.130001068115234,37.2242317199707,317000
2005-08-10,63.40999984741211,63.720001220703125,62.869998931884766,63.11000061035156,37.21242904663086,459200
2005-08-11,63.2400016784668,63.560001373291016,63.060001373291016,63.43000030517578,37.401123046875,387400
2005-08-12,63.27999877929688,63.459999084472656,62.869998931884766,63.25,37.29499816894531,463900
2005-08-15,63.400001525878906,63.540000915527344,63.0099983215332,63.47999954223633,37.43061065673828,298100
2005-08-16,63.5,63.5,62.7599983215332,62.790000915527344,37.02374267578125,365900
2005-08-17,62.7400016784668,62.869998931884766,62.43000030517578,62.65999984741211,36.94708633422852,632200
2005-08-18,62.58000183105469,62.77000045776367,62.31999969482422,62.66999816894531,36.95299911499024,689100
2005-08-19,62.61000061035156,62.880001068115234,62.61000061035156,62.79999923706055,37.02964401245117,287700
2005-08-22,62.900001525878906,63.13999938964844,62.70000076293945,63.02000045776367,37.15938186645508,667900
2005-08-23,62.9900016784668,63.02999877929688,62.619998931884766,62.88999938964844,37.08271408081055,352100
2005-08-24,62.650001525878906,63.04999923706055,62.40999984741211,62.43000030517578,36.81147003173828,387200
2005-08-25,62.43999862670898,62.63999938964844,62.380001068115234,62.61000061035156,36.9176139831543,346200
2005-08-26,62.5099983215332,62.59000015258789,62.08000183105469,62.150001525878906,36.6463737487793,386600
2005-08-29,62.06999969482422,62.47999954223633,61.70000076293945,62.47999954223633,36.840965270996094,640000
2005-08-30,62.18000030517578,62.380001068115234,61.93999862670898,62.310001373291016,36.740718841552734,407500
2005-08-31,62.2400016784668,62.91999816894531,62.13999938964844,62.91999816894531,37.10040283203125,405300
2005-09-01,62.869998931884766,63.369998931884766,62.68999862670898,63.220001220703125,37.27728271484375,453100
2005-09-02,63.150001525878906,63.38999938964844,63.0099983215332,63.13999938964844,37.23013687133789,311400
2005-09-06,63.380001068115234,63.66999816894531,63.20000076293945,63.59000015258789,37.49546813964844,452700
2005-09-07,63.61000061035156,63.7400016784668,63.459999084472656,63.7400016784668,37.58392333984375,378400
2005-09-08,63.5099983215332,63.70000076293945,63.36000061035156,63.4900016784668,37.43649291992188,257600
2005-09-09,63.68000030517578,64.0,63.52000045776367,63.97999954223633,37.725433349609375,304900
2005-09-12,63.97999954223633,64.0,63.709999084472656,63.88999938964844,37.67236709594727,343200
2005-09-13,63.66999816894531,63.77000045776367,63.29999923706055,63.36000061035156,37.35983276367188,395800
2005-09-14,63.36000061035156,63.5,63.150001525878906,63.2400016784668,37.28908920288086,270700
2005-09-15,63.27999877929688,63.380001068115234,63.060001373291016,63.2400016784668,37.28908920288086,294400
2005-09-16,63.400001525878906,63.84999847412109,63.34999847412109,63.79999923706055,37.619285583496094,300000
2005-09-19,63.630001068115234,63.75,63.290000915527344,63.4900016784668,37.43649291992188,303600
2005-09-20,63.4900016784668,63.66999816894531,62.86000061035156,63.02000045776367,37.15938186645508,519100
2005-09-21,62.95000076293945,63.0,62.119998931884766,62.15999984741211,36.65227508544922,753900
2005-09-22,61.79999923706055,62.209999084472656,61.70000076293945,62.18999862670898,36.66996765136719,725800
2005-09-23,61.5099983215332,62.02999877929688,61.470001220703125,61.880001068115234,36.76203536987305,533800
2005-09-26,62.29999923706055,62.29999923706055,61.70000076293945,61.869998931884766,36.75611114501953,585400
2005-09-27,61.93999862670898,62.02000045776367,61.59000015258789,61.90999984741211,36.77986526489258,406900
2005-09-28,62.02000045776367,62.29999923706055,61.630001068115234,61.93999862670898,36.79769134521485,417400
2005-09-29,61.95000076293945,62.43999862670898,61.5099983215332,62.40999984741211,37.07690048217773,796400
2005-09-30,62.400001525878906,62.41999816894531,62.150001525878906,62.27999877929688,36.99967193603516,510100
2005-10-03,62.25,62.650001525878906,62.25,62.5,37.13039016723633,457100
2005-10-04,62.650001525878906,62.7400016784668,61.79999923706055,61.84999847412109,36.74422836303711,674200
2005-10-05,61.58000183105469,61.720001220703125,60.709999084472656,60.7599983215332,36.0966682434082,633700
2005-10-06,60.75,61.040000915527344,59.93000030517578,60.47999954223633,35.930328369140625,1032000
2005-10-07,60.61000061035156,60.91999816894531,60.52000045776367,60.720001220703125,36.07290267944336,520500
2005-10-10,60.75,60.75,59.93000030517578,60.09000015258789,35.698638916015625,466700
2005-10-11,60.11000061035156,60.2599983215332,59.68999862670898,59.7400016784668,35.49070739746094,582700
2005-10-12,59.7400016784668,60.04999923706055,58.9900016784668,59.290000915527344,35.22336196899414,768700
2005-10-13,59.16999816894531,59.25,58.459999084472656,58.97999954223633,35.03919982910156,1824600
2005-10-14,59.29999923706055,59.70000076293945,58.91999816894531,59.70000076293945,35.46693801879883,498000
2005-10-17,60.150001525878906,60.20000076293945,59.70000076293945,60.02999877929688,35.662986755371094,511600
2005-10-18,60.0,60.0,59.27999877929688,59.33000183105469,35.247127532958984,441300
2005-10-19,59.02999877929688,59.90999984741211,58.65999984741211,59.90999984741211,35.59169387817383,967000
2005-10-20,59.90999984741211,60.13999938964844,58.95000076293945,59.25,35.19960403442383,927100
2005-10-21,59.25,59.79999923706055,59.16999816894531,59.52999877929688,35.365943908691406,459200
2005-10-24,59.970001220703125,60.63999938964844,59.84999847412109,60.63999938964844,36.0253791809082,618400
2005-10-25,60.459999084472656,60.869998931884766,60.18000030517578,60.58000183105469,35.989742279052734,481300
2005-10-26,60.34999847412109,60.93999862670898,60.20000076293945,60.459999084472656,35.9184455871582,523300
2005-10-27,60.4900016784668,60.4900016784668,59.84999847412109,59.93999862670898,35.60952377319336,1381300
2005-10-28,59.970001220703125,60.86000061035156,59.970001220703125,60.86000061035156,36.15607452392578,384800
2005-10-31,61.0,61.47999954223633,61.0,61.25,36.38777160644531,721100
2005-11-01,61.25,61.29999923706055,60.90999984741211,61.06999969482422,36.28084182739258,354600
2005-11-02,61.04999923706055,61.45000076293945,60.900001525878906,61.45000076293945,36.506591796875,330100
2005-11-03,62.540000915527344,62.540000915527344,61.09999847412109,61.27999877929688,36.40559387207031,3056300
2005-11-04,61.43000030517578,61.5,60.95000076293945,61.2599983215332,36.39371109008789,258300
2005-11-07,61.27999877929688,61.459999084472656,60.7599983215332,61.2599983215332,36.39371109008789,335300
2005-11-08,61.08000183105469,61.25,60.84999847412109,61.04999923706055,36.26895523071289,417500
2005-11-09,60.970001220703125,61.540000915527344,60.90999984741211,61.2599983215332,36.39371109008789,251400
2005-11-10,61.34999847412109,61.84999847412109,60.880001068115234,61.790000915527344,36.70857620239258,670200
2005-11-11,61.84999847412109,61.880001068115234,61.54999923706055,61.84999847412109,36.74422836303711,281500
2005-11-14,61.84000015258789,61.84999847412109,61.52999877929688,61.630001068115234,36.61352157592773,239800
2005-11-15,61.59999847412109,61.77999877929688,61.18999862670898,61.31999969482422,36.42936706542969,349600
2005-11-16,61.470001220703125,61.5,61.060001373291016,61.220001220703125,36.36994552612305,339400
2005-11-17,61.34999847412109,61.77000045776367,61.20000076293945,61.720001220703125,36.66699600219727,714500
2005-11-18,61.880001068115234,62.119998931884766,61.61000061035156,62.040000915527344,36.85711288452149,515800
2005-11-21,62.0,62.400001525878906,61.97999954223633,62.34999847412109,37.041263580322266,344300
2005-11-22,62.34999847412109,62.59000015258789,62.02999877929688,62.4900016784668,37.12444305419922,431600
2005-11-23,62.59999847412109,63.02999877929688,62.5,62.86000061035156,37.34426498413086,1125400
2005-11-25,62.869998931884766,62.97999954223633,62.75,62.93000030517578,37.38583755493164,138400
2005-11-28,62.79999923706055,62.91999816894531,62.41999816894531,62.41999816894531,37.08285140991211,319000
2005-11-29,62.59999847412109,62.9900016784668,62.5,62.68000030517578,37.23731994628906,1127000
2005-11-30,62.59999847412109,62.84000015258789,62.04999923706055,62.09999847412109,36.89274978637695,517800
2005-12-01,62.369998931884766,62.79999923706055,62.34999847412109,62.720001220703125,37.2610969543457,297300
2005-12-02,62.70000076293945,62.790000915527344,62.47999954223633,62.77999877929688,37.296722412109375,241200
2005-12-05,62.70000076293945,62.7400016784668,62.16999816894531,62.54999923706055,37.16009521484375,362800
2005-12-06,62.650001525878906,62.84000015258789,62.38999938964844,62.459999084472656,37.10662078857422,469500
2005-12-07,62.5,62.5,61.79999923706055,62.04999923706055,36.863040924072266,304600
2005-12-08,62.09999847412109,62.369998931884766,61.75,62.0,36.83333969116211,405000
2005-12-09,61.84999847412109,62.52999877929688,61.84999847412109,62.27999877929688,36.99967193603516,1001700
2005-12-12,62.310001373291016,62.45000076293945,61.79999923706055,62.15999984741211,36.92839431762695,335100
2005-12-13,62.02000045776367,62.7400016784668,62.02000045776367,62.59999847412109,37.18980026245117,329000
2005-12-14,62.5,63.16999816894531,62.5,63.09000015258789,37.48088455200195,299300
2005-12-15,63.0,63.11000061035156,62.77000045776367,62.900001525878906,37.36802291870117,434100
2005-12-16,63.09999847412109,63.20000076293945,62.84999847412109,62.970001220703125,37.40960693359375,289500
2005-12-19,63.150001525878906,63.20000076293945,62.43999862670898,62.45000076293945,37.100677490234375,456700
2005-12-20,62.400001525878906,62.61000061035156,62.310001373291016,62.400001525878906,37.07098007202149,280600
2005-12-21,62.5,62.869998931884766,62.36000061035156,62.5099983215332,37.136329650878906,392300
2005-12-22,61.79999923706055,62.209999084472656,60.77999877929688,62.209999084472656,37.23447799682617,297100
2005-12-23,62.25,62.27999877929688,62.11000061035156,62.220001220703125,37.2404670715332,239100
2005-12-27,62.150001525878906,62.45000076293945,61.7599983215332,61.84000015258789,37.01302337646485,412800
2005-12-28,61.869998931884766,61.959999084472656,61.70000076293945,61.79999923706055,36.98908615112305,303500
2005-12-29,61.84000015258789,61.93999862670898,61.56999969482422,61.59000015258789,36.86339569091797,299200
2005-12-30,61.459999084472656,61.5,61.060001373291016,61.2599983215332,36.66587448120117,536700
2006-01-03,61.400001525878906,62.2400016784668,61.119998931884766,62.20000076293945,37.2285041809082,648500
2006-01-04,62.25,62.47999954223633,62.13999938964844,62.45000076293945,37.37812805175781,570500
2006-01-05,62.400001525878906,62.5,62.25,62.4900016784668,37.40206909179688,493000
2006-01-06,62.52000045776367,62.93000030517578,62.380001068115234,62.900001525878906,37.64747619628906,537100
2006-01-09,62.95000076293945,63.13999938964844,62.81999969482422,63.09999847412109,37.76717758178711,723800
2006-01-10,62.81999969482422,63.08000183105469,62.68000030517578,63.04999923706055,37.73725128173828,395800
2006-01-11,63.150001525878906,63.18000030517578,62.83000183105469,63.060001373291016,37.74322891235352,275400
2006-01-12,62.83000183105469,63.0,62.630001068115234,62.709999084472656,37.53374481201172,298000
2006-01-13,62.63999938964844,62.93999862670898,62.630001068115234,62.83000183105469,37.60556411743164,1694800
2006-01-17,62.52000045776367,62.65999984741211,62.34999847412109,62.59999847412109,37.46791076660156,408100
2006-01-18,62.34999847412109,62.81999969482422,62.27999877929688,62.650001525878906,37.497833251953125,526100
2006-01-19,62.58000183105469,62.88999938964844,62.5,62.790000915527344,37.58161926269531,409400
2006-01-20,62.77999877929688,62.88999938964844,61.95000076293945,62.040000915527344,37.13273620605469,2399600
2006-01-23,62.130001068115234,62.400001525878906,62.0,62.18000030517578,37.21651840209961,436200
2006-01-24,62.2400016784668,62.59999847412109,62.130001068115234,62.43000030517578,37.36615753173828,393000
2006-01-25,62.400001525878906,62.61000061035156,62.09000015258789,62.38999938964844,37.34221649169922,363500
2006-01-26,62.81999969482422,62.88999938964844,62.59000015258789,62.66999816894531,37.509803771972656,1922200
2006-01-27,62.709999084472656,63.08000183105469,62.54999923706055,62.86000061035156,37.623531341552734,429500
2006-01-30,62.900001525878906,62.900001525878906,62.470001220703125,62.59999847412109,37.46791076660156,2015300
2006-01-31,62.58000183105469,62.58000183105469,62.18000030517578,62.31999969482422,37.3003158569336,372300
2006-02-01,62.20000076293945,62.59999847412109,62.20000076293945,62.54999923706055,37.43798828125,821900
2006-02-02,62.45000076293945,62.54999923706055,61.83000183105469,62.02000045776367,37.12076950073242,529700
2006-02-03,61.70000076293945,61.959999084472656,61.369998931884766,61.63999938964844,36.8933219909668,412100
2006-02-06,61.70000076293945,61.77999877929688,61.5,61.75,36.95915603637695,710600
2006-02-07,61.650001525878906,61.77000045776367,61.369998931884766,61.41999816894531,36.76164627075195,435200
2006-02-08,61.34999847412109,61.709999084472656,61.31999969482422,61.630001068115234,36.887325286865234,458000
2006-02-09,61.65999984741211,62.22999954223633,61.630001068115234,61.77000045776367,36.97114181518555,278800
2006-02-10,61.95000076293945,62.09999847412109,61.4900016784668,61.959999084472656,37.084842681884766,627800
2006-02-13,62.09999847412109,62.09999847412109,61.68999862670898,61.81999969482422,37.00105667114258,264500
2006-02-14,61.83000183105469,62.650001525878906,61.79999923706055,62.4900016784668,37.40206909179688,378000
2006-02-15,62.47999954223633,62.880001068115234,62.369998931884766,62.7400016784668,37.551700592041016,449800
2006-02-16,62.79999923706055,63.22999954223633,62.68999862670898,63.150001525878906,37.79710388183594,301900
2006-02-17,63.11000061035156,63.369998931884766,63.060001373291016,63.27000045776367,37.868927001953125,276200
2006-02-21,63.29999923706055,63.59999847412109,63.08000183105469,63.08000183105469,37.75519561767578,433400
2006-02-22,63.18999862670898,63.900001525878906,63.11000061035156,63.84999847412109,38.21607208251953,327900
2006-02-23,63.790000915527344,63.900001525878906,63.52000045776367,63.66999816894531,38.10832977294922,276500
2006-02-24,63.75,63.7599983215332,63.47999954223633,63.56999969482422,38.04846954345703,213500
2006-02-27,63.650001525878906,63.93000030517578,63.54999923706055,63.7599983215332,38.162200927734375,322100
2006-02-28,63.7400016784668,63.7400016784668,63.150001525878906,63.34000015258789,37.91081237792969,315400
2006-03-01,63.4900016784668,63.540000915527344,63.220001220703125,63.5,38.00657272338867,249200
2006-03-02,63.400001525878906,63.470001220703125,62.970001220703125,63.130001068115234,37.785133361816406,419600
2006-03-03,63.16999816894531,63.34000015258789,62.79999923706055,62.88999938964844,37.641483306884766,2404500
2006-03-06,62.90999984741211,62.93999862670898,62.34999847412109,62.4900016784668,37.40206909179688,286300
2006-03-07,62.29999923706055,62.4900016784668,62.150001525878906,62.45000076293945,37.37812805175781,335600
2006-03-08,62.400001525878906,62.68000030517578,62.02999877929688,62.52000045776367,37.420021057128906,400000
2006-03-09,62.52000045776367,62.77000045776367,62.25,62.27999877929688,37.276363372802734,215700
2006-03-10,62.29999923706055,62.75,62.25,62.7400016784668,37.551700592041016,292000
2006-03-13,62.93999862670898,63.20000076293945,62.86000061035156,63.06999969482422,37.74922943115234,260500
2006-03-14,63.09999847412109,63.63999938964844,62.95000076293945,63.52000045776367,38.01856231689453,414800
2006-03-15,63.52000045776367,63.86000061035156,63.40999984741211,63.81999969482422,38.19810104370117,365500
2006-03-16,63.72999954223633,64.18000030517578,63.72999954223633,64.0,38.30585861206055,456900
2006-03-17,64.04000091552734,64.16000366210938,63.970001220703125,64.02999877929688,38.32379913330078,367000
2006-03-20,64.0999984741211,64.18000030517578,63.77000045776367,63.869998931884766,38.22802734375,354600
2006-03-21,63.91999816894531,63.9900016784668,63.45000076293945,63.470001220703125,37.98863220214844,300600
2006-03-22,63.56999969482422,64.16000366210938,63.52999877929688,64.13999938964844,38.3896369934082,313100
2006-03-23,64.0199966430664,64.04000091552734,63.7599983215332,63.97999954223633,38.29388427734375,250800
2006-03-24,63.09999847412109,63.43999862670898,63.09999847412109,63.43999862670898,38.31078720092773,227000
2006-03-27,63.380001068115234,63.380001068115234,63.13999938964844,63.29999923706055,38.22624206542969,330100
2006-03-28,63.16999816894531,63.310001373291016,62.7599983215332,62.790000915527344,37.91825485229492,272000
2006-03-29,62.70000076293945,63.18999862670898,62.68999862670898,63.18000030517578,38.153785705566406,253600
2006-03-30,63.18999862670898,63.2400016784668,62.52999877929688,62.79999923706055,37.92428970336914,828500
2006-03-31,62.900001525878906,62.900001525878906,62.41999816894531,62.70000076293945,37.86390686035156,327600
2006-04-03,62.84000015258789,63.220001220703125,62.75,62.7599983215332,37.900146484375,409100
2006-04-04,62.400001525878906,63.310001373291016,62.400001525878906,63.29999923706055,38.22624206542969,516500
2006-04-05,63.290000915527344,63.47999954223633,63.11000061035156,63.34000015258789,38.25038909912109,366700
2006-04-06,63.20000076293945,63.470001220703125,62.869998931884766,63.09000015258789,38.09941864013672,393200
2006-04-07,63.20000076293945,63.38999938964844,62.459999084472656,62.52000045776367,37.75520324707031,285900
2006-04-10,62.5,62.900001525878906,62.41999816894531,62.59999847412109,37.80352783203125,381900
2006-04-11,62.63999938964844,62.75,61.90999984741211,62.08000183105469,37.48949432373047,428800
2006-04-12,62.06999969482422,62.220001220703125,61.91999816894531,62.16999816894531,37.543827056884766,534000
2006-04-13,62.08000183105469,62.2599983215332,61.93999862670898,62.09999847412109,37.50157165527344,271300
2006-04-17,62.02000045776367,62.290000915527344,61.84999847412109,62.02000045776367,37.453269958496094,312800
2006-04-18,62.060001373291016,63.150001525878906,62.060001373291016,63.04999923706055,38.07526779174805,503800
2006-04-19,63.09000015258789,63.09999847412109,62.79999923706055,62.95000076293945,38.01488876342773,422700
2006-04-20,62.900001525878906,63.43999862670898,62.88999938964844,63.16999816894531,38.147735595703125,287200
2006-04-21,63.369998931884766,63.41999816894531,62.91999816894531,63.060001373291016,38.0813102722168,294200
2006-04-24,62.90999984741211,63.06999969482422,62.68999862670898,62.959999084472656,38.02091979980469,342100
2006-04-25,63.0,63.09000015258789,62.65999984741211,62.810001373291016,37.93033599853516,320000
2006-04-26,62.650001525878906,63.25,62.650001525878906,63.0,38.04507064819336,256600
2006-04-27,62.0,63.83000183105469,62.0,63.709999084472656,38.47383880615234,343600
2006-04-28,63.47999954223633,64.12000274658203,63.47999954223633,64.0,38.64897155761719,264000
2006-05-01,64.16999816894531,64.26000213623047,63.43000030517578,63.5,38.34700393676758,270400
2006-05-02,63.720001220703125,63.93000030517578,63.59000015258789,63.93000030517578,38.606693267822266,214800
2006-05-03,63.79999923706055,63.97999954223633,63.619998931884766,63.84999847412109,38.55837631225586,293500
2006-05-04,63.9900016784668,64.16999816894531,63.84000015258789,64.0,38.64897155761719,233400
2006-05-05,64.19999694824219,64.70999908447266,64.16000366210938,64.62000274658203,39.02338409423828,381200
2006-05-08,64.56999969482422,64.77999877929688,64.5,64.58999633789062,39.0052490234375,223700
2006-05-09,64.4000015258789,64.66999816894531,64.4000015258789,64.5999984741211,39.01129531860352,197300
2006-05-10,64.5,64.63999938964844,64.26000213623047,64.51000213623047,38.95695495605469,173700
2006-05-11,64.56999969482422,64.61000061035156,63.7599983215332,63.79999923706055,38.52819442749024,254500
2006-05-12,63.630001068115234,63.91999816894531,63.220001220703125,63.25,38.1960563659668,302500
2006-05-15,63.08000183105469,63.650001525878906,63.08000183105469,63.560001373291016,38.38327026367188,313000
2006-05-16,63.61000061035156,63.75,63.31999969482422,63.650001525878906,38.43759536743164,431400
2006-05-17,63.04999923706055,63.290000915527344,62.380001068115234,62.459999084472656,37.71897888183594,621000
2006-05-18,62.5099983215332,62.84000015258789,62.060001373291016,62.060001373291016,37.47742462158203,372000
2006-05-19,62.209999084472656,62.84000015258789,62.09000015258789,62.459999084472656,37.71897888183594,455500
2006-05-22,62.25,62.790000915527344,62.0099983215332,62.43999862670898,37.70689010620117,262200
2006-05-23,62.70000076293945,62.84000015258789,61.77999877929688,61.84000015258789,37.34455871582031,454100
2006-05-24,61.84999847412109,62.52000045776367,61.650001525878906,62.400001525878906,37.682743072509766,337000
2006-05-25,62.59999847412109,63.0,62.5,63.0,38.04507064819336,246700
2006-05-26,63.18999862670898,63.369998931884766,62.97999954223633,63.369998931884766,38.26851272583008,235900
2006-05-30,63.22999954223633,63.34999847412109,62.560001373291016,62.560001373291016,37.77936172485352,266600
2006-05-31,62.79999923706055,63.29999923706055,62.63999938964844,63.11000061035156,38.11149978637695,270700
2006-06-01,63.18000030517578,63.91999816894531,63.119998931884766,63.869998931884766,38.57044219970703,221000
2006-06-02,64.0999984741211,64.25,63.75,64.1500015258789,38.739540100097656,369500
2006-06-05,64.1500015258789,64.1500015258789,63.18000030517578,63.25,38.1960563659668,318000
2006-06-06,63.34999847412109,63.5,62.59999847412109,63.11000061035156,38.11149978637695,296200
2006-06-07,63.119998931884766,63.59000015258789,62.90999984741211,63.040000915527344,38.06922912597656,174300
2006-06-08,62.75,63.45000076293945,62.400001525878906,63.29999923706055,38.22624206542969,668000
2006-06-09,63.43999862670898,63.59999847412109,63.15999984741211,63.27999877929688,38.21416091918945,191900
2006-06-12,63.34999847412109,63.52999877929688,62.93000030517578,62.93000030517578,38.00279998779297,492400
2006-06-13,62.709999084472656,63.27000045776367,62.150001525878906,62.20000076293945,37.561973571777344,551500
2006-06-14,62.20000076293945,62.31999969482422,61.47999954223633,61.959999084472656,37.417022705078125,522700
2006-06-15,62.34999847412109,63.20000076293945,62.0,63.060001373291016,38.0813102722168,459200
2006-06-16,63.04999923706055,63.15999984741211,62.66999816894531,62.7400016784668,37.88806915283203,271200
2006-06-19,63.040000915527344,63.060001373291016,62.130001068115234,62.13999938964844,37.525726318359375,247100
2006-06-20,62.20000076293945,62.650001525878906,62.18000030517578,62.27000045776367,37.6042366027832,280400
2006-06-21,62.380001068115234,62.84000015258789,62.29999923706055,62.63999938964844,37.82767105102539,255200
2006-06-22,62.060001373291016,62.11000061035156,61.63999938964844,61.91999816894531,37.73321914672852,346900
2006-06-23,61.81999969482422,62.02000045776367,61.43000030517578,61.65999984741211,37.57477188110352,205300
2006-06-26,61.72999954223633,62.20000076293945,61.70000076293945,62.20000076293945,37.90385818481445,200500
2006-06-27,62.27000045776367,62.310001373291016,61.63999938964844,61.79999923706055,37.660099029541016,374600
2006-06-28,61.97999954223633,62.15999984741211,61.79999923706055,62.09999847412109,37.8429069519043,197200
2006-06-29,62.5,63.150001525878906,62.25,63.150001525878906,38.48276519775391,420500
2006-06-30,63.290000915527344,63.400001525878906,62.95000076293945,63.060001373291016,38.427921295166016,348000
2006-07-03,63.18999862670898,63.400001525878906,62.95000076293945,63.34999847412109,38.60465240478516,169500
2006-07-05,62.400001525878906,63.27999877929688,62.400001525878906,63.060001373291016,38.427921295166016,466900
2006-07-06,63.119998931884766,63.38999938964844,63.040000915527344,63.25,38.5437126159668,212400
2006-07-07,63.11000061035156,63.59999847412109,63.06999969482422,63.25,38.5437126159668,223000
2006-07-10,63.31999969482422,63.720001220703125,63.31999969482422,63.54999923706055,38.72651672363281,529900
2006-07-11,63.43000030517578,63.75,63.11000061035156,63.68999862670898,38.81182861328125,206200
2006-07-12,63.77000045776367,63.790000915527344,63.060001373291016,63.15999984741211,38.48885345458984,367500
2006-07-13,63.0,63.040000915527344,62.33000183105469,62.400001525878906,38.025726318359375,305600
2006-07-14,62.36000061035156,62.58000183105469,61.970001220703125,62.400001525878906,38.025726318359375,342700
2006-07-17,62.34000015258789,62.720001220703125,62.2599983215332,62.54999923706055,38.11713790893555,544500
2006-07-18,62.75,62.83000183105469,62.2599983215332,62.77000045776367,38.25120162963867,293500
2006-07-19,63.09999847412109,63.959999084472656,62.959999084472656,63.880001068115234,38.92760467529297,384400
2006-07-20,63.97999954223633,64.0999984741211,63.70000076293945,63.70000076293945,38.81792449951172,349900
2006-07-21,64.0999984741211,64.0999984741211,63.400001525878906,63.47999954223633,38.68386459350586,343800
2006-07-24,63.84999847412109,64.41999816894531,63.790000915527344,64.37000274658203,39.22622299194336,348200
2006-07-25,64.41999816894531,64.95999908447266,64.30000305175781,64.73999786376953,39.451698303222656,372100
2006-07-26,64.80000305175781,65.19999694824219,64.63999938964844,65.05000305175781,39.64059448242188,308500
2006-07-27,65.36000061035156,65.36000061035156,64.5199966430664,64.80999755859375,39.49435043334961,706000
2006-07-28,64.75,65.4800033569336,64.69999694824219,65.33000183105469,39.81122970581055,260500
2006-07-31,65.5,65.5,64.87999725341797,65.1500015258789,39.70153427124024,304800
2006-08-01,65.05000305175781,65.22000122070312,64.76000213623047,65.0999984741211,39.67106628417969,200600
2006-08-02,65.2699966430664,65.5,65.12000274658203,65.26000213623047,39.76856994628906,280500
2006-08-03,65.0,65.58000183105469,65.0,65.5,39.91481018066406,293100
2006-08-04,65.9000015258789,66.05999755859375,65.37000274658203,65.69000244140625,40.030609130859375,336000
2006-08-07,65.62000274658203,65.6500015258789,65.25,65.41000366210938,39.85997772216797,262100
2006-08-08,65.5999984741211,65.80000305175781,65.12999725341797,65.3499984741211,39.82340240478516,450100
2006-08-09,65.69999694824219,65.70999908447266,64.81999969482422,64.83999633789062,39.51263427734375,347700
2006-08-10,64.80999755859375,65.05999755859375,64.55999755859375,65.02999877929688,39.62841033935547,310500
2006-08-11,64.9000015258789,64.94000244140625,64.52999877929688,64.79000091552734,39.48215866088867,278500
2006-08-14,64.95999908447266,65.22000122070312,64.66999816894531,64.87999725341797,39.5369987487793,573700
2006-08-15,65.41999816894531,65.58999633789062,65.16000366210938,65.4800033569336,39.90262985229492,359600
2006-08-16,65.77999877929688,65.83000183105469,65.56999969482422,65.80000305175781,40.09764099121094,327300
2006-08-17,65.75,65.77999877929688,65.5199966430664,65.68000030517578,40.024513244628906,358200
2006-08-18,65.87000274658203,65.9800033569336,65.62000274658203,65.9800033569336,40.20732879638672,633100
2006-08-21,65.8499984741211,65.94000244140625,65.73999786376953,65.87999725341797,40.14638519287109,367900
2006-08-22,65.66000366210938,66.04000091552734,65.66000366210938,65.91000366210938,40.1646842956543,203000
2006-08-23,65.9800033569336,66.04000091552734,65.4000015258789,65.5999984741211,39.97576141357422,220400
2006-08-24,65.87999725341797,65.87999725341797,65.5,65.62000274658203,39.98795700073242,320700
2006-08-25,65.5999984741211,65.62999725341797,65.33000183105469,65.48999786376953,39.908721923828125,254700
2006-08-28,65.30000305175781,65.94999694824219,65.30000305175781,65.81999969482422,40.10982894897461,219100
2006-08-29,65.8499984741211,65.94000244140625,65.5,65.86000061035156,40.134185791015625,261700
2006-08-30,65.94999694824219,66.0,65.75,65.75,40.06716537475586,326200
2006-08-31,65.91000366210938,66.0,65.80999755859375,65.88999938964844,40.15248489379883,302900
2006-09-01,66.0,66.2699966430664,65.95999908447266,66.22000122070312,40.35359191894531,211500
2006-09-05,66.23999786376953,66.31999969482422,66.08000183105469,66.12999725341797,40.298736572265625,335300
2006-09-06,65.98999786376953,66.11000061035156,65.81999969482422,65.83000183105469,40.11592864990234,306900
2006-09-07,65.75,65.81999969482422,65.37000274658203,65.48999786376953,39.908721923828125,386200
2006-09-08,65.6500015258789,65.83000183105469,65.5,65.7300033569336,40.05497360229492,210000
2006-09-11,65.6500015258789,65.86000061035156,65.5,65.80000305175781,40.09764099121094,259700
2006-09-12,65.87999725341797,66.33000183105469,65.77999877929688,66.30000305175781,40.40234375,332300
2006-09-13,66.37999725341797,66.56999969482422,66.16000366210938,66.55999755859375,40.56077194213867,463300
2006-09-14,66.5,66.58999633789062,66.36000061035156,66.4800033569336,40.51202774047852,283700
2006-09-15,66.80000305175781,66.83999633789062,66.51000213623047,66.5999984741211,40.58515930175781,349600
2006-09-18,66.5999984741211,66.6500015258789,66.26000213623047,66.5,40.524208068847656,471900
2006-09-19,66.5,66.5,66.04000091552734,66.37000274658203,40.44498443603516,513400
2006-09-20,66.79000091552734,66.9800033569336,66.5999984741211,66.94999694824219,40.798431396484375,345800
2006-09-21,66.97000122070312,66.97000122070312,66.33000183105469,66.55999755859375,40.56077194213867,338100
2006-09-22,66.33999633789062,66.5,66.22000122070312,66.48999786376953,40.518104553222656,344800
2006-09-25,66.5,67.06999969482422,66.22000122070312,66.8499984741211,40.73750305175781,605600
2006-09-26,66.3499984741211,66.52999877929688,66.12999725341797,66.5,40.8702392578125,600800
2006-09-27,66.47000122070312,66.7699966430664,66.4000015258789,66.66000366210938,40.96858596801758,287500
2006-09-28,66.69999694824219,66.83000183105469,66.5199966430664,66.69000244140625,40.98702621459961,336200
2006-09-29,66.76000213623047,66.80000305175781,66.33000183105469,66.43000030517578,40.82722091674805,301800
2006-10-02,66.4000015258789,66.70999908447266,66.25,66.41999816894531,40.82108688354492,262200
2006-10-03,66.55000305175781,66.83000183105469,66.27999877929688,66.44999694824219,40.83951568603516,299200
2006-10-04,66.6500015258789,67.11000061035156,66.38999938964844,67.05000305175781,41.208274841308594,544700
2006-10-05,67.19999694824219,67.23999786376953,66.95999908447266,67.23999786376953,41.325042724609375,377900
2006-10-06,67.13999938964844,67.1500015258789,66.76000213623047,66.9000015258789,41.11608505249024,275900
2006-10-09,67.0,67.08000183105469,66.63999938964844,66.9800033569336,41.165260314941406,247700
2006-10-10,67.0999984741211,67.23999786376953,66.95999908447266,67.23999786376953,41.325042724609375,423600
2006-10-11,67.0999984741211,67.38999938964844,66.94999694824219,67.27999877929688,41.3496208190918,267100
2006-10-12,67.48999786376953,67.72000122070312,67.3499984741211,67.62999725341797,41.564720153808594,369200
2006-10-13,67.66999816894531,67.9000015258789,67.62000274658203,67.87999725341797,41.718379974365234,268600
2006-10-16,67.80999755859375,67.9000015258789,67.72000122070312,67.86000061035156,41.70608139038086,389100
2006-10-17,67.70999908447266,67.94000244140625,67.58999633789062,67.83000183105469,41.68766021728516,414000
2006-10-18,67.3499984741211,68.23999786376953,67.3499984741211,68.1500015258789,41.88432312011719,386200
2006-10-19,68.05000305175781,68.22000122070312,67.94999694824219,68.22000122070312,41.927337646484375,887400
2006-10-20,68.30000305175781,68.30000305175781,67.98999786376953,68.27999877929688,41.96421432495117,264000
2006-10-23,68.19999694824219,68.66000366210938,68.05000305175781,68.5999984741211,42.16088104248047,914200
2006-10-24,68.5199966430664,68.68000030517578,68.30000305175781,68.68000030517578,42.210052490234375,359400
2006-10-25,68.69000244140625,68.94999694824219,68.6500015258789,68.91999816894531,42.3575553894043,352900
2006-10-26,69.1500015258789,69.16999816894531,68.6500015258789,68.98999786376953,42.40058135986328,274100
2006-10-27,68.83999633789062,68.87000274658203,68.55000305175781,68.69999694824219,42.22234344482422,415700
2006-10-30,68.77999877929688,68.86000061035156,68.51000213623047,68.70999908447266,42.22850036621094,543100
2006-10-31,68.9000015258789,68.93000030517578,68.51000213623047,68.6500015258789,42.19161224365234,297500
2006-11-01,68.98999786376953,69.08000183105469,68.51000213623047,68.63999938964844,42.18547439575195,608300
2006-11-02,68.55000305175781,68.58999633789062,68.30999755859375,68.44999694824219,42.06869888305664,272600
2006-11-03,68.75,68.77999877929688,68.22000122070312,68.41999816894531,42.050270080566406,338900
2006-11-06,68.66999816894531,69.0999984741211,68.5199966430664,68.98999786376953,42.40058135986328,354100
2006-11-07,69.12999725341797,69.37999725341797,69.05000305175781,69.2300033569336,42.548072814941406,365600
2006-11-08,68.94999694824219,69.58000183105469,68.8499984741211,69.5,42.71401596069336,353800
2006-11-09,69.5,69.5,69.01000213623047,69.18000030517578,42.51735305786133,357800
2006-11-10,69.1500015258789,69.33000183105469,69.04000091552734,69.33000183105469,42.60952758789063,239400
2006-11-13,69.2699966430664,69.62999725341797,69.16999816894531,69.48999786376953,42.70787048339844,245700
2006-11-14,69.55000305175781,69.7699966430664,69.13999938964844,69.75,42.867652893066406,308300
2006-11-15,69.77999877929688,69.87999725341797,69.5999984741211,69.80000305175781,42.898399353027344,413900
2006-11-16,69.94999694824219,70.16000366210938,69.80000305175781,70.1500015258789,43.11350631713867,277000
2006-11-17,69.94999694824219,70.0999984741211,69.75,70.0999984741211,43.0827751159668,302700
2006-11-20,70.08999633789062,70.18000030517578,69.9000015258789,70.05999755859375,43.05817413330078,305900
2006-11-21,70.0999984741211,70.0999984741211,69.61000061035156,69.69999694824219,42.83694076538086,287300
2006-11-22,69.87999725341797,69.88999938964844,69.52999877929688,69.70999908447266,42.84307861328125,251400
2006-11-24,69.43000030517578,69.75,69.37999725341797,69.5999984741211,42.77547836303711,123500
2006-11-27,69.5999984741211,69.5999984741211,68.80999755859375,68.8499984741211,42.31452560424805,434400
2006-11-28,68.80000305175781,69.16999816894531,68.69999694824219,69.04000091552734,42.43130111694336,381200
2006-11-29,69.27999877929688,69.87999725341797,69.16999816894531,69.80000305175781,42.898399353027344,481400
2006-11-30,69.94999694824219,70.0,69.5,69.7699966430664,42.87995910644531,377800
2006-12-01,69.8499984741211,69.97000122070312,69.33999633789062,69.83000183105469,42.91682052612305,425200
2006-12-04,69.94000244140625,70.44999694824219,69.94000244140625,70.31999969482422,43.21798324584961,281300
2006-12-05,70.48999786376953,70.69999694824219,70.30000305175781,70.69999694824219,43.45151901245117,254300
2006-12-06,70.62999725341797,70.66999816894531,70.44000244140625,70.5999984741211,43.39007186889648,353300
2006-12-07,70.69000244140625,70.75,70.19999694824219,70.23999786376953,43.1688117980957,264800
2006-12-08,70.30000305175781,70.36000061035156,69.94000244140625,70.16999816894531,43.125789642333984,172900
2006-12-11,70.22000122070312,70.55999755859375,70.22000122070312,70.55000305175781,43.35932540893555,675900
2006-12-12,70.45999908447266,70.69999694824219,70.25,70.69999694824219,43.45151901245117,550100
2006-12-13,70.94999694824219,70.9800033569336,70.63999938964844,70.73999786376953,43.47611999511719,431300
2006-12-14,70.81999969482422,71.22000122070312,70.75,71.19999694824219,43.7588119506836,232200
2006-12-15,71.4000015258789,71.48999786376953,71.08999633789062,71.12000274658203,43.70967102050781,367400
2006-12-18,71.4000015258789,71.4000015258789,70.83999633789062,70.93000030517578,43.592872619628906,304400
2006-12-19,70.94999694824219,71.19000244140625,70.75,71.12999725341797,43.715797424316406,273200
2006-12-20,70.80000305175781,70.81999969482422,70.62000274658203,70.70999908447266,43.78143310546875,397100
2006-12-21,70.83999633789062,70.91999816894531,70.44000244140625,70.55999755859375,43.68856430053711,520100
2006-12-22,70.63999938964844,70.83000183105469,70.30999755859375,70.36000061035156,43.56473159790039,312200
2006-12-26,70.3499984741211,71.01000213623047,70.3499984741211,70.98999786376953,43.95480728149414,526100
2006-12-27,71.1500015258789,71.45999908447266,71.08999633789062,71.44000244140625,44.23342514038086,425500
2006-12-28,71.41999816894531,71.4800033569336,71.13999938964844,71.13999938964844,44.04765701293945,926500
2006-12-29,71.27999877929688,71.27999877929688,70.68000030517578,70.7300033569336,43.79380416870117,325400
2007-01-03,71.19999694824219,71.5,70.7300033569336,71.16999816894531,44.066253662109375,880700
2007-01-04,71.1500015258789,71.23999786376953,70.75,71.06999969482422,44.00432968139648,371400
2007-01-05,71.0,71.0,70.12000274658203,70.19999694824219,43.46564102172852,542800
2007-01-08,70.12000274658203,70.3499984741211,69.88999938964844,70.3499984741211,43.55851745605469,568600
2007-01-09,70.44999694824219,70.51000213623047,69.91999816894531,70.38999938964844,43.58328628540039,307800
2007-01-10,70.23999786376953,70.48999786376953,70.08000183105469,70.41000366210938,43.595680236816406,332100
2007-01-11,70.56999969482422,70.8499984741211,70.41000366210938,70.68000030517578,43.76285934448242,535800
2007-01-12,70.6500015258789,70.77999877929688,70.5199966430664,70.66000366210938,43.75048065185547,327700
2007-01-16,70.69999694824219,70.81999969482422,70.52999877929688,70.52999877929688,43.66996765136719,463000
2007-01-17,70.47000122070312,70.66999816894531,70.41999816894531,70.56999969482422,43.69474411010742,581900
2007-01-18,70.72000122070312,70.72000122070312,70.43000030517578,70.44999694824219,43.62044143676758,349700
2007-01-19,70.30000305175781,70.69000244140625,70.30000305175781,70.61000061035156,43.71950149536133,389400
2007-01-22,70.6500015258789,70.68000030517578,70.30999755859375,70.44999694824219,43.62044143676758,326100
2007-01-23,70.55000305175781,70.81999969482422,70.3499984741211,70.66999816894531,43.75666046142578,427700
2007-01-24,70.86000061035156,71.19999694824219,70.69999694824219,71.19000244140625,44.078651428222656,526800
2007-01-25,71.19999694824219,71.22000122070312,70.5199966430664,70.61000061035156,43.71950149536133,436700
2007-01-26,70.76000213623047,70.76000213623047,70.25,70.5999984741211,43.71332931518555,278300
2007-01-29,70.81999969482422,70.94000244140625,70.61000061035156,70.68000030517578,43.76285934448242,275700
2007-01-30,70.9000015258789,71.08000183105469,70.69999694824219,71.02999877929688,43.97955703735352,271600
2007-01-31,71.0,71.52999877929688,70.83000183105469,71.43000030517578,44.22723007202149,268100
2007-02-01,71.5999984741211,71.95999908447266,71.51000213623047,71.9000015258789,44.51823806762695,421300
2007-02-02,72.08000183105469,72.08999633789062,71.9000015258789,72.05000305175781,44.611122131347656,333100
2007-02-05,72.05000305175781,72.08999633789062,71.70999908447266,72.08000183105469,44.62968444824219,379400
2007-02-06,72.12000274658203,72.31999969482422,72.02999877929688,72.27999877929688,44.75352478027344,399100
2007-02-07,72.44999694824219,72.45999908447266,72.2300033569336,72.44999694824219,44.85878753662109,322000
2007-02-08,72.44999694824219,72.44999694824219,72.04000091552734,72.37999725341797,44.81544876098633,319500
2007-02-09,72.55000305175781,72.5999984741211,71.87000274658203,72.08000183105469,44.62968444824219,353600
2007-02-12,72.12000274658203,72.16999816894531,71.88999938964844,72.0199966430664,44.592533111572266,254300
2007-02-13,72.19999694824219,72.68000030517578,72.0999984741211,72.66000366210938,44.98880386352539,922400
2007-02-14,72.80000305175781,73.06999969482422,72.6500015258789,72.91000366210938,45.14360427856445,332000
2007-02-15,73.0,73.0,72.73999786376953,72.87000274658203,45.11883544921875,695500
2007-02-16,72.77999877929688,72.87000274658203,72.61000061035156,72.87000274658203,45.11883544921875,209500
2007-02-20,72.94999694824219,73.22000122070312,72.63999938964844,73.16999816894531,45.30457305908203,256400
2007-02-21,73.0999984741211,73.0999984741211,72.7699966430664,72.95999908447266,45.17455291748047,308100
2007-02-22,73.12000274658203,73.25,72.55000305175781,72.80000305175781,45.07548141479492,339400
2007-02-23,72.73999786376953,72.87999725341797,72.38999938964844,72.6500015258789,44.98262023925781,188300
2007-02-26,73.02999877929688,73.33000183105469,72.69999694824219,72.87999725341797,45.12501525878906,284900
2007-02-27,72.3499984741211,72.41999816894531,70.2300033569336,70.55000305175781,43.68235397338867,1191000
2007-02-28,70.94999694824219,71.41000366210938,70.33999633789062,70.98999786376953,43.95480728149414,730300
2007-03-01,70.02999877929688,71.23999786376953,69.69999694824219,71.04000091552734,43.98576736450195,582800
2007-03-02,70.69999694824219,70.94999694824219,70.16999816894531,70.16999816894531,43.44707107543945,531600
2007-03-05,69.77999877929688,70.16000366210938,69.12999725341797,69.12999725341797,42.80313873291016,600800
2007-03-06,69.94999694824219,70.47000122070312,69.56999969482422,70.30999755859375,43.53375244140625,530800
2007-03-07,70.30000305175781,70.44999694824219,70.0,70.05000305175781,43.3727912902832,345800
2007-03-08,70.58000183105469,70.75,70.26000213623047,70.55999755859375,43.68856430053711,352600
2007-03-09,70.9000015258789,70.9000015258789,70.44999694824219,70.77999877929688,43.82478332519531,508500
2007-03-12,70.6500015258789,71.04000091552734,70.5199966430664,70.95999908447266,43.936222076416016,302900
2007-03-13,70.5,70.66999816894531,69.48999786376953,69.55999755859375,43.06938171386719,515100
2007-03-14,69.80000305175781,69.97000122070312,68.72000122070312,69.97000122070312,43.323238372802734,522900
2007-03-15,69.97000122070312,70.5,69.83999633789062,70.44000244140625,43.61426162719727,327000
2007-03-16,70.5199966430664,70.68000030517578,70.0,70.08999633789062,43.39754486083984,308300
2007-03-19,70.44999694824219,70.86000061035156,70.31999969482422,70.73999786376953,43.80001449584961,289300
2007-03-20,70.80000305175781,71.48999786376953,70.68000030517578,71.48999786376953,44.26438522338867,755700
2007-03-21,71.44999694824219,73.19999694824219,71.22000122070312,72.51000213623047,44.89593505859375,374300
2007-03-22,72.5,72.58000183105469,72.1500015258789,72.33999633789062,44.79067993164063,326600
2007-03-23,71.8499984741211,72.08000183105469,71.70999908447266,71.9800033569336,44.91548538208008,366500
2007-03-26,71.94999694824219,72.05000305175781,71.37000274658203,71.91000366210938,44.87179565429688,443900
2007-03-27,71.80000305175781,71.8499984741211,71.54000091552734,71.83999633789062,44.82810974121094,313200
2007-03-28,71.58999633789062,71.62999725341797,71.0999984741211,71.23999786376953,44.45371627807617,507300
2007-03-29,71.54000091552734,71.69999694824219,71.0999984741211,71.5999984741211,44.67835998535156,227800
2007-03-30,71.66999816894531,71.87000274658203,70.69999694824219,71.44999694824219,44.584739685058594,296100
2007-04-02,71.69999694824219,71.73999786376953,71.19000244140625,71.73999786376953,44.76570510864258,269700
2007-04-03,71.73999786376953,72.3499984741211,71.73999786376953,72.20999908447266,45.05899429321289,242600
2007-04-04,72.36000061035156,72.52999877929688,72.02999877929688,72.27999877929688,45.102664947509766,341800
2007-04-05,72.1500015258789,72.38999938964844,72.0,72.30000305175781,45.11515045166016,219000
2007-04-09,72.48999786376953,72.48999786376953,72.22000122070312,72.26000213623047,45.09020233154297,207300
2007-04-10,72.4000015258789,72.52999877929688,72.25,72.5,45.23995208740234,202400
2007-04-11,72.5999984741211,72.63999938964844,71.86000061035156,71.94999694824219,44.896759033203125,269400
2007-04-12,71.94000244140625,72.01000213623047,71.55000305175781,71.9800033569336,44.91548538208008,288400
2007-04-13,71.9800033569336,72.4800033569336,71.9800033569336,72.4800033569336,45.22747421264648,389800
2007-04-16,72.76000213623047,73.29000091552734,72.76000213623047,73.19999694824219,45.67676162719727,439300
2007-04-17,73.19999694824219,73.37000274658203,73.04000091552734,73.27999877929688,45.726688385009766,359000
2007-04-18,73.37999725341797,73.73999786376953,73.19999694824219,73.5999984741211,45.92634963989258,303300
2007-04-19,73.13999938964844,73.55000305175781,73.05000305175781,73.51000213623047,45.87020492553711,482800
2007-04-20,73.58000183105469,74.11000061035156,73.58000183105469,74.11000061035156,46.244590759277344,232200
2007-04-23,74.05000305175781,74.1500015258789,73.73999786376953,73.75,46.01994323730469,483500
2007-04-24,73.7300033569336,73.87999725341797,73.33999633789062,73.70999908447266,45.994998931884766,329500
2007-04-25,74.08000183105469,74.52999877929688,74.0,74.44999694824219,46.45675659179688,525800
2007-04-26,74.47000122070312,74.5199966430664,74.12999725341797,74.36000061035156,46.40058517456055,364000
2007-04-27,74.19999694824219,74.26000213623047,73.88999938964844,74.1500015258789,46.2695426940918,295700
2007-04-30,74.1500015258789,74.22000122070312,73.43000030517578,73.43000030517578,45.82028579711914,275400
2007-05-01,73.52999877929688,73.87000274658203,73.30999755859375,73.87000274658203,46.09484100341797,361600
2007-05-02,73.87999725341797,74.26000213623047,73.7699966430664,74.0999984741211,46.23834609985352,306900
2007-05-03,74.48999786376953,74.5199966430664,74.19999694824219,74.44999694824219,46.45675659179688,248800
2007-05-04,74.58999633789062,74.76000213623047,74.45999908447266,74.66000366210938,46.58781051635742,237700
2007-05-07,74.9000015258789,75.0199966430664,74.7699966430664,74.94999694824219,46.76875686645508,311300
2007-05-08,74.7699966430664,74.86000061035156,74.5199966430664,74.83999633789062,46.70011138916016,244600
2007-05-09,74.80000305175781,75.16000366210938,74.69000244140625,74.94999694824219,46.76875686645508,244200
2007-05-10,74.83999633789062,74.83999633789062,74.0999984741211,74.12000274658203,46.25083160400391,295600
2007-05-11,74.3499984741211,74.83999633789062,74.3499984741211,74.83999633789062,46.70011138916016,289500
2007-05-14,74.9000015258789,75.04000091552734,74.55999755859375,74.77999877929688,46.66267013549805,401000
2007-05-15,74.80000305175781,75.38999938964844,74.72000122070312,74.7699966430664,46.65642166137695,720000
2007-05-16,75.0,75.2300033569336,74.80000305175781,75.2300033569336,46.9434814453125,355300
2007-05-17,75.19000244140625,75.2699966430664,74.9800033569336,75.12000274658203,46.87483215332031,298800
2007-05-18,75.30000305175781,75.41999816894531,75.19000244140625,75.41999816894531,47.0620346069336,330700
2007-05-21,75.51000213623047,75.7300033569336,75.33999633789062,75.52999877929688,47.13066482543945,1226100
2007-05-22,75.5999984741211,75.80000305175781,75.3499984741211,75.55000305175781,47.143157958984375,258100
2007-05-23,75.75,75.81999969482422,75.0999984741211,75.22000122070312,46.937232971191406,596100
2007-05-24,75.0199966430664,75.30000305175781,74.16000366210938,74.19000244140625,46.29450988769531,372300
2007-05-25,74.5199966430664,74.58999633789062,74.05999755859375,74.47000122070312,46.469234466552734,274100
2007-05-29,74.66000366210938,74.9000015258789,74.47000122070312,74.63999938964844,46.5753059387207,307200
2007-05-30,74.19999694824219,74.97000122070312,74.19999694824219,74.91999816894531,46.75004196166992,242900
2007-05-31,75.0999984741211,75.22000122070312,74.79000091552734,74.87999725341797,46.72506332397461,668300
2007-06-01,75.19000244140625,75.52999877929688,74.9000015258789,75.23999786376953,46.949703216552734,379800
2007-06-04,75.0999984741211,75.16999816894531,74.80999755859375,75.16999816894531,46.906044006347656,409300
2007-06-05,74.94999694824219,74.97000122070312,74.31999969482422,74.54000091552734,46.51291275024414,405700
2007-06-06,74.62999725341797,74.75,73.56999969482422,73.72000122070312,46.00123977661133,452500
2007-06-07,73.5,73.58999633789062,72.26000213623047,72.26000213623047,45.09020233154297,702900
2007-06-08,72.25,73.0,72.0999984741211,73.0,45.55195999145508,442000
2007-06-11,72.9800033569336,73.58999633789062,72.88999938964844,73.33000183105469,45.75788116455078,307700
2007-06-12,73.04000091552734,73.30000305175781,72.30000305175781,72.30000305175781,45.11515045166016,400100
2007-06-13,72.6500015258789,73.4000015258789,72.62999725341797,73.4000015258789,45.80155944824219,359300
2007-06-14,73.5,73.83000183105469,73.37999725341797,73.5199966430664,45.87643814086914,310300
2007-06-15,74.2699966430664,74.51000213623047,74.0999984741211,74.18000030517578,46.28826904296875,592500
2007-06-18,74.30000305175781,74.36000061035156,73.91000366210938,73.97000122070312,46.15721893310547,366800
2007-06-19,73.87000274658203,74.16000366210938,73.7300033569336,74.08000183105469,46.22587203979492,297500
2007-06-20,74.12999725341797,74.25,72.93000030517578,72.95999908447266,45.52699279785156,279300
2007-06-21,72.80000305175781,73.2699966430664,72.4000015258789,73.08000183105469,45.60187149047852,377300
2007-06-22,72.81999969482422,72.91999816894531,71.94000244140625,72.16999816894531,45.03403091430664,472800
2007-06-25,72.26000213623047,72.88999938964844,71.83000183105469,72.19999694824219,45.05274963378906,645100
2007-06-26,72.5999984741211,72.80999755859375,71.83999633789062,71.83999633789062,44.82810974121094,522200
2007-06-27,71.7300033569336,72.81999969482422,71.69999694824219,72.80999755859375,45.43339538574219,337500
2007-06-28,72.19999694824219,72.6500015258789,72.02999877929688,72.13999938964844,45.37866973876953,374400
2007-06-29,72.2699966430664,72.6500015258789,71.48999786376953,71.88999938964844,45.22140884399414,537400
2007-07-02,72.33999633789062,73.05000305175781,72.19000244140625,73.05000305175781,45.95109176635742,308800
2007-07-03,73.12999725341797,73.4000015258789,72.94000244140625,73.12000274658203,45.9951286315918,331200
2007-07-05,73.1500015258789,73.22000122070312,72.43000030517578,72.8499984741211,45.82528305053711,534300
2007-07-06,73.0,73.0,72.5199966430664,72.8499984741211,45.82528305053711,338400
2007-07-09,72.9000015258789,72.98999786376953,72.55000305175781,72.80000305175781,45.79383087158203,313500
2007-07-10,72.19999694824219,72.2699966430664,71.4000015258789,71.4000015258789,44.913185119628906,438700
2007-07-11,71.3499984741211,71.87999725341797,71.30999755859375,71.87000274658203,45.20882797241211,330300
2007-07-12,72.0,73.19999694824219,72.0,73.16000366210938,46.020294189453125,572700
2007-07-13,73.0999984741211,73.58999633789062,73.0199966430664,73.3499984741211,46.13980102539063,663500
2007-07-16,73.19999694824219,73.5,72.91999816894531,73.06999969482422,45.963680267333984,548900
2007-07-17,73.19000244140625,73.55999755859375,73.11000061035156,73.1500015258789,46.01398849487305,386300
2007-07-18,72.6500015258789,72.88999938964844,72.0999984741211,72.66999816894531,45.71205139160156,549700
2007-07-19,72.9000015258789,73.11000061035156,72.66000366210938,72.8499984741211,45.82528305053711,265800
2007-07-20,72.80000305175781,72.8499984741211,71.69999694824219,71.81999969482422,45.17737579345703,465500
2007-07-23,72.08000183105469,72.5,72.0,72.0,45.29060745239258,348200
2007-07-24,71.5199966430664,71.63999938964844,70.12000274658203,70.22000122070312,44.1709098815918,653600
2007-07-25,70.69999694824219,71.08999633789062,69.77999877929688,70.55000305175781,44.37849807739258,1175100
2007-07-26,69.4000015258789,69.80000305175781,68.01000213623047,68.69999694824219,43.21479415893555,1810600
2007-07-27,68.69999694824219,69.0199966430664,67.2300033569336,67.80000305175781,42.64864349365234,1190300
2007-07-30,67.69999694824219,68.68000030517578,67.31999969482422,68.4000015258789,43.02607345581055,898100
2007-07-31,69.01000213623047,69.41000366210938,67.5,67.69999694824219,42.58574676513672,798500
2007-08-01,67.86000061035156,68.5999984741211,67.29000091552734,68.5999984741211,43.151885986328125,852800
2007-08-02,68.91999816894531,69.20999908447266,68.29000091552734,68.8499984741211,43.30912399291992,546400
2007-08-03,68.79000091552734,68.97000122070312,65.81999969482422,66.4800033569336,41.81832504272461,1123500
2007-08-06,66.58000183105469,68.8499984741211,66.04000091552734,68.54000091552734,43.11412048339844,1215700
2007-08-07,68.19000244140625,69.87000274658203,68.0,69.2699966430664,43.573333740234375,1768700
2007-08-08,69.62999725341797,70.62000274658203,68.97000122070312,70.0999984741211,44.09544372558594,2174300
2007-08-09,68.80000305175781,69.37000274658203,67.75,67.80000305175781,42.64864349365234,1694400
2007-08-10,67.19999694824219,68.94000244140625,66.5,68.36000061035156,43.00091552734375,758200
2007-08-13,69.0199966430664,69.08999633789062,68.01000213623047,68.06999969482422,42.818477630615234,434400
2007-08-14,68.04000091552734,68.19999694824219,66.7699966430664,66.8499984741211,42.05106735229492,854600
2007-08-15,66.5999984741211,68.0,65.97000122070312,66.08999633789062,41.572998046875,1286200
2007-08-16,65.5,67.76000213623047,64.91999816894531,67.66000366210938,42.56059265136719,2039500
2007-08-17,69.9800033569336,70.41999816894531,67.94000244140625,69.19999694824219,43.52930450439453,1147300
2007-08-20,69.55999755859375,69.69999694824219,68.33999633789062,69.0,43.40349197387695,1340200
2007-08-21,68.80999755859375,69.87000274658203,68.69999694824219,69.30999755859375,43.59850311279297,442800
2007-08-22,69.75,70.19999694824219,69.30999755859375,70.06999969482422,44.07655334472656,705200
2007-08-23,70.19999694824219,70.43000030517578,69.36000061035156,69.69000244140625,43.8375358581543,613500
2007-08-24,69.76000213623047,70.2699966430664,69.38999938964844,70.20999908447266,44.16463851928711,984300
2007-08-27,69.94999694824219,70.0999984741211,69.20999908447266,69.2300033569336,43.54818344116211,1152600
2007-08-28,68.80999755859375,68.9000015258789,67.56999969482422,67.76000213623047,42.62350082397461,1198300
2007-08-29,68.2300033569336,69.16000366210938,67.8499984741211,68.9000015258789,43.34059524536133,406000
2007-08-30,68.4800033569336,69.20999908447266,68.30000305175781,68.58999633789062,43.14558792114258,401800
2007-08-31,69.37999725341797,69.5999984741211,68.66000366210938,69.08999633789062,43.4600944519043,371900
2007-09-04,69.11000061035156,70.05999755859375,69.05000305175781,69.72000122070312,43.85641860961914,493800
2007-09-05,69.05000305175781,69.2300033569336,68.58000183105469,68.83999633789062,43.302852630615234,657300
2007-09-06,69.0199966430664,69.19000244140625,68.41000366210938,69.11000061035156,43.47269058227539,908400
2007-09-07,68.02999877929688,68.62999725341797,67.79000091552734,68.13999938964844,42.86252212524414,909200
2007-09-10,68.44000244140625,68.44000244140625,67.2300033569336,67.76000213623047,42.62350082397461,613300
2007-09-11,67.9800033569336,68.58000183105469,67.9800033569336,68.5,43.08897399902344,454400
2007-09-12,68.19999694824219,68.8499984741211,68.16999816894531,68.63999938964844,43.17704772949219,1063200
2007-09-13,69.0,69.19999694824219,68.69000244140625,68.87000274658203,43.32172775268555,347600
2007-09-14,68.30999755859375,69.12000274658203,68.30999755859375,69.0,43.40349197387695,503600
2007-09-17,68.87999725341797,69.01000213623047,68.58000183105469,68.80000305175781,43.27767562866211,338000
2007-09-18,68.9800033569336,70.83000183105469,68.83000183105469,70.77999877929688,44.523193359375,671300
2007-09-19,71.36000061035156,71.77999877929688,71.08000183105469,71.2699966430664,44.83140182495117,499900
2007-09-20,71.0999984741211,71.36000061035156,70.44000244140625,70.58000183105469,44.39738082885742,403700
2007-09-21,70.95999908447266,71.19999694824219,70.52999877929688,70.66000366210938,44.447696685791016,359700
2007-09-24,70.6500015258789,70.69999694824219,69.93000030517578,69.93000030517578,43.98849868774414,399700
2007-09-25,69.05999755859375,69.44000244140625,68.93000030517578,69.12000274658203,43.85336685180664,750000
2007-09-26,69.47000122070312,69.87999725341797,69.30000305175781,69.62000274658203,44.17058563232422,380000
2007-09-27,69.6500015258789,69.83000183105469,69.4000015258789,69.70999908447266,44.22768020629883,647100
2007-09-28,69.68000030517578,69.69999694824219,68.95999908447266,69.30000305175781,43.967559814453125,473300
2007-10-01,69.29000091552734,70.31999969482422,69.2699966430664,70.19999694824219,44.53857421875,614500
2007-10-02,70.41999816894531,70.55000305175781,70.08000183105469,70.33000183105469,44.621055603027344,639100
2007-10-03,70.27999877929688,70.66999816894531,70.0999984741211,70.44999694824219,44.69717788696289,634000
2007-10-04,70.55999755859375,70.83999633789062,70.54000091552734,70.63999938964844,44.81772994995117,245200
2007-10-05,71.0,71.56999969482422,70.81999969482422,71.45999908447266,45.33797836303711,407500
2007-10-08,71.05000305175781,71.38999938964844,70.9000015258789,70.91000366210938,44.989036560058594,270700
2007-10-09,71.0,71.45999908447266,70.80000305175781,71.38999938964844,45.29357147216797,417600
2007-10-10,71.0999984741211,71.38999938964844,70.75,70.94000244140625,45.00806427001953,266900
2007-10-11,71.25,71.5999984741211,70.55000305175781,70.87999725341797,44.9699821472168,424500
2007-10-12,70.7300033569336,71.25,70.7300033569336,70.94999694824219,45.01441955566406,337800
2007-10-15,71.0,72.05000305175781,69.75,70.0999984741211,44.47513198852539,476000
2007-10-16,69.87000274658203,69.91999816894531,69.0199966430664,69.06999969482422,43.82164001464844,351700
2007-10-17,69.5,69.6500015258789,68.36000061035156,69.02999877929688,43.79627227783203,372200
2007-10-18,68.51000213623047,68.94999694824219,68.37999725341797,68.55999755859375,43.4980697631836,821600
2007-10-19,68.41999816894531,68.54000091552734,67.08000183105469,67.08999633789062,42.56542205810547,570900
2007-10-22,66.68000030517578,67.87000274658203,66.5999984741211,67.0,42.5083122253418,1216000
2007-10-23,68.04000091552734,68.18000030517578,67.31999969482422,67.94999694824219,43.11105346679688,465600
2007-10-24,67.58000183105469,67.95999908447266,66.62999725341797,67.75,42.984161376953125,908000
2007-10-25,67.81999969482422,68.43000030517578,67.31999969482422,68.08999633789062,43.19988250732422,838000
2007-10-26,68.69000244140625,69.75,68.13999938964844,69.75,44.25306701660156,842300
2007-10-29,69.2300033569336,69.62000274658203,69.0,69.4000015258789,44.03101348876953,553000
2007-10-30,69.08000183105469,69.30999755859375,68.81999969482422,69.05000305175781,43.80895233154297,482100
2007-10-31,69.04000091552734,69.72000122070312,68.66999816894531,69.3499984741211,43.99927520751953,899400
2007-11-01,68.83999633789062,68.83999633789062,67.33000183105469,67.45999908447266,42.800174713134766,1837300
2007-11-02,67.83000183105469,67.83999633789062,66.33999633789062,66.97000122070312,42.489288330078125,972100
2007-11-05,65.83999633789062,67.0999984741211,65.83999633789062,66.55000305175781,42.22282409667969,1126300
2007-11-06,67.02999877929688,67.4000015258789,66.31999969482422,67.4000015258789,42.7620964050293,724600
2007-11-07,66.08999633789062,66.68000030517578,65.11000061035156,65.19999694824219,41.366302490234375,986300
2007-11-08,65.0,66.22000122070312,64.80000305175781,65.75,41.71526718139648,1161900
2007-11-09,64.7300033569336,66.9000015258789,64.7300033569336,66.01000213623047,41.88020706176758,1063300
2007-11-12,66.54000091552734,67.11000061035156,65.75,65.94999694824219,41.84214401245117,1204300
2007-11-13,66.01000213623047,67.93000030517578,66.01000213623047,67.55000305175781,42.857269287109375,1483800
2007-11-14,67.77999877929688,68.20999908447266,66.73999786376953,66.8499984741211,42.41315078735352,1222700
2007-11-15,66.69000244140625,66.91999816894531,65.70999908447266,66.08000183105469,41.92462539672852,846300
2007-11-16,65.73999786376953,66.23999786376953,65.26000213623047,65.76000213623047,41.72160720825195,557800
2007-11-19,65.43000030517578,65.45999908447266,64.4000015258789,64.4000015258789,40.8587532043457,1309100
2007-11-20,64.43000030517578,65.4000015258789,63.84000015258789,64.69999694824219,41.049076080322266,1317300
2007-11-21,63.63999938964844,65.08999633789062,63.63999938964844,64.13999938964844,40.693790435791016,1039200
2007-11-23,64.22000122070312,65.41999816894531,64.22000122070312,65.16999816894531,41.34725570678711,257600
2007-11-26,64.94999694824219,65.30000305175781,63.43999862670898,63.43999862670898,40.24966430664063,902500
2007-11-27,63.4900016784668,64.86000061035156,63.4900016784668,64.47000122070312,40.90315628051758,1144900
2007-11-28,64.62000274658203,66.80000305175781,64.62000274658203,66.68000030517578,42.305301666259766,826100
2007-11-29,66.29000091552734,66.69999694824219,65.97000122070312,66.44999694824219,42.15937805175781,495300
2007-11-30,67.79000091552734,68.0,67.06999969482422,67.41000366210938,42.76845550537109,789400
2007-12-03,67.5,67.81999969482422,67.0999984741211,67.30000305175781,42.69866561889648,520200
2007-12-04,66.58000183105469,67.23999786376953,66.52999877929688,66.88999938964844,42.43853759765625,596900
2007-12-05,67.45999908447266,67.95999908447266,67.30999755859375,67.87000274658203,43.06028747558594,792400
2007-12-06,67.76000213623047,68.98999786376953,67.66999816894531,68.66999816894531,43.56786346435547,544900
2007-12-07,68.95999908447266,69.06999969482422,68.44999694824219,68.5,43.459991455078125,634000
2007-12-10,68.5999984741211,69.54000091552734,68.5199966430664,69.3499984741211,43.99927520751953,667000
2007-12-11,69.36000061035156,69.58999633789062,67.05000305175781,67.33000183105469,42.71768951416016,1011400
2007-12-12,68.61000061035156,68.7300033569336,66.05000305175781,67.27999877929688,42.68596267700195,1709600
2007-12-13,66.43000030517578,66.95999908447266,66.0,66.73999786376953,42.343360900878906,1063700
2007-12-14,66.22000122070312,66.61000061035156,65.63999938964844,65.7300033569336,41.70257186889648,836600
2007-12-17,65.27999877929688,65.7300033569336,64.91000366210938,64.94999694824219,41.20768356323242,870000
2007-12-18,65.25,65.72000122070312,64.63999938964844,65.4000015258789,41.4931869506836,1002600
2007-12-19,65.37000274658203,65.8499984741211,64.94999694824219,65.20999908447266,41.37265396118164,597800
2007-12-20,65.58000183105469,65.6500015258789,64.66000366210938,65.5199966430664,41.569332122802734,819100
2007-12-21,66.0199966430664,67.36000061035156,65.70999908447266,67.36000061035156,42.73673248291016,737200
2007-12-24,67.0,67.18000030517578,66.7300033569336,67.0199966430664,42.52100372314453,387300
2007-12-26,66.69000244140625,66.9000015258789,66.44000244140625,66.86000061035156,42.41950225830078,572200
2007-12-27,65.91000366210938,65.9800033569336,65.12999725341797,65.20999908447266,41.76367950439453,629100
2007-12-28,65.58000183105469,65.7300033569336,64.8499984741211,64.88999938964844,41.55873489379883,643700
2007-12-31,64.61000061035156,65.16999816894531,64.44999694824219,64.48999786376953,41.30253982543945,801300
2008-01-02,64.58000183105469,64.83000183105469,63.5099983215332,63.70000076293945,40.79659652709961,891500
2008-01-03,63.900001525878906,64.02999877929688,63.119998931884766,63.130001068115234,40.43156051635742,682900
2008-01-04,62.66999816894531,62.7400016784668,61.33000183105469,61.63999938964844,39.47726821899414,1235800
2008-01-07,61.83000183105469,62.970001220703125,61.68999862670898,62.5099983215332,40.034461975097656,1243200
2008-01-08,62.7599983215332,63.150001525878906,60.95000076293945,61.130001068115234,39.1506462097168,1313900
2008-01-09,60.86000061035156,61.650001525878906,60.06999969482422,61.45000076293945,39.3555908203125,1933300
2008-01-10,61.220001220703125,62.970001220703125,60.84000015258789,62.47999954223633,40.01524353027344,1272300
2008-01-11,61.95000076293945,62.86000061035156,61.540000915527344,62.040000915527344,39.73345184326172,1213000
2008-01-14,62.22999954223633,62.400001525878906,61.65999984741211,62.09000015258789,39.76548004150391,750700
2008-01-15,61.40999984741211,61.43999862670898,60.56999969482422,60.65999984741211,38.84963607788086,1515300
2008-01-16,60.47999954223633,62.130001068115234,60.47999954223633,61.34999847412109,39.29154586791992,1421000
2008-01-17,61.27000045776367,61.40999984741211,58.970001220703125,58.970001220703125,37.767276763916016,1868000
2008-01-18,59.33000183105469,59.4900016784668,57.650001525878906,58.27000045776367,37.3189697265625,2388500
2008-01-22,54.25,59.34000015258789,50.84999847412109,58.16999816894531,37.25493621826172,5333800
2008-01-23,57.41999816894531,61.619998931884766,56.84000015258789,61.34000015258789,39.28514099121094,5786000
2008-01-24,61.43000030517578,61.93999862670898,60.77000045776367,61.540000915527344,39.413230895996094,2185100
2008-01-25,61.83000183105469,62.59000015258789,60.470001220703125,60.83000183105469,38.958526611328125,1616700
2008-01-28,60.83000183105469,62.52000045776367,60.38999938964844,62.41999816894531,39.97682571411133,2336400
2008-01-29,62.900001525878906,63.47999954223633,62.27999877929688,63.36000061035156,40.5788459777832,1596500
2008-01-30,63.16999816894531,64.72000122070312,62.90999984741211,63.040000915527344,40.37389755249024,1394900
2008-01-31,62.31999969482422,65.19999694824219,61.77000045776367,64.61000061035156,41.3794059753418,1429500
2008-02-01,64.69999694824219,65.91000366210938,64.68000030517578,65.79000091552734,42.13512802124024,1298400
2008-02-04,65.70999908447266,65.70999908447266,64.6500015258789,64.72000122070312,41.44986343383789,1352100
2008-02-05,63.68999862670898,63.84000015258789,62.52000045776367,62.61000061035156,40.09850692749024,1535200
2008-02-06,62.77000045776367,63.34000015258789,62.0099983215332,62.11000061035156,39.77828979492188,1065800
2008-02-07,61.95000076293945,63.150001525878906,61.7400016784668,62.7400016784668,40.181766510009766,993200
2008-02-08,62.5099983215332,62.81999969482422,61.380001068115234,62.11000061035156,39.77828979492188,1750300
2008-02-11,61.86000061035156,62.0099983215332,61.09999847412109,61.619998931884766,39.46446990966797,1420900
2008-02-12,62.06999969482422,62.900001525878906,61.790000915527344,62.33000183105469,39.9191780090332,922900
2008-02-13,63.0,63.04999923706055,61.97999954223633,62.54999923706055,40.06009292602539,1007400
2008-02-14,62.560001373291016,62.77000045776367,61.5,61.68999862670898,39.5093002319336,1118100
2008-02-15,61.650001525878906,62.13999938964844,61.0,62.08000183105469,39.75906753540039,1125900
2008-02-19,62.220001220703125,62.59000015258789,61.27999877929688,61.34999847412109,39.29154586791992,1399900
2008-02-20,61.15999984741211,62.27999877929688,60.720001220703125,62.02000045776367,39.72064971923828,1481100
2008-02-21,62.02999877929688,62.4900016784668,60.81999969482422,60.869998931884766,38.98412704467773,1004700
2008-02-22,61.09000015258789,61.630001068115234,60.09999847412109,61.630001068115234,39.47087860107422,1096300
2008-02-25,61.61000061035156,62.45000076293945,60.84999847412109,62.29999923706055,39.89997863769531,1381400
2008-02-26,62.20000076293945,63.02000045776367,61.91999816894531,62.59000015258789,40.08570098876953,964800
2008-02-27,62.34999847412109,63.150001525878906,62.0,62.40999984741211,39.97042846679688,751500
2008-02-28,62.02999877929688,62.18000030517578,61.0,61.119998931884766,39.14424514770508,905700
2008-02-29,60.66999816894531,60.68999862670898,58.959999084472656,59.18999862670898,37.90818786621094,764400
2008-03-03,59.08000183105469,59.20000076293945,58.31999969482422,58.869998931884766,37.7032356262207,793500
2008-03-04,58.400001525878906,59.040000915527344,57.75,58.77999877929688,37.64558792114258,938300
2008-03-05,58.900001525878906,59.4900016784668,58.13999938964844,58.720001220703125,37.60717010498047,1405700
2008-03-06,58.25,58.43000030517578,57.15999984741211,57.18000030517578,36.62086868286133,1397800
2008-03-07,56.75,58.0,56.52999877929688,57.29999923706055,36.697731018066406,1218900
2008-03-10,57.29999923706055,57.7400016784668,56.540000915527344,56.7400016784668,36.33909225463867,932900
2008-03-11,57.959999084472656,59.56999969482422,57.65999984741211,59.52999877929688,38.12591552734375,1027700
2008-03-12,59.68999862670898,60.720001220703125,58.68999862670898,58.720001220703125,37.60717010498047,498200
2008-03-13,58.040000915527344,59.369998931884766,57.16999816894531,59.02999877929688,37.80570602416992,913300
2008-03-14,59.34999847412109,59.56999969482422,57.02000045776367,57.58000183105469,36.877052307128906,1170200
2008-03-17,56.09000015258789,57.45000076293945,55.720001220703125,56.900001525878906,36.441551208496094,1479500
2008-03-18,57.630001068115234,59.09999847412109,57.38999938964844,59.040000915527344,37.812110900878906,914700
2008-03-19,59.5,60.209999084472656,58.380001068115234,58.400001525878906,37.40221786499024,844100
2008-03-20,58.5,60.5,58.5,60.45000076293945,38.71514892578125,924300
2008-03-24,60.58000183105469,61.84999847412109,60.54999923706055,61.04999923706055,39.099403381347656,991200
2008-03-25,60.52999877929688,60.72999954223633,59.79999923706055,60.459999084472656,39.15640640258789,1159700
2008-03-26,60.25,60.27000045776367,59.02999877929688,59.29999923706055,38.40513610839844,597600
2008-03-27,59.310001373291016,59.70000076293945,58.52999877929688,58.56999969482422,37.93235397338867,580200
2008-03-28,58.7400016784668,58.86000061035156,57.58000183105469,57.66999816894531,37.34948348999024,733700
2008-03-31,57.630001068115234,58.540000915527344,57.36000061035156,57.869998931884766,37.47900772094727,1077600
2008-04-01,58.31999969482422,60.540000915527344,58.15999984741211,60.540000915527344,39.20821762084961,839000
2008-04-02,60.7400016784668,61.33000183105469,60.27999877929688,60.470001220703125,39.16287612915039,822400
2008-04-03,60.31999969482422,60.77000045776367,59.88999938964844,60.47999954223633,39.16934967041016,727800
2008-04-04,60.65999984741211,60.65999984741211,59.75,59.93999862670898,38.81963348388672,782900
2008-04-07,60.65999984741211,60.9900016784668,60.06999969482422,60.25,39.0203971862793,766700
2008-04-08,59.93999862670898,60.13999938964844,59.52000045776367,59.77999877929688,38.71601486206055,418300
2008-04-09,59.970001220703125,60.0,58.790000915527344,58.869998931884766,38.12666320800781,462400
2008-04-10,58.810001373291016,59.52000045776367,58.40999984741211,58.95000076293945,38.178466796875,519400
2008-04-11,58.65999984741211,59.119998931884766,58.16999816894531,58.16999816894531,37.67329788208008,403500
2008-04-14,58.08000183105469,58.20000076293945,56.959999084472656,56.970001220703125,36.8961296081543,611900
2008-04-15,57.38999938964844,57.84999847412109,57.2599983215332,57.7599983215332,37.40777206420898,420700
2008-04-16,58.02000045776367,59.310001373291016,58.0,59.18000030517578,38.32743453979492,456300
2008-04-17,59.06999969482422,59.77000045776367,58.619998931884766,59.560001373291016,38.57353210449219,587300
2008-04-18,60.63999938964844,60.900001525878906,60.0,60.16999816894531,38.96858596801758,478400
2008-04-21,59.900001525878906,59.9900016784668,58.90999984741211,59.16999816894531,38.320945739746094,706200
2008-04-22,58.83000183105469,58.93999862670898,58.36000061035156,58.58000183105469,37.93885040283203,687700
2008-04-23,58.810001373291016,58.86000061035156,57.91999816894531,58.18000030517578,37.679779052734375,681500
2008-04-24,58.41999816894531,59.880001068115234,58.18000030517578,59.40999984741211,38.47637176513672,1189300
2008-04-25,59.810001373291016,60.27999877929688,59.11000061035156,60.09000015258789,38.91678237915039,559900
2008-04-28,60.09000015258789,60.59000015258789,59.84000015258789,60.18000030517578,38.97506713867188,408600
2008-04-29,60.150001525878906,60.27999877929688,59.66999816894531,59.790000915527344,38.72248458862305,369100
2008-04-30,59.75,60.470001220703125,59.290000915527344,59.369998931884766,38.450477600097656,549300
2008-05-01,59.36000061035156,61.40999984741211,59.36000061035156,61.15999984741211,39.6097526550293,1496800
2008-05-02,61.790000915527344,62.11000061035156,60.95000076293945,61.150001525878906,39.603275299072266,1407200
2008-05-05,61.0,61.15999984741211,60.5,60.84999847412109,39.40898132324219,408800
2008-05-06,60.33000183105469,61.18999862670898,59.93999862670898,60.970001220703125,39.48670196533203,554900
2008-05-07,61.150001525878906,61.20000076293945,59.63999938964844,59.79999923706055,38.72895431518555,442700
2008-05-08,59.90999984741211,59.97999954223633,59.18999862670898,59.56999969482422,38.58000183105469,521900
2008-05-09,59.04999923706055,59.77999877929688,59.0,59.18999862670898,38.33390426635742,295500
2008-05-12,59.22999954223633,60.22999954223633,59.22999954223633,60.22999954223633,39.0074462890625,279500
2008-05-13,60.2599983215332,60.34999847412109,59.70000076293945,59.97999954223633,38.84553527832031,372500
2008-05-14,60.20000076293945,60.59000015258789,60.0099983215332,60.11000061035156,38.929725646972656,422300
2008-05-15,60.36000061035156,60.79999923706055,59.9900016784668,60.77000045776367,39.35717010498047,497200
2008-05-16,60.77000045776367,60.900001525878906,59.84999847412109,60.20000076293945,38.98801803588867,414400
2008-05-19,60.20000076293945,60.810001373291016,60.04999923706055,60.119998931884766,38.93621063232422,313400
2008-05-20,59.90999984741211,60.040000915527344,59.36000061035156,59.619998931884766,38.61238861083984,421800
2008-05-21,59.540000915527344,59.880001068115234,58.5,58.63999938964844,37.97769165039063,583200
2008-05-22,58.58000183105469,59.470001220703125,58.58000183105469,59.150001525878906,38.30800247192383,1235600
2008-05-23,58.9900016784668,59.060001373291016,58.13999938964844,58.220001220703125,37.705692291259766,924500
2008-05-27,58.09999847412109,58.70000076293945,58.0,58.4900016784668,37.880558013916016,465700
2008-05-28,58.58000183105469,58.7599983215332,57.59999847412109,58.09000015258789,37.62148666381836,637400
2008-05-29,57.970001220703125,59.060001373291016,57.970001220703125,58.83000183105469,38.10074615478516,686800
2008-05-30,58.83000183105469,58.90999984741211,58.20000076293945,58.25,37.72512435913086,722900
2008-06-02,58.18000030517578,58.25,57.34000015258789,57.68000030517578,37.35595703125,834600
2008-06-03,57.79999923706055,57.93000030517578,56.84000015258789,57.29999923706055,37.10985565185547,855900
2008-06-04,57.15999984741211,57.88999938964844,57.04999923706055,57.29999923706055,37.10985565185547,718300
2008-06-05,57.380001068115234,58.0,57.34000015258789,57.970001220703125,37.54378128051758,502500
2008-06-06,57.5099983215332,57.59000015258789,55.93999862670898,55.970001220703125,36.24848556518555,656300
2008-06-09,56.0099983215332,56.290000915527344,55.02000045776367,55.38999938964844,35.872859954833984,771300
2008-06-10,54.900001525878906,55.91999816894531,54.84999847412109,55.59999847412109,36.00885772705078,690200
2008-06-11,55.27000045776367,55.540000915527344,53.900001525878906,54.2599983215332,35.14102935791016,570000
2008-06-12,54.209999084472656,55.150001525878906,53.83000183105469,54.18999862670898,35.09568786621094,516100
2008-06-13,54.400001525878906,54.58000183105469,53.619998931884766,54.40999984741211,35.2381706237793,537200
2008-06-16,54.02999877929688,54.93000030517578,54.02000045776367,54.619998931884766,35.37418746948242,520000
2008-06-17,54.86000061035156,54.97999954223633,53.709999084472656,53.790000915527344,34.83665084838867,410900
2008-06-18,53.400001525878906,53.400001525878906,52.56999969482422,52.77999877929688,34.18250274658203,827300
2008-06-19,52.68000030517578,52.959999084472656,52.06999969482422,52.79999923706055,34.195465087890625,929200
2008-06-20,52.2599983215332,53.09000015258789,52.04999923706055,52.31999969482422,33.88460159301758,1104100
2008-06-23,52.400001525878906,52.68999862670898,51.70000076293945,51.709999084472656,33.48954391479492,713500
2008-06-24,51.380001068115234,52.470001220703125,51.18000030517578,51.91999816894531,33.62554168701172,902500
2008-06-25,51.27000045776367,52.59000015258789,51.27000045776367,51.58000183105469,33.81632614135742,927900
2008-06-26,50.95000076293945,51.08000183105469,50.18999862670898,50.18999862670898,32.905033111572266,746900
2008-06-27,50.150001525878906,50.540000915527344,49.52999877929688,49.70000076293945,32.583797454833984,733800
2008-06-30,49.66999816894531,49.790000915527344,49.119998931884766,49.25,32.28876495361328,791500
2008-07-01,48.630001068115234,49.810001373291016,48.52999877929688,49.77999877929688,32.63623046875,1391200
2008-07-02,49.709999084472656,50.5,48.77000045776367,48.77000045776367,31.97407531738281,888300
2008-07-03,48.959999084472656,49.36000061035156,48.150001525878906,48.220001220703125,31.613489151000977,457300
2008-07-07,48.40999984741211,48.7400016784668,46.7400016784668,47.310001373291016,31.016876220703125,917000
2008-07-08,47.25,49.2400016784668,47.04999923706055,49.16999816894531,32.23630142211914,1527700
2008-07-09,49.13999938964844,49.63999938964844,47.93999862670898,47.93999862670898,31.429908752441406,675300
2008-07-10,47.84999847412109,48.5099983215332,47.5099983215332,48.02999877929688,31.48890686035156,1143100
2008-07-11,47.36000061035156,48.33000183105469,46.79999923706055,47.619998931884766,31.22010612487793,624500
2008-07-14,47.95000076293945,48.220001220703125,45.7400016784668,45.7400016784668,29.98756980895996,1066800
2008-07-15,45.13999938964844,46.2400016784668,44.119998931884766,44.93999862670898,29.46308135986328,1935700
2008-07-16,45.11000061035156,47.68000030517578,45.09999847412109,47.459999084472656,31.11520767211914,941600
2008-07-17,48.290000915527344,50.0099983215332,48.040000915527344,49.959999084472656,32.754249572753906,1621500
2008-07-18,50.22999954223633,50.540000915527344,49.459999084472656,50.15999984741211,32.88536834716797,880400
2008-07-21,50.310001373291016,50.93999862670898,50.02999877929688,50.150001525878906,32.87880325317383,767900
2008-07-22,49.54999923706055,52.13999938964844,49.0099983215332,52.02999877929688,34.11134338378906,786800
2008-07-23,52.31999969482422,53.380001068115234,51.75,52.470001220703125,34.39982223510742,1125400
2008-07-24,52.58000183105469,52.58000183105469,50.34999847412109,50.56999969482422,33.15415573120117,1358100
2008-07-25,50.61000061035156,51.04999923706055,49.72999954223633,50.040000915527344,32.80669403076172,874200
2008-07-28,49.68000030517578,50.470001220703125,49.0,49.470001220703125,32.43299102783203,587200
2008-07-29,49.470001220703125,51.209999084472656,49.27999877929688,51.16999816894531,33.54751968383789,1079900
2008-07-30,51.5,52.369998931884766,50.93999862670898,51.90999984741211,34.032676696777344,890300
2008-07-31,51.34000015258789,52.02000045776367,51.150001525878906,51.310001373291016,33.63932418823242,858400
2008-08-01,51.25,51.77999877929688,50.77000045776367,51.56999969482422,33.80978012084961,658000
2008-08-04,51.400001525878906,51.810001373291016,50.650001525878906,51.540000915527344,33.79010009765625,408800
2008-08-05,51.459999084472656,52.91999816894531,51.459999084472656,52.77000045776367,34.596492767333984,995600
2008-08-06,52.77000045776367,53.18000030517578,52.2400016784668,53.02999877929688,34.76696014404297,1032300
2008-08-07,52.52000045776367,53.0,51.34000015258789,51.58000183105469,33.81632614135742,541800
2008-08-08,51.310001373291016,53.400001525878906,51.310001373291016,53.18999862670898,34.87185287475586,650900
2008-08-11,53.0,54.900001525878906,53.0,54.43000030517578,35.684810638427734,648500
2008-08-12,54.2400016784668,54.59000015258789,52.84000015258789,53.119998931884766,34.82596969604492,698900
2008-08-13,52.77999877929688,53.20000076293945,51.619998931884766,52.150001525878906,34.190025329589844,1115600
2008-08-14,51.72999954223633,53.040000915527344,51.72999954223633,52.83000183105469,34.63584518432617,1977600
2008-08-15,53.0099983215332,53.97999954223633,52.95000076293945,53.43000030517578,35.029205322265625,596800
2008-08-18,53.56999969482422,53.56999969482422,52.34000015258789,52.459999084472656,34.39325714111328,405100
2008-08-19,52.400001525878906,52.400001525878906,51.27000045776367,51.65999984741211,33.8687858581543,603400
2008-08-20,51.619998931884766,51.84000015258789,50.75,51.68000030517578,33.88188934326172,427500
2008-08-21,51.400001525878906,51.70000076293945,50.95000076293945,51.43000030517578,33.717987060546875,277900
2008-08-22,51.84000015258789,52.52000045776367,51.59000015258789,52.52000045776367,34.43260192871094,448600
2008-08-25,52.2400016784668,52.34000015258789,51.220001220703125,51.400001525878906,33.69832992553711,308000
2008-08-26,51.27999877929688,51.77000045776367,50.959999084472656,51.5099983215332,33.77043151855469,524600
2008-08-27,51.43000030517578,52.380001068115234,51.41999816894531,52.119998931884766,34.17034912109375,282300
2008-08-28,52.33000183105469,53.4900016784668,52.290000915527344,53.43999862670898,35.0357551574707,330300
2008-08-29,53.400001525878906,53.66999816894531,53.06999969482422,53.2400016784668,34.90463638305664,289500
2008-09-02,53.34999847412109,54.75,53.34999847412109,53.83000183105469,35.29145431518555,587800
2008-09-03,53.869998931884766,54.63999938964844,53.58000183105469,54.61000061035156,35.802833557128906,820300
2008-09-04,54.18999862670898,54.380001068115234,53.04999923706055,53.130001068115234,34.832515716552734,641000
2008-09-05,52.93000030517578,54.20000076293945,52.25,54.04999923706055,35.43569564819336,591700
2008-09-08,55.33000183105469,56.9900016784668,55.130001068115234,56.400001525878906,36.976356506347656,965100
2008-09-09,56.0,56.66999816894531,54.5099983215332,54.5099983215332,35.73726272583008,1020200
2008-09-10,54.900001525878906,55.119998931884766,53.4900016784668,54.470001220703125,35.71105194091797,833100
2008-09-11,53.72999954223633,55.380001068115234,53.18000030517578,55.31999969482422,36.26830291748047,910600
2008-09-12,54.810001373291016,56.34000015258789,54.63999938964844,55.90999984741211,36.65512847900391,881700
2008-09-15,54.06999969482422,55.959999084472656,53.84999847412109,54.04999923706055,35.43569564819336,791500
2008-09-16,53.18999862670898,55.630001068115234,52.619998931884766,55.52999877929688,36.40598678588867,1253600
2008-09-17,54.63999938964844,55.220001220703125,52.869998931884766,53.5,35.07510757446289,1058300
2008-09-18,53.77000045776367,58.150001525878906,52.29999923706055,57.65999984741211,37.80242919921875,1367100
2008-09-19,62.5,64.63999938964844,53.09999847412109,61.0,39.99217224121094,1271200
2008-09-22,60.040000915527344,60.18000030517578,57.09000015258789,57.31999969482422,37.57952117919922,1071200
2008-09-23,56.959999084472656,57.81999969482422,55.84999847412109,56.0,36.71413040161133,1103600
2008-09-24,56.13999938964844,56.150001525878906,55.040000915527344,55.040000915527344,36.44527816772461,628900
2008-09-25,55.0,56.619998931884766,54.63999938964844,55.88999938964844,37.008113861083984,530400
2008-09-26,54.810001373291016,56.810001373291016,54.27999877929688,56.810001373291016,37.617313385009766,465400
2008-09-29,55.310001373291016,56.4900016784668,51.65999984741211,52.150001525878906,34.53164291381836,804300
2008-09-30,52.5,53.7400016784668,51.810001373291016,53.2400016784668,35.25340270996094,1138900
2008-10-01,53.43999862670898,55.59999847412109,53.040000915527344,55.54999923706055,36.782981872558594,964800
2008-10-02,55.41999816894531,55.41999816894531,53.66999816894531,53.66999816894531,35.53813552856445,865800
2008-10-03,54.27000045776367,55.880001068115234,52.84000015258789,52.84000015258789,34.988529205322266,1167000
2008-10-06,51.84000015258789,51.880001068115234,48.43000030517578,51.0,33.77016830444336,1545500
2008-10-07,50.68000030517578,51.0099983215332,47.5,47.5,31.45259475708008,949700
2008-10-08,46.720001220703125,48.33000183105469,45.540000915527344,45.93000030517578,30.41300201416016,1873700
2008-10-09,46.5,46.7400016784668,41.27999877929688,41.33000183105469,27.36706924438477,2165600
2008-10-10,38.400001525878906,43.869998931884766,38.34999847412109,42.65999984741211,28.24774169921875,2199300
2008-10-13,46.29999923706055,46.41999816894531,43.400001525878906,45.91999816894531,30.40637969970703,1439700
2008-10-14,48.61000061035156,50.0,45.90999984741211,47.5099983215332,31.45922470092773,1475100
2008-10-15,46.52999877929688,46.9900016784668,44.08000183105469,44.15999984741211,29.24098396301269,727200
2008-10-16,45.0099983215332,46.09000015258789,42.02999877929688,46.0,30.459360122680664,1498000
2008-10-17,45.04999923706055,47.29999923706055,44.5,45.25,29.962745666503903,997300
2008-10-20,45.650001525878906,46.88999938964844,45.08000183105469,46.77000045776367,30.969213485717773,776900
2008-10-21,46.68999862670898,47.08000183105469,45.59000015258789,45.59000015258789,30.18787002563477,912900
2008-10-22,44.93999862670898,45.11000061035156,42.400001525878906,43.47999954223633,28.79071998596192,1253200
2008-10-23,43.61000061035156,44.2400016784668,41.0099983215332,43.25,28.63841438293457,1390500
2008-10-24,40.040000915527344,42.959999084472656,40.0,41.959999084472656,27.78423118591309,1003600
2008-10-27,40.72999954223633,42.810001373291016,40.5,41.0099983215332,27.155179977416992,612200
2008-10-28,42.15999984741211,45.150001525878906,40.56999969482422,45.119998931884766,29.87665557861328,941700
2008-10-29,45.0,46.68999862670898,44.43999862670898,44.810001373291016,29.6713924407959,823400
2008-10-30,46.619998931884766,46.619998931884766,44.63999938964844,46.040000915527344,30.48583602905273,812300
2008-10-31,45.58000183105469,47.33000183105469,45.540000915527344,47.13999938964844,31.21421432495117,525900
2008-11-03,47.150001525878906,47.68999862670898,46.66999816894531,47.470001220703125,31.432727813720703,514800
2008-11-04,48.56999969482422,49.0,47.93000030517578,48.720001220703125,32.26043701171875,862800
2008-11-05,48.560001373291016,48.560001373291016,45.84000015258789,45.900001525878906,30.393142700195312,1102600
2008-11-06,46.09000015258789,46.31999969482422,43.83000183105469,43.900001525878906,29.068822860717773,952000
2008-11-07,44.0099983215332,44.880001068115234,43.70000076293945,44.790000915527344,29.65814971923828,646500
2008-11-10,45.790000915527344,45.790000915527344,43.34000015258789,43.90999984741211,29.07543563842773,582200
2008-11-11,43.220001220703125,44.2400016784668,42.650001525878906,43.380001068115234,28.724504470825195,519400
2008-11-12,42.68000030517578,42.91999816894531,40.97999954223633,41.130001068115234,27.234638214111328,700700
2008-11-13,41.11000061035156,44.209999084472656,39.54999923706055,44.18000030517578,29.254226684570312,1512500
2008-11-14,43.77999877929688,44.11000061035156,41.88999938964844,42.20000076293945,27.943153381347656,708200
2008-11-17,41.75,42.65999984741211,41.08000183105469,41.27999877929688,27.33395767211914,703600
2008-11-18,40.970001220703125,42.13999938964844,39.68999862670898,41.18000030517578,27.26774978637696,1389400
2008-11-19,41.0099983215332,41.5,38.470001220703125,38.5,25.493152618408203,660700
2008-11-20,38.0,39.08000183105469,35.560001373291016,35.880001068115234,23.75830078125,1540400
2008-11-21,36.5099983215332,37.59999847412109,34.40999984741211,37.540000915527344,24.85748672485352,2137200
2008-11-24,38.310001373291016,40.97999954223633,37.7400016784668,40.08000183105469,26.539379119873047,1430800
2008-11-25,41.25,41.36000061035156,39.459999084472656,41.119998931884766,27.22801971435547,1070900
2008-11-26,40.43000030517578,42.25,40.119998931884766,42.22999954223633,27.963022232055664,998400
2008-11-28,42.0,42.93999862670898,41.869998931884766,42.93999862670898,28.433149337768555,355300
2008-12-01,41.90999984741211,42.2400016784668,37.93999862670898,38.02999877929688,25.18194580078125,1063700
2008-12-02,38.709999084472656,39.869998931884766,38.09000015258789,39.77000045776367,26.334104537963867,848200
2008-12-03,39.209999084472656,41.20000076293945,38.84999847412109,40.97999954223633,27.13532066345215,1012500
2008-12-04,40.77000045776367,41.7599983215332,39.34999847412109,40.15999984741211,26.592342376708984,1102400
2008-12-05,39.59000015258789,41.84000015258789,38.66999816894531,41.790000915527344,27.671669006347656,930200
2008-12-08,42.72999954223633,43.25,42.060001373291016,42.880001068115234,28.39342498779297,1313700
2008-12-09,42.56999969482422,43.16999816894531,41.25,41.43000030517578,27.43328285217285,883300
2008-12-10,41.61000061035156,42.16999816894531,41.0,41.79999923706055,27.67828750610352,1648400
2008-12-11,41.4900016784668,41.83000183105469,39.65999984741211,39.97999954223633,26.47315216064453,1164900
2008-12-12,38.93000030517578,40.93999862670898,38.810001373291016,40.84999847412109,27.049236297607425,985300
2008-12-15,41.08000183105469,41.08000183105469,39.16999816894531,39.93000030517578,26.44005012512207,1298200
2008-12-16,40.40999984741211,42.18999862670898,40.18999862670898,42.09000015258789,27.87030792236328,907000
2008-12-17,41.61000061035156,42.29999923706055,41.36000061035156,41.720001220703125,27.625322341918945,873300
2008-12-18,41.68000030517578,42.20000076293945,40.630001068115234,41.18000030517578,27.26774978637696,909300
2008-12-19,41.34000015258789,42.0099983215332,40.709999084472656,40.869998931884766,27.06247901916504,1091300
2008-12-22,41.220001220703125,41.220001220703125,39.63999938964844,40.310001373291016,26.69167137145996,1040500
2008-12-23,40.16999816894531,40.31999969482422,38.93999862670898,39.20000076293945,26.319704055786133,867400
2008-12-24,39.4900016784668,39.52999877929688,39.04999923706055,39.40999984741211,26.46070098876953,618000
2008-12-26,39.5,39.880001068115234,39.310001373291016,39.77999877929688,26.709131240844727,705100
2008-12-29,39.63999938964844,39.72999954223633,38.84999847412109,39.34000015258789,26.41370010375977,1106300
2008-12-30,39.63999938964844,40.5,39.5,40.36000061035156,27.09855461120605,775100
2008-12-31,40.369998931884766,41.54999923706055,40.369998931884766,41.290000915527344,27.72298812866211,1046400
2009-01-02,41.40999984741211,42.380001068115234,41.0,42.02999877929688,28.21982383728028,589300
2009-01-05,42.18000030517578,42.18000030517578,41.33000183105469,41.63999938964844,27.95796585083008,1213000
2009-01-06,41.95000076293945,42.22999954223633,41.369998931884766,41.75,28.031822204589844,967400
2009-01-07,41.15999984741211,41.58000183105469,40.2400016784668,40.2400016784668,27.01797676086425,859600
2009-01-08,40.27000045776367,40.65999984741211,40.09000015258789,40.58000183105469,27.24626541137696,918900
2009-01-09,40.630001068115234,40.68999862670898,39.5099983215332,39.5099983215332,26.52784538269043,789600
2009-01-12,39.5,39.650001525878906,38.5,38.7599983215332,26.02427864074707,948100
2009-01-13,38.58000183105469,39.04999923706055,38.36000061035156,38.77999877929688,26.03770637512207,938800
2009-01-14,38.18999862670898,38.209999084472656,37.27000045776367,37.52000045776367,25.191709518432617,880400
2009-01-15,37.5,37.79999923706055,36.04999923706055,37.18999862670898,24.970144271850582,1002800
2009-01-16,37.77999877929688,37.93000030517578,36.41999816894531,37.34000015258789,25.070858001708984,780600
2009-01-20,36.869998931884766,37.0099983215332,34.849998474121094,34.91999816894531,23.44601821899414,901200
2009-01-21,35.439998626708984,36.29999923706055,34.650001525878906,36.20000076293945,24.305438995361328,3619400
2009-01-22,35.939998626708984,36.20000076293945,34.75,35.4900016784668,23.828723907470703,1282100
2009-01-23,34.63999938964844,35.84000015258789,34.43000030517578,35.61000061035156,23.9092960357666,914400
2009-01-26,35.63999938964844,36.43999862670898,35.27000045776367,35.529998779296875,23.855581283569336,975900
2009-01-27,35.7599983215332,36.31999969482422,35.4900016784668,36.13999938964844,24.26515007019043,492400
2009-01-28,37.09000015258789,37.7400016784668,37.0,37.7400016784668,25.33942604064941,654900
2009-01-29,36.970001220703125,37.060001373291016,36.0,36.119998931884766,24.251724243164062,756600
2009-01-30,36.18000030517578,36.2400016784668,34.619998931884766,34.81999969482422,23.378881454467773,888300
2009-02-02,34.470001220703125,34.9900016784668,34.20000076293945,34.7400016784668,23.32516288757324,785700
2009-02-03,34.88999938964844,35.060001373291016,34.34000015258789,34.779998779296875,23.352022171020508,2749000
2009-02-04,34.849998474121094,35.2599983215332,34.25,34.43000030517578,23.117019653320312,995900
2009-02-05,34.18000030517578,35.150001525878906,33.84000015258789,34.779998779296875,23.352022171020508,1484100
2009-02-06,34.720001220703125,36.06999969482422,34.720001220703125,35.880001068115234,24.09058380126953,823900
2009-02-09,35.880001068115234,36.09000015258789,35.470001220703125,35.720001220703125,23.983154296875,602300
2009-02-10,35.5099983215332,35.75,33.84000015258789,33.9900016784668,22.82159996032715,912400
2009-02-11,34.189998626708984,34.599998474121094,33.880001068115234,34.33000183105469,23.04989051818848,695300
2009-02-12,34.11000061035156,34.25,33.029998779296875,34.15999984741211,22.93574333190918,1440000
2009-02-13,34.25,34.290000915527344,33.540000915527344,33.58000183105469,22.54631805419922,659200
2009-02-17,32.560001373291016,32.63999938964844,32.0,32.0,21.485471725463867,782800
2009-02-18,32.27000045776367,32.27000045776367,31.3700008392334,31.600000381469727,21.21690559387207,821700
2009-02-19,31.729999542236328,31.989999771118164,30.940000534057617,31.0,20.814054489135746,986000
2009-02-20,30.479999542236328,30.84000015258789,29.64999961853028,30.489999771118164,20.47162437438965,1736800
2009-02-23,30.670000076293945,30.8700008392334,29.440000534057617,29.600000381469727,19.874061584472656,1267200
2009-02-24,29.76000022888184,30.799999237060547,29.350000381469727,30.68000030517578,20.599199295043945,3847500
2009-02-25,30.479999542236328,31.09000015258789,29.850000381469727,30.43000030517578,20.43134117126465,988400
2009-02-26,30.739999771118164,31.209999084472656,30.049999237060547,30.11000061035156,20.216482162475582,3761600
2009-02-27,29.46999931335449,30.31999969482422,29.38999938964844,29.63999938964844,19.90091896057129,1167800
2009-03-02,29.15999984741211,29.18000030517578,28.200000762939453,28.21999931335449,18.94749641418457,1562400
2009-03-03,28.38999938964844,28.64999961853028,27.39999961853028,27.549999237060547,18.49765014648437,1363400
2009-03-04,27.690000534057617,28.459999084472656,27.3799991607666,27.979999542236328,18.786359786987305,859300
2009-03-05,27.40999984741211,27.520000457763672,26.200000762939453,26.420000076293945,17.73893928527832,1349100
2009-03-06,26.520000457763672,27.190000534057617,25.920000076293945,26.61000061035156,17.866514205932617,1593700
2009-03-09,26.1299991607666,26.920000076293945,26.1299991607666,26.270000457763672,17.63823127746582,1709500
2009-03-10,26.3700008392334,27.979999542236328,26.3700008392334,27.90999984741211,18.739356994628903,1214600
2009-03-11,28.040000915527344,28.46999931335449,27.690000534057617,27.959999084472656,18.77292823791504,901400
2009-03-12,28.030000686645508,29.25,27.59000015258789,29.1299991607666,19.55849266052246,1176700
2009-03-13,29.3799991607666,29.549999237060547,28.950000762939453,29.39999961853028,19.739784240722656,1056900
2009-03-16,29.780000686645508,30.459999084472656,29.530000686645508,29.57999992370605,19.860631942749023,1252500
2009-03-17,29.57999992370605,30.5,29.38999938964844,30.459999084472656,20.45148277282715,884400
2009-03-18,30.290000915527344,31.780000686645508,29.96999931335449,31.440000534057617,21.109474182128903,1353400
2009-03-19,31.739999771118164,31.84000015258789,31.1299991607666,31.25,20.98190689086914,1488200
2009-03-20,31.270000457763672,31.6299991607666,30.690000534057617,30.75,20.64619255065918,1299700
2009-03-23,31.309999465942383,32.849998474121094,31.270000457763672,32.72999954223633,21.975601196289062,1121200
2009-03-24,32.59000015258789,32.7400016784668,32.040000915527344,32.040000915527344,21.512327194213867,1217400
2009-03-25,32.0,32.560001373291016,31.030000686645508,32.040000915527344,21.81048583984375,1902300
2009-03-26,32.31999969482422,32.790000915527344,31.920000076293945,32.790000915527344,22.32103157043457,1539700
2009-03-27,32.380001068115234,32.52000045776367,32.02000045776367,32.08000183105469,21.83771705627441,551000
2009-03-30,31.59000015258789,31.59000015258789,30.559999465942383,30.989999771118164,21.09572029113769,844000
2009-03-31,31.280000686645508,31.950000762939453,31.040000915527344,31.309999465942383,21.31355857849121,909100
2009-04-01,31.350000381469727,32.13999938964844,30.86000061035156,32.02000045776367,21.7968692779541,599500
2009-04-02,32.77000045776367,33.43000030517578,32.54999923706055,33.0099983215332,22.47078895568848,1046100
2009-04-03,33.0,33.40999984741211,32.720001220703125,33.40999984741211,22.743087768554688,647800
2009-04-06,33.06999969482422,33.25,32.59000015258789,32.9900016784668,22.457181930541992,539000
2009-04-07,32.5,32.810001373291016,32.22999954223633,32.22999954223633,21.9398193359375,517600
2009-04-08,32.290000915527344,32.720001220703125,32.150001525878906,32.619998931884766,22.205307006835938,459400
2009-04-09,33.22999954223633,33.91999816894531,33.13999938964844,33.900001525878906,23.076629638671875,616700
2009-04-13,33.77000045776367,34.18000030517578,33.2400016784668,33.90999984741211,23.08344268798828,663200
2009-04-14,33.72999954223633,33.72999954223633,32.900001525878906,32.959999084472656,22.43675994873047,844800
2009-04-15,32.810001373291016,33.63999938964844,32.720001220703125,33.59000015258789,22.86561393737793,560800
2009-04-16,33.65999984741211,34.400001525878906,33.290000915527344,34.150001525878906,23.24682235717773,703700
2009-04-17,34.220001220703125,34.7400016784668,34.0,34.52000045776367,23.49869155883789,642900
2009-04-20,34.02000045776367,34.279998779296875,32.93000030517578,32.93000030517578,22.416332244873047,600400
2009-04-21,32.58000183105469,33.83000183105469,32.58000183105469,33.7400016784668,22.96771812438965,1472100
2009-04-22,33.4900016784668,34.369998931884766,33.310001373291016,33.66999816894531,22.920066833496094,753200
2009-04-23,33.77000045776367,33.79999923706055,33.20000076293945,33.689998626708984,22.93368148803711,549500
2009-04-24,33.7599983215332,34.70000076293945,33.7599983215332,34.45000076293945,23.451038360595703,708500
2009-04-27,33.810001373291016,34.70000076293945,33.810001373291016,34.20000076293945,23.280855178833008,488900
2009-04-28,33.939998626708984,34.56999969482422,33.81999969482422,34.060001373291016,23.1855525970459,572700
2009-04-29,34.45000076293945,35.2599983215332,34.380001068115234,34.97999954223633,23.81182289123535,470100
2009-04-30,35.380001068115234,35.619998931884766,34.83000183105469,34.90999984741211,23.7641658782959,782200
2009-05-01,34.880001068115234,35.2599983215332,34.709999084472656,35.09000015258789,23.886701583862305,462800
2009-05-04,35.33000183105469,36.38999938964844,35.290000915527344,36.33000183105469,24.73080062866211,945500
2009-05-05,36.16999816894531,36.34999847412109,35.90999984741211,36.11000061035156,24.581043243408203,514000
2009-05-06,36.290000915527344,36.560001373291016,35.970001220703125,36.43000030517578,24.798877716064453,785700
2009-05-07,36.720001220703125,36.91999816894531,35.880001068115234,36.09999847412109,24.57423591613769,564500
2009-05-08,36.31999969482422,37.150001525878906,36.25,37.04999923706055,25.22092628479004,1126100
2009-05-11,36.75,36.88999938964844,36.209999084472656,36.2400016784668,24.669544219970703,570900
2009-05-12,36.130001068115234,36.65999984741211,35.63999938964844,36.09000015258789,24.56743812561035,655200
2009-05-13,35.5099983215332,35.599998474121094,34.88999938964844,34.939998626708984,23.78459548950196,550400
2009-05-14,35.0099983215332,35.47999954223633,34.849998474121094,35.209999084472656,23.96839141845703,598200
2009-05-15,35.0099983215332,35.22999954223633,34.5099983215332,34.709999084472656,23.62802696228028,501200
2009-05-18,34.97999954223633,35.77000045776367,34.97999954223633,35.689998626708984,24.295135498046875,648400
2009-05-19,35.630001068115234,36.0,35.54999923706055,35.63999938964844,24.261096954345703,680900
2009-05-20,35.91999816894531,36.310001373291016,35.2599983215332,35.310001373291016,24.03645896911621,690800
2009-05-21,34.939998626708984,35.029998779296875,34.34000015258789,34.65999984741211,23.5939884185791,598300
2009-05-22,34.77000045776367,35.040000915527344,34.52000045776367,34.709999084472656,23.62802696228028,375800
2009-05-26,34.470001220703125,35.779998779296875,34.470001220703125,35.720001220703125,24.31555557250977,667300
2009-05-27,35.75,35.7599983215332,34.86000061035156,34.86000061035156,23.73014259338379,633900
2009-05-28,35.09000015258789,35.43000030517578,34.650001525878906,35.31999969482422,24.043270111083984,582100
2009-05-29,35.40999984741211,35.880001068115234,35.20000076293945,35.810001373291016,24.376827239990234,346400
2009-06-01,36.220001220703125,37.0099983215332,36.11000061035156,36.900001525878906,25.118816375732425,934800
2009-06-02,36.93999862670898,37.16999816894531,36.83000183105469,37.02999877929688,25.207311630249023,593900
2009-06-03,36.84999847412109,36.84999847412109,36.220001220703125,36.56999969482422,24.894174575805664,422600
2009-06-04,36.650001525878906,36.9900016784668,36.380001068115234,36.9900016784668,25.18008613586425,431500
2009-06-05,37.18999862670898,37.369998931884766,36.59999847412109,36.7599983215332,25.023521423339844,726000
2009-06-08,36.68000030517578,36.97999954223633,36.2599983215332,36.70000076293945,24.982669830322266,383800
2009-06-09,36.72999954223633,36.869998931884766,36.470001220703125,36.65999984741211,24.95544815063477,284200
2009-06-10,36.91999816894531,37.02999877929688,36.13999938964844,36.59999847412109,24.91460418701172,430400
2009-06-11,36.84000015258789,37.43000030517578,36.77000045776367,37.0,25.186887741088867,702900
2009-06-12,36.90999984741211,37.119998931884766,36.540000915527344,37.040000915527344,25.21411895751953,323000
2009-06-15,36.790000915527344,36.790000915527344,35.95000076293945,36.209999084472656,24.64911651611328,799400
2009-06-16,36.290000915527344,36.36000061035156,35.61000061035156,35.7400016784668,24.329177856445312,329600
2009-06-17,35.599998474121094,35.880001068115234,35.349998474121094,35.599998474121094,24.23386573791504,889500
2009-06-18,35.599998474121094,36.02000045776367,35.43000030517578,35.84000015258789,24.3972396850586,314700
2009-06-19,36.09999847412109,36.15999984741211,35.650001525878906,35.689998626708984,24.295135498046875,305600
2009-06-22,35.47999954223633,35.56999969482422,34.959999084472656,35.0099983215332,23.832237243652344,592000
2009-06-23,35.0099983215332,35.130001068115234,34.63999938964844,34.75,23.655256271362305,429900
2009-06-24,34.52000045776367,34.869998931884766,34.36000061035156,34.52000045776367,23.7702579498291,340300
2009-06-25,34.5,35.400001525878906,34.41999816894531,35.369998931884766,24.355562210083008,374300
2009-06-26,35.310001373291016,35.4900016784668,35.029998779296875,35.33000183105469,24.32801055908203,225400
2009-06-29,35.45000076293945,35.790000915527344,35.13999938964844,35.75,24.617223739624023,232600
2009-06-30,35.81999969482422,35.81999969482422,35.06999969482422,35.36000061035156,24.34867477416992,284500
2009-07-01,35.630001068115234,36.04999923706055,35.470001220703125,35.90999984741211,24.72739601135254,595600
2009-07-02,35.5,35.5,34.7400016784668,34.84000015258789,23.990598678588867,283400
2009-07-06,34.70000076293945,34.939998626708984,34.38999938964844,34.900001525878906,24.03191566467285,347200
2009-07-07,34.81999969482422,34.88999938964844,34.150001525878906,34.16999816894531,23.529239654541016,362100
2009-07-08,34.31999969482422,34.5099983215332,33.7599983215332,34.119998931884766,23.494815826416016,433700
2009-07-09,34.22999954223633,34.38999938964844,33.959999084472656,34.15999984741211,23.52235412597656,335400
2009-07-10,34.040000915527344,34.209999084472656,33.630001068115234,34.09000015258789,23.47415542602539,208200
2009-07-13,34.25,34.91999816894531,33.970001220703125,34.90999984741211,24.03879737854004,262900
2009-07-14,34.959999084472656,35.11000061035156,34.630001068115234,35.08000183105469,24.15586280822754,401300
2009-07-15,35.369998931884766,36.150001525878906,35.29999923706055,36.06999969482422,24.837575912475582,264800
2009-07-16,36.06999969482422,36.630001068115234,35.9900016784668,36.43999862670898,25.09234619140625,723700
2009-07-17,36.34999847412109,36.4900016784668,36.18000030517578,36.33000183105469,25.0166015625,329700
2009-07-20,36.5099983215332,36.83000183105469,36.369998931884766,36.790000915527344,25.333356857299805,290200
2009-07-21,37.0,37.15999984741211,36.470001220703125,36.880001068115234,25.39533424377441,436600
2009-07-22,36.810001373291016,37.209999084472656,36.75,37.040000915527344,25.505504608154297,374400
2009-07-23,37.11000061035156,38.27000045776367,36.9900016784668,38.13999938964844,26.262969970703125,792200
2009-07-24,38.11000061035156,38.45000076293945,37.93999862670898,38.45000076293945,26.47641944885254,316100
2009-07-27,38.38999938964844,38.68999862670898,38.29999923706055,38.68999862670898,26.641677856445312,336300
2009-07-28,38.5099983215332,38.7400016784668,38.27000045776367,38.650001525878906,26.61414337158203,331400
2009-07-29,38.45000076293945,38.61000061035156,38.119998931884766,38.400001525878906,26.44199562072754,239600
2009-07-30,38.709999084472656,39.18000030517578,38.650001525878906,38.77999877929688,26.703657150268555,417200
2009-07-31,38.86000061035156,39.02000045776367,38.63999938964844,38.77999877929688,26.703657150268555,284600
2009-08-03,39.02000045776367,39.310001373291016,38.77999877929688,39.27000045776367,27.04106330871582,442000
2009-08-04,39.18000030517578,39.540000915527344,39.040000915527344,39.47999954223633,27.18567657470703,317100
2009-08-05,39.5,39.61000061035156,38.97999954223633,39.27999877929688,27.047956466674805,324800
2009-08-06,39.33000183105469,39.40999984741211,38.93999862670898,39.09000015258789,26.917125701904297,284700
2009-08-07,39.380001068115234,40.040000915527344,39.2400016784668,39.75,27.371597290039062,347100
2009-08-10,39.650001525878906,39.7400016784668,39.34999847412109,39.650001525878906,27.302738189697266,1638400
2009-08-11,39.5,39.58000183105469,39.09999847412109,39.27000045776367,27.04106330871582,319600
2009-08-12,39.2400016784668,40.04999923706055,39.2400016784668,39.72999954223633,27.35781478881836,476200
2009-08-13,39.84000015258789,39.959999084472656,39.52999877929688,39.959999084472656,27.51619529724121,336400
2009-08-14,39.95000076293945,40.0099983215332,39.25,39.630001068115234,27.288965225219727,310700
2009-08-17,39.22999954223633,39.22999954223633,38.709999084472656,38.83000183105469,26.73809242248535,425500
2009-08-18,38.869998931884766,39.16999816894531,38.7400016784668,39.060001373291016,26.89645767211914,253800
2009-08-19,38.70000076293945,39.4900016784668,38.70000076293945,39.38999938964844,27.12369728088379,239000
2009-08-20,39.41999816894531,39.650001525878906,39.34000015258789,39.59999847412109,27.26830673217773,252500
2009-08-21,39.720001220703125,40.560001373291016,39.720001220703125,40.52999877929688,27.908700942993164,334500
2009-08-24,40.5,40.79999923706055,40.27999877929688,40.40999984741211,27.826066970825195,324500
2009-08-25,40.5099983215332,40.95000076293945,40.5099983215332,40.560001373291016,27.929351806640625,304900
2009-08-26,40.560001373291016,40.75,40.290000915527344,40.540000915527344,27.915584564208984,352600
2009-08-27,40.540000915527344,40.66999816894531,40.02999877929688,40.560001373291016,27.929351806640625,229300
2009-08-28,40.75,40.79999923706055,40.18000030517578,40.470001220703125,27.86738967895508,295900
2009-08-31,40.08000183105469,40.2400016784668,39.869998931884766,40.060001373291016,27.58505630493164,582500
2009-09-01,39.84999847412109,40.36000061035156,39.220001220703125,39.29999923706055,27.06172752380371,1116400
2009-09-02,39.130001068115234,39.290000915527344,38.93000030517578,39.060001373291016,26.89645767211914,312900
2009-09-03,39.209999084472656,39.31999969482422,38.81999969482422,39.25,27.027299880981445,219400
2009-09-04,39.33000183105469,39.66999816894531,39.09999847412109,39.650001525878906,27.302738189697266,229500
2009-09-08,39.93000030517578,40.04999923706055,39.720001220703125,40.02000045776367,27.557512283325195,247200
2009-09-09,40.02999877929688,40.459999084472656,39.93000030517578,40.33000183105469,27.770978927612305,272100
2009-09-10,40.36000061035156,40.61000061035156,40.060001373291016,40.61000061035156,27.963787078857425,207800
2009-09-11,40.61000061035156,40.81999969482422,40.4900016784668,40.68999862670898,28.01888084411621,475300
2009-09-14,40.54999923706055,41.119998931884766,40.41999816894531,41.08000183105469,28.28742408752441,393000
2009-09-15,41.08000183105469,41.52000045776367,40.959999084472656,41.43000030517578,28.52843475341797,530000
2009-09-16,41.47999954223633,42.25,41.459999084472656,42.2400016784668,29.08618927001953,398400
2009-09-17,42.290000915527344,42.5,42.0,42.130001068115234,29.01044464111328,283000
2009-09-18,42.18000030517578,42.34999847412109,42.02999877929688,42.2400016784668,29.08618927001953,505500
2009-09-21,41.93999862670898,42.09999847412109,41.68999862670898,41.9900016784668,28.914043426513672,436300
2009-09-22,41.88999938964844,41.93999862670898,41.52999877929688,41.68000030517578,28.973133087158203,365300
2009-09-23,41.720001220703125,42.060001373291016,41.34999847412109,41.38999938964844,28.77154541015625,288000
2009-09-24,41.45000076293945,41.58000183105469,40.83000183105469,40.970001220703125,28.479591369628903,545000
2009-09-25,40.91999816894531,41.09000015258789,40.70000076293945,40.83000183105469,28.38226127624512,256100
2009-09-28,40.90999984741211,41.650001525878906,40.900001525878906,41.52999877929688,28.868865966796875,375100
2009-09-29,41.560001373291016,41.869998931884766,41.5099983215332,41.66999816894531,28.966176986694336,362900
2009-09-30,41.68999862670898,41.720001220703125,41.060001373291016,41.27000045776367,28.68811798095703,580000
2009-10-01,41.13999938964844,41.22999954223633,40.369998931884766,40.380001068115234,28.0694580078125,386100
2009-10-02,40.119998931884766,40.290000915527344,39.95000076293945,40.119998931884766,27.888729095458984,383100
2009-10-05,40.18000030517578,40.7400016784668,40.09999847412109,40.68000030517578,28.27799797058105,257900
2009-10-06,40.900001525878906,41.36000061035156,40.900001525878906,41.150001525878906,28.60470962524414,263200
2009-10-07,41.04999923706055,41.18999862670898,40.90999984741211,41.09999847412109,28.569948196411133,254900
2009-10-08,41.34999847412109,41.650001525878906,41.25,41.4900016784668,28.841049194335938,303600
2009-10-09,41.54999923706055,41.84000015258789,41.5099983215332,41.84000015258789,29.0843563079834,307000
2009-10-12,42.0099983215332,42.18999862670898,41.880001068115234,42.0,29.195571899414062,191800
2009-10-13,41.93000030517578,41.95000076293945,41.63999938964844,41.880001068115234,29.11216163635254,543700
2009-10-14,42.31999969482422,42.459999084472656,42.0099983215332,42.43000030517578,29.49448013305664,768000
2009-10-15,42.290000915527344,43.29999923706055,42.20000076293945,42.720001220703125,29.6960678100586,1109200
2009-10-16,42.36000061035156,42.68000030517578,42.220001220703125,42.540000915527344,29.570945739746094,421200
2009-10-19,42.58000183105469,43.130001068115234,42.4900016784668,43.02000045776367,29.90460586547852,442600
2009-10-20,43.130001068115234,43.130001068115234,42.2599983215332,42.77999877929688,29.73778343200684,453800
2009-10-21,42.77000045776367,43.18000030517578,42.31999969482422,42.33000183105469,29.42496490478516,309000
2009-10-22,42.310001373291016,42.970001220703125,42.09000015258789,42.88999938964844,29.814247131347656,386500
2009-10-23,42.900001525878906,42.97999954223633,42.13999938964844,42.27000045776367,29.38325881958008,268200
2009-10-26,42.15999984741211,42.7400016784668,41.709999084472656,41.77000045776367,29.035694122314453,425100
2009-10-27,41.79999923706055,42.43999862670898,41.619998931884766,41.75,29.021787643432617,320900
2009-10-28,41.709999084472656,41.86000061035156,40.9900016784668,41.040000915527344,28.52823829650879,461900
2009-10-29,41.22999954223633,41.7599983215332,41.119998931884766,41.68000030517578,28.973133087158203,656100
2009-10-30,41.540000915527344,41.63999938964844,40.61000061035156,40.70000076293945,28.29189682006836,849000
2009-11-02,40.7599983215332,41.27000045776367,40.36000061035156,40.86000061035156,28.40312767028809,910400
2009-11-03,40.68000030517578,41.11000061035156,40.560001373291016,41.02000045776367,28.51434135437012,360000
2009-11-04,41.29999923706055,41.56999969482422,40.93000030517578,40.95000076293945,28.465696334838867,344300
2009-11-05,41.22999954223633,41.84000015258789,41.20000076293945,41.81999969482422,29.070459365844727,294000
2009-11-06,41.59999847412109,42.0,41.459999084472656,41.77000045776367,29.035694122314453,410900
2009-11-09,41.900001525878906,42.650001525878906,41.900001525878906,42.650001525878906,29.64741325378418,304300
2009-11-10,42.59000015258789,42.79999923706055,42.470001220703125,42.66999816894531,29.661312103271484,332200
2009-11-11,42.81999969482422,43.18000030517578,42.68000030517578,42.880001068115234,29.80728912353516,541300
2009-11-12,42.83000183105469,43.13999938964844,42.380001068115234,42.41999816894531,29.487533569335938,541200
2009-11-13,42.5,42.869998931884766,42.27000045776367,42.68999862670898,29.675212860107425,412600
2009-11-16,42.81999969482422,43.5099983215332,42.81999969482422,43.36000061035156,30.14096641540528,417800
2009-11-17,43.18999862670898,43.43000030517578,43.130001068115234,43.369998931884766,30.14790916442871,366400
2009-11-18,43.34000015258789,43.43999862670898,43.09999847412109,43.27000045776367,30.078399658203125,303100
2009-11-19,43.0099983215332,43.09999847412109,42.43000030517578,42.650001525878906,29.64741325378418,367700
2009-11-20,42.43000030517578,42.68999862670898,42.38999938964844,42.66999816894531,29.661312103271484,470600
2009-11-23,43.0,43.59999847412109,42.86000061035156,43.18000030517578,30.015830993652344,490600
2009-11-24,43.20000076293945,43.34000015258789,42.90999984741211,43.2599983215332,30.07143783569336,430300
2009-11-25,43.380001068115234,43.61000061035156,43.2599983215332,43.54999923706055,30.273033142089844,383800
2009-11-27,42.93999862670898,43.16999816894531,42.45000076293945,42.77000045776367,29.730825424194336,274300
2009-11-30,42.709999084472656,42.90999984741211,42.459999084472656,42.880001068115234,29.80728912353516,457700
2009-12-01,43.16999816894531,43.52000045776367,43.16999816894531,43.40999984741211,30.175710678100582,416100
2009-12-02,43.400001525878906,43.90999984741211,43.400001525878906,43.7400016784668,30.40509986877441,256800
2009-12-03,43.790000915527344,44.06999969482422,43.459999084472656,43.5099983215332,30.245229721069336,379600
2009-12-04,43.869998931884766,44.310001373291016,43.4900016784668,43.90999984741211,30.523271560668945,513300
2009-12-07,43.90999984741211,44.27000045776367,43.560001373291016,44.040000915527344,30.613643646240234,534800
2009-12-08,43.79999923706055,43.95000076293945,43.38999938964844,43.650001525878906,30.34254646301269,469800
2009-12-09,43.52999877929688,43.7400016784668,43.31999969482422,43.68000030517578,30.363391876220703,559300
2009-12-10,43.72999954223633,44.150001525878906,43.72999954223633,43.93000030517578,30.537187576293945,441400
2009-12-11,44.13999938964844,44.369998931884766,43.97999954223633,44.31999969482422,30.80827522277832,522500
2009-12-14,44.52999877929688,44.720001220703125,44.380001068115234,44.65999984741211,31.04462432861328,684200
2009-12-15,44.54999923706055,44.61000061035156,44.380001068115234,44.470001220703125,30.912548065185547,378200
2009-12-16,44.52999877929688,44.75,44.400001525878906,44.56999969482422,30.982067108154297,548400
2009-12-17,44.2599983215332,44.40999984741211,43.93000030517578,44.04999923706055,30.62059211730957,464000
2009-12-18,44.16999816894531,44.310001373291016,43.75,44.060001373291016,30.627553939819336,1286700
2009-12-21,44.220001220703125,44.56999969482422,44.20000076293945,44.43999862670898,30.891700744628903,1965500
2009-12-22,44.43999862670898,44.619998931884766,44.41999816894531,44.54999923706055,30.968149185180664,553100
2009-12-23,44.25,44.27999877929688,44.040000915527344,44.22999954223633,31.04607582092285,638600
2009-12-24,44.2400016784668,44.47999954223633,44.2400016784668,44.43000030517578,31.186466217041016,307200
2009-12-28,44.52999877929688,44.59999847412109,44.31999969482422,44.459999084472656,31.207508087158203,642000
2009-12-29,44.5099983215332,44.68000030517578,44.5099983215332,44.59000015258789,31.29877281188965,587800
2009-12-30,44.52999877929688,44.630001068115234,44.380001068115234,44.5,31.235595703125,439600
2009-12-31,44.5,44.59999847412109,43.90999984741211,43.90999984741211,30.821468353271484,389300
2010-01-04,44.209999084472656,44.560001373291016,44.130001068115234,44.470001220703125,31.214542388916016,446200
2010-01-05,44.52000045776367,44.560001373291016,44.09000015258789,44.27999877929688,31.081172943115234,452800
2010-01-06,44.20000076293945,44.369998931884766,44.18000030517578,44.34000015258789,31.12329292297364,427100
2010-01-07,44.2599983215332,44.45000076293945,44.04999923706055,44.38999938964844,31.158382415771484,378700
2010-01-08,44.310001373291016,44.459999084472656,44.13999938964844,44.459999084472656,31.207508087158203,344400
2010-01-11,44.59999847412109,44.70000076293945,44.45000076293945,44.619998931884766,31.3198356628418,418800
2010-01-12,44.459999084472656,44.59999847412109,44.29999923706055,44.5099983215332,31.24260902404785,489800
2010-01-13,44.58000183105469,44.91999816894531,44.52000045776367,44.84000015258789,31.4742488861084,1304200
2010-01-14,44.79999923706055,45.0,44.630001068115234,44.95000076293945,31.551475524902344,1916300
2010-01-15,44.880001068115234,44.95000076293945,44.27000045776367,44.58000183105469,31.291757583618164,772400
2010-01-19,44.54999923706055,45.08000183105469,44.5099983215332,45.06999969482422,31.63569068908692,675100
2010-01-20,44.79999923706055,44.86000061035156,44.25,44.66999816894531,31.35491943359375,589900
2010-01-21,44.59999847412109,44.83000183105469,43.93000030517578,44.0099983215332,30.891664505004883,815100
2010-01-22,43.84999847412109,43.97999954223633,43.220001220703125,43.27999877929688,30.37924766540528,533100
2010-01-25,43.45000076293945,43.630001068115234,43.25,43.43999862670898,30.49155044555664,405900
2010-01-26,43.2400016784668,43.59999847412109,43.130001068115234,43.290000915527344,30.38627243041992,582100
2010-01-27,43.209999084472656,43.380001068115234,42.65999984741211,43.310001373291016,30.40030670166016,1061600
2010-01-28,43.400001525878906,43.4900016784668,42.79999923706055,43.09000015258789,30.245887756347656,409800
2010-01-29,43.09999847412109,43.380001068115234,42.66999816894531,42.70000076293945,29.97212600708008,503000
2010-02-01,42.88999938964844,43.209999084472656,42.79999923706055,43.209999084472656,30.33011245727539,360500
2010-02-02,43.27999877929688,43.68000030517578,43.02999877929688,43.59000015258789,30.59684944152832,426700
2010-02-03,43.5099983215332,43.52999877929688,43.18999862670898,43.34999847412109,30.428386688232425,315800
2010-02-04,43.08000183105469,43.119998931884766,42.27999877929688,42.34000015258789,29.71943664550781,563800
2010-02-05,42.209999084472656,42.40999984741211,41.63999938964844,42.34999847412109,29.726451873779297,779500
2010-02-08,42.34000015258789,42.52999877929688,42.02000045776367,42.04999923706055,29.5158805847168,359400
2010-02-09,42.27999877929688,42.84000015258789,42.16999816894531,42.560001373291016,29.87385940551757,722300
2010-02-10,42.52999877929688,42.56999969482422,42.08000183105469,42.43000030517578,29.782615661621094,257600
2010-02-11,42.33000183105469,42.869998931884766,42.08000183105469,42.84000015258789,30.07039833068848,336700
2010-02-12,42.540000915527344,42.869998931884766,42.34000015258789,42.869998931884766,30.09146308898925,361100
2010-02-16,43.060001373291016,43.63999938964844,43.060001373291016,43.59000015258789,30.59684944152832,336000
2010-02-17,43.79999923706055,43.88999938964844,43.59999847412109,43.79999923706055,30.74425506591797,360000
2010-02-18,43.81999969482422,44.27999877929688,43.81999969482422,44.25,31.06011009216309,433900
2010-02-19,44.150001525878906,44.59000015258789,44.119998931884766,44.47999954223633,31.22154998779297,549500
2010-02-22,44.70000076293945,44.709999084472656,44.459999084472656,44.52999877929688,31.25665664672852,368900
2010-02-23,44.45000076293945,44.560001373291016,44.06999969482422,44.119998931884766,30.9688663482666,343900
2010-02-24,44.209999084472656,44.40999984741211,44.02000045776367,44.369998931884766,31.14434814453125,304100
2010-02-25,43.83000183105469,44.27999877929688,43.68000030517578,44.2599983215332,31.0671329498291,425700
2010-02-26,44.25,44.25,43.88999938964844,44.0,30.884641647338867,275700
2010-03-01,44.150001525878906,44.54999923706055,44.09000015258789,44.52999877929688,31.25665664672852,243700
2010-03-02,44.650001525878906,44.880001068115234,44.619998931884766,44.72999954223633,31.39703750610352,644800
2010-03-03,44.790000915527344,45.040000915527344,44.65999984741211,44.75,31.411075592041016,366600
2010-03-04,44.83000183105469,44.88999938964844,44.61000061035156,44.83000183105469,31.46722984313965,291600
2010-03-05,45.040000915527344,45.36000061035156,44.93000030517578,45.36000061035156,31.83926773071289,430900
2010-03-08,45.400001525878906,45.459999084472656,45.290000915527344,45.369998931884766,31.84627151489257,503000
2010-03-09,45.209999084472656,45.45000076293945,45.209999084472656,45.34999847412109,31.83222007751465,499600
2010-03-10,45.33000183105469,45.52999877929688,45.22999954223633,45.52000045776367,31.951549530029297,474100
2010-03-11,45.4900016784668,45.709999084472656,45.220001220703125,45.709999084472656,32.084930419921875,491100
2010-03-12,45.84000015258789,45.88999938964844,45.560001373291016,45.720001220703125,32.09193420410156,330900
2010-03-15,45.68000030517578,45.88999938964844,45.59999847412109,45.84999847412109,32.183189392089844,275200
2010-03-16,45.95000076293945,46.209999084472656,45.79999923706055,46.16999816894531,32.40780258178711,547000
2010-03-17,46.310001373291016,46.540000915527344,46.220001220703125,46.459999084472656,32.61137008666992,445100
2010-03-18,46.5099983215332,46.54999923706055,46.33000183105469,46.40999984741211,32.576263427734375,346900
2010-03-19,46.2400016784668,46.59999847412109,46.02000045776367,46.2400016784668,32.456939697265625,247600
2010-03-22,45.9900016784668,46.47999954223633,45.52000045776367,46.47999954223633,32.62540435791016,433600
2010-03-23,46.43000030517578,46.810001373291016,46.380001068115234,46.810001373291016,32.85704040527344,427500
2010-03-24,46.61000061035156,46.65999984741211,46.369998931884766,46.41999816894531,32.58329391479492,412400
2010-03-25,46.22999954223633,46.310001373291016,45.77000045776367,45.810001373291016,32.448699951171875,496100
2010-03-26,45.869998931884766,46.060001373291016,45.68999862670898,45.84000015258789,32.46995544433594,335900
2010-03-29,46.0099983215332,46.220001220703125,45.95000076293945,46.15999984741211,32.696617126464844,247600
2010-03-30,46.22999954223633,46.369998931884766,46.06999969482422,46.220001220703125,32.73912048339844,300200
2010-03-31,46.119998931884766,46.290000915527344,45.93999862670898,46.02000045776367,32.59744644165039,356800
2010-04-01,46.09999847412109,46.5099983215332,46.09999847412109,46.459999084472656,32.90911865234375,350500
2010-04-05,46.63999938964844,46.84999847412109,46.459999084472656,46.84999847412109,33.18535614013672,228900
2010-04-06,46.68999862670898,47.11000061035156,46.650001525878906,47.09000015258789,33.355369567871094,747700
2010-04-07,46.9900016784668,47.04999923706055,46.630001068115234,46.84999847412109,33.18535614013672,376400
2010-04-08,46.66999816894531,46.84999847412109,46.52000045776367,46.79999923706055,33.14994812011719,453700
2010-04-09,46.88999938964844,47.08000183105469,46.63999938964844,47.06999969482422,33.34120178222656,236200
2010-04-12,47.119998931884766,47.220001220703125,47.08000183105469,47.16999816894531,33.412044525146484,253700
2010-04-13,47.13999938964844,47.15999984741211,46.79999923706055,47.130001068115234,33.38370895385742,287400
2010-04-14,47.18999862670898,47.4900016784668,47.060001373291016,47.470001220703125,33.62454605102539,364100
2010-04-15,47.380001068115234,47.66999816894531,47.34000015258789,47.619998931884766,33.73078918457031,288100
2010-04-16,47.5099983215332,47.59999847412109,46.88999938964844,47.06999969482422,33.34120178222656,383600
2010-04-19,47.0,47.2400016784668,46.72999954223633,47.209999084472656,33.44036865234375,269000
2010-04-20,47.38999938964844,47.68999862670898,47.31999969482422,47.68000030517578,33.77328109741211,232900
2010-04-21,47.63999938964844,47.86000061035156,47.61000061035156,47.86000061035156,33.900779724121094,240900
2010-04-22,47.59999847412109,48.04999923706055,47.41999816894531,48.02999877929688,34.021202087402344,370800
2010-04-23,48.0099983215332,48.31999969482422,47.84999847412109,48.31999969482422,34.226619720458984,260200
2010-04-26,48.400001525878906,48.5,48.060001373291016,48.09000015258789,34.06370544433594,1583700
2010-04-27,47.90999984741211,48.09999847412109,46.9900016784668,47.06999969482422,33.34120178222656,396700
2010-04-28,47.22999954223633,47.52000045776367,47.09999847412109,47.33000183105469,33.525367736816406,234000
2010-04-29,47.63999938964844,47.9900016784668,47.540000915527344,47.90999984741211,33.93619155883789,314800
2010-04-30,47.9900016784668,48.16999816894531,47.45000076293945,47.47999954223633,33.631614685058594,273900
2010-05-03,47.56999969482422,48.13999938964844,47.56999969482422,48.09000015258789,34.06370544433594,385400
2010-05-04,47.61000061035156,47.61000061035156,46.77000045776367,47.0099983215332,33.2986946105957,715500
2010-05-05,46.75,46.97999954223633,46.470001220703125,46.650001525878906,33.043701171875,947700
2010-05-06,46.5,46.95000076293945,19.0,45.209999084472656,32.023704528808594,2020000
2010-05-07,44.93000030517578,45.400001525878906,44.119998931884766,44.56999969482422,31.57038116455078,1214100
2010-05-10,46.2599983215332,46.59999847412109,45.88999938964844,46.400001525878906,32.86661529541016,687300
2010-05-11,46.18000030517578,47.0099983215332,46.0,46.459999084472656,32.90911865234375,568500
2010-05-12,46.70000076293945,47.13999938964844,46.52000045776367,47.11000061035156,33.369529724121094,466600
2010-05-13,47.040000915527344,47.27000045776367,46.68999862670898,46.77999877929688,33.13578414916992,792200
2010-05-14,46.5,46.58000183105469,45.77999877929688,46.09000015258789,32.647029876708984,501200
2010-05-17,46.15999984741211,46.369998931884766,45.43999862670898,46.25,32.76036834716797,736200
2010-05-18,46.45000076293945,46.75,45.65999984741211,45.720001220703125,32.38496780395508,539400
2010-05-19,45.52000045776367,45.7400016784668,44.84999847412109,45.34000015258789,32.11579513549805,573200
2010-05-20,44.59999847412109,44.720001220703125,43.68999862670898,43.70000076293945,30.95411872863769,1040900
2010-05-21,43.20000076293945,44.02000045776367,42.79999923706055,43.93000030517578,31.11704063415528,811900
2010-05-24,43.90999984741211,44.16999816894531,43.52999877929688,43.59999847412109,30.88328742980957,456400
2010-05-25,42.63999938964844,43.43999862670898,42.150001525878906,43.43999862670898,30.769948959350582,803300
2010-05-26,43.59000015258789,44.06999969482422,43.25,43.33000183105469,30.692039489746094,679600
2010-05-27,43.880001068115234,44.68999862670898,43.81999969482422,44.66999816894531,31.64120864868164,408200
2010-05-28,44.75,44.81999969482422,44.04999923706055,44.18999862670898,31.30120658874512,439100
2010-06-01,43.77999877929688,44.369998931884766,43.33000183105469,43.34999847412109,30.706205368041992,440500
2010-06-02,43.4900016784668,44.41999816894531,43.400001525878906,44.41999816894531,31.464120864868164,799100
2010-06-03,44.380001068115234,44.68999862670898,44.2599983215332,44.61000061035156,31.598695755004883,716300
2010-06-04,44.25,44.25,42.880001068115234,42.9900016784668,30.451210021972656,747500
2010-06-07,43.02999877929688,43.400001525878906,42.70000076293945,42.72999954223633,30.26703834533692,329800
2010-06-08,42.75,43.27000045776367,42.5,43.18000030517578,30.58579635620117,439900
2010-06-09,43.33000183105469,43.75,42.97999954223633,43.11000061035156,30.53619956970215,363300
2010-06-10,43.65999984741211,44.33000183105469,43.65999984741211,44.33000183105469,31.40037727355957,361000
2010-06-11,44.02999877929688,44.5,43.880001068115234,44.5,31.520795822143555,253100
2010-06-14,44.7599983215332,45.06999969482422,44.52000045776367,44.59999847412109,31.59162712097168,245100
2010-06-15,44.7400016784668,45.540000915527344,44.72999954223633,45.47999954223633,32.2149543762207,421700
2010-06-16,45.34999847412109,45.790000915527344,45.2400016784668,45.619998931884766,32.31412124633789,304700
2010-06-17,45.70000076293945,45.75,45.220001220703125,45.72999954223633,32.39202880859375,275000
2010-06-18,45.79999923706055,45.880001068115234,45.59000015258789,45.77000045776367,32.42036819458008,261200
2010-06-21,46.18000030517578,46.33000183105469,45.36000061035156,45.59000015258789,32.29287338256836,467000
2010-06-22,45.619998931884766,45.79999923706055,44.72999954223633,44.84000015258789,31.761619567871094,1190500
2010-06-23,44.7400016784668,44.84000015258789,44.25,44.52000045776367,31.534957885742188,303300
2010-06-24,43.93000030517578,44.09000015258789,43.52000045776367,43.59000015258789,31.173803329467773,413000
2010-06-25,43.72999954223633,44.0,43.34999847412109,43.84000015258789,31.352588653564453,248700
2010-06-28,43.95000076293945,44.18000030517578,43.56999969482422,43.95000076293945,31.43124961853028,234900
2010-06-29,43.540000915527344,43.560001373291016,42.630001068115234,42.81999969482422,30.623119354248047,522100
2010-06-30,42.68000030517578,43.15999984741211,42.31999969482422,42.43000030517578,30.344219207763672,509200
2010-07-01,42.400001525878906,42.4900016784668,41.650001525878906,42.29999923706055,30.25124740600586,751400
2010-07-02,42.380001068115234,42.58000183105469,41.90999984741211,42.09000015258789,30.10106086730957,586100
2010-07-06,42.47999954223633,42.79999923706055,41.900001525878906,42.2400016784668,30.208345413208008,541900
2010-07-07,42.25,43.4900016784668,42.25,43.459999084472656,31.08084297180176,561600
2010-07-08,43.91999816894531,44.08000183105469,43.630001068115234,44.04999923706055,31.50277328491211,893200
2010-07-09,44.040000915527344,44.380001068115234,43.97999954223633,44.369998931884766,31.731630325317383,298700
2010-07-12,44.13999938964844,44.400001525878906,44.0,44.27000045776367,31.660097122192383,267200
2010-07-13,44.70000076293945,45.09000015258789,44.630001068115234,44.93000030517578,32.132102966308594,412500
2010-07-14,44.81999969482422,44.93999862670898,44.540000915527344,44.86000061035156,32.082054138183594,296300
2010-07-15,44.790000915527344,44.9900016784668,44.34000015258789,44.91999816894531,32.12495422363281,231400
2010-07-16,44.65999984741211,44.720001220703125,43.75,43.81999969482422,31.338279724121094,375300
2010-07-19,44.04999923706055,44.18000030517578,43.59000015258789,44.11000061035156,31.54567527770996,385500
2010-07-20,43.56999969482422,44.619998931884766,43.5,44.61000061035156,31.90326690673828,226500
2010-07-21,44.880001068115234,44.880001068115234,43.9900016784668,44.18000030517578,31.595741271972656,531600
2010-07-22,44.75,45.220001220703125,44.630001068115234,45.150001525878906,32.289451599121094,438600
2010-07-23,45.09999847412109,45.58000183105469,44.93999862670898,45.52999877929688,32.56121063232422,625700
2010-07-26,45.66999816894531,46.09000015258789,45.540000915527344,46.09000015258789,32.96168899536133,729300
2010-07-27,46.459999084472656,46.459999084472656,46.09000015258789,46.27999877929688,33.09757614135742,1473200
2010-07-28,46.25,46.290000915527344,45.77000045776367,45.88999938964844,32.81866455078125,592300
2010-07-29,46.16999816894531,46.29999923706055,45.25,45.61000061035156,32.6184196472168,747500
2010-07-30,45.15999984741211,45.720001220703125,45.0099983215332,45.52000045776367,32.55405807495117,260700
2010-08-02,46.18000030517578,46.29999923706055,45.900001525878906,46.2400016784668,33.06897735595703,713700
2010-08-03,46.16999816894531,46.34999847412109,45.90999984741211,46.040000915527344,32.92594146728516,547700
2010-08-04,46.119998931884766,46.18999862670898,45.90999984741211,46.15999984741211,33.011756896972656,409300
2010-08-05,45.97999954223633,46.06999969482422,45.810001373291016,46.060001373291016,32.94023132324219,460400
2010-08-06,45.59999847412109,45.9900016784668,45.31999969482422,45.970001220703125,32.875877380371094,391500
2010-08-09,46.25,46.34000015258789,46.08000183105469,46.310001373291016,33.11903381347656,407100
2010-08-10,45.91999816894531,46.41999816894531,45.72999954223633,46.16999816894531,33.0189094543457,352900
2010-08-11,45.5,45.52000045776367,44.869998931884766,44.900001525878906,32.110652923583984,594000
2010-08-12,44.36000061035156,44.790000915527344,44.209999084472656,44.650001525878906,31.93187141418457,588400
2010-08-13,44.54999923706055,44.88999938964844,44.47999954223633,44.59999847412109,31.8961124420166,335100
2010-08-16,44.310001373291016,44.709999084472656,44.09999847412109,44.619998931884766,31.91042137145996,597500
2010-08-17,45.060001373291016,45.47999954223633,44.81999969482422,45.2400016784668,32.35381317138672,583600
2010-08-18,45.13999938964844,45.40999984741211,44.900001525878906,45.25,32.360965728759766,1585900
2010-08-19,45.09000015258789,45.09000015258789,44.2599983215332,44.4900016784668,31.81745147705078,587000
2010-08-20,44.45000076293945,44.45000076293945,43.970001220703125,44.27000045776367,31.660097122192383,549300
2010-08-23,44.52000045776367,44.810001373291016,44.22999954223633,44.25,31.645811080932617,383300
2010-08-24,43.77000045776367,44.209999084472656,43.5,43.95000076293945,31.43124961853028,679900
2010-08-25,43.63999938964844,44.2400016784668,43.369998931884766,44.13999938964844,31.5671443939209,797000
2010-08-26,44.31999969482422,44.38999938964844,43.84000015258789,43.959999084472656,31.43839836120605,1235600
2010-08-27,44.209999084472656,44.720001220703125,43.68999862670898,44.68999862670898,31.9604721069336,492600
2010-08-30,44.61000061035156,44.68999862670898,43.97999954223633,43.97999954223633,31.452726364135746,382700
2010-08-31,43.810001373291016,44.33000183105469,43.66999816894531,44.11000061035156,31.54567527770996,466300
2010-09-01,44.65999984741211,45.33000183105469,44.540000915527344,45.310001373291016,32.40388488769531,656700
2010-09-02,45.400001525878906,45.56999969482422,45.25,45.4900016784668,32.5326042175293,653900
2010-09-03,45.959999084472656,45.9900016784668,45.65999984741211,45.970001220703125,32.875877380371094,849900
2010-09-07,45.84000015258789,45.84999847412109,45.47999954223633,45.52999877929688,32.56121063232422,2088000
2010-09-08,45.63999938964844,45.880001068115234,45.58000183105469,45.65999984741211,32.65418243408203,465800
2010-09-09,46.13999938964844,46.13999938964844,45.7599983215332,45.900001525878906,32.82581329345703,1271300
2010-09-10,46.0,46.18000030517578,45.869998931884766,46.04999923706055,32.933101654052734,493600
2010-09-13,46.5,46.52999877929688,46.310001373291016,46.459999084472656,33.22631072998047,725900
2010-09-14,46.40999984741211,46.560001373291016,46.150001525878906,46.369998931884766,33.16194534301758,751900
2010-09-15,46.290000915527344,46.459999084472656,46.0,46.380001068115234,33.16910934448242,1587000
2010-09-16,46.29999923706055,46.34999847412109,46.04999923706055,46.27000045776367,33.09042739868164,373800
2010-09-17,46.43000030517578,46.540000915527344,46.119998931884766,46.29999923706055,33.11188507080078,470700
2010-09-20,46.52000045776367,47.04999923706055,46.29999923706055,47.02000045776367,33.626792907714844,698200
2010-09-21,47.06999969482422,47.16999816894531,46.70000076293945,46.86000061035156,33.51236724853516,1180700
2010-09-22,46.77000045776367,47.11000061035156,46.63999938964844,46.77999877929688,33.45515823364258,596500
2010-09-23,45.970001220703125,46.380001068115234,45.81999969482422,45.88999938964844,33.11741638183594,538600
2010-09-24,46.41999816894531,46.810001373291016,46.2599983215332,46.790000915527344,33.76692199707031,773200
2010-09-27,46.86000061035156,46.97999954223633,46.59000015258789,46.70000076293945,33.70196533203125,1447000
2010-09-28,46.79999923706055,47.04999923706055,46.25,46.97999954223633,33.90403366088867,1148000
2010-09-29,46.88999938964844,47.09000015258789,46.68999862670898,46.900001525878906,33.84630584716797,1053200
2010-09-30,47.119998931884766,47.43000030517578,46.66999816894531,46.84000015258789,33.803009033203125,1243500
2010-10-01,47.09000015258789,47.22999954223633,46.79999923706055,47.06999969482422,33.96897888183594,863200
2010-10-04,47.04999923706055,47.20000076293945,46.59999847412109,46.77999877929688,33.759708404541016,739800
2010-10-05,47.11000061035156,47.66999816894531,47.09999847412109,47.59999847412109,34.351470947265625,592300
2010-10-06,47.68000030517578,47.720001220703125,47.470001220703125,47.59999847412109,34.351470947265625,951400
2010-10-07,47.79999923706055,47.81999969482422,47.33000183105469,47.5099983215332,34.286521911621094,314900
2010-10-08,47.59999847412109,47.91999816894531,47.41999816894531,47.790000915527344,34.488582611083984,360300
2010-10-11,47.86000061035156,47.93000030517578,47.70000076293945,47.83000183105469,34.5174560546875,396900
2010-10-12,47.709999084472656,47.959999084472656,47.470001220703125,47.84000015258789,34.5246696472168,485300
2010-10-13,47.97999954223633,48.41999816894531,47.959999084472656,48.2400016784668,34.8133430480957,581700
2010-10-14,48.2400016784668,48.38999938964844,47.900001525878906,48.18000030517578,34.770050048828125,686800
2010-10-15,48.43000030517578,48.4900016784668,47.97999954223633,48.18000030517578,34.770050048828125,489300
2010-10-18,48.16999816894531,48.5,48.06999969482422,48.47999954223633,34.98653793334961,1008400
2010-10-19,48.15999984741211,48.43999862670898,47.7400016784668,47.970001220703125,34.618492126464844,568800
2010-10-20,48.11000061035156,48.630001068115234,48.040000915527344,48.400001525878906,34.92880630493164,529900
2010-10-21,48.63999938964844,48.84000015258789,48.08000183105469,48.38999938964844,34.921592712402344,630500
2010-10-22,48.43999862670898,48.470001220703125,48.220001220703125,48.36000061035156,34.899940490722656,472300
2010-10-25,48.63999938964844,48.86000061035156,48.36000061035156,48.43000030517578,34.95045852661133,651200
2010-10-26,48.220001220703125,48.38999938964844,48.06999969482422,48.22999954223633,34.80611801147461,434300
2010-10-27,47.959999084472656,48.04999923706055,47.52999877929688,47.97999954223633,34.625701904296875,517200
2010-10-28,48.220001220703125,48.290000915527344,47.83000183105469,48.040000915527344,34.669002532958984,1202600
2010-10-29,47.9900016784668,48.13999938964844,47.84000015258789,48.08000183105469,34.69786834716797,309500
2010-11-01,48.34999847412109,48.560001373291016,47.630001068115234,47.91999816894531,34.58240509033203,604000
2010-11-02,48.25,48.45000076293945,48.13999938964844,48.38999938964844,34.921592712402344,742000
2010-11-03,48.41999816894531,48.52999877929688,47.95000076293945,48.459999084472656,34.972103118896484,1129900
2010-11-04,48.81999969482422,49.25,48.81999969482422,49.2400016784668,35.53501510620117,1364200
2010-11-05,49.2599983215332,49.34000015258789,49.09999847412109,49.290000915527344,35.57109451293945,711900
2010-11-08,49.18999862670898,49.18999862670898,48.810001373291016,49.04999923706055,35.39789581298828,613900
2010-11-09,49.18000030517578,49.20000076293945,48.5099983215332,48.68999862670898,35.138092041015625,470500
2010-11-10,48.56999969482422,48.7400016784668,48.290000915527344,48.720001220703125,35.15974807739258,599700
2010-11-11,48.5,48.72999954223633,48.400001525878906,48.66999816894531,35.1236572265625,838000
2010-11-12,48.45000076293945,48.5099983215332,48.04999923706055,48.16999816894531,34.762821197509766,939000
2010-11-15,48.38999938964844,48.65999984741211,48.2599983215332,48.31999969482422,34.87108612060547,459600
2010-11-16,48.09999847412109,48.09999847412109,47.400001525878906,47.650001525878906,34.38755416870117,677900
2010-11-17,47.720001220703125,47.84000015258789,47.540000915527344,47.720001220703125,34.438079833984375,608700
2010-11-18,47.9900016784668,48.36000061035156,47.9900016784668,48.2599983215332,34.82778549194336,589100
2010-11-19,48.22999954223633,48.2599983215332,47.91999816894531,48.25,34.8205680847168,332800
2010-11-22,48.04999923706055,48.34999847412109,47.810001373291016,48.33000183105469,34.8782958984375,632700
2010-11-23,47.810001373291016,48.0,47.61000061035156,47.84999847412109,34.531890869140625,650200
2010-11-24,48.15999984741211,48.43000030517578,48.04999923706055,48.43000030517578,34.95045852661133,517300
2010-11-26,48.20000076293945,48.38999938964844,48.04999923706055,48.18000030517578,34.770050048828125,241000
2010-11-29,48.0,48.130001068115234,47.5,48.02999877929688,34.66178512573242,705700
2010-11-30,47.77000045776367,47.970001220703125,47.59000015258789,47.7599983215332,34.466941833496094,576200
2010-12-01,48.27999877929688,48.68000030517578,48.209999084472656,48.63999938964844,35.10201644897461,546400
2010-12-02,48.72999954223633,49.02999877929688,48.650001525878906,49.02999877929688,35.38346481323242,602100
2010-12-03,48.90999984741211,49.119998931884766,48.75,49.06999969482422,35.412330627441406,557100
2010-12-06,49.060001373291016,49.119998931884766,48.95000076293945,49.02000045776367,35.37623596191406,619300
2010-12-07,49.34000015258789,49.459999084472656,49.08000183105469,49.13999938964844,35.46284484863281,843100
2010-12-08,49.20000076293945,49.29999923706055,49.0,49.18000030517578,35.49171829223633,852200
2010-12-09,49.400001525878906,49.45000076293945,49.13999938964844,49.33000183105469,35.59996795654297,1993600
2010-12-10,49.45000076293945,49.66999816894531,49.38999938964844,49.619998931884766,35.80924224853516,919000
2010-12-13,49.88999938964844,49.88999938964844,49.709999084472656,49.7599983215332,35.9102783203125,781600
2010-12-14,49.86000061035156,50.09000015258789,49.81999969482422,49.95000076293945,36.04739761352539,705100
2010-12-15,49.880001068115234,50.040000915527344,49.66999816894531,49.720001220703125,35.881404876708984,692600
2010-12-16,49.75,50.08000183105469,49.650001525878906,50.08000183105469,36.14121627807617,619500
2010-12-17,49.90999984741211,50.060001373291016,49.79999923706055,50.02000045776367,36.097900390625,719800
2010-12-20,50.220001220703125,50.22999954223633,49.95000076293945,50.09999847412109,36.15564727783203,699300
2010-12-21,50.2599983215332,50.27000045776367,50.130001068115234,50.220001220703125,36.24225234985352,810300
2010-12-22,49.91999816894531,50.09999847412109,49.79999923706055,50.04999923706055,36.43589401245117,779400
2010-12-23,50.119998931884766,50.119998931884766,49.93000030517578,50.0099983215332,36.40677261352539,665700
2010-12-27,49.900001525878906,50.06999969482422,49.81999969482422,50.02999877929688,36.421329498291016,527600
2010-12-28,50.18000030517578,50.18999862670898,49.84999847412109,50.08000183105469,36.457740783691406,464600
2010-12-29,50.209999084472656,50.209999084472656,50.04999923706055,50.08000183105469,36.457740783691406,554600
2010-12-30,50.060001373291016,50.119998931884766,49.95000076293945,50.0,36.39948654174805,404700
2010-12-31,49.970001220703125,50.09000015258789,49.81999969482422,49.86000061035156,36.29757308959961,271800
2011-01-03,50.18000030517578,50.31999969482422,50.02000045776367,50.209999084472656,36.5523681640625,538300
2011-01-04,50.310001373291016,50.310001373291016,49.83000183105469,50.040000915527344,36.42860794067383,850400
2011-01-05,49.900001525878906,50.18000030517578,49.880001068115234,50.09999847412109,36.47229766845703,647400
2011-01-06,50.150001525878906,50.15999984741211,49.79999923706055,49.959999084472656,36.370365142822266,618000
2011-01-07,50.16999816894531,50.16999816894531,49.5,49.68999862670898,36.17381286621094,776700
2011-01-10,49.59999847412109,49.790000915527344,49.310001373291016,49.7400016784668,36.21022033691406,746400
2011-01-11,49.93999862670898,49.93999862670898,49.630001068115234,49.77000045776367,36.23204803466797,637000
2011-01-12,50.060001373291016,50.18999862670898,49.93000030517578,50.04999923706055,36.43589401245117,842900
2011-01-13,50.04999923706055,50.11000061035156,49.79999923706055,49.900001525878906,36.326698303222656,722900
2011-01-14,49.790000915527344,50.16999816894531,49.77000045776367,50.15999984741211,36.51596450805664,634100
2011-01-18,50.29999923706055,50.29999923706055,50.02000045776367,50.27999877929688,36.603328704833984,890200
2011-01-19,50.34000015258789,50.34999847412109,49.84000015258789,49.93000030517578,36.34853744506836,827300
2011-01-20,49.79999923706055,50.0,49.720001220703125,49.869998931884766,36.30485153198242,743100
2011-01-21,50.04999923706055,50.13999938964844,49.77999877929688,49.83000183105469,36.27573013305664,829100
2011-01-24,49.720001220703125,50.25,49.720001220703125,50.13999938964844,36.50141143798828,608200
2011-01-25,50.040000915527344,50.2400016784668,49.900001525878906,50.2400016784668,36.5742073059082,783000
2011-01-26,50.33000183105469,50.5099983215332,50.18999862670898,50.29999923706055,36.61789321899414,1512800
2011-01-27,50.34999847412109,50.560001373291016,50.220001220703125,50.5099983215332,36.77075958251953,517900
2011-01-28,50.540000915527344,50.61000061035156,49.70000076293945,49.75,36.21749114990234,1080700
2011-01-31,49.84999847412109,50.15999984741211,49.810001373291016,49.97999954223633,36.38493347167969,712300
2011-02-01,50.27999877929688,50.61000061035156,50.18000030517578,50.54999923706055,36.79988479614258,931900
2011-02-02,50.4900016784668,50.59999847412109,50.380001068115234,50.40999984741211,36.69795989990234,715100
2011-02-03,50.41999816894531,50.630001068115234,50.18000030517578,50.54999923706055,36.79988479614258,482400
2011-02-04,50.59000015258789,50.65999984741211,50.34000015258789,50.54999923706055,36.79988479614258,352000
2011-02-07,50.68999862670898,50.83000183105469,50.59999847412109,50.720001220703125,36.923641204833984,626100
2011-02-08,50.77000045776367,51.0,50.650001525878906,50.9900016784668,37.12020111083984,1065600
2011-02-09,50.88999938964844,51.0099983215332,50.77000045776367,51.0099983215332,37.13476943969727,622500
2011-02-10,50.790000915527344,50.9900016784668,50.72999954223633,50.91999816894531,37.06924819946289,421000
2011-02-11,50.91999816894531,51.29999923706055,50.77000045776367,51.27000045776367,37.32403945922852,519900
2011-02-14,51.2400016784668,51.25,50.880001068115234,51.08000183105469,37.18572235107422,1323200
2011-02-15,50.970001220703125,51.04999923706055,50.84999847412109,50.959999084472656,37.098365783691406,552700
2011-02-16,51.08000183105469,51.18000030517578,50.880001068115234,51.09999847412109,37.20027923583984,541600
2011-02-17,50.97999954223633,51.38999938964844,50.970001220703125,51.36000061035156,37.38955307006836,374900
2011-02-18,51.400001525878906,51.52000045776367,51.310001373291016,51.52000045776367,37.50603485107422,629900
2011-02-22,51.13999938964844,51.43000030517578,50.880001068115234,50.97999954223633,37.11292266845703,895700
2011-02-23,50.970001220703125,51.02000045776367,50.459999084472656,50.56999969482422,36.81444549560547,685100
2011-02-24,50.54999923706055,50.7599983215332,50.220001220703125,50.560001373291016,36.807167053222656,646800
2011-02-25,50.709999084472656,51.0,50.630001068115234,50.9900016784668,37.12020111083984,406600
2011-02-28,51.13999938964844,51.5,51.08000183105469,51.380001068115234,37.40412902832031,423000
2011-03-01,51.540000915527344,51.630001068115234,50.77000045776367,50.77999877929688,36.967315673828125,747500
2011-03-02,50.65999984741211,51.060001373291016,50.65999984741211,50.91999816894531,37.06924819946289,422300
2011-03-03,51.34000015258789,51.810001373291016,51.29999923706055,51.68999862670898,37.62978363037109,1143600
2011-03-04,51.70000076293945,51.70000076293945,51.0,51.34000015258789,37.37499237060547,572700
2011-03-07,51.369998931884766,51.709999084472656,51.0099983215332,51.15999984741211,37.24394607543945,773500
2011-03-08,51.209999084472656,51.88999938964844,51.20000076293945,51.790000915527344,37.70259094238281,437600
2011-03-09,51.75,52.0099983215332,51.560001373291016,51.97999954223633,37.840911865234375,475500
2011-03-10,51.58000183105469,51.619998931884766,51.220001220703125,51.310001373291016,37.35315704345703,1958200
2011-03-11,51.2599983215332,51.61000061035156,51.11000061035156,51.47999954223633,37.4769172668457,498800
2011-03-14,51.18000030517578,51.25,50.79999923706055,51.119998931884766,37.21483612060547,986300
2011-03-15,50.02000045776367,50.7599983215332,49.93000030517578,50.5099983215332,36.77075958251953,932700
2011-03-16,50.369998931884766,50.459999084472656,49.540000915527344,49.79999923706055,36.25388717651367,1599800
2011-03-17,50.58000183105469,50.58000183105469,49.93000030517578,50.15999984741211,36.51596450805664,671500
2011-03-18,50.54999923706055,50.91999816894531,50.5,50.650001525878906,36.87268829345703,793400
2011-03-21,51.29999923706055,51.5,51.119998931884766,51.40999984741211,37.42595672607422,585500
2011-03-22,51.43999862670898,51.560001373291016,51.31999969482422,51.33000183105469,37.36772155761719,521100
2011-03-23,51.25,51.4900016784668,50.959999084472656,51.36000061035156,37.38955307006836,532700
2011-03-24,51.650001525878906,51.75,51.29999923706055,51.63999938964844,37.5933952331543,445000
2011-03-25,51.31999969482422,51.59999847412109,51.16999816894531,51.34000015258789,37.71681213378906,1068200
2011-03-28,51.45000076293945,51.630001068115234,51.290000915527344,51.290000915527344,37.68007659912109,458400
2011-03-29,51.27000045776367,51.68000030517578,51.18000030517578,51.65999984741211,37.9518928527832,507200
2011-03-30,51.91999816894531,52.22999954223633,51.81999969482422,52.16999816894531,38.326568603515625,632400
2011-03-31,52.22999954223633,52.25,52.060001373291016,52.130001068115234,38.29718780517578,444000
2011-04-01,52.43000030517578,52.61000061035156,52.34000015258789,52.470001220703125,38.54697799682617,626100
2011-04-04,52.63999938964844,52.63999938964844,52.369998931884766,52.5099983215332,38.57635498046875,736000
2011-04-05,52.400001525878906,52.70000076293945,52.380001068115234,52.470001220703125,38.54697799682617,469800
2011-04-06,52.720001220703125,52.75,52.56999969482422,52.7400016784668,38.74531555175781,497800
2011-04-07,52.70000076293945,52.709999084472656,52.31999969482422,52.4900016784668,38.56166076660156,555800
2011-04-08,52.70000076293945,52.70000076293945,52.0,52.22999954223633,38.37065505981445,388200
2011-04-11,52.33000183105469,52.369998931884766,51.95000076293945,52.04999923706055,38.23843002319336,364700
2011-04-12,51.83000183105469,52.02000045776367,51.630001068115234,51.72999954223633,38.00333404541016,2735000
2011-04-13,51.959999084472656,51.959999084472656,51.54999923706055,51.630001068115234,37.92986297607422,424600
2011-04-14,51.400001525878906,51.90999984741211,51.290000915527344,51.84999847412109,38.09148788452149,636300
2011-04-15,51.970001220703125,52.31999969482422,51.91999816894531,52.209999084472656,38.3559684753418,346700
2011-04-18,51.79999923706055,51.79999923706055,51.380001068115234,51.619998931884766,37.92251205444336,626000
2011-04-19,51.65999984741211,51.79999923706055,51.5099983215332,51.720001220703125,37.995975494384766,380500
2011-04-20,52.2599983215332,52.459999084472656,52.209999084472656,52.38999938964844,38.488189697265625,575600
2011-04-21,52.56999969482422,52.56999969482422,52.290000915527344,52.470001220703125,38.54697799682617,446700
2011-04-25,52.45000076293945,52.4900016784668,52.2400016784668,52.43999862670898,38.524940490722656,327300
2011-04-26,52.65999984741211,53.060001373291016,52.560001373291016,53.0099983215332,38.94367218017578,473200
2011-04-27,53.150001525878906,53.43999862670898,53.08000183105469,53.380001068115234,39.21550750732422,515500
2011-04-28,53.33000183105469,53.66999816894531,53.33000183105469,53.59999847412109,39.37712860107422,476700
2011-04-29,53.650001525878906,53.70000076293945,53.5099983215332,53.65999984741211,39.421199798583984,448000
2011-05-02,53.81999969482422,53.970001220703125,53.56999969482422,53.650001525878906,39.413856506347656,1073200
2011-05-03,53.560001373291016,53.810001373291016,53.43999862670898,53.65999984741211,39.421199798583984,511900
2011-05-04,53.720001220703125,53.720001220703125,53.27000045776367,53.38999938964844,39.22285079956055,627000
2011-05-05,53.290000915527344,53.5,52.93999862670898,53.11000061035156,39.01714706420898,785900
2011-05-06,53.41999816894531,53.83000183105469,53.22999954223633,53.41999816894531,39.24486923217773,391700
2011-05-09,53.459999084472656,53.77000045776367,53.34999847412109,53.72999954223633,39.47262191772461,555100
2011-05-10,53.810001373291016,54.34999847412109,53.810001373291016,54.27999877929688,39.876686096191406,761000
2011-05-11,54.13999938964844,54.2400016784668,53.68000030517578,53.88999938964844,39.59016799926758,666100
2011-05-12,53.72999954223633,54.38999938964844,53.72999954223633,54.34000015258789,39.92075729370117,546000
2011-05-13,54.2400016784668,54.459999084472656,53.7599983215332,53.970001220703125,39.64894104003906,402300
2011-05-16,53.81999969482422,54.150001525878906,53.77000045776367,53.84000015258789,39.55344772338867,833000
2011-05-17,53.72999954223633,53.900001525878906,53.56999969482422,53.84000015258789,39.55344772338867,682400
2011-05-18,53.86000061035156,54.16999816894531,53.720001220703125,54.15999984741211,39.78852081298828,441300
2011-05-19,54.34999847412109,54.45000076293945,54.06999969482422,54.380001068115234,39.950138092041016,533600
2011-05-20,54.2599983215332,54.33000183105469,53.869998931884766,54.02999877929688,39.693016052246094,330400
2011-05-23,53.58000183105469,53.68000030517578,53.369998931884766,53.43999862670898,39.25958251953125,737800
2011-05-24,53.619998931884766,53.619998931884766,53.25,53.310001373291016,39.1640739440918,523200
2011-05-25,53.09999847412109,53.459999084472656,52.84000015258789,53.27000045776367,39.13468933105469,609000
2011-05-26,53.20000076293945,53.540000915527344,53.0,53.43000030517578,39.25223922729492,431500
2011-05-27,53.619998931884766,53.77000045776367,53.52999877929688,53.63999938964844,39.40650177001953,360700
2011-05-31,53.97999954223633,54.13999938964844,53.77000045776367,54.11000061035156,39.75178527832031,635700
2011-06-01,54.0099983215332,54.04999923706055,53.119998931884766,53.13999938964844,39.03919219970703,1031100
2011-06-02,53.220001220703125,53.25,52.619998931884766,52.869998931884766,38.84082794189453,828000
2011-06-03,52.470001220703125,52.58000183105469,52.18000030517578,52.220001220703125,38.36331558227539,798600
2011-06-06,52.11000061035156,52.119998931884766,51.709999084472656,51.720001220703125,37.995975494384766,727500
2011-06-07,51.9900016784668,52.08000183105469,51.68000030517578,51.68999862670898,37.97393035888672,632000
2011-06-08,51.59999847412109,51.790000915527344,51.54999923706055,51.59999847412109,37.90781784057617,792000
2011-06-09,51.72999954223633,52.040000915527344,51.56999969482422,51.84999847412109,38.09148788452149,875600
2011-06-10,51.68999862670898,51.7400016784668,51.27000045776367,51.29999923706055,37.68742370605469,1418800
2011-06-13,51.40999984741211,51.75,51.34999847412109,51.540000915527344,37.863746643066406,617000
2011-06-14,51.88999938964844,52.40999984741211,51.84999847412109,52.29999923706055,38.42207717895508,477700
2011-06-15,52.0,52.06999969482422,51.34999847412109,51.5099983215332,37.84171295166016,694100
2011-06-16,51.5,51.93000030517578,51.459999084472656,51.7599983215332,38.02536392211914,484800
2011-06-17,52.16999816894531,52.31999969482422,51.93000030517578,52.040000915527344,38.2310676574707,663000
2011-06-20,51.880001068115234,52.5099983215332,51.86000061035156,52.43000030517578,38.51757049560547,1013600
2011-06-21,52.720001220703125,52.97999954223633,52.63999938964844,52.88999938964844,38.85551834106445,1316600
2011-06-22,52.81999969482422,52.90999984741211,52.52999877929688,52.58000183105469,38.62778091430664,738800
2011-06-23,52.130001068115234,52.31999969482422,51.68000030517578,52.29999923706055,38.42207717895508,993000
2011-06-24,51.79999923706055,52.02999877929688,51.59000015258789,51.650001525878906,38.290863037109375,574200
2011-06-27,51.77000045776367,52.040000915527344,51.68000030517578,51.93000030517578,38.49843978881836,1105600
2011-06-28,52.06999969482422,52.290000915527344,51.959999084472656,52.290000915527344,38.76533126831055,665300
2011-06-29,52.52000045776367,52.66999816894531,52.31999969482422,52.61000061035156,39.0025634765625,969300
2011-06-30,52.77999877929688,53.0,52.560001373291016,52.91999816894531,39.232383728027344,703800
2011-07-01,52.9900016784668,53.72999954223633,52.95000076293945,53.68000030517578,39.79581451416016,1594500
2011-07-05,53.68999862670898,53.68999862670898,53.380001068115234,53.41999816894531,39.60304641723633,1415100
2011-07-06,53.43000030517578,53.75,53.36000061035156,53.61000061035156,39.743919372558594,587500
2011-07-07,54.06999969482422,54.09000015258789,53.83000183105469,54.0099983215332,40.04044342041016,695000
2011-07-08,53.5,53.70000076293945,53.369998931884766,53.66999816894531,39.78839874267578,582400
2011-07-11,53.09000015258789,53.25,52.91999816894531,53.02999877929688,39.31392288208008,578900
2011-07-12,52.880001068115234,53.380001068115234,52.880001068115234,53.0099983215332,39.29909896850586,485700
2011-07-13,53.220001220703125,53.459999084472656,52.880001068115234,53.0,39.29168701171875,685700
2011-07-14,53.09000015258789,53.22999954223633,52.540000915527344,52.63999938964844,39.02479553222656,641500
2011-07-15,52.900001525878906,52.93000030517578,52.470001220703125,52.77000045776367,39.12117767333984,446700
2011-07-18,52.59999847412109,52.63999938964844,52.040000915527344,52.2599983215332,38.743072509765625,1015300
2011-07-19,52.31999969482422,52.84000015258789,52.31999969482422,52.7599983215332,39.1137580871582,1685600
2011-07-20,52.88999938964844,52.9900016784668,52.68999862670898,52.84999847412109,39.18048858642578,625500
2011-07-21,53.18000030517578,53.7599983215332,53.08000183105469,53.650001525878906,39.773563385009766,1243100
2011-07-22,53.59999847412109,53.630001068115234,53.22999954223633,53.369998931884766,39.56598281860352,710800
2011-07-25,53.0099983215332,53.34000015258789,52.90999984741211,53.11000061035156,39.37324523925781,603300
2011-07-26,53.130001068115234,53.130001068115234,52.68999862670898,52.7599983215332,39.1137580871582,1036500
2011-07-27,52.52000045776367,52.52999877929688,51.880001068115234,51.95000076293945,38.51326751708984,1125000
2011-07-28,51.9900016784668,52.150001525878906,51.59000015258789,51.66999816894531,38.30568313598633,634800
2011-07-29,51.13999938964844,51.75,50.95000076293945,51.34000015258789,38.061031341552734,986000
2011-08-01,51.720001220703125,51.869998931884766,50.84000015258789,51.220001220703125,37.97208786010742,1319100
2011-08-02,50.93000030517578,51.15999984741211,50.18999862670898,50.18999862670898,37.20848846435547,1045800
2011-08-03,50.09999847412109,50.27000045776367,49.43999862670898,50.22999954223633,37.23813629150391,2453600
2011-08-04,49.630001068115234,49.84999847412109,48.25,48.25,35.770259857177734,5765600
2011-08-05,48.880001068115234,48.91999816894531,47.369998931884766,48.52000045776367,35.970420837402344,4077900
2011-08-08,47.29999923706055,47.90999984741211,45.59999847412109,45.59999847412109,33.8056755065918,4621900
2011-08-09,46.459999084472656,47.61000061035156,44.79999923706055,47.54999923706055,35.251312255859375,5212700
2011-08-10,46.81999969482422,47.38999938964844,45.93999862670898,46.0099983215332,34.1096305847168,3419800
2011-08-11,46.27999877929688,48.52999877929688,46.04999923706055,48.02000045776367,35.59974670410156,3360800
2011-08-12,48.31999969482422,48.630001068115234,47.869998931884766,48.08000183105469,35.64421844482422,2240600
2011-08-15,48.5099983215332,49.38999938964844,48.470001220703125,49.369998931884766,36.60057830810547,2570500
2011-08-16,48.84999847412109,49.310001373291016,48.63999938964844,49.02999877929688,36.3485107421875,2235700
2011-08-17,49.34999847412109,49.75,48.97999954223633,49.209999084472656,36.48196029663086,2944500
2011-08-18,48.150001525878906,48.310001373291016,47.400001525878906,47.810001373291016,35.44407653808594,3191000
2011-08-19,47.380001068115234,48.33000183105469,47.27999877929688,47.41999816894531,35.154937744140625,2096400
2011-08-22,48.150001525878906,48.29999923706055,47.220001220703125,47.400001525878906,35.14010238647461,1799900
2011-08-23,47.59999847412109,48.77000045776367,47.380001068115234,48.7599983215332,36.14834976196289,1899600
2011-08-24,48.709999084472656,49.63999938964844,48.59000015258789,49.560001373291016,36.74143600463867,2181500
2011-08-25,49.83000183105469,49.900001525878906,48.630001068115234,48.77999877929688,36.163177490234375,1819300
2011-08-26,48.58000183105469,49.45000076293945,47.720001220703125,49.2599983215332,36.51902770996094,1075100
2011-08-29,49.869998931884766,50.65999984741211,49.77999877929688,50.619998931884766,37.52726364135742,2034600
2011-08-30,50.5,51.02000045776367,50.18000030517578,50.72999954223633,37.60881042480469,1365500
2011-08-31,51.11000061035156,51.33000183105469,50.70000076293945,50.959999084472656,37.779327392578125,1896600
2011-09-01,51.060001373291016,51.34000015258789,50.38999938964844,50.459999084472656,37.40864562988281,1713600
2011-09-02,49.59000015258789,49.90999984741211,49.310001373291016,49.400001525878906,36.6228141784668,1716700
2011-09-06,48.0099983215332,49.04999923706055,48.0099983215332,49.0,36.32627868652344,2331800
2011-09-07,49.720001220703125,50.119998931884766,49.43000030517578,50.119998931884766,37.15659713745117,2902500
2011-09-08,49.90999984741211,50.400001525878906,49.68000030517578,49.75,36.88228988647461,1412100
2011-09-09,49.34999847412109,49.369998931884766,48.27000045776367,48.54999923706055,35.992671966552734,2268200
2011-09-12,48.040000915527344,48.84999847412109,47.900001525878906,48.83000183105469,36.20024490356445,1347600
2011-09-13,48.90999984741211,49.41999816894531,48.63999938964844,49.34000015258789,36.578346252441406,872500
2011-09-14,49.59000015258789,50.41999816894531,48.93999862670898,49.93999862670898,37.02315139770508,1202700
2011-09-15,50.34999847412109,50.59999847412109,49.97999954223633,50.540000915527344,37.46795654296875,2367100
2011-09-16,50.68000030517578,51.04999923706055,50.52999877929688,50.72999954223633,37.60881042480469,1012900
2011-09-19,49.9900016784668,50.59000015258789,49.880001068115234,50.36000061035156,37.33451461791992,1073100
2011-09-20,50.619998931884766,51.18000030517578,50.380001068115234,50.4900016784668,37.43090057373047,1151300
2011-09-21,50.54999923706055,50.61000061035156,48.88999938964844,48.88999938964844,36.244728088378906,1044700
2011-09-22,47.709999084472656,48.20000076293945,47.36000061035156,47.93999862670898,35.540435791015625,2758400
2011-09-23,47.400001525878906,48.040000915527344,47.29999923706055,47.7599983215332,35.75304412841797,1684200
2011-09-26,48.15999984741211,48.720001220703125,47.70000076293945,48.70000076293945,36.45673370361328,1306900
2011-09-27,49.65999984741211,49.88999938964844,49.0,49.22999954223633,36.85348510742188,1912200
2011-09-28,49.380001068115234,49.52000045776367,48.18000030517578,48.27000045776367,36.13483047485352,1044300
2011-09-29,48.970001220703125,49.25,48.22999954223633,48.970001220703125,36.65885543823242,1284300
2011-09-30,48.47999954223633,49.04999923706055,48.209999084472656,48.2400016784668,36.11236572265625,1207000
2011-10-03,47.88999938964844,48.63999938964844,47.0,47.02999877929688,35.20655822753906,2047200
2011-10-04,46.34999847412109,47.810001373291016,46.04999923706055,47.7599983215332,35.75304412841797,3000000
2011-10-05,47.75,48.38999938964844,47.45000076293945,48.29999923706055,36.15728759765625,1543100
2011-10-06,48.31999969482422,49.130001068115234,48.060001373291016,49.09000015258789,36.74867630004883,1755500
2011-10-07,49.40999984741211,49.4900016784668,48.77999877929688,49.02999877929688,36.70376968383789,1176600
2011-10-10,49.77999877929688,50.2400016784668,49.66999816894531,50.18999862670898,37.57213973999024,967900
2011-10-11,50.0099983215332,50.18999862670898,49.810001373291016,50.130001068115234,37.5272216796875,2824000
2011-10-12,50.5,50.709999084472656,50.18000030517578,50.33000183105469,37.676944732666016,3787100
2011-10-13,50.09999847412109,50.31999969482422,49.7400016784668,50.18999862670898,37.57213973999024,3643100
2011-10-14,50.56999969482422,50.84000015258789,50.41999816894531,50.810001373291016,38.0362663269043,1019600
2011-10-17,50.630001068115234,50.75,50.0099983215332,50.09999847412109,37.504764556884766,1694600
2011-10-18,50.02000045776367,51.290000915527344,49.709999084472656,50.86000061035156,38.07369995117188,6679400
2011-10-19,50.88999938964844,51.310001373291016,50.4900016784668,50.619998931884766,37.8940315246582,1870800
2011-10-20,50.900001525878906,51.02000045776367,50.29999923706055,50.84999847412109,38.06621551513672,1778800
2011-10-21,51.380001068115234,51.83000183105469,51.36000061035156,51.77999877929688,38.76241683959961,1559500
2011-10-24,51.959999084472656,52.33000183105469,51.68999862670898,52.2400016784668,39.10675430297852,2887300
2011-10-25,52.04999923706055,52.04999923706055,51.310001373291016,51.40999984741211,38.48542404174805,1110300
2011-10-26,51.91999816894531,52.0099983215332,51.2400016784668,51.84999847412109,38.81481170654297,1857600
2011-10-27,53.0,53.54999923706055,52.619998931884766,53.220001220703125,39.84039688110352,3198100
2011-10-28,53.11000061035156,53.11000061035156,52.77999877929688,53.04999923706055,39.71311950683594,1927600
2011-10-31,52.59999847412109,52.79999923706055,52.08000183105469,52.11000061035156,39.00945281982422,2830200
2011-11-01,50.970001220703125,51.52000045776367,50.65999984741211,50.790000915527344,38.021297454833984,2755800
2011-11-02,51.47999954223633,51.81999969482422,51.209999084472656,51.61000061035156,38.63515090942383,1630000
2011-11-03,52.08000183105469,52.650001525878906,51.650001525878906,52.540000915527344,39.33134078979492,2024100
2011-11-04,52.2599983215332,52.34000015258789,51.70000076293945,52.27999877929688,39.13671875,2695700
2011-11-07,52.25,52.5,51.68999862670898,52.4900016784668,39.29390335083008,881800
2011-11-08,52.68999862670898,52.90999984741211,52.040000915527344,52.84999847412109,39.56341171264648,1678200
2011-11-09,51.93000030517578,52.08000183105469,51.13999938964844,51.31999969482422,38.418060302734375,1887500
2011-11-10,51.86000061035156,52.060001373291016,51.5,51.810001373291016,38.78488159179688,1584200
2011-11-11,52.38999938964844,52.810001373291016,52.31999969482422,52.70000076293945,39.45111846923828,961200
2011-11-14,52.630001068115234,52.630001068115234,52.06999969482422,52.2400016784668,39.10675430297852,3057900
2011-11-15,52.08000183105469,52.65999984741211,51.95000076293945,52.47999954223633,39.28642654418945,912900
2011-11-16,52.04999923706055,52.61000061035156,51.79999923706055,51.869998931884766,38.82978057861328,2046700
2011-11-17,51.84999847412109,52.09000015258789,51.119998931884766,51.4900016784668,38.54531478881836,1380200
2011-11-18,51.61000061035156,51.75,51.33000183105469,51.54999923706055,38.59024429321289,1122200
2011-11-21,51.0,51.040000915527344,50.25,50.66999816894531,37.93145751953125,8384700
2011-11-22,50.56999969482422,50.7599983215332,50.18000030517578,50.369998931884766,37.70688629150391,970100
2011-11-23,50.0,50.06999969482422,49.34999847412109,49.470001220703125,37.03314208984375,1798400
2011-11-25,49.33000183105469,49.90999984741211,49.310001373291016,49.43000030517578,37.00320053100586,985900
2011-11-28,50.52000045776367,50.84000015258789,50.31999969482422,50.59000015258789,37.87157440185547,1315600
2011-11-29,50.77999877929688,51.18000030517578,50.63999938964844,51.0,38.17850112915039,1236600
2011-11-30,52.2599983215332,52.86000061035156,52.16999816894531,52.83000183105469,39.54843521118164,1683300
2011-12-01,52.70000076293945,52.97999954223633,52.540000915527344,52.65999984741211,39.42117691040039,2296800
2011-12-02,53.09999847412109,53.09999847412109,52.29999923706055,52.33000183105469,39.17413330078125,1552000
2011-12-05,53.06999969482422,53.16999816894531,52.5099983215332,52.77999877929688,39.51100540161133,1769600
2011-12-06,52.77999877929688,53.09999847412109,52.63999938964844,52.84000015258789,39.55592727661133,2603700
2011-12-07,52.810001373291016,53.09000015258789,52.29999923706055,52.81999969482422,39.54095458984375,1698800
2011-12-08,52.65999984741211,52.720001220703125,51.81999969482422,51.95000076293945,38.88966751098633,1374900
2011-12-09,52.130001068115234,52.84999847412109,52.08000183105469,52.720001220703125,39.46607971191406,2169200
2011-12-12,52.380001068115234,52.52000045776367,51.84999847412109,52.2599983215332,39.12172317504883,1929500
2011-12-13,52.540000915527344,52.88999938964844,51.880001068115234,52.119998931884766,39.016937255859375,1089700
2011-12-14,51.97999954223633,52.13999938964844,51.630001068115234,51.68999862670898,38.69503021240234,1484800
2011-12-15,52.08000183105469,52.34999847412109,51.93999862670898,52.220001220703125,39.091793060302734,2172400
2011-12-16,52.36000061035156,52.75,52.11000061035156,52.25,39.1142463684082,2030900
2011-12-19,52.47999954223633,52.709999084472656,51.68999862670898,51.83000183105469,38.799835205078125,2484000
2011-12-20,52.52999877929688,53.18999862670898,52.45000076293945,53.13999938964844,39.78050231933594,1514400
2011-12-21,53.25,53.72999954223633,53.06999969482422,53.68000030517578,40.18474578857422,2013600
2011-12-22,53.43999862670898,53.59999847412109,53.2599983215332,53.43999862670898,40.33797836303711,2346000
2011-12-23,53.650001525878906,53.90999984741211,53.54999923706055,53.84999847412109,40.64745330810547,1410600
2011-12-27,53.84999847412109,54.220001220703125,53.75,54.09999847412109,40.83615493774414,1563300
2011-12-28,54.209999084472656,54.22999954223633,53.54999923706055,53.61000061035156,40.4662971496582,1450500
2011-12-29,53.790000915527344,54.18000030517578,53.720001220703125,54.15999984741211,40.88145446777344,1569500
2011-12-30,54.18000030517578,54.18000030517578,53.77000045776367,53.77000045776367,40.58707427978516,1742700
2012-01-03,54.59000015258789,54.630001068115234,53.81999969482422,53.880001068115234,40.67010498046875,2058600
2012-01-04,53.81999969482422,53.86000061035156,53.63999938964844,53.709999084472656,40.541778564453125,1778600
2012-01-05,53.58000183105469,53.88999938964844,53.130001068115234,53.81999969482422,40.62479782104492,1600800
2012-01-06,53.900001525878906,53.93999862670898,53.47999954223633,53.68000030517578,40.519134521484375,1723200
2012-01-09,53.81999969482422,53.84999847412109,53.45000076293945,53.77000045776367,40.58707427978516,2400200
2012-01-10,54.20000076293945,54.34000015258789,54.060001373291016,54.130001068115234,40.85880279541016,2102500
2012-01-11,54.02999877929688,54.04999923706055,53.86000061035156,53.970001220703125,40.7380256652832,1564200
2012-01-12,54.130001068115234,54.18000030517578,53.77000045776367,54.130001068115234,40.85880279541016,1406500
2012-01-13,53.93000030517578,53.9900016784668,53.59000015258789,53.9900016784668,40.75313186645508,1071300
2012-01-17,54.41999816894531,54.540000915527344,53.93999862670898,53.97999954223633,40.74558639526367,2233900
2012-01-18,54.0,54.33000183105469,53.869998931884766,54.33000183105469,41.00977325439453,1092000
2012-01-19,54.41999816894531,54.43000030517578,54.04999923706055,54.290000915527344,40.97957992553711,1488700
2012-01-20,54.22999954223633,54.27999877929688,54.060001373291016,54.27999877929688,40.97203063964844,1172900
2012-01-23,54.27999877929688,54.4900016784668,54.0,54.18999862670898,40.90409469604492,1358300
2012-01-24,54.0,54.04999923706055,53.7599983215332,54.040000915527344,40.79087829589844,1942500
2012-01-25,53.90999984741211,54.630001068115234,53.59999847412109,54.540000915527344,41.16828536987305,1756700
2012-01-26,54.650001525878906,54.72999954223633,54.27999877929688,54.459999084472656,41.107906341552734,2160000
2012-01-27,54.31999969482422,54.34000015258789,53.880001068115234,54.08000183105469,40.82106018066406,1745800
2012-01-30,53.70000076293945,53.93000030517578,53.5099983215332,53.86000061035156,40.65501022338867,1580700
2012-01-31,54.0,54.150001525878906,53.560001373291016,53.77999877929688,40.5946159362793,1609600
2012-02-01,54.02999877929688,54.45000076293945,54.02999877929688,54.27999877929688,40.97203063964844,1568300
2012-02-02,54.38999938964844,54.5,54.27000045776367,54.33000183105469,41.00977325439453,1219300
2012-02-03,54.790000915527344,54.93000030517578,54.72999954223633,54.88999938964844,41.43247222900391,1621100
2012-02-06,54.7599983215332,54.86000061035156,54.650001525878906,54.75,41.32679748535156,1158000
2012-02-07,54.68000030517578,55.09999847412109,54.56999969482422,55.0099983215332,41.523048400878906,1625900
2012-02-08,54.970001220703125,55.119998931884766,54.7599983215332,55.08000183105469,41.57589721679688,1271800
2012-02-09,55.209999084472656,55.27000045776367,54.959999084472656,55.27000045776367,41.71930694580078,1268800
2012-02-10,54.88999938964844,54.91999816894531,54.68999862670898,54.86000061035156,41.40983581542969,1100900
2012-02-13,55.08000183105469,55.220001220703125,54.91999816894531,55.06999969482422,41.56834030151367,1062600
2012-02-14,54.95000076293945,54.970001220703125,54.61000061035156,54.93999862670898,41.47021865844727,1044800
2012-02-15,55.02999877929688,55.08000183105469,54.59999847412109,54.77000045776367,41.34189224243164,991100
2012-02-16,54.77000045776367,55.43999862670898,54.7400016784668,55.36000061035156,41.78724670410156,2123500
2012-02-17,55.459999084472656,55.61000061035156,55.43999862670898,55.560001373291016,41.93821334838867,1196900
2012-02-21,55.66999816894531,55.869998931884766,55.380001068115234,55.47999954223633,41.87782669067383,1226500
2012-02-22,55.540000915527344,55.65999984741211,55.27000045776367,55.40999984741211,41.82497787475586,1074800
2012-02-23,55.40999984741211,55.65999984741211,55.29999923706055,55.61000061035156,41.97594451904297,1118000
2012-02-24,55.72999954223633,55.84999847412109,55.58000183105469,55.65999984741211,42.01369094848633,1068000
2012-02-27,55.459999084472656,55.81999969482422,55.209999084472656,55.630001068115234,41.99106216430664,1653000
2012-02-28,55.70000076293945,55.7400016784668,55.38999938964844,55.58000183105469,41.953311920166016,1190700
2012-02-29,55.70000076293945,55.790000915527344,55.33000183105469,55.41999816894531,41.83253479003906,1103700
2012-03-01,55.540000915527344,55.68999862670898,55.33000183105469,55.52000045776367,41.90801239013672,1415300
2012-03-02,55.470001220703125,55.52999877929688,55.20000076293945,55.29999923706055,41.741943359375,885100
2012-03-05,55.290000915527344,55.470001220703125,55.04999923706055,55.43000030517578,41.84008026123047,2263000
2012-03-06,55.11000061035156,55.11000061035156,54.70000076293945,54.79999923706055,41.364540100097656,1273700
2012-03-07,54.959999084472656,55.09000015258789,54.650001525878906,55.02000045776367,41.53060150146485,1135600
2012-03-08,55.31999969482422,55.52000045776367,55.11000061035156,55.470001220703125,41.87027740478516,923500
2012-03-09,55.54999923706055,55.83000183105469,55.38999938964844,55.7599983215332,42.08917617797852,835700
2012-03-12,55.810001373291016,56.02999877929688,55.720001220703125,55.970001220703125,42.24769592285156,754000
2012-03-13,56.150001525878906,56.58000183105469,56.040000915527344,56.58000183105469,42.70813751220703,2029400
2012-03-14,56.59000015258789,56.619998931884766,56.11000061035156,56.209999084472656,42.42885971069336,1461800
2012-03-15,56.310001373291016,56.36000061035156,55.97999954223633,56.31999969482422,42.51187515258789,1403200
2012-03-16,56.34000015258789,56.380001068115234,56.16999816894531,56.2599983215332,42.46658706665039,1742000
2012-03-19,56.209999084472656,56.5,56.13999938964844,56.29999923706055,42.49678802490234,1326100
2012-03-20,56.08000183105469,56.22999954223633,55.91999816894531,56.150001525878906,42.383544921875,1401100
2012-03-21,56.18000030517578,56.220001220703125,55.95000076293945,56.09000015258789,42.33827209472656,1164500
2012-03-22,55.84999847412109,55.84999847412109,55.540000915527344,55.790000915527344,42.11182403564453,1220600
2012-03-23,55.83000183105469,56.02000045776367,55.540000915527344,55.9900016784668,42.26278305053711,1622000
2012-03-26,55.7400016784668,56.06999969482422,55.7400016784668,56.02000045776367,42.67106246948242,1418400
2012-03-27,56.09000015258789,56.22999954223633,56.02000045776367,56.02999877929688,42.678688049316406,1222300
2012-03-28,56.0,56.060001373291016,55.52999877929688,55.790000915527344,42.49586486816406,1185100
2012-03-29,55.5,55.88999938964844,55.220001220703125,55.81999969482422,42.51872634887695,2618200
2012-03-30,56.02999877929688,56.06999969482422,55.84999847412109,55.959999084472656,42.6253547668457,890300
2012-04-02,55.97999954223633,56.59000015258789,55.91999816894531,56.380001068115234,42.945274353027344,1366200
2012-04-03,56.34999847412109,56.41999816894531,55.970001220703125,56.310001373291016,42.89196395874024,1288500
2012-04-04,55.9900016784668,56.09999847412109,55.86000061035156,55.97999954223633,42.64059066772461,1797600
2012-04-05,55.83000183105469,55.9900016784668,55.630001068115234,55.81999969482422,42.51872634887695,2148000
2012-04-09,55.25,55.43000030517578,55.119998931884766,55.310001373291016,42.130252838134766,1535500
2012-04-10,55.150001525878906,55.18999862670898,54.38999938964844,54.41999816894531,41.45232391357422,2226600
2012-04-11,54.810001373291016,54.90999984741211,54.72999954223633,54.84999847412109,41.77986145019531,861200
2012-04-12,54.93000030517578,55.400001525878906,54.83000183105469,55.380001068115234,42.18356704711914,2259500
2012-04-13,55.27000045776367,55.38999938964844,54.959999084472656,54.9900016784668,41.88649368286133,1201400
2012-04-16,55.150001525878906,55.40999984741211,54.9900016784668,55.209999084472656,42.05407333374024,777600
2012-04-17,55.470001220703125,55.880001068115234,55.25,55.79999923706055,42.50347518920898,997900
2012-04-18,55.650001525878906,55.77000045776367,55.5,55.65999984741211,42.3968391418457,737800
2012-04-19,55.68999862670898,55.790000915527344,55.22999954223633,55.43999862670898,42.22925567626953,1023500
2012-04-20,55.66999816894531,56.16999816894531,55.66999816894531,55.93999862670898,42.6101188659668,790900
2012-04-23,55.54999923706055,55.56999969482422,55.27000045776367,55.5099983215332,42.2825927734375,1030300
2012-04-24,55.58000183105469,56.0,55.58000183105469,55.91999816894531,42.59488677978516,1296700
2012-04-25,56.18999862670898,56.38999938964844,56.08000183105469,56.33000183105469,42.907188415527344,1160700
2012-04-26,56.25,56.84000015258789,56.220001220703125,56.77999877929688,43.24996566772461,738400
2012-04-27,56.959999084472656,56.970001220703125,56.61000061035156,56.880001068115234,43.32613754272461,870700
2012-04-30,56.79999923706055,56.81999969482422,56.59999847412109,56.68999862670898,43.1814079284668,715100
2012-05-01,56.68999862670898,57.25,56.540000915527344,56.88999938964844,43.33374786376953,1311600
2012-05-02,56.650001525878906,56.7599983215332,56.47999954223633,56.709999084472656,43.19664001464844,837000
2012-05-03,56.720001220703125,56.84999847412109,56.380001068115234,56.47999954223633,43.02145385742188,536100
2012-05-04,56.29999923706055,56.40999984741211,55.90999984741211,55.97999954223633,42.64059066772461,955100
2012-05-07,55.84999847412109,56.06999969482422,55.79999923706055,55.93000030517578,42.60250473022461,1100000
2012-05-08,55.720001220703125,55.9900016784668,55.52999877929688,55.95000076293945,42.61774826049805,1167500
2012-05-09,55.52000045776367,55.95000076293945,55.27999877929688,55.59999847412109,42.35114288330078,1255500
2012-05-10,55.95000076293945,56.15999984741211,55.79999923706055,55.97999954223633,42.64059066772461,662400
2012-05-11,55.79999923706055,56.22999954223633,55.75,55.81999969482422,42.51872634887695,765100
2012-05-14,55.5,55.79999923706055,55.25,55.52999877929688,42.29783248901367,990100
2012-05-15,55.43000030517578,55.59000015258789,55.0,55.16999816894531,42.02360916137695,807400
2012-05-16,55.290000915527344,55.52999877929688,55.09000015258789,55.09000015258789,41.962669372558594,647000
2012-05-17,55.09999847412109,55.150001525878906,54.27999877929688,54.310001373291016,41.3685302734375,1185500
2012-05-18,54.43999862670898,54.59999847412109,53.869998931884766,53.97999954223633,41.11716842651367,1339600
2012-05-21,54.11000061035156,54.560001373291016,53.93999862670898,54.560001373291016,41.5589599609375,1241200
2012-05-22,54.66999816894531,54.88999938964844,54.4900016784668,54.68999862670898,41.65797424316406,1330000
2012-05-23,54.5099983215332,54.77999877929688,54.02999877929688,54.68000030517578,41.65037155151367,868000
2012-05-24,54.790000915527344,55.08000183105469,54.59000015258789,55.06999969482422,41.94743347167969,638400
2012-05-25,55.09000015258789,55.27000045776367,54.83000183105469,54.97999954223633,41.87887954711914,588600
2012-05-29,55.18999862670898,55.400001525878906,55.060001373291016,55.38999938964844,42.191184997558594,659200
2012-05-30,55.06999969482422,55.130001068115234,54.70000076293945,54.7599983215332,41.7113037109375,706000
2012-05-31,54.77000045776367,55.22999954223633,54.470001220703125,54.900001525878906,41.81795883178711,1011000
2012-06-01,54.2599983215332,54.369998931884766,53.77000045776367,53.83000183105469,41.00291442871094,2036100
2012-06-04,53.790000915527344,53.88999938964844,53.43999862670898,53.72999954223633,40.926734924316406,911700
2012-06-05,53.63999938964844,54.06999969482422,53.52999877929688,53.97999954223633,41.11716842651367,920000
2012-06-06,54.27999877929688,54.88999938964844,54.27000045776367,54.869998931884766,41.79508972167969,1074500
2012-06-07,55.33000183105469,55.47999954223633,55.040000915527344,55.119998931884766,41.98551940917969,1614200
2012-06-08,55.040000915527344,55.47999954223633,54.88999938964844,55.470001220703125,42.25211715698242,1531500
2012-06-11,55.790000915527344,55.84999847412109,54.95000076293945,55.0099983215332,41.90172576904297,860800
2012-06-12,55.13999938964844,55.369998931884766,54.81999969482422,55.369998931884766,42.17594909667969,827200
2012-06-13,55.25,55.560001373291016,54.970001220703125,55.13999938964844,42.000755310058594,741800
2012-06-14,55.15999984741211,55.650001525878906,55.119998931884766,55.4900016784668,42.26735305786133,4894500
2012-06-15,55.65999984741211,55.9900016784668,55.61000061035156,55.88999938964844,42.57204055786133,1434500
2012-06-18,55.790000915527344,56.18000030517578,55.70000076293945,56.150001525878906,42.77008438110352,1598000
2012-06-19,55.810001373291016,56.13999938964844,55.650001525878906,55.90999984741211,42.99694442749024,1371100
2012-06-20,55.869998931884766,55.90999984741211,55.38999938964844,55.630001068115234,42.7816162109375,996900
2012-06-21,55.70000076293945,55.869998931884766,54.75,54.790000915527344,42.1356201171875,1068400
2012-06-22,55.0,55.15999984741211,54.790000915527344,55.060001373291016,42.34326553344727,663200
2012-06-25,54.66999816894531,54.66999816894531,54.25,54.470001220703125,41.889530181884766,919900
2012-06-26,54.59999847412109,54.790000915527344,54.27999877929688,54.61000061035156,41.9972038269043,939400
2012-06-27,54.72999954223633,55.2400016784668,54.72999954223633,55.13999938964844,42.40478897094727,630900
2012-06-28,54.93999862670898,55.34000015258789,54.619998931884766,55.29999923706055,42.52782440185547,844900
2012-06-29,56.06999969482422,56.220001220703125,55.95000076293945,56.18999862670898,43.21227264404297,1031900
2012-07-02,56.310001373291016,56.5,56.11000061035156,56.459999084472656,43.41992568969727,792000
2012-07-03,56.5,56.75,56.34999847412109,56.75,43.64294052124024,932500
2012-07-05,56.630001068115234,56.7400016784668,56.400001525878906,56.560001373291016,43.496829986572266,778400
2012-07-06,56.150001525878906,56.45000076293945,56.09999847412109,56.40999984741211,43.381473541259766,997500
2012-07-09,56.369998931884766,56.380001068115234,56.040000915527344,56.25,43.2584228515625,625800
2012-07-10,56.38999938964844,56.56999969482422,55.93000030517578,56.09000015258789,43.135379791259766,833900
2012-07-11,56.130001068115234,56.22999954223633,55.84999847412109,56.11000061035156,43.1507568359375,846000
2012-07-12,55.880001068115234,56.16999816894531,55.70000076293945,56.02999877929688,43.0892333984375,1692300
2012-07-13,56.09999847412109,56.77999877929688,56.09999847412109,56.77999877929688,43.666015625,706300
2012-07-16,56.66999816894531,56.810001373291016,56.459999084472656,56.63999938964844,43.55835723876953,641800
2012-07-17,56.79999923706055,57.15999984741211,56.45000076293945,57.119998931884766,43.927490234375,757300
2012-07-18,57.0099983215332,57.47999954223633,56.93000030517578,57.43999862670898,44.17358016967773,870100
2012-07-19,57.5,57.77000045776367,57.15999984741211,57.619998931884766,44.312007904052734,965600
2012-07-20,57.310001373291016,57.619998931884766,57.2599983215332,57.369998931884766,44.1197509765625,752900
2012-07-23,56.790000915527344,56.95000076293945,56.63999938964844,56.83000183105469,43.7044677734375,776000
2012-07-24,56.90999984741211,56.93999862670898,56.09000015258789,56.380001068115234,43.35839080810547,929300
2012-07-25,56.459999084472656,56.470001220703125,55.95000076293945,56.04999923706055,43.104610443115234,879600
2012-07-26,56.70000076293945,56.900001525878906,56.5099983215332,56.75,43.64294052124024,775600
2012-07-27,56.9900016784668,57.790000915527344,56.9900016784668,57.59999847412109,44.29662322998047,919800
2012-07-30,57.5099983215332,57.84999847412109,57.40999984741211,57.650001525878906,44.335086822509766,953100
2012-07-31,57.59000015258789,57.66999816894531,57.33000183105469,57.33000183105469,44.0889892578125,2914100
2012-08-01,57.56999969482422,57.77000045776367,57.09999847412109,57.11000061035156,43.91979217529297,943100
2012-08-02,56.810001373291016,56.93999862670898,56.31999969482422,56.75,43.64294052124024,867000
2012-08-03,57.47999954223633,57.70000076293945,57.34000015258789,57.54999923706055,44.2581787109375,1381900
2012-08-06,57.75,57.81999969482422,57.459999084472656,57.4900016784668,44.2120361328125,1021500
2012-08-07,57.540000915527344,57.68999862670898,57.369998931884766,57.380001068115234,44.12742614746094,964500
2012-08-08,57.209999084472656,57.540000915527344,57.18999862670898,57.52000045776367,44.23509979248047,984800
2012-08-09,57.45000076293945,57.58000183105469,57.27999877929688,57.41999816894531,44.15819549560547,605000
2012-08-10,57.27999877929688,57.59000015258789,57.18000030517578,57.58000183105469,44.28125381469727,621300
2012-08-13,57.5099983215332,57.54999923706055,57.22999954223633,57.4900016784668,44.2120361328125,606500
2012-08-14,57.650001525878906,57.72999954223633,57.40999984741211,57.540000915527344,44.250484466552734,849100
2012-08-15,57.47999954223633,57.619998931884766,57.43000030517578,57.52999877929688,44.24278259277344,954900
2012-08-16,57.58000183105469,57.81999969482422,57.400001525878906,57.810001373291016,44.458126068115234,836500
2012-08-17,57.79999923706055,57.95000076293945,57.709999084472656,57.93000030517578,44.5504035949707,403100
2012-08-20,57.83000183105469,57.900001525878906,57.66999816894531,57.880001068115234,44.51195526123047,680300
2012-08-21,57.970001220703125,58.09999847412109,57.58000183105469,57.59000015258789,44.28893280029297,801200
2012-08-22,57.54999923706055,57.66999816894531,57.27000045776367,57.400001525878906,44.1428108215332,689800
2012-08-23,57.31999969482422,57.400001525878906,56.900001525878906,57.0099983215332,43.842891693115234,799100
2012-08-24,56.93999862670898,57.43000030517578,56.869998931884766,57.33000183105469,44.0889892578125,856900
2012-08-27,57.43000030517578,57.4900016784668,57.27000045776367,57.34999847412109,44.10436630249024,929400
2012-08-28,57.2599983215332,57.540000915527344,57.18999862670898,57.40999984741211,44.15050506591797,660000
2012-08-29,57.45000076293945,57.560001373291016,57.27000045776367,57.43999862670898,44.17358016967773,467000
2012-08-30,57.27000045776367,57.290000915527344,57.02000045776367,57.16999816894531,43.9659538269043,856200
2012-08-31,57.36000061035156,57.4900016784668,57.02999877929688,57.16999816894531,43.9659538269043,782000
2012-09-04,57.18999862670898,57.470001220703125,56.880001068115234,57.33000183105469,44.0889892578125,927900
2012-09-05,57.34999847412109,57.41999816894531,57.16999816894531,57.25,44.02745819091797,1738800
2012-09-06,57.470001220703125,58.150001525878906,57.470001220703125,58.150001525878906,44.71961212158203,1095200
2012-09-07,58.27999877929688,58.290000915527344,58.0099983215332,58.08000183105469,44.66576766967773,514400
2012-09-10,58.02000045776367,58.25,58.0,58.04999923706055,44.642696380615234,943100
2012-09-11,58.02000045776367,58.18999862670898,57.959999084472656,58.02999877929688,44.6273193359375,2243400
2012-09-12,58.119998931884766,58.16999816894531,57.90999984741211,57.97999954223633,44.58885955810547,826600
2012-09-13,57.90999984741211,58.709999084472656,57.869998931884766,58.630001068115234,45.08872985839844,1145800
2012-09-14,58.70000076293945,58.93000030517578,58.380001068115234,58.540000915527344,45.019527435302734,1097800
2012-09-17,58.459999084472656,58.58000183105469,58.18000030517578,58.29999923706055,44.83496856689453,673600
2012-09-18,58.25,58.34999847412109,58.130001068115234,58.290000915527344,44.82727813720703,1034000
2012-09-19,58.38999938964844,58.540000915527344,58.20000076293945,58.45000076293945,44.9503059387207,3566600
2012-09-20,58.31999969482422,58.59000015258789,58.209999084472656,58.52999877929688,45.011837005615234,1286400
2012-09-21,58.7599983215332,58.81999969482422,58.56999969482422,58.59999847412109,45.065650939941406,1205500
2012-09-24,58.470001220703125,58.79999923706055,58.400001525878906,58.68999862670898,45.1348762512207,902400
2012-09-25,58.27999877929688,58.400001525878906,57.79999923706055,57.83000183105469,44.87723922729492,772900
2012-09-26,57.79999923706055,58.02999877929688,57.650001525878906,57.709999084472656,44.78410720825195,994800
2012-09-27,57.810001373291016,57.970001220703125,57.52000045776367,57.7400016784668,44.80739212036133,833600
2012-09-28,57.58000183105469,57.77000045776367,57.29999923706055,57.68000030517578,44.760841369628906,618300
2012-10-01,57.83000183105469,58.04999923706055,57.59999847412109,57.709999084472656,44.78410720825195,1716600
2012-10-02,57.869998931884766,57.9900016784668,57.59999847412109,57.84000015258789,44.88499450683594,982400
2012-10-03,57.88999938964844,58.25,57.75,58.09000015258789,45.07900619506836,1136200
2012-10-04,58.18999862670898,58.58000183105469,58.18999862670898,58.47999954223633,45.381649017333984,1361500
2012-10-05,58.66999816894531,58.86000061035156,58.470001220703125,58.59999847412109,45.47476959228516,478000
2012-10-08,58.540000915527344,58.59000015258789,58.369998931884766,58.52000045776367,45.41270065307617,370800
2012-10-09,58.58000183105469,58.63999938964844,58.18000030517578,58.209999084472656,45.17212677001953,1678000
2012-10-10,58.20000076293945,58.2400016784668,57.83000183105469,57.900001525878906,44.93156814575195,2429300
2012-10-11,58.06999969482422,58.18000030517578,57.869998931884766,57.869998931884766,44.90827560424805,1615300
2012-10-12,57.90999984741211,58.06999969482422,57.5099983215332,57.58000183105469,44.68324661254883,1401700
2012-10-15,57.63999938964844,58.02000045776367,57.470001220703125,57.9900016784668,45.00139617919922,775300
2012-10-16,58.20000076293945,58.369998931884766,58.130001068115234,58.33000183105469,45.265254974365234,836500
2012-10-17,58.45000076293945,58.970001220703125,58.40999984741211,58.90999984741211,45.71533203125,837700
2012-10-18,58.810001373291016,59.08000183105469,58.7599983215332,59.02999877929688,45.80846405029297,1027800
2012-10-19,58.880001068115234,58.959999084472656,58.150001525878906,58.25,45.203155517578125,823400
2012-10-22,58.18000030517578,58.27999877929688,57.84999847412109,58.15999984741211,45.13331604003906,565700
2012-10-23,57.7400016784668,57.77999877929688,57.20000076293945,57.56999969482422,44.675479888916016,1088800
2012-10-24,57.61000061035156,57.70000076293945,57.310001373291016,57.400001525878906,44.54355239868164,1322800
2012-10-25,57.61000061035156,58.70000076293945,57.2400016784668,57.630001068115234,44.7220344543457,936100
2012-10-26,57.59999847412109,57.7400016784668,57.33000183105469,57.59999847412109,44.698760986328125,1164700
2012-10-31,57.77000045776367,58.04999923706055,57.56999969482422,57.83000183105469,44.87723922729492,1000400
2012-11-01,57.93999862670898,58.45000076293945,57.90999984741211,58.2599983215332,45.21092987060547,1047300
2012-11-02,58.5,58.5,57.56999969482422,57.59999847412109,44.698760986328125,461000
2012-11-05,57.47999954223633,57.540000915527344,57.13999938964844,57.43999862670898,44.5745964050293,667800
2012-11-06,57.59000015258789,58.02999877929688,57.560001373291016,57.83000183105469,44.87723922729492,614200
2012-11-07,57.540000915527344,57.54999923706055,56.2599983215332,56.59999847412109,43.9227409362793,1719300
2012-11-08,56.59000015258789,56.869998931884766,56.11000061035156,56.119998931884766,43.55023956298828,1139000
2012-11-09,55.9900016784668,56.47999954223633,55.810001373291016,56.060001373291016,43.50368881225586,916500
2012-11-12,56.119998931884766,56.16999816894531,55.790000915527344,55.90999984741211,43.38728332519531,1039700
2012-11-13,55.720001220703125,56.33000183105469,55.54999923706055,55.84000015258789,43.33295440673828,1561300
2012-11-14,56.0,56.02999877929688,54.959999084472656,55.09000015258789,42.75094223022461,2167600
2012-11-15,55.06999969482422,55.34000015258789,54.66999816894531,54.91999816894531,42.61902618408203,2559300
2012-11-16,54.95000076293945,55.540000915527344,54.68999862670898,55.45000076293945,43.03031921386719,2735800
2012-11-19,56.02999877929688,56.18999862670898,55.869998931884766,56.18999862670898,43.60455322265625,1040000
2012-11-20,56.13999938964844,56.380001068115234,55.93000030517578,56.34000015258789,43.7209587097168,1026400
2012-11-21,56.34999847412109,56.40999984741211,56.15999984741211,56.369998931884766,43.74425506591797,1320700
2012-11-23,56.560001373291016,56.84000015258789,56.43000030517578,56.83000183105469,44.10122299194336,291700
2012-11-26,56.63999938964844,56.97999954223633,56.630001068115234,56.93000030517578,44.17882537841797,842300
2012-11-27,56.88999938964844,57.20000076293945,56.84000015258789,56.86000061035156,44.12449645996094,857900
2012-11-28,56.68999862670898,57.22999954223633,56.369998931884766,57.209999084472656,44.3961067199707,859100
2012-11-29,57.29999923706055,57.52000045776367,57.16999816894531,57.45000076293945,44.58235931396485,944800
2012-11-30,57.52000045776367,57.75,57.45000076293945,57.63999938964844,44.72978973388672,1641400
2012-12-03,57.77999877929688,57.900001525878906,57.34999847412109,57.400001525878906,44.54355239868164,1124800
2012-12-04,57.34000015258789,57.52999877929688,57.119998931884766,57.220001220703125,44.40386962890625,781300
2012-12-05,57.25,57.77000045776367,57.060001373291016,57.560001373291016,44.66772079467773,1658000
2012-12-06,57.560001373291016,57.720001220703125,57.47999954223633,57.63999938964844,44.72978973388672,842500
2012-12-07,57.77999877929688,57.84000015258789,57.47999954223633,57.75,44.81515121459961,900200
2012-12-10,57.68999862670898,57.90999984741211,57.68000030517578,57.83000183105469,44.87723922729492,2028500
2012-12-11,57.970001220703125,58.16999816894531,57.84999847412109,58.040000915527344,45.04021453857422,2412900
2012-12-12,58.08000183105469,58.34000015258789,57.81999969482422,57.88999938964844,44.92379379272461,1325700
2012-12-13,57.900001525878906,57.93000030517578,57.470001220703125,57.61000061035156,44.70651245117188,1033600
2012-12-14,57.59999847412109,57.68999862670898,57.43999862670898,57.4900016784668,44.61339569091797,1173100
2012-12-17,57.619998931884766,58.119998931884766,57.58000183105469,58.09999847412109,45.08676528930664,1255000
2012-12-18,58.18000030517578,58.70000076293945,58.060001373291016,58.650001525878906,45.513580322265625,1591500
2012-12-19,58.18999862670898,58.20000076293945,57.79999923706055,57.81999969482422,45.29500961303711,1805300
2012-12-20,57.81999969482422,58.09000015258789,57.75,58.08000183105469,45.49870681762695,993700
2012-12-21,57.34000015258789,57.83000183105469,57.34000015258789,57.619998931884766,45.13834381103516,1973400
2012-12-24,57.5,57.619998931884766,57.290000915527344,57.40999984741211,44.97382354736328,1245100
2012-12-26,57.560001373291016,57.56999969482422,57.08000183105469,57.11000061035156,44.73881530761719,966600
2012-12-27,57.13999938964844,57.25,56.40999984741211,56.95000076293945,44.61347198486328,2327100
2012-12-28,56.68999862670898,57.0,56.40999984741211,56.40999984741211,44.1904411315918,1002100
2012-12-31,56.38999938964844,57.29999923706055,56.220001220703125,57.2400016784668,44.84064483642578,1580000
2013-01-02,58.20000076293945,58.540000915527344,58.09999847412109,58.540000915527344,45.85904693603516,2311500
2013-01-03,58.54999923706055,58.75,58.38999938964844,58.52000045776367,45.8433837890625,1458200
2013-01-04,58.68999862670898,58.900001525878906,58.56999969482422,58.86000061035156,46.10971832275391,1059200
2013-01-07,58.68999862670898,58.709999084472656,58.380001068115234,58.45000076293945,45.78854751586914,1130200
2013-01-08,58.310001373291016,58.43000030517578,58.09000015258789,58.220001220703125,45.60836791992188,1081700
2013-01-09,58.31999969482422,58.43999862670898,58.18000030517578,58.34000015258789,45.70237350463867,1050700
2013-01-10,58.72999954223633,58.75,58.38999938964844,58.61000061035156,45.913875579833984,1092200
2013-01-11,58.63999938964844,58.66999816894531,58.380001068115234,58.56999969482422,45.882545471191406,851300
2013-01-14,58.61000061035156,58.68999862670898,58.5,58.619998931884766,45.92171096801758,1031800
2013-01-15,58.45000076293945,58.77000045776367,58.400001525878906,58.75,46.02355194091797,837500
2013-01-16,58.61000061035156,58.65999984741211,58.470001220703125,58.5,45.82771301269531,770200
2013-01-17,58.70000076293945,59.150001525878906,58.65999984741211,59.02000045776367,46.23505401611328,1166300
2013-01-18,59.11000061035156,59.27000045776367,58.900001525878906,59.25,46.41523361206055,793200
2013-01-22,59.22999954223633,59.7599983215332,59.150001525878906,59.7400016784668,46.799102783203125,1048500
2013-01-23,59.709999084472656,59.709999084472656,59.369998931884766,59.4900016784668,46.603248596191406,1298100
2013-01-24,59.58000183105469,59.84000015258789,59.540000915527344,59.66999816894531,46.744266510009766,908900
2013-01-25,59.84000015258789,59.90999984741211,59.56999969482422,59.88999938964844,46.91660690307617,1028000
2013-01-28,59.869998931884766,59.95000076293945,59.63999938964844,59.90999984741211,46.93227767944336,995000
2013-01-29,59.79999923706055,60.2400016784668,59.79999923706055,60.18000030517578,47.14377975463867,1343400
2013-01-30,60.20000076293945,60.29999923706055,59.91999816894531,60.0099983215332,47.01060485839844,1193600
2013-01-31,59.90999984741211,60.18999862670898,59.90999984741211,60.130001068115234,47.10462951660156,871200
2013-02-01,60.38999938964844,60.63999938964844,60.310001373291016,60.56999969482422,47.44930267333984,1138800
2013-02-04,60.310001373291016,60.34000015258789,59.93000030517578,60.02000045776367,47.01844787597656,1134800
2013-02-05,60.18999862670898,60.43000030517578,60.150001525878906,60.18999862670898,47.151615142822266,1903900
2013-02-06,60.02000045776367,60.43000030517578,59.93999862670898,60.43000030517578,47.339637756347656,1112400
2013-02-07,60.470001220703125,60.58000183105469,60.060001373291016,60.45000076293945,47.35529327392578,1090700
2013-02-08,60.470001220703125,60.650001525878906,60.43000030517578,60.650001525878906,47.51197814941406,738900
2013-02-11,60.59000015258789,60.70000076293945,60.5,60.68000030517578,47.53546142578125,609900
2013-02-12,60.66999816894531,60.86000061035156,60.619998931884766,60.84000015258789,47.66082000732422,1081400
2013-02-13,60.66999816894531,60.91999816894531,60.66999816894531,60.86000061035156,47.67648696899414,1112700
2013-02-14,60.68999862670898,60.790000915527344,60.560001373291016,60.650001525878906,47.51197814941406,728400
2013-02-15,60.7599983215332,60.970001220703125,60.68000030517578,60.880001068115234,47.69215774536133,748300
2013-02-19,60.900001525878906,61.34999847412109,60.900001525878906,61.34999847412109,48.06033706665039,1207700
2013-02-20,61.31999969482422,61.369998931884766,60.790000915527344,60.81999969482422,47.6451530456543,1036400
2013-02-21,60.650001525878906,60.75,60.400001525878906,60.54999923706055,47.43363571166992,1473600
2013-02-22,60.709999084472656,61.04999923706055,60.68000030517578,61.04999923706055,47.8253288269043,642300
2013-02-25,61.22999954223633,61.36000061035156,60.130001068115234,60.130001068115234,47.10462951660156,1320300
2013-02-26,60.369998931884766,60.540000915527344,60.130001068115234,60.45000076293945,47.35529327392578,784000
2013-02-27,60.43999862670898,61.220001220703125,60.36000061035156,61.08000183105469,47.84883499145508,1118300
2013-02-28,61.04999923706055,61.45000076293945,61.0099983215332,61.09000015258789,47.856666564941406,1253600
2013-03-01,60.9900016784668,61.11000061035156,60.59000015258789,61.02999877929688,47.80966567993164,1141400
2013-03-04,60.93999862670898,61.33000183105469,60.869998931884766,61.27999877929688,48.00551223754883,809900
2013-03-05,61.540000915527344,61.84000015258789,61.43999862670898,61.70000076293945,48.33452987670898,1063300
2013-03-06,61.79999923706055,61.88999938964844,61.70000076293945,61.790000915527344,48.405029296875,916700
2013-03-07,61.83000183105469,61.880001068115234,61.59999847412109,61.70000076293945,48.33452987670898,1070600
2013-03-08,61.93999862670898,62.08000183105469,61.720001220703125,61.97999954223633,48.55386734008789,1204900
2013-03-11,62.0,62.209999084472656,61.91999816894531,62.13999938964844,48.6792221069336,990000
2013-03-12,62.150001525878906,62.29999923706055,62.02000045776367,62.22999954223633,48.74971008300781,706800
2013-03-13,62.220001220703125,62.47999954223633,62.09000015258789,62.45000076293945,48.922061920166016,871200
2013-03-14,62.5099983215332,62.77999877929688,62.47999954223633,62.720001220703125,49.13357162475586,729400
2013-03-15,62.66999816894531,62.900001525878906,62.59999847412109,62.869998931884766,49.25109100341797,764200
2013-03-18,62.45000076293945,62.83000183105469,62.310001373291016,62.59000015258789,49.031734466552734,1510300
2013-03-19,62.68999862670898,62.790000915527344,62.2599983215332,62.63999938964844,49.0709114074707,931000
2013-03-20,62.86000061035156,63.290000915527344,62.86000061035156,63.209999084472656,49.51742172241211,1415900
2013-03-21,63.04999923706055,63.18000030517578,62.77999877929688,62.91999816894531,49.29024505615234,1497100
2013-03-22,63.08000183105469,63.2400016784668,63.0,63.16999816894531,49.4860954284668,834300
2013-03-25,62.77000045776367,62.93000030517578,62.25,62.52000045776367,49.41653823852539,1037400
2013-03-26,62.63999938964844,63.060001373291016,62.63999938964844,63.060001373291016,49.843360900878906,703600
2013-03-27,62.70000076293945,63.02000045776367,62.58000183105469,62.9900016784668,49.78804016113281,820700
2013-03-28,62.9900016784668,63.5099983215332,62.959999084472656,63.400001525878906,50.11208724975586,822700
2013-04-01,63.470001220703125,63.470001220703125,63.0,63.130001068115234,49.8986930847168,1456100
2013-04-02,63.34000015258789,63.52999877929688,63.13999938964844,63.290000915527344,50.0251579284668,851700
2013-04-03,63.380001068115234,63.47999954223633,62.709999084472656,62.810001373291016,49.64576721191406,1396900
2013-04-04,62.869998931884766,63.29999923706055,62.869998931884766,63.290000915527344,50.0251579284668,1114300
2013-04-05,62.75,63.27000045776367,62.70000076293945,63.22999954223633,49.97772979736328,1059100
2013-04-08,63.29999923706055,63.68000030517578,63.04999923706055,63.650001525878906,50.30970764160156,729800
2013-04-09,63.77000045776367,63.86000061035156,63.4900016784668,63.630001068115234,50.29389572143555,1425000
2013-04-10,63.81999969482422,64.41999816894531,63.81999969482422,64.4000015258789,50.90251922607422,949600
2013-04-11,64.4800033569336,64.72000122070312,64.37999725341797,64.5999984741211,51.06058883666992,1040500
2013-04-12,64.47000122070312,64.58000183105469,64.33000183105469,64.55999755859375,51.02898406982422,904300
2013-04-15,64.25,64.29000091552734,63.09000015258789,63.09000015258789,49.86706161499024,1310800
2013-04-16,63.40999984741211,63.900001525878906,63.2599983215332,63.869998931884766,50.48359298706055,1197900
2013-04-17,63.61000061035156,63.630001068115234,62.83000183105469,63.20000076293945,49.954010009765625,1055600
2013-04-18,63.36000061035156,63.43999862670898,62.93000030517578,63.20000076293945,49.954010009765625,914200
2013-04-19,63.380001068115234,63.88999938964844,63.25,63.86000061035156,50.47570037841797,1026300
2013-04-22,63.93000030517578,64.16999816894531,63.43999862670898,64.0,50.58634185791016,976400
2013-04-23,64.18000030517578,64.48999786376953,63.88999938964844,64.48999786376953,50.97365188598633,1169700
2013-04-24,64.58999633789062,64.76000213623047,64.44999694824219,64.61000061035156,51.068504333496094,1315400
2013-04-25,64.83000183105469,65.19999694824219,64.7300033569336,64.91999816894531,51.31351852416992,892700
2013-04-26,64.9000015258789,65.04000091552734,64.73999786376953,64.8499984741211,51.25820159912109,864500
2013-04-29,64.91999816894531,65.4800033569336,64.91999816894531,65.36000061035156,51.66130828857422,900800
2013-04-30,65.22000122070312,65.4800033569336,65.0199966430664,65.47000122070312,51.74826049804688,1063100
2013-05-01,65.3499984741211,65.3499984741211,64.68000030517578,64.7300033569336,51.16335678100586,1920300
2013-05-02,64.87999725341797,65.23999786376953,64.81999969482422,65.1500015258789,51.49532318115234,1736800
2013-05-03,65.56999969482422,65.88999938964844,65.51000213623047,65.70999908447266,51.937950134277344,1148200
2013-05-06,65.72000122070312,65.73999786376953,65.43000030517578,65.44999694824219,51.7324447631836,806600
2013-05-07,65.54000091552734,66.0199966430664,65.5199966430664,66.0199966430664,52.1829719543457,970300
2013-05-08,65.98999786376953,66.04000091552734,65.7300033569336,65.95999908447266,52.135555267333984,874300
2013-05-09,65.9800033569336,66.02999877929688,65.30999755859375,65.44000244140625,51.724552154541016,1800800
2013-05-10,65.54000091552734,65.75,65.36000061035156,65.75,51.96956253051758,839300
2013-05-13,65.63999938964844,65.75,65.4000015258789,65.62999725341797,51.87470626831055,732700
2013-05-14,65.5999984741211,66.30999755859375,65.5999984741211,66.30999755859375,52.41219329833984,912700
2013-05-15,66.19999694824219,66.98999786376953,66.1500015258789,66.73999786376953,52.7520751953125,1540300
2013-05-16,66.6500015258789,66.7300033569336,66.27999877929688,66.3499984741211,52.44381332397461,1120600
2013-05-17,66.4800033569336,67.0199966430664,66.4800033569336,67.0,52.95758438110352,1400400
2013-05-20,66.97000122070312,67.16000366210938,66.80999755859375,66.9000015258789,52.878536224365234,1290300
2013-05-21,66.9800033569336,67.11000061035156,66.72000122070312,66.98999786376953,52.949684143066406,884400
2013-05-22,67.08999633789062,67.5999984741211,66.01000213623047,66.2300033569336,52.34896087646485,2311200
2013-05-23,65.81999969482422,66.2300033569336,65.43000030517578,66.05999755859375,52.21459579467773,1214700
2013-05-24,65.80999755859375,65.91000366210938,65.4800033569336,65.88999938964844,52.08021926879883,823900
2013-05-28,66.33999633789062,66.63999938964844,65.75,66.01000213623047,52.17506790161133,2179300
2013-05-29,65.75,65.7699966430664,64.83000183105469,65.12000274658203,51.47161102294922,2487300
2013-05-30,65.1500015258789,65.79000091552734,65.1500015258789,65.37999725341797,51.67710876464844,2939200
2013-05-31,65.2300033569336,65.69000244140625,64.62000274658203,64.62999725341797,51.08430099487305,2063700
2013-06-03,64.69999694824219,64.91999816894531,64.25,64.81999969482422,51.23448181152344,1922500
2013-06-04,64.88999938964844,65.04000091552734,64.18000030517578,64.56999969482422,51.03688049316406,1699700
2013-06-05,64.41999816894531,64.44999694824219,63.630001068115234,63.63999938964844,50.301795959472656,2180400
2013-06-06,63.66999816894531,64.26000213623047,63.43999862670898,64.23999786376953,50.77604293823242,1600700
2013-06-07,64.51000213623047,64.94000244140625,64.3499984741211,64.88999938964844,51.28980255126953,774100
2013-06-10,65.05999755859375,65.0999984741211,64.69000244140625,64.94999694824219,51.33723831176758,1239700
2013-06-11,64.55999755859375,64.9800033569336,64.26000213623047,64.44000244140625,50.93413543701172,1186900
2013-06-12,64.91000366210938,64.91000366210938,63.93000030517578,63.97999954223633,50.570533752441406,1471100
2013-06-13,63.88999938964844,65.12000274658203,63.869998931884766,65.0199966430664,51.3925666809082,734600
2013-06-14,64.9800033569336,65.30000305175781,64.70999908447266,64.80999755859375,51.22658157348633,721400
2013-06-17,65.08999633789062,65.45999908447266,64.86000061035156,65.19000244140625,51.52693557739258,733100
2013-06-18,65.25,65.86000061035156,65.20999908447266,65.76000213623047,51.97746276855469,607500
2013-06-19,65.69000244140625,65.7699966430664,64.55000305175781,64.55000305175781,51.02109146118164,1336200
2013-06-20,64.05000305175781,64.05000305175781,62.7599983215332,62.869998931884766,49.69319152832031,2262800
2013-06-21,63.20000076293945,63.630001068115234,62.650001525878906,63.40999984741211,50.1199951171875,1772500
2013-06-24,62.880001068115234,63.400001525878906,62.40999984741211,62.88999938964844,49.70898818969727,1863900
2013-06-25,63.15999984741211,63.66999816894531,62.93999862670898,63.52999877929688,50.2148551940918,1000100
2013-06-26,63.34000015258789,63.7400016784668,63.11000061035156,63.52999877929688,50.64292907714844,1993800
2013-06-27,63.81999969482422,64.41999816894531,63.81999969482422,64.08000183105469,51.081356048583984,1123300
2013-06-28,64.0199966430664,64.37999725341797,63.75,64.01000213623047,51.02555847167969,1063100
2013-07-01,64.22000122070312,64.56999969482422,64.0999984741211,64.23999786376953,51.208892822265625,1184000
2013-07-02,64.26000213623047,64.62000274658203,63.86000061035156,64.1500015258789,51.13715744018555,2241700
2013-07-03,63.91999816894531,64.30000305175781,63.77999877929688,64.16999816894531,51.153099060058594,550700
2013-07-05,64.48999786376953,64.58999633789062,63.83000183105469,64.54000091552734,51.44804000854492,913100
2013-07-08,65.1500015258789,65.23999786376953,64.72000122070312,65.0199966430664,51.83067321777344,1188300
2013-07-09,65.51000213623047,65.7699966430664,65.30999755859375,65.66999816894531,52.34882354736328,914500
2013-07-10,65.66999816894531,65.9800033569336,65.55000305175781,65.80000305175781,52.45245361328125,795500
2013-07-11,66.33999633789062,66.58999633789062,66.2300033569336,66.55000305175781,53.05031967163086,912500
2013-07-12,66.54000091552734,66.70999908447266,66.33000183105469,66.5999984741211,53.090179443359375,665700
2013-07-15,66.75,67.13999938964844,66.62999725341797,67.12000274658203,53.50468444824219,1109200
2013-07-16,67.12000274658203,67.19000244140625,66.62000274658203,66.77999877929688,53.23365783691406,653300
2013-07-17,66.80000305175781,67.06999969482422,66.66999816894531,66.79000091552734,53.24162673950195,785700
2013-07-18,66.94000244140625,67.36000061035156,66.83000183105469,67.33000183105469,53.67209243774414,659000
2013-07-19,67.19999694824219,67.45999908447266,67.1500015258789,67.44999694824219,53.76775741577149,580400
2013-07-22,67.47000122070312,67.70999908447266,67.44000244140625,67.51000213623047,53.81557846069336,609200
2013-07-23,67.66000366210938,67.66000366210938,67.41999816894531,67.51000213623047,53.81557846069336,452500
2013-07-24,67.61000061035156,67.62999725341797,66.8499984741211,66.98999786376953,53.401065826416016,738300
2013-07-25,66.91999816894531,67.43000030517578,66.88999938964844,67.4000015258789,53.72789764404297,477100
2013-07-26,67.23999786376953,67.41000366210938,66.7699966430664,67.37000274658203,53.70397186279297,651000
2013-07-29,67.2300033569336,67.43000030517578,67.16999816894531,67.31999969482422,53.66413116455078,329400
2013-07-30,67.5999984741211,67.87999725341797,67.37000274658203,67.54000091552734,53.839500427246094,424000
2013-07-31,67.62000274658203,67.95999908447266,67.44999694824219,67.54000091552734,53.839500427246094,545100
2013-08-01,68.0,68.55999755859375,67.9800033569336,68.4800033569336,54.58882141113281,1351500
2013-08-02,68.4000015258789,68.52999877929688,68.19000244140625,68.52999877929688,54.6286735534668,667600
2013-08-05,68.41999816894531,68.43000030517578,68.19999694824219,68.30000305175781,54.4453239440918,747400
2013-08-06,68.22000122070312,68.2699966430664,67.88999938964844,68.01000213623047,54.214149475097656,473800
2013-08-07,67.83999633789062,68.0,67.6500015258789,67.93000030517578,54.15038299560547,439400
2013-08-08,68.08999633789062,68.31999969482422,67.83999633789062,68.19999694824219,54.365604400634766,1017600
2013-08-09,68.04000091552734,68.23999786376953,67.70999908447266,67.91999816894531,54.14241409301758,562900
2013-08-12,67.7300033569336,67.8499984741211,67.5999984741211,67.75,54.00689315795898,485600
2013-08-13,67.94000244140625,67.98999786376953,67.44000244140625,67.69000244140625,53.95907211303711,628500
2013-08-14,67.62000274658203,67.72000122070312,67.27999877929688,67.36000061035156,53.69601821899414,1236800
2013-08-15,66.91000366210938,66.94999694824219,66.20999908447266,66.26000213623047,52.81913375854492,1009000
2013-08-16,66.16000366210938,66.16000366210938,65.66999816894531,65.83999633789062,52.484336853027344,1273100
2013-08-19,65.7300033569336,65.9000015258789,65.3499984741211,65.3499984741211,52.09373474121094,990300
2013-08-20,65.4000015258789,66.02999877929688,65.33000183105469,65.75,52.41259765625,498400
2013-08-21,65.62000274658203,65.7699966430664,65.16999816894531,65.20999908447266,51.98213958740234,791000
2013-08-22,65.36000061035156,65.86000061035156,65.33000183105469,65.73999786376953,52.40462875366211,968800
2013-08-23,65.87000274658203,66.16000366210938,65.69000244140625,66.0999984741211,52.69160461425781,426800
2013-08-26,66.18000030517578,66.22000122070312,65.69999694824219,65.77999877929688,52.43651580810547,589500
2013-08-27,65.25,65.44999694824219,64.93000030517578,65.0,51.814727783203125,976400
2013-08-28,64.97000122070312,65.29000091552734,64.76000213623047,65.05000305175781,51.85458755493164,620500
2013-08-29,64.9800033569336,65.31999969482422,64.9000015258789,65.06999969482422,51.87052536010742,774800
2013-08-30,65.19000244140625,65.19999694824219,64.54000091552734,64.70999908447266,51.58356475830078,729300
2013-09-03,65.18000030517578,65.4800033569336,64.22000122070312,64.47000122070312,51.39225387573242,868400
2013-09-04,64.41000366210938,64.9800033569336,64.30999755859375,64.91999816894531,51.75095748901367,1077100
2013-09-05,64.91999816894531,65.04000091552734,64.76000213623047,64.87999725341797,51.71907424926758,596600
2013-09-06,65.05000305175781,65.36000061035156,64.56999969482422,64.95999908447266,51.7828483581543,529200
2013-09-09,65.0199966430664,65.58000183105469,65.0,65.55999755859375,52.26113510131836,524700
2013-09-10,65.80999755859375,66.0999984741211,65.73999786376953,66.08999633789062,52.68360900878906,1329400
2013-09-11,66.18000030517578,66.19999694824219,65.80000305175781,66.13999938964844,52.72348403930664,546700
2013-09-12,66.0999984741211,66.30000305175781,65.88999938964844,65.95999908447266,52.57999801635742,866300
2013-09-13,65.9800033569336,66.26000213623047,65.94999694824219,66.22000122070312,52.78726196289063,1112600
2013-09-16,66.76000213623047,67.0,66.48999786376953,66.61000061035156,53.09815216064453,665500
2013-09-17,66.70999908447266,67.05000305175781,66.68000030517578,67.05000305175781,53.44888305664063,619900
2013-09-18,67.0199966430664,68.16999816894531,66.80000305175781,68.0199966430664,54.22213363647461,1344400
2013-09-19,68.0999984741211,68.29000091552734,67.7699966430664,67.93000030517578,54.15038299560547,901000
2013-09-20,67.97000122070312,67.9800033569336,67.19999694824219,67.19999694824219,53.568458557128906,746000
2013-09-23,67.22000122070312,67.44000244140625,66.93000030517578,67.33999633789062,53.68006134033203,757900
2013-09-24,66.80000305175781,67.06999969482422,66.68000030517578,66.83000183105469,53.701751708984375,708000
2013-09-25,66.8499984741211,66.9800033569336,66.56999969482422,66.58999633789062,53.50890350341797,373500
2013-09-26,66.66000366210938,66.94999694824219,66.55999755859375,66.81999969482422,53.693729400634766,526300
2013-09-27,66.54000091552734,66.63999938964844,66.31999969482422,66.51000213623047,53.44462203979492,441900
2013-09-30,66.05999755859375,66.41999816894531,65.83999633789062,66.33999633789062,53.30801773071289,843900
2013-10-01,66.37999725341797,66.86000061035156,66.2699966430664,66.76000213623047,53.6455078125,940300
2013-10-02,66.51000213623047,66.70999908447266,66.19000244140625,66.69999694824219,53.5972900390625,476100
2013-10-03,66.6500015258789,66.6500015258789,65.80000305175781,66.08999633789062,53.10711669921875,620400
2013-10-04,66.12999725341797,66.38999938964844,66.0,66.27999877929688,53.25979995727539,418700
2013-10-07,66.0,66.2699966430664,65.77999877929688,65.87999725341797,52.93836975097656,819200
2013-10-08,65.8499984741211,66.1500015258789,65.4800033569336,65.48999786376953,52.6249885559082,662400
2013-10-09,65.5199966430664,65.95999908447266,65.45999908447266,65.5999984741211,52.71338653564453,615200
2013-10-10,66.19000244140625,67.11000061035156,66.0999984741211,67.05999755859375,53.88657379150391,1020500
2013-10-11,67.0,67.4800033569336,66.88999938964844,67.4800033569336,54.22406768798828,563200
2013-10-14,67.1500015258789,67.58999633789062,66.91999816894531,67.58999633789062,54.31246948242188,2269200
2013-10-15,67.43000030517578,67.5199966430664,66.80000305175781,66.88999938964844,53.74997329711914,1188400
2013-10-16,67.25,67.6500015258789,67.0999984741211,67.6500015258789,54.36067199707031,914400
2013-10-17,67.45999908447266,68.54000091552734,67.45999908447266,68.43000030517578,54.98745727539063,974200
2013-10-18,68.58999633789062,68.77999877929688,68.44000244140625,68.69000244140625,55.19638442993164,1793100
2013-10-21,68.7699966430664,68.7699966430664,68.47000122070312,68.69000244140625,55.19638442993164,470200
2013-10-22,68.9000015258789,69.5,68.87000274658203,69.37999725341797,55.75082778930664,1684800
2013-10-23,69.22000122070312,69.48999786376953,69.16000366210938,69.37999725341797,55.75082778930664,566500
2013-10-24,69.56999969482422,69.5999984741211,69.3499984741211,69.56999969482422,55.90351867675781,1666100
2013-10-25,69.5999984741211,70.05999755859375,69.44999694824219,70.04000091552734,56.28117752075195,538100
2013-10-28,70.0,70.23999786376953,69.93000030517578,70.08000183105469,56.31331634521485,741200
2013-10-29,70.1500015258789,70.44000244140625,70.1500015258789,70.44000244140625,56.60260772705078,520700
2013-10-30,70.45999908447266,70.68000030517578,69.9000015258789,70.0199966430664,56.26510238647461,636600
2013-10-31,69.97000122070312,70.3499984741211,69.58000183105469,69.80000305175781,56.088321685791016,753400
2013-11-01,69.94999694824219,70.31999969482422,69.72000122070312,70.11000061035156,56.3374252319336,819300
2013-11-04,70.20999908447266,70.5,70.05999755859375,70.5,56.65082931518555,938800
2013-11-05,70.23999786376953,70.47000122070312,70.08000183105469,70.19000244140625,56.4017219543457,583800
2013-11-06,70.33000183105469,70.68000030517578,70.33000183105469,70.66999816894531,56.78741836547852,418300
2013-11-07,70.81999969482422,70.81999969482422,69.54000091552734,69.58999633789062,55.91957092285156,532200
2013-11-08,69.5,70.1500015258789,69.27999877929688,70.1500015258789,56.36957550048828,1149100
2013-11-11,70.16000366210938,70.2699966430664,70.0,70.16000366210938,56.37759780883789,676000
2013-11-12,70.04000091552734,70.08000183105469,69.63999938964844,69.83999633789062,56.120452880859375,421300
2013-11-13,69.58000183105469,70.3499984741211,69.55000305175781,70.33000183105469,56.51420974731445,646200
2013-11-14,70.44999694824219,70.97000122070312,70.37999725341797,70.8499984741211,56.93206024169922,1050900
2013-11-15,70.98999786376953,71.08000183105469,70.66999816894531,71.05999755859375,57.100807189941406,573300
2013-11-18,71.25,71.30000305175781,70.87999725341797,70.97000122070312,57.02849197387695,501200
2013-11-19,70.91000366210938,71.0999984741211,70.63999938964844,70.76000213623047,56.85973739624024,520500
2013-11-20,70.79000091552734,71.05000305175781,70.20999908447266,70.36000061035156,56.53832244873047,1023700
2013-11-21,70.5,70.83000183105469,70.41000366210938,70.75,56.85171127319336,2007700
2013-11-22,70.77999877929688,71.0999984741211,70.55999755859375,71.06999969482422,57.10886001586914,640500
2013-11-25,71.19000244140625,71.23999786376953,70.7699966430664,70.87000274658203,56.9481315612793,383800
2013-11-26,70.79000091552734,70.94000244140625,70.52999877929688,70.66000366210938,56.77938461303711,555700
2013-11-27,70.55000305175781,70.72000122070312,70.47000122070312,70.66000366210938,56.77938461303711,777100
2013-11-29,70.76000213623047,70.88999938964844,70.16999816894531,70.16999816894531,56.38563919067383,220800
2013-12-02,70.43000030517578,70.73999786376953,70.11000061035156,70.1500015258789,56.36957550048828,1440600
2013-12-03,70.0199966430664,70.25,69.72000122070312,70.04000091552734,56.28117752075195,983400
2013-12-04,69.61000061035156,70.20999908447266,69.37000274658203,69.87999725341797,56.15260696411133,792500
2013-12-05,69.7300033569336,69.83000183105469,69.54000091552734,69.62999725341797,55.95171737670898,726000
2013-12-06,70.20999908447266,70.6500015258789,70.16999816894531,70.6500015258789,56.77135467529297,613300
2013-12-09,70.86000061035156,70.88999938964844,70.5,70.61000061035156,56.73922348022461,493300
2013-12-10,70.43000030517578,70.54000091552734,70.13999938964844,70.20999908447266,56.41778564453125,666100
2013-12-11,70.26000213623047,70.27999877929688,69.26000213623047,69.33999633789062,55.71868133544922,921600
2013-12-12,69.38999938964844,69.7300033569336,69.33000183105469,69.44999694824219,55.80707931518555,900000
2013-12-13,69.52999877929688,69.68000030517578,69.31999969482422,69.54000091552734,55.87940216064453,732800
2013-12-16,69.61000061035156,70.01000213623047,69.58999633789062,69.88999938964844,56.16064834594727,1244800
2013-12-17,69.81999969482422,69.87999725341797,69.52999877929688,69.70999908447266,56.01601028442383,645100
2013-12-18,69.83000183105469,70.66000366210938,69.12999725341797,70.66000366210938,56.77938461303711,741500
2013-12-19,70.43000030517578,70.52999877929688,70.01000213623047,70.30000305175781,56.4901008605957,792500
2013-12-20,70.30999755859375,71.05999755859375,70.2699966430664,70.94999694824219,57.01241302490234,1083800
2013-12-23,70.61000061035156,70.76000213623047,70.51000213623047,70.58999633789062,57.16629409790039,782300
2013-12-24,70.6500015258789,70.9800033569336,70.58999633789062,70.88999938964844,57.40923690795898,357300
2013-12-26,71.02999877929688,71.12000274658203,70.8499984741211,70.98999786376953,57.49021911621094,453500
2013-12-27,71.18000030517578,71.30000305175781,71.04000091552734,71.1500015258789,57.61980056762695,489100
2013-12-30,71.22000122070312,71.27999877929688,71.05999755859375,71.22000122070312,57.67648696899414,513400
2013-12-31,71.33000183105469,71.4000015258789,71.16000366210938,71.3499984741211,57.7817497253418,593200
2014-01-02,71.1500015258789,71.18000030517578,70.20999908447266,70.3499984741211,56.971927642822266,937000
2014-01-03,70.44999694824219,70.58000183105469,70.13999938964844,70.37000274658203,56.98811721801758,509200
2014-01-06,70.5199966430664,70.55000305175781,70.06999969482422,70.13999938964844,56.8018684387207,885000
2014-01-07,70.27999877929688,70.7300033569336,70.27999877929688,70.6500015258789,57.214881896972656,775700
2014-01-08,70.5999984741211,70.62000274658203,70.11000061035156,70.30999755859375,56.93952941894531,930300
2014-01-09,70.5,70.52999877929688,70.20999908447266,70.45999908447266,57.06100463867188,811700
2014-01-10,70.62000274658203,71.05999755859375,70.62000274658203,70.93000030517578,57.441627502441406,822300
2014-01-13,70.79000091552734,70.9800033569336,70.0999984741211,70.2300033569336,56.87474822998047,759700
2014-01-14,70.20999908447266,70.6500015258789,70.20999908447266,70.62000274658203,57.19058990478516,1098100
2014-01-15,70.66999816894531,70.87999725341797,70.61000061035156,70.7300033569336,57.2796630859375,554900
2014-01-16,70.62999725341797,70.91000366210938,70.54000091552734,70.87999725341797,57.401126861572266,739700
2014-01-17,70.80999755859375,70.91999816894531,70.56999969482422,70.72000122070312,57.27155685424805,867500
2014-01-21,71.0,71.25,70.7300033569336,71.08999633789062,57.57120132446289,644000
2014-01-22,71.12999725341797,71.27999877929688,71.0,71.20999908447266,57.66838836669922,706800
2014-01-23,70.91000366210938,71.0,70.41000366210938,70.69999694824219,57.255348205566406,551400
2014-01-24,70.37999725341797,70.41000366210938,69.4000015258789,69.4000015258789,56.20258712768555,1455200
2014-01-27,69.56999969482422,69.6500015258789,69.06999969482422,69.23999786376953,56.07301330566406,881300
2014-01-28,69.37000274658203,69.5,69.20999908447266,69.44999694824219,56.243072509765625,621900
2014-01-29,69.0,69.29000091552734,68.7699966430664,68.97000122070312,55.85435104370117,1021700
2014-01-30,69.29000091552734,69.83000183105469,69.2300033569336,69.68000030517578,56.42934036254883,1174200
2014-01-31,68.87999725341797,69.86000061035156,68.80000305175781,69.45999908447266,56.25117492675781,1224200
2014-02-03,69.5,69.5199966430664,67.8499984741211,67.91999816894531,55.0040283203125,1567700
2014-02-04,68.08999633789062,68.1500015258789,67.62000274658203,67.97000122070312,55.04451370239258,1430200
2014-02-05,67.81999969482422,67.88999938964844,67.37000274658203,67.69000244140625,54.81776428222656,688600
2014-02-06,67.83000183105469,68.3499984741211,67.79000091552734,68.33999633789062,55.34415435791016,528500
2014-02-07,68.62999725341797,69.16999816894531,68.5199966430664,69.13999938964844,55.99202346801758,672000
2014-02-10,69.0199966430664,69.19999694824219,68.83999633789062,69.16000366210938,56.00821685791016,906000
2014-02-11,69.19999694824219,70.05999755859375,69.16999816894531,69.91000366210938,56.61560821533203,1009300
2014-02-12,70.01000213623047,70.16999816894531,69.7699966430664,69.87999725341797,56.59130096435547,548700
2014-02-13,69.51000213623047,70.48999786376953,69.51000213623047,70.41000366210938,57.02051544189453,670500
2014-02-14,70.43000030517578,71.04000091552734,70.30999755859375,71.0199966430664,57.51451873779297,506600
2014-02-18,71.12999725341797,71.2300033569336,70.9800033569336,71.08000183105469,57.5630989074707,917800
2014-02-19,70.9800033569336,71.4000015258789,70.61000061035156,70.66999816894531,57.23107147216797,553000
2014-02-20,70.63999938964844,71.37000274658203,70.5999984741211,71.18000030517578,57.64408874511719,575800
2014-02-21,71.37000274658203,71.62000274658203,71.26000213623047,71.30999755859375,57.74936676025391,606500
2014-02-24,71.33000183105469,72.0999984741211,71.33000183105469,71.51000213623047,57.91133117675781,569900
2014-02-25,71.55000305175781,71.87000274658203,71.31999969482422,71.43000030517578,57.84654998779297,735600
2014-02-26,71.58000183105469,71.76000213623047,71.2699966430664,71.3499984741211,57.7817497253418,465600
2014-02-27,71.27999877929688,71.5999984741211,71.25,71.58999633789062,57.97611999511719,549700
2014-02-28,71.58000183105469,72.19999694824219,71.58000183105469,71.98999786376953,58.300048828125,575500
2014-03-03,71.5,71.75,71.16000366210938,71.5,57.90324020385742,1011500
2014-03-04,72.12000274658203,72.56999969482422,72.05000305175781,72.45999908447266,58.68068313598633,564400
2014-03-05,72.44999694824219,72.47000122070312,72.06999969482422,72.16000366210938,58.43774032592773,401400
2014-03-06,72.26000213623047,72.33999633789062,72.0,72.08999633789062,58.38103866577149,557200
2014-03-07,72.18000030517578,72.29000091552734,71.70999908447266,72.12000274658203,58.40534973144531,495400
2014-03-10,72.0999984741211,72.18000030517578,71.80999755859375,72.04000091552734,58.34055709838867,637500
2014-03-11,72.08000183105469,72.19999694824219,71.61000061035156,71.73999786376953,58.09760284423828,477400
2014-03-12,71.47000122070312,72.1500015258789,71.47000122070312,72.11000061035156,58.39725875854492,342300
2014-03-13,72.27999877929688,72.41999816894531,71.75,71.9000015258789,58.227176666259766,673300
2014-03-14,71.76000213623047,72.37999725341797,71.69999694824219,72.18000030517578,58.45393753051758,835000
2014-03-17,72.30000305175781,72.73999786376953,72.25,72.69000244140625,58.86695098876953,632500
2014-03-18,72.80000305175781,73.1500015258789,72.6500015258789,73.0199966430664,59.13418960571289,515700
2014-03-19,73.04000091552734,73.12999725341797,71.9800033569336,72.33999633789062,58.58349990844727,690100
2014-03-20,72.20999908447266,72.48999786376953,71.98999786376953,72.44999694824219,58.67259216308594,451300
2014-03-21,72.66000366210938,73.30999755859375,72.6500015258789,72.66999816894531,58.85073852539063,581200
2014-03-24,72.80999755859375,73.04000091552734,72.30000305175781,72.54000091552734,58.74546051025391,648700
2014-03-25,72.25,72.38999938964844,71.97000122070312,72.27999877929688,59.026397705078125,551100
2014-03-26,72.5999984741211,72.70999908447266,72.12999725341797,72.1500015258789,58.920223236083984,526700
2014-03-27,72.0999984741211,72.3499984741211,71.91999816894531,72.19999694824219,58.961055755615234,525900
2014-03-28,72.30000305175781,72.6500015258789,72.23999786376953,72.5199966430664,59.22238159179688,493900
2014-03-31,72.87999725341797,73.4000015258789,72.77999877929688,73.31999969482422,59.87568664550781,720200
2014-04-01,73.47000122070312,73.51000213623047,72.94999694824219,73.36000061035156,59.90835571289063,1030800
2014-04-02,73.41999816894531,73.5999984741211,73.13999938964844,73.48999786376953,60.0145149230957,532800
2014-04-03,73.6500015258789,73.73999786376953,73.44999694824219,73.58999633789062,60.09617614746094,403500
2014-04-04,73.91999816894531,74.23999786376953,73.12000274658203,73.2300033569336,59.80220413208008,603900
2014-04-07,73.19000244140625,73.27999877929688,72.63999938964844,72.63999938964844,59.32037353515625,692600
2014-04-08,72.68000030517578,73.30999755859375,72.52999877929688,73.19000244140625,59.769527435302734,1157300
2014-04-09,73.3499984741211,73.47000122070312,73.0,73.47000122070312,59.99817657470703,790000
2014-04-10,73.47000122070312,73.73999786376953,72.4800033569336,72.6500015258789,59.32854461669922,901500
2014-04-11,72.37999725341797,72.72000122070312,72.12000274658203,72.25,59.001895904541016,754900
2014-04-14,72.68000030517578,72.97000122070312,72.36000061035156,72.83999633789062,59.48369598388672,991500
2014-04-15,72.95999908447266,73.51000213623047,72.7300033569336,73.45999908447266,59.990020751953125,1201100
2014-04-16,73.86000061035156,74.18000030517578,73.75,74.16000366210938,60.56166076660156,891300
2014-04-17,74.11000061035156,74.18000030517578,73.91000366210938,74.01000213623047,60.43917465209961,565100
2014-04-21,74.0199966430664,74.1500015258789,73.8499984741211,74.05000305175781,60.47183609008789,630700
2014-04-22,74.13999938964844,74.19999694824219,73.91000366210938,74.0199966430664,60.44733047485352,718400
2014-04-23,73.95999908447266,74.36000061035156,73.95999908447266,74.02999877929688,60.45550537109375,542800
2014-04-24,74.29000091552734,74.31999969482422,73.93000030517578,74.11000061035156,60.52082824707031,660800
2014-04-25,73.94000244140625,74.20999908447266,73.87999725341797,74.19000244140625,60.58616638183594,699200
2014-04-28,74.37999725341797,74.5999984741211,73.87999725341797,74.4800033569336,60.82299041748047,854800
2014-04-29,74.70999908447266,74.87999725341797,74.4000015258789,74.44999694824219,60.79848861694336,965400
2014-04-30,74.4800033569336,74.88999938964844,74.38999938964844,74.83999633789062,61.11695861816406,654200
2014-05-01,74.80000305175781,74.86000061035156,74.41999816894531,74.76000213623047,61.05166244506836,604300
2014-05-02,74.62000274658203,74.8499984741211,74.13999938964844,74.19999694824219,60.59431457519531,445100
2014-05-05,73.86000061035156,74.44999694824219,73.80999755859375,74.38999938964844,60.749473571777344,663100
2014-05-06,74.22000122070312,74.37999725341797,73.94999694824219,73.95999908447266,60.3983268737793,655200
2014-05-07,74.12000274658203,74.80000305175781,74.12000274658203,74.79000091552734,61.076133728027344,743800
2014-05-08,74.7699966430664,75.0199966430664,74.33999633789062,74.52999877929688,60.86381149291992,597500
2014-05-09,74.52999877929688,74.52999877929688,74.12000274658203,74.2699966430664,60.65150451660156,499000
2014-05-12,74.56999969482422,74.66999816894531,74.43000030517578,74.5199966430664,60.85566329956055,557900
2014-05-13,74.61000061035156,74.75,74.44999694824219,74.5,60.83934020996094,902900
2014-05-14,74.5199966430664,74.72000122070312,74.29000091552734,74.36000061035156,60.7249870300293,769400
2014-05-15,74.1500015258789,74.25,73.58999633789062,73.83000183105469,60.29217529296875,605500
2014-05-16,73.91000366210938,74.0,73.58999633789062,73.9800033569336,60.4146842956543,467700
2014-05-19,73.87999725341797,73.91999816894531,73.69000244140625,73.75,60.22684860229492,655300
2014-05-20,73.72000122070312,73.80000305175781,73.1500015258789,73.31999969482422,59.87568664550781,586500
2014-05-21,73.58000183105469,73.77999877929688,73.37000274658203,73.7699966430664,60.2431755065918,466900
2014-05-22,73.79000091552734,74.16999816894531,73.69000244140625,74.08000183105469,60.49632263183594,493500
2014-05-23,74.04000091552734,74.31999969482422,74.04000091552734,74.18000030517578,60.57799911499024,475000
2014-05-27,74.4000015258789,74.6500015258789,74.38999938964844,74.58999633789062,60.91279220581055,761000
2014-05-28,74.66999816894531,74.83000183105469,74.51000213623047,74.72000122070312,61.018985748291016,663600
2014-05-29,74.87999725341797,74.98999786376953,74.6500015258789,74.98999786376953,61.23946380615234,504000
2014-05-30,74.95999908447266,75.36000061035156,74.95999908447266,75.2699966430664,61.46813201904297,518400
2014-06-02,75.33999633789062,75.4000015258789,75.08000183105469,75.30000305175781,61.49263000488281,473000
2014-06-03,75.1500015258789,75.27999877929688,75.0199966430664,75.19000244140625,61.40279769897461,386100
2014-06-04,75.02999877929688,75.31999969482422,74.97000122070312,75.2699966430664,61.46813201904297,378600
2014-06-05,75.43000030517578,75.93000030517578,75.19999694824219,75.87999725341797,61.966270446777344,450700
2014-06-06,76.01000213623047,76.27999877929688,75.9800033569336,76.05000305175781,62.1051025390625,684400
2014-06-09,75.88999938964844,76.19999694824219,75.88999938964844,76.08999633789062,62.13774108886719,342800
2014-06-10,75.9800033569336,76.0999984741211,75.77999877929688,75.95999908447266,62.0316047668457,405800
2014-06-11,75.7300033569336,75.77999877929688,75.36000061035156,75.38999938964844,61.56613540649414,640400
2014-06-12,75.38999938964844,75.45999908447266,74.94999694824219,75.26000213623047,61.4599494934082,835900
2014-06-13,75.44999694824219,75.66999816894531,75.0999984741211,75.5199966430664,61.67229843139648,734100
2014-06-16,75.43000030517578,76.06999969482422,75.43000030517578,75.94000244140625,62.01526641845703,430500
2014-06-17,75.81999969482422,76.16000366210938,75.69999694824219,76.0999984741211,62.14593505859375,1055900
2014-06-18,76.11000061035156,76.95999908447266,76.11000061035156,76.94999694824219,62.84007263183594,668700
2014-06-19,77.0199966430664,77.4000015258789,77.01000213623047,77.33999633789062,63.15855407714844,516400
2014-06-20,77.5,77.58999633789062,77.36000061035156,77.44000244140625,63.24020767211914,540700
2014-06-23,77.54000091552734,77.7699966430664,77.23999786376953,77.38999938964844,63.19938278198242,587900
2014-06-24,76.63999938964844,77.0199966430664,76.5,76.51000213623047,62.96485137939453,711400
2014-06-25,76.41999816894531,76.66999816894531,76.30000305175781,76.6500015258789,63.08005905151367,870300
2014-06-26,76.58999633789062,76.66000366210938,76.13999938964844,76.58000183105469,63.02245330810547,559900
2014-06-27,76.43000030517578,76.7699966430664,76.36000061035156,76.7699966430664,63.17881774902344,544500
2014-06-30,76.79000091552734,77.01000213623047,76.54000091552734,76.9800033569336,63.35164260864258,590400
2014-07-01,77.0,77.30000305175781,76.75,76.98999786376953,63.35987091064453,1006900
2014-07-02,77.01000213623047,77.04000091552734,76.12999725341797,76.29000091552734,62.78377532958984,523700
2014-07-03,76.41000366210938,76.47000122070312,76.22000122070312,76.3499984741211,62.83318328857422,421200
2014-07-07,76.30000305175781,76.4000015258789,76.0199966430664,76.0999984741211,62.62743377685547,397600
2014-07-08,76.06999969482422,76.2300033569336,75.93000030517578,76.08999633789062,62.619178771972656,378900
2014-07-09,76.2300033569336,76.30999755859375,75.81999969482422,76.05999755859375,62.59450912475586,296200
2014-07-10,75.54000091552734,76.16000366210938,75.5,76.08000183105469,62.610958099365234,475500
2014-07-11,76.11000061035156,76.19999694824219,75.94000244140625,76.0199966430664,62.56158828735352,185800
2014-07-14,76.27999877929688,76.38999938964844,75.95999908447266,76.01000213623047,62.55337142944336,520000
2014-07-15,75.93000030517578,76.12000274658203,75.66000366210938,75.91000366210938,62.47106170654297,388400
2014-07-16,76.12999725341797,76.1500015258789,75.7300033569336,75.98999786376953,62.53691101074219,504100
2014-07-17,75.77999877929688,76.01000213623047,75.13999938964844,75.18000030517578,61.870304107666016,826500
2014-07-18,75.33000183105469,75.94999694824219,75.23999786376953,75.88999938964844,62.454620361328125,445000
2014-07-21,75.69000244140625,75.83999633789062,75.38999938964844,75.70999908447266,62.30648422241211,430200
2014-07-22,75.88999938964844,75.9800033569336,75.7699966430664,75.83000183105469,62.40523147583008,597800
2014-07-23,75.79000091552734,75.80000305175781,75.5999984741211,75.73999786376953,62.331172943115234,313100
2014-07-24,75.80000305175781,76.0199966430664,75.72000122070312,75.94000244140625,62.49575424194336,541100
2014-07-25,75.83999633789062,75.91999816894531,75.36000061035156,75.41000366210938,62.05958557128906,550100
2014-07-28,75.43000030517578,75.83000183105469,75.2699966430664,75.76000213623047,62.34762573242188,445800
2014-07-29,75.94000244140625,76.16000366210938,75.44000244140625,75.44000244140625,62.08430099487305,321300
2014-07-30,75.72000122070312,75.72000122070312,74.6500015258789,74.93000030517578,61.66457748413086,552000
2014-07-31,74.55999755859375,74.66000366210938,73.63999938964844,73.63999938964844,60.60295104980469,844600
2014-08-01,73.4800033569336,73.94000244140625,73.2699966430664,73.66999816894531,60.62764358520508,965200
2014-08-04,73.77999877929688,73.77999877929688,72.95999908447266,73.6500015258789,60.61118316650391,768000
2014-08-05,73.5,73.69999694824219,72.8499984741211,73.05999755859375,60.1256217956543,1241700
2014-08-06,72.83000183105469,73.11000061035156,72.69999694824219,72.79000091552734,59.903419494628906,785500
2014-08-07,73.05999755859375,73.36000061035156,72.66000366210938,72.8499984741211,59.95280456542969,688300
2014-08-08,73.0,73.91999816894531,72.94999694824219,73.88999938964844,60.8087043762207,714500
2014-08-11,74.02999877929688,74.37999725341797,73.95999908447266,73.98999786376953,60.89098739624024,455000
2014-08-12,73.87999725341797,74.05999755859375,73.66000366210938,73.81999969482422,60.751068115234375,360500
2014-08-13,74.05000305175781,74.43000030517578,73.93000030517578,74.3499984741211,61.18725204467773,344100
2014-08-14,74.41999816894531,74.80999755859375,74.4000015258789,74.68000030517578,61.45882034301758,717000
2014-08-15,74.91999816894531,75.0999984741211,74.30999755859375,74.7300033569336,61.499977111816406,429200
2014-08-18,75.06999969482422,75.1500015258789,74.8499984741211,75.01000213623047,61.73042297363281,984600
2014-08-19,75.13999938964844,75.56999969482422,75.05999755859375,75.54000091552734,62.16658020019531,680200
2014-08-20,75.44000244140625,75.87999725341797,75.43000030517578,75.79000091552734,62.372314453125,668400
2014-08-21,75.87999725341797,76.08000183105469,75.69000244140625,76.0,62.54513931274414,572700
2014-08-22,75.97000122070312,76.11000061035156,75.61000061035156,75.86000061035156,62.42992401123047,544500
2014-08-25,76.08999633789062,76.41999816894531,76.02999877929688,76.23999786376953,62.74262237548828,690700
2014-08-26,76.27999877929688,76.44000244140625,75.93000030517578,75.93000030517578,62.48754501342773,603400
2014-08-27,75.98999786376953,76.27999877929688,75.98999786376953,76.2699966430664,62.76732635498047,458600
2014-08-28,76.02999877929688,76.37999725341797,75.9800033569336,76.30999755859375,62.80025863647461,443100
2014-08-29,76.41999816894531,76.68000030517578,76.2300033569336,76.63999938964844,63.07183837890625,472700
2014-09-02,76.7300033569336,76.80999755859375,76.11000061035156,76.37999725341797,62.85784530639648,876700
2014-09-03,76.66000366210938,76.83000183105469,76.44999694824219,76.54000091552734,62.98952102661133,399400
2014-09-04,76.6500015258789,76.75,76.16000366210938,76.37999725341797,62.85784530639648,1107200
2014-09-05,76.30000305175781,76.94000244140625,76.30000305175781,76.94000244140625,63.3187255859375,498800
2014-09-08,76.81999969482422,76.86000061035156,76.36000061035156,76.56999969482422,63.01422500610352,630600
2014-09-09,76.51000213623047,76.5199966430664,75.86000061035156,75.93000030517578,62.48754501342773,1575000
2014-09-10,75.97000122070312,76.05999755859375,75.55000305175781,75.98999786376953,62.53691101074219,1162800
2014-09-11,75.75,76.36000061035156,75.75,76.33999633789062,62.82493209838867,1086300
2014-09-12,76.26000213623047,76.27999877929688,75.2699966430664,75.48999786376953,62.12545394897461,850000
2014-09-15,75.5199966430664,75.77999877929688,75.41999816894531,75.61000061035156,62.22417068481445,447400
2014-09-16,75.51000213623047,76.26000213623047,75.51000213623047,76.06999969482422,62.60273742675781,536300
2014-09-17,76.12999725341797,76.33000183105469,75.70999908447266,75.93000030517578,62.48754501342773,490500
2014-09-18,76.0999984741211,76.0999984741211,75.66000366210938,75.83000183105469,62.40523147583008,543900
2014-09-19,76.0199966430664,76.25,75.87000274658203,75.94999694824219,62.503997802734375,513700
2014-09-22,75.91000366210938,75.91000366210938,75.45999908447266,75.45999908447266,62.10073852539063,906600
2014-09-23,75.29000091552734,75.37999725341797,74.80999755859375,74.81999969482422,61.57404327392578,818700
2014-09-24,74.26000213623047,74.55999755859375,73.94999694824219,74.45999908447266,61.762325286865234,462200
2014-09-25,74.31999969482422,74.36000061035156,73.5999984741211,73.63999938964844,61.08216857910156,959800
2014-09-26,73.79000091552734,74.22000122070312,73.44000244140625,74.02999877929688,61.40565872192383,417600
2014-09-29,73.5199966430664,74.13999938964844,73.5199966430664,74.05999755859375,61.4305419921875,636300
2014-09-30,74.18000030517578,74.4000015258789,73.6500015258789,73.86000061035156,61.2646598815918,510700
2014-10-01,73.76000213623047,73.97000122070312,73.0999984741211,73.20999908447266,60.72549819946289,1010000
2014-10-02,73.1500015258789,73.47000122070312,72.62999725341797,73.16000366210938,60.68402099609375,1024900
2014-10-03,73.52999877929688,73.83000183105469,73.22000122070312,73.69999694824219,61.13193130493164,801700
2014-10-06,73.88999938964844,74.0199966430664,73.31999969482422,73.62999725341797,61.073875427246094,674500
2014-10-07,73.3499984741211,73.66999816894531,72.87999725341797,72.87999725341797,60.45176696777344,627500
2014-10-08,72.9000015258789,74.29000091552734,72.80000305175781,74.26000213623047,61.596435546875,529100
2014-10-09,74.12000274658203,74.31999969482422,72.80000305175781,72.81999969482422,60.402000427246094,647200
2014-10-10,72.83999633789062,73.5999984741211,72.76000213623047,72.77999877929688,60.36882019042969,1072300
2014-10-13,72.7300033569336,73.26000213623047,72.13999938964844,72.18000030517578,59.87117004394531,1390500
2014-10-14,72.51000213623047,73.37999725341797,72.2699966430664,72.69999694824219,60.30245971679688,1481700
2014-10-15,72.48999786376953,72.48999786376953,70.62000274658203,72.12999725341797,59.82967376708984,1988100
2014-10-16,71.25,72.68000030517578,71.06999969482422,72.38999938964844,60.04533386230469,1585200
2014-10-17,73.23999786376953,73.27999877929688,72.52999877929688,72.95999908447266,60.51812744140625,1130100
2014-10-20,72.79000091552734,73.81999969482422,72.79000091552734,73.80000305175781,61.21488952636719,1137100
2014-10-21,73.94999694824219,74.83999633789062,73.75,74.79000091552734,62.03605651855469,1586900
2014-10-22,74.95999908447266,75.47000122070312,74.66000366210938,74.68000030517578,61.94481658935547,995600
2014-10-23,75.23999786376953,75.80999755859375,75.13999938964844,75.3499984741211,62.50057220458984,994900
2014-10-24,75.38999938964844,75.9800033569336,75.27999877929688,75.95999908447266,63.00653839111328,843200
2014-10-27,75.73999786376953,76.06999969482422,75.61000061035156,75.94999694824219,62.99825668334961,916400
2014-10-28,76.22000122070312,76.79000091552734,75.95999908447266,76.70999908447266,63.62863159179688,1037900
2014-10-29,76.83000183105469,77.12000274658203,75.9800033569336,76.61000061035156,63.54568099975586,1016400
2014-10-30,76.45999908447266,77.73999786376953,76.45999908447266,77.58000183105469,64.35028076171875,767700
2014-10-31,78.36000061035156,78.36000061035156,77.69999694824219,78.1500015258789,64.82305145263672,797700
2014-11-03,78.22000122070312,78.55000305175781,78.0999984741211,78.31999969482422,64.96409606933594,1206600
2014-11-04,78.2300033569336,78.5199966430664,77.81999969482422,78.05999755859375,64.74842071533203,846200
2014-11-05,78.48999786376953,78.81999969482422,78.29000091552734,78.7699966430664,65.33734130859375,690000
2014-11-06,78.8499984741211,78.8499984741211,77.88999938964844,78.37000274658203,65.00556182861328,774700
2014-11-07,78.29000091552734,78.63999938964844,78.0999984741211,78.63999938964844,65.2295150756836,1055400
2014-11-10,78.66999816894531,78.97000122070312,78.55000305175781,78.94000244140625,65.47834777832031,1199000
2014-11-11,78.98999786376953,79.01000213623047,78.58000183105469,78.7699966430664,65.33734130859375,749600
2014-11-12,78.4800033569336,78.5199966430664,78.13999938964844,78.44000244140625,65.06361389160156,453300
2014-11-13,78.54000091552734,78.68000030517578,77.98999786376953,78.16000366210938,64.83138275146484,1320000
2014-11-14,78.0999984741211,78.19000244140625,77.70999908447266,77.80999755859375,64.54104614257812,529600
2014-11-17,77.66999816894531,78.30999755859375,77.6500015258789,78.2300033569336,64.8894271850586,966900
2014-11-18,78.30000305175781,78.77999877929688,78.2300033569336,78.54000091552734,65.14656829833984,614500
2014-11-19,78.48999786376953,78.55999755859375,78.11000061035156,78.44000244140625,65.06361389160156,914800
2014-11-20,78.16000366210938,78.56999969482422,78.12000274658203,78.5,65.11339569091797,1050200
2014-11-21,79.16000366210938,79.25,78.5199966430664,78.8499984741211,65.40370178222656,818400
2014-11-24,79.05000305175781,79.06999969482422,78.76000213623047,78.81999969482422,65.37881469726562,625500
2014-11-25,78.91999816894531,78.98999786376953,78.47000122070312,78.76000213623047,65.32905578613281,1303800
2014-11-26,78.80000305175781,78.94000244140625,78.68000030517578,78.88999938964844,65.43689727783203,619600
2014-11-28,78.86000061035156,79.2300033569336,78.80000305175781,78.88999938964844,65.43689727783203,413700
2014-12-01,78.55999755859375,78.93000030517578,78.38999938964844,78.62000274658203,65.21293640136719,1131600
2014-12-02,78.62999725341797,79.19000244140625,78.54000091552734,79.11000061035156,65.6193618774414,645800
2014-12-03,79.11000061035156,79.37000274658203,79.06999969482422,79.30999755859375,65.78527069091797,708100
2014-12-04,79.18000030517578,79.36000061035156,78.80000305175781,79.18000030517578,65.67744445800781,688400
2014-12-05,79.12000274658203,79.25,78.97000122070312,79.16999816894531,65.66914367675781,659700
2014-12-08,78.97000122070312,79.41000366210938,78.6500015258789,78.97000122070312,65.50324249267578,713800
2014-12-09,78.33999633789062,79.18000030517578,78.30000305175781,79.16999816894531,65.66914367675781,1686500
2014-12-10,78.93000030517578,79.13999938964844,77.81999969482422,77.91999816894531,64.63228607177734,1180900
2014-12-11,78.12999725341797,79.06999969482422,78.12999725341797,78.45999908447266,65.08020782470703,772300
2014-12-12,78.05000305175781,78.33000183105469,77.16999816894531,77.16999816894531,64.01019287109375,995500
2014-12-15,77.26000213623047,77.69000244140625,76.27999877929688,76.66000366210938,63.58715438842773,1479100
2014-12-16,76.38999938964844,77.9800033569336,76.33999633789062,76.66999816894531,63.59546661376953,1097000
2014-12-17,76.94000244140625,78.19000244140625,76.76000213623047,78.08000183105469,64.76500701904297,1314100
2014-12-18,78.94000244140625,79.69999694824219,78.58999633789062,79.68000030517578,66.09215545654297,3393600
2014-12-19,80.0,80.3499984741211,79.55000305175781,79.94000244140625,66.30782318115234,1576100
2014-12-22,80.0199966430664,80.23999786376953,79.7699966430664,80.2300033569336,66.54837799072266,1245800
2014-12-23,80.5,80.66000366210938,80.30999755859375,80.5,66.77234649658203,1093300
2014-12-24,80.04000091552734,80.4800033569336,79.77999877929688,80.3499984741211,67.16519165039062,432700
2014-12-26,80.37999725341797,81.08000183105469,80.37999725341797,80.83999633789062,67.57479858398438,1097400
2014-12-29,80.91999816894531,81.5,80.83999633789062,81.41000366210938,68.0512924194336,756400
2014-12-30,81.25,81.27999877929688,80.51000213623047,80.52999877929688,67.315673828125,1116200
2014-12-31,80.70999908447266,80.70999908447266,79.37000274658203,79.4000015258789,66.37110137939453,996600
2015-01-02,79.5199966430664,79.83000183105469,78.80000305175781,79.44000244140625,66.4045181274414,1102200
2015-01-05,79.0199966430664,79.29000091552734,77.93000030517578,78.13999938964844,65.31786346435547,1955400
2015-01-06,78.2699966430664,78.88999938964844,77.48999786376953,77.62999725341797,64.89155578613281,1154400
2015-01-07,78.08000183105469,78.62999725341797,77.83000183105469,78.52999877929688,65.64385223388672,1359600
2015-01-08,79.16999816894531,79.80000305175781,79.01000213623047,79.6500015258789,66.58006286621094,1452800
2015-01-09,79.80999755859375,79.81999969482422,78.75,79.02999877929688,66.06181335449219,1269400
2015-01-12,79.12999725341797,79.19999694824219,78.2699966430664,78.61000061035156,65.7107162475586,1442400
2015-01-13,79.13999938964844,79.87000274658203,78.1500015258789,78.75,65.82777404785156,1736800
2015-01-14,77.98999786376953,78.93000030517578,77.9000015258789,78.87999725341797,65.93643188476562,1640300
2015-01-15,79.19999694824219,79.30999755859375,78.4800033569336,78.7300033569336,65.81104278564453,1221300
2015-01-16,78.77999877929688,79.66000366210938,78.55000305175781,79.58999633789062,66.52991485595703,1473200
2015-01-20,79.94999694824219,80.0,79.12000274658203,79.7699966430664,66.68038940429688,1918500
2015-01-21,79.63999938964844,80.3499984741211,79.29000091552734,80.29000091552734,67.11506652832031,1390100
2015-01-22,80.63999938964844,81.01000213623047,80.02999877929688,80.94999694824219,67.666748046875,1227000
2015-01-23,80.93000030517578,80.98999786376953,80.54000091552734,80.58999633789062,67.36582946777344,1082800
2015-01-26,80.5199966430664,80.79000091552734,79.91999816894531,80.77999877929688,67.524658203125,1089200
2015-01-27,80.11000061035156,80.66999816894531,79.97000122070312,80.30999755859375,67.13176727294922,1072300
2015-01-28,80.69000244140625,80.93000030517578,79.27999877929688,79.45999908447266,66.42125701904297,1248400
2015-01-29,79.58000183105469,80.4000015258789,78.93000030517578,80.30000305175781,67.12342071533203,1162700
2015-01-30,79.70999908447266,80.0999984741211,78.94000244140625,79.0,66.03673553466797,1558400
2015-02-02,79.2300033569336,79.86000061035156,78.38999938964844,79.80000305175781,66.70547485351562,1181900
2015-02-03,80.20999908447266,80.83999633789062,80.0,80.83999633789062,67.57479858398438,2007000
2015-02-04,80.55999755859375,80.80999755859375,80.0199966430664,80.19000244140625,67.03146362304688,967400
2015-02-05,80.5199966430664,80.87000274658203,80.26000213623047,80.79000091552734,67.53302001953125,789400
2015-02-06,81.0,81.0,79.33999633789062,79.62999725341797,66.56333923339844,1455300
2015-02-09,79.30999755859375,79.79000091552734,78.94000244140625,79.19999694824219,66.20391845703125,784300
2015-02-10,79.55999755859375,80.12000274658203,79.13999938964844,80.02999877929688,66.897705078125,867100
2015-02-11,79.9800033569336,79.9800033569336,79.05999755859375,79.4000015258789,66.37110137939453,771200
2015-02-12,79.68000030517578,79.94000244140625,79.43000030517578,79.86000061035156,66.755615234375,969300
2015-02-13,79.94000244140625,79.94000244140625,79.16000366210938,79.56999969482422,66.51319885253906,832000
2015-02-17,79.4000015258789,79.81999969482422,79.18000030517578,79.69000244140625,66.6135025024414,887300
2015-02-18,79.48999786376953,80.2300033569336,79.41000366210938,80.19000244140625,67.03146362304688,1078100
2015-02-19,79.98999786376953,80.16000366210938,79.73999786376953,79.93000030517578,66.81415557861328,876900
2015-02-20,79.79000091552734,80.19000244140625,79.3499984741211,80.16999816894531,67.01472473144531,692200
2015-02-23,80.02999877929688,80.26000213623047,79.91000366210938,80.26000213623047,67.09001159667969,729900
2015-02-24,80.33999633789062,80.5999984741211,80.04000091552734,80.36000061035156,67.17356872558594,1128700
2015-02-25,80.38999938964844,80.43000030517578,79.8499984741211,79.9800033569336,66.85592651367188,936700
2015-02-26,80.0,80.0199966430664,79.4800033569336,79.66000366210938,66.58843231201172,524400
2015-02-27,79.6500015258789,79.75,79.41999816894531,79.44000244140625,66.4045181274414,725400
2015-03-02,79.51000213623047,79.55000305175781,78.83000183105469,79.0999984741211,66.12032318115234,1278800
2015-03-03,78.86000061035156,79.0999984741211,78.6500015258789,79.02999877929688,66.06181335449219,1023700
2015-03-04,78.80999755859375,78.98999786376953,78.3499984741211,78.56999969482422,65.67728424072266,1099600
2015-03-05,78.68000030517578,78.94000244140625,78.54000091552734,78.7300033569336,65.81104278564453,784500
2015-03-06,78.29000091552734,78.48999786376953,77.02999877929688,77.23999786376953,64.56552124023438,1252600
2015-03-09,77.25,77.69000244140625,77.19000244140625,77.48999786376953,64.77452087402344,1450800
2015-03-10,77.0199966430664,77.25,76.62999725341797,76.6500015258789,64.07234191894531,1257200
2015-03-11,76.80000305175781,76.80000305175781,76.27999877929688,76.45999908447266,63.913536071777344,854500
2015-03-12,76.75,77.66000366210938,76.5,77.51000213623047,64.79122924804688,1230800
2015-03-13,77.3499984741211,77.41999816894531,76.2300033569336,76.88999938964844,64.27296447753906,908400
2015-03-16,77.05000305175781,77.91999816894531,77.05000305175781,77.87000274658203,65.09217071533203,1540700
2015-03-17,77.5,77.87999725341797,77.44000244140625,77.77999877929688,65.01691436767578,554600
2015-03-18,77.56999969482422,79.4000015258789,77.4800033569336,79.05000305175781,66.07852172851562,957200
2015-03-19,78.83000183105469,79.04000091552734,78.44999694824219,78.55999755859375,65.6689224243164,566400
2015-03-20,78.7699966430664,79.5999984741211,78.7699966430664,79.58999633789062,66.52991485595703,1548000
2015-03-23,79.4800033569336,79.9800033569336,79.4800033569336,79.69000244140625,66.6135025024414,1698100
2015-03-24,79.62999725341797,79.69999694824219,78.98999786376953,79.0,66.03673553466797,711000
2015-03-25,78.5199966430664,78.70999908447266,77.56999969482422,77.58999633789062,65.35279083251953,2125500
2015-03-26,77.4000015258789,77.68000030517578,77.06999969482422,77.2699966430664,65.08328247070312,1356600
2015-03-27,77.30000305175781,77.5999984741211,77.16000366210938,77.47000122070312,65.2517318725586,1100700
2015-03-30,77.76000213623047,78.4800033569336,77.73999786376953,78.30000305175781,65.95082092285156,993800
2015-03-31,78.05000305175781,78.3499984741211,77.7699966430664,77.94000244140625,65.64759826660156,1088600
2015-04-01,77.81999969482422,77.94000244140625,77.37000274658203,77.91000366210938,65.6223373413086,737400
2015-04-02,77.7699966430664,78.3499984741211,77.76000213623047,78.05999755859375,65.74867248535156,604000
2015-04-06,78.0199966430664,79.1500015258789,77.8499984741211,78.94999694824219,66.498291015625,882600
2015-04-07,78.86000061035156,78.97000122070312,78.43000030517578,78.45999908447266,66.0855712890625,564700
2015-04-08,78.36000061035156,78.62000274658203,78.05000305175781,78.30999755859375,65.95925903320312,586600
2015-04-09,78.19000244140625,78.55999755859375,77.94999694824219,78.45999908447266,66.0855712890625,633500
2015-04-10,78.44000244140625,79.08999633789062,78.44000244140625,79.0,66.54041290283203,781700
2015-04-13,78.8499984741211,78.98999786376953,78.44999694824219,78.4800033569336,66.10243225097656,1441800
2015-04-14,78.43000030517578,78.98999786376953,78.38999938964844,78.93000030517578,66.4814682006836,1094900
2015-04-15,79.16000366210938,79.69999694824219,79.12000274658203,79.33000183105469,66.8183822631836,848500
2015-04-16,79.18000030517578,79.33999633789062,78.69999694824219,79.05000305175781,66.58253479003906,466500
2015-04-17,78.7300033569336,78.81999969482422,78.13999938964844,78.38999938964844,66.0266342163086,601000
2015-04-20,78.70999908447266,79.44999694824219,78.70999908447266,79.12000274658203,66.6415023803711,621000
2015-04-21,79.41000366210938,79.5,78.51000213623047,78.68000030517578,66.27088165283203,1042200
2015-04-22,78.66000366210938,78.97000122070312,78.30000305175781,78.87999725341797,66.43934631347656,526500
2015-04-23,78.76000213623047,79.47000122070312,78.76000213623047,79.26000213623047,66.75943756103516,708100
2015-04-24,79.22000122070312,79.48999786376953,79.12000274658203,79.3499984741211,66.8352279663086,570100
2015-04-27,79.33999633789062,79.5,78.58999633789062,78.69999694824219,66.28772735595703,671700
2015-04-28,78.66000366210938,79.16999816894531,78.41000366210938,79.16000366210938,66.67520141601562,564900
2015-04-29,78.80999755859375,79.0999984741211,78.48999786376953,78.88999938964844,66.44776916503906,689900
2015-04-30,78.77999877929688,78.8499984741211,77.98999786376953,78.33000183105469,65.9760971069336,942100
2015-05-01,78.43000030517578,78.80000305175781,78.23999786376953,78.72000122070312,66.3045883178711,803400
2015-05-04,78.83999633789062,79.20999908447266,78.80999755859375,78.91000366210938,66.46460723876953,696300
2015-05-05,78.80000305175781,78.94999694824219,77.80000305175781,77.91000366210938,65.6223373413086,930500
2015-05-06,78.08999633789062,78.23999786376953,77.0999984741211,77.63999938964844,65.3949203491211,750300
2015-05-07,77.5,77.94000244140625,77.33999633789062,77.6500015258789,65.4033432006836,843200
2015-05-08,77.98999786376953,78.56999969482422,77.98999786376953,78.4000015258789,66.03504943847656,557400
2015-05-11,78.31999969482422,78.5999984741211,78.0,78.05000305175781,65.740234375,698100
2015-05-12,77.69000244140625,78.04000091552734,77.3499984741211,77.9000015258789,65.61390686035156,603300
2015-05-13,78.0999984741211,78.4000015258789,77.70999908447266,77.80000305175781,65.5296859741211,730200
2015-05-14,78.1500015258789,78.54000091552734,78.12000274658203,78.5,66.11927032470703,596900
2015-05-15,78.55000305175781,78.80000305175781,78.44000244140625,78.79000091552734,66.36354064941406,505600
2015-05-18,78.63999938964844,79.0999984741211,78.61000061035156,79.05999755859375,66.5909423828125,520300
2015-05-19,79.08000183105469,79.08000183105469,78.68000030517578,79.0,66.54041290283203,1834900
2015-05-20,79.0199966430664,79.41000366210938,78.91000366210938,79.08999633789062,66.61621856689453,499300
2015-05-21,79.0199966430664,79.33999633789062,79.0,79.23999786376953,66.74256134033203,587900
2015-05-22,79.13999938964844,79.18000030517578,78.9000015258789,79.04000091552734,66.57411193847656,420000
2015-05-26,78.8499984741211,78.9000015258789,78.13999938964844,78.33999633789062,65.98451232910156,804800
2015-05-27,78.44999694824219,78.87000274658203,78.30000305175781,78.75,66.32984924316406,451600
2015-05-28,78.5999984741211,78.88999938964844,78.43000030517578,78.8499984741211,66.41410064697266,510800
2015-05-29,78.80000305175781,78.80000305175781,78.23999786376953,78.38999938964844,66.0266342163086,429800
2015-06-01,78.63999938964844,78.66000366210938,78.1500015258789,78.33000183105469,65.9760971069336,586100
2015-06-02,78.12999725341797,78.41000366210938,77.7699966430664,78.02999877929688,65.72340393066406,888500
2015-06-03,78.11000061035156,78.11000061035156,77.62000274658203,77.83000183105469,65.5549545288086,499000
2015-06-04,77.55000305175781,77.80999755859375,77.19999694824219,77.2699966430664,65.08328247070312,936800
2015-06-05,77.01000213623047,77.19999694824219,76.66999816894531,76.95999908447266,64.82217407226562,623500
2015-06-08,76.75,76.95999908447266,76.70999908447266,76.72000122070312,64.62000274658203,692400
2015-06-09,76.72000122070312,76.9800033569336,76.62999725341797,76.66999816894531,64.57788848876953,694700
2015-06-10,76.91999816894531,77.66999816894531,76.91999816894531,77.4800033569336,65.26016235351562,540100
2015-06-11,77.61000061035156,77.83999633789062,77.44999694824219,77.80000305175781,65.5296859741211,1095500
2015-06-12,77.43000030517578,77.55999755859375,77.02999877929688,77.08000183105469,64.92322540283203,782000
2015-06-15,76.79000091552734,77.02999877929688,76.44999694824219,76.72000122070312,64.62000274658203,785300
2015-06-16,76.63999938964844,77.18000030517578,76.5199966430664,77.1500015258789,64.982177734375,634000
2015-06-17,77.26000213623047,77.5999984741211,76.98999786376953,77.41999816894531,65.20960235595703,884300
2015-06-18,77.52999877929688,78.3499984741211,77.5199966430664,78.06999969482422,65.75709533691406,882400
2015-06-19,78.01000213623047,78.18000030517578,77.63999938964844,77.63999938964844,65.3949203491211,648500
2015-06-22,77.8499984741211,78.16999816894531,77.75,77.93000030517578,65.63916778564453,612700
2015-06-23,78.13999938964844,78.13999938964844,77.51000213623047,77.66000366210938,65.4117660522461,578900
2015-06-24,76.9000015258789,76.97000122070312,76.43000030517578,76.44000244140625,64.92422485351562,1269300
2015-06-25,76.54000091552734,76.58999633789062,75.97000122070312,76.01000213623047,64.55901336669922,1731200
2015-06-26,76.08999633789062,76.5,75.8499984741211,76.45999908447266,64.94121551513672,421800
2015-06-29,75.9800033569336,76.38999938964844,75.18000030517578,75.22000122070312,63.888031005859375,1040000
2015-06-30,75.76000213623047,75.76000213623047,74.9800033569336,75.1500015258789,63.82858276367188,880600
2015-07-01,75.33999633789062,75.62000274658203,73.7300033569336,75.56999969482422,64.18528747558594,739300
2015-07-02,75.62000274658203,76.0999984741211,75.62000274658203,75.81999969482422,64.39762878417969,1298900
2015-07-06,75.29000091552734,75.69999694824219,75.26000213623047,75.56999969482422,64.18528747558594,630700
2015-07-07,75.56999969482422,76.72000122070312,75.30999755859375,76.61000061035156,65.06861114501953,868900
2015-07-08,76.12000274658203,76.37000274658203,75.68000030517578,75.80999755859375,64.38914489746094,665400
2015-07-09,76.5199966430664,76.56999969482422,75.6500015258789,75.66999816894531,64.27022552490234,419500
2015-07-10,76.26000213623047,76.55000305175781,76.0199966430664,76.27999877929688,64.78834533691406,539500
2015-07-13,76.5199966430664,76.87000274658203,76.5,76.80999755859375,65.23847961425781,436400
2015-07-14,76.69000244140625,77.05000305175781,76.69000244140625,76.95999908447266,65.36589813232422,838200
2015-07-15,76.81999969482422,76.97000122070312,76.56999969482422,76.76000213623047,65.19602966308594,512000
2015-07-16,76.88999938964844,77.45999908447266,76.87999725341797,77.4000015258789,65.73958587646484,569500
2015-07-17,77.16999816894531,77.30999755859375,76.70999908447266,76.76000213623047,65.19602966308594,437900
2015-07-20,76.66999816894531,76.8499984741211,76.3499984741211,76.56999969482422,65.0346450805664,830200
2015-07-21,76.51000213623047,76.61000061035156,75.87999725341797,76.04000091552734,64.58448028564453,486300
2015-07-22,75.66999816894531,76.22000122070312,75.66999816894531,76.04000091552734,64.58448028564453,1249900
2015-07-23,76.04000091552734,76.08999633789062,75.30999755859375,75.5199966430664,64.14282989501953,635000
2015-07-24,75.41999816894531,75.5,74.73999786376953,74.83999633789062,63.56528472900391,638700
2015-07-27,74.45999908447266,75.08000183105469,74.45999908447266,74.9000015258789,63.61622619628906,1234600
2015-07-28,75.06999969482422,75.69000244140625,74.80000305175781,75.62999725341797,64.23626708984375,1013300
2015-07-29,75.56999969482422,76.20999908447266,75.51000213623047,76.1500015258789,64.67792510986328,570400
2015-07-30,75.97000122070312,76.47000122070312,75.91000366210938,76.33999633789062,64.83927917480469,474500
2015-07-31,76.43000030517578,76.77999877929688,76.25,76.31999969482422,64.82231140136719,694800
2015-08-03,76.25,76.48999786376953,75.9000015258789,76.2300033569336,64.74588012695312,566500
2015-08-04,76.19000244140625,76.30999755859375,75.72000122070312,75.81999969482422,64.39762878417969,490600
2015-08-05,76.04000091552734,76.55000305175781,76.04000091552734,76.0999984741211,64.63545989990234,322000
2015-08-06,76.04000091552734,76.13999938964844,75.62000274658203,76.0999984741211,64.63545989990234,563500
2015-08-07,75.97000122070312,76.16999816894531,75.80000305175781,76.12000274658203,64.6524429321289,526800
2015-08-10,76.30000305175781,76.77999877929688,76.30000305175781,76.76000213623047,65.19602966308594,489500
2015-08-11,76.22000122070312,76.66000366210938,76.19000244140625,76.5199966430664,64.9921646118164,535700
2015-08-12,76.02999877929688,77.08000183105469,76.0,76.94999694824219,65.35740661621094,750200
2015-08-13,76.80999755859375,76.94999694824219,76.4800033569336,76.7699966430664,65.20452880859375,580600
2015-08-14,76.66999816894531,77.19999694824219,76.63999938964844,77.18000030517578,65.55277252197266,1147800
2015-08-17,76.95999908447266,77.66000366210938,76.77999877929688,77.5199966430664,65.84151458740234,434200
2015-08-18,77.4800033569336,77.52999877929688,77.19000244140625,77.30999755859375,65.66315460205078,458800
2015-08-19,77.01000213623047,77.30000305175781,76.36000061035156,76.83000183105469,65.2554702758789,528600
2015-08-20,76.4000015258789,76.72000122070312,75.91999816894531,75.94999694824219,64.50804901123047,689000
2015-08-21,75.2300033569336,75.69000244140625,74.37999725341797,74.37999725341797,63.1745719909668,1293600
2015-08-24,69.4000015258789,73.79000091552734,48.0,71.79000091552734,60.97475814819336,5621500
2015-08-25,72.5,73.79000091552734,70.4000015258789,70.47000122070312,59.8536262512207,1432800
2015-08-26,71.16999816894531,72.12999725341797,70.33000183105469,72.0,61.15311813354492,1374300
2015-08-27,72.69000244140625,73.63999938964844,72.4000015258789,73.58000183105469,62.49509048461914,1016400
2015-08-28,73.33000183105469,74.05000305175781,73.33000183105469,73.86000061035156,62.732906341552734,619100
2015-08-31,73.51000213623047,73.70999908447266,72.98999786376953,73.4800033569336,62.41017532348633,730900
2015-09-01,72.11000061035156,72.37999725341797,71.08999633789062,71.44000244140625,60.67748641967773,1108900
2015-09-02,72.13999938964844,72.27999877929688,71.27999877929688,72.12000274658203,61.25506210327149,762400
2015-09-03,72.37000274658203,73.20999908447266,72.29000091552734,72.58000183105469,61.64574432373047,810400
2015-09-04,71.86000061035156,71.95999908447266,71.26000213623047,71.58000183105469,60.79639053344727,744100
2015-09-08,72.87000274658203,73.27999877929688,72.4800033569336,73.2699966430664,62.23178482055664,924000
2015-09-09,73.73999786376953,73.73999786376953,72.13999938964844,72.26000213623047,61.37394332885742,845500
2015-09-10,72.12000274658203,72.94999694824219,72.11000061035156,72.37000274658203,61.46736145019531,648000
2015-09-11,72.11000061035156,72.61000061035156,71.88999938964844,72.61000061035156,61.67121887207031,602500
2015-09-14,72.55999755859375,72.70999908447266,72.30000305175781,72.41000366210938,61.50135803222656,866500
2015-09-15,72.62999725341797,73.29000091552734,72.44000244140625,73.16999816894531,62.14686965942383,597800
2015-09-16,73.30000305175781,74.12000274658203,73.26000213623047,74.05000305175781,62.89427185058594,531100
2015-09-17,74.04000091552734,75.23999786376953,73.94000244140625,74.19000244140625,63.01319885253906,949800
2015-09-18,73.2699966430664,73.86000061035156,73.0,73.19999694824219,62.17232894897461,965000
2015-09-21,73.47000122070312,73.98999786376953,73.36000061035156,73.52999877929688,62.45262145996094,539700
2015-09-22,72.76000213623047,73.16999816894531,72.55000305175781,72.81999969482422,61.84958267211914,584400
2015-09-23,72.83999633789062,72.98999786376953,72.4800033569336,72.69000244140625,61.73917388916016,925600
2015-09-24,72.23999786376953,73.08999633789062,72.13999938964844,72.93000030517578,61.94301986694336,870100
2015-09-25,72.7300033569336,73.22000122070312,72.31999969482422,72.62999725341797,62.24468612670898,1095900
2015-09-28,72.22000122070312,72.41000366210938,71.33000183105469,71.44000244140625,61.22484588623047,977500
2015-09-29,71.56999969482422,71.80999755859375,71.18000030517578,71.55000305175781,61.319122314453125,753100
2015-09-30,72.08000183105469,72.80000305175781,71.9000015258789,72.75,62.34751129150391,916300
2015-10-01,72.98999786376953,73.0,71.72000122070312,72.29000091552734,61.95330047607422,1015300
2015-10-02,71.94000244140625,73.2699966430664,71.69999694824219,73.26000213623047,62.784610748291016,998800
2015-10-05,73.69000244140625,74.7699966430664,73.69000244140625,74.70999908447266,64.02727508544922,966700
2015-10-06,74.69999694824219,74.79000091552734,74.4000015258789,74.56999969482422,63.90728759765625,2267100
2015-10-07,74.9000015258789,75.25,74.55999755859375,75.11000061035156,64.37008666992188,753700
2015-10-08,74.88999938964844,76.12999725341797,74.87000274658203,76.0199966430664,65.14994049072266,774600
2015-10-09,76.12999725341797,76.22000122070312,75.80999755859375,75.94999694824219,65.08995819091797,829300
2015-10-12,75.87000274658203,76.19000244140625,75.80999755859375,76.05999755859375,65.18423461914062,614300
2015-10-13,75.76000213623047,76.16000366210938,75.58000183105469,75.68000030517578,64.85855865478516,1102400
2015-10-14,75.61000061035156,75.94000244140625,75.30999755859375,75.43000030517578,64.64431762695312,565300
2015-10-15,75.44000244140625,76.11000061035156,75.19000244140625,76.11000061035156,65.22705841064453,637900
2015-10-16,76.20999908447266,76.41999816894531,75.98999786376953,76.41000366210938,65.48418426513672,512200
2015-10-19,76.16000366210938,76.36000061035156,75.9800033569336,76.3499984741211,65.43277740478516,745100
2015-10-20,76.1500015258789,76.63999938964844,76.0999984741211,76.47000122070312,65.53561401367188,807400
2015-10-21,76.55999755859375,76.80999755859375,76.12999725341797,76.18000030517578,65.28707122802734,599700
2015-10-22,76.61000061035156,77.61000061035156,76.56999969482422,77.5199966430664,66.43545532226562,730900
2015-10-23,77.80000305175781,77.83999633789062,77.06999969482422,77.38999938964844,66.32405853271484,875800
2015-10-26,77.33999633789062,77.4000015258789,76.91000366210938,77.08000183105469,66.0583724975586,606700
2015-10-27,76.87999725341797,77.0199966430664,76.33999633789062,76.62999725341797,65.6727294921875,800900
2015-10-28,76.6500015258789,77.26000213623047,76.18000030517578,77.0999984741211,66.07552337646484,886200
2015-10-29,77.63999938964844,77.63999938964844,76.41000366210938,76.81999969482422,65.83556365966797,760400
2015-10-30,76.91999816894531,77.2699966430664,76.69999694824219,76.87000274658203,65.87840270996094,981100
2015-11-02,76.95999908447266,77.66000366210938,76.7699966430664,77.56999969482422,66.47831726074219,791800
2015-11-03,77.4800033569336,77.9800033569336,77.4000015258789,77.73999786376953,66.62399291992188,867800
2015-11-04,77.88999938964844,77.93000030517578,77.43000030517578,77.58999633789062,66.4954605102539,720900
2015-11-05,77.66000366210938,77.79000091552734,77.29000091552734,77.4800033569336,66.40119934082031,633500
2015-11-06,77.22000122070312,77.22000122070312,75.88999938964844,76.44000244140625,65.5098876953125,1267000
2015-11-09,76.2300033569336,76.2699966430664,75.7699966430664,76.06999969482422,65.19280242919922,849400
2015-11-10,75.91999816894531,76.48999786376953,75.91999816894531,76.45999908447266,65.52703857421875,605100
2015-11-11,76.55000305175781,76.77999877929688,76.41999816894531,76.51000213623047,65.56989288330078,709900
2015-11-12,76.08000183105469,76.29000091552734,75.20999908447266,75.20999908447266,64.45578002929688,1144200
2015-11-13,75.06999969482422,75.36000061035156,74.62999725341797,74.73999786376953,64.05298614501953,770900
2015-11-16,74.62000274658203,76.04000091552734,74.62000274658203,76.0,65.13279724121094,767700
2015-11-17,76.01000213623047,76.19999694824219,75.18000030517578,75.30999755859375,64.54147338867188,833900
2015-11-18,75.4000015258789,76.37999725341797,75.36000061035156,76.31999969482422,65.40704345703125,724200
2015-11-19,76.26000213623047,76.66000366210938,76.26000213623047,76.55999755859375,65.61272430419922,673700
2015-11-20,76.76000213623047,77.13999938964844,76.55000305175781,76.7300033569336,65.75843811035156,577000
2015-11-23,76.58000183105469,77.13999938964844,76.58000183105469,76.83000183105469,65.84412384033203,778800
2015-11-24,76.44999694824219,77.22000122070312,76.33000183105469,77.04000091552734,66.02411651611328,819200
2015-11-25,77.05000305175781,77.12999725341797,76.77999877929688,77.0199966430664,66.0069580078125,1159200
2015-11-27,76.98999786376953,77.19999694824219,76.8499984741211,77.08999633789062,66.06695556640625,244300
2015-11-30,77.2699966430664,77.27999877929688,76.91000366210938,76.94999694824219,65.94697570800781,1019200
2015-12-01,77.05999755859375,77.58000183105469,77.05999755859375,77.5199966430664,66.43545532226562,885000
2015-12-02,77.47000122070312,77.47000122070312,76.22000122070312,76.33000183105469,65.4156265258789,1062600
2015-12-03,76.41000366210938,76.47000122070312,75.13999938964844,75.38999938964844,64.61003875732422,1084300
2015-12-04,75.44000244140625,76.66000366210938,75.44000244140625,76.56999969482422,65.62129974365234,986200
2015-12-07,76.33000183105469,76.36000061035156,75.62000274658203,76.12000274658203,65.23566436767578,1136600
2015-12-08,75.58999633789062,76.0199966430664,75.30999755859375,75.70999908447266,64.88429260253906,775800
2015-12-09,75.48999786376953,76.44000244140625,74.91999816894531,75.30999755859375,64.54147338867188,1286800
2015-12-10,75.27999877929688,75.62000274658203,74.94999694824219,75.04000091552734,64.3100814819336,1823700
2015-12-11,74.2300033569336,74.7300033569336,74.01000213623047,74.12000274658203,63.52163696289063,1014000
2015-12-14,74.05999755859375,74.48999786376953,73.62999725341797,74.30999755859375,63.6844596862793,1380100
2015-12-15,74.81999969482422,75.51000213623047,74.5999984741211,75.16000366210938,64.41292572021484,1195300
2015-12-16,75.43000030517578,76.44000244140625,75.43000030517578,76.33999633789062,65.42418670654297,1166500
2015-12-17,76.3499984741211,76.37000274658203,75.52999877929688,75.58000183105469,64.77285766601562,996000
2015-12-18,75.33999633789062,75.33999633789062,74.38999938964844,74.4000015258789,63.76158905029297,1523000
2015-12-21,74.6500015258789,75.01000213623047,74.23999786376953,74.80000305175781,64.10441589355469,1168900
2015-12-22,75.02999877929688,75.70999908447266,74.52999877929688,75.58999633789062,64.78142547607422,1142400
2015-12-23,75.97000122070312,76.79000091552734,75.97000122070312,76.73999786376953,65.76698303222656,903200
2015-12-24,75.94000244140625,76.16999816894531,75.7300033569336,75.93000030517578,65.66580963134766,414200
2015-12-28,75.63999938964844,75.87999725341797,75.31999969482422,75.83999633789062,65.5879898071289,1095100
2015-12-29,76.27999877929688,76.4800033569336,76.16000366210938,76.30000305175781,65.98579406738281,866600
2015-12-30,76.19999694824219,76.37000274658203,75.86000061035156,75.93000030517578,65.66580963134766,921400
2015-12-31,75.76000213623047,75.79000091552734,75.0199966430664,75.1500015258789,64.99126434326172,1040300
2016-01-04,74.22000122070312,74.55999755859375,73.75,74.55999755859375,64.48101043701172,2059900
2016-01-05,74.66999816894531,75.12999725341797,74.13999938964844,75.01000213623047,64.87018585205078,1631700
2016-01-06,74.08999633789062,74.52999877929688,73.8499984741211,74.25,64.2129135131836,1177600
2016-01-07,73.2300033569336,73.80000305175781,72.73999786376953,72.93000030517578,63.07136535644531,1686200
2016-01-08,73.18000030517578,73.41999816894531,72.27999877929688,72.43000030517578,62.638946533203125,1608800
2016-01-11,72.69999694824219,72.88999938964844,71.95999908447266,72.5999984741211,62.78597259521485,2000100
2016-01-12,73.16000366210938,73.16000366210938,71.91999816894531,72.66999816894531,62.84650802612305,1409200
2016-01-13,72.9000015258789,73.11000061035156,71.51000213623047,71.58000183105469,61.903839111328125,1615700
2016-01-14,71.77999877929688,73.25,71.6500015258789,72.83000183105469,62.98487854003906,1459100
2016-01-15,71.4000015258789,71.95999908447266,70.81999969482422,71.80999755859375,62.102760314941406,1624200
2016-01-19,72.30999755859375,72.5,71.47000122070312,72.0,62.26707077026367,1872000
2016-01-20,71.23999786376953,71.51000213623047,69.30999755859375,70.7699966430664,61.203346252441406,1908000
2016-01-21,70.83000183105469,71.58999633789062,70.30000305175781,70.9800033569336,61.38497543334961,1559200
2016-01-22,71.80000305175781,72.41000366210938,71.61000061035156,72.3499984741211,62.569766998291016,900500
2016-01-25,72.12999725341797,72.23999786376953,71.12000274658203,71.18000030517578,61.55792236328125,952800
2016-01-26,71.3499984741211,72.33000183105469,71.33999633789062,72.27999877929688,62.50922775268555,976100
2016-01-27,72.08000183105469,72.94000244140625,71.58999633789062,72.06999969482422,62.32761764526367,1024700
2016-01-28,72.58999633789062,73.12999725341797,72.22000122070312,72.87000274658203,63.01945114135742,1051800
2016-01-29,73.22000122070312,74.51000213623047,73.18000030517578,74.45999908447266,64.39453887939453,1068300
2016-02-01,74.2300033569336,74.91000366210938,74.01000213623047,74.63999938964844,64.55017852783203,1015900
2016-02-02,74.05000305175781,74.12000274658203,73.6500015258789,73.97000122070312,63.97076797485352,1105900
2016-02-03,74.37999725341797,75.19999694824219,73.62999725341797,74.94000244140625,64.80964660644531,1562500
2016-02-04,74.87999725341797,75.44000244140625,74.5999984741211,74.81999969482422,64.70586395263672,1191100
2016-02-05,74.69000244140625,74.8499984741211,74.29000091552734,74.55999755859375,64.48101043701172,1121200
2016-02-08,74.12000274658203,74.7300033569336,73.58000183105469,74.62000274658203,64.53289794921875,1513000
2016-02-09,74.08999633789062,75.01000213623047,74.08000183105469,74.58999633789062,64.5069580078125,2558100
2016-02-10,74.7699966430664,74.91999816894531,74.25,74.30999755859375,64.26480102539062,1205800
2016-02-11,73.58999633789062,73.80999755859375,72.93000030517578,73.37999725341797,63.46051406860352,1428600
2016-02-12,73.8499984741211,74.23999786376953,73.58000183105469,74.22000122070312,64.18696594238281,998100
2016-02-16,74.80999755859375,75.12000274658203,74.37999725341797,75.08000183105469,64.93070983886719,891700
2016-02-17,75.4800033569336,76.11000061035156,75.25,75.95999908447266,65.69175720214844,1028600
2016-02-18,76.05999755859375,76.4800033569336,75.86000061035156,76.2699966430664,65.95985412597656,928800
2016-02-19,76.04000091552734,76.27999877929688,75.75,76.18000030517578,65.88201141357422,663100
2016-02-22,76.72000122070312,77.0999984741211,76.6500015258789,77.02999877929688,66.61711883544922,968900
2016-02-23,76.8499984741211,76.94000244140625,76.44000244140625,76.56999969482422,66.21929931640625,782500
2016-02-24,76.06999969482422,76.9000015258789,75.83999633789062,76.8499984741211,66.4614486694336,748100
2016-02-25,76.97000122070312,77.5,76.80000305175781,77.48999786376953,67.01493835449219,838200
2016-02-26,77.79000091552734,77.79000091552734,76.68000030517578,76.75,66.37496185302734,790100
2016-02-29,76.73999786376953,77.3499984741211,76.61000061035156,76.61000061035156,66.25390625,741200
2016-03-01,77.11000061035156,77.44999694824219,76.94000244140625,77.30999755859375,66.85926818847656,1009300
2016-03-02,77.19999694824219,78.0,76.69999694824219,77.98999786376953,67.44734191894531,1270400
2016-03-03,77.9000015258789,78.66999816894531,77.61000061035156,78.66999816894531,68.03543090820312,1166500
2016-03-04,78.66000366210938,79.4800033569336,78.3499984741211,79.36000061035156,68.63214111328125,1523000
2016-03-07,79.05999755859375,79.7699966430664,79.0199966430664,79.73999786376953,68.96076965332031,1374200
2016-03-08,79.45999908447266,79.61000061035156,79.19999694824219,79.27999877929688,68.56295013427734,1566500
2016-03-09,79.66000366210938,80.06999969482422,79.48999786376953,79.83000183105469,69.03861236572266,1218400
2016-03-10,79.88999938964844,80.16999816894531,79.1500015258789,79.9800033569336,69.1683349609375,938400
2016-03-11,80.44999694824219,80.8499984741211,80.37000274658203,80.69999694824219,69.791015625,767600
2016-03-14,80.48999786376953,80.66999816894531,80.29000091552734,80.4800033569336,69.60076141357422,766900
2016-03-15,80.05999755859375,80.41000366210938,79.91999816894531,80.4000015258789,69.53155517578125,834600
2016-03-16,80.2300033569336,81.16999816894531,80.12000274658203,81.05000305175781,70.09371185302734,771800
2016-03-17,81.0199966430664,82.0199966430664,80.8499984741211,81.8499984741211,70.7855453491211,1071200
2016-03-18,81.95999908447266,82.16000366210938,81.63999938964844,81.7300033569336,70.68177795410156,1003200
2016-03-21,81.66000366210938,81.87000274658203,81.37999725341797,81.7300033569336,70.68177795410156,1724300
2016-03-22,81.45999908447266,81.77999877929688,81.25,81.48999786376953,70.47422790527344,1550900
2016-03-23,80.7300033569336,80.7699966430664,80.30000305175781,80.33999633789062,70.0210189819336,1428500
2016-03-24,79.93000030517578,80.33000183105469,79.70999908447266,80.33000183105469,70.01229858398438,1532800
2016-03-28,80.4800033569336,80.55999755859375,80.16000366210938,80.41000366210938,70.08201599121094,2673300
2016-03-29,80.3499984741211,81.41999816894531,80.20999908447266,81.41000366210938,70.95358276367188,958600
2016-03-30,81.77999877929688,81.80999755859375,81.37999725341797,81.52999877929688,71.05815124511719,885200
2016-03-31,81.55999755859375,81.81999969482422,81.51000213623047,81.66999816894531,71.18019104003906,701400
2016-04-01,81.23999786376953,81.9800033569336,81.0199966430664,81.91999816894531,71.3980712890625,1139500
2016-04-04,81.91999816894531,81.91999816894531,81.33000183105469,81.47000122070312,71.00587463378906,887000
2016-04-05,81.0999984741211,81.19000244140625,80.33000183105469,80.43000030517578,70.09945678710938,2409300
2016-04-06,80.47000122070312,80.91999816894531,80.19000244140625,80.9000015258789,70.50907897949219,1250100
2016-04-07,80.56999969482422,80.86000061035156,79.94999694824219,80.2699966430664,69.95999908447266,694900
2016-04-08,80.6500015258789,81.05000305175781,80.38999938964844,80.61000061035156,70.25633239746094,942500
2016-04-11,80.8499984741211,81.25,80.5199966430664,80.54000091552734,70.19535064697266,2414000
2016-04-12,80.66999816894531,81.62000274658203,80.61000061035156,81.51000213623047,71.04074096679688,916300
2016-04-13,81.79000091552734,81.93000030517578,81.37000274658203,81.91000366210938,71.38935089111328,1261300
2016-04-14,81.80000305175781,81.83999633789062,81.45999908447266,81.5199966430664,71.04944610595703,958900
2016-04-15,81.4000015258789,81.72000122070312,81.33999633789062,81.69000244140625,71.19760131835938,905100
2016-04-18,81.41999816894531,82.12999725341797,81.23999786376953,82.08000183105469,71.53752136230469,783500
2016-04-19,82.2300033569336,82.62999725341797,82.19999694824219,82.58999633789062,71.98201751708984,775800
2016-04-20,82.58000183105469,82.58999633789062,81.8499984741211,81.88999938964844,71.37191772460938,718700
2016-04-21,81.86000061035156,81.91999816894531,80.79000091552734,80.79000091552734,70.41322326660156,1888900
2016-04-22,80.88999938964844,81.51000213623047,80.88999938964844,81.41999816894531,70.96229553222656,1037200
2016-04-25,81.20999908447266,81.30999755859375,80.91999816894531,81.27999877929688,70.84026336669922,696800
2016-04-26,81.44999694824219,81.81999969482422,81.38999938964844,81.76000213623047,71.25862884521484,590700
2016-04-27,81.86000061035156,82.7699966430664,81.75,82.5999984741211,71.99073791503906,612900
2016-04-28,82.0,82.63999938964844,81.80000305175781,82.11000061035156,71.56365203857422,908700
2016-04-29,81.91000366210938,82.22000122070312,81.4000015258789,82.04000091552734,71.5026626586914,791400
2016-05-02,82.1500015258789,82.52999877929688,81.77999877929688,82.48999786376953,71.89485168457031,730400
2016-05-03,82.0,82.05999755859375,81.41000366210938,81.7699966430664,71.26734924316406,697200
2016-05-04,81.5199966430664,81.98999786376953,81.44999694824219,81.69000244140625,71.19760131835938,1002500
2016-05-05,81.80999755859375,82.06999969482422,81.30000305175781,81.51000213623047,71.04074096679688,539100
2016-05-06,81.41999816894531,81.7300033569336,81.08999633789062,81.68000030517578,71.18889617919922,579200
2016-05-09,81.7300033569336,81.80000305175781,81.3499984741211,81.68000030517578,71.18889617919922,499200
2016-05-10,81.8499984741211,82.51000213623047,81.81999969482422,82.45999908447266,71.86871337890625,1243300
2016-05-11,82.41000366210938,82.5,82.0999984741211,82.19999694824219,71.64210510253906,727000
2016-05-12,82.44999694824219,82.66999816894531,82.0999984741211,82.47000122070312,71.8774185180664,872600
2016-05-13,82.4000015258789,82.47000122070312,81.54000091552734,81.75,71.2499008178711,957800
2016-05-16,81.86000061035156,82.41999816894531,81.79000091552734,82.29000091552734,71.72055053710938,815900
2016-05-17,82.08999633789062,82.18000030517578,80.9800033569336,81.31999969482422,70.87513732910156,765700
2016-05-18,81.08000183105469,81.5999984741211,80.3499984741211,80.6500015258789,70.29120635986328,2173600
2016-05-19,80.29000091552734,80.7699966430664,80.02999877929688,80.70999908447266,70.34349822998047,808900
2016-05-20,81.0,81.19999694824219,80.83999633789062,81.06999969482422,70.65725708007812,366600
2016-05-23,81.13999938964844,81.2300033569336,80.81999969482422,80.87999725341797,70.49166107177734,546000
2016-05-24,81.20999908447266,81.93000030517578,81.05999755859375,81.7699966430664,71.26734924316406,615500
2016-05-25,81.97000122070312,82.43000030517578,81.9000015258789,82.2699966430664,71.70311737060547,691300
2016-05-26,82.3499984741211,82.61000061035156,82.22000122070312,82.5199966430664,71.92100524902344,534300
2016-05-27,82.55000305175781,82.8499984741211,82.5199966430664,82.8499984741211,72.2086181640625,458500
2016-05-31,82.94999694824219,83.19000244140625,82.52999877929688,82.9000015258789,72.252197265625,994900
2016-06-01,82.69000244140625,83.16999816894531,82.41000366210938,83.11000061035156,72.43521881103516,744000
2016-06-02,82.9800033569336,83.37000274658203,82.80000305175781,83.33999633789062,72.63568115234375,613300
2016-06-03,83.41000366210938,83.80999755859375,83.19000244140625,83.62000274658203,72.87972259521484,1246800
2016-06-06,83.83000183105469,84.27999877929688,83.75,84.13999938964844,73.33293914794922,771600
2016-06-07,84.30999755859375,84.62999725341797,84.19000244140625,84.43000030517578,73.5856704711914,742400
2016-06-08,84.47000122070312,84.7699966430664,84.47000122070312,84.7300033569336,73.84715270996094,552300
2016-06-09,84.47000122070312,84.91999816894531,84.33999633789062,84.81999969482422,73.92556762695312,593000
2016-06-10,84.37000274658203,84.52999877929688,83.91000366210938,84.23999786376953,73.42008972167969,838000
2016-06-13,84.04000091552734,84.27999877929688,83.5199966430664,83.54000091552734,72.80998992919922,639500
2016-06-14,83.44000244140625,83.66000366210938,83.12000274658203,83.62000274658203,72.87972259521484,1404000
2016-06-15,83.79000091552734,83.91000366210938,83.30000305175781,83.37000274658203,72.66182708740234,1151900
2016-06-16,83.20999908447266,83.76000213623047,82.83000183105469,83.70999908447266,72.95816040039062,1156300
2016-06-17,83.70999908447266,83.91999816894531,83.30999755859375,83.83999633789062,73.07146453857422,767400
2016-06-20,84.76000213623047,84.76000213623047,84.23999786376953,84.25,73.42880249023438,1297100
2016-06-21,83.7300033569336,84.04000091552734,83.36000061035156,83.75,73.58256530761719,812900
2016-06-22,83.80000305175781,84.0,83.5,83.51000213623047,73.37168884277344,753600
2016-06-23,84.19000244140625,84.66000366210938,84.0199966430664,84.62000274658203,74.3469467163086,987800
2016-06-24,82.43000030517578,83.79000091552734,82.08000183105469,82.62999725341797,72.59854125976562,2479900
2016-06-27,82.1500015258789,82.1500015258789,80.91000366210938,81.4000015258789,71.51786041259766,1935900
2016-06-28,82.16000366210938,82.41000366210938,81.52999877929688,82.36000061035156,72.36132049560547,3074900
2016-06-29,83.0,83.73999786376953,83.0,83.62999725341797,73.47713470458984,957300
2016-06-30,83.80000305175781,85.29000091552734,83.58000183105469,85.27999877929688,74.92681121826172,1223700
2016-07-01,85.26000213623047,85.5199966430664,85.01000213623047,85.30000305175781,74.94438171386719,1496200
2016-07-05,85.0999984741211,85.16999816894531,84.52999877929688,84.80000305175781,74.50508117675781,885800
2016-07-06,84.69000244140625,85.30000305175781,84.2300033569336,85.27999877929688,74.92681121826172,1536100
2016-07-07,85.4000015258789,85.51000213623047,84.41000366210938,84.76000213623047,74.46994018554688,974200
2016-07-08,85.19999694824219,85.9000015258789,84.9800033569336,85.87999725341797,75.45397186279297,725200
2016-07-11,85.98999786376953,86.37000274658203,85.80999755859375,86.25,75.779052734375,820900
2016-07-12,86.72000122070312,87.11000061035156,86.5199966430664,86.81999969482422,76.27986145019531,1700700
2016-07-13,86.72000122070312,87.12999725341797,86.61000061035156,86.95999908447266,76.40284729003906,599900
2016-07-14,87.22000122070312,87.31999969482422,86.8499984741211,87.01000213623047,76.44678497314453,1229600
2016-07-15,87.26000213623047,87.43000030517578,86.94999694824219,87.2699966430664,76.67521667480469,974500
2016-07-18,87.19000244140625,87.33999633789062,87.0,87.12999725341797,76.55220031738281,867000
2016-07-19,86.91999816894531,87.08000183105469,86.7300033569336,86.93000030517578,76.37649536132812,2288400
2016-07-20,86.98999786376953,87.1500015258789,86.66000366210938,86.93000030517578,76.37649536132812,496700
2016-07-21,86.93000030517578,87.0,86.51000213623047,86.75,76.21835327148438,590900
2016-07-22,86.75,87.33000183105469,86.6500015258789,87.33000183105469,76.72794342041016,456200
2016-07-25,87.16000366210938,87.16000366210938,86.69000244140625,86.95999908447266,76.40284729003906,581200
2016-07-26,86.83999633789062,87.1500015258789,86.51000213623047,86.91999816894531,76.36771392822266,644000
2016-07-27,87.0999984741211,87.16000366210938,86.16999816894531,86.62000274658203,76.10414123535156,1180700
2016-07-28,86.56999969482422,86.86000061035156,86.30999755859375,86.7300033569336,76.20079040527344,705200
2016-07-29,86.66000366210938,87.12999725341797,86.43000030517578,86.98999786376953,76.42920684814453,644800
2016-08-01,86.94000244140625,87.01000213623047,86.55999755859375,86.69999694824219,76.17442321777344,786700
2016-08-02,86.63999938964844,86.66999816894531,85.86000061035156,86.12000274658203,75.66484832763672,1140200
2016-08-03,86.12999725341797,86.2699966430664,85.72000122070312,86.20999908447266,75.7439193725586,561900
2016-08-04,86.20999908447266,86.6500015258789,86.18000030517578,86.26000213623047,75.787841796875,525300
2016-08-05,86.58000183105469,86.75,86.4000015258789,86.62000274658203,76.10414123535156,779800
2016-08-08,86.70999908447266,86.97000122070312,86.61000061035156,86.68000030517578,76.15685272216797,519900
2016-08-09,86.75,86.88999938964844,86.4800033569336,86.58999633789062,76.07777404785156,580200
2016-08-10,86.70999908447266,86.83000183105469,86.3499984741211,86.52999877929688,76.02505493164062,970300
2016-08-11,86.68000030517578,87.01000213623047,86.5999984741211,87.0,76.4380111694336,454300
2016-08-12,86.98999786376953,87.18000030517578,86.76000213623047,86.83000183105469,76.28864288330078,1102000
2016-08-15,87.0,87.25,86.80000305175781,86.81999969482422,76.27986145019531,1004400
2016-08-16,86.75,87.0199966430664,86.1500015258789,86.1500015258789,75.6911849975586,1137900
2016-08-17,86.29000091552734,86.75,85.83000183105469,86.69000244140625,76.16564178466797,931300
2016-08-18,86.68000030517578,87.3499984741211,86.6500015258789,87.31999969482422,76.71916961669922,638100
2016-08-19,87.1500015258789,87.25,86.58000183105469,86.83999633789062,76.29741668701172,635000
2016-08-22,86.7699966430664,86.83000183105469,86.38999938964844,86.69999694824219,76.17442321777344,544500
2016-08-23,87.02999877929688,87.16000366210938,86.80000305175781,86.80999755859375,76.27106475830078,703700
2016-08-24,86.7300033569336,86.7300033569336,86.27999877929688,86.43000030517578,75.93720245361328,505200
2016-08-25,86.4000015258789,86.77999877929688,86.30000305175781,86.69999694824219,76.17442321777344,403900
2016-08-26,86.80000305175781,87.29000091552734,85.66999816894531,85.9800033569336,75.54182434082031,1544500
2016-08-29,86.0199966430664,86.62999725341797,86.0,86.56999969482422,76.06019592285156,843200
2016-08-30,86.5999984741211,86.69999694824219,86.01000213623047,86.16999816894531,75.70877075195312,634100
2016-08-31,86.11000061035156,86.22000122070312,85.66999816894531,86.11000061035156,75.65605163574219,572100
2016-09-01,86.1500015258789,86.2300033569336,85.5199966430664,85.91000366210938,75.48033142089844,751400
2016-09-02,86.20999908447266,86.75,86.20999908447266,86.69999694824219,76.17442321777344,604500
2016-09-06,86.86000061035156,87.18000030517578,86.5999984741211,87.05000305175781,76.48193359375,629500
2016-09-07,87.04000091552734,87.2300033569336,86.83000183105469,87.2300033569336,76.64007568359375,548500
2016-09-08,87.06999969482422,87.38999938964844,86.97000122070312,87.2699966430664,76.67521667480469,539600
2016-09-09,86.73999786376953,86.81999969482422,84.70999908447266,84.75,74.46115112304688,1943400
2016-09-12,84.41000366210938,86.0,84.3499984741211,85.81999969482422,75.40126037597656,1023500
2016-09-13,85.36000061035156,85.37000274658203,84.0999984741211,84.45999908447266,74.20635986328125,1099700
2016-09-14,84.5199966430664,85.08999633789062,84.05000305175781,84.31999969482422,74.08336639404297,980500
2016-09-15,84.26000213623047,85.20999908447266,84.1500015258789,85.01000213623047,74.68960571289062,776700
2016-09-16,84.70999908447266,85.13999938964844,84.45999908447266,85.0199966430664,74.69837188720703,460600
2016-09-19,85.2300033569336,85.80000305175781,85.2300033569336,85.51000213623047,75.12887573242188,767100
2016-09-20,85.83000183105469,85.93000030517578,85.2699966430664,85.27999877929688,74.92681121826172,474900
2016-09-21,85.48999786376953,86.79000091552734,85.48999786376953,86.69999694824219,76.17442321777344,888800
2016-09-22,87.12000274658203,87.48999786376953,87.05000305175781,87.37000274658203,76.76309204101562,854700
2016-09-23,87.16999816894531,87.38999938964844,86.91000366210938,86.94999694824219,76.39407348632812,801500
2016-09-26,85.94000244140625,86.06999969482422,85.62000274658203,85.7300033569336,75.9273452758789,1389900
2016-09-27,85.68000030517578,85.9000015258789,85.38999938964844,85.58999633789062,75.80332946777344,428900
2016-09-28,85.7699966430664,86.2699966430664,85.06999969482422,86.19999694824219,76.34358978271484,641600
2016-09-29,86.11000061035156,86.26000213623047,85.11000061035156,85.31999969482422,75.56421661376953,777900
2016-09-30,85.63999938964844,86.01000213623047,85.47000122070312,85.69000244140625,75.89190673828125,955600
2016-10-03,85.48999786376953,85.6500015258789,84.91000366210938,85.22000122070312,75.47565460205078,2041800
2016-10-04,85.31999969482422,85.41999816894531,83.70999908447266,84.12000274658203,74.50142669677734,3201000
2016-10-05,84.30000305175781,84.63999938964844,84.16000366210938,84.33000183105469,74.68740844726562,2361100
2016-10-06,84.18000030517578,84.61000061035156,84.0199966430664,84.41999816894531,74.76712036132812,1836600
2016-10-07,84.58000183105469,84.86000061035156,83.76000213623047,84.06999969482422,74.4571533203125,1050900
2016-10-10,84.37000274658203,84.8499984741211,84.37000274658203,84.56999969482422,74.89996337890625,509200
2016-10-11,84.47000122070312,84.47000122070312,83.30000305175781,83.54000091552734,73.98773956298828,1111900
2016-10-12,83.6500015258789,84.18000030517578,83.52999877929688,83.98999786376953,74.38628387451172,513000
2016-10-13,83.52999877929688,84.18000030517578,83.18000030517578,83.87000274658203,74.28001403808594,1110400
2016-10-14,84.0999984741211,84.51000213623047,83.81999969482422,83.81999969482422,74.23572540283203,447500
2016-10-17,83.83999633789062,84.08000183105469,83.69000244140625,83.70999908447266,74.13832092285156,700000
2016-10-18,84.3499984741211,84.5,83.81999969482422,84.0999984741211,74.48371124267578,426100
2016-10-19,84.12999725341797,84.44000244140625,83.83999633789062,84.37999725341797,74.73169708251953,507500
2016-10-20,84.05000305175781,84.19999694824219,83.63999938964844,83.81999969482422,74.23572540283203,1075600
2016-10-21,83.44999694824219,83.77999877929688,83.23999786376953,83.63999938964844,74.07630157470703,972600
2016-10-24,83.93000030517578,84.19999694824219,83.55000305175781,83.7300033569336,74.1560287475586,744300
2016-10-25,83.76000213623047,83.9800033569336,83.6500015258789,83.83999633789062,74.25344848632812,510000
2016-10-26,83.66000366210938,84.02999877929688,83.44000244140625,83.7699966430664,74.19144439697266,463600
2016-10-27,83.86000061035156,83.94000244140625,83.11000061035156,83.29000091552734,73.76634216308594,633800
2016-10-28,83.41000366210938,83.97000122070312,83.06999969482422,83.44999694824219,73.90803527832031,652000
2016-10-31,83.58000183105469,84.25,83.56999969482422,84.05000305175781,74.43943786621094,858000
2016-11-01,84.08000183105469,84.19999694824219,82.62999725341797,82.94000244140625,73.45633697509766,1111100
2016-11-02,82.7699966430664,82.77999877929688,81.97000122070312,82.12000274658203,72.7301254272461,940500
2016-11-03,82.13999938964844,82.30999755859375,81.8499984741211,81.97000122070312,72.59725952148438,815700
2016-11-04,82.0,82.51000213623047,81.73999786376953,81.79000091552734,72.43785095214844,992400
2016-11-07,82.77999877929688,83.37000274658203,82.4000015258789,83.37000274658203,73.8371810913086,1789500
2016-11-08,83.25,84.12000274658203,83.19000244140625,83.86000061035156,74.2711410522461,3039900
2016-11-09,83.11000061035156,85.01000213623047,82.97000122070312,84.58999633789062,74.91767883300781,4121100
2016-11-10,84.81999969482422,85.22000122070312,84.02999877929688,84.61000061035156,74.93539428710938,3972600
2016-11-11,84.44999694824219,84.87999725341797,84.2300033569336,84.68000030517578,74.99739074707031,841800
2016-11-14,84.80000305175781,85.58999633789062,84.72000122070312,85.48999786376953,75.71476745605469,1927300
2016-11-15,85.66999816894531,86.33999633789062,85.5,86.2699966430664,76.40557098388672,1123500
2016-11-16,86.19000244140625,86.4000015258789,85.66000366210938,85.98999786376953,76.15760803222656,909100
2016-11-17,86.05999755859375,86.3499984741211,85.8499984741211,86.18000030517578,76.32586669921875,973800
2016-11-18,86.2699966430664,86.31999969482422,86.01000213623047,86.12999725341797,76.28160858154297,747500
2016-11-21,86.36000061035156,86.94000244140625,86.0199966430664,86.94000244140625,76.99897766113281,1045300
2016-11-22,87.0999984741211,87.3499984741211,86.95999908447266,87.2699966430664,77.29122924804688,1039200
2016-11-23,87.04000091552734,87.25,86.86000061035156,87.04000091552734,77.08753204345703,929000
2016-11-25,87.1500015258789,87.63999938964844,87.1500015258789,87.61000061035156,77.59235382080078,409100
2016-11-28,87.54000091552734,87.87000274658203,87.54000091552734,87.63999938964844,77.61892700195312,1117600
2016-11-29,87.52999877929688,87.9000015258789,87.37000274658203,87.72000122070312,77.68978881835938,1083200
2016-11-30,87.8499984741211,87.9800033569336,87.2300033569336,87.2300033569336,77.25580596923828,1224700
2016-12-01,87.41000366210938,87.41000366210938,86.86000061035156,87.05999755859375,77.1052474975586,1480100
2016-12-02,87.16000366210938,87.52999877929688,87.0199966430664,87.20999908447266,77.23810577392578,987400
2016-12-05,87.55000305175781,87.8499984741211,87.37000274658203,87.83999633789062,77.79605865478516,846100
2016-12-06,87.91000366210938,88.12000274658203,87.58999633789062,88.08999633789062,78.0174789428711,1200000
2016-12-07,88.16000366210938,89.22000122070312,88.0999984741211,89.22000122070312,79.01827239990234,959000
2016-12-08,89.18000030517578,89.66999816894531,88.80999755859375,89.44999694824219,79.22196960449219,1095300
2016-12-09,89.56999969482422,89.81999969482422,89.37000274658203,89.80999755859375,79.54080963134766,1458900
2016-12-12,89.80000305175781,90.0999984741211,89.55999755859375,89.79000091552734,79.5230941772461,1044100
2016-12-13,90.0,90.41000366210938,89.86000061035156,90.30999755859376,79.98363494873047,1526000
2016-12-14,90.19000244140624,90.61000061035156,88.94999694824219,89.11000061035156,78.92083740234375,1624100
2016-12-15,89.0199966430664,89.77999877929688,88.77999877929688,89.47000122070312,79.23969268798828,981200
2016-12-16,89.63999938964844,89.98999786376953,89.52999877929688,89.70999908447266,79.45223236083984,959700
2016-12-19,89.87999725341797,90.02999877929688,89.58999633789062,89.95999908447266,79.67366027832031,1167200
2016-12-20,90.12000274658205,90.38999938964844,90.0199966430664,90.3499984741211,80.0190658569336,1046500
2016-12-21,89.5999984741211,89.79000091552734,89.2699966430664,89.30000305175781,79.7040023803711,942400
2016-12-22,89.29000091552734,89.3499984741211,88.94999694824219,89.19999694824219,79.61473846435547,666900
2016-12-23,89.1500015258789,89.25,89.0,89.2300033569336,79.64151763916016,609600
2016-12-27,89.31999969482422,89.58000183105469,89.2699966430664,89.4800033569336,79.86465454101562,1004200
2016-12-28,89.58999633789062,89.58999633789062,88.45999908447266,88.54000091552734,79.02567291259766,822000
2016-12-29,88.6500015258789,88.93000030517578,88.62999725341797,88.87999725341797,79.32911682128906,863600
2016-12-30,89.02999877929688,89.05999755859375,88.2300033569336,88.56999969482422,79.05242919921875,890500
2017-01-03,88.98999786376953,89.12999725341797,88.45999908447266,88.94999694824219,79.39160919189453,1560300
2017-01-04,89.01000213623047,89.62000274658203,89.01000213623047,89.41999816894531,79.81109619140625,950800
2017-01-05,89.41999816894531,89.43000030517578,89.0199966430664,89.27999877929688,79.6861343383789,749300
2017-01-06,89.30000305175781,89.66000366210938,89.01000213623047,89.47000122070312,79.85572814941406,815600
2017-01-09,89.30000305175781,89.4000015258789,88.5,88.5199966430664,79.00782775878906,1228200
2017-01-10,88.58000183105469,88.86000061035156,88.27999877929688,88.41999816894531,78.91854095458984,1100900
2017-01-11,88.48999786376953,89.01000213623047,88.41000366210938,88.9800033569336,79.41838073730469,662400
2017-01-12,88.91999816894531,88.91999816894531,88.08999633789062,88.69000244140625,79.1595458984375,714300
2017-01-13,88.69999694824219,89.04000091552734,88.69000244140625,88.80999755859375,79.26665496826172,890200
2017-01-17,88.7300033569336,88.98999786376953,88.56999969482422,88.72000122070312,79.18632507324219,1226000
2017-01-18,88.79000091552734,88.98999786376953,88.56999969482422,88.91999816894531,79.36481475830078,678800
2017-01-19,88.93000030517578,89.0,88.02999877929688,88.26000213623047,78.7757568359375,1267400
2017-01-20,88.44999694824219,88.98999786376953,88.44000244140625,88.75,79.21310424804688,934700
2017-01-23,88.72000122070312,88.77999877929688,88.22000122070312,88.4800033569336,78.97212219238281,653900
2017-01-24,88.56999969482422,89.41000366210938,88.4800033569336,89.27999877929688,79.6861343383789,840100
2017-01-25,89.55999755859375,90.23999786376952,89.55999755859375,90.18000030517578,80.48943328857422,1001100
2017-01-26,90.12999725341795,90.22000122070312,89.69999694824219,89.87000274658203,80.21275329589844,1342000
2017-01-27,89.9000015258789,89.97000122070312,89.51000213623047,89.70999908447266,80.06993865966797,599800
2017-01-30,89.5,89.5,88.77999877929688,89.16999816894531,79.58796691894531,1004200
2017-01-31,89.08999633789062,89.80000305175781,89.0,89.76000213623047,80.11457824707031,752800
2017-02-01,89.94999694824219,90.0,88.80999755859375,89.13999938964844,79.56117248535156,790100
2017-02-02,88.97000122070312,89.61000061035156,88.97000122070312,89.4800033569336,79.86465454101562,1301400
2017-02-03,89.83999633789062,90.2699966430664,89.75,90.08000183105467,80.40019226074219,837000
2017-02-06,89.88999938964844,90.0,89.58000183105469,89.6500015258789,80.01638793945312,1330700
2017-02-07,89.83999633789062,90.04000091552734,89.45999908447266,89.55999755859375,79.93606567382812,938400
2017-02-08,89.48999786376953,89.7300033569336,89.30999755859375,89.69999694824219,80.06100463867188,711300
2017-02-09,89.75,90.05999755859375,89.58000183105469,89.9000015258789,80.23954772949219,790800
2017-02-10,90.0199966430664,90.51000213623048,89.94999694824219,90.44000244140624,80.72151184082031,672500
2017-02-13,90.51000213623048,91.01000213623048,90.51000213623048,90.86000061035156,81.09636688232422,661800
2017-02-14,90.79000091552734,90.87000274658205,90.37000274658205,90.87000274658205,81.10529327392578,1072200
2017-02-15,90.6500015258789,91.06999969482422,90.54000091552734,91.0500030517578,81.26594543457031,1402500
2017-02-16,90.9800033569336,91.19000244140624,90.72000122070312,91.16999816894533,81.37303924560547,811900
2017-02-17,90.9000015258789,91.02999877929688,90.58000183105467,90.98999786376952,81.2123794555664,765600
2017-02-21,91.08000183105467,91.6500015258789,91.04000091552734,91.56999969482422,81.73007202148438,1027500
2017-02-22,91.4800033569336,91.75,91.2699966430664,91.52999877929688,81.69436645507812,1046900
2017-02-23,91.8000030517578,91.97000122070312,91.38999938964844,91.83000183105467,81.96212005615234,560400
2017-02-24,91.68000030517578,92.19000244140624,91.55999755859376,92.19000244140624,82.28345489501953,745200
2017-02-27,92.11000061035156,92.37999725341795,91.88999938964844,92.2699966430664,82.3548355102539,631400
2017-02-28,92.18000030517578,92.4800033569336,92.04000091552734,92.29000091552734,82.37269592285156,509600
2017-03-01,92.68000030517578,93.5199966430664,92.52999877929688,93.27999877929688,83.25631713867188,1583700
2017-03-02,93.16999816894533,93.16999816894533,92.68000030517578,92.73999786376952,82.77435302734375,703700
2017-03-03,92.70999908447266,92.86000061035156,92.3499984741211,92.7300033569336,82.76541137695312,496300
2017-03-06,92.41999816894533,92.5999984741211,92.16000366210938,92.37000274658205,82.444091796875,817800
2017-03-07,92.31999969482422,92.37999725341795,92.02999877929688,92.0999984741211,82.2031021118164,872600
2017-03-08,92.0,92.0,91.23999786376952,91.27999877929688,81.47122192382812,954200
2017-03-09,91.26000213623048,91.44000244140624,90.79000091552734,91.12000274658205,81.32843017578125,646500
2017-03-10,91.51000213623048,91.75,91.08999633789062,91.5199966430664,81.68544006347656,527700
2017-03-13,91.5199966430664,91.8000030517578,91.33999633789062,91.73999786376952,81.88179016113281,448100
2017-03-14,91.48999786376952,91.48999786376952,90.98999786376952,91.37000274658205,81.55156707763672,1470400
2017-03-15,91.62000274658205,92.86000061035156,91.62000274658205,92.5999984741211,82.6493911743164,723800
2017-03-16,92.62999725341795,92.6999969482422,91.97000122070312,92.1500015258789,82.24775695800781,620400
2017-03-17,92.33999633789062,92.62999725341795,92.16999816894533,92.33000183105467,82.40839385986328,411700
2017-03-20,92.33999633789062,92.48999786376952,91.86000061035156,92.0500030517578,82.15850067138672,481200
2017-03-21,92.1500015258789,92.44000244140624,91.16000366210938,91.2300033569336,81.4266128540039,666200
2017-03-22,91.20999908447266,91.4800033569336,90.97000122070312,91.33999633789062,81.5247802734375,558800
2017-03-23,91.30999755859376,91.9499969482422,91.16000366210938,91.36000061035156,81.54264831542969,620100
2017-03-24,90.7300033569336,90.98999786376952,90.22000122070312,90.5199966430664,81.4176025390625,653600
2017-03-27,90.0199966430664,90.33999633789062,89.69000244140625,90.16999816894533,81.10279083251953,576000
2017-03-28,90.08000183105467,90.94000244140624,90.01000213623047,90.8499984741211,81.71443176269531,1108500
2017-03-29,90.8000030517578,91.04000091552734,90.5199966430664,90.94000244140624,81.79537963867188,798200
2017-03-30,90.95999908447266,91.22000122070312,90.77999877929688,91.18000030517578,82.01123809814453,528300
2017-03-31,91.1999969482422,91.51000213623048,91.0999984741211,91.0999984741211,81.93929290771484,586600
2017-04-03,91.12000274658205,91.23999786376952,90.22000122070312,90.6500015258789,81.53453826904297,839300
2017-04-04,90.5999984741211,90.95999908447266,90.4000015258789,90.80999755859376,81.6784439086914,416300
2017-04-05,91.11000061035156,91.58000183105467,90.52999877929688,90.66999816894533,81.55252075195312,796700
2017-04-06,90.77999877929688,91.29000091552734,90.61000061035156,91.12000274658205,81.95728302001953,527500
2017-04-07,91.08000183105467,91.2699966430664,90.87000274658205,90.87999725341795,81.74141693115234,817700
2017-04-10,90.9800033569336,91.5,90.91999816894533,91.1500015258789,81.98426055908203,411600
2017-04-11,91.08000183105467,91.45999908447266,90.75,91.4499969482422,82.25408172607422,560000
2017-04-12,91.2699966430664,91.4000015258789,91.0,91.20999908447266,82.03822326660156,641700
2017-04-13,91.06999969482422,91.06999969482422,90.44000244140624,90.5,81.39962005615234,652700
2017-04-17,90.5199966430664,91.08999633789062,90.5199966430664,91.08000183105467,81.92130279541016,467300
2017-04-18,90.88999938964844,91.16999816894533,90.75,91.04000091552734,81.88531494140625,651700
2017-04-19,91.36000061035156,91.41999816894533,90.76000213623048,90.9000015258789,81.7593994140625,617000
2017-04-20,91.01000213623048,91.38999938964844,90.73999786376952,91.25,82.0741958618164,602600
2017-04-21,91.19000244140624,91.4000015258789,91.0999984741211,91.16999816894533,82.00225067138672,483900
2017-04-24,91.8499984741211,92.16999816894533,91.66000366210938,92.0500030517578,82.79376983642578,549300
2017-04-25,92.36000061035156,92.79000091552734,92.2300033569336,92.66999816894533,83.35140991210938,460400
2017-04-26,92.5500030517578,92.83000183105467,92.2300033569336,92.2699966430664,82.99163818359375,634400
2017-04-27,92.3499984741211,92.44000244140624,91.93000030517578,92.22000122070312,82.94666290283203,373800
2017-04-28,92.26000213623048,92.26000213623048,91.44000244140624,91.5,82.29905700683594,1089900
2017-05-01,91.6999969482422,91.75,91.0500030517578,91.1500015258789,81.98426055908203,840700
2017-05-02,91.1500015258789,91.37999725341795,90.97000122070312,91.16999816894533,82.00225067138672,341900
2017-05-03,91.08999633789062,91.26000213623048,90.81999969482422,91.16999816894533,82.00225067138672,362100
2017-05-04,91.06999969482422,91.1500015258789,90.5199966430664,90.94000244140624,81.79537963867188,584300
2017-05-05,91.08999633789062,91.66999816894533,91.02999877929688,91.6500015258789,82.4339828491211,522300
2017-05-08,91.66000366210938,91.76000213623048,91.3499984741211,91.55999755859376,82.35301208496094,370700
2017-05-09,91.58999633789062,91.6500015258789,91.0500030517578,91.19000244140624,82.02024841308594,440500
2017-05-10,91.18000030517578,91.66000366210938,91.05999755859376,91.62000274658205,82.40701293945312,349600
2017-05-11,91.41999816894533,91.58999633789062,90.72000122070312,91.0500030517578,81.89433288574219,438000
2017-05-12,90.88999938964844,91.0,90.76000213623048,90.86000061035156,81.7234115600586,681800
2017-05-15,91.0,91.54000091552734,90.95999908447266,91.3499984741211,82.16415405273438,741800
2017-05-16,91.3000030517578,91.37999725341795,90.83999633789062,90.9000015258789,81.7593994140625,2882600
2017-05-17,90.45999908447266,90.66000366210938,90.01000213623047,90.05999755859375,81.00386810302734,1040300
2017-05-18,90.04000091552734,90.33000183105467,89.52999877929688,90.06999969482422,81.01287078857422,924200
2017-05-19,90.19000244140624,90.9499969482422,90.0,90.7300033569336,81.60650634765625,508600
2017-05-22,90.95999908447266,91.33000183105467,90.93000030517578,91.25,82.0741958618164,413300
2017-05-23,91.36000061035156,91.6500015258789,91.22000122070312,91.43000030517578,82.23609924316406,401100
2017-05-24,91.52999877929688,91.7300033569336,91.44000244140624,91.62999725341795,82.4159927368164,352300
2017-05-25,91.81999969482422,92.16000366210938,91.6500015258789,92.02999877929688,82.77577209472656,573700
2017-05-26,91.9800033569336,92.13999938964844,91.91000366210938,92.08999633789062,82.82975006103516,368700
2017-05-30,91.91999816894533,92.12999725341795,91.70999908447266,91.97000122070312,82.72180938720703,429400
2017-05-31,92.08999633789062,92.25,91.68000030517578,92.20999908447266,82.93767547607422,505200
2017-06-01,92.3499984741211,93.20999908447266,92.16999816894533,93.20999908447266,83.83710479736328,499400
2017-06-02,93.33999633789062,93.36000061035156,92.9499969482422,93.19000244140624,83.81913757324219,509300
2017-06-05,93.0500030517578,93.12000274658205,92.8499984741211,92.93000030517578,83.58528137207031,372300
2017-06-06,92.70999908447266,92.70999908447266,92.30999755859376,92.41000366210938,83.11758422851562,399600
2017-06-07,92.4800033569336,92.6500015258789,92.26000213623048,92.4800033569336,83.18052673339844,664800
2017-06-08,92.44000244140624,92.62000274658205,92.1999969482422,92.4800033569336,83.18052673339844,427900
2017-06-09,92.48999786376952,93.4000015258789,92.43000030517578,93.33999633789062,83.95403289794922,1141600
2017-06-12,93.33999633789062,93.9800033569336,93.33000183105467,93.58999633789062,84.17889404296875,769400
2017-06-13,93.6999969482422,93.97000122070312,93.4499969482422,93.95999908447266,84.51170349121094,379800
2017-06-14,94.13999938964844,94.16999816894533,93.61000061035156,93.97000122070312,84.52069091796875,1052000
2017-06-15,93.54000091552734,94.04000091552734,93.5,94.0199966430664,84.56565856933594,488700
2017-06-16,94.0,94.41999816894533,93.80999755859376,94.4000015258789,84.907470703125,905200
2017-06-19,94.63999938964844,94.68000030517578,94.33000183105467,94.5,84.99739837646484,565000
2017-06-20,94.37000274658205,94.37000274658205,93.79000091552734,93.80999755859376,84.37677001953125,441400
2017-06-21,93.80999755859376,94.01000213623048,92.87999725341795,93.1500015258789,83.78314971923828,585600
2017-06-22,93.12999725341795,93.37999725341795,93.02999877929688,93.06999969482422,83.71119689941406,506000
2017-06-23,93.06999969482422,93.41000366210938,92.98999786376952,93.19000244140624,83.81913757324219,373100
2017-06-26,93.43000030517578,93.73999786376952,93.3000030517578,93.58999633789062,84.17889404296875,564900
2017-06-27,92.81999969482422,93.02999877929688,92.30999755859376,92.33000183105467,83.69755554199219,528600
2017-06-28,92.58999633789062,93.13999938964844,92.58999633789062,92.69000244140624,84.0239028930664,479200
2017-06-29,92.63999938964844,92.8000030517578,91.54000091552734,92.08999633789062,83.47998809814453,637200
2017-06-30,92.27999877929688,92.5,92.0999984741211,92.20999908447266,83.5887680053711,593900
2017-07-03,92.37999725341795,93.0500030517578,92.37999725341795,92.5999984741211,83.94230651855469,348700
2017-07-05,92.66000366210938,92.76000213623048,91.95999908447266,92.1500015258789,83.53437805175781,535200
2017-07-06,91.75,91.87000274658205,91.13999938964844,91.25,82.71851348876953,557500
2017-07-07,91.3000030517578,91.7300033569336,91.18000030517578,91.58000183105467,83.01768493652344,331100
2017-07-10,91.52999877929688,91.69000244140624,91.37000274658205,91.4000015258789,82.85449981689453,408300
2017-07-11,91.37000274658205,91.48999786376952,90.8499984741211,91.1999969482422,82.6731948852539,357400
2017-07-12,91.37999725341795,92.0,91.37999725341795,91.58000183105467,83.01768493652344,532200
2017-07-13,91.62999725341795,91.8000030517578,91.41000366210938,91.66000366210938,83.09020233154297,823600
2017-07-14,91.83000183105467,92.16999816894533,91.75,91.9800033569336,83.38027954101562,435900
2017-07-17,91.97000122070312,92.26000213623048,91.8499984741211,92.13999938964844,83.52530670166016,379300
2017-07-18,92.13999938964844,92.16000366210938,91.86000061035156,91.95999908447266,83.36213684082031,549700
2017-07-19,92.16999816894533,92.69000244140624,92.11000061035156,92.69000244140624,84.0239028930664,497800
2017-07-20,92.83999633789062,93.12000274658205,92.72000122070312,92.97000122070312,84.27771759033203,917100
2017-07-21,92.86000061035156,93.0500030517578,92.66000366210938,93.04000091552734,84.3411636352539,608600
2017-07-24,93.0500030517578,93.0500030517578,92.63999938964844,92.68000030517578,84.01481628417969,450800
2017-07-25,92.9499969482422,93.3000030517578,92.9000015258789,93.16999816894533,84.4590072631836,501100
2017-07-26,93.16000366210938,93.16000366210938,92.61000061035156,92.73999786376952,84.06920623779297,564600
2017-07-27,92.6999969482422,93.0,92.52999877929688,92.9800033569336,84.28678894042969,626000
2017-07-28,92.83000183105467,92.86000061035156,92.25,92.4800033569336,83.83353424072266,635700
2017-07-31,92.58999633789062,92.9000015258789,92.4800033569336,92.7699966430664,84.09640502929688,565500
2017-08-01,92.94000244140624,92.94000244140624,92.52999877929688,92.8499984741211,84.16893768310547,613100
2017-08-02,92.79000091552734,92.80999755859376,92.3499984741211,92.70999908447266,84.04202270507812,423600
2017-08-03,92.73999786376952,92.73999786376952,92.51000213623048,92.58999633789062,83.9332275390625,553200
2017-08-04,92.70999908447266,92.87000274658205,92.58999633789062,92.8000030517578,84.12361145019531,376000
2017-08-07,92.73999786376952,92.94000244140624,92.68000030517578,92.8499984741211,84.16893768310547,341100
2017-08-08,92.52999877929688,93.1500015258789,92.47000122070312,92.8000030517578,84.12361145019531,471100
2017-08-09,92.5999984741211,92.76000213623048,92.3499984741211,92.5500030517578,83.89698791503906,441600
2017-08-10,92.08999633789062,92.26000213623048,91.62999725341795,91.69000244140624,83.11739349365234,756300
2017-08-11,91.5,91.70999908447266,91.26000213623048,91.43000030517578,82.8816909790039,527500
2017-08-14,91.83999633789062,92.26000213623048,91.61000061035156,92.0500030517578,83.44374084472656,658700
2017-08-15,92.08000183105467,92.08000183105467,91.81999969482422,91.88999938964844,83.2986831665039,502600
2017-08-16,91.9499969482422,92.2300033569336,91.9499969482422,92.01000213623048,83.40747833251953,319000
2017-08-17,91.6999969482422,92.01000213623048,90.86000061035156,90.88999938964844,82.39218139648438,548400
2017-08-18,90.58000183105467,91.2699966430664,90.47000122070312,90.87999725341795,82.38312530517578,663600
2017-08-21,90.66999816894533,91.04000091552734,90.58000183105467,90.9499969482422,82.44657135009766,539600
2017-08-22,91.0,91.72000122070312,90.98999786376952,91.62999725341795,83.06298065185547,629900
2017-08-23,91.33999633789062,91.6999969482422,91.27999877929688,91.58999633789062,83.02672576904297,343100
2017-08-24,91.63999938964844,91.81999969482422,91.44000244140624,91.44000244140624,82.8907699584961,278800
2017-08-25,91.66000366210938,92.19000244140624,91.66000366210938,91.91000366210938,83.31684112548828,361600
2017-08-28,92.01000213623048,92.25,91.72000122070312,92.05999755859376,83.45279693603516,284200
2017-08-29,91.55999755859376,91.95999908447266,91.5500030517578,91.9000015258789,83.30775451660156,410000
2017-08-30,91.87000274658205,92.12999725341795,91.66000366210938,92.01000213623048,83.40747833251953,343600
2017-08-31,92.05999755859376,92.31999969482422,92.0500030517578,92.0500030517578,83.44374084472656,349600
2017-09-01,92.18000030517578,92.58999633789062,92.08999633789062,92.43000030517578,83.78820037841797,347000
2017-09-05,92.2699966430664,92.43000030517578,91.6999969482422,92.0500030517578,83.44374084472656,813700
2017-09-06,92.18000030517578,92.41999816894533,92.18000030517578,92.23999786376952,83.615966796875,367200
2017-09-07,92.1999969482422,92.29000091552734,91.87000274658205,92.18000030517578,83.56157684326172,330600
2017-09-08,92.13999938964844,92.61000061035156,91.9499969482422,92.51000213623048,83.86072540283203,351000
2017-09-11,92.62000274658205,93.4000015258789,92.62000274658205,93.33000183105467,84.60404968261719,532600
2017-09-12,93.54000091552734,93.61000061035156,93.11000061035156,93.36000061035156,84.63126373291016,611900
2017-09-13,93.13999938964844,93.45999908447266,93.13999938964844,93.3000030517578,84.57687377929688,559600
2017-09-14,93.0999984741211,93.58999633789062,93.0999984741211,93.58999633789062,84.8397445678711,814700
2017-09-15,93.43000030517578,93.91000366210938,93.43000030517578,93.77999877929688,85.0119857788086,472700
2017-09-18,93.98999786376952,94.16000366210938,93.61000061035156,93.86000061035156,85.08451080322266,456800
2017-09-19,94.0,94.01000213623048,93.81999969482422,93.87000274658205,85.09357452392578,367600
2017-09-20,93.93000030517578,94.12000274658205,93.66999816894533,93.94000244140624,85.15703582763672,326900
2017-09-21,93.70999908447266,94.0,93.68000030517578,93.6999969482422,84.93946075439453,369900
2017-09-22,93.7699966430664,93.81999969482422,93.61000061035156,93.68000030517578,84.92132568359375,485100
2017-09-25,93.6999969482422,94.33999633789062,93.69000244140624,94.33000183105467,85.51055908203125,487600
2017-09-26,93.70999908447266,93.7300033569336,93.48999786376952,93.48999786376952,85.40824127197266,409300
2017-09-27,93.41999816894533,93.6999969482422,93.0500030517578,93.4499969482422,85.3717041015625,375500
2017-09-28,93.0199966430664,93.8000030517578,93.0199966430664,93.79000091552734,85.68231201171875,438800
2017-09-29,93.75,93.81999969482422,93.55999755859376,93.6500015258789,85.55440521240234,396900
2017-10-02,93.75,93.98999786376952,93.4000015258789,93.98999786376952,85.86502838134766,699100
2017-10-03,93.98999786376952,94.05999755859376,93.56999969482422,94.0500030517578,85.91983032226562,459700
2017-10-04,94.08000183105467,94.3000030517578,93.83999633789062,94.29000091552734,86.13909912109375,350400
2017-10-05,94.3499984741211,94.5500030517578,94.0999984741211,94.41000366210938,86.24871826171875,500000
2017-10-06,94.04000091552734,94.18000030517578,93.88999938964844,94.04000091552734,85.91069030761719,364700
2017-10-09,94.05999755859376,94.3000030517578,93.98999786376952,94.12000274658205,85.9837875366211,352400
2017-10-10,94.0,94.70999908447266,94.0,94.70999908447266,86.52277374267578,480800
2017-10-11,94.55999755859376,94.93000030517578,94.55999755859376,94.8000030517578,86.60501098632812,322800
2017-10-12,94.66000366210938,95.12999725341795,94.62999725341795,95.08000183105467,86.86079406738281,1346700
2017-10-13,95.31999969482422,95.43000030517578,94.9800033569336,95.0199966430664,86.80599212646484,343800
2017-10-16,94.87999725341795,95.13999938964844,94.7300033569336,95.01000213623048,86.79685974121094,826200
2017-10-17,95.0,95.01000213623048,94.69000244140624,94.93000030517578,86.72377014160156,590800
2017-10-18,94.91999816894533,95.33999633789062,94.75,94.9000015258789,86.69636535644531,355700
2017-10-19,94.75,95.02999877929688,94.52999877929688,95.02999877929688,86.81512451171875,396200
2017-10-20,95.11000061035156,95.56999969482422,95.02999877929688,95.56999969482422,87.3084487915039,411500
2017-10-23,95.63999938964844,95.8499984741211,95.37999725341795,95.43000030517578,87.1805419921875,523900
2017-10-24,95.43000030517578,95.72000122070312,95.27999877929688,95.41999816894533,87.17140197753906,722400
2017-10-25,95.1999969482422,95.30999755859376,94.31999969482422,94.87999725341795,86.67808532714844,704100
2017-10-26,94.87999725341795,95.36000061035156,94.87999725341795,95.08999633789062,86.86991119384766,602000
2017-10-27,95.02999877929688,95.0500030517578,94.36000061035156,95.0500030517578,86.8333969116211,446400
2017-10-30,94.97000122070312,94.98999786376952,94.54000091552734,94.61000061035156,86.43143463134766,394000
2017-10-31,94.91000366210938,94.94000244140624,94.51000213623048,94.75,86.559326171875,424500
2017-11-01,95.0199966430664,95.23999786376952,94.52999877929688,94.5999984741211,86.42229461669922,449900
2017-11-02,94.66000366210938,94.9499969482422,94.30999755859376,94.8499984741211,86.65068054199219,406000
2017-11-03,94.8000030517578,94.98999786376952,94.62000274658205,94.79000091552734,86.59586334228516,307600
2017-11-06,94.55999755859376,94.91999816894533,94.5500030517578,94.76000213623048,86.56846618652344,313800
2017-11-07,94.8499984741211,94.97000122070312,94.5999984741211,94.79000091552734,86.59586334228516,430800
2017-11-08,94.61000061035156,95.0999984741211,94.56999969482422,95.0,86.7877197265625,296800
2017-11-09,94.55999755859376,94.94000244140624,94.4499969482422,94.91000366210938,86.70549774169922,465400
2017-11-10,94.5999984741211,95.01000213623048,94.5999984741211,94.9000015258789,86.69636535644531,265100
2017-11-13,94.55999755859376,95.27999877929688,94.55999755859376,95.22000122070312,86.98869323730469,329900
2017-11-14,94.98999786376952,95.5500030517578,94.93000030517578,95.5500030517578,87.29016876220703,872400
2017-11-15,95.0500030517578,95.18000030517578,94.70999908447266,94.75,86.559326171875,518400
2017-11-16,94.8499984741211,95.41999816894533,94.80999755859376,95.2300033569336,86.99783325195312,599500
2017-11-17,95.1999969482422,95.36000061035156,95.1500015258789,95.23999786376952,87.00697326660156,290900
2017-11-20,95.18000030517578,95.4800033569336,95.11000061035156,95.36000061035156,87.1166000366211,328100
2017-11-21,95.6999969482422,95.7699966430664,95.58999633789062,95.62000274658205,87.35411834716797,461400
2017-11-22,95.73999786376952,95.77999877929688,95.52999877929688,95.61000061035156,87.34497833251953,575800
2017-11-24,95.72000122070312,95.93000030517578,95.55999755859376,95.56999969482422,87.3084487915039,270200
2017-11-27,95.73999786376952,95.9499969482422,95.62999725341795,95.81999969482422,87.53683471679688,404900
2017-11-28,96.08999633789062,97.01000213623048,96.0,97.0,88.61482238769531,839900
2017-11-29,97.01000213623048,97.87000274658205,96.9800033569336,97.8499984741211,89.3913345336914,597200
2017-11-30,97.9800033569336,98.9499969482422,97.9800033569336,98.58999633789062,90.06737518310547,848600
2017-12-01,98.77999877929688,98.83000183105467,97.11000061035156,98.3499984741211,89.8481216430664,735800
2017-12-04,98.86000061035156,99.52999877929688,98.72000122070312,98.86000061035156,90.31403350830078,621100
2017-12-05,99.13999938964844,99.16999816894533,98.0199966430664,98.08000183105467,89.60145568847656,739700
2017-12-06,97.81999969482422,98.20999908447266,97.80999755859376,98.0199966430664,89.54664611816406,618000
2017-12-07,97.98999786376952,98.4000015258789,97.88999938964844,98.38999938964844,89.88467407226562,480200
2017-12-08,98.55999755859376,99.04000091552734,98.2699966430664,99.04000091552734,90.47847747802734,498300
2017-12-11,99.16000366210938,99.19000244140624,98.80999755859376,99.16000366210938,90.5880889892578,478200
2017-12-12,99.12999725341795,99.29000091552734,98.72000122070312,98.73999786376952,90.20440673828124,459800
2017-12-13,98.88999938964844,99.31999969482422,98.8000030517578,99.0500030517578,90.48761749267578,363300
2017-12-14,99.22000122070312,99.2699966430664,98.36000061035156,98.43000030517578,89.92120361328125,838100
2017-12-15,98.47000122070312,99.55999755859376,98.47000122070312,99.16999816894533,90.59722900390624,681300
2017-12-18,99.5500030517578,99.98999786376952,99.4499969482422,99.58000183105467,90.9717788696289,837700
2017-12-19,99.0,99.1500015258789,98.20999908447266,98.2699966430664,90.5002670288086,532400
2017-12-20,98.6500015258789,98.6500015258789,98.01000213623048,98.0999984741211,90.3437042236328,657500
2017-12-21,98.02999877929688,98.31999969482422,97.70999908447266,98.08000183105467,90.3252944946289,520900
2017-12-22,98.1500015258789,98.4000015258789,98.01000213623048,98.31999969482422,90.54631805419922,488100
2017-12-26,98.48999786376952,98.79000091552734,98.37999725341795,98.44000244140624,90.6568374633789,316200
2017-12-27,98.6999969482422,98.7300033569336,98.37000274658205,98.4800033569336,90.69367218017578,498500
2017-12-28,98.87999725341795,98.87999725341795,98.36000061035156,98.70999908447266,90.90548706054688,409000
2017-12-29,99.0,99.01000213623048,98.52999877929688,98.55999755859376,90.767333984375,346600
2018-01-02,98.80999755859376,98.9800033569336,98.4499969482422,98.68000030517578,90.87786865234376,1056900
2018-01-03,98.5199966430664,99.01000213623048,98.5199966430664,98.80999755859376,90.9975814819336,546300
2018-01-04,98.83999633789062,98.98999786376952,98.66999816894533,98.7300033569336,90.92390441894533,760500
2018-01-05,98.87999725341795,99.05999755859376,98.58999633789062,98.94000244140624,91.1173095703125,675700
2018-01-08,99.08999633789062,99.5999984741211,99.08999633789062,99.52999877929688,91.66065216064452,1153300
2018-01-09,99.66000366210938,99.80999755859376,99.16999816894533,99.1999969482422,91.3567352294922,997000
2018-01-10,99.0,99.27999877929688,98.7699966430664,99.04000091552734,91.20938873291016,818100
2018-01-11,99.0500030517578,99.98999786376952,99.0500030517578,99.9800033569336,92.0750732421875,1776900
2018-01-12,100.04000091552734,100.52999877929688,99.93000030517578,100.37000274658205,92.43424224853516,677900
2018-01-16,100.7699966430664,100.83000183105467,99.30999755859376,99.56999969482422,91.69749450683594,902100
2018-01-17,99.72000122070312,100.5500030517578,99.70999908447266,100.3000030517578,92.3697738647461,661300
2018-01-18,100.08999633789062,100.33000183105467,99.61000061035156,99.81999969482422,91.92772674560548,1031700
2018-01-19,100.12000274658205,100.5500030517578,99.9800033569336,100.5500030517578,92.60001373291016,530800
2018-01-22,100.55999755859376,101.0199966430664,100.5199966430664,101.0199966430664,93.03285217285156,920200
2018-01-23,101.05999755859376,101.45999908447266,100.91000366210938,101.2300033569336,93.22625732421876,710300
2018-01-24,101.4499969482422,101.4800033569336,100.73999786376952,101.0500030517578,93.06048583984376,621800
2018-01-25,101.16999816894533,101.38999938964844,100.73999786376952,101.37000274658205,93.35517120361328,537400
2018-01-26,101.4000015258789,102.31999969482422,101.4000015258789,102.31999969482422,94.23004913330078,480800
2018-01-29,102.01000213623048,102.12999725341795,101.38999938964844,101.41999816894533,93.4012222290039,796700
2018-01-30,100.6999969482422,101.18000030517578,100.45999908447266,100.62000274658205,92.66445922851562,755600
2018-01-31,100.9000015258789,100.9000015258789,100.05999755859376,100.66000366210938,92.7013168334961,921800
2018-02-01,100.86000061035156,100.86000061035156,99.80999755859376,100.2300033569336,92.30531311035156,861000
2018-02-02,99.62000274658205,99.86000061035156,98.4499969482422,98.5,90.71209716796876,928500
2018-02-05,97.6999969482422,98.62000274658205,94.7699966430664,95.12999725341795,87.60853576660156,2294500
2018-02-06,93.30999755859376,96.0199966430664,92.7699966430664,95.72000122070312,88.15189361572266,2441700
2018-02-07,95.6999969482422,97.0999984741211,95.38999938964844,95.62000274658205,88.05979919433594,1140500
2018-02-08,95.5999984741211,95.66999816894533,92.87000274658205,92.91999816894533,85.57327270507812,1205600
2018-02-09,93.58000183105467,94.93000030517578,91.66999816894533,94.25,86.79811096191406,1446100
2018-02-12,94.98999786376952,95.91000366210938,94.31999969482422,95.36000061035156,87.82035064697266,946000
2018-02-13,95.16000366210938,95.9499969482422,94.72000122070312,95.72000122070312,88.15189361572266,657700
2018-02-14,95.02999877929688,96.91999816894533,95.01000213623048,96.62999725341795,88.98995208740234,969900
2018-02-15,97.05999755859376,97.91999816894533,96.5,97.8499984741211,90.1134796142578,907800
2018-02-16,97.51000213623048,98.5999984741211,97.51000213623048,97.98999786376952,90.2424087524414,459100
2018-02-20,97.54000091552734,97.72000122070312,96.66000366210938,96.95999908447266,89.29385375976562,780300
2018-02-21,96.83000183105467,97.9499969482422,96.20999908447266,96.20999908447266,88.6031494140625,702900
2018-02-22,96.43000030517578,97.33999633789062,96.29000091552734,96.52999877929688,88.8978500366211,635700
2018-02-23,96.86000061035156,98.25,96.86000061035156,98.2300033569336,90.46343994140624,580100
2018-02-26,98.5500030517578,98.77999877929688,97.9800033569336,98.69000244140624,90.88707733154295,790200
2018-02-27,98.77999877929688,99.26000213623048,97.4000015258789,97.4000015258789,89.6990737915039,759600
2018-02-28,97.62999725341795,97.9800033569336,96.33000183105467,96.37999725341795,88.75970458984375,1012500
2018-03-01,96.1500015258789,97.0199966430664,94.91999816894533,95.47000122070312,87.92166137695312,1057000
2018-03-02,94.88999938964844,96.13999938964844,94.79000091552734,95.9800033569336,88.39134216308594,857200
2018-03-05,95.4000015258789,97.36000061035156,95.38999938964844,97.1500015258789,89.46883392333984,694100
2018-03-06,97.2699966430664,97.3000030517578,96.4499969482422,97.06999969482422,89.3951644897461,1016600
2018-03-07,96.33000183105467,96.8499984741211,95.9800033569336,96.66999816894533,89.02677154541016,667500
2018-03-08,96.79000091552734,96.93000030517578,96.27999877929688,96.72000122070312,89.07283782958984,538100
2018-03-09,97.19000244140624,97.86000061035156,96.95999908447266,97.83000183105467,90.0950698852539,764900
2018-03-12,97.9499969482422,98.0199966430664,97.44000244140624,97.69000244140624,89.96614074707031,997100
2018-03-13,97.91999816894533,98.33000183105467,97.16999816894533,97.36000061035156,89.66222381591797,814300
2018-03-14,97.55999755859376,97.87999725341795,96.7699966430664,96.91999816894533,89.25701141357422,941800
2018-03-15,97.16999816894533,97.23999786376952,96.73999786376952,96.9000015258789,89.23860168457031,2000400
2018-03-16,96.83000183105467,97.77999877929688,96.83000183105467,97.52999877929688,89.81877136230469,461200
2018-03-19,97.37999725341795,97.5,96.04000091552734,96.54000091552734,88.90705871582031,743000
2018-03-20,96.66999816894533,97.0500030517578,96.25,96.41999816894533,88.79653930664062,387100
2018-03-21,96.16000366210938,97.3000030517578,96.12999725341795,96.44000244140624,88.81497955322266,906400
2018-03-22,94.94000244140624,95.58999633789062,93.97000122070312,94.02999877929688,87.30252838134766,1092000
2018-03-23,94.05999755859376,94.5999984741211,92.36000061035156,92.48999786376952,85.87269592285156,1106600
2018-03-26,93.4000015258789,94.33999633789062,93.0199966430664,94.2300033569336,87.48821258544922,982300
2018-03-27,94.37999725341795,95.18000030517578,93.72000122070312,94.13999938964844,87.40464782714844,814600
2018-03-28,94.29000091552734,94.68000030517578,93.9000015258789,94.13999938964844,87.40464782714844,1006500
2018-03-29,94.19000244140624,95.4499969482422,94.19000244140624,95.12000274658205,88.31452941894531,848600
2018-04-02,95.0500030517578,95.25,92.7300033569336,93.47000122070312,86.78258514404297,925800
2018-04-03,93.77999877929688,94.75,93.54000091552734,94.56999969482422,87.80387878417969,808300
2018-04-04,93.47000122070312,95.5,93.3000030517578,95.41999816894533,88.59305572509766,672800
2018-04-05,95.55999755859376,96.4800033569336,95.18000030517578,96.23999786376952,89.3543930053711,541900
2018-04-06,95.66000366210938,96.12000274658205,94.04000091552734,94.6999969482422,87.92457580566406,795200
2018-04-09,94.95999908447266,95.95999908447266,94.7300033569336,94.8000030517578,88.0174331665039,538300
2018-04-10,95.61000061035156,96.06999969482422,95.25,95.72000122070312,88.87161254882812,813200
2018-04-11,95.3000030517578,95.81999969482422,95.0199966430664,95.51000213623048,88.67662811279297,454600
2018-04-12,95.66000366210938,96.08000183105467,95.16000366210938,95.33000183105467,88.50950622558594,675100
2018-04-13,95.66000366210938,96.0,95.3499984741211,95.58000183105467,88.74161529541016,456500
2018-04-16,96.04000091552734,96.80999755859376,95.93000030517578,96.63999938964844,89.72577667236328,1091900
2018-04-17,96.88999938964844,97.55999755859376,96.86000061035156,97.27999877929688,90.3199691772461,428300
2018-04-18,97.22000122070312,97.87000274658205,97.13999938964844,97.13999938964844,90.19000244140624,657700
2018-04-19,96.77999877929688,96.97000122070312,95.9499969482422,96.4499969482422,89.54936218261719,410300
2018-04-20,96.29000091552734,96.70999908447266,95.55999755859376,95.87999725341795,89.02015686035156,496200
2018-04-23,95.9000015258789,96.37000274658205,95.76000213623048,96.1999969482422,89.31725311279297,458500
2018-04-24,96.4000015258789,97.0,95.44000244140624,95.9000015258789,89.03872680664062,668000
2018-04-25,95.63999938964844,96.26000213623048,95.2699966430664,96.0999984741211,89.22441101074219,333400
2018-04-26,96.30999755859376,96.91000366210938,95.91000366210938,96.7699966430664,89.84648132324219,332000
2018-04-27,96.6500015258789,97.25,96.55999755859376,97.0,90.06002807617188,324100
2018-04-30,97.02999877929688,97.48999786376952,96.31999969482422,96.31999969482422,89.42868041992188,506200
2018-05-01,96.08000183105467,96.08000183105467,95.12999725341795,95.87999725341795,89.02015686035156,1122300
2018-05-02,95.62999725341795,96.2300033569336,95.43000030517578,95.62999725341795,88.78803253173828,336100
2018-05-03,95.29000091552734,95.88999938964844,94.5199966430664,95.56999969482422,88.73233795166016,372700
2018-05-04,95.38999938964844,96.8499984741211,95.3000030517578,96.48999786376952,89.58650207519531,455000
2018-05-07,96.62999725341795,96.8000030517578,96.12999725341795,96.31999969482422,89.42868041992188,360000
2018-05-08,96.23999786376952,96.23999786376952,95.16999816894533,95.66000366210938,88.81590270996094,673600
2018-05-09,95.68000030517578,96.1999969482422,95.66999816894533,96.08999633789062,89.2151107788086,418900
2018-05-10,96.31999969482422,97.0199966430664,96.2300033569336,96.97000122070312,90.03217315673828,594300
2018-05-11,97.04000091552734,97.37999725341795,96.9499969482422,97.12999725341795,90.1807098388672,370700
2018-05-14,97.4499969482422,97.56999969482422,96.9800033569336,97.25,90.29212951660156,674500
2018-05-15,96.70999908447266,96.9800033569336,96.37999725341795,96.94000244140624,90.00431823730469,737300
2018-05-16,97.16000366210938,97.47000122070312,96.91999816894533,97.30999755859376,90.34783935546876,310000
2018-05-17,97.37000274658205,97.87999725341795,97.26000213623048,97.4000015258789,90.43141174316406,240500
2018-05-18,97.33999633789062,97.48999786376952,97.01000213623048,97.19000244140624,90.2364273071289,398500
2018-05-21,97.52999877929688,97.94000244140624,97.36000061035156,97.83999633789062,90.83991241455078,437300
2018-05-22,97.98999786376952,98.25,97.48999786376952,97.58999633789062,90.60779571533205,350400
2018-05-23,97.2300033569336,97.76000213623048,97.16000366210938,97.72000122070312,90.72850036621094,293500
2018-05-24,97.5199966430664,98.0,97.31999969482422,97.95999908447266,90.95133972167967,372100
2018-05-25,97.66999816894533,97.76000213623048,97.33999633789062,97.62000274658205,90.63565826416016,414200
2018-05-29,97.1999969482422,97.5999984741211,96.7300033569336,97.0999984741211,90.15286254882812,669800
2018-05-30,97.48999786376952,98.5999984741211,97.33000183105467,98.36000061035156,91.32272338867188,778900
2018-05-31,98.31999969482422,98.31999969482422,97.38999938964844,97.66000366210938,90.67279052734376,736200
2018-06-01,97.9499969482422,98.1999969482422,97.58999633789062,97.73999786376952,90.74706268310548,484600
2018-06-04,98.02999877929688,98.4499969482422,97.69000244140624,97.88999938964844,90.8863525390625,271900
2018-06-05,98.01000213623048,98.25,97.86000061035156,98.08999633789062,91.07202911376952,340800
2018-06-06,98.3000030517578,98.3000030517578,97.5500030517578,97.95999908447266,90.95133972167967,713800
2018-06-07,97.9800033569336,98.6999969482422,97.91000366210938,98.36000061035156,91.32272338867188,732100
2018-06-08,98.27999877929688,98.66000366210938,98.13999938964844,98.62999725341795,91.57339477539062,759000
2018-06-11,98.7699966430664,98.98999786376952,98.61000061035156,98.73999786376952,91.67552185058594,854800
2018-06-12,98.81999969482422,99.11000061035156,98.6999969482422,99.0,91.91693878173828,610900
2018-06-13,99.0199966430664,99.0199966430664,98.18000030517578,98.25,91.22058868408205,409300
2018-06-14,98.33999633789062,98.62000274658205,98.25,98.4800033569336,91.43414306640624,244600
2018-06-15,98.12999725341795,98.62000274658205,97.91000366210938,98.52999877929688,91.48055267333984,444800
2018-06-18,98.12000274658205,98.79000091552734,98.12000274658205,98.62999725341795,91.57339477539062,1455800
2018-06-19,98.08000183105467,98.75,98.02999877929688,98.7300033569336,91.66625213623048,324500
2018-06-20,98.76000213623048,98.9800033569336,98.48999786376952,98.8000030517578,91.73123931884766,335400
2018-06-21,98.88999938964844,98.88999938964844,98.05999755859376,98.29000091552734,91.25772857666016,325400
2018-06-22,98.75,99.08000183105467,98.58999633789062,98.58999633789062,91.53626251220705,360700
2018-06-25,98.33000183105467,98.68000030517578,97.88999938964844,98.45999908447266,91.41556549072266,415700
2018-06-26,97.61000061035156,98.0999984741211,97.58999633789062,97.79000091552734,91.53911590576172,653900
2018-06-27,98.0199966430664,98.54000091552734,97.5,97.54000091552734,91.30509948730467,531500
2018-06-28,97.26000213623048,98.0,97.26000213623048,97.79000091552734,91.53911590576172,433600
2018-06-29,97.93000030517578,98.5,97.7300033569336,97.73999786376952,91.49231719970705,475400
2018-07-02,97.54000091552734,97.7300033569336,97.0199966430664,97.69000244140624,91.44552612304688,1094800
2018-07-03,98.06999969482422,98.5199966430664,97.8499984741211,97.98999786376952,91.72633361816406,627800
2018-07-05,98.37999725341795,98.63999938964844,97.88999938964844,98.63999938964844,92.33480072021484,234200
2018-07-06,98.55999755859376,99.4800033569336,98.48999786376952,99.26000213623048,92.9151611328125,426300
2018-07-09,99.69000244140624,99.69000244140624,98.9000015258789,99.01000213623048,92.68115234375,1083300
2018-07-10,99.18000030517578,99.5500030517578,98.95999908447266,99.51000213623048,93.149169921875,249000
2018-07-11,99.11000061035156,99.33000183105467,98.7300033569336,98.87999725341795,92.55945587158205,554500
2018-07-12,98.87999725341795,99.19000244140624,98.62000274658205,98.93000030517578,92.60625457763672,273700
2018-07-13,98.83999633789062,99.0500030517578,98.6999969482422,98.91999816894533,92.59689331054688,488500
2018-07-16,98.9499969482422,98.9499969482422,98.31999969482422,98.56999969482422,92.2692642211914,645000
2018-07-17,98.48999786376952,98.83999633789062,98.47000122070312,98.68000030517578,92.37223815917967,888700
2018-07-18,98.62999725341795,98.66999816894533,98.26000213623048,98.66000366210938,92.35352325439452,680500
2018-07-19,98.63999938964844,99.18000030517578,98.4000015258789,98.88999938964844,92.56881713867188,1879600
2018-07-20,98.4499969482422,98.80999755859376,98.18000030517578,98.38999938964844,92.10077667236328,574300
2018-07-23,98.26000213623048,98.45999908447266,97.97000122070312,98.25,91.96971893310548,318600
2018-07-24,98.45999908447266,98.5,97.93000030517578,98.47000122070312,92.1756591796875,337600
2018-07-25,98.41000366210938,98.79000091552734,98.16000366210938,98.76000213623048,92.44712829589844,366200
2018-07-26,98.7699966430664,99.54000091552734,98.7699966430664,99.31999969482422,92.97132873535156,549300
2018-07-27,99.31999969482422,99.58999633789062,98.79000091552734,99.02999877929688,92.69986724853516,257500
2018-07-30,99.0199966430664,99.38999938964844,98.9800033569336,99.1500015258789,92.81219482421876,382700
2018-07-31,99.43000030517578,100.04000091552734,99.2699966430664,99.95999908447266,93.57041931152344,440100
2018-08-01,99.8000030517578,99.8000030517578,98.8499984741211,99.0500030517578,92.71858978271484,553600
2018-08-02,98.61000061035156,99.4800033569336,98.51000213623048,99.41000366210938,93.05558013916016,412400
2018-08-03,99.54000091552734,100.0999984741211,99.4499969482422,100.0199966430664,93.62657928466795,303300
2018-08-06,99.8499984741211,100.23999786376952,99.8499984741211,100.05999755859376,93.6640167236328,260500
2018-08-07,100.08999633789062,100.3499984741211,100.02999877929688,100.19000244140624,93.78572082519533,242700
2018-08-08,100.08999633789062,100.13999938964844,99.6999969482422,99.98999786376952,93.5984878540039,538600
2018-08-09,99.9000015258789,100.3000030517578,99.9000015258789,100.16000366210938,93.75763702392578,317000
2018-08-10,99.73999786376952,100.0999984741211,99.61000061035156,99.76000213623048,93.38320922851562,238900
2018-08-13,99.76000213623048,99.94000244140624,99.31999969482422,99.5500030517578,93.18663024902344,305900
2018-08-14,99.8499984741211,100.51000213623048,99.6999969482422,100.48999786376952,94.06654357910156,706500
2018-08-15,99.94000244140624,99.94000244140624,99.47000122070312,99.77999877929688,93.40192413330078,527000
2018-08-16,100.0999984741211,100.91000366210938,100.06999969482422,100.81999969482422,94.37545013427734,341800
2018-08-17,100.76000213623048,101.5999984741211,100.76000213623048,101.4000015258789,94.91837310791016,315800
2018-08-20,101.56999969482422,101.9800033569336,101.51000213623048,101.88999938964844,95.3770523071289,291900
2018-08-21,101.98999786376952,102.02999877929688,101.69000244140624,101.87000274658205,95.35832214355467,372400
2018-08-22,101.97000122070312,101.97000122070312,101.29000091552734,101.31999969482422,94.8434829711914,315900
2018-08-23,101.41000366210938,101.41000366210938,101.0199966430664,101.1500015258789,94.6843490600586,396900
2018-08-24,101.31999969482422,101.52999877929688,101.02999877929688,101.41999816894533,94.93708801269533,241800
2018-08-27,101.6500015258789,101.86000061035156,101.44000244140624,101.56999969482422,95.07749938964844,288400
2018-08-28,101.54000091552734,101.81999969482422,101.30999755859376,101.41000366210938,94.92772674560548,353700
2018-08-29,101.44000244140624,101.75,101.0999984741211,101.56999969482422,95.07749938964844,314600
2018-08-30,101.41999816894533,101.54000091552734,100.97000122070312,101.18000030517578,94.7124252319336,242600
2018-08-31,101.11000061035156,101.27999877929688,100.62000274658205,101.01000213623048,94.55329895019533,185100
2018-09-04,100.87999725341795,101.25,100.76000213623048,101.05999755859376,94.60010528564452,342500
2018-09-05,101.12000274658205,101.7699966430664,100.83000183105467,101.70999908447266,95.20854949951172,337600
2018-09-06,101.73999786376952,102.05999755859376,101.51000213623048,101.72000122070312,95.2179183959961,390500
2018-09-07,101.27999877929688,101.61000061035156,101.06999969482422,101.29000091552734,94.81539916992188,236700
2018-09-10,101.80999755859376,102.16000366210938,101.61000061035156,101.66999816894533,95.17110443115234,324900
2018-09-11,101.5,101.86000061035156,101.45999908447266,101.5999984741211,95.1055908203125,276100
2018-09-12,101.5999984741211,102.08000183105467,101.5999984741211,101.93000030517578,95.41449737548828,571300
2018-09-13,101.94000244140624,102.25,101.83000183105467,102.08000183105467,95.55491638183594,535400
2018-09-14,102.01000213623048,102.2300033569336,101.45999908447266,102.19000244140624,95.65787506103516,940700
2018-09-17,102.12000274658205,102.47000122070312,102.0199966430664,102.12999725341795,95.6017074584961,292600
2018-09-18,102.27999877929688,102.54000091552734,101.91000366210938,102.31999969482422,95.77955627441406,354500
2018-09-19,102.29000091552734,102.37000274658205,101.48999786376952,101.62000274658205,95.12430572509766,339600
2018-09-20,101.88999938964844,102.04000091552734,101.5500030517578,101.9800033569336,95.46128845214844,434100
2018-09-21,102.13999938964844,102.41999816894533,102.0,102.2300033569336,95.6953125,235100
2018-09-24,102.13999938964844,102.33000183105467,101.41000366210938,101.41000366210938,94.92772674560548,473100
2018-09-25,101.4000015258789,101.5500030517578,100.58999633789062,100.66000366210938,94.22567749023438,522700
2018-09-26,100.0,100.08000183105467,99.16999816894533,99.27999877929688,93.73377990722656,445700
2018-09-27,99.48999786376952,99.93000030517578,99.22000122070312,99.31999969482422,93.77153778076172,451800
2018-09-28,99.13999938964844,99.97000122070312,99.13999938964844,99.76000213623048,94.1869659423828,466900
2018-10-01,100.11000061035156,100.30999755859376,99.7300033569336,100.01000213623048,94.4229965209961,421400
2018-10-02,100.0199966430664,100.6500015258789,100.0199966430664,100.3000030517578,94.6968002319336,349200
2018-10-03,100.51000213623048,100.6999969482422,99.86000061035156,100.0999984741211,94.50796508789062,430500
2018-10-04,100.04000091552734,100.11000061035156,99.55999755859376,100.11000061035156,94.51740264892578,409500
2018-10-05,100.22000122070312,100.48999786376952,99.97000122070312,100.23999786376952,94.64013671875,457300
2018-10-08,99.97000122070312,100.79000091552734,99.97000122070312,100.6500015258789,95.02723693847656,417300
2018-10-09,100.41999816894533,100.63999938964844,100.05999755859376,100.1999969482422,94.60237884521484,422700
2018-10-10,100.0999984741211,100.33000183105467,98.31999969482422,98.43000030517578,92.93125915527344,809900
2018-10-11,98.12999725341795,98.4000015258789,95.77999877929688,96.0,90.63701629638672,1386000
2018-10-12,96.97000122070312,97.0199966430664,95.45999908447266,96.37000274658205,90.98634338378906,905200
2018-10-15,96.3499984741211,97.0199966430664,96.2699966430664,96.33999633789062,90.95801544189452,1096700
2018-10-16,96.52999877929688,97.7699966430664,96.41999816894533,97.66999816894533,92.21371459960938,447700
2018-10-17,97.5500030517578,97.66999816894533,96.63999938964844,97.37000274658205,91.93047332763672,389000
2018-10-18,97.2300033569336,98.0,96.62000274658205,97.0500030517578,91.62836456298828,521200
2018-10-19,97.26000213623048,98.08000183105467,96.95999908447266,97.51000213623048,92.06266021728516,354400
2018-10-22,97.5999984741211,97.83999633789062,96.63999938964844,96.75,91.3451156616211,879400
2018-10-23,95.95999908447266,96.6999969482422,95.30999755859376,96.29000091552734,90.91081237792967,602300
2018-10-24,96.25,96.6500015258789,95.02999877929688,95.0999984741211,89.78728485107422,567400
2018-10-25,95.36000061035156,96.12000274658205,94.83000183105467,95.62999725341795,90.28768157958984,540900
2018-10-26,94.94000244140624,95.29000091552734,93.5500030517578,94.08999633789062,88.83370971679688,1100700
2018-10-29,94.73999786376952,95.86000061035156,93.88999938964844,94.75,89.45684814453125,870100
2018-10-30,94.83000183105467,96.11000061035156,94.83000183105467,96.0199966430664,90.65589141845705,1331300
2018-10-31,96.37999725341795,96.7300033569336,95.72000122070312,95.87000274658205,90.51426696777344,692900
2018-11-01,96.0199966430664,96.5199966430664,95.97000122070312,96.38999938964844,91.0052261352539,686300
2018-11-02,96.9000015258789,97.1999969482422,95.5500030517578,96.25,90.873046875,590300
2018-11-05,96.37999725341795,97.5,96.37999725341795,97.33000183105467,91.89270782470705,624200
2018-11-06,97.30999755859376,98.08999633789062,97.3000030517578,98.08000183105467,92.60081481933594,408900
2018-11-07,98.70999908447266,99.22000122070312,97.9800033569336,99.1500015258789,93.61104583740234,660800
2018-11-08,98.94000244140624,99.20999908447266,98.5500030517578,98.9000015258789,93.37501525878906,579000
2018-11-09,98.22000122070312,98.58000183105467,97.7699966430664,98.20999908447266,92.72354888916016,668300
2018-11-12,98.08999633789062,98.54000091552734,97.43000030517578,97.56999969482422,92.11930847167967,613000
2018-11-13,97.68000030517578,98.0199966430664,96.9800033569336,97.29000091552734,91.85494995117188,755200
2018-11-14,97.56999969482422,97.86000061035156,96.12999725341795,96.6500015258789,91.2507095336914,976600
2018-11-15,96.12000274658205,97.02999877929688,95.41999816894533,96.8499984741211,91.43952178955078,969700
2018-11-16,96.97000122070312,97.62000274658205,96.83999633789062,97.43000030517578,91.98712921142578,655700
2018-11-19,97.4000015258789,97.73999786376952,96.7699966430664,97.20999908447266,91.77941131591795,985700
2018-11-20,96.23999786376952,96.76000213623048,95.3000030517578,95.5,90.16495513916016,1067400
2018-11-21,95.69000244140624,96.0500030517578,95.25,95.3499984741211,90.02333068847656,750100
2018-11-23,94.7699966430664,95.18000030517578,94.52999877929688,94.75,89.45684814453125,270900
2018-11-26,95.27999877929688,95.97000122070312,95.27999877929688,95.95999908447266,90.5992431640625,758700
2018-11-27,95.68000030517578,96.4499969482422,95.62999725341795,96.4000015258789,91.01466369628906,680100
2018-11-28,96.5999984741211,97.26000213623048,95.76000213623048,97.26000213623048,91.82662200927734,1000600
2018-11-29,97.23999786376952,97.6500015258789,96.6500015258789,97.18000030517578,91.7510986328125,693100
2018-11-30,97.22000122070312,98.0,97.0999984741211,97.8499984741211,92.3836669921875,612800
2018-12-03,99.0999984741211,99.2300033569336,97.80999755859376,98.80999755859376,93.29003143310548,1153700
2018-12-04,98.75,99.01000213623048,96.66000366210938,96.8499984741211,91.43952178955078,1237800
2018-12-06,96.1500015258789,96.33999633789062,94.2300033569336,96.26000213623048,90.88249206542967,1796600
2018-12-07,96.44000244140624,96.93000030517578,95.12999725341795,95.41000366210938,90.07997131347656,1189700
2018-12-10,95.47000122070312,95.5,93.38999938964844,95.12999725341795,89.81561279296875,1459000
2018-12-11,96.02999877929688,96.1500015258789,94.77999877929688,95.27999877929688,89.95723724365234,3193600
2018-12-12,96.12999725341795,96.38999938964844,95.56999969482422,95.6500015258789,90.30655670166016,1382500
2018-12-13,95.94000244140624,96.08999633789062,95.26000213623048,95.5,90.16495513916016,1683700
2018-12-14,95.18000030517578,95.43000030517578,94.36000061035156,94.62999725341795,89.34354400634766,1628300
2018-12-17,93.76000213623048,93.7699966430664,91.11000061035156,91.58999633789062,87.1688461303711,2060100
2018-12-18,92.05999755859376,92.36000061035156,90.5999984741211,91.02999877929688,86.63587188720703,2180100
2018-12-19,91.27999877929688,92.41000366210938,89.66999816894531,90.08999633789062,85.74124145507812,2470500
2018-12-20,89.80999755859375,90.30999755859376,88.16000366210938,89.19999694824219,84.89421081542969,3426000
2018-12-21,89.38999938964844,90.91999816894533,87.88999938964844,88.13999938964844,83.8853759765625,3756000
2018-12-24,87.9000015258789,87.97000122070312,85.19999694824219,85.19999694824219,81.08729553222656,1448400
2018-12-26,85.47000122070312,88.2300033569336,84.62000274658203,88.19999694824219,83.94248962402344,4016200
2018-12-27,87.55000305175781,88.86000061035156,86.12000274658203,88.80000305175781,84.5135269165039,4295200
2018-12-28,89.0999984741211,89.80000305175781,88.45999908447266,88.69999694824219,84.41835021972656,3118800
2018-12-31,89.05999755859375,89.33000183105469,88.30000305175781,89.30999755859375,84.9989013671875,2725000
2019-01-02,88.29000091552734,89.33000183105469,87.87000274658203,89.01000213623047,84.71337890625,1199700
2019-01-03,88.80000305175781,89.18000030517578,87.91000366210938,88.19999694824219,83.94248962402344,1032200
2019-01-04,88.83000183105469,90.4499969482422,88.41999816894531,90.31999969482422,85.96015167236328,1628100
2019-01-07,90.41000366210938,91.55999755859376,89.94999694824219,90.8499984741211,86.46456909179688,1961800
2019-01-08,91.5500030517578,91.9000015258789,91.0,91.79000091552734,87.35918426513672,885900
2019-01-09,92.02999877929688,92.2699966430664,91.6500015258789,91.94000244140624,87.501953125,723500
2019-01-10,91.36000061035156,92.5,91.13999938964844,92.4499969482422,87.9873275756836,991800
2019-01-11,92.31999969482422,92.54000091552734,92.0,92.38999938964844,87.93022918701172,2411700
2019-01-14,91.7699966430664,91.98999786376952,91.3000030517578,91.58000183105467,87.15933227539062,2000200
2019-01-15,91.58999633789062,92.3499984741211,91.58000183105467,92.1500015258789,87.70181274414062,1340000
2019-01-16,92.13999938964844,92.4000015258789,91.93000030517578,92.1500015258789,87.70181274414062,717400
2019-01-17,91.91000366210938,93.06999969482422,91.91000366210938,92.91000366210938,88.42514038085938,1197500
2019-01-18,93.37000274658205,94.0500030517578,93.26000213623048,93.87000274658205,89.33879089355469,1606300
2019-01-22,93.66000366210938,93.87000274658205,92.36000061035156,92.97000122070312,88.48223114013672,3330400
2019-01-23,93.1999969482422,93.43000030517578,92.56999969482422,93.30999755859376,88.80581665039062,840100
2019-01-24,93.16999816894533,93.33000183105467,92.6999969482422,93.26000213623048,88.75823211669922,910200
2019-01-25,93.6999969482422,93.98999786376952,93.41999816894533,93.56999969482422,89.05327606201172,1024400
2019-01-28,93.25,93.25,92.5199966430664,93.23999786376952,88.73919677734375,2588700
2019-01-29,93.4499969482422,93.70999908447266,93.22000122070312,93.56999969482422,89.05327606201172,1294600
2019-01-30,93.70999908447266,94.5,93.3499984741211,94.16999816894533,89.62429809570312,803000
2019-01-31,94.27999877929688,95.51000213623048,93.91999816894533,95.38999938964844,90.78541564941406,1202300
2019-02-01,95.54000091552734,95.68000030517578,94.94000244140624,95.4000015258789,90.79493713378906,715000
2019-02-04,95.26000213623048,95.61000061035156,94.66000366210938,95.58999633789062,90.97576141357422,1098100
2019-02-05,95.48999786376952,95.9800033569336,95.4499969482422,95.8000030517578,91.17562866210938,584400
2019-02-06,95.62999725341795,95.83000183105467,95.48999786376952,95.63999938964844,91.0233383178711,766300
2019-02-07,95.26000213623048,95.5500030517578,94.73999786376952,95.47000122070312,90.86155700683594,541100
2019-02-08,95.08999633789062,95.66000366210938,94.87999725341795,95.6500015258789,91.03286743164062,622600
2019-02-11,95.7300033569336,95.79000091552734,95.30999755859376,95.63999938964844,91.0233383178711,668000
2019-02-12,96.23999786376952,96.72000122070312,96.1500015258789,96.52999877929688,91.87039184570312,625200
2019-02-13,96.72000122070312,96.91999816894533,96.43000030517578,96.83000183105467,92.1559066772461,385500
2019-02-14,96.31999969482422,96.81999969482422,95.93000030517578,96.37999725341795,91.72761535644533,1133500
2019-02-15,96.88999938964844,97.08999633789062,96.72000122070312,97.04000091552734,92.35576629638672,523100
2019-02-19,96.97000122070312,97.7300033569336,96.75,97.5500030517578,92.84115600585938,920100
2019-02-20,97.4800033569336,98.37000274658205,97.4800033569336,98.16000366210938,93.42170715332033,527500
2019-02-21,97.95999908447266,98.2300033569336,97.5999984741211,97.98999786376952,93.2599105834961,510900
2019-02-22,98.11000061035156,98.62000274658205,97.95999908447266,98.55999755859376,93.8023910522461,298100
2019-02-25,98.79000091552734,98.9499969482422,98.1999969482422,98.30999755859376,93.56446075439452,407600
2019-02-26,98.2300033569336,98.4800033569336,98.01000213623048,98.11000061035156,93.3741226196289,435900
2019-02-27,97.95999908447266,98.45999908447266,97.87000274658205,98.29000091552734,93.5454330444336,439000
2019-02-28,98.13999938964844,98.29000091552734,97.75,98.1500015258789,93.41220092773438,277700
2019-03-01,98.55999755859376,98.73999786376952,98.0,98.56999969482422,93.8119125366211,523400
2019-03-04,98.87000274658205,98.91000366210938,97.3499984741211,98.29000091552734,93.5454330444336,592400
2019-03-05,98.38999938964844,98.4499969482422,98.08999633789062,98.23999786376952,93.49783325195312,453300
2019-03-06,98.29000091552734,98.33000183105467,97.66000366210938,97.81999969482422,93.09810638427734,438500
2019-03-07,97.7300033569336,97.88999938964844,97.12999725341795,97.4000015258789,92.6983871459961,635600
2019-03-08,96.91000366210938,97.29000091552734,96.58999633789062,97.27999877929688,92.58416748046876,562700
2019-03-11,97.41999816894533,98.41999816894533,97.41999816894533,98.38999938964844,93.6406021118164,454200
2019-03-12,98.56999969482422,98.91999816894533,98.5199966430664,98.72000122070312,93.95466613769533,697900
2019-03-13,98.98999786376952,99.25,98.77999877929688,99.01000213623048,94.23067474365234,529700
2019-03-14,99.04000091552734,99.16999816894533,98.66000366210938,98.83999633789062,94.0688705444336,1057600
2019-03-15,98.9000015258789,99.41000366210938,98.73999786376952,99.18000030517578,94.39247131347656,1084300
2019-03-18,99.27999877929688,99.70999908447266,99.12999725341795,99.70999908447266,94.89688110351562,381000
2019-03-19,99.91999816894533,100.0199966430664,98.6999969482422,99.05999755859376,94.27825927734376,1954300
2019-03-20,98.12000274658205,98.2300033569336,97.26000213623048,97.38999938964844,93.51107788085938,1745100
2019-03-21,97.30999755859376,98.75,97.26000213623048,98.5,94.57686614990234,578000
2019-03-22,98.25,98.3000030517578,96.97000122070312,97.08000183105467,93.2134246826172,1016200
2019-03-25,96.88999938964844,97.4499969482422,96.55999755859376,97.06999969482422,93.20382690429688,821800
2019-03-26,97.63999938964844,98.26000213623048,97.5199966430664,98.16000366210938,94.25041961669922,703300
2019-03-27,98.12000274658205,98.37999725341795,97.36000061035156,97.79000091552734,93.89514923095705,677200
2019-03-28,97.91000366210938,98.26000213623048,97.26000213623048,97.81999969482422,93.92394256591795,779000
2019-03-29,98.22000122070312,98.33000183105467,97.80999755859376,98.18000030517578,94.26961517333984,570400
2019-04-01,98.68000030517578,99.3499984741211,98.58999633789062,99.27999877929688,95.3258056640625,837000
2019-04-02,99.3000030517578,99.4000015258789,98.9499969482422,99.0500030517578,95.10496520996094,504800
2019-04-03,99.4000015258789,99.6500015258789,98.98999786376952,99.18000030517578,95.22979736328124,473400
2019-04-04,99.3499984741211,99.68000030517578,99.18000030517578,99.55999755859376,95.59465026855467,468000
2019-04-05,99.68000030517578,100.26000213623048,99.5,100.22000122070312,96.2283706665039,667500
2019-04-08,100.0999984741211,100.1999969482422,99.88999938964844,100.0999984741211,96.11314392089844,429000
2019-04-09,99.83999633789062,99.83999633789062,99.1500015258789,99.3499984741211,95.39301300048828,571700
2019-04-10,99.47000122070312,99.73999786376952,99.36000061035156,99.6500015258789,95.68106842041016,622300
2019-04-11,99.77999877929688,100.16999816894533,99.6500015258789,99.98999786376952,96.0075225830078,397200
2019-04-12,100.37000274658205,100.58000183105467,100.02999877929688,100.56999969482422,96.56442260742188,584800
2019-04-15,100.5999984741211,100.6999969482422,100.01000213623048,100.16999816894533,96.18035888671876,644100
2019-04-16,100.26000213623048,100.5500030517578,99.7699966430664,100.5,96.4972152709961,460300
2019-04-17,100.83999633789062,100.95999908447266,100.37000274658205,100.41000366210938,96.41080474853516,346900
2019-04-18,100.5,100.63999938964844,100.16000366210938,100.27999877929688,96.28597259521484,249800
2019-04-22,100.20999908447266,100.38999938964844,99.87999725341795,100.05999755859376,96.07473754882812,306000
2019-04-23,100.30999755859376,100.83000183105467,100.0,100.72000122070312,96.70845794677734,594600
2019-04-24,100.55999755859376,100.70999908447266,100.0999984741211,100.43000030517578,96.43000793457033,270200
2019-04-25,100.22000122070312,100.44000244140624,99.66000366210938,100.08000183105467,96.09394073486328,448700
2019-04-26,100.0500030517578,100.6999969482422,99.9800033569336,100.63999938964844,96.6316375732422,284000
2019-04-29,100.66000366210938,100.88999938964844,100.4800033569336,100.5999984741211,96.59323120117188,392500
2019-04-30,100.68000030517578,101.19000244140624,100.26000213623048,101.05999755859376,97.03490447998048,289300
2019-05-01,101.2699966430664,101.27999877929688,100.0,100.0,96.01712799072266,438100
2019-05-02,99.93000030517578,100.31999969482422,99.38999938964844,99.91000366210938,95.9307098388672,399800
2019-05-03,100.26000213623048,101.12999725341795,100.26000213623048,100.95999908447266,96.93888854980467,312100
2019-05-06,99.76000213623048,100.66000366210938,99.62000274658205,100.43000030517578,96.43000793457033,321400
2019-05-07,99.87999725341795,99.91999816894533,98.77999877929688,99.41999816894533,95.4602279663086,457200
2019-05-08,99.27999877929688,99.36000061035156,98.69000244140624,98.77999877929688,94.84571838378906,645300
2019-05-09,98.06999969482422,98.52999877929688,97.30999755859376,98.33000183105467,94.41363525390624,441600
2019-05-10,98.11000061035156,99.31999969482422,97.3499984741211,99.13999938964844,95.19137573242188,298400
2019-05-13,97.83000183105467,97.91999816894533,96.91999816894533,97.44000244140624,93.55909729003906,392900
2019-05-14,97.62999725341795,98.58000183105467,97.52999877929688,98.06999969482422,94.16399383544922,348200
2019-05-15,97.70999908447266,98.47000122070312,97.44000244140624,98.20999908447266,94.29841613769533,420000
2019-05-16,98.33999633789062,99.06999969482422,98.22000122070312,98.62000274658205,94.6920928955078,370800
2019-05-17,97.9499969482422,98.93000030517578,97.8000030517578,98.16000366210938,94.25041961669922,222500
2019-05-20,97.8499984741211,98.20999908447266,97.44000244140624,97.69000244140624,93.79913330078124,257700
2019-05-21,97.9800033569336,98.61000061035156,97.91999816894533,98.37000274658205,94.4520492553711,856800
2019-05-22,98.05999755859376,98.16999816894533,97.48999786376952,97.73999786376952,93.84713745117188,277400
2019-05-23,97.01000213623048,97.41999816894533,96.36000061035156,96.93000030517578,93.06940460205078,597700
2019-05-24,97.33999633789062,97.43000030517578,96.8000030517578,97.08000183105467,93.2134246826172,278900
2019-05-28,97.11000061035156,97.12000274658205,95.48999786376952,95.48999786376952,91.68675994873048,346500
2019-05-29,95.06999969482422,95.36000061035156,94.45999908447266,94.9000015258789,91.12025451660156,353900
2019-05-30,95.11000061035156,95.51000213623048,94.51000213623048,94.83999633789062,91.06263732910156,652500
2019-05-31,93.9499969482422,94.0,93.5,93.61000061035156,89.88163757324219,470700
2019-06-03,93.76000213623048,94.9800033569336,93.76000213623048,94.95999908447266,91.17786407470705,1159100
2019-06-04,95.63999938964844,96.8000030517578,95.5500030517578,96.7300033569336,92.87737274169922,910800
2019-06-05,97.0,97.33999633789062,96.36000061035156,97.12999725341795,93.26143646240234,307900
2019-06-06,97.20999908447266,97.9800033569336,96.9499969482422,97.63999938964844,93.75112915039062,581600
2019-06-07,97.95999908447266,98.45999908447266,97.6500015258789,97.6500015258789,93.76073455810548,231800
2019-06-10,98.11000061035156,98.3499984741211,97.5,97.62999725341795,93.74152374267578,320400
2019-06-11,98.12000274658205,98.5,97.6500015258789,97.83000183105467,93.93356323242188,229100
2019-06-12,97.73999786376952,98.0999984741211,97.73999786376952,97.9000015258789,94.00077056884766,249300
2019-06-13,98.29000091552734,98.62000274658205,98.12999725341795,98.52999877929688,94.6056671142578,546200
2019-06-14,98.55999755859376,98.75,98.1500015258789,98.4800033569336,94.55767822265624,691100
2019-06-17,97.66999816894533,97.97000122070312,97.25,97.27999877929688,94.24956512451172,350400
2019-06-18,97.75,98.36000061035156,97.6500015258789,97.97000122070312,94.91808319091795,794200
2019-06-19,98.05999755859376,98.5500030517578,97.97000122070312,98.18000030517578,95.1215362548828,354500
2019-06-20,98.87000274658205,99.1999969482422,98.23999786376952,99.04000091552734,95.95474243164062,566400
2019-06-21,99.19000244140624,99.55999755859376,98.81999969482422,99.38999938964844,96.2938461303711,372400
2019-06-24,99.41999816894533,99.4499969482422,98.87999725341795,98.9000015258789,95.8191146850586,467900
2019-06-25,98.93000030517578,99.01000213623048,98.37000274658205,98.41000366210938,95.34437561035156,310100
2019-06-26,98.5500030517578,98.70999908447266,98.02999877929688,98.08000183105467,95.02465057373048,331700
2019-06-27,98.2699966430664,98.72000122070312,98.26000213623048,98.6500015258789,95.576904296875,426000
2019-06-28,98.81999969482422,99.58000183105467,98.81999969482422,99.55999755859376,96.45854949951172,531600
2019-07-01,100.25,100.5999984741211,99.2699966430664,99.73999786376952,96.6329345703125,313200
2019-07-02,99.68000030517578,99.91999816894533,99.37000274658205,99.81999969482422,96.71044921875,364000
2019-07-03,99.9499969482422,100.6999969482422,99.9499969482422,100.62000274658205,97.48553466796876,257000
2019-07-05,100.2699966430664,100.77999877929688,99.83999633789062,100.70999908447266,97.57272338867188,414600
2019-07-08,100.5199966430664,100.83000183105467,100.19000244140624,100.41000366210938,97.28207397460938,304200
2019-07-09,100.05999755859376,100.3000030517578,99.9499969482422,100.23999786376952,97.11736297607422,391400
2019-07-10,100.5199966430664,100.79000091552734,100.26000213623048,100.37000274658205,97.24331665039062,457000
2019-07-11,100.4499969482422,100.55999755859376,99.91999816894533,100.4499969482422,97.32081604003906,481600
2019-07-12,100.58999633789062,101.1999969482422,100.54000091552734,101.13999938964844,97.98933410644533,319000
2019-07-15,101.47000122070312,101.47000122070312,100.7699966430664,101.0199966430664,97.8730697631836,856900
2019-07-16,100.87000274658205,101.13999938964844,100.7300033569336,100.86000061035156,97.71804809570312,387900
2019-07-17,100.86000061035156,100.87000274658205,100.18000030517578,100.2300033569336,97.10768127441406,267800
2019-07-18,100.19000244140624,100.80999755859376,99.88999938964844,100.68000030517578,97.54366302490234,336700
2019-07-19,100.86000061035156,100.98999786376952,100.31999969482422,100.31999969482422,97.1948699951172,227800
2019-07-22,100.4800033569336,100.7300033569336,99.7699966430664,100.02999877929688,96.91390228271484,331900
2019-07-23,100.2300033569336,100.66999816894533,100.05999755859376,100.58999633789062,97.45645904541016,227000
2019-07-24,100.4499969482422,101.45999908447266,100.4499969482422,101.37999725341795,98.22184753417967,218800
2019-07-25,101.08000183105467,101.26000213623048,100.63999938964844,100.87999725341795,97.7374267578125,272900
2019-07-26,100.95999908447266,101.38999938964844,100.68000030517578,101.2699966430664,98.1152801513672,208600
2019-07-29,101.27999877929688,101.4499969482422,100.97000122070312,101.13999938964844,97.98933410644533,206800
2019-07-30,100.6999969482422,101.06999969482422,100.47000122070312,101.06999969482422,97.9215087890625,437100
2019-07-31,101.0199966430664,101.33999633789062,99.61000061035156,100.27999877929688,97.15611267089844,372000
2019-08-01,100.27999877929688,100.95999908447266,98.93000030517578,99.25,96.158203125,404500
2019-08-02,99.0199966430664,99.22000122070312,98.51000213623048,98.76000213623048,95.68347930908205,286900
2019-08-05,97.62000274658205,97.8499984741211,95.68000030517578,96.43000030517578,93.42605590820312,649100
2019-08-06,96.94000244140624,97.37999725341795,95.95999908447266,97.20999908447266,94.18175506591795,344000
2019-08-07,96.37000274658205,97.33000183105467,95.5199966430664,97.02999877929688,94.00736236572266,1074700
2019-08-08,97.47000122070312,98.58000183105467,97.30999755859376,98.5500030517578,95.48001861572266,335700
2019-08-09,98.2300033569336,98.47000122070312,97.2699966430664,97.66000366210938,94.61773681640624,229500
2019-08-12,97.3000030517578,97.3499984741211,96.26000213623048,96.52999877929688,93.52294158935548,322900
2019-08-13,96.36000061035156,98.33999633789062,96.22000122070312,97.69000244140624,94.64680480957033,435900
2019-08-14,96.4000015258789,96.4000015258789,95.0500030517578,95.0999984741211,92.13748168945312,771500
2019-08-15,95.37000274658205,95.70999908447266,94.62000274658205,95.26000213623048,92.2925033569336,434400
2019-08-16,95.62999725341795,96.87999725341795,95.62999725341795,96.69000244140624,93.6779556274414,391800
2019-08-19,97.54000091552734,98.08999633789062,97.11000061035156,97.76000213623048,94.7146224975586,522400
2019-08-20,97.61000061035156,97.6500015258789,96.8000030517578,96.87999725341795,93.86203002929688,302900
2019-08-21,97.68000030517578,97.9000015258789,97.44000244140624,97.80999755859376,94.7630615234375,336200
2019-08-22,98.08000183105467,98.3499984741211,97.58999633789062,98.06999969482422,95.01496124267578,263200
2019-08-23,97.72000122070312,98.0999984741211,95.27999877929688,95.7699966430664,92.78661346435548,543800
2019-08-26,96.33999633789062,96.58000183105467,95.97000122070312,96.48999786376952,93.48418426513672,718900
2019-08-27,96.9499969482422,97.11000061035156,95.6500015258789,95.75,92.7672348022461,564300
2019-08-28,95.69000244140624,96.66000366210938,95.5199966430664,96.62000274658205,93.61013793945312,333200
2019-08-29,97.31999969482422,97.7300033569336,97.0,97.66000366210938,94.61773681640624,270000
2019-08-30,97.91000366210938,98.5199966430664,97.76000213623048,97.9499969482422,94.89869689941406,365100
2019-09-03,97.48999786376952,97.83000183105467,96.91999816894533,97.7300033569336,94.68556213378906,988400
2019-09-04,98.41999816894533,98.83999633789062,98.33999633789062,98.83999633789062,95.76097106933594,297200
2019-09-05,99.27999877929688,100.05999755859376,99.2300033569336,99.66999816894533,96.56511688232422,291700
2019-09-06,99.83999633789062,100.0999984741211,99.69000244140624,99.86000061035156,96.74919891357422,335800
2019-09-09,100.30999755859376,100.91000366210938,100.11000061035156,100.87000274658205,97.7277374267578,389700
2019-09-10,100.7699966430664,101.9000015258789,100.7699966430664,101.87000274658205,98.69659423828124,410800
2019-09-11,102.0,103.22000122070312,101.63999938964844,103.22000122070312,100.0045394897461,482000
2019-09-12,103.44000244140624,103.52999877929688,102.52999877929688,103.22000122070312,100.0045394897461,638600
2019-09-13,103.27999877929688,103.77999877929688,102.9800033569336,103.0500030517578,99.83982849121094,1649700
2019-09-16,102.97000122070312,103.02999877929688,102.5199966430664,102.93000030517578,99.72357177734376,311600
2019-09-17,102.81999969482422,102.83000183105467,102.47000122070312,102.83000183105467,99.6266860961914,482100
2019-09-18,102.6500015258789,102.8000030517578,102.06999969482422,102.8000030517578,99.59762573242188,314000
2019-09-19,102.95999908447266,103.02999877929688,102.19000244140624,102.33000183105467,99.14225769042967,279700
2019-09-20,102.36000061035156,102.75,101.91999816894533,102.04000091552734,98.86128997802734,314200
2019-09-23,101.69000244140624,102.62000274658205,101.66999816894533,102.37000274658205,99.18101501464844,377400
2019-09-24,101.73999786376952,101.87999725341795,100.62999725341795,101.06999969482422,98.8445816040039,423000
2019-09-25,101.08999633789062,101.7699966430664,100.9800033569336,101.61000061035156,99.37269592285156,355300
2019-09-26,101.66000366210938,101.95999908447266,101.18000030517578,101.72000122070312,99.48027801513672,388300
2019-09-27,101.93000030517578,102.26000213623048,101.1999969482422,101.66000366210938,99.42160034179688,360000
2019-09-30,101.87000274658205,102.18000030517578,101.87000274658205,101.9499969482422,99.70520782470705,686300
2019-10-01,102.26000213623048,102.38999938964844,100.5,100.66999816894533,98.45339965820312,682200
2019-10-02,100.11000061035156,100.2699966430664,98.27999877929688,98.73999786376952,96.5658950805664,879000
2019-10-03,98.6500015258789,99.20999908447266,97.5500030517578,99.20999908447266,97.0255355834961,386500
2019-10-04,99.37000274658205,100.41999816894533,99.11000061035156,100.41000366210938,98.19912719726562,1246000
2019-10-07,100.23999786376952,100.58000183105467,99.80999755859376,99.88999938964844,97.69056701660156,356700
2019-10-08,99.3000030517578,99.3000030517578,98.25,98.25,96.08667755126952,334100
2019-10-09,98.91000366210938,99.36000061035156,98.61000061035156,99.01000213623048,96.82994842529295,272700
2019-10-10,99.0,100.0199966430664,98.9499969482422,99.76000213623048,97.5634307861328,324500
2019-10-11,100.70999908447266,101.61000061035156,100.70999908447266,100.8000030517578,98.58053588867188,450100
2019-10-14,100.75,100.77999877929688,100.41999816894533,100.41999816894533,98.20890045166016,298100
2019-10-15,100.66000366210938,101.29000091552734,100.5,101.0,98.776123046875,267600
2019-10-16,101.0,101.29000091552734,100.8000030517578,100.93000030517578,98.7076644897461,225500
2019-10-17,101.12000274658205,101.31999969482422,100.72000122070312,101.18000030517578,98.95216369628906,256500
2019-10-18,100.87999725341795,101.66999816894533,100.81999969482422,101.41000366210938,99.1771011352539,333400
2019-10-21,101.8000030517578,102.3499984741211,101.8000030517578,102.05999755859376,99.8127899169922,451400
2019-10-22,102.23999786376952,102.83000183105467,101.8000030517578,102.41000366210938,100.15509033203124,1058600
2019-10-23,102.3000030517578,102.91000366210938,102.16999816894533,102.83000183105467,100.56583404541016,406800
2019-10-24,103.0,103.0199966430664,102.22000122070312,102.52999877929688,100.2724380493164,291900
2019-10-25,102.45999908447266,102.86000061035156,102.2300033569336,102.70999908447266,100.44847106933594,268300
2019-10-28,102.91999816894533,103.4000015258789,102.77999877929688,102.80999755859376,100.54627227783205,227900
2019-10-29,102.62999725341795,103.12999725341795,102.56999969482422,102.9499969482422,100.68318939208984,364900
2019-10-30,103.06999969482422,103.06999969482422,102.3000030517578,102.83999633789062,100.57560729980467,310000
2019-10-31,102.63999938964844,102.63999938964844,101.43000030517578,102.08999633789062,99.84212493896484,2143200
2019-11-01,102.51000213623048,103.31999969482422,102.51000213623048,103.27999877929688,101.00592803955078,444100
2019-11-04,103.6999969482422,104.04000091552734,103.66000366210938,103.91000366210938,101.62206268310548,929100
2019-11-05,103.93000030517578,104.37000274658205,103.73999786376952,103.9499969482422,101.66117095947266,631400
2019-11-06,103.95999908447266,104.0199966430664,103.37999725341795,103.5999984741211,101.31887817382812,343300
2019-11-07,104.22000122070312,104.45999908447266,103.73999786376952,103.9000015258789,101.6122817993164,436300
2019-11-08,103.76000213623048,104.16000366210938,103.3499984741211,104.16000366210938,101.8665542602539,317400
2019-11-11,103.72000122070312,103.75,103.48999786376952,103.5999984741211,101.31887817382812,292100
2019-11-12,103.7300033569336,103.88999938964844,103.31999969482422,103.62000274658205,101.33844757080078,287200
2019-11-13,103.33999633789062,103.68000030517578,103.05999755859376,103.4800033569336,101.20152282714844,344600
2019-11-14,103.4800033569336,103.8000030517578,103.33000183105467,103.54000091552734,101.26020050048828,1142400
2019-11-15,103.91999816894533,103.9800033569336,103.55999755859376,103.95999908447266,101.67095184326172,375700
2019-11-18,103.9499969482422,104.12000274658205,103.70999908447266,103.8499984741211,101.5633773803711,337600
2019-11-19,103.83999633789062,103.83999633789062,102.94000244140624,103.08999633789062,100.82010650634766,457000
2019-11-20,103.0999984741211,103.19000244140624,102.47000122070312,103.01000213623048,100.74187469482422,459900
2019-11-21,103.02999877929688,103.11000061035156,102.58000183105467,102.95999908447266,100.6929702758789,319200
2019-11-22,103.16999816894533,103.38999938964844,103.01000213623048,103.31999969482422,101.0450439453125,304700
2019-11-25,103.63999938964844,103.83000183105467,103.48999786376952,103.75,101.465576171875,354900
2019-11-26,103.7300033569336,103.86000061035156,103.47000122070312,103.6500015258789,101.36778259277344,927600
2019-11-27,103.87000274658205,104.1999969482422,103.6999969482422,104.16999816894533,101.87633514404295,397000
2019-11-29,104.0500030517578,104.22000122070312,103.62999725341795,103.73999786376952,101.45579528808594,222700
2019-12-02,103.86000061035156,104.0,103.12000274658205,103.19000244140624,100.91790771484376,529100
2019-12-03,102.54000091552734,102.54000091552734,101.83999633789062,102.41999816894533,100.16486358642578,654600
2019-12-04,102.66000366210938,103.38999938964844,102.5,102.98999786376952,100.72230529785156,493900
2019-12-05,103.23999786376952,103.23999786376952,102.79000091552734,103.16000366210938,100.8885726928711,564600
2019-12-06,103.55999755859376,104.22000122070312,103.55999755859376,103.87000274658205,101.58293914794922,507600
2019-12-09,103.80999755859376,104.0,103.61000061035156,103.62000274658205,101.33844757080078,491500
2019-12-10,103.61000061035156,103.88999938964844,103.27999877929688,103.5999984741211,101.31887817382812,1087400
2019-12-11,103.7699966430664,103.98999786376952,103.54000091552734,103.7699966430664,101.48513793945312,611100
2019-12-12,103.93000030517578,105.0500030517578,103.76000213623048,104.80999755859376,102.50223541259766,1093500
2019-12-13,104.91999816894533,105.23999786376952,104.33999633789062,104.66999816894533,102.36531829833984,694000
2019-12-16,104.38999938964844,104.72000122070312,104.1500015258789,104.61000061035156,103.18500518798828,893800
2019-12-17,104.8000030517578,105.0999984741211,104.5999984741211,104.87000274658205,103.44146728515624,564100
2019-12-18,105.01000213623048,105.2699966430664,104.68000030517578,105.13999938964844,103.7077865600586,558100
2019-12-19,105.2300033569336,105.5199966430664,105.0,105.13999938964844,103.7077865600586,456500
2019-12-20,105.54000091552734,105.95999908447266,105.4000015258789,105.76000213623048,104.31934356689452,2190600
2019-12-23,105.98999786376952,106.0,105.43000030517578,105.56999969482422,104.13192749023438,576100
2019-12-24,105.69000244140624,105.8499984741211,105.33000183105467,105.4499969482422,104.01355743408205,171100
2019-12-26,105.54000091552734,105.70999908447266,105.36000061035156,105.62999725341795,104.19110870361328,254400
2019-12-27,105.75,105.75,105.41000366210938,105.5500030517578,104.1122055053711,360000
2019-12-30,105.58000183105467,105.58000183105467,105.08000183105467,105.23999786376952,103.8064193725586,468600
2019-12-31,105.20999908447266,105.6999969482422,105.0999984741211,105.66000366210938,104.220703125,448400
2020-01-02,106.05999755859376,106.26000213623048,104.79000091552734,105.33999633789062,103.90505981445312,586600
2020-01-03,104.44000244140624,104.91999816894533,104.44000244140624,104.66999816894533,103.2441864013672,571800
2020-01-06,104.20999908447266,104.69000244140624,104.13999938964844,104.66000366210938,103.2343292236328,736900
2020-01-07,104.41999816894533,104.69000244140624,104.1500015258789,104.52999877929688,103.10609436035156,364900
2020-01-08,104.66999816894533,105.1500015258789,104.33999633789062,104.72000122070312,103.29351043701172,679000
2020-01-09,105.05999755859376,105.22000122070312,104.7300033569336,105.16999816894533,103.73737335205078,457400
2020-01-10,105.41000366210938,105.5500030517578,104.91000366210938,104.97000122070312,103.54010009765624,606700
2020-01-13,105.20999908447266,105.73999786376952,105.02999877929688,105.66999816894533,104.23056030273438,765100
2020-01-14,105.58999633789062,105.94000244140624,105.47000122070312,105.87999725341795,104.4376983642578,550700
2020-01-15,105.76000213623048,106.3000030517578,105.54000091552734,105.97000122070312,104.52648162841795,751700
2020-01-16,106.3000030517578,106.94000244140624,106.29000091552734,106.87999725341795,105.42407989501952,606200
2020-01-17,107.08999633789062,107.36000061035156,106.63999938964844,107.3000030517578,105.83836364746094,449100
2020-01-21,107.05999755859376,107.33000183105467,106.44000244140624,106.87999725341795,105.42407989501952,713200
2020-01-22,107.12000274658205,107.33999633789062,106.81999969482422,106.91999816894533,105.46353912353516,342500
2020-01-23,106.69000244140624,107.3000030517578,106.11000061035156,107.20999908447266,105.74958801269533,487000
2020-01-24,107.30999755859376,107.30999755859376,105.83999633789062,106.36000061035156,104.91116333007812,560700
2020-01-27,105.0199966430664,105.33000183105467,104.79000091552734,104.83999633789062,103.411865234375,736000
2020-01-28,105.16000366210938,105.88999938964844,105.11000061035156,105.62999725341795,104.19110870361328,620200
2020-01-29,105.9000015258789,105.9800033569336,105.13999938964844,105.16000366210938,103.7275161743164,560800
2020-01-30,104.54000091552734,105.4499969482422,103.9800033569336,105.41000366210938,103.97411346435548,542600
2020-01-31,105.0500030517578,105.08000183105467,103.4499969482422,103.76000213623048,102.34658813476562,816800
2020-02-03,104.1500015258789,104.91999816894533,104.08000183105467,104.1999969482422,102.78058624267578,657900
2020-02-04,105.37999725341795,105.58999633789062,104.88999938964844,104.91999816894533,103.49077606201172,495200
2020-02-05,105.43000030517578,106.41999816894533,105.36000061035156,106.3499984741211,104.90129852294922,505700
2020-02-06,106.55999755859376,106.73999786376952,106.1500015258789,106.16000366210938,104.7138900756836,352300
2020-02-07,105.91000366210938,105.91999816894533,105.25,105.41000366210938,103.97411346435548,534300
2020-02-10,105.19000244140624,105.81999969482422,105.0500030517578,105.7699966430664,104.3292007446289,445500
2020-02-11,106.0999984741211,106.7300033569336,105.79000091552734,106.33999633789062,104.89143371582033,350500
2020-02-12,106.76000213623048,107.02999877929688,106.62000274658205,106.7300033569336,105.27613067626952,450200
2020-02-13,106.37999725341795,106.51000213623048,105.87000274658205,106.41000366210938,104.96048736572266,640600
2020-02-14,106.48999786376952,106.48999786376952,105.80999755859376,106.16000366210938,104.7138900756836,418000
2020-02-18,105.83000183105467,106.0500030517578,105.33000183105467,105.81999969482422,104.37852478027344,371400
2020-02-19,105.81999969482422,106.27999877929688,105.68000030517578,105.91999816894533,104.47715759277344,284200
2020-02-20,105.8000030517578,106.44000244140624,105.4800033569336,106.2300033569336,104.7829360961914,405100
2020-02-21,105.81999969482422,106.0,105.3000030517578,105.5,104.06288146972656,684200
2020-02-24,103.1500015258789,103.55999755859376,102.43000030517578,102.69000244140624,101.2911605834961,1047600
2020-02-25,103.01000213623048,103.11000061035156,99.11000061035156,99.26000213623048,97.90788269042967,1243900
2020-02-26,99.66999816894533,100.5999984741211,98.12999725341795,98.12999725341795,96.79327392578124,987200
2020-02-27,96.48999786376952,97.66000366210938,93.6999969482422,93.7699966430664,92.49266052246094,1778500
2020-02-28,91.31999969482422,92.4499969482422,89.47000122070312,92.16000366210938,90.90460205078124,3457500
2020-03-02,92.58999633789062,96.37000274658205,91.80999755859376,96.37000274658205,95.0572509765625,1359400
2020-03-03,96.51000213623048,98.08000183105467,93.31999969482422,94.0500030517578,92.76885223388672,1742000
2020-03-04,95.61000061035156,97.73999786376952,94.87000274658205,97.70999908447266,96.37899780273438,816900
2020-03-05,95.18000030517578,96.19000244140624,93.7699966430664,94.62000274658205,93.33109283447266,895000
2020-03-06,91.7699966430664,93.41000366210938,90.75,92.79000091552734,91.52601623535156,1275900
2020-03-09,85.44000244140625,87.55999755859375,83.73999786376953,84.44999694824219,83.29962158203125,2005700
2020-03-10,87.3499984741211,87.7300033569336,83.25,87.58000183105469,86.3869857788086,2937400
2020-03-11,85.2300033569336,85.66000366210938,81.66000366210938,82.66999816894531,81.54386901855469,1769000
2020-03-12,76.4000015258789,78.87999725341797,73.94999694824219,73.94999694824219,72.9426498413086,3426800
2020-03-13,78.0,80.20999908447266,74.02999877929688,80.13999938964844,79.04833221435547,2110300
2020-03-16,65.5,76.31999969482422,65.5,71.25,70.27943420410156,3630500
2020-03-17,72.51000213623047,76.75,70.08999633789062,76.16000366210938,75.12255096435547,2610300
2020-03-18,71.62999725341797,73.37999725341797,68.05999755859375,71.0,70.0328369140625,2576400
2020-03-19,70.08999633789062,72.0,67.69000244140625,70.5999984741211,69.6382827758789,2243100
2020-03-20,70.70999908447266,71.13999938964844,66.16000366210938,66.38999938964844,65.48563385009766,1949800
2020-03-23,65.5,65.5999984741211,61.88999938964844,62.66999816894531,61.81630706787109,2961900
2020-03-24,65.97000122070312,69.62000274658203,65.91000366210938,69.5199966430664,68.572998046875,1990100
2020-03-25,69.41000366210938,73.41999816894531,66.94999694824219,70.1500015258789,70.1500015258789,1728600
2020-03-26,70.44999694824219,75.62000274658203,70.44999694824219,74.97000122070312,74.97000122070312,2421100
2020-03-27,72.41000366210938,75.8499984741211,72.06999969482422,73.54000091552734,73.54000091552734,2860400
2020-03-30,73.75,75.72000122070312,72.81999969482422,75.3499984741211,75.3499984741211,1465700
2020-03-31,75.2699966430664,75.33000183105469,72.83000183105469,73.54000091552734,73.54000091552734,1535600
2020-04-01,71.01000213623047,71.12000274658203,68.81999969482422,69.69999694824219,69.69999694824219,1309100
2020-04-02,55.960627480495845,58.6088401431828,55.960627480495845,57.53173828125,,1296300
2020-04-03,57.20779744388973,57.93666360239109,55.660987320697735,56.179290771484375,,1244300
2020-04-06,58.07433758574112,60.73064436055114,58.07433758574112,60.171852111816406,,1392700
2020-04-07,62.60949321357296,63.07110740516296,60.69824697293187,60.75493621826172,,1277000
2020-04-08,61.346136320121694,63.96195448842399,60.98170629859689,63.5084342956543,,1682200
2020-04-09,64.66650948396085,66.73162907922382,64.39116349987994,65.7274169921875,,1762500
2020-04-13,65.2819992750936,65.50065602392725,63.37075306534717,64.10771942138672,,1814800
2020-04-14,65.3710778417028,65.87318077101673,64.60171681276941,65.43586730957031,,1065100
2020-04-15,63.46793841252835,63.67849493631485,62.33414732527713,62.83625030517578,,2008300
2020-04-16,62.990117563215584,63.15209123326238,61.69435909615992,62.374629974365234,,1181700
2020-04-17,63.9133294062576,65.21718776587635,63.75136195656398,64.94993591308594,,1210900
2020-04-20,63.71898029342031,64.447846323785,62.933425026175215,63.103492736816406,,1316500
2020-04-21,61.491886485536206,62.43940912881171,61.20034010627256,61.61336517333984,,963700
2020-04-22,62.65807885509824,62.94962526624643,62.03449107288439,62.4961051940918,,943900
2020-04-23,62.544725864283386,63.443653789799306,62.236978872317685,62.317962646484375,,1074700
2020-04-24,62.585190018764486,63.362645066236055,62.09118115860076,63.03870391845703,,957800
2020-04-27,63.31406340161139,64.95805765737872,63.26547438633999,64.69890594482422,,1160700
2020-04-28,65.80028533935547,66.51295082086627,65.29008227427347,65.80028533935547,,1033200
2020-04-29,67.13656145707004,67.922116889742,66.6101577588055,67.15275573730469,,900800
2020-04-30,66.4805772192349,66.4805772192349,65.02285106490375,65.3062973022461,,875200
2020-05-01,64.26157815765603,64.26157815765603,62.77955159235839,63.103492736816406,,714100
2020-05-04,62.5608961632023,63.19257800966206,62.050693020753314,63.12778854370117,,1192900
2020-05-05,63.72707723898356,64.26157484794678,63.10348948675285,63.11968994140625,,691600
2020-05-06,63.39504869765674,63.573216662877854,61.67007064819336,61.67007064819336,,933800
2020-05-07,62.47992001929403,63.22498043247261,62.083095304680434,62.18837356567383,,1051200
2020-05-08,63.06302427784568,64.45596114416925,63.06302427784568,64.26969909667969,,745000
2020-05-11,63.6379899035672,63.96193101418236,62.78764526053524,63.46792221069336,,894200
2020-05-12,63.67849306152824,63.98623996651076,62.16407775878906,62.16407775878906,,707900
2020-05-13,61.89681309211279,61.945402097155736,60.00986179988172,60.47957611083984,,1603200
2020-05-14,59.742634112019104,61.25705589541797,58.633143523082246,61.23276138305664,,1206800
2020-05-15,60.601051781799455,61.14364957327933,60.10704299294088,60.79541397094727,,786800
2020-05-18,62.71477035723473,64.3182694978097,62.71477035723473,63.905250549316406,,1417600
2020-05-19,63.81615553751551,63.81615553751551,62.73905400923234,62.74715423583984,,898100
2020-05-20,63.48414196951381,64.27779770017565,63.4598474577314,63.89716720581055,,593300
2020-05-21,63.7675642950726,64.26157311137872,63.37073966807133,63.61369705200195,,624700
2020-05-22,63.54080908442141,63.71897701363572,63.06300070940405,63.67848205566406,,622900
2020-05-26,65.27389122449819,66.17282497723862,65.27389122449819,65.53304290771484,,847100
2020-05-27,66.83690206812355,67.27422169543041,66.09994197336343,67.12844848632812,,726900
2020-05-28,67.71964752858942,67.80063127886983,66.73162971064164,66.90979766845703,,790700
2020-05-29,66.52106225306149,67.06366013761254,65.74360718445169,66.85310363769531,,762800
2020-06-01,66.52916050214665,67.62245646677499,66.5129600465342,67.29851531982422,,605000
2020-06-02,67.75205239394415,68.25415542794991,67.62247343119105,68.20556640625,,603900
2020-06-03,68.80484634702836,70.15729418898108,68.7157623642732,69.87384796142578,,1120500
2020-06-04,69.66326791163621,70.21396595032618,69.16926528300378,70.17347717285156,,599900
2020-06-05,72.32768468396898,73.36429145404655,72.08473344773039,72.33578491210938,,966100
2020-06-08,72.943168109098,74.32801046623925,72.943168109098,74.255126953125,,975100
2020-06-09,73.12134373889963,73.20232748821218,72.1009311973021,72.52205657958984,,629000
2020-06-10,72.50584859027128,72.50584859027128,70.86185455322266,70.86185455322266,,862600
2020-06-11,68.33510916325378,68.70763924947823,65.9946442402668,66.3023910522461,,1220400
2020-06-12,68.10836631783765,68.30272853802418,65.67881694018354,67.09605407714844,,1108100
2020-06-15,65.50144491625335,68.04463514782711,64.87995628940128,67.66029357910156,,1132500
2020-06-16,69.7946127045685,70.12171231885166,67.97921577225777,68.91144561767578,,1149500
2020-06-17,69.01776700051917,69.0586505591611,67.88927347279895,68.04464721679688,,652900
2020-06-18,67.5212727500948,68.24906603770499,67.35772608010136,68.00374603271484,,610900
2020-06-19,68.8869151802368,69.04228890289949,67.07969742927405,67.28413391113281,,1090700
2020-06-22,67.055166049676,67.52946018492587,66.35190405296933,67.28413391113281,,770900
2020-06-23,67.93834528444286,68.34721832119722,67.15330980254336,67.17784118652344,,738100
2020-06-24,66.39280482310696,66.4009777917202,64.34843966647878,64.85543823242188,,1167600
2020-06-25,64.54470668557882,65.52599961283606,64.02134962585384,65.46875762939453,,826900
2020-06-26,64.96172864318794,64.96172864318794,63.268995079064034,63.59608840942383,,1300200
2020-06-29,64.16852909797691,65.20706376443795,63.88231924807874,65.11711120605469,,534900
2020-06-30,64.82271801110615,66.34372596078734,64.72459249106635,66.00845336914062,,761300
2020-07-01,66.23741257151485,66.53180157094513,65.29700361438506,65.45237731933594,,588000
2020-07-02,66.45003905353177,67.21054305272098,65.6731766412079,65.77948760986328,,780500
2020-07-06,66.69535295230662,67.24324744149251,65.7140603775097,66.1883544921875,,639700
2020-07-07,65.46872928345421,65.58321320076928,64.91266186839293,65.10074615478516,,756000
2020-07-08,64.98627322062254,65.41967758640743,64.4138472983975,65.06804656982422,,749400
2020-07-09,64.80635903577775,64.83906961866008,62.8274155631898,63.31806182861328,,770600
2020-07-10,63.28537320663897,65.41151192054436,63.28537320663897,65.3706283569336,,863400
2020-07-13,65.88579872163973,66.55635023026119,65.11711544142469,65.64047241210938,,991300
2020-07-14,65.37878527398868,66.45820966302915,65.02715427095016,66.28648376464844,,1133300
2020-07-15,67.14512249889884,67.9710476804509,67.09605973685443,67.6766586303711,,1007400
2020-07-16,67.34138561480417,68.5516525075448,67.13694910338162,68.03646850585938,,682900
2020-07-17,68.1836660698348,68.5352971346443,67.69301966842578,67.8729248046875,,582100
2020-07-20,67.58670550912154,67.74207300059915,66.76078033447266,66.76078033447266,,758100
2020-07-21,67.26777442151706,68.51892455618997,67.07151092826614,68.12640380859375,,751600
2020-07-22,67.69300764247592,68.60888533759535,67.34137664013517,68.55164337158203,,588300
2020-07-23,68.47805967764661,69.39393759591863,68.47805967764661,68.96053314208984,,931100
2020-07-24,68.9114502338682,69.4348133951237,68.33903054970746,68.52711486816406,,650800
2020-07-27,68.347208107956,68.347208107956,67.7420716119728,68.25725555419922,,545500
2020-07-28,68.02011583383029,68.5843625976904,67.98740524357245,68.04464721679688,,496100
2020-07-29,68.093704289933,69.13224516734645,67.78296306682302,69.01776123046875,,594600
2020-07-30,68.12640380859375,68.21635634994068,67.25141601096,68.12640380859375,,607400
2020-07-31,67.83202826041031,67.93833923339844,66.91615673255495,67.93833923339844,,541400
2020-08-03,67.97922429450269,68.22455059569705,67.43951516634486,67.8565673828125,,763300
2020-08-04,67.6194176703068,68.29814209803627,67.58670708215372,68.15094757080078,,659100
2020-08-05,68.35539658083722,68.94417479756194,68.3390444032206,68.46988677978516,,675200
2020-08-06,68.29814561933064,68.89510296581528,68.22455147137194,68.41263580322266,,479400
2020-08-07,68.11009346984311,69.57386016845703,67.93836748695448,69.57386016845703,,931400
2020-08-10,69.59836095320141,70.71867519335777,69.59836095320141,70.69413757324219,,881700
2020-08-11,71.52006415409564,72.42776270994348,70.59601342342563,70.75138092041016,,908300
2020-08-12,71.28293078369265,71.6999830693425,70.53878502740012,70.91494750976562,,685900
2020-08-13,70.57964644078619,70.71048877910563,69.94998484461566,70.19530487060547,,867200
2020-08-14,69.8109806219515,70.78409415233497,69.68013826286061,70.45700073242188,,559100
2020-08-17,70.34252159959398,70.42430120632692,69.89276495710304,69.99089050292969,,555700
2020-08-18,69.9908719402557,70.03176173277757,69.30396834601453,69.3939208984375,,599900
2020-08-19,69.38574744860885,69.96634636493044,69.16495877183013,69.34486389160156,,967400
2020-08-20,68.71520787593364,68.95235500772179,68.4126457938206,68.45352935791016,,620700
2020-08-21,68.27363400754088,68.50260196381589,67.93836128268357,68.22457122802734,,1069600
2020-08-24,68.57616975171699,70.01540424228563,68.36355407678043,70.0072250366211,,970100
2020-08-25,70.26073137646871,70.50605765999853,69.28761792665527,69.58200073242188,,659000
2020-08-26,69.39393229839929,69.52476842593134,68.73155997529484,69.00141143798828,,696000
2020-08-27,69.08317012273655,69.90908891495036,69.08317012273655,69.4838638305664,,776100
2020-08-28,69.74555893901636,70.08083156367957,69.32032751394713,70.03176879882812,,543800
2020-08-31,70.15443271598416,70.15443271598416,69.21402353298403,69.25491333007812,,781100
2020-09-01,68.91145052740995,69.26308154600844,68.51893595342963,69.23037719726562,,685300
2020-09-02,69.2630897154158,70.76774573022853,69.10772220438893,70.55513000488281,,790300
2020-09-03,70.76773359002955,71.74902621128737,69.1649523145584,69.68013000488281,,930000
2020-09-04,70.27710290155177,70.68597595778344,68.96053116137314,69.89276123046875,,870700
2020-09-08,69.4593389469375,69.5492914953148,68.20000950856132,68.576171875,,942000
2020-09-09,69.04229635619089,69.65560586797551,68.76425946661689,69.11589050292969,,886100
2020-09-10,69.18129578225977,69.45933260793527,67.90561428737546,68.00374603271484,,792700
2020-09-11,68.24091383223127,68.83787126781563,67.94652471864282,68.66614532470703,,869300
2020-09-14,69.10772720881127,70.12173066334621,69.03412681286255,69.81098937988281,,547300
2020-09-15,69.92546859820392,70.21985768422414,69.30397983450483,69.35304260253906,,949900
2020-09-16,69.51660219854445,71.03761054191152,69.45118100898053,70.21168518066406,,609200
2020-09-17,69.50023598807415,70.21985651476436,68.91963703334466,69.99906158447266,,503000
2020-09-18,69.99906630672061,70.06448749336174,68.96053148415055,69.18132019042969,,466000
2020-09-21,68.00375292240406,68.29813571043604,66.41732385933798,67.22689056396484,,847700
2020-09-22,67.21871395936171,67.90562379510321,66.63811508901591,66.98974609375,,537700
2020-09-23,67.1519004393169,67.66482841331936,65.49730140139285,65.54694366455078,,1379900
2020-09-24,65.48075588913078,66.61415215076603,64.73618508584843,65.77030944824219,,616100
2020-09-25,65.43112570658322,66.78790292736139,65.1912143645981,66.60589599609375,,609200
2020-09-28,67.35045432142954,68.1694790469272,67.25945087284155,67.78064727783203,,657600
2020-09-29,67.79719341889653,67.83856091978491,66.68034032464921,67.12708282470703,,558200
2020-09-30,67.38353232699085,68.12810303522475,67.04434286155804,67.45799255371094,,863400
2020-10-01,67.54072441228513,67.85509592088881,66.79615366896722,67.28426361083984,,549100
2020-10-02,66.28323837368723,68.67413342956702,66.2335961115462,68.31011962890625,,752600
2020-10-05,68.7982251886874,69.80752521426984,68.7982251886874,69.69170379638672,,577300
2020-10-06,70.0888234749374,71.2387694197863,69.35252733217214,69.47662353515625,,656000
2020-10-07,70.08883004825333,70.9740404552604,70.08883004825333,70.70930480957031,,608300
2020-10-08,71.09813556944957,72.00816394293689,71.01540055311798,71.94197845458984,,464500
2020-10-09,72.37215711618921,72.60379994735068,71.53658292224783,71.6275863647461,,516000
2020-10-12,71.85923712260447,72.29770486021172,71.60277629007068,72.10742950439453,,467600
2020-10-13,71.75170800980291,71.88407268382278,70.84994802637131,71.13123321533203,,639600
2020-10-14,71.11466219974518,71.73513680674694,70.92438685486934,71.0236587524414,,501900
2020-10-15,70.30392403343032,71.52004916511468,70.16327830196893,71.47041320800781,,475400
2020-10-16,71.59451347942002,71.95025258641532,71.11467816081324,71.43732452392578,,866800
2020-10-19,71.73513233551441,71.92541398032414,70.61827937488324,70.75891876220703,,420600
2020-10-20,71.1477585178029,71.75995839356062,70.91611566274833,71.05675506591797,,743800
2020-10-21,70.95746477851695,71.32975328519268,70.7340967239462,70.88301086425781,,399600
2020-10-22,71.05676526695783,72.29771472158411,70.78375487210917,72.23152923583984,,606000
2020-10-23,72.44662969687924,72.81064356063817,71.98334391521907,72.46317291259766,,444400
2020-10-26,71.52830738421443,71.71858902877094,70.46936513223135,71.12293243408203,,687800
2020-10-27,70.96577626951859,70.96577626951859,69.74137609261243,69.75791931152344,,656900
2020-10-28,68.35976172371834,69.07951462741177,67.53246214734214,67.5738296508789,,831800
2020-10-29,67.42491638461905,69.02160484104564,66.771348953046,68.55831909179688,,738700
2020-10-30,68.17776690468091,68.70723817355127,67.5986533649946,68.6658706665039,,801100
2020-11-02,69.30287717402398,70.56865072620408,68.83131670580586,70.3700942993164,,700900
2020-11-03,71.180858638064,72.07434372461844,71.180858638064,71.602783203125,,1087300
2020-11-04,71.21392928695255,71.56139349777614,69.69996996748716,70.00607299804688,,1134800
2020-11-05,70.49418521542775,72.19015160875612,70.34527106229748,71.61103820800781,,854100
2020-11-06,71.768240590309,71.95024751293245,70.41974450910044,70.66793060302734,,465900
2020-11-09,74.68860198496458,76.82303632796007,74.30804495131179,75.26771545410156,,1575200
2020-11-10,75.60690536428135,76.76512599655946,75.3587129745808,76.66584777832031,,837700
2020-11-11,76.93058953361002,76.93058953361002,75.60691141021294,76.02056121826172,,1754200
2020-11-12,75.07744096668897,75.17671919393253,73.49729565332063,74.30805206298828,,2419500
2020-11-13,74.63894594156174,76.16944842697082,74.63894594156174,75.9626235961914,,677200
2020-11-16,77.68343560554842,78.08881065217722,77.04641136333656,78.08053588867188,,900500
2020-11-17,77.3028746019163,78.15499215752148,76.78167182813438,77.9316177368164,,1354400
2020-11-18,78.13846322934812,78.54384467399507,76.715512881739,76.75687408447266,,1365800
2020-11-19,76.4838287460318,76.83129929890322,75.88817846638155,76.7651138305664,,608700
2020-11-20,76.707206835874,76.83957146715959,76.14464295137387,76.34319305419922,,461100
2020-11-23,77.13741307887071,78.20463032225312,76.8974954370131,77.98126220703125,,597000
2020-11-24,79.13947957031218,80.5955222630303,79.09811206726442,80.55416107177734,,607800
2020-11-25,80.12394678477192,80.12394678477192,79.35455807918885,79.73511505126953,,414300
2020-11-27,79.80131829291277,79.80131829291277,78.96574393343899,79.14775085449219,,244200
2020-11-30,78.80855329993128,78.89128198879288,77.42695831758554,77.65860748291016,,702600
2020-12-01,78.70099055716715,79.42901807710906,78.56035117237604,78.63481140136719,,550400
2020-12-02,78.45281506774448,79.37111804072278,78.21289744931106,79.26356506347656,,658400
2020-12-03,79.31321394950756,79.90886435227932,79.0484783332329,79.48694610595703,,750500
2020-12-04,79.88404496959886,80.74443728530906,79.88404496959886,80.6948013305664,,707100
2020-12-07,80.34733275582319,80.48797216132002,79.69376536865057,80.15705108642578,,759100
2020-12-08,79.75167553722495,80.59551827622172,79.48693994148141,80.40524291992188,,635500
2020-12-09,80.82716875933961,81.14981509984925,80.06605463874224,80.49625396728516,,574100
2020-12-10,80.14877533169704,80.48797116500842,79.97504318968186,80.38042449951172,,433100
2020-12-11,79.75168424729992,80.13224131325663,79.38767039647388,79.90886688232422,,581800
2020-12-14,80.94360488810868,80.94360488810868,78.84074290258572,78.85742950439453,,711200
2020-12-15,79.4165278082845,80.19258535287533,78.98260610334773,80.09245300292969,,926200
2020-12-16,80.26769021911655,80.30940990903,79.68355726180704,79.86714172363281,,710800
2020-12-17,80.2176146831516,80.2176146831516,79.63348811415311,79.95893096923828,,443800
2020-12-18,79.95059594318285,80.10914733456347,78.92420105820045,79.3915023803711,,694900
2020-12-21,78.44019291121667,78.90749415085395,77.56399672039487,78.69053649902344,,939000
2020-12-22,78.69887729813172,78.78232940579136,78.18985000061728,78.20654296875,,666200
2020-12-23,78.49861594938335,79.63349599561757,78.49861594938335,79.28302001953125,,609800
2020-12-24,79.19121510932511,79.42486572265625,78.64880826180543,79.42486572265625,,387900
2020-12-28,79.9255511949129,80.47630455842364,79.44990345665457,79.51666259765625,,752000
2020-12-29,79.78369356795665,79.88383228042913,78.78233190924045,79.041015625,,578600
2020-12-30,79.09942448035198,79.83375590368094,79.09942448035198,79.60010528564453,,544700
2020-12-31,79.55840283849541,80.35115351805463,79.19124020113999,80.25936126708984,,509600
2021-01-04,80.81007952526862,80.81007952526862,78.54032625457518,79.07438659667969,,1151600
2021-01-05,79.17454104879126,80.5096986435239,79.01599601845676,79.98397827148438,,1260400
2021-01-06,80.91857264038592,83.65563375353197,80.91857264038592,83.1466064453125,,1215900
2021-01-07,83.72239908530244,84.10625462428612,83.29681748852599,83.4052963256836,,750400
2021-01-08,83.47204009600017,83.67231113020988,82.15357585724176,82.97970581054688,,715500
2021-01-11,82.22034864702769,83.39695469725102,82.09517684241845,83.2384033203125,,870600
2021-01-12,83.46370701309588,84.28983709903935,83.22171625642821,84.17301177978516,,736500
2021-01-13,84.03949550450413,84.39831795552456,83.6556399654013,84.1146011352539,,756300
2021-01-14,84.33155818585689,85.46643819155021,84.15632020407371,85.03251647949219,,684100
2021-01-15,84.1146133208337,84.61529425452248,83.36358873704879,84.19805908203125,,632000
2021-01-19,84.65699825396148,84.74045036618801,84.12293784152355,84.4400405883789,,1333100
2021-01-20,84.5485146179035,84.7404455520176,83.9727281820632,84.33155059814453,,511500
2021-01-21,84.25646389573713,84.48176806661426,83.65564428472754,83.7474365234375,,454600
2021-01-22,82.99640569343816,83.61391186153627,82.59586356091597,83.46370697021484,,618000
2021-01-25,82.9046217715482,83.76412514884323,82.6209049297822,83.68902587890625,,763600
2021-01-26,83.90597650736989,84.25645244398943,83.1382591273673,83.61390686035156,,1314500
2021-01-27,82.52910943199662,83.221721271097,81.92828983019882,82.18697357177734,,2064900
2021-01-28,82.39559943684601,83.22172965580314,82.34553325381955,82.40394592285156,,772100
2021-01-29,82.11184788019166,82.62087508087558,80.47628747192066,80.7099380493164,,833600
2021-02-01,81.27738512567343,81.82813205474949,80.60980653100412,81.62786102294922,,649600
2021-02-02,82.28709476112779,83.26342322276906,82.12854340929664,82.49571228027344,,484600
2021-02-03,82.48737122558494,83.39694697950212,82.3621994325594,83.23004913330078,,414100
2021-02-04,83.24673410570634,84.22306253783034,83.07983627553477,84.15630340576172,,369300
2021-02-05,84.83224869221051,85.07423946224881,84.40666708198293,84.69038391113281,,353000
2021-02-08,84.98241650292653,85.7334407299085,84.98241650292653,85.63330841064453,,342200
2021-02-09,85.62498238830435,86.01718437647125,85.24112688423729,85.9253921508789,,366700
2021-02-10,86.33428144290205,86.45110675524208,85.56657042852413,86.1423568725586,,322100
2021-02-11,86.19243894547702,86.41774312755382,84.96576657310624,85.64168548583984,,493000
2021-02-12,85.49147133919968,86.30090846978959,85.24113409354979,86.16739654541016,,419200
2021-02-16,86.69311374518614,87.09366226636422,86.46780957899412,86.95179748535156,,337600
2021-02-17,86.95179725972574,87.39407183884863,86.50118892851094,87.21048736572266,,373800
2021-02-18,86.90171162436987,87.293913571595,86.59295540992636,86.88502502441406,,291900
2021-02-19,87.18544800134302,88.2786019098137,87.1771015168464,88.06163787841797,,638800
2021-02-22,87.94481855880218,89.3300422205977,87.94481855880218,89.012939453125,,971300
2021-02-23,89.17983002217817,89.73892351227002,88.42880559029989,89.47189331054688,,747900
2021-02-24,89.62209194844826,91.28268570068386,89.4802335563456,91.01565551757812,,1051100
2021-02-25,91.22426030321256,91.37446515813257,88.90443471783801,89.09635925292969,,690600
2021-02-26,88.9545263017907,89.25493609748082,87.32731188055473,87.6861343383789,,712000
2021-03-01,88.92948256742673,90.64848901859033,88.92948256742673,90.02263641357422,,668600
2021-03-02,90.05603072473073,90.45657925876904,89.67217516146648,89.82238006591797,,523800
2021-03-03,89.9725649393445,91.59143895284804,89.9725649393445,90.41483306884766,,613100
2021-03-04,90.48160495150717,91.04904494787948,88.32867028587373,89.57202911376953,,1012000
2021-03-05,90.5817358816212,92.334121895318,89.43850950244905,92.07543182373048,,844200
2021-03-08,92.4509414727242,94.6706285880416,92.4509414727242,94.08650207519533,,1101400
2021-03-09,94.00306275792224,94.18664720777974,92.77639063069432,92.9766616821289,,1001500
2021-03-10,93.06012552392892,94.9043104987497,93.06012552392892,94.7207260131836,,1917400
2021-03-11,94.81250881855236,95.45504808757369,94.19499627102248,94.52043914794922,,1516400
2021-03-12,95.07118832516984,96.0224838256836,95.05450172274954,96.0224838256836,,1083900
2021-03-15,96.23109997689954,96.3228922051364,95.31318406103316,96.28951263427734,,1181400
2021-03-16,95.90565406635967,95.90565406635967,94.7624276752105,95.25476837158205,,1060400
2021-03-17,95.29650249643387,95.84725593176336,94.66230967372486,95.73043060302734,,524900
2021-03-18,95.84723905165342,97.08225127121698,95.32152516492728,95.55517578125,,1004000
2021-03-19,95.41332198543503,95.89731624143472,94.23672228474896,95.22139739990234,,1633800
2021-03-22,94.90428652348326,95.02111182723894,94.26174098632546,94.74573516845705,,452900
2021-03-23,94.28679531350777,94.47037979405768,93.08516243750432,93.43563842773438,,744600
2021-03-24,93.70267113650208,94.8375512584916,93.56915283203124,93.56915283203124,,715600
2021-03-25,93.42688961235444,95.38801415169256,92.78720820977104,95.20284271240234,,1577500
2021-03-26,95.84252523455922,96.53270561172512,95.3964274794504,96.4485321044922,,1416400
2021-03-29,95.8930192173618,96.69261612221749,95.55634447054064,96.22127532958984,,999500
2021-03-30,96.21287233788026,96.47379868039644,95.8593666859344,96.30545806884766,,652500
2021-03-31,96.33069793819496,96.54111886547064,95.85093848086788,96.0361099243164,,602800
2021-04-01,96.1202935340086,96.71789472115192,95.5226987684035,96.65055847167967,,1493300
2021-04-05,97.32387964663668,97.68580387860936,97.06295976598317,97.28179931640624,,704200
2021-04-06,97.15554287635364,97.63530229456028,97.15554287635364,97.40805053710938,,462000
2021-04-07,97.4753986270864,97.88782831176422,97.16397973149684,97.4164810180664,,769100
2021-04-08,97.32389636186576,97.32389636186576,96.58321692292505,97.05455780029295,,379800
2021-04-09,97.2902225651098,97.60164786751608,96.94513556331567,97.32389068603516,,1039600
2021-04-12,97.42490278563524,97.90466230922996,97.42490278563524,97.78682708740234,,466300
2021-04-13,97.500639286815,97.53430740628384,96.5832071120536,97.26496887207033,,802000
2021-04-14,97.34074219439655,98.39284704642952,97.28182457954424,98.09825897216795,,533600
2021-04-15,98.2413417719804,98.56117932899735,97.71107682712858,98.49384307861328,,706300
2021-04-16,99.11668737393292,99.42810627419529,98.85576102589684,99.10826873779295,,1046000
2021-04-19,99.25134566021671,99.29343241607783,98.38441243039144,98.64533233642578,,704400
2021-04-20,98.45176229462751,98.46018093127216,97.57641030819384,97.89624786376952,,533200
2021-04-21,97.82050067728214,99.20086171428812,97.82050067728214,99.0746078491211,,462900
2021-04-22,99.17557878309093,99.17557878309093,97.73630061721012,97.74471282958984,,648300
2021-04-23,97.78681515492156,98.93150553145536,97.61848097900544,98.67058563232422,,913700
2021-04-26,98.75476759824814,99.12510412536436,98.51067851132032,98.63693237304688,,428000
2021-04-27,98.63692934136569,98.8473502972631,98.34233486587894,98.7295150756836,,392200
2021-04-28,98.8557572162228,99.2850177412884,98.81367688022036,99.13351440429688,,446200
2021-04-29,99.67219213341949,100.26137463498428,99.48702067354304,100.19403839111328,,522300
2021-04-30,99.84893217956066,100.00043549811342,99.36076052781232,99.5543441772461,,457600
2021-05-03,100.48021591225532,101.31348754901266,100.09304211102685,100.74114227294922,,652700
2021-05-04,100.48019926233658,101.26296537163486,100.20244851764656,101.0693817138672,,690200
2021-05-05,101.50707206981986,101.50707206981986,100.71589360932754,101.42290496826172,,488300
2021-05-06,101.43971784420872,102.64332580566406,101.12829898147518,102.64332580566406,,703000
2021-05-07,102.24774419903272,103.24934348924056,101.81848369092228,103.11467742919922,,501200
2021-05-10,103.62810396261904,104.65495272718638,103.48501284702776,103.57759857177734,,933700
2021-05-11,102.75276705915137,103.047355125526,101.54915888378792,101.98683166503906,,799200
2021-05-12,102.12989127811656,102.25614511025698,100.03410078211738,100.1603546142578,,1128700
2021-05-13,99.90785952071738,102.38241182449426,99.86577918573364,101.89423370361328,,1042900
2021-05-14,102.44975563670864,103.47661092494424,102.44975563670864,103.29985809326172,,618300
2021-05-17,103.27460293634758,103.74595024580334,103.064181979736,103.51869201660156,,599000
2021-05-18,103.29985485211212,103.36718467525628,102.28983044649688,102.36558532714844,,641700
2021-05-19,101.28821040739824,101.54071807861328,100.14352651675742,101.54071807861328,,633600
2021-05-20,101.5575485234521,102.0878068915258,101.06095184917729,101.70904541015624,,767300
2021-05-21,102.0962371826172,102.65174509523357,101.65855805482283,102.0962371826172,,664900
2021-05-24,102.6938418899144,102.75275949885432,102.12149665098192,102.39925384521484,,647100
2021-05-25,102.634921286517,102.634921286517,100.8505493768379,100.98522186279295,,984800
2021-05-26,101.24613690295028,101.41447108075216,100.66537307292052,101.37239074707033,,486600
2021-05-27,101.84373396200893,102.21407686767182,101.63331302407089,101.67539978027344,,392400
2021-05-28,102.09624283529082,102.1130736850438,101.40606240774446,101.87740325927734,,618600
2021-06-01,102.45815840096728,102.68541017177282,101.94473083638546,102.2898178100586,,417000
2021-06-02,102.390839411474,102.74434507962184,101.9363293717676,102.45817565917967,,893700
2021-06-03,102.06258854146706,102.89585378018384,101.91108518701508,102.76959991455078,,863300
2021-06-04,103.08943058097606,103.09784279513688,102.47499860574844,102.93792724609376,,407400
2021-06-07,103.12309029758468,103.2493441444816,102.56758236139054,102.71908569335938,,567200
2021-06-08,102.79483757417272,102.81167484580668,101.82690636596094,102.66017150878906,,649500
2021-06-09,102.6601767946171,102.76959337972112,102.28983385805276,102.35717010498048,,276500
2021-06-10,102.98767524916146,103.17437114697164,102.16451959485484,102.24089813232422,,519400
2021-06-11,102.427588560545,102.6058029915873,102.1645205970882,102.56336975097656,,645900
2021-06-14,102.56337084026784,102.6906640890485,101.45168984801744,101.85053253173828,,451800
2021-06-15,102.04571440265856,102.63125945108168,101.71475584687248,102.3427276611328,,961600
2021-06-16,102.25786259092116,102.25786259092116,101.03585784582646,101.5110855102539,,669400
2021-06-17,101.689317706238,101.689317706238,98.93132490397448,99.202880859375,,2020200
2021-06-18,98.23545812134792,98.29486078170136,96.86070251464844,96.86070251464844,,1243800
2021-06-21,97.52260806014836,99.05860205029371,97.52260806014836,98.9822235107422,,920800
2021-06-22,99.21135157456898,99.27075422717166,98.30332942500816,98.82098388671876,,682800
2021-06-23,98.96525792898598,98.97373939806158,98.33727959958232,98.41365814208984,,818800
2021-06-24,98.77008104320768,99.2113634936168,98.31182917904634,99.10952758789062,,438400
2021-06-25,99.23682170250471,100.09391630403432,99.07558313565656,99.94965362548828,,480400
2021-06-28,100.0005710878191,100.00905903220324,98.87192051209992,99.1180191040039,,682000
2021-06-29,99.3810590946618,99.67807232033329,98.41364088853024,98.5494155883789,,479700
2021-06-30,98.37123030417006,99.17741664451589,98.37123030417006,98.96526336669922,,734900
2021-07-01,99.38106590564736,100.03449504690674,99.16042471956878,99.72051239013672,,609000
2021-07-02,99.81385353932076,99.9156829456522,99.26225384888208,99.58472442626952,,298400
2021-07-06,99.440477708231,99.54231360527264,97.48018362960688,98.37122344970705,,480100
2021-07-07,98.0063112447383,98.65974686498656,97.794157999744,98.60882568359376,,437100
2021-07-08,97.39530502973464,98.10814327154762,96.98797444104406,97.52259826660156,,468000
2021-07-09,98.24392499986388,99.32166714472928,98.24392499986388,99.25377655029295,,534500
2021-07-12,98.8040192389094,99.6017175903814,98.27787680877196,99.44896697998048,,439600
2021-07-13,99.31318611037602,99.3725887660392,98.22696242144735,98.35425567626952,,1418400
2021-07-14,98.60883784105091,99.0501202707105,97.93843920169049,98.3203125,,555000
2021-07-15,97.86206699161238,98.70219218691372,97.71780431174936,98.5749053955078,,465500
2021-07-16,98.87190308735552,98.89736044161693,97.5565503390197,97.65838623046876,,720300
2021-07-19,96.43639159537032,96.5721727982808,94.645817447014,95.4944305419922,,5139500
2021-07-20,95.6386895198034,97.41229418648446,95.40107889829297,96.87767028808594,,1057300
2021-07-21,97.31893297225626,98.21846062381736,97.31893297225626,97.52259826660156,,373600
2021-07-22,97.60746241381575,97.60746241381575,96.60609883533162,96.8352279663086,,323300
2021-07-23,97.0983142927078,97.6244567722862,96.86919159277797,97.48019409179688,,706100
2021-07-26,97.48019407080436,98.40517928899445,97.48019407080436,98.09967803955078,,346700
2021-07-27,97.8620623895646,98.4476075001139,97.0389066470255,98.4051742553711,,433900
2021-07-28,98.45607406941932,98.7446058463156,97.62443698331305,98.2863540649414,,524400
2021-07-29,98.9058552050182,99.3301617370442,98.54095132849972,98.93131256103516,,465200
2021-07-30,98.82947603555746,99.33016110686162,97.95540562103392,98.13361358642578,,436700
2021-08-02,98.50700181745135,99.6101948689108,98.02329265059834,98.1251220703125,,394300
2021-08-03,98.43063449852473,99.15195435947328,97.48019194269769,99.10952758789062,,359500
2021-08-04,98.41365072738358,98.67671868579232,97.69233097166706,97.83659362792967,,516200
2021-08-05,98.22696868729707,98.86342852760356,98.22696868729707,98.77008056640624,,854900
2021-08-06,99.27074179087728,99.96660412322063,99.24527796489166,99.58472442626952,,689500
2021-08-09,99.34711208969834,99.7544491310328,99.05009886914335,99.49986267089844,,586300
2021-08-10,99.58474453384886,100.54368146644455,99.33864596151918,100.3145523071289,,522500
2021-08-11,100.560656658076,101.36683654785156,100.26364335523262,101.36683654785156,,588400
2021-08-12,101.14618415525204,101.5195694675392,100.75582295753168,101.35833740234376,,562100
2021-08-13,101.32439210588068,101.56200270671889,101.12072680150555,101.35833740234376,,458000
2021-08-16,101.14617508786914,101.69776830133664,100.48425805218596,101.3158950805664,,667600
2021-08-17,100.98496333858824,101.18862867870676,99.86479425632965,100.84918212890624,,590700
2021-08-18,100.50973449368426,100.87463837425284,99.6186881767784,99.7120361328125,,438800
2021-08-19,98.88887555929232,99.77992183243968,98.48154492969624,98.9822235107422,,1010100
2021-08-20,98.88039735528282,100.05148759812528,98.58338405978084,99.9241943359375,,399000
2021-08-23,100.4927521515747,100.67096010862822,100.29757478287952,100.3315200805664,,318900
2021-08-24,100.45033293509508,100.7473462191744,100.13634376369468,100.49275970458984,,291200
2021-08-25,100.56063696282168,101.47714052444086,100.24664783308089,101.03585815429688,,263700
2021-08-26,101.14619997395852,101.14619997395852,100.11089093032984,100.20423889160156,,242000
2021-08-27,100.2212106873125,101.43472773828306,100.2212106873125,101.18862915039062,,460300
2021-08-30,101.38379942074484,101.38379942074484,100.63701581300452,100.65399169921876,,274400
2021-08-31,100.62854284279526,101.16316676443034,100.52670694012014,100.87464141845705,,367100
2021-09-01,101.0358645965708,101.13770049026726,100.39092335970386,100.77279663085938,,771800
2021-09-02,101.09526734794592,101.74870300292967,101.061322050014,101.74870300292967,,331900
2021-09-03,101.62989561253224,101.70626767550974,101.1207291028052,101.2649917602539,,167400
2021-09-07,101.13769283790135,101.13769283790135,100.17876252382838,100.25513458251952,,331600
2021-09-08,100.119366825826,100.62853334232226,100.00904298974274,100.3315200805664,,523200
2021-09-09,100.13634316718488,100.78129091906088,99.95813519779888,100.05148315429688,,292900
2021-09-10,100.50122276995468,100.53516806179,99.17738876038942,99.27073669433594,,372300
2021-09-13,100.0684623252388,100.4588236021127,99.55080777941798,100.01754760742188,,386000
2021-09-14,100.31455001562269,100.36546472790576,98.77007449046516,98.91433715820312,,382800
2021-09-15,99.13497556328294,100.34000453217564,98.9822249563526,100.16179656982422,,1203700
2021-09-16,100.119354764382,100.42484945795378,99.1858753764583,99.42349243164062,,366600
2021-09-17,99.14345873880632,99.7289973085446,98.6088284030584,98.75309753417967,,850000
2021-09-20,97.13225187834502,97.47169840354304,95.93571080816686,97.02193450927734,,570800
2021-09-21,97.64140679894209,97.836590631864,96.61458587646484,96.61458587646484,,301500
2021-09-22,97.44624232967855,98.38820337415846,97.44624232967855,97.74325561523438,,346300
2021-09-23,98.23545327421868,99.66960499610336,98.08270265878907,99.05860900878906,,246800
2021-09-24,98.82058564500473,99.71957991072868,98.82058564500473,99.29148864746094,,291600
2021-09-27,99.7623930058226,101.07235786200836,99.7623930058226,100.27610778808594,,370600
2021-09-28,100.395953103952,100.806917010435,99.23154448199432,99.3685302734375,,730600
2021-09-29,99.61682651059796,100.3360231635818,99.10311834826878,99.8993682861328,,467500
2021-09-30,100.24183577469736,100.29320462780105,98.15274865310468,98.22124481201172,,567400
2021-10-01,98.79489812221938,100.18191612337075,98.16132490141624,99.55690002441406,,1302100
2021-10-04,99.57402571803748,100.60144208820437,99.42846973100475,99.9421844482422,,2068200
2021-10-05,100.33602836986516,100.96960158520784,99.74526035984802,100.31890106201172,,616600
2021-10-06,99.53976365609296,100.5158110303286,98.72638648946123,100.43875122070312,,506600
2021-10-07,100.8582876021035,101.64597382886976,100.78979144356212,100.93534088134766,,364900
2021-10-08,100.93535159045057,101.35487917475972,100.7726748296933,100.80692291259766,,293000
2021-10-11,101.08945515792196,101.32062153051956,100.1219714027494,100.15621948242188,,236400
2021-10-12,100.17335807587912,100.52439605585266,99.65964985371576,99.95931243896484,,359600
2021-10-13,99.8223019276674,100.39594909462792,98.80344932325758,100.17333984375,,481600
2021-10-14,100.71274625306782,101.77441726812698,100.58432410235064,101.73160552978516,,632300
2021-10-15,102.2881141737752,102.45079092292794,101.654541015625,101.654541015625,,472600
2021-10-18,101.34632834940618,101.77441961407555,100.93535786117567,101.2264633178711,,1394300
2021-10-19,101.55180464311252,101.84290355135946,101.30351093964391,101.8257827758789,,316400
2021-10-20,101.68022744978131,103.19566748022096,101.6631001431359,103.11861419677734,,401700
2021-10-21,102.92169808766646,103.07581119977095,102.0997636671604,102.5278549194336,,269900
2021-10-22,102.82751892453906,103.22992575243607,102.42511209664204,102.92169952392578,,429800
2021-10-25,103.09293578336576,103.17855272512692,102.6391535809391,102.9131317138672,,243400
2021-10-26,102.92170264484476,103.17856002044353,102.64772449254484,102.65628814697266,,441100
2021-10-27,102.60490861409951,102.66484766052214,100.82405396205613,100.83261108398438,,544200
2021-10-28,101.01240697548394,101.63741649762687,100.92678350590504,101.62885284423828,,291000
2021-10-29,101.42336847244756,101.84289602834744,100.7127354976504,101.04664611816406,,329900
2021-11-01,101.42336902263436,102.3309203005276,101.37200016755467,102.11687469482422,,569600
2021-11-02,102.25386661603974,102.33948355155393,101.61172980145324,101.99700927734376,,347800
2021-11-03,101.59461965569923,102.83608168091598,101.52612348726066,102.59635162353516,,605900
2021-11-04,102.74190624017405,102.92170379223582,101.47475318906392,102.06552124023438,,417200
2021-11-05,102.77615098365897,103.57240099241108,102.75902367516942,103.1100616455078,,472100
2021-11-08,103.5466966539136,103.62374993083938,102.59633371224407,102.8446273803711,,389700
2021-11-09,102.69054076810944,102.88745910356536,102.3223819973063,102.78472137451172,,463600
2021-11-10,102.91315149678884,103.43542343372803,102.80185010431931,103.04158020019533,,490000
2021-11-11,103.06724333780092,103.52958265523856,102.86176137410212,103.384033203125,,352000
2021-11-12,103.443957808709,103.7008151428168,103.05867833970062,103.34977722167967,,375500
2021-11-15,103.67513436344522,103.966239806161,103.37547179899808,103.88062286376952,,316000
2021-11-16,103.88918953176608,104.1460469146968,103.46966190299015,103.52959442138672,,489800
2021-11-17,103.3669112410185,103.3669112410185,102.7333315176451,103.0244369506836,,1519500
2021-11-18,102.93881733538706,103.21279545410256,102.07407124450388,102.4079818725586,,553900
2021-11-19,101.86860876166588,101.8857295395412,101.19222372288093,101.55181884765624,,474100
2021-11-22,101.82579003564508,103.30698870824288,101.7744211733871,102.65628814697266,,491900
2021-11-23,102.9816269336373,103.61520013543152,102.86176190984256,103.45252990722656,,628700
2021-11-24,102.97307353800116,103.63233776670158,102.93883198392342,103.34123229980467,,343600
2021-11-26,101.2606918645001,101.3634361063995,100.09628978374089,100.99527740478516,,603400
2021-11-29,101.9542171613782,101.9542171613782,100.6014471973059,101.2264633178711,,617800
2021-11-30,100.40451472174855,100.40451472174855,98.4781041769309,98.54660034179688,,1202000
2021-12-01,100.00212419420168,100.94392369033476,97.89590937835356,97.92160034179688,,1394900
2021-12-02,98.28976024380476,100.74700000399945,98.15276789912886,100.18192291259766,,855400
2021-12-03,100.56717906124074,100.78122465089912,99.49695111294878,100.1990203857422,,825300
2021-12-06,101.12371649106451,102.3737421682508,101.07234763089996,101.56037139892578,,670100
2021-12-07,102.22818888632966,102.9559426841109,101.89427824344,102.53641510009766,,489900
2021-12-08,102.69052337312236,103.01587034693874,102.24530484879092,102.3737335205078,,538600
2021-12-09,102.0141446287474,102.5364164683706,101.6459858980647,101.97989654541016,,1787400
2021-12-10,102.66483170285422,102.6819524762037,101.86858183296413,102.49359130859376,,776200
2021-12-13,102.439280349802,102.5255067068868,101.63742390720492,102.08577728271484,,930700
2021-12-14,101.7495155573907,102.9824774730306,101.7495155573907,102.25821685791016,,996900
2021-12-15,102.51687627662344,103.3445979427761,101.87884205903332,103.18939971923828,,1251700
2021-12-16,103.43082372868186,105.00867133001184,103.43082372868186,104.21543884277344,,1100200
2021-12-17,104.18096344382924,104.18096344382924,102.65484619140624,102.65484619140624,,1319000
2021-12-20,101.69778442382812,101.75813893046784,100.35273737405852,101.69778442382812,,1187400
2021-12-21,102.23236778963464,103.36186220271024,102.14614799701371,103.01698303222656,,719200
2021-12-22,102.9135234162155,103.611912342884,102.49965916972552,103.49120330810548,,572400
2021-12-23,103.85330364025928,104.41374205905592,103.73259463659812,103.91365814208984,,620600
2021-12-27,103.94815546301278,104.9828126040092,103.58602842383056,104.95694732666016,,401000
2021-12-28,105.14664398214528,105.60362140369114,104.85349535738074,105.4311752319336,,586400
2021-12-29,105.19835610852392,105.83639034694195,105.19835610852392,105.65532684326172,,518800
2021-12-30,105.8019114978235,106.27613018122152,105.50013896209198,105.56049346923828,,324200
2021-12-31,105.44839754575916,106.09505573207046,105.37941909379728,105.69843292236328,,330700
2022-01-03,106.01746474020602,106.39683968868292,105.46565022141124,106.18991088867188,,1131800
2022-01-04,106.8020863198152,108.31095567410148,106.6123988342012,107.6901626586914,,1365800
2022-01-05,108.06953053010596,109.10418774351116,107.46598542256416,107.474609375,,1272800
2022-01-06,108.19022480216373,108.55235179530251,107.5435666380672,108.20746612548828,,1635400
2022-01-07,108.47476085132142,109.55252457197489,108.04365536306004,109.2162628173828,,999700
2022-01-10,109.23351397839184,109.5611517911086,108.27645923965711,109.07831573486328,,1929500
2022-01-11,109.33695819643656,109.3714474205753,108.20746406301684,109.27660369873048,,937500
2022-01-12,109.31973703365746,109.69048803883749,108.87138361531746,109.37146759033205,,886200
2022-01-13,109.50079237089312,110.39748598421558,109.39732468713396,109.7422103881836,,915600
2022-01-14,109.14729729791657,110.17333058660336,108.80241812894651,110.11297607421876,,1042100
2022-01-18,109.82844060879737,109.9405322547284,108.37130841502804,108.974853515625,,2067700
2022-01-19,109.14729540420916,109.14729540420916,107.7591416434477,107.81949615478516,,1076200
2022-01-20,107.81948917473372,108.59547381936552,106.37959179207375,106.44857025146484,,3387800
2022-01-21,106.35372770580142,109.4404447275786,104.92246083721604,105.2069854736328,,1887000
2022-01-24,104.09473525720809,105.6036044830421,102.3530653813398,105.3708038330078,,3392900
2022-01-25,104.41374261345187,106.29336270948774,102.81865370390544,105.54324340820312,,1806000
2022-01-26,106.16403803942453,107.06936222049228,103.93953865928717,104.84485626220705,,2483400
2022-01-27,105.939868985164,107.29354000541676,104.37926258659957,105.10352325439452,,1976300
2022-01-28,104.784503828378,106.30199705996036,104.0602497317136,106.29337310791016,,1938300
2022-01-31,105.69843511766192,107.0262407438433,105.22422305140616,106.9745101928711,,1450200
2022-02-01,106.90554581882256,107.8539766543888,106.46582292135304,107.62980651855467,,1101400
2022-02-02,107.61255202424556,108.75067027286242,107.33664476937324,108.5609893798828,,923000
2022-02-03,108.4316586621165,108.92311867560902,107.7936177772576,107.9229507446289,,1134700
2022-02-04,107.66428050768108,108.54373275626368,106.98313308796592,107.80223083496094,,1196600
2022-02-07,107.84534892865162,108.6989359409148,107.39699554372214,108.06951904296876,,893700
2022-02-08,108.44889340260352,108.94897733772687,108.19023406171551,108.85413360595705,,789900
2022-02-09,109.49219239180984,109.75085836876684,109.2680222284728,109.50081634521484,,1034100
2022-02-10,108.58684868051932,109.66461236337932,107.20730590394052,107.70738983154295,,1161700
2022-02-11,107.80223681716592,108.81102207602956,107.1986917677982,107.56944274902344,,1099000
2022-02-14,107.61255709415204,107.76775534346376,105.603610383473,106.48306274414062,,1043700
2022-02-15,107.02625542181548,107.69878556742428,106.8883050742548,107.34527587890624,,937200
2022-02-16,107.05211263050182,108.25920267454148,107.05211263050182,107.7332534790039,,780700
2022-02-17,107.17282981189672,107.3280280548498,106.31061881285702,106.60376739501952,,765600
2022-02-18,106.34511129237552,107.15559181138414,105.9312536583509,106.37960052490234,,1180900
2022-02-22,106.50030524242246,106.62102084045834,104.86210952161902,105.56912231445312,,1277900
2022-02-23,106.12954772084043,106.25026331147208,104.1292184849187,104.32752990722656,,1302700
2022-02-24,102.93937786597226,103.58603616058797,101.20633179452064,103.45670318603516,,2574100
2022-02-25,104.00850460720784,106.99175370703414,103.9050435031458,106.75033569335938,,1378100
2022-02-28,105.7932810119005,106.95727105777846,105.51737377082256,106.75033569335938,,1826800
2022-03-01,106.5434230017075,106.8969327023812,103.83608073398368,104.5344696044922,,1867500
2022-03-02,105.22424228371622,107.69879048181326,105.1983770035026,107.26768493652344,,1209600
2022-03-03,107.50909314487492,108.49201317187874,107.02625050522272,108.00917053222656,,1459100
2022-03-04,107.05212397754065,108.05228534549283,106.4830615437633,107.98330688476562,,1125600
2022-03-07,107.767748156791,107.95743562420547,106.0864393831584,106.5261688232422,,1460500
2022-03-08,107.2073097284414,108.0953925604433,105.965730394635,106.02608489990234,,2245400
2022-03-09,107.24180222556468,107.68153167914238,106.58652659930334,106.73310089111328,,1545200
2022-03-10,106.04332674912698,107.0779838735846,105.88812850936571,106.9141616821289,,1104800
2022-03-11,107.2331854286542,107.87121973266636,106.47443553163092,106.5347900390625,,1818200
2022-03-14,107.250423438587,107.90570562626208,106.36234718034392,106.9141616821289,,1748300
2022-03-15,107.1383579452746,107.46599580987306,106.1985443833793,107.2935562133789,,2738000
2022-03-16,107.9488094792196,108.37991495889403,106.63825171539426,108.3540496826172,,1846100
2022-03-17,108.04366239061042,109.13005013357304,107.77637907551056,109.0869369506836,,1520800
2022-03-18,109.02656553842372,109.13003321442828,107.97467376737283,108.94034576416016,,993300
2022-03-21,109.41458019415192,110.16469957455728,109.06107051701755,109.48355865478516,,1079300
2022-03-22,110.04398782565184,110.63892210023316,109.49217331058092,110.0094985961914,,783800
2022-03-23,109.99226005314652,110.13021697447826,109.20765144205342,109.24213409423828,,789800
2022-03-24,109.70059427903996,110.53416488277374,109.39669178006288,110.3691864013672,,667200
2022-03-25,110.45602025763112,111.88003291246793,110.38655493308728,111.86266326904295,,765300
2022-03-28,111.65426244265336,111.70635812150805,110.39523495676194,111.41114044189452,,854600
2022-03-29,111.78451653901462,112.66149139404295,111.53270308862606,112.66149139404295,,940000
2022-03-30,112.7743727722877,112.90461196969888,111.93212396461443,112.43573760986328,,903400
2022-03-31,112.13182712825216,112.74832356990876,111.16801733159384,111.25485229492188,,984200
2022-04-01,111.69769178183104,111.80188315060067,110.56890337325171,111.72373962402344,,896000
2022-04-04,111.57611064105016,111.57611064105016,110.10000910341188,111.27220153808594,,710000
2022-04-05,110.97697193840048,112.04497290817498,110.54282369468612,110.77726745605467,,634800
2022-04-06,110.73387259163614,111.69768241944006,110.43865490542916,111.4285125732422,,1081400
2022-04-07,111.54139257193803,111.65426212608476,110.22157796502128,111.3416748046875,,997200
2022-04-08,111.6455793172044,112.47045844401786,111.22010921008156,111.9147491455078,,682500
2022-04-11,111.86265809006802,112.5572980541903,111.2027574111873,111.3416748046875,,1251800
2022-04-12,111.6368907103662,112.27074346459996,110.89014854344354,111.22879028320312,,1089200
2022-04-13,111.26353288173756,111.91475537322172,110.78596707148476,111.871337890625,,821100
2022-04-14,112.05368601786898,112.62676499017236,111.871337890625,111.871337890625,,967000
2022-04-18,112.04498961021312,112.71358171496004,111.78451122447852,112.19261169433594,,1098800
2022-04-19,112.38363125021786,113.70344589382148,112.3749530532439,113.53846740722656,,1816500
2022-04-20,114.31123950066971,115.24900139732372,114.21572634686734,114.73670959472656,,1093100
2022-04-21,115.20558124404864,115.769981957653,113.71212334977426,113.81631469726562,,1302900
2022-04-22,113.59055982256038,113.59055982256038,111.1853746948764,111.28956604003906,,1102900
2022-04-25,110.72517567786431,111.12459792964268,108.3113122734958,110.83805847167967,,1548400
2022-04-26,110.4299652099576,111.2027553020609,109.06673977149984,109.11883544921876,,1206700
2022-04-27,109.13620252113644,110.25630593775522,108.63258889978955,109.12751770019533,,1438400
2022-04-28,109.85686804121885,110.62097318547912,108.76281924306215,110.42994689941406,,911600
2022-04-29,110.1607901315902,110.34313161950382,107.07833460479124,107.25199127197266,,1214500
2022-05-02,107.5993118731637,108.25053431584686,105.64564454511424,107.39092254638672,,1504400
2022-05-03,107.44300993616189,109.48350544096168,107.44300993616189,108.62389373779295,,1102400
2022-05-04,108.89308898237874,111.68900533044064,108.68469301108296,111.58480072021484,,1717100
2022-05-05,110.8467510939382,111.1246057508768,108.45893535867351,109.46615600585938,,1733300
2022-05-06,109.30986076253876,110.1694725598898,108.32000314750968,109.86557006835938,,1622500
2022-05-09,108.91912416126324,109.68322276012428,108.19843641627575,108.60653686523438,,1531000
2022-05-10,109.24907671954315,109.6745401938812,106.14057333657034,107.39092254638672,,1697100
2022-05-11,107.65140362251242,109.52692062884267,107.11305740447584,107.33013153076172,,1846500
2022-05-12,107.19122159687488,107.60800691459248,105.80194824544591,107.38224792480467,,1804200
2022-05-13,108.12897034181394,109.0319995657186,107.70350687920693,108.7020492553711,,853500
2022-05-16,108.8322918832454,109.87425177051492,108.12028894133768,109.31854248046876,,1349300
2022-05-17,110.55151734383472,111.47191619873048,109.83951443226088,111.47191619873048,,1088400
2022-05-18,111.0725078155921,111.0725078155921,108.27659149388916,108.64128112792967,,1096900
2022-05-19,107.73824169776684,108.67600359808202,106.78311678059126,107.69482421875,,1129100
2022-05-20,108.35473256881797,108.5370740582866,105.7672058084544,107.66877746582033,,1243700
2022-05-23,108.8930732411882,109.86556113501096,108.37209001283809,109.1969757080078,,853800
2022-05-24,108.80624713395837,110.0826442229636,107.43434351153851,109.86557006835938,,1208600
2022-05-25,109.74400758457716,111.2374788079482,109.63113141056046,110.98567199707033,,1452800
2022-05-26,111.61084393975337,112.57465373721617,111.51533077967488,112.15787506103516,,1220600
2022-05-27,112.5659616746838,113.78157151762116,112.32283970609632,113.75552368164062,,1312100
2022-05-31,113.28666670012149,113.70344538866624,112.29680903410537,112.98275756835938,,1335000
2022-06-01,113.33875276390178,113.3908484394054,111.15064164866804,112.38362121582033,,1100200
2022-06-02,112.67884711274952,113.1303517797974,111.05513017782408,113.12167358398438,,1192600
2022-06-03,112.7396445821247,113.05223193583012,112.11446987471383,112.30549621582033,,545400
2022-06-06,112.90460454056522,113.57319662464504,112.51387372488644,112.9219741821289,,754300
2022-06-07,112.44440490139688,114.08548487539706,112.04498265281433,114.068115234375,,779600
2022-06-08,113.52976846630256,113.52976846630256,111.91473643081196,112.11444091796876,,722600
2022-06-09,111.89329660564528,112.13806212487248,109.7603285049049,109.78655242919922,,919100
2022-06-10,108.33544747230056,108.70259577745826,107.50499201977333,107.7235336303711,,1340600
2022-06-13,106.02764105081307,106.02764105081307,103.0904414799022,103.57123565673828,,2306500
2022-06-14,103.96460631532672,104.42791342283378,101.76171000455508,102.67958068847656,,1771600
2022-06-15,103.431358564669,103.9121527077112,101.29839061278692,102.64460754394533,,1657000
2022-06-16,101.097339834311,101.097339834311,98.964371803522,99.6025161743164,,3124300
2022-06-17,99.82105667678496,100.3717790709974,98.16013929395142,98.96437072753906,,1593300
2022-06-21,100.2406591371058,101.37707812087922,99.83854339483406,101.07112121582033,,953100
2022-06-22,99.69867907227216,101.272174566738,99.63748769197672,100.57284545898438,,1590000
2022-06-23,100.90502711070712,101.4382691445141,99.82106264973436,100.94873809814452,,1290900
2022-06-24,101.66556432511352,103.81601306629604,101.35960072152432,103.62369537353516,,998000
2022-06-27,103.88593155715311,104.6901697121828,103.60619857651336,104.30553436279295,,757200
2022-06-28,104.88249208644294,105.84407383364363,103.63243381427384,103.70236206054688,,806400
2022-06-29,103.92089080011408,104.2530782735549,102.68831974417772,103.14288330078124,,730800
2022-06-30,102.1638149029064,103.57995999922193,101.69176431434808,102.86314392089844,,1131400
2022-07-01,102.87189973641566,104.41917129256056,102.10263572394818,104.2181167602539,,1013500
2022-07-05,103.09043495464442,103.09043495464442,100.57283834008724,102.38236236572266,,878200
2022-07-06,102.15507725384464,102.9680522027162,101.11481719309508,102.38236236572266,,2355900
2022-07-07,103.02051056857076,103.79851814357666,103.02051056857076,103.36143493652344,,700600
2022-07-08,103.46634170786974,103.86845747513844,102.67959056783936,103.03800201416016,,686200
2022-07-11,102.51348006234478,103.24778322954512,102.33864946839024,102.9243392944336,,592600
2022-07-12,102.53097001549835,103.623677931936,102.19878920987088,102.6183853149414,,615500
2022-07-13,101.73548465473787,102.461044377538,100.87880530559111,101.68303680419922,,1032700
2022-07-14,100.14450369552264,100.90503088762244,99.58503771605628,100.7476806640625,,880000
2022-07-15,101.77044916559636,102.34740218226224,100.94873729704832,102.2599868774414,,703700
2022-07-18,102.95930939961823,103.18659451310238,101.61309244953496,101.84912109375,,769300
2022-07-19,102.732036294908,103.86845532580962,102.55720567601264,103.7198486328125,,767700
2022-07-20,103.45760057412232,103.72859671546836,102.6184015617572,103.2565460205078,,1065700
2022-07-21,102.6970702719194,103.07296208580892,101.8403842765339,103.0292510986328,,867400
2022-07-22,103.27401286096824,103.70235250838842,102.32991159495803,102.95931243896484,,640200
2022-07-25,103.3789159265064,104.11321246992549,102.92434568303356,103.98208618164062,,628900
2022-07-26,103.7635438698918,104.07824429184454,103.41388266270876,103.73731994628906,,605000
2022-07-27,103.88592865145208,104.9436758326888,103.239047402321,104.61148834228516,,1928100
2022-07-28,105.18844755778916,105.92274415375364,104.18315483481447,105.8091049194336,,602800
2022-07-29,105.68672060878885,107.09412906651148,105.68672060878885,106.8755874633789,,811100
2022-08-01,106.42976290443642,106.94551789709502,105.89652084832736,106.83187866210938,,875400
2022-08-02,106.648283034051,107.15530106223616,105.97517795269842,106.03636932373048,,686500
2022-08-03,106.438497756011,106.72696758581276,105.67797062259169,106.4647216796875,,700800
2022-08-04,106.51715246350427,106.51715246350427,105.60801879531684,105.71292114257812,,538200
2022-08-05,105.24090121017036,105.8178542839684,105.11851843743032,105.70420837402344,,436100
2022-08-08,106.28114670511616,106.84935616793952,105.9227352994079,106.08882904052734,,373000
2022-08-09,106.2461862274678,106.75320434570312,106.2461862274678,106.75320434570312,,391900
2022-08-10,107.7497519493359,108.40537674701103,107.66233664351796,108.32669830322266,,557500
2022-08-11,108.87742745950337,109.77781778169124,108.7463011660266,109.23583221435548,,842500
2022-08-12,109.69040009559328,110.7393970819239,109.4543714385848,110.70442962646484,,1056800
2022-08-15,110.03131951662782,110.94919017117653,109.61171673929135,110.91422271728516,,603800
2022-08-16,110.76560426156604,111.93699049960308,110.756860731683,111.6397705078125,,574200
2022-08-17,111.15025704420955,111.68349907192516,110.64323894091272,111.2201919555664,,445800
2022-08-18,111.40376402682044,111.65727307376058,111.05409614589058,111.63104248046876,,340200
2022-08-19,111.20269665426076,111.30759901352404,110.59951975987649,110.8355484008789,,569900
2022-08-22,110.02258808058878,110.02258808058878,108.77252981133329,109.03478240966795,,594000
2022-08-23,109.17462884239062,109.55926414918088,108.816224126903,109.05224609375,,693000
2022-08-24,109.07847958769788,109.1571580297909,108.50153324624308,109.0172882080078,,374500
2022-08-25,109.2795455358432,110.24112725960862,109.09597138879931,110.23238372802734,,383300
2022-08-26,110.45091910186878,110.49463008794908,107.74974822998048,107.74974822998048,,798400
2022-08-29,107.33014884128627,108.27425014791952,106.81439386986423,107.42630767822266,,538600
2022-08-30,107.53994221356628,107.53994221356628,105.87028794116168,106.07134246826172,,631500
2022-08-31,106.08883224083212,106.26366284880868,104.99612426757812,104.99612426757812,,604800
2022-09-01,104.72512540713146,105.1796889486106,103.78102420249068,105.1622085571289,,645000
2022-09-02,106.06260722718612,106.70074494217036,104.17440466750438,104.62897491455078,,603100
2022-09-06,104.89996120788244,105.0223439624095,103.60619208513351,103.89466857910156,,761000
2022-09-07,103.90342004532675,106.0189011572707,103.69362197430894,105.9751968383789,,688600
2022-09-08,105.6954677784104,106.71824091562858,105.02235588275144,106.54340362548828,,594400
2022-09-09,107.05040573980818,108.04695480168444,107.03292534809091,107.8546371459961,,464500
2022-09-12,108.3791503741632,109.30576459975195,108.3616633117784,108.88616180419922,,543100
2022-09-13,107.3301418247758,107.75848146262476,104.83002556659142,105.20591735839844,,608000
2022-09-14,105.48564837636852,105.85279663061856,104.54154714884577,105.24088287353516,,700700
2022-09-15,104.9611674342836,105.32831574980626,104.09574449930564,104.41918182373048,,2230100
2022-09-16,103.83346613901482,103.83346613901482,102.83691714726496,103.44009399414062,,754600
2022-09-19,102.76698153100878,104.66392734958131,102.478511739144,104.6202163696289,,641200
2022-09-20,103.83348499838915,103.85097206141177,102.49601145965929,103.24779510498048,,1277400
2022-09-21,103.91216429369815,104.47163026651214,101.87535494332458,101.9365463256836,,1248100
2022-09-22,102.03270548275074,102.09389686530032,101.06238022420726,101.14979553222656,,992000
2022-09-23,100.17073160427616,100.17073160427616,97.8104848263879,98.99060821533205,,1675200
2022-09-26,98.46508944400284,98.89858164670297,96.65148900988652,97.18229675292967,,944600
2022-09-27,97.93428265338136,98.32354484536684,95.8552815590345,96.3507080078125,,1084300
2022-09-28,96.810758673993,98.71282646427092,96.50996326201049,98.27932739257812,,1156500
2022-09-29,97.40346368775742,97.52731859833796,95.55448198724336,95.97028350830078,,1202100
2022-09-30,96.07644163882432,96.61609807403188,94.66095211597931,94.85558319091795,,1242100
2022-10-03,96.14722180505169,97.9519735529073,95.58102597234247,97.48309326171876,,1143400
2022-10-04,98.62432894617584,100.45561998199666,98.42969787238842,100.40253448486328,,1097200
2022-10-05,99.43823605043814,100.11059611089529,98.350074462456,99.52670288085938,,759400
2022-10-06,99.08437166369232,99.47363385509614,97.62464519551511,97.828125,,1042700
2022-10-07,97.253078719762,97.53617664957774,95.38639942486888,95.92605590820312,,948500
2022-10-10,96.3772641821615,96.96999953265626,95.651825174944,95.9526138305664,,756800
2022-10-11,95.43948682243187,96.93460148541784,95.28909251006662,95.87298583984376,,765700
2022-10-12,95.7756647605857,95.97029585928516,94.94406161144695,95.00598907470705,,700500
2022-10-13,93.52857605955532,98.3412479875764,93.41356308727153,97.9962158203125,,1352300
2022-10-14,98.55357302033666,99.27901196731672,96.24455253369284,96.48341369628906,,890700
2022-10-17,97.9608424331455,98.66858399497632,97.7573625999964,98.0581512451172,,2236100
2022-10-18,99.56209792516204,100.0752150269078,98.52702176272066,99.4028549194336,,821100
2022-10-19,99.01360023923348,99.44709924574649,97.80159031176598,98.4562530517578,,573800
2022-10-20,98.51817666132526,99.13745128983942,96.76650353417668,97.06729888916016,,782400
2022-10-21,97.34155170125511,99.51786843962532,96.91690815452252,99.34093475341795,,790100
2022-10-24,99.9071198323356,100.85372912519388,99.54439704041704,100.4998550415039,,845800
2022-10-25,100.31408204985634,101.87112411398977,99.98674731064573,101.75611114501952,,811000
2022-10-26,102.1276822607735,102.79119369594048,101.48186149405916,102.10114288330078,,614700
2022-10-27,102.8354242797348,103.77319170272848,102.53463566735446,102.70272064208984,,712500
2022-10-28,103.13621616930898,105.19752658917662,103.07428870710464,105.15328979492188,,856300
2022-10-31,104.6932543463119,105.1090559253626,104.26861080783397,104.5251693725586,,833000
2022-11-01,105.286004946273,105.286004946273,104.30400740275508,104.94982147216795,,671100
2022-11-02,104.6401713675602,105.98489160083076,103.07428741455078,103.07428741455078,,1076000
2022-11-03,102.18076529412556,103.42817008427149,101.57033258834456,102.9062042236328,,762800
2022-11-04,104.03860482931192,105.15330607111692,103.18931089494224,104.74635314941406,,755200
2022-11-07,104.87903317068285,105.01173004491164,103.92357517871524,104.86133575439452,,959100
2022-11-08,105.10021164942772,106.04682100550538,104.5693971136489,105.51600646972656,,884300
2022-11-09,105.01173055187915,105.40099271706076,103.67586584789088,103.79972076416016,,635100
2022-11-10,106.4095417377722,107.85157760716618,105.71949091050791,107.73656463623048,,815800
2022-11-11,108.19659524203485,108.6389361763856,107.5507745080644,108.38237762451172,,915800
2022-11-14,108.25854047345786,109.07244630636472,107.52425278200164,107.57733154296876,,683000
2022-11-15,108.60354831819689,109.06357992106288,107.09074312951248,108.0904312133789,,760800
2022-11-16,107.96658547119904,108.15236786985932,107.19690974853134,107.4534683227539,,693500
2022-11-17,106.35644249387452,107.02880252279206,105.86986482500272,106.98456573486328,,523300
2022-11-18,107.931194768572,108.32929893468668,107.40038696388996,108.14351654052734,,482800
2022-11-21,107.84271439729636,108.61238325517554,107.60384652792334,108.45314025878906,,674500
2022-11-22,109.1962823281471,110.0898128972727,109.07242740762518,110.02788543701172,,1075400
2022-11-23,109.80671597358806,110.2136688232422,109.46169058475984,110.2136688232422,,512600
2022-11-25,110.44368030555786,110.7975543999333,110.4259896381532,110.62062072753906,,309400
2022-11-28,109.96596972033036,110.03673914705271,108.71856492381951,108.93973541259766,,840600
2022-11-29,108.9397368705443,109.35553847494592,108.5947114433999,109.30245971679688,,512800
2022-11-30,109.24937386464214,111.11605334899372,108.09044265145629,111.01873779296876,,722600
2022-12-01,111.63802061339774,112.09805227069565,110.6737137506178,111.027587890625,,869000
2022-12-02,110.26675627937938,110.98334648972694,109.96596766007856,110.75333404541016,,607100
2022-12-05,110.0809615897968,110.18712584041778,108.42660411961724,108.88664245605467,,1085100
2022-12-06,108.64778290541528,108.95742697272496,107.19690511701272,108.01081085205078,,764900
2022-12-07,107.9577361100284,108.83356934116382,107.67463815907615,107.92234802246094,,645400
2022-12-08,108.40891561110038,108.66547415968584,108.03735085090918,108.37352752685548,,1221900
2022-12-09,108.2143002865916,108.6920293691104,107.67464373501969,107.7896499633789,,752000
2022-12-12,108.0373431225474,109.49706268310548,107.48883798036849,109.49706268310548,,1132800
2022-12-13,111.35281120541153,111.68291974472376,109.13128835107416,109.82718658447266,,704300
2022-12-14,109.90748575269733,110.81750494495232,108.81902675338463,109.2472686767578,,1519700
2022-12-15,108.47108541772911,108.48892599632312,106.8562373802564,107.40046691894533,,970800
2022-12-16,106.48151562662972,106.65995543250573,105.32168751895748,106.29415893554688,,972800
2022-12-19,106.45475431757244,106.88300305680028,105.2235502533144,105.94621276855467,,914500
2022-12-20,105.70533288684682,106.62427583716578,105.6428806515858,106.24063873291016,,824300
2022-12-21,107.0079063701812,107.73056887764962,106.99898267803958,107.59674072265624,,868700
2022-12-22,107.19527157933236,107.19527157933236,105.1164935860882,106.85623931884766,,771300
2022-12-23,106.87406808642724,107.94467961134389,106.6242591843988,107.91791534423828,,836100
2022-12-27,108.06067164641188,108.71195819552078,107.73056312263378,108.62274169921876,,798100
2022-12-28,108.7119649763372,108.90824536451387,107.10604752238594,107.18634033203124,,1029000
2022-12-29,107.6413465082462,108.56921304369055,107.35584963632353,108.29263305664062,,868800
2022-12-30,107.99822518763636,108.16773449763078,106.8473139455457,107.59674072265624,,800100
2023-01-03,108.09635842310014,108.34616733272442,106.75809057287096,107.54320526123048,,902400
2023-01-04,108.10529329898256,109.31865689632995,107.95362455100997,108.71197509765624,,539100
2023-01-05,108.40862333645718,108.40862333645718,107.45399250897788,108.02498626708984,,497500
2023-01-06,108.97962594787464,110.83535921588616,108.97962594787464,110.59446716308594,,657000
2023-01-09,110.9513205293295,111.29926960519596,110.1037536638664,110.13943481445312,,874000
2023-01-10,110.33572831813336,110.8264292819192,109.62198950609714,110.76397705078124,,454900
2023-01-11,111.24575276469844,111.55801391601562,110.8621156911423,111.55801391601562,,537200
2023-01-12,111.90596996985272,112.20930744801008,111.28144762847992,111.6115493774414,,738700
2023-01-13,111.10300220075216,111.79890043364615,110.51416785245058,111.67399597167967,,522800
2023-01-17,111.62938229613096,111.80781528289012,110.76396801610656,110.87102508544922,,1409500
2023-01-18,110.9513331216372,111.00486166037432,108.61382269956478,108.69412231445312,,739000
2023-01-19,108.21234130859376,108.56921410367694,107.6591881358757,108.21234130859376,,735700
2023-01-20,108.22127183394213,109.62199202749628,107.65027804846672,109.55953979492188,,969800
2023-01-23,109.7201292574484,110.9602569899006,109.5238488727237,110.1840591430664,,908800
2023-01-24,109.96101577093329,110.56769750952697,109.24727014666442,110.30004119873048,,594900
2023-01-25,109.89857227821278,110.57662999450758,109.40787127166064,110.54986572265624,,469800
2023-01-26,110.89781194255976,111.52233429188104,110.30897075024274,111.5044937133789,,1013000
2023-01-27,111.36173648271128,111.64723337244602,110.80858328088276,111.21006774902344,,671200
2023-01-30,110.66583521916448,111.56693751805275,110.61230668091972,110.6747589111328,,872200
2023-01-31,110.8353597599368,112.13793980826676,110.28220653114607,112.11117553710938,,472900
2023-02-01,111.54016592026326,113.19961866591257,110.86211508306008,112.49479675292967,,666400
2023-02-02,112.521570867573,113.2174691074234,111.87920116716256,112.75353240966795,,718100
2023-02-03,112.53049275527684,112.54834014040536,111.5847855469568,111.9148941040039,,1013000
2023-02-06,111.665080032014,111.69184430169308,110.77290140653652,111.54016876220705,,564600
2023-02-07,111.3349729814927,112.37882035365594,110.6301510411104,112.039794921875,,501200
2023-02-08,111.73643605987796,111.85242362394398,110.772888430389,110.96916198730467,,593500
2023-02-09,111.49555363464812,111.62045808615564,109.50599248829484,109.73796081542967,,477500
2023-02-10,109.86287610990824,111.33497221285846,109.69335999179668,111.21006774902344,,472000
2023-02-13,111.31711476326724,112.41449737548828,111.12975808445526,112.41449737548828,,922700
2023-02-14,112.32529738905998,112.5483420594883,111.00486994513972,111.6472396850586,,498200
2023-02-15,111.14761034823763,111.89703709639602,110.89780143218483,111.85243225097656,,362900
2023-02-16,111.28144768098696,111.85244148102092,110.42495017415298,111.05840301513672,,1559100
2023-02-17,110.5944537970318,111.59369623753074,110.30895692928672,111.34388732910156,,362100
2023-02-21,110.5141674831282,110.71936475276624,108.99745975365968,109.2472686767578,,460400
2023-02-22,109.1045163624471,109.84502619709596,108.55136320762828,108.94392395019533,,503600
2023-02-23,109.27404245289743,109.79150088919376,108.3997043936678,109.25619506835938,,462500
2023-02-24,108.6584290753718,109.21158224032452,107.90899553553965,109.00637817382812,,443900
2023-02-27,109.42570944441844,110.22867156627036,108.58705936084172,108.8368682861328,,564700
2023-02-28,108.72981621254571,108.97962514933543,107.97145890285584,107.99822998046876,,614100
2023-03-01,107.64134674032816,107.91791992119204,107.0346650353366,107.65918731689452,,1460800
2023-03-02,107.24878143946984,108.07850775365398,106.67778771861002,107.91791534423828,,630000
2023-03-03,108.00714223116545,109.22050570645888,107.5967408802254,109.08667755126952,,641000
2023-03-06,108.94393593769767,109.41678953502937,108.51568718897713,108.7655029296875,,537500
2023-03-07,108.6851902222239,108.77440671548452,106.74024071930084,106.9008331298828,,1016900
2023-03-08,107.09712420144253,107.3469331302488,106.3209263382664,106.88300323486328,,643500
2023-03-09,107.1417162176536,107.23985640032872,104.55440393049332,104.71499633789062,,652000
2023-03-10,104.39383021387265,104.9559003370058,102.39534505138836,103.04663848876952,,1699400
2023-03-13,100.7448041456992,103.00201487579304,100.05782963049852,101.10167694091795,,961900
2023-03-14,102.90388352007272,103.56410063027349,101.40502990370256,102.45779418945312,,515200
2023-03-15,100.5485271444382,101.5745339126024,100.03106872111611,101.33364868164062,,947100
2023-03-16,100.79835208766086,102.50240985780792,99.70096929639377,102.3061294555664,,3323100
2023-03-17,101.61914881452734,101.64591308473616,99.94184860909095,100.35225677490234,,920500
2023-03-20,101.15521812070008,102.88604696943004,101.15521812070008,102.3061294555664,,790300
2023-03-21,103.7782161065905,103.7782161065905,102.413183916277,103.18045806884766,,529300
2023-03-22,103.06446049389344,103.27858824136,100.5842052767192,100.61096954345705,,718100
2023-03-23,101.04758533248216,101.69573129941747,99.08514642947917,99.63426971435548,,793500
2023-03-24,99.0581483534442,101.32665252685548,98.85109903989132,101.32665252685548,,673600
2023-03-27,102.57792722795811,102.8749952816448,101.79475655477177,102.19984436035156,,718300
2023-03-28,102.0738046925832,103.0640245533642,102.04679975779663,102.64993286132812,,553000
2023-03-29,103.6131465015571,104.1352647942498,103.49612282960436,104.11726379394533,,620900
2023-03-30,104.8464367639536,105.1615058160684,104.04525823086584,104.41433715820312,,458600
2023-03-31,104.8194334569319,105.61160806714236,104.57637527866925,105.48558044433594,,493800
2023-04-03,105.62959615429835,106.1877233213338,105.34153207053576,105.6115951538086,,956800
2023-04-04,105.71963636423446,105.84566398904,104.17128912463444,104.8194351196289,,367500
2023-04-05,104.45934792786686,105.8906645372545,104.45934792786686,105.83665466308594,,371200
2023-04-06,105.89065898154708,106.2957536205277,105.73762643410517,106.15171813964844,,327900
2023-04-10,105.6836104324157,106.52979479553294,105.5035660917604,106.5207977294922,,378900
2023-04-11,106.79987213344128,107.60105066936757,106.77286719573436,107.23197174072266,,408700
2023-04-12,107.73608171224552,107.73608171224552,106.51180751010716,106.71885681152344,,402000
2023-04-13,106.55680641716988,107.3399769767288,106.0346881321377,107.1329345703125,,461000
2023-04-14,107.1419446611106,107.31298508823876,105.9536793423031,106.43978881835938,,330700
2023-04-17,106.72785472144272,107.36699676513672,106.37677679417403,107.36699676513672,,1644700
2023-04-18,107.34899105920093,107.70907290595348,106.69184117377829,107.11493682861328,,526600
2023-04-19,106.88989121618135,107.46601944903202,106.5838260972252,107.36699676513672,,498500
2023-04-20,106.73686264274284,106.73686264274284,105.96268901319044,106.4037857055664,,394900
2023-04-21,106.38577952878862,106.40378053111628,105.4765743814612,106.06170654296876,,382900
2023-04-24,105.8816547943249,106.31374747192449,105.83664199257986,106.24172973632812,,518700
2023-04-25,105.57559366885224,105.78264296290784,104.81042403671547,104.9094467163086,,380100
2023-04-26,104.37833338906276,104.8734468294452,103.44213012214232,103.5861587524414,,576600
2023-04-27,103.55014502849971,105.13450109553582,103.5321440260518,105.11649322509766,,777000
2023-04-28,104.84643904547283,106.08871427855397,104.8374351100764,105.85466003417967,,577700
2023-05-01,105.56659728500668,106.2957649658022,105.35055090861822,105.37755584716795,,317600
2023-05-02,105.0264723998456,105.04448026992762,102.03780468930847,103.06403350830078,,689000
2023-05-03,103.21707803077716,104.07226646618552,102.1638373546336,102.23585510253906,,553100
2023-05-04,101.16461458945376,101.4346777132168,99.78730776784148,100.6334991455078,,792200
2023-05-05,101.80375179417466,102.77597075169804,101.65071923641362,102.58692932128906,,465600
2023-05-08,102.89300315228722,103.01903077482274,101.95679305060176,102.19984436035156,,370600
2023-05-09,101.80375282282412,102.22684849572454,101.37166008266344,101.87577056884766,,478500
2023-05-10,102.55092585424602,102.61393966770387,100.60649470469576,101.56970977783205,,451100
2023-05-11,101.02957722289824,101.0835870936799,100.1743820169139,100.57047271728516,,547800
2023-05-12,100.82252828370716,101.24562392091894,100.13837349017348,100.80452728271484,,449300
2023-05-15,100.73251016832948,101.0385752630278,100.21039185244317,100.7505111694336,,721500
2023-05-16,100.4354407569965,100.58847330223811,99.02212524414062,99.02212524414062,,592800
2023-05-17,99.68827595080914,100.5524682525208,99.3011891717934,100.40843963623048,,485800
2023-05-18,100.03035512915152,100.7505119346116,99.68827429366742,100.6514892578125,,676000
2023-05-19,100.97556153282764,101.25462856007373,100.02135050983,100.28240966796876,,868900
2023-05-22,100.40844136644658,100.81352915398276,99.6972816035357,100.4894561767578,,465400
2023-05-23,100.2824068960428,101.54268984712208,100.2824068960428,100.3904266357422,,621100
2023-05-24,100.09336763524468,100.26440118277516,99.19316648912104,99.34619903564452,,630900
2023-05-25,98.85109675714388,98.86910462816252,97.5818165699486,98.29297637939452,,781100
2023-05-26,98.7250677574768,98.86910325165871,98.09492964040692,98.77008056640624,,492200
2023-05-30,98.6890501547489,99.00412605340532,98.12192589954893,98.63504028320312,,1172000
2023-05-31,98.10393648037596,98.30197498875388,97.15872240879558,97.67183685302734,,569300
2023-06-01,97.87887731731848,98.28396510109768,97.01467814074026,98.10392761230467,,887400
2023-06-02,98.38298258055794,100.58847260766146,98.38298258055794,100.43544006347656,,711000
2023-06-05,100.714510333159,100.8855507632458,99.99435347572197,100.09337615966795,,601600
2023-06-06,100.0573557978413,101.28162986970035,99.93132819056076,101.05657958984376,,566900
2023-06-07,101.05296011254563,103.00255848569611,100.90786998933336,102.85747528076172,,596100
2023-06-08,102.63077830183887,102.95722416444616,101.95068390778664,102.7033233642578,,476000
2023-06-09,102.57637559226012,102.83934626155786,102.13204226226834,102.2952651977539,,538700
2023-06-12,102.29526259815874,102.67612071679852,101.59703539749536,102.11390686035156,,645200
2023-06-13,102.24992583207404,103.24739621397762,101.80559251898308,102.91188049316406,,1838100
2023-06-14,103.06603340221169,103.72798801785362,101.94160578071252,102.37686920166016,,596200
2023-06-15,102.25898527154165,103.82773931129152,102.25898527154165,103.69171905517578,,494800
2023-06-16,103.68265170585242,104.30834074818102,103.4468906357012,103.60104370117188,,627700
2023-06-20,103.12953256898872,103.18393791489936,102.28621511597864,102.33155059814452,,971800
2023-06-21,101.977892154618,102.72146178938914,101.24339238271482,102.31340789794922,,693500
2023-06-22,102.24992967953598,102.27713234905944,101.13457180112704,101.4338150024414,,530600
2023-06-23,100.9260212742203,101.38848052880562,100.0373614634502,100.2005844116211,,1251700
2023-06-26,100.3003216224461,101.45194508376149,100.2821818977324,101.3068618774414,,672000
2023-06-27,101.17991492992618,102.23179069604106,100.91694425882793,102.03229522705078,,1264000
2023-06-28,101.7421240030435,101.7421240030435,100.76279328132732,101.50636291503906,,838300
2023-06-29,101.27965690505336,102.3587352795262,101.11643397773209,102.20458221435548,,726600
2023-06-30,102.51289537978138,103.05696949871302,102.24992472333756,102.73959350585938,,535200
2023-07-03,102.6398443854214,103.78239794420476,102.5945019935094,103.59197235107422,,496600
2023-07-05,103.03883304980096,103.76426984362192,102.65798184627006,103.24739837646484,,786300
2023-07-06,102.25898788962292,102.46755321011052,101.46101297467288,102.36780548095705,,547400
2023-07-07,101.914414897934,103.45595947707147,101.914414897934,102.51290130615234,,604700
2023-07-10,102.32246104312166,103.1839180578396,102.23178317796126,102.56729888916016,,879000
2023-07-11,102.83026357093476,104.0544319752231,102.80306090479368,104.02722930908205,,537600
2023-07-12,104.79800939104014,105.32395070364888,104.616653657585,104.83428192138672,,572800
2023-07-13,104.9793613794286,105.45996720066718,104.73453045617056,105.39649200439452,,1120900
2023-07-14,105.68666183839436,105.68666183839436,103.9818876204469,104.35367584228516,,1274800
2023-07-17,103.83680588354925,104.09977652550104,103.3924725997631,103.77333068847656,,606100
2023-07-18,103.70986445326626,105.12445859039912,103.63731939026508,104.42623138427734,,923400
2023-07-19,104.68918557478028,105.64132041449652,104.49875999049247,105.48716735839844,,986000
2023-07-20,105.36928502337712,106.29421724138632,105.20606209774478,106.16726684570312,,745500
2023-07-21,106.29421348292962,106.44836654105455,105.67759433215242,106.14006042480467,,404800
2023-07-24,106.1128579866488,106.86549744104911,106.1128579866488,106.62066650390624,,355600
2023-07-25,106.48465819444458,107.01966252223974,106.22168750309012,106.43931579589844,,872400
2023-07-26,106.42118482451292,107.40958548171666,106.42118482451292,107.14662170410156,,638000
2023-07-27,107.47305092692264,107.83576933376752,106.07659647572898,106.2216796875,,520300
2023-07-28,107.08313356741375,107.40051650834413,106.35770364682058,106.83830261230467,,585400
2023-07-31,106.91084025518242,107.52745944991726,106.6841421235634,107.05592346191406,,388200
2023-08-01,106.61159836529136,107.04686182736694,105.9677764938105,106.25794982910156,,555800
2023-08-02,105.51438432560778,106.28515662884044,105.36023124861693,105.85896301269533,,526400
2023-08-03,105.56877650026208,105.7954746151922,104.77080162628802,105.33301544189452,,450700
2023-08-04,105.469037218802,106.06752361089818,104.55318174233186,104.75267028808594,,385900
2023-08-07,104.99750676203124,105.57785342159583,104.99750676203124,105.2786102294922,,386900
2023-08-08,104.15419081426774,104.82521535105722,103.42875402111078,104.75267028808594,,493700
2023-08-09,104.6166582230387,105.46903850940888,104.37182036208404,104.54411315917967,,370000
2023-08-10,104.79800058660388,105.45089224143511,104.17231159767772,104.39900970458984,,413100
2023-08-11,104.11789712770228,104.81612419166804,104.11789712770228,104.70731353759766,,317900
2023-08-14,104.36275592004904,104.41716817990846,103.63732599861486,103.9365692138672,,362400
2023-08-15,103.05695754006815,103.12043273127328,102.00507503635252,102.01414489746094,,563000
2023-08-16,101.96881469762296,102.49475601234188,101.66957842804918,101.72398376464844,,521700
2023-08-17,101.9688221464712,102.47663069217852,101.44288771161044,101.50636291503906,,429300
2023-08-18,101.05296432426948,102.04136488630608,101.01669179195464,101.81466674804688,,406500
2023-08-21,101.7874567899634,101.97788238227248,100.74464404498532,101.38846588134766,,594800
2023-08-22,101.46101140538076,101.66050686060213,100.78998689822694,100.90786743164062,,439300
2023-08-23,101.08017290280355,101.58797454833984,100.81720221685696,101.58797454833984,,369300
2023-08-24,101.37034438755828,102.58544313644089,101.14364624023438,101.14364624023438,,413700
2023-08-25,101.45193754899736,101.98694869587014,100.916933320402,101.57888793945312,,372100
2023-08-28,101.9597565087752,102.73052879241492,101.9597565087752,102.24085998535156,,480200
2023-08-29,102.41315725517616,103.17485970945754,102.21366177859434,103.12952423095705,,1250200
2023-08-30,102.96628945883404,103.45595131274376,102.8302692024024,102.99349212646484,,786800
2023-08-31,103.13858238137092,103.49223092131656,102.90282130025923,102.9390869140625,,744900
2023-09-01,103.45596533750395,103.88215897023612,102.90282821137843,103.20206451416016,,407200
2023-09-05,103.06604515619247,103.23833103727036,101.68771659790042,101.7058563232422,,597600
2023-09-06,101.39753540075306,101.70584844317196,100.71744103697095,101.2252426147461,,897200
2023-09-07,101.1254946679614,101.63330316290956,100.71744081789078,101.0076141357422,,760200
2023-09-08,101.080155692391,101.80558550274488,100.96226824597892,101.7874526977539,,463700
2023-09-11,102.05949444921367,102.5491562910116,101.7783840813342,101.90533447265624,,435900
2023-09-12,101.79653505397384,102.6761249469606,101.79653505397384,102.24993133544922,,382500
2023-09-13,102.4494188200142,102.70331961092366,101.8055900624225,102.08670043945312,,411100
2023-09-14,102.53104439954362,103.51945198304968,102.53104439954362,103.50131225585938,,620600
2023-09-15,103.04789060632672,103.6463769274998,102.9209402203101,103.00254821777344,,1609100
2023-09-18,103.19298562057416,103.19298562057416,102.30432595793631,102.87560272216795,,605800
2023-09-19,102.8302852883559,103.2746117384804,102.39502178334098,102.67613220214844,,510200
2023-09-20,102.9028142566916,103.61917423186068,102.37687295492908,102.4040756225586,,471600
2023-09-21,102.0776415002844,102.24993430609966,101.12550651421256,101.14364624023438,,487900
2023-09-22,101.20711930162388,101.42474758132846,100.753723016577,100.8081283569336,,566200
2023-09-25,100.33659496492152,101.00761950091837,100.26404990203594,100.98948669433594,,601600
2023-09-26,100.32329892404216,100.5989656739551,98.93578843434112,98.9817352294922,,1089000
2023-09-27,99.20226357491563,99.4044182550571,98.1455503899467,98.72444915771484,,501500
2023-09-28,98.7060668257976,99.11037618276346,98.3936510575942,98.80714416503906,,668800
2023-09-29,99.38603212623948,99.77195991930948,98.52228296132454,98.90821075439452,,725600
2023-10-02,98.6784998929058,98.70606516487209,96.28022308488968,96.65696716308594,,1182100
2023-10-03,96.01373743094445,96.48236803864238,95.33376841913471,96.11481475830078,,1009300
2023-10-04,96.16077553634756,96.3904954936678,95.05811553491242,96.30779266357422,,902300
2023-10-05,96.0137513986242,96.647780724187,95.66457958727626,96.30779266357422,,568700
2023-10-06,95.62782628738628,97.19910999912892,94.76407697980376,96.71210479736328,,624000
2023-10-09,96.53751095095735,97.88826539831402,96.53751095095735,97.82394409179688,,768900
2023-10-10,98.20986693938514,99.0736161634267,98.20986693938514,98.65093231201172,,545000
2023-10-11,98.843895899439,99.22063996758904,98.3936467781711,99.15631866455078,,802200
2023-10-12,99.41359761193304,99.41359761193304,97.39205805291476,98.0628433227539,,543700
2023-10-13,98.42120344416148,98.8163219884206,97.69528765305768,98.02608489990234,,522600
2023-10-16,98.41202304701883,99.4411709245138,98.26500592766035,99.1930694580078,,2138800
2023-10-17,98.65093427025164,100.33248595918124,98.6325527486752,99.95574188232422,,496400
2023-10-18,99.606572855985,99.643328889663,98.54985967185644,98.6693115234375,,583400
2023-10-19,98.50390965171344,99.1563204650146,97.41044748020792,97.55746459960938,,837700
2023-10-20,97.20829934929245,97.55747116555564,96.12402085505764,96.1699676513672,,679500
2023-10-23,95.71051320251684,96.31697016086795,95.17756129240824,95.21431732177734,,840400
2023-10-24,95.90348278982312,96.62939863932424,95.90348278982312,96.36292266845705,,782500
2023-10-25,96.0045567898543,96.37210307160012,95.54511692717612,96.01374053955078,,691500
2023-10-26,96.0780546518932,96.99693430850424,96.0780546518932,96.38128662109376,,1178800
2023-10-27,96.13319542794518,96.22508199459406,94.3321920817437,94.6170425415039,,1231800
2023-10-30,95.06730087022956,95.8115912461082,94.7732596220618,95.55430603027344,,750900
2023-10-31,95.76565298068088,96.22509287637747,95.34296911789956,96.15158081054688,,801800
2023-11-01,96.21589074161272,96.98775332059746,95.76564165999407,96.73046112060548,,915200
2023-11-02,97.13478040263874,99.00010522860016,97.12558964192812,98.88065338134766,,639800
2023-11-03,100.0660140283586,100.7459831337706,100.0660140283586,100.1670913696289,,720800
2023-11-06,100.2130179601859,100.37841658680632,99.28495450961722,99.4135971069336,,629600
2023-11-07,99.02767095930643,99.08280851332934,98.623368622618,98.7703857421875,,544900
2023-11-08,98.5590384006022,98.58660366987132,97.66772397158992,98.14553833007812,,799200
2023-11-09,98.38445424992238,98.54985288483428,97.24504532636064,97.29098510742188,,923400
2023-11-10,97.72285132975394,97.93419673809858,97.02450081884896,97.90663146972656,,712700
2023-11-13,97.54828211788715,97.75962054424308,97.0796514608642,97.364501953125,,662200
2023-11-14,98.58661002831516,100.70922002488646,98.58661002831516,100.45193481445312,,988300
2023-11-15,100.3968052639297,101.59134475423902,100.3968052639297,101.10433959960938,,599100
2023-11-16,101.15946261285482,101.54539741408723,100.35085100219288,100.68164825439452,,574100
2023-11-17,101.07678048822316,101.50865512653412,100.85625129373338,101.38001251220705,,472900
2023-11-20,101.18704116219187,101.51783843488982,100.2957266780056,101.29730224609376,,711200
2023-11-21,101.07676875509604,101.3248631937858,100.54381683732286,100.82867431640624,,569100
2023-11-22,100.99407937002132,101.4259469751753,100.65409132971234,101.36162567138672,,544800
2023-11-24,101.41676627412224,101.79350334749743,101.33406344648112,101.73837280273438,,305600
2023-11-27,101.5178419552278,101.6648590756938,100.99408075704297,101.56378173828124,,845200
2023-11-28,101.49026921456816,102.04160269269148,101.11353214904672,101.6740493774414,,911200
2023-11-29,102.01403734863382,102.81346533788674,102.00485359773784,102.15187072753906,,898400
2023-11-30,102.45509095146886,102.96966136221616,102.17942422542792,102.89615631103516,,802000
2023-12-01,102.73077633148507,104.7155532836914,102.64807349445712,104.7155532836914,,847400
2023-12-04,104.1274647575376,105.22093402697472,104.02638741277468,104.89013671875,,757900
2023-12-05,104.58689488368496,104.687972218976,103.82422299394212,103.95286560058594,,981500
2023-12-06,104.14583826425785,104.94526625316364,104.10908923969612,104.1825942993164,,727700
2023-12-07,104.36637172791777,104.89013294534854,104.0355744315934,104.6512222290039,,738900
2023-12-08,104.67878046298696,105.1474111030169,104.51338182594677,104.93606567382812,,566300
2023-12-11,104.9819995173593,105.67115925160893,104.81660090071958,105.39549255371094,,1838400
2023-12-12,105.40469879555992,105.514966893015,104.66040841660312,105.02796173095705,,726800
2023-12-13,104.81661154917664,107.88567352294922,104.57770085409346,107.88567352294922,,831100
2023-12-14,108.96995792984907,110.32071242958308,108.96077417891668,109.4018325805664,,780600
2023-12-15,108.94238603728944,109.3191301175358,107.75703026281433,108.07864379882812,,941500
2023-12-18,108.6207771091028,108.6299678697704,108.04188537597656,108.04188537597656,,828600
2023-12-19,108.40944600747632,108.9699562571153,108.14297001409238,108.88726043701172,,645100
2023-12-20,108.62641382977684,108.92343527417532,106.98351551453683,107.01136016845705,,959800
2023-12-21,107.3733760383062,108.04167619057668,106.9556919839128,107.85603332519533,,746900
2023-12-22,108.33867802713804,109.00697805809337,108.03237266602515,108.35723876953124,,768800
2023-12-26,108.53361335153828,109.3225760257783,108.28300434454007,109.06268310546876,,656600
2023-12-27,109.1740546083044,109.25758857257904,108.66354566590356,109.07195281982422,,881500
2023-12-28,108.9698558149608,109.3782559052596,108.74709148556596,109.27616119384766,,931800
2023-12-29,109.16476718528727,109.2854297125422,108.44077785865804,108.80277252197266,,584800
2024-01-02,108.37581898408196,110.24148185532523,108.35725115801591,109.8887710571289,,927600
2024-01-03,109.27616081913192,109.6567162521452,108.77493576854953,108.88631439208984,,549800
2024-01-04,109.02554738991348,109.61959033499686,108.80278305589484,108.9141616821289,,586100
2024-01-05,108.64499576226248,110.12081926408464,108.45006899640792,109.57318878173828,,566200
2024-01-08,109.48036081271808,110.34358058042405,109.0162643157052,110.32501983642578,,754900
2024-01-09,109.63816380699232,109.63816380699232,109.09981014729966,109.35970306396484,,356400
2024-01-10,109.21118608763696,109.41538258849282,108.7842110981241,109.18333435058594,,406800
2024-01-11,109.01626012010496,109.01626012010496,107.45689566689336,108.09735107421876,,1190000
2024-01-12,108.5243224216876,108.98841891553494,107.77248836775108,108.05094909667967,,402200
2024-01-16,107.51259653169764,107.54972510136012,106.62153210444976,106.89070892333984,,1392600
2024-01-17,105.90682326460384,106.97424666498982,105.46129457604935,105.91610717773438,,618300
2024-01-18,105.90681741886196,106.00891921300972,104.9229351278566,105.7026138305664,,729300
2024-01-19,105.8511348462773,106.79788862864484,105.22924721072457,106.6308135986328,,604200
2024-01-22,106.62152950877916,107.41977603321304,106.53798845868472,107.0206527709961,,823700
2024-01-23,107.09491785469898,107.5961429809472,106.81646417226202,107.25271606445312,,443400
2024-01-24,107.68895043608416,107.94885042867011,106.48230376605616,106.60296630859376,,743600
2024-01-25,107.41977628812054,108.14376567675524,107.15059947514474,108.1159210205078,,551600
2024-01-26,108.23659490530297,108.76566467412135,108.01383055041916,108.31085205078124,,497300
2024-01-29,108.20873769931347,108.76565206272416,107.8560198399648,108.65426635742188,,757400
2024-01-30,108.45006253252842,109.05338937553812,108.0602231871561,108.72852325439452,,386200
2024-01-31,108.07880652421572,108.54290307290223,106.81646334526424,106.85359191894533,,461300
2024-02-01,107.11347312917108,107.63325894071096,105.90681940203856,107.59613037109376,,531400
2024-02-02,106.7700266934774,107.58684096649634,106.09244985141368,106.91854095458984,,451600
2024-02-05,105.98106840523772,106.11101484814688,105.16426118101596,105.40558624267578,,473700
2024-02-06,105.4334356869324,105.90681608277733,105.2106713577614,105.60979461669922,,458600
2024-02-07,105.95322544321566,106.21311833318588,104.97862002427716,105.73046112060548,,472500
2024-02-08,105.59124127806363,105.88826276497102,105.0807322779646,105.84185028076172,,399200
2024-02-09,105.62835913121434,105.99035381035334,105.31276985002512,105.96250915527344,,427600
2024-02-12,105.9717876392582,107.67038244113436,105.9717876392582,107.30838775634766,,463700
2024-02-13,106.09246199977125,106.3152263353983,104.34745463963274,105.17354583740234,,668400
2024-02-14,105.6190885439458,105.94395469678014,105.06217412743682,105.71190643310548,,492500
2024-02-15,106.1667135938942,107.63326024456218,106.15743676254046,107.53115844726562,,451300
2024-02-16,107.0392237934425,107.67967927331726,106.63081657942948,107.206298828125,,555000
2024-02-20,106.8071705254948,107.7446474585058,106.63081158560291,107.07634735107422,,575900
2024-02-21,107.10418768055372,107.76320384832052,106.84429477851052,107.73535919189452,,398500
2024-02-22,107.41977042789678,107.948840112386,107.17843828433412,107.74463653564452,,516000
2024-02-23,107.78177753154743,108.50576696417367,107.65183107346328,108.1066436767578,,332100
2024-02-26,107.911722978253,107.96741229360975,106.7607585295079,106.9278335571289,,544300
2024-02-27,107.20629212136872,107.96741010251816,107.18773137714342,107.9209976196289,,359700
2024-02-28,107.64255288194578,108.24587980172056,107.4569100165644,107.85603332519533,,319300
2024-02-29,108.13447964233691,108.6635493453078,107.81889743565792,108.09735107421876,,468000
2024-03-01,107.96739963881323,108.22729252208389,107.30838351864848,108.12519073486328,,453300
2024-03-04,108.1251949522546,109.48035581184472,108.1251949522546,109.18333435058594,,479300
2024-03-05,108.95129434310032,110.41784101703004,108.95129434310032,109.65672302246094,,1109600
2024-03-06,110.12082041905316,110.51994370487584,109.59175067566498,110.21363830566406,,606500
2024-03-07,110.75198996818784,111.30890435937744,110.62204351296197,110.81696319580078,,382500
2024-03-08,111.00260268340956,111.47598311847312,110.82625082058269,111.01188659667967,,398800
2024-03-11,110.80768205632424,111.66162503117631,110.61276236860664,111.62449645996094,,437600
2024-03-12,111.45741028599046,111.78227639970414,110.7148530990305,111.19751739501952,,420200
2024-03-13,111.40173002131895,112.1999766343186,111.29963529784337,111.5966567993164,,422200
2024-03-14,111.31819112044896,111.54095546631416,109.76811044948752,110.45497131347656,,1858400
2024-03-15,109.9537423324145,111.09542284247291,109.9537423324145,110.64988708496094,,1202200
2024-03-18,110.65916289288988,111.17894867062466,110.03727532573572,110.79839324951172,,1259000
2024-03-19,110.64988986650908,111.54095432238226,110.64988986650908,111.4574203491211,,401500
2024-03-20,111.31819253042198,112.80329999091872,111.22537464193174,112.65479278564452,,409900
2024-03-21,112.81200899342409,113.74789756266742,112.81200899342409,113.29866790771484,,1049900
2024-03-22,113.44841434587276,113.86020760427216,112.44701385498048,112.44701385498048,,595200
2024-03-25,112.52189342794404,113.35483373965351,112.52189342794404,112.70906829833984,,428000
2024-03-26,112.90560721054466,113.16765489252964,111.90420663137994,111.96035766601562,,403200
2024-03-27,112.56868702544136,114.59956370655944,112.49381421888286,114.5902099609375,,742200
2024-03-28,114.60891967055662,115.51673277536662,114.55276863818108,115.2827606201172,,534200
2024-04-01,115.22661102479488,115.30147668880812,114.2626397353236,114.46853637695312,,377600
2024-04-02,114.30943732732388,114.39367101742543,113.6917545410548,113.89764404296876,,364800
2024-04-03,113.96315955906324,114.19713172523876,113.53265163013192,113.7385482788086,,299100
2024-04-04,114.52469785771072,114.89904760937875,112.81201989680048,113.12086486816406,,348300
2024-04-05,112.9804751410502,113.52329225331512,112.34407059501014,113.23316192626952,,402300
2024-04-08,113.43905638754924,114.40302050343324,113.43905638754924,114.0286636352539,,264200
2024-04-09,114.15034359328916,114.73995089197534,113.68239925266914,114.4030303955078,,501300
2024-04-10,112.98047422753056,112.98047422753056,111.18356980862778,111.7357406616211,,629500
2024-04-11,111.94164412121988,112.11010436702608,110.63139855831218,111.40818786621094,,405800
2024-04-12,110.93088417887932,111.38946763313992,109.72358692396696,110.00435638427734,,402500
2024-04-15,110.69691665143657,111.3988331913876,108.83450009804046,109.3024444580078,,1558000
2024-04-16,109.12460513865864,109.32114088027484,108.02961723239852,108.31038665771484,,367500
2024-04-17,108.89064025878906,109.43345737579024,108.19808467449378,108.89064025878906,,538800
2024-04-18,109.2556415014616,109.68614943347984,108.92808189451988,109.38666534423828,,408100
2024-04-19,109.53641713923273,111.10871048152846,109.4147541755796,111.0899887084961,,565500
2024-04-22,111.18357653417762,112.48446121053664,110.77178323567068,111.99779510498048,,366100
2024-04-23,111.7825355078446,112.87752344480818,111.7357382222253,112.51252746582033,,841800
2024-04-24,111.8667712683998,113.27996515540372,111.43626333824086,113.16765594482422,,358900
2024-04-25,112.42830064132792,113.07406609291635,111.5672847993858,112.49381256103516,,409300
2024-04-26,112.32534215176688,112.7558571740336,112.09137001109558,112.1007308959961,,322900
2024-04-29,112.3815141372453,113.11150616344392,112.3815141372453,112.91497039794922,,363200
2024-04-30,112.21305389700854,112.44702606646008,111.7170340402135,111.74510955810548,,452600
2024-05-01,111.62343810247108,113.57944912823088,111.55792618143208,112.278564453125,,407400
2024-05-02,112.92432430974677,113.31739581645992,112.269197991628,112.94303894042967,,425900
2024-05-03,113.79470745517644,114.038040524682,112.98048882840172,113.46714782714844,,357600
2024-05-06,113.97251544025988,114.365586948511,113.6730313663166,114.12226104736328,,321200
2024-05-07,114.43110346193475,115.18917813287771,114.43110346193475,114.5902099609375,,280100
2024-05-08,114.18778107262098,115.13302350858424,114.03803545488576,115.02072143554688,,236800
2024-05-09,114.93648502232864,116.10634585722823,114.82418295194718,116.08763122558594,,521800
2024-05-10,116.46198517462815,116.55557261099982,116.00339459795865,116.2748031616211,,258700
2024-05-13,116.49941732712712,117.17325112857878,116.34031083680968,116.40582275390624,,366100
2024-05-14,116.83632840136494,117.2481216667412,116.55556610791471,116.89248657226562,,260000
2024-05-15,117.5288993840122,117.90325627526086,117.22941529906603,117.51017761230467,,365300
2024-05-16,117.304280311518,117.9032556183368,117.22005376009484,117.48210144042967,,1263600
2024-05-17,117.44467047976782,117.91261482783956,117.28557111508682,117.68800354003906,,288500
2024-05-20,117.68799195527596,117.8377375592453,117.1545357365962,117.24812316894533,,357800
2024-05-21,117.24812062632016,117.6037628579032,116.97671208020904,117.44465637207033,,454900
2024-05-22,116.92057446941186,117.11711023771905,116.1437851421044,116.49006652832033,,303700
2024-05-23,116.32160150440768,116.32160150440768,114.42174868181182,114.55277252197266,,451000
2024-05-24,114.97391566152469,115.3669871686805,114.85225271128982,115.2827606201172,,214700
2024-05-28,115.2266077223595,115.638393853553,114.05674696505092,114.32815551757812,,346600
2024-05-29,113.3735600919238,113.3735600919238,112.57805610010156,112.86817932128906,,270400
2024-05-30,113.20508274343786,114.30943156284732,113.20508274343786,114.26263427734376,,355400
2024-05-31,114.3094441643067,116.54621756490408,114.23457135535232,116.49006652832033,,490000
2024-06-03,116.55557303209343,116.69595775729,115.03007710695906,115.6945571899414,,829600
2024-06-04,114.99264634641894,115.63840468958568,114.7586741730326,115.33892059326172,,287800
2024-06-05,115.43250202718166,115.55417212077955,114.53404978496737,115.09558868408205,,280900
2024-06-06,114.76801724188896,115.36698537881372,114.37494574083146,114.63699340820312,,462900
2024-06-07,113.9163722955987,114.86162187016583,113.6636783511804,114.14098358154295,,233300
2024-06-10,113.560730898133,114.16905997833308,113.03663551347525,113.87893676757812,,343400
2024-06-11,113.22818280660518,113.41680645594148,112.54915205950756,113.37908172607422,,316500
2024-06-12,114.63340664198378,114.9446230842598,113.0584296862527,113.38851928710938,,333500
2024-06-13,113.2093383429666,113.29421359944928,112.28510033258527,112.97356414794922,,396900
2024-06-14,112.39826459354984,112.60574701805204,111.63435857175234,112.20964813232422,,435400
2024-06-17,112.06818229826918,112.81322955277474,111.58720096784016,112.6623306274414,,459200
2024-06-18,112.39827002473729,113.25648431861728,112.39827002473729,113.19046783447266,,1580700
2024-06-20,113.11501940082164,114.00152539742874,113.00184520762942,113.82234191894533,,452900
2024-06-21,113.81290826670072,114.12413189970282,113.44510113506432,113.7563247680664,,400000
2024-06-24,113.97324177281502,115.66138583317796,113.97324177281502,115.34073638916016,,360700
2024-06-25,115.07665885820904,115.22755778745984,113.85063743670268,114.1052703857422,,246800
2024-06-26,113.62429223220025,113.81290869185698,113.09615319369922,113.70916748046876,,295900
2024-06-27,113.20933494087268,113.48283386230467,112.86981953462998,113.48283386230467,,335600
2024-06-28,113.62429970807212,114.47308102762952,113.59600076153065,114.0958480834961,,321600
2024-07-01,114.2844631228733,115.076660929931,113.3696581347778,113.4639663696289,,331900
2024-07-02,113.31307515400944,113.92608947624625,113.31307515400944,113.91665649414062,,441300
2024-07-03,114.08640649580424,114.59567956627866,113.67144165424956,113.6903076171875,,139300
2024-07-05,113.59600168503684,113.70917588635126,112.86982034689343,113.16217803955078,,359200
2024-07-08,113.3225028059894,113.88835938634016,112.99241320513272,113.38851928710938,,333200
2024-07-09,113.19988655762356,114.27501613269962,112.94525363521343,113.59598541259766,,507100
2024-07-10,113.83177398894348,114.83146142918368,113.6903152337154,114.75601196289062,,361500
2024-07-11,115.37844626661222,117.17033142700276,115.3312957489942,117.01943969726562,,498500
2024-07-12,117.33065639480152,118.51895298019846,117.18919045980007,117.9248046875,,472500
2024-07-15,117.98138385658493,118.62268983585028,117.85878388821658,118.0285415649414,,304300
2024-07-16,118.4529379711989,119.9996159038014,118.25488853784502,119.9618911743164,,519700
2024-07-17,119.51864965545896,121.68776777913142,119.51864965545896,121.1407699584961,,442900
2024-07-18,120.60321649198656,121.999002925352,119.9902093266765,120.13166809082033,,450900
2024-07-19,120.16937523418346,120.16937523418346,119.17912805385583,119.59408569335938,,1439000
2024-07-22,119.74498717897735,120.26368603828436,118.8113234760194,120.2448272705078,,426200
2024-07-23,119.9147438945996,120.3297015396186,119.58466149676975,119.83929443359376,,253400
2024-07-24,119.85815874058407,121.1596368196861,119.82986699021347,120.25426483154295,,314200
2024-07-25,120.00906169934365,121.8386717008179,120.00906169934365,120.876708984375,,314600
2024-07-26,121.4991576026501,122.28192964214792,121.23509166047188,122.1216049194336,,446500
2024-07-29,122.30077289608226,122.31021307299147,121.24450919922712,122.00841522216795,,284300
2024-07-30,122.1216028539598,122.9326666313651,122.02728742312796,122.71574401855467,,378300
2024-07-31,122.7817670376514,123.53624730870406,122.19705166307986,122.69689178466795,,400000
2024-08-01,123.074114059737,123.56452835200064,121.65946907054462,122.09329986572266,,365000
2024-08-02,121.35768657045756,121.85754110242073,118.98109304940628,120.36743927001952,,486700
2024-08-05,118.16059638277572,118.54726232088852,116.6139182398096,116.89684295654295,,841100
2024-08-06,117.113750279716,119.03766844048526,116.88740908293634,117.7833480834961,,474800
2024-08-07,118.68872530966132,119.66954679938272,117.58530383194623,117.63246154785156,,343400
2024-08-08,117.95311166407754,119.14141559814976,117.78335395921007,118.99051666259766,,256800
2024-08-09,118.95278716574926,119.43376850949106,118.00969044208286,119.14141082763672,,225200
2024-08-12,119.7167064984436,119.81101473655929,118.5661272857634,118.89620971679688,,334800
2024-08-13,119.2923092495265,120.1410977874615,118.90564331268006,120.02792358398438,,244900
2024-08-14,120.02791320482874,120.77296045729771,119.89588024315138,120.37686157226562,,215500
2024-08-15,120.97101252107232,121.48971856180412,120.72579817971926,121.25394439697266,,332500
2024-08-16,121.2067899752897,122.27247944370043,121.2067899752897,122.1970443725586,,277400
2024-08-19,122.0555777063174,122.9798084771938,122.0555777063174,122.97038269042967,,284000
2024-08-20,122.95151663436248,122.97980838514776,122.36680126411504,122.5177001953125,,290300
2024-08-21,122.74402430549192,123.06468810606184,122.33849964992216,123.04582214355467,,375900
2024-08-22,123.0458365444778,123.43250967330846,122.71574691927805,123.14015197753906,,293600
2024-08-23,123.55509970773068,125.06406025991616,123.44193270299678,124.73397064208984,,407400
2024-08-26,125.0357714160854,125.8657011781365,124.97918791240276,125.15837860107422,,251700
2024-08-27,124.84714569595444,125.111211620597,124.32843963308028,124.68682098388672,,992300
2024-08-28,124.52647213081347,125.44127700902176,124.33785568376808,124.8282699584961,,294000
2024-08-29,125.30925512625824,125.837386980843,124.27185738061355,125.38470458984376,,332400
2024-08-30,125.67708135371292,126.49758540074386,125.16781538531087,126.44100189208984,,290200
2024-09-03,125.88453827327734,126.51641130924736,125.47901361651827,125.90340423583984,,278100
2024-09-04,126.02600656868796,126.74275482290426,125.32810988579745,125.78079223632812,,372600
2024-09-05,126.50697760924228,126.62958477245898,124.74339156856956,125.17720794677734,,418900
2024-09-06,125.19609127432454,125.84683032241348,123.62112145747156,123.74372863769533,,486800
2024-09-09,123.9889286521984,125.38470778784584,123.9700626881924,125.0357666015625,,300100
2024-09-10,125.09235900146726,125.15838268492776,124.17755395404258,124.71512603759766,,225700
2024-09-11,124.38501096503464,124.38501096503464,122.1498766106282,124.06436157226562,,325300
2024-09-12,124.24357241312174,124.6396713256836,123.58339316833744,124.6396713256836,,371000
2024-09-13,124.9225913732571,126.0731560726121,124.9225913732571,126.03543853759766,,267500
2024-09-16,126.57303927518232,127.41239492726145,126.53530734109088,127.2426300048828,,947700
2024-09-17,127.3934872809388,128.04422622120802,126.89364724663294,127.25201416015624,,273400
2024-09-18,127.09169898400778,128.36488521381187,126.84649903634369,127.0445556640625,,301400
2024-09-19,128.1668425718215,128.1668425718215,126.95967988303413,127.75189208984376,,300200
2024-09-20,127.77073773668,127.77073773668,127.02569767054943,127.5632553100586,,219100
2024-09-23,127.88392772122846,128.26116067288402,127.6764452806635,128.01596069335938,,313900
2024-09-24,128.02538013055556,128.6006697071311,127.61041527000742,127.87448120117188,,250600
2024-09-25,128.0366620856351,128.17022183265777,126.93001586349276,127.1303482055664,,232100
2024-09-26,127.4833548205212,128.17977254820846,127.3211761473295,127.92218780517578,,375700
2024-09-27,128.36103456583962,129.19101205210143,128.0748309149803,128.54229736328125,,427700
2024-09-30,128.5613789384475,129.01931064535935,127.95081788615543,128.8571319580078,,380700
2024-10-01,128.79033430928675,128.79033430928675,127.8077129231845,128.41827392578125,,339200
2024-10-02,127.95080118299934,128.61861452916946,127.54058712564748,127.8649444580078,,271400
2024-10-03,127.71230203805705,127.76000507146142,126.806002631062,127.2448501586914,,250000
2024-10-04,127.740913902089,128.10343946766335,127.09219926571512,128.0366668701172,,224900
2024-10-07,127.75047098786224,127.78862468064168,126.3480862282336,126.85370635986328,,417400
2024-10-08,127.07311013899964,127.11127838488432,126.43393031117728,126.7010498046875,,364400
2024-10-09,126.73922034391178,127.74091118424036,126.40531369252167,127.30207824707033,,279800
2024-10-10,127.32117343121698,127.46426797600338,126.4530277077204,126.6915283203125,,323200
2024-10-11,126.98727341120052,128.19886066265343,126.98727341120052,128.10345458984375,,230700
2024-10-14,128.26564227631016,129.0288472416195,127.76002208013908,128.93344116210938,,243200
2024-10-15,129.28641391069047,130.5552388945357,129.2387108776138,129.38180541992188,,338800
2024-10-16,129.8778895366422,130.9463675942579,129.69662674681345,130.82235717773438,,258200
2024-10-17,130.73648419655993,130.88912807621247,130.07823475978628,130.28811645507812,,1186200
2024-10-18,130.4598220815003,130.73647635947995,129.80155812726514,130.58384704589844,,297100
2024-10-21,130.53615391621918,130.83189233966968,129.00020942549594,129.11468505859375,,438300
2024-10-22,128.50412631693123,129.15285554855933,128.12253116203615,128.9906768798828,,253500
2024-10-23,128.4087218670878,129.2100803457688,128.4087218670878,129.20053100585938,,175700
2024-10-24,129.14332107867304,129.31504910799595,128.50414111431445,128.8571319580078,,378600
2024-10-25,129.24826017364748,129.36275037727097,127.4261263836712,127.50243377685548,,285500
2024-10-28,127.88402957583573,129.02882958871348,127.88402957583573,128.7903289794922,,294300
2024-10-29,128.10342849010374,128.10342849010374,127.168510306125,127.23528289794922,,235200
2024-10-30,127.2925293974057,128.704463387715,127.2925293974057,128.16067504882812,,287300
2024-10-31,128.46596212835777,129.50582121387262,128.45641278826628,128.55181884765625,,317300
2024-11-01,128.7139925187815,129.30546930471672,127.30207314739408,127.3783950805664,,300100
2024-11-04,127.2830038512617,127.81724288877788,126.84417088055427,127.2448501586914,,269700
2024-11-05,127.2162433708588,128.72355456021114,126.93003970008584,128.71401977539062,,230100
2024-11-06,131.33752436495664,132.3201457898932,131.0036322191866,132.06256103515625,,827200
2024-11-07,132.05302123678365,132.11025905634688,130.90822117475147,131.18487548828125,,366000
2024-11-08,131.38521402443462,132.17703777731882,131.07039148001644,131.8049774169922,,301300
2024-11-11,132.224735261743,133.46492670618215,132.224735261743,132.7017364501953,,327500
2024-11-12,132.262891830388,132.62541739971658,131.28027052534384,131.79542541503906,,285000
2024-11-13,132.00532757088658,132.66359165643058,131.5760293367694,131.88131713867188,,267200
2024-11-14,131.85269278483486,132.2533720906017,131.48063238969976,131.59510803222656,,262200
2024-11-15,131.47106252543338,132.2247325395475,131.35658690077636,131.96714782714844,,619500
2024-11-18,131.89084168403693,132.96886913504028,131.89084168403693,132.7589874267578,,220900
2024-11-19,131.67141432681376,132.32012896657892,131.18486379006865,132.1865692138672,,291300
2024-11-20,132.33921898365784,132.62542262561988,131.71912322350838,132.60633850097656,,295600
2024-11-21,132.79712254089324,134.49524553801382,132.57770607908654,134.3235321044922,,399300
2024-11-22,134.76238869250673,135.8308813974225,134.63837826549377,135.544677734375,,269700
2024-11-25,136.45096358572673,137.3572629641611,136.39372577021405,136.80393981933594,,311300
2024-11-26,136.43187303228174,136.8325522789102,136.0502779088987,136.7085418701172,,269400
2024-11-27,137.0901251801782,137.4621854883378,136.52726732676848,136.5940399169922,,348800
2024-11-29,136.9661357035733,137.19508697007777,136.42234733178145,136.81349182128906,,186000
2024-12-02,136.9565769786202,136.9565769786202,135.019953345217,135.3252410888672,,577300
2024-12-03,135.68776218019136,135.84040606336944,134.46664022861034,134.51434326171875,,348700
2024-12-04,134.37124239105134,134.47618323617883,133.39815587777122,133.9610137939453,,435000
2024-12-05,133.9896290773577,134.68604672695764,133.96101017099886,134.14227294921875,,382100
2024-12-06,134.32353706497435,134.5715724415278,133.12148475825,133.3599853515625,,434000
2024-12-09,133.74159820485576,133.90377686532156,132.24380745603182,132.32012939453125,,518800
2024-12-10,132.262898433201,132.47278013571932,130.81281064041684,131.8240509033203,,549300
2024-12-11,132.05302081756122,132.23428361688437,130.99407748823566,131.0513153076172,,538400
2024-12-12,131.17533552190687,131.44245504059774,130.73648799438791,130.76512145996094,,450500
2024-12-13,130.79374653321852,131.07040084885838,130.0782446693758,130.66018676757812,,448300
2024-12-16,130.69834639882822,130.86052508183536,129.8397499459848,129.96376037597656,,2053600
2024-12-17,129.43008057159048,129.68053539307812,128.4667724442934,128.75576782226562,,734400
2024-12-18,128.99658091362517,129.05437704319058,124.94104766845705,124.94104766845705,,852800
2024-12-19,125.70207412364584,126.40528489221208,124.79656219482422,124.79656219482422,,1139300
2024-12-20,124.6520556309173,127.06032575283544,124.40160082984696,126.54014587402344,,804500
2024-12-23,126.0970227188716,126.9254682617148,125.55757254193462,126.81950378417967,,973100
2024-12-24,126.8869271303071,127.69610229829898,126.65572792563236,127.64793395996094,,651400
2024-12-26,127.41677454941882,127.9465969776616,126.9447482589996,127.78282165527344,,668600
2024-12-27,127.11814010768911,128.11997403866448,126.62684358188956,127.1084976196289,,931800
2024-12-30,126.28004783489308,126.53051733338962,125.21077531915772,126.11628723144533,,655200
2024-12-31,126.60757983472249,127.01218218233666,125.875470951208,126.47271728515624,,500500
2025-01-02,127.06033603277544,127.48419396035196,125.7598788810735,126.26080322265624,,672400
2025-01-03,126.61721874523566,127.18556699528143,125.96216159519972,127.04107666015624,,361300
2025-01-06,127.33969835015654,127.54198481699892,125.9718026307248,126.193359375,,456500
2025-01-07,126.56905015323206,127.2048370243706,125.56721620085334,126.00070190429688,,409100
2025-01-08,125.69244197256022,126.10667211613396,124.57501570150455,126.07777404785156,,369200
2025-01-10,125.20115742671798,125.59611728332456,123.69839911261188,123.8621597290039,,950100
2025-01-13,123.66948421411183,124.70985860511416,123.44791279363446,124.67131805419922,,532700
2025-01-14,125.26858539476622,126.41492444542484,125.07592670449358,126.3089599609375,,225300
2025-01-15,127.99474631324532,128.59200734809906,127.4649386017727,127.92732238769533,,394900
2025-01-16,127.79246260947106,129.01585337582046,127.40713053041485,129.0062255859375,,1677100
2025-01-17,129.18924270837127,130.16217854375952,129.02548210433054,129.8539276123047,,501100
2025-01-21,130.32595755585209,131.47229664496763,130.32595755585209,131.144775390625,,1044900
2025-01-22,130.86540880851115,130.86540880851115,129.09291076660156,129.09291076660156,,403600
2025-01-23,129.16035547785305,129.82504043754534,128.92915623568143,129.3819122314453,,421600
2025-01-24,129.3144986919299,130.35487331688714,129.2277897823293,130.1429443359375,,283800
2025-01-27,130.02731873977888,131.1351318359375,129.6227311155963,131.1351318359375,,1513900
2025-01-28,130.83650212446824,131.1640233230097,129.52640263138855,130.008056640625,,439600
2025-01-29,129.9502538994882,130.95210253243877,129.5071404148066,129.7094268798828,,394400
2025-01-30,130.3163138658011,131.1254891127145,129.91172624234446,130.7209014892578,,446900
2025-01-31,130.31630768960753,130.86540031614877,129.49748999354514,129.80575561523438,,605500
2025-02-03,127.99475716376328,129.74798516150793,127.3589849163166,129.32412719726562,,547600
2025-02-04,128.95806173598115,129.7094409426996,128.592014621757,129.2759552001953,,529100
2025-02-05,129.26631238506633,129.78649227582653,128.72686221719212,129.69017028808594,,271100
2025-02-06,130.30667819615422,130.52823492202344,129.23740572064457,129.98878479003906,,511700
2025-02-07,129.93100563237954,130.05622569435846,129.03512142560035,129.17962646484375,,440300
2025-02-10,129.69981091070665,129.69981091070665,128.67870660634944,129.44935607910156,,332000
2025-02-11,129.1025623174052,130.2585291570732,128.8039391428735,130.2489013671875,,288100
2025-02-12,129.1796224718431,129.7672410025386,128.69796842041777,129.54566955566406,,458600
2025-02-13,129.70942820306374,130.85576717990557,129.5456675919313,130.7594451904297,,231000
2025-02-14,131.0965921163942,131.81907317108667,130.68237670051622,130.7305450439453,,311300
2025-02-18,130.94246506431145,132.11770214095404,130.6342141108348,132.05990600585938,,360200
2025-02-19,131.85761803680447,132.79202807400608,131.56862266569513,132.65716552734375,,297200
2025-02-20,132.45486622138992,132.5030345670717,131.46266003579018,132.27183532714844,,296200
2025-02-21,132.2621942867133,132.61861355100234,131.48191714115416,131.67457580566406,,358300
2025-02-24,131.91540786100904,132.36816382434236,131.4819221745386,131.9539337158203,,303300
2025-02-25,132.1755119612208,132.43559456715204,131.32779612255987,132.0406494140625,,255500
2025-02-26,132.10806027955283,132.80164322464054,131.51081401530487,131.8672332763672,,368500
2025-02-27,131.88651651678035,132.38742614942802,131.31816826113285,131.4241180419922,,270500
2025-02-28,131.7901765140998,133.10990388446444,131.26999661668117,133.03285217285156,,398400
2025-03-03,133.27367859524077,134.15992026395807,131.65531337925478,132.4066925048828,,540700
2025-03-04,131.86723759292923,131.87686538176283,128.6883181070369,128.8135528564453,,579800
2025-03-05,128.49566773425374,129.4397055628994,127.6672221747318,128.9291534423828,,766900
2025-03-06,128.21631497596417,128.60163233936245,127.13739990040156,128.1007080078125,,386300
2025-03-07,127.94659202835616,129.8153974409975,127.89842368239444,129.37228393554688,,389000
2025-03-10,128.5052942932693,130.22962401873502,127.36859779399632,128.49566650390625,,360000
2025-03-11,128.1392336239153,128.34152007149476,126.30893961387694,126.8580322265625,,574200
2025-03-12,126.96400510759136,127.15666377959572,125.49977274231208,126.14518737792967,,536400
2025-03-13,126.54015432067102,127.3108037509091,125.4516114492504,125.82730102539062,,309400
2025-03-14,126.50164107392924,128.44751307308252,126.29933988249576,128.28375244140625,,242500
2025-03-17,128.27411256178036,129.97915734796842,128.27411256178036,129.57456970214844,,309200
2025-03-18,129.2434958966035,129.5056375534534,128.63185178321768,129.09786987304688,,344300
2025-03-19,129.11729654464492,130.36002137460784,128.9037018256405,129.94253540039062,,1629700
2025-03-20,129.5250484521806,130.0978638494835,129.19495295011927,129.59300231933594,,391600
2025-03-21,129.0784377376335,129.34057937337428,128.17552683539392,128.9036865234375,,393300
2025-03-24,129.418255493521,130.38913510740423,129.418255493521,129.97164916992188,,311700
2025-03-25,130.19497251966723,130.19497251966723,128.8260285995659,129.24349975585938,,276500
2025-03-26,129.3794173829885,130.6804073785717,129.3794173829885,130.010498046875,,234100
2025-03-27,130.00078468539652,130.65128711501245,129.52506311810373,129.93283081054688,,292500
2025-03-28,129.95224978039244,130.23379836638966,128.65125976336046,128.87457275390625,,240800
2025-03-31,128.40854049356113,130.952255316109,128.40854049356113,130.37942504882812,,527600
2025-04-01,130.2726287841797,130.65128608250774,129.01049704754598,130.2726287841797,,576900
2025-04-02,129.57359011951422,131.11728503494362,129.56387184285427,130.9328155517578,,273100
2025-04-03,128.84544580534538,128.84544580534538,125.22405401814969,125.29202270507812,,952600
2025-04-04,122.87452143565572,123.12695220902684,118.13663159140664,118.51527404785156,,1869300
2025-04-07,115.48612581372272,120.99101879221124,113.43756925881904,117.01040649414062,,1125700
2025-04-08,120.37936594051652,120.37936594051652,113.44728581994168,114.92302703857422,,754200
2025-04-09,113.48612622062414,122.58327157042876,112.56379347924022,122.09783172607422,,1027100
2025-04-10,120.56384115989071,120.56384115989071,116.03953821302042,118.65120697021484,,719800
2025-04-11,118.68032355916206,120.84538838707417,117.25312932197107,120.42790985107422,,321500
2025-04-14,122.02015766403666,122.94249039098916,121.2434509623326,122.4861831665039,,494400
2025-04-15,122.73860330650852,123.48618478341692,122.0589905158862,122.1754913330078,,236400
2025-04-16,122.31142065441853,122.8162748094766,120.18519186645666,120.84539031982422,,316100
2025-04-17,121.34054432909538,123.28230366770822,121.12694961669212,122.19491577148438,,704700
2025-04-21,121.7580220183556,121.7580220183556,118.90363344055736,120.00072479248048,,1229700
2025-04-22,121.20461921282444,123.22405078355771,121.04928231127346,122.92308044433594,,334300
2025-04-23,124.28229237994032,125.56386056408282,122.66092522414576,123.22403717041016,,475400
2025-04-24,123.25316354767598,124.92307766231716,122.6803481331454,124.670654296875,,293800
2025-04-25,124.41822645005682,124.41822645005682,123.30172073141784,123.9425048828125,,219600
2025-04-28,124.18522161379155,124.76774052463018,123.70948524432588,124.55414581298828,,232800
2025-04-29,124.2920211457928,125.48619900764596,123.99104340719862,125.1463851928711,,316900
2025-04-30,124.4376416552346,124.97162842001326,122.54442932051712,124.64153289794922,,296800
2025-05-01,124.7968667893661,125.57357349152896,123.9813314185968,124.33084869384766,,409300
2025-05-02,125.45706509570904,126.27260041723338,124.91337488135947,126.0007553100586,,236400
2025-05-05,125.47649226463776,126.10755811621418,124.88425508100308,125.4667739868164,,303200
2025-05-06,124.80658883565056,125.83571895094848,124.60269757957806,124.99105834960938,,301400
2025-05-07,125.22404754039566,126.1366767411238,124.85512336362576,125.35997009277344,,242900
2025-05-08,126.16580957847768,127.1852361902202,125.58329066780196,125.99105834960938,,359400
2025-05-09,126.37940154631148,126.37940154631148,125.50561579204415,125.85513305664062,,304200
2025-05-12,128.28232902356365,128.77747229691903,127.31144940286478,128.0201873779297,,491700
2025-05-13,128.08815215358803,128.389137305767,127.3308671701217,127.6415557861328,,372800
2025-05-14,127.55416871290868,127.55416871290868,126.1658031582744,126.92308807373048,,402500
2025-05-15,127.07843626606024,128.651256551879,127.03960759857918,128.62213134765625,,398500
2025-05-16,128.60270881137194,129.92310556217492,128.32114545213128,129.88426208496094,,298800
2025-05-19,128.9231065513866,130.05904881689543,128.91340308776068,130.0396270751953,,385000
2025-05-20,129.9134090364513,130.4862244984711,129.563891755237,129.8163299560547,,203100
2025-05-21,129.0590224780927,129.10756942262256,126.7094955444336,126.7094955444336,,230300
2025-05-22,126.48619296352204,126.9328040973868,125.2822969276472,126.27259826660156,,323000
2025-05-23,125.30172186573036,126.76775957877912,125.20464279202776,126.52503967285156,,291200
2025-05-27,127.6124240427109,128.36000552404712,126.93281124806336,128.28233337402344,,529100
2025-05-28,128.1366886096127,128.22407903474053,126.42794580481194,126.58329010009766,,232100
2025-05-29,126.69979047536792,127.2726058959961,125.942505556533,127.2726058959961,,269800
2025-05-30,126.83571573702544,127.84542404554225,126.4473698063146,127.35028076171876,,384400
2025-06-02,127.05901495619598,127.1366871058694,125.76774324496512,127.12698364257812,,407900
2025-06-03,126.92309086166108,128.10756520456064,126.36969717180176,127.923095703125,,333000
2025-06-04,128.02019058074177,128.0590192481843,126.7774658203125,126.7774658203125,,269200
2025-06-05,127.15610663482528,127.15610663482528,126.20464874316168,126.53474426269533,,395300
2025-06-06,127.37940656077429,127.96194027400914,127.22406226198528,127.81629943847656,,238200
2025-06-09,128.13669148044306,128.50563048640066,127.66096993533743,127.75804901123048,,353800
2025-06-10,127.93282269888424,129.01049976252108,127.85515054485788,128.68038940429688,,295400
2025-06-11,129.0687462710358,129.0687462710358,128.0687413916682,128.4182586669922,,265200
2025-06-12,128.23378813903133,128.758056640625,127.55417533531806,128.758056640625,,285100
2025-06-13,128.26291271130592,128.61242998212728,127.0687348753529,127.36970520019533,,420200
2025-06-16,128.17630793491364,128.7251565370171,127.7352699478664,128.0782928466797,,1644000
2025-06-17,127.82347738014364,127.97050001574488,126.93159090450662,126.98059844970705,,462100
2025-06-18,127.11781320396416,128.08810878077242,126.7845858177888,127.32363891601562,,673800
2025-06-20,127.87249567776188,128.20572308513985,127.4804651932001,127.74507904052734,,578900
2025-06-23,127.92150763048755,128.9995989776455,127.35305293980215,128.9407958984375,,591900
2025-06-24,129.11720633042083,130.0090778616991,129.11720633042083,129.57785034179688,,339300
2025-06-25,129.21520206818136,129.21520206818136,128.0293002575655,128.0782928466797,,440200
2025-06-26,128.4801516821048,129.37203826235708,128.46056062572916,129.35243225097656,,309100
2025-06-27,129.4700345053362,130.11688323662273,128.8623678810936,129.5092315673828,,290400
2025-06-30,129.46022678278698,130.33250724319137,129.2348100224586,130.1658935546875,,561000
2025-07-01,130.10709227069515,133.2923883149871,130.10709227069515,132.66513061523438,,508000
2025-07-02,132.91994960943072,133.63542687687362,132.4103130072837,133.4982147216797,,421900
2025-07-03,133.64522351945942,134.34109478339585,133.57660996378814,133.929443359375,,256200
2025-07-07,133.5570257478185,133.9392606996922,132.24369223560777,132.78274536132812,,387900
2025-07-08,132.74355274113455,133.61583329923988,132.31231022611536,133.25320434570312,,327000
2025-07-09,133.80204417025018,133.80204417025018,132.635733342205,133.34140014648438,,483800
2025-07-10,133.09637994651297,134.79193343314012,132.87096317147103,134.40969848632812,,290700
2025-07-11,133.62563013398812,133.9784635629082,132.97876635513384,133.47862243652344,,261500
2025-07-14,133.15518411736335,133.5962221434656,132.64553253242087,133.39041137695312,,437900
2025-07-15,133.2727974187149,133.51782021913797,131.21461486816406,131.21461486816406,,444200
2025-07-16,131.49882086810814,131.85165426170644,130.4109191507636,131.64584350585938,,596900
2025-07-17,131.29301496982316,132.49852287796725,131.27340895973026,132.3319091796875,,1329400
2025-07-18,132.72393716034014,133.26299026524734,132.4985203910166,132.91995239257812,,461300
2025-07-21,133.36101120786938,134.07647356666877,132.87096562827998,132.9983673095703,,440800
2025-07-22,132.8415438245635,134.88994563116574,132.8415438245635,134.78213500976562,,492600
2025-07-23,135.27217735708973,135.78181395978322,135.11535919241328,135.7720184326172,,375100
2025-07-24,135.22317724953118,135.6544197486113,134.54691196279225,134.63511657714844,,398000
2025-07-25,134.8115313165088,135.42897852875024,134.11566006810597,135.3309783935547,,585900
2025-07-28,135.1741691335274,135.1741691335274,133.83144904839543,134.0078582763672,,418100
2025-07-29,134.16467929527568,134.44889915359454,133.75304279960474,134.2528839111328,,356300
2025-07-30,133.99806169480908,134.3312890928043,132.32209926723843,132.95916748046875,,229100
2025-07-31,132.1750779174936,133.2825855754865,132.03786577044158,132.36129760742188,,361300
2025-08-01,131.86145175816372,132.116285018737,130.18550432979487,131.2635955810547,,326700
2025-08-04,131.62624223808365,132.9101592303439,131.5870302179361,132.74354553222656,,302100
2025-08-05,132.7729426537764,133.32179127755614,132.29269263046743,133.09637451171875,,314800
2025-08-06,133.5276090636427,133.5276090636427,132.50830600426238,132.57691955566406,,453600
2025-08-07,132.94935392966366,133.43939948776045,132.0378763700053,132.91995239257812,,357100
2025-08-08,133.24338873158297,133.8608509411286,133.0865705585231,133.39041137695312,,248800
2025-08-11,133.5570176032022,134.32148746033042,132.75333572750148,133.08656311035156,,285800
2025-08-12,133.4002049819857,134.62531890072592,133.3904094544372,134.605712890625,,232800
2025-08-13,134.7723328261668,136.55610595280655,134.65472667012625,136.5463104248047,,254700
2025-08-14,135.65441299543323,136.1836556102275,135.05655682510823,135.98764038085938,,202100
2025-08-15,136.0954562661131,136.36008506125103,135.31138036329946,135.4387969970703,,236400
2025-08-18,135.39957781539638,135.6642065965381,135.02715337138548,135.1349639892578,,254200
2025-08-19,135.2525800705106,136.76191387660282,135.2525800705106,136.30128479003906,,280700
2025-08-20,136.3600840538272,137.40877378902712,136.3600840538272,136.66390991210938,,210700
2025-08-21,136.33068119955237,136.76190873149537,136.05625688149607,136.43849182128906,,168700
2025-08-22,137.10494786340732,139.58457723107784,137.03634926076626,139.34934997558594,,397100
2025-08-25,138.9867258338944,139.12393799891075,138.3692636138186,138.3790740966797,,389200
2025-08-26,138.49666344230891,138.67308760734926,137.91841331384825,138.3594512939453,,283500
2025-08-27,138.1928476980665,139.3297569846415,138.1928476980665,139.1141357421875,,274900
2025-08-28,139.3983534547273,139.3983534547273,137.92821679956882,138.46726989746094,,410800
2025-08-29,138.4084783238672,139.34935748654064,138.4084783238672,139.03573608398438,,245300
2025-09-02,138.23204285883494,138.53588366356547,137.4087699198963,138.26145935058594,,273500
2025-09-03,137.80081738698516,138.4966737070447,137.291165817432,138.0850372314453,,237900
2025-09-04,138.6731098851125,139.07493591308594,138.20265533942828,139.07493591308594,,260100
2025-09-05,139.11413657174396,139.9864170741445,138.2516515967848,138.91812133789062,,339700
2025-09-08,138.87890565400238,138.87890565400238,137.34017040609703,138.25164794921875,,389700
2025-09-09,138.16343546048793,138.76129159462542,138.0458293209863,138.3496551513672,,389400
2025-09-10,138.11444100499855,138.5358879698196,137.28137251291673,138.3202667236328,,270400
2025-09-11,138.251650740704,139.80999202944355,138.10464305497524,139.73159790039062,,255700
2025-09-12,139.31015005453162,139.73159700927243,139.00632420262733,139.1043243408203,,208600
2025-09-15,139.5747782501709,139.5747782501709,138.339853883148,138.47706604003906,,1054700
2025-09-16,138.53245113942415,138.73021035607917,137.4546354957413,137.66229248046875,,372600
2025-09-17,137.7809494047227,139.75857181072035,137.7018426979154,138.32479858398438,,343100
2025-09-18,138.5027867983379,139.21471695444876,137.88971361759715,138.87852478027344,,427700
2025-09-19,139.27406358635648,139.27406358635648,138.25558925717374,138.71043395996094,,371900
2025-09-22,138.46323656252162,138.92797905180393,138.15670749258263,138.45335388183594,,266100
2025-09-23,138.56212269943202,140.00577864811936,138.56212269943202,139.37294006347656,,269900
2025-09-24,139.6102500172037,140.0057684457604,139.27405784412443,139.44215393066406,,190700
2025-09-25,139.18506463105862,139.39272163008712,138.15670758079435,138.39402770996094,,232100
2025-09-26,138.69065248267748,139.92666647378667,138.69065248267748,139.77835083007812,,227300
2025-09-29,140.07499711980293,140.07499711980293,138.98729877306815,139.83767700195312,,346100
2025-09-30,139.59046858319536,140.62872331089784,139.17516970972653,140.51007080078125,,392000
2025-10-01,140.5397335960681,141.0242414032726,140.3221939359948,140.74737548828125,,296000
2025-10-02,140.46063240959162,140.99458381288383,139.86733966099018,140.40130615234375,,310100
2025-10-03,140.65839555395718,141.99329673152172,140.65839555395718,141.50877380371094,,316600
2025-10-06,141.736186231173,142.121821975093,141.08356725282815,141.28134155273438,,494400
2025-10-07,141.56809046996383,141.904282639675,140.5594988727697,140.80670166015625,,318200
2025-10-08,141.17258284704172,141.28135268533663,140.08488446409248,140.32220458984375,,257000
2025-10-09,140.35186884132474,140.71772416939456,138.96752406213747,139.10595703125,,235100
2025-10-10,139.41248834342682,139.75856319029327,136.56470742626402,136.61415100097656,,524100
2025-10-13,137.35576826074313,138.3247990180657,137.06900456165909,137.9095001220703,,319300
2025-10-14,137.17777273340275,139.90690128548934,137.17777273340275,139.54103088378906,,252200
2025-10-15,140.08487473392117,140.76715684601118,138.8884216838435,139.85745239257812,,217200
2025-10-16,139.97610691456512,140.03543317071922,137.48429853966636,137.72161865234375,,1114800
2025-10-17,138.09737597258825,138.75987766678583,137.840275403932,138.62144470214844,,233000
2025-10-20,139.185063203688,139.82779955556614,139.0664106843526,139.69924926757812,,222800
2025-10-21,139.60036202173063,140.193654794159,139.3037307235784,139.75857543945312,,177400
2025-10-22,139.60036215329856,140.26287895462812,139.09607385790255,139.66958618164062,,305300
2025-10-23,140.12444572205035,140.35186807977362,139.20484343445818,139.84756469726562,,296400
2025-10-24,140.6386157160328,141.44944815939485,140.61885035502044,140.97482299804688,,337300
2025-10-27,141.24178609653862,141.2516838647515,140.3123011682048,140.8759307861328,,264300
2025-10-28,140.79683024717175,140.94514589624788,139.67946873059188,139.75857543945312,,292700
2025-10-29,139.85745839998046,140.14420700894203,138.26547176607562,138.82908630371094,,542600
2025-10-30,137.95893868287658,139.1751721974942,137.840271082578,137.8996124267578,,367100
2025-10-31,137.43487522873957,138.03805066912938,136.9305718563107,137.61285400390625,,453100
2025-11-03,137.30632035783194,137.30632035783194,135.62534437801995,137.06900024414062,,333500
2025-11-04,136.27795891621676,136.92068012368634,135.96153210831375,136.55482482910156,,345100
2025-11-05,136.76247098520128,137.9886022719761,136.76247098520128,137.3359832763672,,264900
2025-11-06,137.12832645997108,138.16658121097927,137.06900020358108,137.2173309326172,,337300
2025-11-07,137.1085597693076,138.66098545267087,137.0195703855862,138.64122009277344,,418200
2025-11-10,139.14551815024032,139.3234969302117,138.0182739462355,138.9576416015625,,312700
2025-11-11,139.16528727325908,140.3815207682632,139.16528727325908,140.2134246826172,,366500
2025-11-12,140.1541032273505,141.1527970955892,140.1541032273505,140.49029541015625,,288000
2025-11-13,140.33208311551616,140.5990663630739,139.214721635938,139.36305236816406,,408100
2025-11-14,139.125732507776,139.51136827138149,138.31491517140154,139.06640625,,354400
2025-11-17,138.97741852027906,139.1751777445773,136.95035252308318,137.3458709716797,,476800
2025-11-18,137.05912690260217,138.78954657667612,136.92069393219873,138.00839233398438,,424000
2025-11-19,137.53375307904236,137.8303994715204,136.31751946675092,136.88113403320312,,574800
2025-11-20,137.50408089691962,138.47311163303326,135.69455461879042,135.79344177246094,,661800
2025-11-21,136.24828893757777,139.1257331576465,136.23840625725612,138.38412475585938,,792300
2025-11-24,138.38412953847762,139.10595751650652,137.69196469050044,138.7796630859375,,517800
2025-11-25,138.99719603231733,140.52984130429246,138.99719603231733,140.3123016357422,,520200
2025-11-26,140.40130007059568,141.88451678978956,140.3617391754365,141.39999389648438,,322100
2025-11-28,141.43954929604607,142.1613923450797,141.43954929604607,141.9537353515625,,236700
2025-12-01,141.22202571963498,141.9438536857666,140.80671172963187,140.9154815673828,,359200
2025-12-02,141.10335949132062,141.1528030704288,139.6003621971918,139.63992309570312,,537500
2025-12-03,139.99588489699158,140.65838655914575,139.96622176943697,140.3024139404297,,425600
2025-12-04,140.1442108547525,140.74738630621428,139.8376817887421,140.23321533203125,,423400
2025-12-05,140.09476723208465,140.99458906871686,140.08488455152877,140.26287841796875,,1167300
2025-12-08,140.37164388313283,140.4111896921864,139.28394553339132,139.45204162597656,,308800
2025-12-09,139.63003013075848,140.7276111186456,139.63003013075848,139.67945861816406,,502300
2025-12-10,139.80801708947337,141.8944093567077,139.6794668033398,141.65708923339844,,423900
2025-12-11,141.48898682950636,143.4072829152311,141.48898682950636,142.92276000976562,,463700
2025-12-12,143.27873301396082,143.38750284657513,142.1119430714266,142.53712463378906,,362200
2025-12-15,143.15020263857986,143.3776249914953,142.22071769006237,142.81399536132812,,472200
2025-12-16,142.8699951171875,143.2100067138672,141.22000122070312,141.7100067138672,,533000
2025-12-17,142.02000427246094,142.69000244140625,141.72000122070312,142.14999389648438,,433100
2025-12-18,142.50999450683594,143.2100067138672,141.91000366210938,142.24000549316406,,561500
2025-12-19,142.3800048828125,142.74000549316406,141.77999877929688,141.8800048828125,,484900
2025-12-22,142.0,142.47000122070312,141.9499969482422,142.3699951171875,,570700
2025-12-23,142.22999572753906,142.47999572753906,141.91000366210938,141.97999572753906,,335900
2025-12-24,141.99000549316406,142.6699981689453,141.99000549316406,142.57000732421875,,195000
2025-12-26,142.52000427246094,142.77000427246094,142.14999389648438,142.6199951171875,,302600
2025-12-29,142.4600067138672,142.8300018310547,142.22000122070312,142.3000030517578,,724500
2025-12-30,142.47999572753906,142.5,142.07000732421875,142.2100067138672,,334300
2025-12-31,142.22999572753906,142.22999572753906,141.0800018310547,141.13999938964844,,398500
2026-01-02,141.5,143.10000610351562,140.42999267578125,142.6300048828125,,701700
2026-01-05,142.80999755859375,143.7899932861328,142.5399932861328,143.60000610351562,,1634600
2026-01-06,143.44000244140625,145.16000366210938,143.44000244140625,145.0500030517578,,2040900
2026-01-07,145.1999969482422,145.1999969482422,142.5399932861328,142.6999969482422,,624400
2026-01-08,142.6300048828125,145.38999938964844,142.49000549316406,144.91000366210938,,639800
2026-01-09,145.32000732421875,146.0,145.16000366210938,145.6300048828125,,446800
2026-01-12,145.17999267578125,145.42999267578125,144.5500030517578,145.2899932861328,,654700
2026-01-13,145.6199951171875,146.07000732421875,144.89999389648438,145.25,,549900
2026-01-14,145.4499969482422,147.25999450683594,145.25999450683594,146.99000549316406,,594600
2026-01-15,147.10000610351562,148.19000244140625,146.86000061035156,147.83999633789062,,504400
2026-01-16,147.4199981689453,147.8300018310547,146.9600067138672,147.52000427246094,,478000
2026-01-20,146.2899932861328,147.22999572753906,145.8699951171875,146.24000549316406,,828500
2026-01-21,147.00999450683594,149.22000122070312,147.00999450683594,148.97000122070312,,543600
2026-01-22,149.08999633789062,149.77000427246094,148.4600067138672,148.72000122070312,,633900
2026-01-23,148.52999877929688,148.57000732421875,147.13999938964844,147.88999938964844,,486800
2026-01-26,148.3699951171875,149.47000122070312,148.36000061035156,148.94000244140625,,482200
2026-01-27,148.80999755859375,149.64999389648438,148.52999877929688,149.49000549316406,,384700
2026-01-28,149.52000427246094,150.66000366210938,149.39999389648438,149.85000610351562,,566400
2026-01-29,150.85000610351562,151.9199981689453,149.47000122070312,150.16000366210938,,874700
2026-01-30,150.02999877929688,150.50999450683594,148.6999969482422,150.4600067138672,,412800
2026-02-02,150.08999633789062,151.24000549316406,149.82000732421875,151.1699981689453,,1001200
2026-02-03,150.89999389648438,153.10000610351562,150.89999389648438,152.66000366210938,,538300
2026-02-04,153.4199981689453,154.85000610351562,153.25999450683594,154.33999633789062,,499000
2026-02-05,154.14999389648438,154.27000427246094,152.6999969482422,153.25,,457300
2026-02-06,154.5,155.61000061035156,154.5,155.44000244140625,,387500
2026-02-09,155.33999633789062,155.49000549316406,154.3800048828125,155.05999755859375,,285500
2026-02-10,154.9499969482422,156.1199951171875,154.88999938964844,155.77000427246094,,284100
2026-02-11,156.1999969482422,157.02000427246094,156.1999969482422,156.8800048828125,,375100
2026-02-12,157.30999755859375,158.82000732421875,156.16000366210938,156.33999633789062,,630500
2026-02-13,155.97000122070312,158.38999938964844,155.8300018310547,157.92999267578125,,806200
2026-02-17,158.0,160.3800048828125,156.2899932861328,156.97000122070312,,410500
2026-02-18,156.8699951171875,157.42999267578125,156.27999877929688,156.47999572753906,,336200
2026-02-19,156.44000244140625,156.8300018310547,155.69000244140625,156.36000061035156,,394600
2026-02-20,156.07000732421875,156.8699951171875,155.39999389648438,156.80999755859375,,346900
2026-02-23,156.4499969482422,157.47999572753906,154.5399932861328,155.22999572753906,,272500
2026-02-24,154.97000122070312,155.77000427246094,154.8000030517578,155.49000549316406,,338300
2026-02-25,155.83999633789062,156.27000427246094,154.41000366210938,156.14999389648438,,251200
2026-02-26,156.17999267578125,157.33999633789062,155.85000610351562,156.67999267578125,,337500
2026-02-27,156.05999755859375,156.41000366210938,155.19000244140625,156.27999877929688,,308400
2026-03-02,155.61000061035156,156.5399932861328,155.08999633789062,155.94000244140625,,386000
2026-03-03,153.67999267578125,154.77000427246094,151.6199951171875,154.11000061035156,,691600
2026-03-04,154.22999572753906,155.30999755859375,153.47999572753906,154.83999633789062,,330400
2026-03-05,153.9199981689453,154.3699951171875,152.5,153.44000244140625,,432300
2026-03-06,152.1300048828125,152.6999969482422,150.32000732421875,152.4199981689453,,351800
2026-03-09,151.3000030517578,152.4499969482422,149.05999755859375,152.02999877929688,,487100
2026-03-10,152.0,153.08999633789062,150.8800048828125,151.57000732421875,,384900
2026-03-11,151.42999267578125,151.60000610351562,150.3699951171875,151.0800018310547,,335200
2026-03-12,150.35000610351562,152.0,149.82000732421875,150.47000122070312,,1108400
2026-03-13,151.33999633789062,152.22999572753906,150.3699951171875,150.57000732421875,,375030
