Date,open,high,low,close,adj close,volume
2019-11-04,25.280000686645508,25.280000686645508,25.24099922180176,25.24099922180176,25.095781326293945,500
2019-11-05,25.209999084472656,25.229999542236328,25.190000534057617,25.209999084472656,25.064960479736328,78200
2019-11-06,25.21500015258789,25.21500015258789,25.200000762939453,25.211000442504883,25.065956115722656,3300
2019-11-07,25.31999969482422,25.3700008392334,25.2509994506836,25.2509994506836,25.1057243347168,6500
2019-11-08,25.26000022888184,25.299999237060547,25.21999931335449,25.299999237060547,25.154443740844727,10000
2019-11-11,25.350000381469727,25.350000381469727,25.229999542236328,25.25900077819824,25.11367988586425,2200
2019-11-12,25.32999992370605,25.34000015258789,25.290000915527344,25.29199981689453,25.1464900970459,6400
2019-11-13,25.2450008392334,25.332000732421875,25.2450008392334,25.332000732421875,25.186260223388672,200
2019-11-14,25.299999237060547,25.308000564575195,25.25200080871582,25.29599952697754,25.150466918945312,10300
2019-11-15,25.39999961853028,25.520000457763672,25.39999961853028,25.459999084472656,25.313522338867188,27300
2019-11-18,25.450000762939453,25.520000457763672,25.450000762939453,25.50300025939941,25.35627555847168,15300
2019-11-19,25.51000022888184,25.530000686645508,25.483999252319336,25.488000869750977,25.34136199951172,3600
2019-11-20,25.440000534057617,25.440000534057617,25.363000869750977,25.363000869750977,25.21708106994629,2500
2019-11-21,25.350000381469727,25.350000381469727,25.32999992370605,25.32999992370605,25.18427085876465,100
2019-11-22,25.40999984741211,25.40999984741211,25.32999992370605,25.375,25.22901153564453,6100
2019-11-25,25.51099967956543,25.57299995422364,25.51099967956543,25.57099914550781,25.42388343811035,7500
2019-11-26,26.81999969482422,26.81999969482422,25.59000015258789,25.61599922180176,25.468624114990234,1200
2019-11-27,25.700000762939453,25.711000442504883,25.700000762939453,25.711000442504883,25.56307983398437,1100
2019-11-29,25.6299991607666,25.6299991607666,25.57999992370605,25.584999084472656,25.437803268432617,600
2019-12-02,25.549999237060547,25.549999237060547,25.39800071716309,25.39800071716309,25.25188064575196,300
2019-12-03,25.14800071716309,25.26000022888184,25.13999938964844,25.26000022888184,25.11467361450196,2500
2019-12-04,25.44300079345703,25.489999771118164,25.43899917602539,25.43899917602539,25.29264259338379,800
2019-12-05,25.45499992370605,25.45499992370605,25.39999961853028,25.42099952697754,25.274747848510746,25700
2019-12-06,25.65999984741211,25.71500015258789,25.65999984741211,25.683000564575195,25.535240173339844,3400
2019-12-09,25.64999961853028,25.64999961853028,25.60099983215332,25.60099983215332,25.453712463378903,1700
2019-12-10,25.6299991607666,25.6299991607666,25.57200050354004,25.57200050354004,25.42487907409668,1700
2019-12-11,25.61000061035156,25.65999984741211,25.600000381469727,25.65999984741211,25.51237297058105,700
2019-12-12,25.729999542236328,25.88999938964844,25.729999542236328,25.8799991607666,25.73110580444336,53000
2019-12-13,26.0,26.0,25.75200080871582,25.888999938964844,25.74005508422852,1800
2019-12-16,26.14999961853028,26.15999984741211,26.07999992370605,26.09000015258789,25.93989944458008,14300
2019-12-17,26.11000061035156,26.117000579833984,26.097000122070312,26.097000122070312,25.94685745239257,4800
2019-12-18,26.07999992370605,26.63500022888184,26.07999992370605,26.090999603271484,25.940893173217773,11100
2019-12-19,26.198999404907227,26.198999404907227,26.198999404907227,26.198999404907227,26.04827117919922,500
2019-12-20,26.290000915527344,26.315000534057617,26.27499961853028,26.315000534057617,26.163604736328125,18800
2019-12-23,26.354999542236328,26.354999542236328,26.31399917602539,26.31399917602539,26.1626091003418,2100
2019-12-24,26.299999237060547,26.309999465942383,26.26000022888184,26.309999465942383,26.158632278442383,3100
2019-12-26,26.36000061035156,26.420000076293945,26.36000061035156,26.420000076293945,26.26799964904785,700
2019-12-27,26.420000076293945,26.420000076293945,26.27899932861328,26.27899932861328,26.27899932861328,3900
2019-12-30,26.22800064086914,26.22800064086914,26.13800048828125,26.190000534057617,26.190000534057617,7400
2019-12-31,26.209999084472656,26.209999084472656,26.06999969482422,26.20199966430664,26.20199966430664,6900
2020-01-02,26.246000289916992,26.40900039672852,26.246000289916992,26.40900039672852,26.40900039672852,9300
2020-01-03,26.26000022888184,26.40399932861328,26.26000022888184,26.30299949645996,26.30299949645996,8800
2020-01-06,26.290000915527344,26.3759994506836,26.290000915527344,26.3759994506836,26.3759994506836,5300
2020-01-07,26.27300071716309,26.299999237060547,26.27300071716309,26.290000915527344,26.290000915527344,3200
2020-01-08,26.280000686645508,26.46999931335449,26.280000686645508,26.374000549316406,26.374000549316406,3200
2020-01-09,26.54199981689453,26.565000534057617,26.48200035095215,26.565000534057617,26.565000534057617,76300
2020-01-10,26.57999992370605,26.59000015258789,26.479999542236328,26.48600006103516,26.48600006103516,46800
2020-01-13,26.559999465942383,26.64900016784668,26.559999465942383,26.64900016784668,26.64900016784668,1700
2020-01-14,26.6200008392334,26.700000762939453,26.549999237060547,26.59000015258789,26.59000015258789,11400
2020-01-15,26.67300033569336,26.67300033569336,26.645999908447266,26.645999908447266,26.645999908447266,1000
2020-01-16,26.809999465942383,26.864999771118164,26.804000854492188,26.864999771118164,26.864999771118164,4600
2020-01-17,26.90999984741211,26.96999931335449,26.89999961853028,26.9689998626709,26.9689998626709,23600
2020-01-21,26.950000762939453,26.979999542236328,26.88999938964844,26.89999961853028,26.89999961853028,14500
2020-01-22,26.940000534057617,26.940000534057617,26.940000534057617,26.940000534057617,26.940000534057617,100
2020-01-23,26.799999237060547,26.94499969482422,26.790000915527344,26.94499969482422,26.94499969482422,4200
2020-01-24,26.927000045776367,26.927000045776367,26.632999420166016,26.69799995422364,26.69799995422364,19300
2020-01-27,26.5,26.51000022888184,26.299999237060547,26.316999435424805,26.316999435424805,15300
2020-01-28,26.479999542236328,26.586000442504883,26.479999542236328,26.586000442504883,26.586000442504883,3300
2020-01-29,26.530000686645508,26.6200008392334,26.530000686645508,26.54700088500977,26.54700088500977,800
2020-01-30,26.367000579833984,26.64999961853028,26.30500030517578,26.64999961853028,26.64999961853028,20800
2020-01-31,26.520000457763672,26.530000686645508,26.100000381469727,26.14200019836425,26.14200019836425,16300
2020-02-03,26.38500022888184,26.38500022888184,26.270000457763672,26.34600067138672,26.34600067138672,2000
2020-02-04,26.72699928283692,26.72699928283692,26.722999572753903,26.722999572753903,26.722999572753903,200
2020-02-05,26.86000061035156,27.040000915527344,26.86000061035156,26.999000549316406,26.999000549316406,3900
2020-02-06,27.08799934387207,27.1259994506836,27.08799934387207,27.1259994506836,27.1259994506836,2400
2020-02-07,27.1200008392334,27.1200008392334,26.9950008392334,27.007999420166016,27.007999420166016,2900
2020-02-10,27.138999938964844,27.138999938964844,27.138999938964844,27.138999938964844,27.138999938964844,0
2020-02-11,27.354999542236328,27.3799991607666,27.20499992370605,27.20499992370605,27.20499992370605,10800
2020-02-12,27.364999771118164,27.413000106811523,27.36000061035156,27.413000106811523,27.413000106811523,1600
2020-02-13,27.308000564575195,27.450000762939453,27.308000564575195,27.34000015258789,27.34000015258789,31900
2020-02-14,27.3700008392334,27.43000030517578,27.3700008392334,27.41699981689453,27.41699981689453,1600
2020-02-18,27.3799991607666,27.3799991607666,27.239999771118164,27.35700035095215,27.35700035095215,10700
2020-02-19,27.51000022888184,27.52199935913086,27.479999542236328,27.49099922180176,27.49099922180176,2000
2020-02-20,27.513999938964844,27.513999938964844,27.21999931335449,27.31100082397461,27.31100082397461,11800
2020-02-21,28.030000686645508,28.030000686645508,27.040000915527344,27.07900047302246,27.07900047302246,14900
2020-02-24,26.410999298095703,26.410999298095703,26.1299991607666,26.270000457763672,26.270000457763672,13600
2020-02-25,26.0,26.0,25.350000381469727,25.42799949645996,25.42799949645996,5800
2020-02-26,25.280000686645508,25.334999084472656,25.280000686645508,25.334999084472656,25.334999084472656,100
2020-02-27,24.84000015258789,24.924999237060547,24.3439998626709,24.3439998626709,24.3439998626709,12100
2020-02-28,23.780000686645508,24.18000030517578,23.26000022888184,24.18000030517578,24.18000030517578,200200
2020-03-02,24.38999938964844,25.18000030517578,24.1299991607666,25.18000030517578,25.18000030517578,4100
2020-03-03,25.07999992370605,25.34499931335449,24.34000015258789,24.440000534057617,24.440000534057617,12100
2020-03-04,24.799999237060547,25.30500030517578,24.780000686645508,25.30500030517578,25.30500030517578,8900
2020-03-05,24.82299995422364,24.82299995422364,24.61000061035156,24.683000564575195,24.683000564575195,6900
2020-03-06,24.09499931335449,24.395999908447266,24.01000022888184,24.395999908447266,24.395999908447266,1600
2020-03-09,23.1200008392334,23.165000915527344,22.74099922180176,22.74099922180176,22.74099922180176,1000
2020-03-10,22.900999069213867,23.566999435424805,22.770000457763672,23.566999435424805,23.566999435424805,11000
2020-03-11,23.0,23.0,22.5,22.864999771118164,22.864999771118164,4100
2020-03-12,21.489999771118164,21.645000457763672,20.770000457763672,20.780000686645508,20.780000686645508,29200
2020-03-13,21.5,22.30699920654297,21.290000915527344,22.30699920654297,22.30699920654297,8700
2020-03-16,20.73900032043457,20.73900032043457,20.35300064086914,20.35300064086914,20.35300064086914,4000
2020-03-17,21.15999984741211,21.15999984741211,20.86199951171875,20.86199951171875,20.86199951171875,700
2020-03-18,20.350000381469727,20.350000381469727,19.32999992370605,20.07999992370605,20.07999992370605,6100
2020-03-19,20.090999603271484,20.090999603271484,20.090999603271484,20.090999603271484,20.090999603271484,100
2020-03-20,20.20199966430664,20.350000381469727,19.71199989318848,19.71199989318848,19.71199989318848,44900
2020-03-23,19.61000061035156,19.75,19.489999771118164,19.61199951171875,19.61199951171875,22300
2020-03-24,20.350000381469727,20.479999542236328,20.145000457763672,20.479999542236328,20.479999542236328,4300
2020-03-25,20.920000076293945,20.920000076293945,20.63999938964844,20.64699935913086,20.64699935913086,7400
2020-03-26,20.89999961853028,21.05699920654297,20.86000061035156,21.05699920654297,21.05699920654297,9600
2020-03-27,20.920000076293945,20.96500015258789,20.882999420166016,20.882999420166016,20.882999420166016,22100
2020-03-30,21.850000381469727,21.850000381469727,21.084999084472656,21.187000274658203,21.187000274658203,3200
2020-03-31,21.28199958801269,21.28199958801269,21.05900001525879,21.05900001525879,21.05900001525879,4100
2020-04-01,20.6299991607666,20.89699935913086,20.59000015258789,20.79199981689453,20.79199981689453,3700
2020-04-02,18.586084842618195,18.638316933699784,18.246572099517262,18.385860443115234,,5100
2020-04-03,18.32492048723457,18.342331737187603,18.23351391562344,18.26398277282715,,12900
2020-04-06,18.45550514511949,18.725372906100205,18.45550514511949,18.538206100463867,,1600
2020-04-07,18.52514673269978,18.57737882267165,18.476396560668945,18.476396560668945,,1400
2020-04-08,18.429388313459384,18.516442912182004,18.42068268754429,18.483362197875977,,4400
2020-04-09,18.57302623885948,18.68097400332705,18.559968630729085,18.609590530395508,,6500
2020-04-13,18.609590530395508,18.609590530395508,18.609590530395508,18.609590530395508,,0
2020-04-14,19.1258227416554,19.1258227416554,18.68184576028751,18.79501724243164,,5500
2020-04-15,19.003947192985983,19.003947192985983,18.769771988949184,18.781959533691406,,4500
2020-04-16,18.88207130861818,18.88207130861818,18.75149023791203,18.858566284179688,,21800
2020-04-17,18.864658669154245,18.87771627713612,18.76019282401442,18.863788604736328,,91100
2020-04-20,18.80372102328869,18.84724749034702,18.80372102328869,18.8428955078125,,800
2020-04-21,18.8428955078125,18.8428955078125,18.8428955078125,18.8428955078125,,0
2020-04-22,18.803719710286654,18.83680042069524,18.803719710286654,18.827224731445312,,1300
2020-04-23,18.873364854187717,18.873364854187717,18.803721508839093,18.834190368652344,,800
2020-04-24,18.84724770767221,18.84724770767221,18.75148914695406,18.780216217041016,,3100
2020-04-27,18.751486655848243,18.775861740112305,18.751486655848243,18.775861740112305,,200
2020-04-28,18.725371159201824,18.839412689208984,18.725371159201824,18.839412689208984,,900
2020-04-29,18.834187940243847,18.88206804532786,18.744521501252773,18.82896423339844,,7300
2020-04-30,18.82896423339844,18.82896423339844,18.82896423339844,18.82896423339844,,0
2020-05-01,18.71666532898274,18.80981368985972,18.53385218556565,18.78456687927246,,3100
2020-05-04,18.838541767660853,18.838541767660853,18.745395062219465,18.781085968017575,,473700
2020-05-05,18.83854086423029,18.847246489265206,18.777603149414062,18.777603149414062,,2500
2020-05-06,18.71492379854289,18.71492379854289,18.647022247314453,18.647022247314453,,500
2020-05-07,18.72537143628655,18.864658118790537,18.72537143628655,18.824613571166992,,3900
2020-05-08,18.795017142935663,18.81678037848557,18.781959533691406,18.781959533691406,,300
2020-05-11,18.70796164951956,18.729724884033203,18.664435180492276,18.729724884033203,,2000
2020-05-12,18.72101780066018,18.755840301513672,18.66443372741561,18.755840301513672,,2200
2020-05-13,18.76890182495117,18.774125533254686,18.74278660429076,18.76890182495117,,2000
2020-05-14,18.8037223815918,18.88207135629901,18.760194250960897,18.8037223815918,,2800
2020-05-15,18.751490771101405,18.811556770200028,18.742785144749668,18.79501724243164,,1300
2020-05-18,18.808073756018334,18.808073756018334,18.71666717529297,18.71666717529297,,200
2020-05-19,18.76019127711473,18.77760252660708,18.759321212768555,18.759321212768555,,2000
2020-05-20,18.72101893962909,18.779346466064453,18.716666956971743,18.779346466064453,,25800
2020-05-21,18.821130787813267,18.821130787813267,18.78630828857422,18.78630828857422,,400
2020-05-22,18.804591959312692,18.812427520751957,18.80372189485112,18.812427520751957,,1000
2020-05-26,18.803723670284267,18.803723670284267,18.742785943653114,18.78544235229492,,1300
2020-05-27,18.812427520751957,18.812427520751957,18.812427520751957,18.812427520751957,,100
2020-05-28,18.81242526481385,18.82983485409944,18.777602765386348,18.799365997314453,,10000
2020-05-29,18.812424362157365,18.864656448364254,18.812424362157365,18.864656448364254,,200
2020-06-01,18.80372233410881,18.89077693472237,18.150815320149672,18.858566284179688,,5400
2020-06-02,18.82113227428334,18.8428955078125,18.80372102328869,18.8428955078125,,6000
2020-06-03,18.812425547893035,18.812425547893035,18.211750707155296,18.764545440673828,,21300
2020-06-04,18.717534709310765,18.73407589430772,18.698383331298828,18.698383331298828,,8100
2020-06-05,18.67313873789232,18.67313873789232,18.60349539890629,18.668785095214844,,2500
2020-06-08,18.655729940134982,18.70796203613281,18.655729940134982,18.70796203613281,,2700
2020-06-09,18.725370857111304,18.76889732138694,18.725370857111304,18.751487731933597,,1700
2020-06-10,18.79501511945896,18.85769462585449,18.768898243353757,18.85769462585449,,43400
2020-06-11,18.812425064744104,18.812425064744104,18.704477310180664,18.704477310180664,,1500
2020-06-12,18.714054107666016,18.714054107666016,18.714054107666016,18.714054107666016,,200
2020-06-15,18.73408144277693,18.73408144277693,18.726245880126957,18.726245880126957,,200
2020-06-16,18.760193878134466,18.760193878134466,18.71666740879698,18.756711959838867,,4300
2020-06-17,18.76019228390624,18.7924029311529,18.755840301513672,18.755840301513672,,1300
2020-06-18,18.725374428105773,18.731468200683597,18.70796317490386,18.731468200683597,,600
2020-06-19,18.768894855052867,18.768894855052867,18.712310791015625,18.712310791015625,,200
2020-06-22,18.707962688300874,18.760194786119538,18.68184580917732,18.74017333984375,,6700
2020-06-23,18.777602562001203,18.83418829274392,18.773250579833984,18.773250579833984,,400
2020-06-24,18.908184903651723,18.908184903651723,18.51469993591309,18.51469993591309,,1500
2020-06-25,18.568674256292116,18.609590530395508,18.568674256292116,18.609590530395508,,100
2020-06-26,18.464207642939822,18.464207642939822,18.392824172973636,18.392824172973636,,400
2020-06-29,18.45550601600677,18.50773811340332,18.45550601600677,18.50773811340332,,43800
2020-06-30,18.629614171791427,18.69751739501953,18.61220291861207,18.69751739501953,,1900
2020-07-01,18.74278356568972,18.85595337787096,18.69054981197994,18.725372314453125,,21500
2020-07-02,18.913411470180684,18.913411470180684,18.79240608215332,18.79240608215332,,500
2020-07-06,18.951711271405067,18.97347450256348,18.93430002230709,18.97347450256348,,44400
2020-07-07,19.3434567271776,19.3434567271776,18.86901092529297,18.86901092529297,,4400
2020-07-08,19.10841038480288,19.10841038480288,18.85595223841314,18.942136764526367,,2700
2020-07-09,18.93517338844844,18.93517338844844,18.836802968704998,18.89948081970215,,12600
2020-07-10,18.90818470016598,19.00916862487793,18.90818470016598,19.00916862487793,,1600
2020-07-13,19.108412874819564,19.134528093071086,18.912540435791016,18.912540435791016,,59800
2020-07-14,18.925596491589182,19.0683650970459,18.925596491589182,19.0683650970459,,120600
2020-07-15,19.26510621012413,19.26510621012413,19.099704318477627,19.17631149291992,,1900
2020-07-16,19.11276331354779,19.15106773376465,19.11276331354779,19.15106773376465,,2400
2020-07-17,19.15193955728612,19.192855834960938,19.15193955728612,19.192855834960938,,5800
2020-07-20,18.98653526516153,19.304283142089844,18.98653526516153,19.304283142089844,,13600
2020-07-21,19.36521974255653,19.36521974255653,19.314727783203125,19.314727783203125,,4500
2020-07-22,19.34345647171001,19.39830207824707,19.34345647171001,19.39830207824707,,1100
2020-07-23,19.37827868232636,19.404395558359607,19.23899199767221,19.24160385131836,,25300
2020-07-24,19.12581981043458,19.178053560539663,19.12581981043458,19.16151237487793,,180600
2020-07-27,19.25640310752732,19.26510707237982,19.230286231685074,19.234638214111328,,2000
2020-07-28,19.23899040281568,19.27381124087854,19.19198036193848,19.19198036193848,,2000
2020-07-29,19.308634180018892,19.37566566467285,19.308634180018892,19.37566566467285,,1600
2020-07-30,19.37566424143044,19.37566424143044,19.125817974735483,19.298185348510746,,80100
2020-07-31,19.48274302610137,19.48274302610137,19.204169654498195,19.32256317138672,,60600
2020-08-03,19.6133266025954,19.6133266025954,19.42180615594145,19.449663162231445,,9200
2020-08-04,20.135649032457827,20.135649032457827,19.491447726103758,19.525400161743164,,7600
2020-08-05,19.665559148493983,19.665559148493983,19.622032678943203,19.64727783203125,,67500
2020-08-06,19.71779185030089,19.7439087290914,19.71779185030089,19.73433303833008,,4000
2020-08-07,19.65685302933672,19.709085123572905,19.61332656087795,19.67600440979004,,7700
2020-08-10,19.743906265137927,19.743906265137927,19.648146048618283,19.715177536010746,,3700
2020-08-11,19.75261421175382,19.83096318712732,19.60462188720703,19.60462188720703,,800
2020-08-12,19.83966827392578,19.83966827392578,19.83966827392578,19.83966827392578,,100
2020-08-13,19.717790280133823,19.787433624267575,19.717790280133823,19.787433624267575,,16200
2020-08-14,19.75261354777111,19.77872876506547,19.717791044140814,19.76392936706543,,9800
2020-08-17,19.8483697352408,19.875356674194336,19.8483697352408,19.875356674194336,,8300
2020-08-18,19.90060181936063,19.913659425351764,19.883190571087106,19.89537811279297,,1700
2020-08-19,19.91366253040128,19.91366253040128,19.79526901245117,19.79526901245117,,800
2020-08-20,19.73520408284914,19.81964683532715,19.73520408284914,19.81964683532715,,22000
2020-08-21,19.8205163628208,19.883195877075195,19.8205163628208,19.883195877075195,,20800
2020-08-24,20.013775592429607,20.045114517211918,19.996364340693496,20.045114517211918,,17200
2020-08-25,20.074712742844984,20.14348602294922,20.074712742844984,20.14348602294922,,5200
2020-08-26,20.248821181641947,20.31846452359073,20.248821181641947,20.289735794067383,,800
2020-08-27,20.361991058807675,20.37940230946107,20.31759452819824,20.31759452819824,,8700
2020-08-28,20.36199228371801,20.44295310974121,20.36199228371801,20.44295310974121,,600
2020-08-31,20.379402888142742,20.422929355583936,20.34458204627545,20.39072036743164,,1200
2020-09-01,20.431635099462877,20.53610094652624,20.431635099462877,20.506502151489254,,4600
2020-09-02,20.605746133064425,20.801618576049805,20.605746133064425,20.801618576049805,,300
2020-09-03,20.51868929989597,20.51868929989597,20.057302773696534,20.145227432250977,,2800
2020-09-04,19.830962641682586,20.074713526870585,19.68297032120628,20.03118705749512,,2700
2020-09-08,19.674263611864543,19.729107558011812,19.52104759216309,19.52104759216309,,2000
2020-09-09,19.839665321614905,19.996361584355483,19.839665321614905,19.89799118041992,,8300
2020-09-10,19.569799423217773,19.569799423217773,19.569799423217773,19.569799423217773,,0
2020-09-11,19.53845977783203,19.53845977783203,19.53845977783203,19.53845977783203,,100
2020-09-14,19.62203103216915,19.84837064735177,19.62203103216915,19.7900447845459,,700
2020-09-15,19.92672033661893,19.92672033661893,19.870136260986328,19.870136260986328,,400
2020-09-16,19.9441320881363,19.9441320881363,19.79265785217285,19.79265785217285,,300
2020-09-17,19.428773757753586,19.607234954833984,19.428773757753586,19.607234954833984,,1000
2020-09-18,19.420063018798828,19.420063018798828,19.420063018798828,19.420063018798828,,300
2020-09-21,18.91253811834284,19.160642623901367,18.91253811834284,19.160642623901367,,2400
2020-09-22,19.2389930135786,19.36086845397949,19.15193841596581,19.36086845397949,,7500
2020-09-23,19.25640237192499,19.25640237192499,18.94300651550293,18.94300651550293,,500
2020-09-24,18.848117913301863,18.98653453861419,18.848117913301863,18.978700637817383,,3700
2020-09-25,18.943007742307767,19.30863571166992,18.943007742307767,19.30863571166992,,9300
2020-09-28,19.57850456237793,19.57850456237793,19.57850456237793,19.57850456237793,,300
2020-09-29,19.52627300078456,19.56109384531561,19.514955520629883,19.514955520629883,,2700
2020-09-30,19.69167355706077,19.726494396249034,19.58720771863963,19.6768741607666,,27100
2020-10-01,19.72649563646641,19.73345947265625,19.72649563646641,19.73345947265625,,500
2020-10-02,19.58807945251465,19.58807945251465,19.58807945251465,19.58807945251465,,0
2020-10-05,19.83009067046206,19.88841819763184,19.83009067046206,19.88841819763184,,100
2020-10-06,19.918015870170898,19.961544000607915,19.65337181091309,19.65337181091309,,1300
2020-10-07,19.918013695254544,19.94239044189453,19.918013695254544,19.94239044189453,,4600
2020-10-08,20.039892942796957,20.10518264770508,20.039892942796957,20.10518264770508,,600
2020-10-09,20.21399968982284,20.266233444213867,20.205294064091007,20.266233444213867,,5700
2020-10-12,20.422927021128373,20.610093798502213,20.422927021128373,20.53609848022461,,3400
2020-10-13,20.462104109991795,20.49692661274609,20.44469451904297,20.44469451904297,,1600
2020-10-14,20.431636419281237,20.444695688775436,20.33065414428711,20.33065414428711,,1000
2020-10-15,20.26710319519043,20.26710319519043,20.26710319519043,20.26710319519043,,100
2020-10-16,20.396815341316422,20.396815341316422,20.29060935974121,20.29060935974121,,500
2020-10-19,20.21399974196188,20.21399974196188,19.961543236800733,19.971118927001957,,24100
2020-10-20,20.074715073210008,20.104313871670914,20.04859985374444,20.086902618408203,,5000
2020-10-21,20.10082783484906,20.113885441906604,19.978952407836918,19.978952407836918,,400
2020-10-22,20.1138858795166,20.1138858795166,20.1138858795166,20.1138858795166,,0
2020-10-23,20.14435462982772,20.169601440429688,20.14435462982772,20.169601440429688,,200
2020-10-26,19.770025415732604,19.810941696166992,19.770025415732604,19.810941696166992,,3300
2020-10-27,19.79613484522617,19.805710533094388,19.783077239990234,19.783077239990234,,300
2020-10-28,19.613328017945268,19.613328017945268,19.130176544189453,19.130176544189453,,2300
2020-10-29,19.404395970190084,19.43051118634933,19.273813247680664,19.273813247680664,,2300
2020-10-30,19.29122270270824,19.30863395214559,18.96041726553912,19.17805290222168,,38000
2020-11-02,19.29993008615793,19.30863571166992,19.225063035097445,19.30863571166992,,15300
2020-11-03,19.50885964264813,19.752612169770213,19.50885964264813,19.70037841796875,,13700
2020-11-04,20.1965872713428,20.335873942695944,20.00506685291116,20.091251373291016,,5300
2020-11-05,20.440339172018927,20.470808029174805,20.440339172018927,20.470808029174805,,400
2020-11-06,20.47777366638184,20.47777366638184,20.47777366638184,20.47777366638184,,0
2020-11-09,21.11065623538959,21.11065623538959,20.70150184631348,20.70150184631348,,29800
2020-11-10,20.48386852140233,20.64491844177246,20.48386852140233,20.64491844177246,,28100
2020-11-11,20.771147462123054,20.788557052612305,20.745030585746765,20.788557052612305,,1300
2020-11-12,20.727619228565253,20.74503047939352,20.54480607615327,20.58398056030273,,3700
2020-11-13,20.862552642822266,20.862552642822266,20.862552642822266,20.862552642822266,,100
2020-11-16,20.893023027158566,21.075836181640625,20.893023027158566,21.075836181640625,,7100
2020-11-17,21.018378760977928,21.10195143111345,21.018378760977928,21.041013717651367,,4400
2020-11-18,20.849496841430664,20.849496841430664,20.849496841430664,20.849496841430664,,0
2020-11-19,20.797262007289145,20.893892288208008,20.797262007289145,20.893892288208008,,6800
2020-11-20,20.91043504850952,20.91043504850952,20.840791702270508,20.840791702270508,,900
2020-11-23,20.805969843975312,20.89302444458008,20.805969843975312,20.89302444458008,,800
2020-11-24,21.058425195626437,21.218605041503903,21.058425195626437,21.218605041503903,,7400
2020-11-25,21.145480340025504,21.18900680541992,21.11065783936739,21.18900680541992,,2100
2020-11-27,21.271707919756608,21.27606156258694,21.24994468688965,21.24994468688965,,200
2020-11-30,21.0714835109488,21.0714835109488,20.980076936692917,21.058425903320312,,14900
2020-12-01,21.267356515634457,21.34570548442848,21.267356515634457,21.323070526123047,,3200
2020-12-02,21.30217676544364,21.354410516807786,21.30217676544364,21.3387393951416,,10800
2020-12-03,21.38488006591797,21.38488006591797,21.38488006591797,21.38488006591797,,100
2020-12-04,21.55898870463501,21.585975646972656,21.537225469957136,21.585975646972656,,2100
2020-12-07,21.560728838153395,21.57204631707093,21.53722381591797,21.53722381591797,,600
2020-12-08,21.563341275557057,21.62427899379623,21.550282007057024,21.59032821655273,,4700
2020-12-09,21.47628402709961,21.47628402709961,21.47628402709961,21.47628402709961,,600
2020-12-10,21.345705522861454,21.56334117869709,21.345705522861454,21.52851867675781,,3400
2020-12-11,21.406643775407023,21.44668832529458,21.377044980105133,21.444948196411133,,46900
2020-12-14,21.615570731493516,21.62427635595548,21.44146156311035,21.44146156311035,,1000
2020-12-15,21.519813821051,21.676511764526367,21.498050586774607,21.676511764526367,,5500
2020-12-16,21.66780609961308,21.711334228515625,21.632985256919383,21.711334228515625,,10200
2020-12-17,21.81579606643786,21.88543940474973,21.81579606643786,21.876733779907227,,17300
2020-12-18,21.794904708862305,21.794904708862305,21.794904708862305,21.794904708862305,,100
2020-12-21,21.563341789097457,21.61557388305664,21.563341789097457,21.61557388305664,,14000
2020-12-22,21.57204631707093,21.58075194235917,21.476286099328533,21.53722381591797,,4100
2020-12-23,21.689568921752105,21.7034965933274,21.650394439697266,21.650394439697266,,10400
2020-12-24,21.615572560759173,21.668676376342773,21.59816131036177,21.668676376342773,,16100
2020-12-28,21.82015106874621,21.82015106874621,21.81753921508789,21.81753921508789,,200
2020-12-29,21.993345417125614,21.993345417125614,21.90632057189941,21.90632057189941,,2800
2020-12-30,22.06366735243192,22.116408716485985,22.028505325317383,22.028505325317383,,3100
2020-12-31,21.958184272368225,22.015321731567383,21.92302391975032,22.015321731567383,,900
2021-01-04,22.23068551796866,22.23068551796866,21.84391156991524,21.94324111938477,,121300
2021-01-05,22.04432821380785,22.26584463192416,22.002136127297028,22.230684280395508,,19200
2021-01-06,22.318584522306352,22.48560079172687,22.30979401585078,22.31243133544922,,7700
2021-01-07,22.406488842576408,22.547133598482425,22.406488842576408,22.50669860839844,,9300
2021-01-08,22.665802242435905,22.74930953979492,22.665802242435905,22.74930953979492,,45200
2021-01-11,22.52076740877135,22.54713725689631,22.489999791595533,22.51900863647461,,600
2021-01-12,22.49439396761346,22.620973587036133,22.46802244511721,22.620973587036133,,4400
2021-01-13,22.6411909391817,22.678988610829595,22.599875723392696,22.63855361938477,,11500
2021-01-14,22.72733564552522,22.74491665982447,22.70711898803711,22.70711898803711,,1000
2021-01-15,22.511973509407877,22.511973509407877,22.442529678344727,22.442529678344727,,33300
2021-01-19,23.241569081871813,23.241569081871813,22.591086651704757,22.657012939453125,,30200
2021-01-20,22.80293329590523,22.95149002058916,22.80293329590523,22.936546325683597,,2700
2021-01-21,22.93390917965183,22.98049736022949,22.91632816473344,22.98049736022949,,1500
2021-01-22,22.76689198084909,22.86094856262207,22.758101473741373,22.86094856262207,,1800
2021-01-25,22.678988346635983,22.87940788269043,22.678988346635983,22.87940788269043,,2500
2021-01-26,22.889958387608665,22.889958387608665,22.810845496856544,22.84336853027344,,1500
2021-01-27,22.54713491424009,22.54713491424009,22.28782081604004,22.28782081604004,,1600
2021-01-28,22.503184891041,22.58669219889579,22.48824119567871,22.48824119567871,,3100
2021-01-29,22.26584582461033,22.26584582461033,21.914233907400543,22.03466033935547,,2800
2021-02-01,22.170030152051996,22.394182205200195,22.170030152051996,22.394182205200195,,1900
2021-02-02,22.62712643961568,22.664047241210938,22.62712643961568,22.664047241210938,,100
2021-02-03,22.70799869183516,22.779199623768825,22.70799869183516,22.73348999023437,,1100
2021-02-04,22.74931301697169,22.792387008666992,22.74931301697169,22.792387008666992,,1100
2021-02-05,22.89874781806023,22.98665121859958,22.854796956099516,22.960281372070312,,1700
2021-02-08,23.065762029088607,23.092133549855014,23.065762029088607,23.074552536010746,,1100
2021-02-09,23.118503896257675,23.206407290770983,23.118503896257675,23.168609619140625,,3600
2021-02-10,23.29430987096035,23.29430987096035,23.15542221069336,23.15542221069336,,6600
2021-02-11,23.29431214764963,23.32068367064451,23.28552163998467,23.290796279907227,,4700
2021-02-12,23.364633734520456,23.40858459472656,23.34441539991965,23.40858459472656,,8800
2021-02-16,23.54044110907479,23.54923161665635,23.487698063585437,23.496488571166992,,4400
2021-02-17,23.384851595632195,23.41825485229492,23.384851595632195,23.41825485229492,,100
2021-02-18,23.184434423913665,23.250362396240234,23.08334609586612,23.250362396240234,,3000
2021-02-19,23.2943110608437,23.3145293951916,23.27673004633403,23.285520553588867,,60300
2021-02-22,23.10971496732208,23.118503797779955,23.04378700256348,23.04378700256348,,9200
2021-02-23,22.89874759773449,23.09125518798828,22.89874759773449,23.09125518798828,,38800
2021-02-24,22.942699734171576,23.196739196777344,22.933909226694347,23.196739196777344,,6300
2021-02-25,23.083344510259337,23.083344510259337,22.71239280700684,22.71239280700684,,3000
2021-02-26,22.573506001573527,22.59108701590364,22.54098129272461,22.54098129272461,,5100
2021-03-01,23.01302179229982,23.0481821450942,22.969949479902333,22.9884090423584,,2700
2021-03-02,22.87237831962813,22.88995933532715,22.87237831962813,22.88995933532715,,1500
2021-03-03,22.68338394165039,22.68338394165039,22.68338394165039,22.68338394165039,,100
2021-03-04,22.758101566304745,22.758101566304745,22.32473945617676,22.32473945617676,,2000
2021-03-05,22.63503891908074,22.63943333455704,22.63503891908074,22.637676239013672,,600
2021-03-08,22.459232157081715,22.547135556310295,22.415281295776367,22.415281295776367,,1200
2021-03-09,22.837214286861872,22.85479530102016,22.765134811401367,22.765134811401367,,3300
2021-03-10,22.7668916448966,22.841610115900725,22.7668916448966,22.82930374145508,,1100
2021-03-11,23.05697258580592,23.17124750444753,23.05697258580592,23.125537872314453,,2400
2021-03-12,22.96818730115291,23.059606552124023,22.96818730115291,23.059606552124023,,600
2021-03-15,23.065763393046783,23.146635055541992,23.01302202501295,23.146635055541992,,7300
2021-03-16,23.20640638849607,23.22662472173191,23.180036544799805,23.180036544799805,,1900
2021-03-17,23.268819704421137,23.268819704421137,23.24596405029297,23.24596405029297,,3500
2021-03-18,23.144875944320685,23.175641881607834,22.965553283691406,22.965553283691406,,700
2021-03-19,23.03587532043457,23.03587532043457,23.03587532043457,23.03587532043457,,600
2021-03-22,23.461327597973284,23.461327597973284,23.090375900268555,23.090375900268555,,2000
2021-03-23,22.95148879650137,22.99543965450226,22.795900344848636,22.795900344848636,,1100
2021-03-24,22.82842373699311,22.837214244055776,22.60515022277832,22.60515022277832,,1500
2021-03-25,22.599875946000967,22.740522384643555,22.599875946000967,22.740522384643555,,500
2021-03-26,22.889957379547404,23.08334350585937,22.854795351153705,23.08334350585937,,3500
2021-03-29,22.92511663477636,23.05697088171034,22.92511663477636,23.02181053161621,,1800
2021-03-30,22.90753645823842,22.995439851611447,22.90753645823842,22.970827102661133,,1400
2021-03-31,23.055213928222656,23.055213928222656,23.055213928222656,23.055213928222656,,100
2021-04-01,23.39100444269858,23.39100444269858,23.223988161814773,23.311891555786133,,17100
2021-04-05,23.59318118274912,23.59493827819824,23.59318118274912,23.59493827819824,,300
2021-04-06,23.5140698519526,23.58439223678158,23.478907821229164,23.50703811645508,,4600
2021-04-07,23.5492309102296,23.5492309102296,23.48681881125812,23.50615692138672,,2800
2021-04-08,23.610762337120143,23.64152827384035,23.610762337120143,23.628341674804688,,2000
2021-04-09,23.65471341914531,23.73031044006348,23.65471341914531,23.73031044006348,,200
2021-04-12,23.68987375854632,23.68987375854632,23.61955138230743,23.68284034729004,,1400
2021-04-13,23.76019982926363,23.78041648864746,23.73382830534189,23.78041648864746,,3500
2021-04-14,23.804147375889585,23.839309402886112,23.697784423828125,23.697784423828125,,1300
2021-04-15,23.92721260582377,23.950946807861328,23.900842760553445,23.950946807861328,,2600
2021-04-16,24.01511579702552,24.076647670954436,24.01511579702552,24.054672241210938,,400
2021-04-19,23.78656692289167,23.9711642157378,23.78656692289167,23.933364868164062,,2700
2021-04-20,23.87886891801056,23.87886891801056,23.732069280687337,23.742618560791016,,1600
2021-04-21,23.883260385925805,23.953582763671875,23.883260385925805,23.953582763671875,,500
2021-04-22,23.949191257351327,23.949191257351327,23.75931930541992,23.75931930541992,,500
2021-04-23,23.93600377131466,24.032697677612305,23.93600377131466,24.032697677612305,,500
2021-04-26,24.0151180469356,24.10214290294377,24.0151180469356,24.059070587158203,,3200
2021-04-27,24.045880913783325,24.07664684969836,24.019511069637733,24.059946060180664,,5100
2021-04-28,24.02830112313905,24.02830112313905,24.023906707763672,24.023906707763672,,500
2021-04-29,24.08543715621571,24.19092156177368,24.032695791745603,24.163671493530277,,3000
2021-04-30,24.01511750782936,24.04148903137092,23.981714248657227,23.981714248657227,,2600
2021-05-03,24.117963431932136,24.12499516722059,24.05731010437012,24.05731010437012,,2500
2021-05-04,23.962374238673263,23.962374238673263,23.804148463197016,23.87974548339844,,7800
2021-05-05,23.944792312073197,23.944792312073197,23.918420791625977,23.918420791625977,,2200
2021-05-06,23.918421138359214,24.09950256347656,23.918421138359214,24.09950256347656,,2500
2021-05-07,24.192682430095147,24.313989096250516,24.192682430095147,24.311351776123047,,2600
2021-05-10,24.243663513079028,24.243663513079028,24.07489013671875,24.07489013671875,,2300
2021-05-11,23.856890047573355,23.856890047573355,23.832277297973636,23.832277297973636,,400
2021-05-12,23.67229438574532,23.71624524520864,23.337383270263672,23.337383270263672,,6400
2021-05-13,23.65471303485306,23.65471303485306,23.51406827462956,23.640647888183597,,2800
2021-05-14,23.821729609383315,24.01511573791504,23.798873955341502,24.01511573791504,,3200
2021-05-17,23.89205187216186,23.93600273132324,23.848099336382678,23.93600273132324,,2300
2021-05-18,23.95358300396261,23.95358300396261,23.75843811035156,23.75843811035156,,1900
2021-05-19,23.382214878649545,23.61867332458496,23.364633863822664,23.61867332458496,,2100
2021-05-20,23.877107414515937,23.96764812637124,23.877107414515937,23.90611457824707,,1300
2021-05-21,23.988745052534632,24.04148641726508,23.889413833618164,23.889413833618164,,7000
2021-05-24,24.132905960083008,24.132905960083008,24.132905960083008,24.132905960083008,,1000
2021-05-25,24.10301911177236,24.146969971111936,24.06082534790039,24.06082534790039,,2900
2021-05-26,24.12939003238921,24.12939003238921,24.09334945678711,24.09334945678711,,1300
2021-05-27,24.168946571329297,24.208503014553777,24.14345359802246,24.14345359802246,,1900
2021-05-28,24.199713272954977,24.199713272954977,24.173341751098636,24.173341751098636,,400
2021-06-01,24.270034446787715,24.270034446787715,24.163671493530277,24.163671493530277,,1900
2021-06-02,24.199711907579,24.2515747240045,24.17597770690918,24.17597770690918,,3500
2021-06-03,24.18213179548436,24.18213179548436,24.0573092770089,24.16455078125,,13000
2021-06-04,24.243663168617164,24.321897506713867,24.243663168617164,24.321897506713867,,500
2021-06-07,24.287613724937483,24.300800323486328,24.287613724937483,24.300800323486328,,300
2021-06-08,24.29640515697121,24.318382263183597,24.217292269136507,24.318382263183597,,1800
2021-06-09,24.331567647025384,24.34035815435347,24.226083235706163,24.25245475769043,,4900
2021-06-10,24.32277717615332,24.33772087097168,24.313986668812053,24.33772087097168,,2300
2021-06-11,24.357058300290547,24.37639808654785,24.357058300290547,24.37639808654785,,200
2021-06-14,24.357939087673568,24.40804481506348,24.34915025638771,24.40804481506348,,2300
2021-06-15,24.35793742602802,24.389583587646484,24.34123663578264,24.389583587646484,,1600
2021-06-16,24.41947068320037,24.41947068320037,24.26651954650879,24.26651954650879,,30100
2021-06-17,24.208503780240427,24.208503780240427,24.155760736527736,24.173341751098636,,1400
2021-06-18,23.865678787231445,23.865678787231445,23.865678787231445,23.865678787231445,,100
2021-06-21,24.0854368905389,24.155759267929263,24.0854368905389,24.153121948242188,,400
2021-06-22,24.21729284408396,24.2612453809344,24.190922998591542,24.25684928894043,,18400
2021-06-23,24.197076069116477,24.25245475632425,24.177736282348636,24.177736282348636,,2700
2021-06-24,24.34035694289582,24.344751358032227,24.34035694289582,24.344751358032227,,300
2021-06-25,24.366726711740217,24.428260259784285,24.366726711740217,24.42562294006348,,2200
2021-06-28,24.384308902365035,24.40628433227539,24.369365207637717,24.40628433227539,,2700
2021-06-29,24.41947111663476,24.42298698425293,24.41947111663476,24.42298698425293,,600
2021-06-30,24.35793851099578,24.394859313964844,24.349149679918,24.394859313964844,,4300
2021-07-01,24.46430096450932,24.48627807159935,24.46430096450932,24.477487564086918,,800
2021-07-02,24.53374226998112,24.657686233520508,24.53374226998112,24.657686233520508,,1300
2021-07-06,24.516161951710217,24.58648432993264,24.51264608429176,24.573299407958984,,23900
2021-07-07,24.621646121822707,24.66647720336914,24.552202291964758,24.66647720336914,,900
2021-07-08,24.34914797239833,24.41947035241449,24.305195437002112,24.39309883117676,,3100
2021-07-09,24.67438671972365,24.738555908203125,24.67438671972365,24.738555908203125,,900
2021-07-12,24.801847574013973,24.84140401658089,24.771081638308345,24.806241989135746,,31800
2021-07-13,24.75350420614834,24.849317894549397,24.72273826599121,24.72273826599121,,3000
2021-07-14,24.85019446250843,24.85019446250843,24.766685485839844,24.766685485839844,,7000
2021-07-15,24.61285400390625,24.74470824360365,24.560112643350813,24.61285400390625,,7000
2021-07-16,24.459903717041016,24.459903717041016,24.459903717041016,24.459903717041016,,100
2021-07-19,24.059069235113427,24.059069235113427,23.91842279092296,24.04324531555176,,53000
2021-07-20,24.234872462024143,24.49858263807404,24.234872462024143,24.42562294006348,,7400
2021-07-21,24.553961439750392,24.60670280456543,24.49858275520194,24.60670280456543,,2200
2021-07-22,24.604066329330585,24.63043785095215,24.568905977119652,24.63043785095215,,2300
2021-07-23,24.841403781105544,24.8994197845459,24.841403781105544,24.8994197845459,,3100
2021-07-26,24.940735129024414,24.951284408569336,24.89414694868197,24.951284408569336,,1600
2021-07-27,24.718340494362995,24.83349227905273,24.705153895644504,24.83349227905273,,4600
2021-07-28,24.867774963378903,24.8897503917162,24.867774963378903,24.867774963378903,,10700
2021-07-29,25.01721023543459,25.01721023543459,24.942493438720703,24.942493438720703,,600
2021-07-30,24.815033744574517,24.832614759181684,24.799211502075195,24.799211502075195,,500
2021-08-02,24.876565362486936,24.916121806636134,24.76141357421875,24.76141357421875,,8400
2021-08-03,24.88535337476574,24.9521598815918,24.88535337476574,24.9521598815918,,500
2021-08-04,24.85898324630522,24.920515113300663,24.85898324630522,24.885353088378903,,5500
2021-08-05,24.885354138669783,24.98204803466797,24.885354138669783,24.98204803466797,,500
2021-08-06,25.04358182963133,25.08313827407011,25.038307189941406,25.038307189941406,,7700
2021-08-09,25.0523713951698,25.0523713951698,24.955677495372512,24.964468002319336,,1700
2021-08-10,25.087532499328937,25.087532499328937,25.021604537963867,25.021604537963867,,6000
2021-08-11,25.03479284581666,25.09808349609375,25.02600233800446,25.09808349609375,,2600
2021-08-12,25.36003131683943,25.36003131683943,25.096321149882517,25.18158721923828,,1300
2021-08-13,25.21938803624095,25.21938803624095,25.175435500875388,25.201807022094727,,17500
2021-08-16,25.06467709086539,25.281797409057617,25.06467709086539,25.281797409057617,,500
2021-08-17,25.12181731801839,25.12269586580089,25.00138920709981,25.083139419555664,,3400
2021-08-18,25.12269389621621,25.12269389621621,24.86689567565918,24.86689567565918,,1500
2021-08-19,24.753501630696743,24.89238929748535,24.753501630696743,24.89238929748535,,3500
2021-08-20,25.06995429972031,25.08489799499512,25.05237328450079,25.08489799499512,,3900
2021-08-23,25.342452540417227,25.36882406242575,25.33366203308105,25.33366203308105,,9600
2021-08-24,25.36003243152036,25.40398328963616,25.31783866882324,25.31783866882324,,2800
2021-08-25,25.38640293950049,25.39958953857422,25.377614108941746,25.39958953857422,,1400
2021-08-26,25.333663584608,25.342454092482534,25.27301025390625,25.27301025390625,,1500
2021-08-27,25.456727866036207,25.509470914369963,25.452333450317383,25.452333450317383,,11600
2021-08-30,25.614953189418408,25.614953189418408,25.518260955810547,25.518260955810547,,500
2021-08-31,25.553421182796523,25.553421182796523,25.541114807128903,25.541114807128903,,100
2021-09-01,25.6140714909959,25.61495003869194,25.5648459941338,25.581546783447266,,4300
2021-09-02,25.667694091796875,25.702854443820204,25.58858120397213,25.667694091796875,,10100
2021-09-03,25.60616184530608,25.62550163269043,25.60616184530608,25.62550163269043,,200
2021-09-07,25.52792717722793,25.57978999441704,25.491886601845746,25.50067710876465,,3300
2021-09-08,25.395195824132784,25.46551821151085,25.395195824132784,25.46463966369629,,7100
2021-09-09,25.55341690072685,25.57099791348248,25.377611803023655,25.43035316467285,,2200
2021-09-10,25.350363275714223,25.360032330331705,25.193016052246094,25.193016052246094,,900
2021-09-13,25.298502951590944,25.298502951590944,25.170164555945973,25.28092193603516,,1200
2021-09-14,25.47430702799632,25.47430702799632,25.144670544683887,25.184226989746094,,8100
2021-09-15,25.386404037475582,25.386404037475582,25.386404037475582,25.386404037475582,,400
2021-09-16,25.1226965061708,25.2668571472168,25.1226965061708,25.2668571472168,,1900
2021-09-17,25.22817700942661,25.22817700942661,24.929306493583425,24.93809700012207,,3000
2021-09-20,24.75350264489672,24.75350264489672,24.349149355981822,24.577695846557617,,4800
2021-09-21,24.76229222442185,24.797452576801184,24.64010702390704,24.709550857543945,,2800
2021-09-22,24.771082827651675,24.96446895803187,24.762292320368328,24.834373474121094,,1500
2021-09-23,25.14906657924405,25.23696829996559,25.14906657924405,25.219388961791992,,2600
2021-09-24,25.13148435634969,25.245757593765145,25.113903342403383,25.236967086791992,,1800
2021-09-27,25.14906548053714,25.21938786001285,25.14027497352545,25.157855987548828,,6800
2021-09-28,24.788661887202565,24.788661887202565,24.61724952362284,24.67438697814941,,2300
2021-09-29,24.72713071590041,24.72713071590041,24.68317985534668,24.68317985534668,,600
2021-09-30,24.656807981130324,24.656807981130324,24.44584083557129,24.44584083557129,,5400
2021-10-01,24.252454086084462,24.700759887695312,24.252454086084462,24.700759887695312,,2700
2021-10-04,24.516165018320144,24.516165018320144,24.26124699410903,24.366729736328125,,2500
2021-10-05,24.23487461597021,24.59439849853516,24.23487461597021,24.59439849853516,,1500
2021-10-06,24.384309606311287,24.629558563232425,24.384309606311287,24.629558563232425,,400
2021-10-07,24.92930789829076,25.017209615394886,24.84404182434082,24.84404182434082,,5400
2021-10-08,24.75174248844873,24.78426551818848,24.72712806430144,24.78426551818848,,1800
2021-10-11,24.78866425557334,24.78866425557334,24.626922607421875,24.626922607421875,,2600
2021-10-12,24.639227209817285,24.665597053592037,24.58560562133789,24.58560562133789,,4300
2021-10-13,24.63922757296679,24.646259307861328,24.63922757296679,24.646259307861328,,900
2021-10-14,25.078745687846627,25.09632502706547,25.04446220397949,25.04446220397949,,2600
2021-10-15,25.1358788163645,25.25454814578709,25.1358788163645,25.22026634216309,,5600
2021-10-18,25.14291276221206,25.324871063232425,25.14291276221206,25.324871063232425,,2700
2021-10-19,25.345967200079127,25.47430558315875,25.345967200079127,25.42595863342285,,3900
2021-10-20,25.47430720398174,25.562210602129227,25.35124345254598,25.377614974975582,,5200
2021-10-21,25.48309690123753,25.499799367897264,25.421565027476024,25.43914604187012,,1400
2021-10-22,25.570998682301283,25.579789188943387,25.48309529249795,25.56220817565918,,3500
2021-10-25,25.68527348621132,25.68527348621132,25.632532119750977,25.632532119750977,,300
2021-10-26,25.78899882377428,25.78899882377428,25.686153411865234,25.686153411865234,,2200
2021-10-27,25.593854904174805,25.593854904174805,25.593854904174805,25.593854904174805,,200
2021-10-28,25.685274666557486,25.790759080943445,25.685274666557486,25.762630462646484,,7500
2021-10-29,25.82592096809006,25.878664016723636,25.790760612285663,25.878664016723636,,700
2021-11-01,25.87866100809939,25.87866100809939,25.73801624799704,25.81712913513184,,4300
2021-11-02,25.941071482134497,25.99293430040205,25.905030906002875,25.95865249633789,,2400
2021-11-03,25.92261053862623,26.108964920043945,25.90502952535984,26.108964920043945,,13200
2021-11-04,26.195112228393555,26.195112228393555,26.195112228393555,26.195112228393555,,100
2021-11-05,26.38850009841058,26.40168502143451,26.30938720703125,26.30938720703125,,2000
2021-11-08,26.520351501950785,26.520351501950785,26.29180335998535,26.29180335998535,,8700
2021-11-09,26.61704602382207,26.61704602382207,26.16874023595944,26.21356964111328,,3500
2021-11-10,26.17753276234518,26.17753276234518,26.059741973876957,26.059741973876957,,3600
2021-11-11,26.089628704034787,26.089628704034787,26.052709579467773,26.052709579467773,,300
2021-11-12,26.186322681358984,26.223241806030277,26.186322681358984,26.223241806030277,,300
2021-11-15,26.20038604736328,26.20038604736328,26.20038604736328,26.20038604736328,,100
2021-11-16,26.19511182499168,26.3841035425628,26.19511182499168,26.300596237182617,,9200
2021-11-17,26.23906340329072,26.2724666595459,26.23906340329072,26.2724666595459,,500
2021-11-18,26.34630421684008,26.34630421684008,26.33839225769043,26.33839225769043,,100
2021-11-19,26.406080022847743,26.41486885342209,26.274224091583097,26.30411148071289,,2800
2021-11-22,26.26543235778809,26.26543235778809,26.26543235778809,26.26543235778809,,100
2021-11-23,26.212692204037964,26.24785423278809,26.133579315968007,26.24785423278809,,6000
2021-11-24,26.335756301879883,26.335756301879883,26.335756301879883,26.335756301879883,,100
2021-11-26,25.746808762476167,25.765268325805664,25.746808762476167,25.765268325805664,,1300
2021-11-29,26.12478824879056,26.186321797784288,26.114240646362305,26.114240646362305,,4300
2021-11-30,25.94898208482323,26.001723448058147,25.55341766901708,25.56220817565918,,9900
2021-12-01,25.87866068289001,26.036886455171228,25.236967086791992,25.236967086791992,,5500
2021-12-02,25.70285450057071,25.755595867031055,25.632532119750977,25.632532119750977,,2200
2021-12-03,25.50946946665214,25.50946946665214,25.254549777360168,25.386404037475582,,2600
2021-12-06,25.59737096394046,25.837345263601872,25.59737096394046,25.694063186645508,,4600
2021-12-07,26.274222803369756,26.274222803369756,26.15115906194885,26.225875854492188,,700
2021-12-08,26.40607724099906,26.40607724099906,26.26543081735918,26.32608413696289,,2400
2021-12-09,26.25664312753855,26.300593984159335,26.194231033325195,26.194231033325195,,107100
2021-12-10,26.297958952955216,26.385862350463867,26.297958952955216,26.385862350463867,,4600
2021-12-13,26.26543469322486,26.291806215914665,26.1889591217041,26.1889591217041,,13500
2021-12-14,26.045676130535508,26.045676130535508,25.883055937800652,25.967443466186523,,600
2021-12-15,25.905030300793708,26.371795654296875,25.89623979389738,26.371795654296875,,700
2021-12-16,26.41487051642388,26.41487051642388,26.19159698486328,26.19159698486328,,1500
2021-12-17,25.948983960953534,25.992934820724027,25.931402946398208,25.932281494140625,,1000
2021-12-20,25.45672584570372,25.60616111755371,25.45672584570372,25.60616111755371,,1700
2021-12-21,25.746807282001345,26.107209696716648,25.73274213505614,26.098419189453125,,3700
2021-12-22,26.063257945176517,26.315540313720703,26.063257945176517,26.315540313720703,,1500
2021-12-23,26.52035149018404,26.52035149018404,26.48958555537712,26.514198303222656,,1000
2021-12-27,26.62583676368072,26.84559440612793,26.62583676368072,26.84559440612793,,5200
2021-12-28,26.801642365406146,26.907126773435845,26.79021453857422,26.79021453857422,,2800
2021-12-29,26.81850079946914,26.87153625488281,26.78933020311324,26.87153625488281,,400
2021-12-30,26.88921578006163,26.915734351223293,26.77430534362793,26.77430534362793,,900
2021-12-31,26.756624923561017,26.79198133066268,26.73010635375977,26.73010635375977,,2100
2022-01-03,26.756625255799204,26.827339756847262,26.756625255799204,26.813196182250977,,1200
2022-01-04,26.87153625488281,26.902473744371356,26.738946773365257,26.87153625488281,,15300
2022-01-05,26.807008714964446,26.807008714964446,26.35001564025879,26.35001564025879,,5500
2022-01-06,26.310239103106184,26.354436720838773,26.252784729003903,26.252784729003903,,1800
2022-01-07,26.36769551875171,26.36769551875171,26.111356076312777,26.215660095214844,,1600
2022-01-10,25.74010374175064,26.10958671569824,25.73126421834949,26.10958671569824,,32300
2022-01-11,26.28814013821919,26.35797119140625,26.28814013821919,26.35797119140625,,300
2022-01-12,26.444596723675318,26.46404266357422,26.394213294861476,26.46404266357422,,106400
2022-01-13,26.280187259423784,26.34117710694237,26.058319091796875,26.058319091796875,,3100
2022-01-14,25.98760698506226,26.111358642578125,25.88153606258228,26.111358642578125,,1900
2022-01-18,25.766621650319205,25.766621650319205,25.607513594706813,25.625192642211918,,38000
2022-01-19,25.74894201219725,25.757781535747046,25.368852615356445,25.368852615356445,,3400
2022-01-20,25.53679921156478,25.72596131163814,25.11958312988281,25.11958312988281,,8500
2022-01-21,24.80313516890618,25.13460971863413,24.694412231445312,24.694412231445312,,1400
2022-01-24,24.29045449289395,24.67054557800293,23.786613449272,24.67054557800293,,2100
2022-01-25,24.405367879406647,24.51143879621371,24.405367879406647,24.431884765625,,1400
2022-01-26,25.041798591478056,26.03091824229599,24.256866384045694,24.29929542541504,,8400
2022-01-27,24.30813182187801,24.325810867835003,24.210898755081185,24.29752540588379,,1700
2022-01-28,24.77838516235352,24.77838516235352,24.77838516235352,24.77838516235352,,100
2022-01-31,25.02411865060903,25.25836181640625,25.02411865060903,25.25836181640625,,2200
2022-02-01,25.25394289634339,25.44487190246582,25.245103371953125,25.44487190246582,,4700
2022-02-02,25.55447651818993,25.69590551733165,25.55447651818993,25.678226470947266,,9800
2022-02-03,25.306977934621024,25.360015080078,25.103673934936523,25.103673934936523,,198900
2022-02-04,25.01792870441134,25.211509704589844,24.975499668707386,25.211509704589844,,3000
2022-02-07,25.20090411275708,25.27161861258727,25.0771541595459,25.0771541595459,,4600
2022-02-08,25.11428042974145,25.295486450195312,25.03030579779692,25.295486450195312,,21500
2022-02-09,25.51823643017253,25.60751342773437,25.51823643017253,25.60751342773437,,7100
2022-02-10,25.56331735276259,25.56331735276259,25.19913673400879,25.19913673400879,,61100
2022-02-11,25.245101773456643,25.245101773456643,24.90920829772949,24.90920829772949,,4200
2022-02-14,22.831967538528563,24.811975367082333,22.831967538528563,24.77661895751953,,8300
2022-02-15,24.993179364311658,25.068314468233694,24.95340235305097,25.05947494506836,,8700
2022-02-16,24.9799198814411,25.13018839705568,24.909205385032276,25.086875915527344,,9800
2022-02-17,25.006441520561506,25.006441520561506,24.741260861989943,24.77661895751953,,6200
2022-02-18,24.7942953682854,24.7942953682854,24.62192887410706,24.65286636352539,,2300
2022-02-22,24.56889321933587,24.652866163365733,24.47342872619629,24.47342872619629,,2900
2022-02-23,24.83849504525762,24.83849504525762,24.183500289916992,24.183500289916992,,1700
2022-02-24,23.895338755417107,24.3620548248291,23.895338755417107,24.3620548248291,,5100
2022-02-25,24.25509926747153,24.70590487742801,24.25509926747153,24.697065353393555,,5200
2022-02-28,24.76335762432427,24.76335762432427,24.546795200622,24.750099182128903,,3100
2022-03-01,24.61308878746572,24.61308878746572,24.47608039059522,24.546794891357425,,10800
2022-03-02,24.608670598746443,24.74126008086273,24.608670598746443,24.67054557800293,,3900
2022-03-03,24.78545603233252,24.78545603233252,24.555633491999487,24.57331085205078,,2500
2022-03-04,24.228579210824915,24.481383176046617,24.228579210824915,24.467241287231445,,8300
2022-03-07,24.216204841691745,24.25509840887322,23.989917755126957,23.989917755126957,,5700
2022-03-08,23.928040757243476,24.237417317541684,23.928040757243476,23.954559326171875,,5200
2022-03-09,24.181730779121065,24.281614189293204,24.181730779121065,24.246257781982425,,2600
2022-03-10,24.025274590467863,24.228578567504883,24.025274590467863,24.228578567504883,,1700
2022-03-11,24.2727762762428,24.2727762762428,24.04295539855957,24.04295539855957,,2600
2022-03-14,23.77777466476335,24.104830304385167,23.77777466476335,23.910364151000977,,4100
2022-03-15,24.23741867967302,25.15670720328848,23.98991708033165,24.166704177856445,,2100
2022-03-16,24.28161480575877,24.334651947021484,24.126927358659344,24.334651947021484,,2300
2022-03-17,24.26393858998108,24.378849029541016,24.26393858998108,24.378849029541016,,4700
2022-03-18,24.405367879406647,24.45840333781018,24.37000978315974,24.431884765625,,13400
2022-03-21,24.4318851934809,24.4318851934809,24.27277712951715,24.352331161499023,,1400
2022-03-22,24.36558949089656,24.38768745682205,24.33465200140753,24.376195907592773,,8800
2022-03-23,24.35675048828125,24.37000893092677,24.343492045635728,24.35675048828125,,2400
2022-03-24,24.590989281111547,24.590989281111547,24.361166746544477,24.40094375610352,,5500
2022-03-25,24.35675002623392,24.37000846862793,24.281614918745493,24.37000846862793,,5300
2022-03-28,24.30813522638325,24.39652878258165,24.27719773460884,24.352331161499023,,29300
2022-03-29,24.714741315749468,24.714741315749468,24.431883306534036,24.50259780883789,,6200
2022-03-30,24.458402804910573,24.520277786027695,24.378848776055182,24.487571716308597,,13000
2022-03-31,24.50613643055013,24.520278320275438,24.431884765625,24.431884765625,,28900
2022-04-01,24.313438575389476,24.38768855350206,24.299294999858443,24.378849029541016,,6800
2022-04-04,24.370006327661947,24.43188130135376,24.370006327661947,24.394756317138672,,8200
2022-04-05,24.29045423439072,24.29045423439072,24.2268123626709,24.2268123626709,,10100
2022-04-06,24.04295492071684,24.140186309814453,24.04295492071684,24.140186309814453,,6500
2022-04-07,24.02085440286094,24.149024963378903,24.02085440286094,24.149024963378903,,10200
2022-04-08,24.07831163057444,24.131347087651072,24.0615177154541,24.0615177154541,,700
2022-04-11,23.89268395686019,23.91301334199973,23.877656936645508,23.877656936645508,,2100
2022-04-12,24.00759646763907,24.016435991237294,23.89533805847168,23.89533805847168,,2600
2022-04-13,23.94130269368715,24.06947326660156,23.94130269368715,24.06947326660156,,1500
2022-04-14,23.91036289449713,23.91036289449713,23.79456901550293,23.79456901550293,,2300
2022-04-18,23.79103464988972,23.830809978150697,23.74241811183727,23.7609806060791,,4700
2022-04-19,23.82196951778267,23.92804042006837,23.82196951778267,23.9192008972168,,2600
2022-04-20,23.941301223041734,23.989917760537853,23.91920325671625,23.94218635559082,,5600
2022-04-21,23.967820790556782,23.967820790556782,23.69822120666504,23.69822120666504,,1000
2022-04-22,23.593916905018187,23.593916905018187,23.41094398498535,23.41094398498535,,3900
2022-04-25,23.38442412810881,23.510826110839844,23.38442412810881,23.510826110839844,,1600
2022-04-26,23.468397762965925,23.468397762965925,23.23857688903809,23.23857688903809,,37700
2022-04-27,23.29161431707213,23.344649778162417,23.232391357421875,23.232391357421875,,6800
2022-04-28,23.2924936160611,23.50375366210937,23.28453753962918,23.50375366210937,,7400
2022-04-29,23.353487134043935,23.3861932030954,23.070629119873047,23.070629119873047,,5400
2022-05-02,22.99991559513515,23.09714698791504,22.89826359733941,23.09714698791504,,2600
2022-05-03,23.132503676944765,23.220897226249328,23.08653916618373,23.150182723999023,,7800
2022-05-04,23.101566885000967,23.394147872924805,23.04411082332344,23.394147872924805,,6700
2022-05-05,23.256252306528012,23.256252306528012,23.026429765845027,23.088306427001957,,4000
2022-05-06,22.999915217213324,22.999915217213324,22.97251319885254,22.97251319885254,,4400
2022-05-09,22.860250992961998,22.87616146016437,22.840805053710938,22.840805053710938,,2500
2022-05-10,22.833736182982346,22.920361156924027,22.833736182982346,22.85848617553711,,3200
2022-05-11,22.774508036014065,22.893839061450397,22.774508036014065,22.791303634643555,,2500
2022-05-12,22.760366900113517,22.805446274835568,22.760366900113517,22.79483985900879,,1300
2022-05-13,20.975709519597604,22.92920044824081,20.975709519597604,22.894725799560547,,5800
2022-05-16,22.920361328284944,22.920361328284944,22.849646822461665,22.88765525817871,,2400
2022-05-17,22.912405635561157,22.96455764770508,22.858486730172896,22.96455764770508,,7500
2022-05-18,22.85848531502168,22.893841723354576,22.83108329772949,22.83108329772949,,1300
2022-05-19,22.84964615067387,22.84964615067387,22.80544853210449,22.80544853210449,,2800
2022-05-20,22.840805053710938,22.867323623026,22.8231260075009,22.840805053710938,,3300
2022-05-23,22.89826319013824,22.91152163301636,22.85848617553711,22.85848617553711,,35500
2022-05-24,22.85848471796452,22.99107419619146,22.85848471796452,22.92919921875,,21200
2022-05-25,23.008754971524905,23.008754971524905,22.995494842529297,22.995494842529297,,1000
2022-05-26,23.01759332976382,23.03527069091797,22.973395711961626,23.03527069091797,,10800
2022-05-27,23.017591928789237,23.088306427001957,23.008752405766817,23.088306427001957,,7400
2022-05-31,23.29161258282613,23.29161258282613,22.929200534754344,22.99107551574707,,21800
2022-06-01,22.999914592333955,22.999914592333955,22.87616294678824,22.920360565185547,,19700
2022-06-02,22.91152115414416,22.955717086791992,22.88058366409732,22.955717086791992,,1700
2022-06-03,22.9026814096929,22.91152093333063,22.877047971320213,22.896493911743164,,2000
2022-06-06,22.837270618908263,22.85848513813053,22.83196656761102,22.849645614624023,,2700
2022-06-07,22.87616451929201,22.90268309215328,22.864674655088976,22.8850040435791,,16900
2022-06-08,22.823128090766183,22.840807138589945,22.81428856685431,22.82224464416504,,800
2022-06-09,22.77009010314941,22.81428603183116,22.77009010314941,22.77009010314941,,12500
2022-06-10,22.667553988826327,22.667553988826327,22.57562665541712,22.628662109375,,11000
2022-06-13,22.465137049256697,22.46955596830873,22.31044790696644,22.35818099975586,,5700
2022-06-14,22.36436927560848,22.43419865205281,22.257413222388823,22.289234161376957,,8600
2022-06-15,22.35464413242759,22.460715042725912,22.328125561869648,22.43419647216797,,10700
2022-06-16,22.420937956888125,22.46513557434082,22.403258909907045,22.46513557434082,,700
2022-06-17,22.496073136803165,22.496073136803165,22.43419647216797,22.43419647216797,,3100
2022-06-21,22.443038235267466,22.49607538167589,22.443038235267466,22.46955680847168,,4900
2022-06-22,22.53142760460723,22.6021421007054,22.53142760460723,22.579160690307617,,1800
2022-06-23,22.6198235685649,22.699377595940557,22.6198235685649,22.655179977416992,,5100
2022-06-24,22.633079237441105,22.67285624625424,22.633079237441105,22.66401672363281,,6400
2022-06-27,22.6154018135417,22.646340987918048,22.5667869645884,22.61098289489746,,9200
2022-06-28,22.566788412642083,22.610984345787084,22.566788412642083,22.57651138305664,,4000
2022-06-29,22.619824030340787,22.67285948768501,22.593305458685283,22.641921997070312,,12700
2022-06-30,22.685232447975007,22.717055068298954,22.664017929747924,22.69053649902344,,6700
2022-07-01,22.761253800021105,22.83196830749512,22.761253800021105,22.83196830749512,,5200
2022-07-05,22.85848271645788,22.85848271645788,22.805445581037727,22.832847595214844,,3100
2022-07-06,22.876161006372243,22.876161006372243,22.75241105729007,22.77009010314941,,7600
2022-07-07,22.72589405800282,22.73473358154297,22.70379609213581,22.73473358154297,,3300
2022-07-08,22.61098398121986,22.649877548217773,22.61098398121986,22.649877548217773,,700
2022-07-11,22.71705691870086,22.725894756545937,22.65518025201787,22.696725845336918,,44200
2022-07-12,22.75241268269195,22.761252206253104,22.712635669650123,22.717056274414062,,16500
2022-07-13,22.71705547691609,22.71705547691609,22.68346596294958,22.694955825805664,,8200
2022-07-14,22.655180773004155,22.682582791661016,22.628663886925573,22.67728042602539,,3500
2022-07-15,22.64634115601652,22.70821613329516,22.628662109375,22.628662109375,,4400
2022-07-18,22.44303532498301,22.699376441482254,22.44303532498301,22.61098289489746,,4100
2022-07-19,22.6993752820558,22.6993752820558,22.59330269437863,22.614517211914062,,2600
2022-07-20,22.7082163745504,22.7082163745504,22.61186674950716,22.615402221679688,,3300
2022-07-21,22.699377399196816,22.746225357055664,22.6949567943994,22.746225357055664,,1000
2022-07-22,22.834617556134088,22.85848409992097,22.834617556134088,22.840805053710938,,1100
2022-07-25,22.81428677751268,22.816055356543067,22.78776989382358,22.80986785888672,,1900
2022-07-26,22.91152217232393,22.91152217232393,22.814289093017575,22.814289093017575,,1700
2022-07-27,22.867324661637028,22.867324661637028,22.81428752059801,22.849645614624023,,1700
2022-07-28,22.99107419619146,22.99107419619146,22.92035969540598,22.92919921875,,5800
2022-07-29,23.008753475206387,23.03527035953951,22.93803897370688,22.95218086242676,,56700
2022-08-01,22.97339674613099,23.04411125183105,22.97339674613099,23.04411125183105,,57700
2022-08-02,22.938040744671166,22.938040744671166,22.814289093017575,22.814289093017575,,3500
2022-08-03,22.889423370361328,22.889423370361328,22.889423370361328,22.889423370361328,,200
2022-08-04,22.93803915026624,22.942458069033545,22.91328915884925,22.933618545532227,,1500
2022-08-05,22.78600214368914,22.796610246324004,22.73473358154297,22.73473358154297,,1400
2022-08-08,22.770093158405693,22.86732623771205,22.770093158405693,22.814289093017575,,4600
2022-08-09,22.814289093017575,22.831968141249067,22.78688707404882,22.814289093017575,,2300
2022-08-10,22.82312728451266,22.83638572692871,22.82312728451266,22.83638572692871,,300
2022-08-11,22.849645332958566,22.858484856356107,22.79660987854004,22.79660987854004,,10100
2022-08-12,22.79661232510017,22.8054501634795,22.75241470336914,22.75241470336914,,5200
2022-08-15,22.876160874722974,22.90267944335937,22.840804469174373,22.90267944335937,,2600
2022-08-16,22.787769192490824,22.884117126464844,22.778929669544286,22.884117126464844,,4300
2022-08-17,22.80544771597088,22.81428723936842,22.75241226155235,22.79660987854004,,5100
2022-08-18,22.81870986420838,22.86732640421555,22.816057838357665,22.83196830749512,,7800
2022-08-19,22.82312638399279,22.82312638399279,22.681697383912745,22.694955825805664,,1000
2022-08-22,22.62866368351124,22.63308260249568,22.57562822586401,22.593305587768555,,2700
2022-08-23,22.593302577947306,22.655177551287384,22.579160690307617,22.579160690307617,,1500
2022-08-24,22.53585081460874,22.552644729614254,22.53585081460874,22.552644729614254,,1000
2022-08-25,22.58092912936447,22.65517910245636,22.549108194029863,22.652528762817383,,4100
2022-08-26,22.63750205413556,22.63750205413556,22.5402689817637,22.549108505249023,,1900
2022-08-29,22.45187655700896,22.469555604864777,22.44303703308105,22.44303703308105,,1500
2022-08-30,22.39000059441731,22.42535868857965,22.36790262854921,22.416519165039062,,5800
2022-08-31,22.62866053504076,22.62866053504076,22.24856948852539,22.24856948852539,,14300
2022-09-01,22.2397326297948,22.266251201088625,22.186697173173904,22.204376220703125,,8100
2022-09-02,22.38999847988461,22.41651704800193,22.24856948852539,22.24856948852539,,4600
2022-09-06,22.23973200369872,22.24857152721448,22.133661093443056,22.152223587036133,,22400
2022-09-07,22.425358078704072,22.425358078704072,22.169016960898684,22.29188346862793,,2000
2022-09-08,22.275089263916016,22.275089263916016,22.239731171176576,22.275089263916016,,2500
2022-09-09,22.336964985369296,22.336964985369296,22.31486701965332,22.31486701965332,,1900
2022-09-12,22.328125535023897,22.328125535023897,22.28392791748047,22.28392791748047,,1800
2022-09-13,22.177857626659687,22.204376197926315,22.054107666015625,22.054107666015625,,8100
2022-09-14,22.062943426993247,22.13365961038099,22.036426544189453,22.036426544189453,,10300
2022-09-15,22.038195009931,22.038195009931,22.001070022583008,22.001070022583008,,2300
2022-09-16,22.03200838360305,22.071785398187536,21.992231369018555,21.992231369018555,,2100
2022-09-19,22.001070774599025,22.036428870024768,21.974553888996503,22.00460624694824,,4200
2022-09-20,21.89499855041504,21.92858806467333,21.89499855041504,21.89499855041504,,3000
2022-09-21,21.90383877681847,21.9303556616858,21.868480682373047,21.868480682373047,,2100
2022-09-22,21.797768400582743,21.85964338620039,21.735893414965098,21.753572463989254,,7100
2022-09-23,21.7535708355891,21.815445816574996,21.700533692486808,21.80660629272461,,38000
2022-09-26,21.6651764783405,21.6651764783405,21.550264358520508,21.550264358520508,,1100
2022-09-27,21.612141950875262,21.616560869842612,21.514908873925656,21.52374839782715,,15300
2022-09-28,21.700532913208008,21.73589100733981,21.691695075641785,21.700532913208008,,2800
2022-09-29,22.0099096626545,22.0099096626545,21.70053308048337,21.718212127685547,,10400
2022-09-30,21.771247938551888,21.81544555727847,21.681087493896484,21.681087493896484,,5400
2022-10-03,21.780085479361432,21.833122617004644,21.7712459564209,21.7712459564209,,16400
2022-10-04,21.903837321089917,21.903837321089917,21.833122822865487,21.891462326049805,,4000
2022-10-05,21.7358918995153,21.84196281433105,21.7358918995153,21.84196281433105,,2400
2022-10-06,21.753568942268075,21.762408465349107,21.722631454467773,21.722631454467773,,2700
2022-10-07,21.6298204989494,21.634241104125977,21.6298204989494,21.634241104125977,,1500
2022-10-10,21.61214106351389,21.64749747170138,21.590041411684144,21.616559982299805,,3300
2022-10-11,21.594462649634504,21.668712626375463,21.594462649634504,21.632471084594727,,2000
2022-10-12,21.647498047333176,21.647498047333176,21.620979476012355,21.63865852355957,,1100
2022-10-13,21.576782929086672,21.576782929086672,21.550264358520508,21.550264358520508,,3500
2022-10-14,21.674016001862555,21.691695048906663,21.523747473921063,21.550264358520508,,2200
2022-10-17,21.841961945605032,21.841961945605032,21.5149080043032,21.5325870513916,,8100
2022-10-18,21.613907044130205,21.613907044130205,21.55910301208496,21.55910301208496,,2900
2022-10-19,21.514908873925656,21.555569335099083,21.514908873925656,21.52374839782715,,1600
2022-10-20,21.46275590572668,21.49280994845781,21.43623733520508,21.43623733520508,,1300
2022-10-21,21.435353069897044,21.479548999778213,21.435353069897044,21.47513008117676,,5300
2022-10-24,21.514908594710263,21.541427166070584,21.453033614169616,21.470712661743164,,3900
2022-10-25,21.603300627911764,21.603300627911764,21.533469575082076,21.55910301208496,,1700
2022-10-26,21.616561148998127,21.616561148998127,21.576784133911133,21.576784133911133,,5400
2022-10-27,21.594462639261504,21.67401666743625,21.594462639261504,21.6687126159668,,5200
2022-10-28,21.647497009345997,21.647497009345997,21.629817962646484,21.629817962646484,,2000
2022-10-31,21.60241554880445,21.629817564894797,21.53258618176885,21.54142570495605,,7200
2022-11-01,21.581203587901346,21.581203587901346,21.5325870513916,21.5325870513916,,2400
2022-11-02,21.559103827333683,21.59446192133218,21.49722884880304,21.50872039794922,,3400
2022-11-03,21.44507546348812,21.48838794567877,21.44507546348812,21.453031539916992,,6000
2022-11-04,21.50606803166145,21.52463052492662,21.46187210083008,21.46187210083008,,2600
2022-11-07,21.488390561313324,21.488390561313324,21.426515579223636,21.426515579223636,,1400
2022-11-08,21.51490870718259,21.523748231015578,21.47955061185066,21.50606918334961,,3000
2022-11-09,21.497226884181863,21.545843416003397,21.497226884181863,21.51490592956543,,15500
2022-11-10,21.78804422418133,21.815446242862937,21.727052688598636,21.727052688598636,,23800
2022-11-11,21.780089351558583,21.788928876070663,21.735893414965098,21.753572463989254,,2600
2022-11-14,21.727051483806857,21.77124741550488,21.682855552108837,21.700532913208008,,4700
2022-11-15,21.7712477508728,21.797766321880143,21.73589134216309,21.73589134216309,,13800
2022-11-16,21.797764525242503,21.80660404818304,21.7712459564209,21.7712459564209,,3000
2022-11-17,21.77390048162499,21.77920453319156,21.709373474121094,21.709373474121094,,4100
2022-11-18,21.753572896085284,21.753572896085284,21.67401885986328,21.67401885986328,,1600
2022-11-21,21.71114106987491,21.771247469695165,21.6828556060791,21.6828556060791,,13100
2022-11-22,21.735891214553508,21.7977661939073,21.735891214553508,21.784507751464844,,1700
2022-11-23,21.82428574851375,21.82428574851375,21.79776717646673,21.81102561950684,,1200
2022-11-25,21.79776717646673,21.81544622449808,21.79776717646673,21.81102561950684,,2300
2022-11-28,21.850802689674392,21.88616078582621,21.788927707375542,21.79334831237793,,2600
2022-11-29,21.83312283734658,21.841960674409695,21.76240833907525,21.818979263305664,,2200
2022-11-30,21.788925956450257,21.903838073742666,21.744730025778832,21.89499855041504,,7400
2022-12-01,22.03642699588037,22.107141494750977,21.96571249700977,22.107141494750977,,3500
2022-12-02,21.974553177823644,22.067365646362305,21.974553177823644,22.067365646362305,,20800
2022-12-05,20.70169140007135,22.00991060142977,20.70169140007135,21.92593765258789,,12700
2022-12-06,21.952452746478187,21.952452746478187,21.91267742077392,21.91356086730957,,2300
2022-12-07,21.96571420430971,21.99223108971808,21.93919563293457,21.93919563293457,,3100
2022-12-08,21.97455356080353,22.00107044601001,21.92151641845703,21.92151641845703,,17600
2022-12-09,21.939194830956065,21.978971843581352,21.90560531616211,21.90560531616211,,1100
2022-12-12,21.903838073742666,21.934775562406,21.89499855041504,21.89499855041504,,1200
2022-12-13,22.22205268814345,22.22205268814345,22.01874870763782,22.07443618774414,,7200
2022-12-14,22.13366035788642,22.160177241585757,22.07620429992676,22.07620429992676,,3100
2022-12-15,21.956874218067387,21.974553265278463,21.91267828600644,21.95245361328125,,5200
2022-12-16,21.886158968359915,21.90383801496772,21.855221479779598,21.901185989379883,,2500
2022-12-19,21.8684817377503,21.8684817377503,21.788927707375542,21.79334831237793,,8200
2022-12-20,21.70053237915051,21.766827961032718,21.674015495170973,21.74472999572754,,3500
2022-12-21,21.815445354223144,21.85964128657159,21.815445354223144,21.81986427307129,,3100
2022-12-22,21.727052522031784,21.74473156994248,21.709373474121094,21.709373474121094,,1800
2022-12-23,21.50606845338329,21.78892646257078,21.50606845338329,21.700532913208008,,3200
2022-12-27,21.727052054694383,21.78008751131889,21.69965003681226,21.71114158630371,,7300
2022-12-28,21.67639918661596,21.70757699787423,21.618501663208008,21.618501663208008,,2600
2022-12-29,21.78774405097416,21.81446716243988,21.765475640904786,21.786853790283203,,6500
2022-12-30,21.69866991905491,21.69866991905491,21.636317692685104,21.68352699279785,,54800
2023-01-03,21.680856448027956,21.78774550307316,21.680856448027956,21.76993179321289,,7800
2023-01-04,21.903542315397303,21.93917143141112,21.8322823843989,21.930265426635746,,12100
2023-01-05,21.7601310382275,21.81001281738281,21.7601310382275,21.81001281738281,,13300
2023-01-06,22.05051458697429,22.086145401000977,22.05051458697429,22.086145401000977,,400
2023-01-09,22.16453336120935,22.1752232862345,22.13513946533203,22.13513946533203,,2000
2023-01-10,22.09950610677562,22.108413810282293,22.081692398733004,22.086145401000977,,3000
2023-01-11,22.17343865464806,22.17967387724442,22.108413947718788,22.16631317138672,,3000
2023-01-12,22.25093354099111,22.42908421216261,22.17967361231665,22.40592384338379,,25100
2023-01-13,22.411270442491745,22.411270442491745,22.37564132503701,22.39256477355957,,6300
2023-01-17,22.43710102273202,22.44690068627864,22.39790916442871,22.39790916442871,,7500
2023-01-18,22.527067452077883,22.527067452077883,22.39345359802246,22.39345359802246,,2200
2023-01-19,22.397908684925284,22.397908684925284,22.380093277548383,22.384546279907227,,3000
2023-01-20,22.34891838243951,22.41216087341309,22.34891838243951,22.41216087341309,,1500
2023-01-23,22.45580734935687,22.45580734935687,22.393455119346097,22.402362823486328,,4600
2023-01-24,22.3934544824308,22.52706834176317,22.3934544824308,22.50034523010254,,4100
2023-01-25,22.491436004638672,22.51815911449145,22.48252830135441,22.491436004638672,,3100
2023-01-26,22.48252838728819,22.509251497243117,22.411268459712424,22.50123405456543,,4000
2023-01-27,22.52706861275185,22.535974617775064,22.50479850328136,22.51370620727539,,1400
2023-01-30,22.49767108670353,22.49767108670353,22.41126823425293,22.41126823425293,,2000
2023-01-31,22.469168266211312,22.493218895899226,22.40236133907173,22.479856491088867,,10800
2023-02-01,22.51370545772004,22.70521683978866,22.49143704796175,22.633956909179688,,11800
2023-02-02,22.749754083315043,22.776475493939135,22.68294715881348,22.68294715881348,,12400
2023-02-03,22.535973745868343,22.62504908339157,22.46471381564391,22.537755966186523,,8600
2023-02-06,22.36673318695005,22.37564089088361,22.2954732544524,22.33110237121582,,8300
2023-02-07,22.27320214875502,22.39345359802246,22.242026035867617,22.39345359802246,,12500
2023-02-08,22.4023617598188,22.4023617598188,22.30438041687012,22.30438041687012,,600
2023-02-09,22.553790209261617,22.571605617394628,22.398799896240234,22.398799896240234,,3400
2023-02-10,22.32219347333286,22.32219347333286,22.216194690443466,22.27142143249512,,61900
2023-02-13,22.326649587056785,22.429085634838163,22.326649587056785,22.42106819152832,,1900
2023-02-14,22.34000907578273,22.42908441216277,22.29547225707808,22.39345359802246,,5400
2023-02-15,22.348916594031294,22.393453412366718,22.33110118710885,22.389890670776367,,4500
2023-02-16,22.32219339252892,22.37563961307811,22.233118057250977,22.233118057250977,,2900
2023-02-17,22.25984282345879,22.322195053100582,22.25984282345879,22.322195053100582,,4100
2023-02-21,22.197490544264816,22.240246844201128,22.13335609436035,22.13335609436035,,2700
2023-02-22,22.054968178939006,22.099504995261626,22.03626251220703,22.03626251220703,,17100
2023-02-23,22.07278513117577,22.147607803344727,22.005978203041625,22.147607803344727,,5200
2023-02-24,21.850097262243946,21.850097262243946,21.778837332972888,21.846532821655277,,5200
2023-02-27,22.04250096286034,22.05764389038086,22.04250096286034,22.05764389038086,,200
2023-02-28,22.046062975914577,22.046062975914577,21.86791229248047,21.86791229248047,,6600
2023-03-01,22.001525284926903,22.04606210453969,21.98370987749349,22.01043128967285,,5300
2023-03-02,21.96589543327166,22.028247663052028,21.9641149118327,22.00865173339844,,1600
2023-03-03,22.144044558425666,22.322193531116888,22.144044558425666,22.31328582763672,,6000
2023-03-06,22.30883487938748,22.30883487938748,22.258953094482425,22.258953094482425,,500
2023-03-07,22.237574985327644,22.237574985327644,21.930266831764037,21.96144294738769,,5700
2023-03-08,21.98371237679605,22.001527786254883,21.98371237679605,22.001527786254883,,700
2023-03-09,22.12177742472345,22.12177742472345,21.92136001586914,21.92136001586914,,9100
2023-03-10,21.85009660597048,21.90354112657587,21.707576751708984,21.707576751708984,,3600
2023-03-13,21.61850279912364,21.814467186509464,21.57396427996496,21.63631820678711,,5400
2023-03-14,21.86791366039045,21.86791366039045,21.76993230744638,21.8411922454834,,1400
2023-03-15,21.44480743858499,21.44480743858499,21.244388344033847,21.43589973449707,,4000
2023-03-16,21.467076510681014,21.68976402282715,21.440353397593963,21.68976402282715,,14200
2023-03-17,21.51339340209961,21.51339340209961,21.51339340209961,21.51339340209961,,100
2023-03-20,21.76102104545497,21.76102104545497,21.698668822236925,21.75211334228516,,1700
2023-03-21,21.91244971950916,21.94897079467773,21.885726608636137,21.94897079467773,,2400
2023-03-22,21.956986702598677,21.956986702598677,21.85009765625,21.85009765625,,2200
2023-03-23,22.14404470095929,22.14404470095929,21.977474212646484,21.977474212646484,,1400
2023-03-24,21.814466883521025,21.921357629046422,21.814466883521025,21.907995223999023,,4900
2023-03-27,21.93917117392717,22.046061918655663,21.921357465614715,22.00686836242676,,2800
2023-03-28,22.00686941272779,22.01666737750995,21.957877889846177,22.0148868560791,,2400
2023-03-29,22.129792016436834,22.16185838996764,22.09059846069973,22.128009796142575,,8400
2023-03-30,22.315067948082586,22.319520950317383,22.14404445935237,22.319520950317383,,1400
2023-03-31,22.37564055425136,22.41037940979004,22.36673285045181,22.41037940979004,,1100
2023-04-03,22.46471421469682,22.512815475463867,22.45580651088919,22.512815475463867,,10000
2023-04-04,22.553789153167138,22.562696856816537,22.5092523338909,22.537755966186523,,4000
2023-04-05,22.446900435406896,22.50925266289329,22.446900435406896,22.486984252929688,,2100
2023-04-06,22.464714270586597,22.60723413392169,22.464714270586597,22.55467987060547,,4000
2023-04-10,22.411267326418432,22.483417510986328,22.411267326418432,22.483417510986328,,2900
2023-04-11,22.504797761334626,22.509252462670183,22.499454498291016,22.499454498291016,,105400
2023-04-12,22.500345064774464,22.651772631797137,22.500345064774464,22.599218368530277,,2700
2023-04-13,22.75866108453675,22.79429189889065,22.714124265565115,22.755098342895508,,7300
2023-04-14,22.802309692349706,22.802309692349706,22.562697049357173,22.659788131713867,,1000
2023-04-17,22.500345651069665,22.69631004333496,22.500345651069665,22.69631004333496,,32300
2023-04-18,22.74084747622952,22.74975517985713,22.725704549959666,22.748863220214844,,2100
2023-04-19,22.678494093859367,22.678494093859367,22.607234162102987,22.669588088989254,,5100
2023-04-20,22.731940859549105,22.77647768084595,22.66958863014518,22.69631004333496,,11500
2023-04-21,22.70521753195436,22.758662056797647,22.67849442004731,22.72481346130371,,6900
2023-04-24,22.75777327833941,22.794294357299805,22.749757533524782,22.794294357299805,,2400
2023-04-25,22.6963097537652,22.723032865584862,22.58051300048828,22.58051300048828,,1300
2023-04-26,22.71768646096401,22.72570390369209,22.43799171068821,22.4468994140625,,15100
2023-04-27,22.66068030541092,22.77825927734375,22.55378955866708,22.77825927734375,,2200
2023-04-28,22.76489550434283,22.84773561572061,22.76489550434283,22.833484649658203,,2500
2023-05-01,22.84239324976258,22.84239324976258,22.776478276806703,22.80587387084961,,4300
2023-05-02,22.57160553692607,22.625940322875977,22.54488242482182,22.625940322875977,,2600
2023-05-03,22.687400718056928,22.758660646422204,22.687400718056928,22.69363594055176,,36700
2023-05-04,22.66068104138401,22.740848679302875,22.63395792908744,22.674041748046875,,9000
2023-05-05,22.84773594035124,22.9189958685878,22.83882823695033,22.91721534729004,,2400
2023-05-08,22.92879373281142,22.930575953072125,22.892274357688613,22.923450469970703,,8400
2023-05-09,22.838829619833465,22.845956802368164,22.794292799102944,22.845956802368164,,14100
2023-05-10,22.749757533524782,22.794294357299805,22.731942124426407,22.794294357299805,,800
2023-05-11,22.66067897585805,22.772912979125977,22.66067897585805,22.772912979125977,,5600
2023-05-12,22.80676123129048,22.80676123129048,22.669586340456885,22.70521545410156,,2300
2023-05-15,22.76756822838346,22.8789119720459,22.7497545206152,22.8789119720459,,2600
2023-05-16,22.74084666630103,22.749754369611384,22.680274963378903,22.680274963378903,,600
2023-05-17,22.45580595841156,22.755098342895508,22.45580595841156,22.755098342895508,,1800
2023-05-18,22.6874022240794,22.718578338623047,22.64286540300869,22.718578338623047,,2200
2023-05-19,22.78449296385761,22.829920041561365,22.767567818069413,22.785383224487305,,10300
2023-05-22,22.802310665317908,22.85664545169938,22.7586624055097,22.776477813720703,,15000
2023-05-23,22.625051386065245,22.62683360656481,22.52885055541992,22.52885055541992,,3500
2023-05-24,22.25984405965788,22.30438258256892,22.215307235717773,22.215307235717773,,3100
2023-05-25,22.197489441520474,22.219757851097874,22.161858627020035,22.201942443847656,,5200
2023-05-26,22.32219585486703,22.390783309936523,22.29547444061553,22.390783309936523,,1600
2023-05-30,22.219756054798083,22.2206463153974,22.179672241210938,22.179672241210938,,4700
2023-05-31,22.02824699112073,22.02824699112073,21.894634831528275,22.02023124694824,,4300
2023-06-01,22.211741588653435,22.298144442932387,22.211741588653435,22.27765655517578,,3200
2023-06-02,22.535973188906784,22.553788595765283,22.52706718444824,22.52706718444824,,1200
2023-06-05,22.06387613357429,22.54488021143145,22.06387613357429,22.39167213439941,,27900
2023-06-06,22.47362073726138,22.598326885042702,22.47362073726138,22.57160377502441,,4000
2023-06-07,22.464713793453,22.464713793453,22.39345386329896,22.43531990051269,,2800
2023-06-08,22.52706779191544,22.608125686645508,22.52706779191544,22.608125686645508,,5800
2023-06-09,22.625048548917228,22.6339562523562,22.625048548917228,22.62950325012207,,4800
2023-06-12,22.62505049475513,22.69631042942479,22.61614279055006,22.687402725219727,,7500
2023-06-13,22.91008781222072,22.91008781222072,22.865550994873047,22.865550994873047,,1700
2023-06-14,22.927906036376957,23.07933361252705,22.838830691764382,22.927906036376957,,5800
2023-06-15,22.95462652008252,23.18622170995845,22.95462652008252,23.150590896606445,,2700
2023-06-16,23.2218515261244,23.25302763926422,23.1060547771723,23.1069450378418,,1000
2023-06-20,22.86110037069575,22.918997899475983,22.82101655132513,22.866443634033203,,7000
2023-06-21,22.91899781423532,22.936813222549528,22.856645584106445,22.856645584106445,,3400
2023-06-22,22.53597357195101,22.838828697810307,22.53597357195101,22.799636840820312,,2700
2023-06-23,22.527067755566303,22.580512278526047,22.500344644601054,22.5217227935791,,2800
2023-06-26,22.580512112512576,22.580512112512576,22.473621368408203,22.473621368408203,,33300
2023-06-27,22.55378820919095,22.67047691345215,22.55378820919095,22.67047691345215,,2600
2023-06-28,22.66958749511906,22.72303201779357,22.66067979151152,22.67849349975586,,4800
2023-06-29,22.71056135277052,22.776476320063598,22.71056135277052,22.735502243041992,,600
2023-06-30,22.981347267788426,22.999162673950195,22.981347267788426,22.999162673950195,,300
2023-07-03,23.0258893003781,23.061518419173325,22.963537068258287,23.017871856689453,,9100
2023-07-05,22.93681361009644,22.94572131440405,22.84773826599121,22.84773826599121,,4100
2023-07-06,22.5716064152326,22.614362716674805,22.5716064152326,22.614362716674805,,300
2023-07-07,22.6606795203179,22.794291674890538,22.65177181681696,22.665132522583008,,2700
2023-07-10,22.687399291850905,22.70699691772461,22.625047070822298,22.70699691772461,,5300
2023-07-11,22.80497929226836,22.865550994873047,22.80319877099803,22.865550994873047,,4700
2023-07-12,23.09714697368713,23.11318016052246,23.09714697368713,23.11318016052246,,2600
2023-07-13,23.293113082977108,23.375062942504883,23.27529767451835,23.375062942504883,,4300
2023-07-14,23.38664091689013,23.38664091689013,23.275297164916992,23.275297164916992,,18000
2023-07-17,23.28420577914548,23.364373419617607,23.28420577914548,23.350122451782227,,22500
2023-07-18,23.45344682175245,23.52916145324707,23.444539118107745,23.52916145324707,,12900
2023-07-19,23.60487465768036,23.60487465768036,23.52470702292529,23.54252243041992,,11800
2023-07-20,23.524706362279623,23.524706362279623,23.391094207763672,23.391094207763672,,3700
2023-07-21,23.453447156387416,23.479278308046094,23.417818040270987,23.44988441467285,,2200
2023-07-24,23.19512853170017,23.551428156824542,23.19512853170017,23.488183975219727,,10500
2023-07-25,23.48194946365021,23.578150280396574,23.48016894237881,23.563007354736328,,133300
2023-07-26,23.506893234554312,23.5647924634145,23.489079524803465,23.545196533203125,,11700
2023-07-27,23.373277348941155,23.706418303364885,23.373277348941155,23.436521530151367,,900
2023-07-28,23.658318445154396,23.672571110500837,23.6467399597168,23.6467399597168,,9700
2023-07-31,23.65831938785625,23.65831938785625,23.595967160051146,23.648521423339844,,1600
2023-08-01,23.57815190316029,23.57815190316029,23.56568145751953,23.56568145751953,,500
2023-08-02,23.31983390178365,23.31983390178365,23.21294316051638,23.23699378967285,,2800
2023-08-03,23.18176766067545,23.275295999898432,23.18176766067545,23.183549880981445,,1000
2023-08-04,23.275295789644925,23.306473601408356,23.043702294319345,23.077550888061523,,1100
2023-08-07,23.21294439526336,23.24857521057129,23.21294439526336,23.24857521057129,,1300
2023-08-08,23.052608507098533,23.183549880981445,23.052608507098533,23.183549880981445,,800
2023-08-09,23.15237682173724,23.186225420249865,23.054393768310547,23.054393768310547,,2300
2023-08-10,23.28420502027396,23.328743540735164,23.04370380566681,23.07398796081543,,1400
2023-08-11,22.95462853168335,22.990257649186976,22.945720827564735,22.98134994506836,,1800
2023-08-14,22.94572095918953,23.088240827963244,22.94572095918953,23.0615177154541,,3600
2023-08-15,22.927905362863985,22.927905362863985,22.821016311645508,22.821016311645508,,600
2023-08-16,22.829920516382234,22.856643626564864,22.65177154541016,22.65177154541016,,4700
2023-08-17,22.65177204225857,22.660679745848167,22.473621368408203,22.473621368408203,,8400
2023-08-18,22.46471459971748,22.522613825974016,22.46471459971748,22.503908157348636,,1300
2023-08-21,22.47362292121073,22.70521813362986,22.47362292121073,22.687402725219727,,27000
2023-08-22,22.42908608349325,22.625050478955277,22.42908608349325,22.5849666595459,,13700
2023-08-23,22.87446035696096,22.87446035696096,22.66068056004189,22.807653427124023,,3400
2023-08-24,22.68294896844571,22.68294896844571,22.54220962524414,22.54220962524414,,2500
2023-08-25,22.42908583172627,22.674041748046875,22.42908583172627,22.674041748046875,,4500
2023-08-28,22.77647799145996,22.80854606628418,22.723033465380723,22.80854606628418,,5100
2023-08-29,23.00807305155263,23.128324508666992,22.99916534743629,23.128324508666992,,900
2023-08-30,23.141684299735257,23.2396673421674,23.141684299735257,23.20047378540039,,2800
2023-08-31,23.239666231015757,23.26816986231494,23.150590896606445,23.150590896606445,,3800
2023-09-01,23.275296644356704,23.32874286736746,23.1149630722368,23.204036712646484,,11100
2023-09-05,23.204034133063026,23.204034133063026,23.0526065826416,23.0526065826416,,3600
2023-09-06,22.92790260659029,22.98936456818916,22.918994903564453,22.918994903564453,,800
2023-09-07,22.81210876229177,22.90919984935376,22.81210876229177,22.856645584106445,,7000
2023-09-08,22.936811061940777,22.981347879560158,22.927903358622764,22.94571876525879,,18600
2023-09-11,22.98134752150973,23.05706214904785,22.98134752150973,23.05706214904785,,600
2023-09-12,22.93681171844232,23.012524650356465,22.93681171844232,22.950172424316406,,2700
2023-09-13,23.025889085347867,23.06151820381036,22.927906036376957,22.927906036376957,,9800
2023-09-14,23.05260872028317,23.15504646301269,23.05260872028317,23.15504646301269,,300
2023-09-15,23.034797412529198,23.034797412529198,22.874462127685547,22.874462127685547,,1700
2023-09-18,22.93681098075712,22.93681098075712,22.85664335014944,22.90741539001465,,6400
2023-09-19,22.78983662351612,22.89494514465332,22.75866051122718,22.89494514465332,,800
2023-09-20,22.97244375680853,22.999165169980547,22.712343215942383,22.712343215942383,,8100
2023-09-21,22.47362109233832,22.494999240896583,22.31328582763672,22.31328582763672,,4300
2023-09-22,22.446901110539407,22.464714819663605,22.32843017578125,22.32843017578125,,2100
2023-09-25,22.393452473981903,22.393452473981903,22.359603881835938,22.359603881835938,,1800
2023-09-26,22.170767563030743,22.170767563030743,22.090599924919296,22.095054626464844,,3800
2023-09-27,22.001526381568464,22.08881950378418,21.99261867740776,22.08881950378418,,600
2023-09-28,22.090598029643463,22.25984099546631,22.090598029643463,22.21352195739746,,1200
2023-09-29,22.27765739095033,22.27765739095033,22.13513752886992,22.16720390319824,,700
2023-10-02,22.1618576322,22.1618576322,22.10841311181915,22.129791259765625,,1300
2023-10-03,21.88840054501885,21.9213588807233,21.832283537527857,21.90354347229004,,3400
2023-10-04,21.876820260199278,22.028247833251957,21.876820260199278,22.028247833251957,,300
2023-10-05,22.00152470008253,22.037153815031512,21.8768185503343,22.03180885314941,,16600
2023-10-06,22.099506749164227,22.25360679626465,22.099506749164227,22.25360679626465,,1400
2023-10-09,22.17967367337562,22.348916641557395,22.17967367337562,22.31328582763672,,1200
2023-10-10,22.375638735960376,22.56982088651015,22.375638735960376,22.420175552368164,,2100
2023-10-11,22.50034523010254,22.530631083523765,22.446900705752068,22.50034523010254,,3700
2023-10-12,22.51816077484431,22.607234416313293,22.38454691469922,22.43353843688965,,1600
2023-10-13,22.242024747741905,22.48252763234829,22.242024747741905,22.340007781982425,,11200
2023-10-16,22.491437296873208,22.55378952447476,22.466496405832583,22.54488182067871,,3600
2023-10-17,22.49143591859591,22.55378814237651,22.481637954711918,22.481637954711918,,4800
2023-10-18,22.375641982669645,22.402363396803345,22.278549194335938,22.278549194335938,,1300
2023-10-19,22.25093465205757,22.30794361722622,22.17432975769043,22.17432975769043,,1300
2023-10-20,22.046064610931005,22.07278772511925,22.001527786254883,22.001527786254883,,1000
2023-10-23,22.00152603425765,22.10841508455708,21.983710626217476,22.037155151367188,,4400
2023-10-24,22.04606399046757,22.09950851836897,22.037156285988853,22.05497169494629,,2600
2023-10-25,21.992616627612957,22.00152433094343,21.890180587768555,21.890180587768555,,1200
2023-10-26,21.77883722348189,21.851877673709357,21.734298706054688,21.734298706054688,,8100
2023-10-27,21.787744504046795,21.787744504046795,21.6853084564209,21.6853084564209,,400
2023-10-30,21.77883876477982,21.845643997192383,21.76993106066398,21.845643997192383,,2000
2023-10-31,21.796651569414315,21.930265426635746,21.796651569414315,21.930265426635746,,6500
2023-11-01,21.974800636356424,22.07278367141429,21.974800636356424,22.04606056213379,,1700
2023-11-02,22.2954731544644,22.337337493896484,22.259842338889964,22.337337493896484,,3300
2023-11-03,22.52706834176317,22.52706834176317,22.50034523010254,22.50034523010254,,800
2023-11-06,22.495889620418207,22.50034432166719,22.42908439242003,22.437992095947266,,7100
2023-11-07,22.51815911449145,22.527066817775708,22.48252830135441,22.491436004638672,,9600
2023-11-08,22.518160793637296,22.54488220651197,22.518160793637296,22.53597450256348,,2400
2023-11-09,22.455805823797267,22.49143663793757,22.39345359802246,22.39345359802246,,55100
2023-11-10,22.509251708007906,22.60723304748535,22.509251708007906,22.60723304748535,,3300
2023-11-13,22.27765817410073,22.553790204217343,22.27765817410073,22.545774459838867,,4400
2023-11-14,22.838829604951822,22.873570159987462,22.82725111891075,22.861989974975582,,2100
2023-11-15,22.803200903452147,22.821016311645508,22.79429319935547,22.821016311645508,,2200
2023-11-16,22.892276917914455,22.927906036376957,22.838830691764382,22.927906036376957,,4300
2023-11-17,22.91008875044242,22.91008875044242,22.88336733852778,22.89583778381348,,1200
2023-11-20,22.964423821214183,22.999162673950195,22.94571815443552,22.999162673950195,,6700
2023-11-21,22.981348517407973,23.008071628103718,22.981348517407973,22.99471092224121,,3500
2023-11-22,23.02588517307762,23.0526065826416,23.00361676545077,23.0526065826416,,13400
2023-11-24,23.0160901143851,23.0160901143851,22.990257263183597,22.990257263183597,,600
2023-11-27,23.021432876586918,23.021432876586918,23.021432876586918,23.021432876586918,,100
2023-11-28,23.03924692828571,23.060625076293945,23.016978519643576,23.060625076293945,,1000
2023-11-29,23.13277664604393,23.168407461176656,23.04370300615365,23.123868942260746,,6500
2023-11-30,23.07932969117618,23.07932969117618,23.02588517307762,23.0526065826416,,2500
2023-12-01,23.18622313822,23.284204483032227,23.18622313822,23.284204483032227,,7300
2023-12-04,23.12387007739893,23.141685485839844,23.04370413735653,23.141685485839844,,2600
2023-12-05,23.08823848697776,23.17553160043085,23.08823848697776,23.14702796936035,,3000
2023-12-06,23.20403584636525,23.20403584636525,23.093584060668945,23.093584060668945,,2100
2023-12-07,23.20403640640569,23.275296337175444,23.199583404032293,23.25124740600586,,10300
2023-12-08,23.215616932151192,23.29043960571289,23.215616932151192,23.29043960571289,,1300
2023-12-11,23.310926409407724,23.342992782592773,23.26638959120952,23.342992782592773,,4300
2023-12-12,23.373280390832765,23.42583465576172,23.373280390832765,23.42583465576172,,3600
2023-12-13,23.46235741841858,23.70375061035156,23.40000518418806,23.70375061035156,,3500
2023-12-14,23.783024862210524,23.84537708823227,23.783024862210524,23.79460334777832,,1600
2023-12-15,23.813311202116623,23.82043838500977,23.74739622840859,23.82043838500977,,1300
2023-12-18,23.82756219662848,23.89436912536621,23.81865449286539,23.89436912536621,,600
2023-12-19,23.970081295805585,24.05024892815041,23.96117359232608,24.03065299987793,,5600
2023-12-20,24.02352755893145,24.09478749296167,23.745615005493164,23.745615005493164,,5000
2023-12-21,23.81865272339434,23.96206283569336,23.81865272339434,23.96206283569336,,900
2023-12-22,24.084987601548924,24.084987601548924,23.91663659427164,23.998584747314453,,1500
2023-12-26,24.05470312291422,24.094786941073785,24.041342416517967,24.090333938598636,,3300
2023-12-27,24.14780642830909,24.14780642830909,24.06570192058006,24.119525909423828,,24500
2023-12-28,24.1386833154754,24.202543729870424,24.12956213915163,24.141420364379883,,14600
2023-12-29,24.187033728840337,24.189770777607077,24.062965204864167,24.07938575744629,,3000
2024-01-02,23.9471075042374,24.001843262756225,23.883248829295717,23.930686950683597,,2200
2024-01-03,23.79202119024438,23.81026702292536,23.748231887817383,23.748231887817383,,1000
2024-01-04,23.80114467980436,23.90149502194817,23.69623374938965,23.69623374938965,,161700
2024-01-05,23.86500315402267,23.86500315402267,23.72086524963379,23.72086524963379,,3600
2024-01-08,23.72816392807124,23.992721557617188,23.72816392807124,23.992721557617188,,29000
2024-01-09,23.846756659452065,23.976299285888672,23.846756659452065,23.976299285888672,,3100
2024-01-10,23.974476684446696,24.074825286865234,23.974476684446696,24.074825286865234,,19900
2024-01-11,23.947107784757065,24.104019165039062,23.947107784757065,24.104019165039062,,1000
2024-01-12,24.083946160725013,24.143244243500863,24.07938557282761,24.09306907653809,,1100
2024-01-16,24.093070163212737,24.093070163212737,23.919738234983036,23.987247467041016,,3600
2024-01-17,23.765566812859007,23.86135482788086,23.765566812859007,23.86135482788086,,3600
2024-01-18,23.99272101600013,24.06296730041504,23.956231089308563,24.06296730041504,,6700
2024-01-19,24.083948277873866,24.29377013996459,24.083948277873866,24.27552604675293,,1600
2024-01-22,24.40324231430208,24.40324231430208,24.36675064946441,24.375873565673828,,1500
2024-01-23,24.357630845086845,24.44064712524414,24.357630845086845,24.44064712524414,,1400
2024-01-24,24.62218660584453,24.667801186007143,24.439733505249023,24.439733505249023,,3200
2024-01-25,24.53095962350468,24.613064129244936,24.53095962350468,24.583871841430664,,1500
2024-01-26,24.667801615667237,24.667801615667237,24.581134781857877,24.59208297729492,,1000
2024-01-29,24.567451441885574,24.77271270751953,24.567451441885574,24.77271270751953,,1600
2024-01-30,24.73166051845516,24.813765024921416,24.7289234695705,24.766326904296875,,2600
2024-01-31,24.63130972625913,24.63130972625913,24.36675037917569,24.4123649597168,,10600
2024-02-01,24.51271659464105,24.669626235961918,24.4488561785026,24.669626235961918,,19700
2024-02-02,24.640431516635086,24.92049789428711,24.640431516635086,24.92049789428711,,4500
2024-02-05,24.77909788154557,24.91411286225971,24.74990385434731,24.83474540710449,,10800
2024-02-06,24.79460824026684,24.872150421142575,24.79460824026684,24.872150421142575,,1900
2024-02-07,24.813765875720115,25.08744641331252,24.813765875720115,25.06281471252441,,5200
2024-02-08,25.032708674524528,25.105690261446597,25.032708674524528,25.07740974426269,,5300
2024-02-09,25.087444978670987,25.22884756768464,25.087444978670987,25.222461700439453,,4900
2024-02-12,25.310952265158797,25.310952265158797,25.196918423477637,25.203304290771484,,2300
2024-02-13,24.90955219606473,24.90955219606473,24.85207939147949,24.85207939147949,,900
2024-02-14,25.005341640033688,25.09383201599121,24.955166469333847,25.09383201599121,,2600
2024-02-15,25.11481340504957,25.25712776184082,25.105690489099302,25.25712776184082,,1800
2024-02-16,25.160427339526333,25.1996543138028,25.11481449780865,25.14309501647949,,900
2024-02-20,24.93236120372041,24.9788875579834,24.8876601288479,24.9788875579834,,5300
2024-02-21,24.987094491728115,25.02814674377441,24.93235873567249,25.02814674377441,,1300
2024-02-22,25.415863465647284,25.565475463867188,25.415863465647284,25.565475463867188,,7500
2024-02-23,25.53902002560632,25.63480803530321,25.53902002560632,25.590106964111328,,2000
2024-02-26,25.589192850438437,25.589192850438437,25.44322967529297,25.44322967529297,,700
2024-02-27,25.44323086875604,25.518949508666992,25.42498677602081,25.518949508666992,,2300
2024-02-28,25.406741573376756,25.534458925782783,25.406741573376756,25.463302612304688,,5600
2024-02-29,25.552704976474654,25.640283584594727,25.4706004663667,25.640283584594727,,6500
2024-03-01,25.66217665535007,25.84463151005605,25.66217665535007,25.81817626953125,,1200
2024-03-04,25.753402389602563,25.83550689482063,25.753402389602563,25.78533172607422,,1500
2024-03-05,25.62568565539812,25.62568565539812,25.52259826660156,25.52259826660156,,8600
2024-03-06,25.58919464982068,25.726036658658025,25.58919464982068,25.663089752197266,,1300
2024-03-07,25.83277044830821,25.954103669747905,25.79901757183308,25.92947196960449,,2300
2024-03-08,25.9449804531234,25.99971621057209,25.767087936401367,25.767087936401367,,1700
2024-03-11,25.61656282243605,25.73515725540221,25.61656282243605,25.72056198120117,,4100
2024-03-12,25.808141371490365,26.036209067993383,25.808141371490365,26.023435592651367,,1200
2024-03-13,25.96322452136941,26.020699067658025,25.908488763971786,25.96413803100586,,11800
2024-03-14,25.954104070687983,25.954104070687983,25.799017970377385,25.88020896911621,,800
2024-03-15,25.773474146755053,25.773474146755053,25.67221203711731,25.71873664855957,,500
2024-03-18,25.899366685828458,25.97234827805973,25.87838554382324,25.87838554382324,,1700
2024-03-19,25.78989363401855,26.03438186645508,25.78989363401855,26.03438186645508,,2400
2024-03-20,25.99059247689013,26.2432918548584,25.981469560932545,26.2432918548584,,1600
2024-03-21,26.33725713227104,26.41935989837482,26.32813421603321,26.360063552856445,,5300
2024-03-22,26.350941229571266,26.391993483556096,26.291643142700195,26.291643142700195,,1700
2024-03-25,26.227783203125,26.227783203125,26.227783203125,26.227783203125,,1100
2024-03-26,25.9541031941082,26.346378149863032,25.9541031941082,26.173959732055664,,3300
2024-03-27,26.246029465322614,26.37739562988281,26.20041488455854,26.37739562988281,,1400
2024-03-28,26.36462586246336,26.428484540279523,26.36462586246336,26.373748779296875,,2200
2024-04-01,26.45402674273446,26.45402674273446,26.30988883972168,26.30988883972168,,2000
2024-04-02,26.04532926998537,26.12743377685547,26.0362080936828,26.12743377685547,,12600
2024-04-03,26.232345907254977,26.271574623235477,26.19767951965332,26.19767951965332,,1400
2024-04-04,25.90301513671875,25.90301513671875,25.90301513671875,25.90301513671875,,100
2024-04-05,26.154804043561857,26.218662721495743,26.13655820986118,26.168487548828125,,2400
2024-04-08,26.182171074730523,26.20953808346587,26.15206527709961,26.15206527709961,,8900
2024-04-09,26.2277837302532,26.2277837302532,26.033470661531027,26.165748596191406,,2900
2024-04-10,25.98238566179389,26.054453747015103,25.881123546589546,25.96322631835937,,24900
2024-04-11,25.93585767258625,26.147504806518555,25.93585767258625,26.147504806518555,,2000
2024-04-12,25.799017230554472,25.92673457772953,25.735156816948592,25.757051467895508,,1500
2024-04-15,25.86287684762189,25.86287684762189,25.434108469289804,25.465126037597656,,1800
2024-04-16,25.40674012810323,25.488844632841825,25.388494295935025,25.410388946533203,,1600
2024-04-17,25.415864289089956,25.415864289089956,25.27263641357422,25.27263641357422,,4900
2024-04-18,25.365688039858632,25.365688039858632,25.18961906433105,25.18961906433105,,600
2024-04-19,25.224287531161007,25.224287531161007,24.92415000335269,24.9770622253418,,600
2024-04-22,25.050953586723946,25.37024869247257,25.050953586723946,25.1832332611084,,1400
2024-04-23,25.41586429729177,25.482460021972656,25.41586429729177,25.482460021972656,,2000
2024-04-24,25.744278285808,25.744278285808,25.397616188671822,25.51529884338379,,4200
2024-04-25,25.30638999685497,25.43410734303368,25.30638999685497,25.38028335571289,,2200
2024-04-26,25.607440740254088,25.73515809376568,25.607440740254088,25.63754653930664,,4100
2024-04-29,25.69866757958466,25.753403338407164,25.64393182076216,25.70049285888672,,2100
2024-04-30,25.60744132096068,25.6165642378496,25.370250701904297,25.370250701904297,,1900
2024-05-01,25.260778234047663,25.279935836791992,25.260778234047663,25.279935836791992,,800
2024-05-02,25.324637003603858,25.466951370239254,25.324637003603858,25.466951370239254,,5500
2024-05-03,25.6986666186306,25.79627990722656,25.680420786365897,25.79627990722656,,1800
2024-05-06,25.88112105388785,26.03438186645508,25.88112105388785,26.03438186645508,,8100
2024-05-07,26.14568004898848,26.14568004898848,26.090944290161133,26.090944290161133,,2500
2024-05-08,26.05445262426397,26.10919012310972,26.05445262426397,26.090944290161133,,600
2024-05-09,25.58919319043874,26.20862579345703,25.58919319043874,26.20862579345703,,4500
2024-05-10,26.22778504234135,26.255153792270427,26.22778504234135,26.23690795898437,,8400
2024-05-13,26.291641629327646,26.291641629327646,26.21866004200199,26.245115280151367,,500
2024-05-14,26.31901104032584,26.38834381103516,26.227783618865253,26.38834381103516,,2500
2024-05-15,26.61093832222047,26.67844581604004,26.61093832222047,26.67844581604004,,1800
2024-05-16,26.729533200531915,26.729533200531915,26.62006168116801,26.639219284057617,,2500
2024-05-17,26.620061624201306,26.6401309967041,26.60181579100689,26.6401309967041,,1700
2024-05-20,26.73865394965812,26.766022697289745,26.662023544311523,26.662023544311523,,1500
2024-05-21,26.65655075797021,26.73318290710449,26.64742784164426,26.73318290710449,,2000
2024-05-22,26.66567477863328,26.69121824939645,26.574447351614065,26.61641311645508,,5100
2024-05-23,26.665674495553613,26.665674495553613,26.44581794738769,26.44581794738769,,3800
2024-05-24,26.17304746572329,26.6209716796875,26.17304746572329,26.6209716796875,,2800
2024-05-28,26.601815987759,26.618236541748047,26.601815987759,26.618236541748047,,300
2024-05-29,26.47409676374325,26.47409676374325,26.41571044921875,26.41571044921875,,300
2024-05-30,26.33725588166865,26.39199163647821,26.28251838684082,26.28251838684082,,800
2024-05-31,26.209538528543955,26.506027221679688,26.209538528543955,26.506027221679688,,700
2024-06-03,26.542516708374023,26.542516708374023,26.542516708374023,26.542516708374023,,400
2024-06-04,26.54708049257842,26.58721923828125,26.483221815307136,26.58721923828125,,15700
2024-06-05,26.793393188473523,26.882795333862305,26.793393188473523,26.882795333862305,,2000
2024-06-06,26.884618623404503,26.90286445617676,26.83900578149226,26.90286445617676,,1000
2024-06-07,26.85725212097168,26.85725212097168,26.85725212097168,26.85725212097168,,200
2024-06-10,26.820759763901872,26.916547775268555,26.820759763901872,26.916547775268555,,1300
2024-06-11,26.802513845825352,26.939355850219727,26.802513845825352,26.939355850219727,,2300
2024-06-12,27.26777178208682,27.26777178208682,27.173809051513672,27.173809051513672,,2100
2024-06-13,27.12272383849204,27.18202018737793,27.08532040179825,27.18202018737793,,8200
2024-06-14,27.012337486451187,27.12454605102539,27.012337486451187,27.12454605102539,,4000
2024-06-17,27.103562998998324,27.348052978515625,27.103562998998324,27.348052978515625,,400
2024-06-18,27.363562908218235,27.416473388671875,27.363562908218235,27.416473388671875,,12100
2024-06-20,27.149177399965158,27.43198084183463,27.149177399965158,27.358999252319336,,4000
2024-06-21,27.31338698135722,27.31338698135722,27.3070011138916,27.3070011138916,,500
2024-06-24,27.413736052201028,27.41556133151613,27.248615264892575,27.248615264892575,,1100
2024-06-25,27.29514089557093,27.32980728149414,27.29514089557093,27.32980728149414,,9900
2024-06-26,27.33163207594721,27.399141311645508,27.267773398950265,27.399141311645508,,8800
2024-06-27,27.459351295506085,27.459351295506085,27.386369701458975,27.38910675048828,,700
2024-06-28,27.49583997054945,27.49583997054945,27.311561584472656,27.311561584472656,,2600
2024-07-01,27.36721045230576,27.36721045230576,27.29514063226348,27.360824584960938,,7400
2024-07-02,27.32250986712041,27.50678825378418,27.276895285261112,27.50678825378418,,4000
2024-07-03,27.514086314980418,27.656400680541992,27.514086314980418,27.656400680541992,,600
2024-07-05,27.751275255837403,27.86986968333293,27.751275255837403,27.82243156433105,,4500
2024-07-08,27.550578198783526,27.86987157915196,27.550578198783526,27.83338165283203,,2800
2024-07-09,27.93373179416661,27.93373179416661,27.85801315307617,27.85801315307617,,400
2024-07-10,27.99759155461368,28.14264297485352,27.90636412590809,28.14264297485352,,2600
2024-07-11,27.90636240518449,27.92460823780425,27.83338081472381,27.91913414001465,,5300
2024-07-12,28.05232435198283,28.152674686958377,28.05141258239746,28.05141258239746,,1400
2024-07-15,28.134430067222265,28.24390158280428,28.11618423461914,28.11618423461914,,2400
2024-07-16,28.170920016595947,28.31779670715332,28.170920016595947,28.31779670715332,,1100
2024-07-17,28.088817122239305,28.09793829848889,27.93190574645996,27.93190574645996,,1600
2024-07-18,27.691978251163555,27.733030504592143,27.691978251163555,27.71934700012207,,700
2024-07-19,27.541452921991212,27.55969701357851,27.487628936767575,27.487628936767575,,1600
2024-07-22,27.636331854067013,27.815136149191645,27.636331854067013,27.795978546142575,,1000
2024-07-23,27.87899343843762,27.87899343843762,27.73667907714844,27.73667907714844,,800
2024-07-24,27.213036500506607,27.31794742833069,27.10994911193848,27.10994911193848,,1500
2024-07-25,26.9484800257606,27.26777341088508,26.9484800257606,27.005952835083008,,2000
2024-07-26,27.213035270870176,27.28601685823349,27.213035270870176,27.239490509033203,,600
2024-07-29,27.65092613703818,27.65092613703818,27.302438735961918,27.302438735961918,,600
2024-07-30,27.258650520465576,27.258650520465576,27.09535500906128,27.19935417175293,,2100
2024-07-31,27.587068436265785,27.66005002974724,27.587068436265785,27.5943660736084,,3200
2024-08-01,27.276896307957884,27.276896307957884,27.11268728714446,27.19205474853516,,4600
2024-08-02,26.592692282674165,26.70855140686035,26.528833607933112,26.70855140686035,,1100
2024-08-05,26.027085910455245,26.090944586482134,25.771649466329244,25.862876892089844,,179600
2024-08-06,26.36006465520928,26.36006465520928,26.24603080749512,26.24603080749512,,600
2024-08-07,26.319012701229138,26.54708039926402,26.00884049270022,26.017963409423828,,4000
2024-08-08,26.474097642195883,26.52062225341797,26.474097642195883,26.52062225341797,,400
2024-08-09,26.63830724969236,26.67023658752441,26.62006141664021,26.67023658752441,,600
2024-08-12,26.693041622983834,26.811636051628803,26.59269128642541,26.610937118530277,,2700
2024-08-13,26.948479007369304,27.102651596069336,26.939356090993584,27.102651596069336,,3000
2024-08-14,27.18566860845421,27.228546142578125,27.18566860845421,27.228546142578125,,1200
2024-08-15,27.561525344848636,27.561525344848636,27.561525344848636,27.561525344848636,,100
2024-08-16,27.532332276155824,27.64362907409668,27.532332276155824,27.64362907409668,,1200
2024-08-19,27.79688954074793,27.87534523010254,27.71478503282168,27.87534523010254,,2100
2024-08-20,27.90180066292342,27.91092357942487,27.85618782043457,27.85618782043457,,2300
2024-08-21,27.933732660012502,27.96839904785156,27.86987224240065,27.96839904785156,,1200
2024-08-22,27.94285236352473,27.94285236352473,27.716609954833984,27.716609954833984,,3700
2024-08-23,27.97021991953316,28.039552688598636,27.93372999582508,28.039552688598636,,1600
2024-08-26,28.03407955664876,28.03407955664876,27.90636220924391,27.941028594970703,,3000
2024-08-27,27.924607526264044,27.99485206604004,27.924607526264044,27.99485206604004,,2100
2024-08-28,27.9519756973125,27.9519756973125,27.79688959758121,27.87443351745605,,1800
2024-08-29,28.079695108193395,28.079695108193395,27.79688991485532,27.84524154663086,,1200
2024-08-30,27.904537475975665,28.08334350585937,27.904537475975665,28.08334350585937,,1900
2024-09-03,27.678295984997384,28.26214873541987,27.587068557739254,27.587068557739254,,1900
2024-09-04,27.532331032372817,27.56608390808105,27.48671645165875,27.56608390808105,,1500
2024-09-05,27.41373443603516,27.41373443603516,27.41373443603516,27.41373443603516,,300
2024-09-06,27.213037063362915,27.213037063362915,27.066162109375,27.066162109375,,3600
2024-09-09,27.24952654108779,27.386366797915805,27.20391196213294,27.2860164642334,,6200
2024-09-10,27.413736003325237,27.4593505859375,27.395491910298738,27.4593505859375,,800
2024-09-11,27.29514095781208,27.72208404541016,27.29514095781208,27.72208404541016,,2300
2024-09-12,27.766785283336137,27.89997673034668,27.75127649950413,27.89997673034668,,2300
2024-09-13,28.07057197105328,28.079694887542665,27.9884674626672,28.058712005615234,,3700
2024-09-16,28.04685145914698,28.118921279907227,28.034079724330105,28.118921279907227,,1100
2024-09-17,28.243901837302797,28.243901837302797,28.03407998053131,28.0933780670166,,1700
2024-09-18,28.034080509051577,28.14355376770227,28.031343460083008,28.031343460083008,,500
2024-09-19,28.508461441328937,28.508461441328937,28.46923446655273,28.46923446655273,,800
2024-09-20,28.29864012078592,28.398988723754883,28.29225425314194,28.398988723754883,,3900
2024-09-23,28.23477889950757,28.490213582244184,28.23477889950757,28.47379302978516,,1500
2024-09-24,28.408111781524397,28.59056663513184,28.408111781524397,28.59056663513184,,2900
2024-09-25,28.572319672768938,28.572319672768938,28.50846099853516,28.50846099853516,,1400
2024-09-26,28.60881131944221,28.70003700256348,28.54495264524998,28.70003700256348,,700
2024-09-27,28.65442289481363,28.68179164255165,27.769520931503735,28.63617706298828,,2000
2024-09-30,28.599688527518246,28.69000244140625,28.599688527518246,28.69000244140625,,400
2024-10-01,28.380744169591363,28.481092770930648,28.380744169591363,28.45190048217773,,1100
2024-10-02,28.526705555189015,28.526705555189015,28.41723230424326,28.450075149536133,,1800
2024-10-03,28.356113373064325,28.36249924080818,28.289517646590053,28.35976219177246,,2500
2024-10-04,28.465582574680468,28.595125198364254,28.42635560174158,28.595125198364254,,4000
2024-10-07,28.56319652369429,28.57231943994169,28.33695411682129,28.33695411682129,,2000
2024-10-08,28.554988424849245,28.588741302490234,28.522145576850807,28.588741302490234,,2000
2024-10-09,28.690916816649924,28.80038833618164,28.690916816649924,28.80038833618164,,1100
2024-10-10,28.800387334778076,28.800387334778076,28.63617832117169,28.70551109313965,,7400
2024-10-11,28.791262871031705,28.8815785196684,28.791262871031705,28.866981506347656,,600
2024-10-14,28.95547368971921,29.11055978839205,28.95547368971921,29.07589340209961,,1500
2024-10-15,29.01933284846177,29.01933284846177,28.773021061770763,28.83140563964844,,3200
2024-10-16,28.90986136707631,29.028455802300748,28.90986136707631,29.019332885742188,,6700
2024-10-17,29.028455802300748,29.110560311309364,29.019332885742188,29.019332885742188,,5300
2024-10-18,29.09231342788721,29.137928009033203,29.09231342788721,29.137928009033203,,22200
2024-10-21,29.010209629585308,29.0649471282959,28.91898394510445,29.0649471282959,,58800
2024-10-22,28.882490584870148,29.0466995913316,28.882490584870148,29.03757667541504,,3100
2024-10-23,28.91898464925019,28.91898464925019,28.745652712483004,28.78214263916016,,2200
2024-10-24,28.70916063861985,28.84600264676912,28.70916063861985,28.83687973022461,,3000
2024-10-25,29.521080996441565,29.521080996441565,28.81863212585449,28.81863212585449,,1500
2024-10-28,28.873369860937963,28.937228537183543,28.809511184692383,28.809511184692383,,4900
2024-10-29,28.86424623628833,28.89161498544441,28.818633394379923,28.8797550201416,,11100
2024-10-30,28.90712295740565,28.964595763002677,28.76572036743164,28.76572036743164,,900
2024-10-31,28.41997052499287,28.453725141263583,28.32144546508789,28.32144546508789,,1800
2024-11-01,28.44551340853066,28.45372455502789,28.38439178466797,28.38439178466797,,1600
2024-11-04,28.526706727937796,28.526706727937796,28.28951612448619,28.324182510375977,,1700
2024-11-05,28.645301041853244,28.727405548095703,28.59056528436439,28.727405548095703,,2900
2024-11-06,29.229155802222767,29.31126030930911,29.229155802222767,29.2884521484375,,2400
2024-11-07,29.49371639262233,29.549362182617188,29.48459173587646,29.549362182617188,,5400
2024-11-08,29.589502334594727,29.589502334594727,29.589502334594727,29.589502334594727,,800
2024-11-11,29.530202581016443,29.5776424407959,29.530202581016443,29.5776424407959,,1400
2024-11-12,29.5302037366036,29.5302037366036,29.39336520965341,29.46269798278809,,2000
2024-11-13,29.49371499416301,29.50374794006348,29.49371499416301,29.50374794006348,,800
2024-11-14,29.484590614543727,29.493715270942577,29.28662872314453,29.28662872314453,,1300
2024-11-15,29.01933188361073,29.083190557296984,28.924455642700195,28.924455642700195,,500
2024-11-18,29.074068588257017,29.074068588257017,29.017507553100582,29.017507553100582,,1200
2024-11-19,29.02845515984721,29.11968258339536,29.01933224349056,29.08319091796875,,2000
2024-11-20,28.991964716038737,29.13975143432617,28.991964716038737,29.13975143432617,,1300
2024-11-21,29.19266394494753,29.376030560233783,29.19266394494753,29.30760955810547,,1400
2024-11-22,29.34774922260401,29.428030192423694,29.34774922260401,29.41982078552246,,1900
2024-11-25,29.530203307840257,29.548449140509387,29.42985296817841,29.490976333618164,,1800
2024-11-26,29.50283630791933,29.703536987304688,29.50283630791933,29.703536987304688,,2300
2024-11-27,29.74002667375345,29.74002667375345,29.54571533203125,29.54571533203125,,14000
2024-11-29,29.68072834252627,29.76739517630903,29.68072834252627,29.73272705078125,,500
2024-12-02,29.584941767023928,29.78837776184082,29.584941767023928,29.78837776184082,,700
2024-12-03,29.79476344368073,29.84950094312513,29.79476344368073,29.802061080932617,,1800
2024-12-04,29.840374775875286,29.97630500793457,29.840374775875286,29.97630500793457,,6700
2024-12-05,30.06844280178401,30.06844280178401,29.927953720092773,29.927953720092773,,1200
2024-12-06,29.99728775024414,29.99728775024414,29.99728775024414,29.99728775024414,,400
2024-12-09,29.88598900032257,29.94072649953059,29.81483268737793,29.81483268737793,,1900
2024-12-10,29.813008138664944,29.813008138664944,29.72542953491211,29.72542953491211,,1100
2024-12-11,29.725431007113343,30.031952655392555,29.725431007113343,29.97174453735352,,3300
2024-12-12,29.92247885244605,29.96809169233576,29.813007340703425,29.823955535888672,,1600
2024-12-13,29.72178369009423,29.811185836791992,29.72178369009423,29.811185836791992,,300
2024-12-16,29.968092527649297,29.968092527649297,29.92156791687012,29.92156791687012,,700
2024-12-17,29.840375764461125,29.85862159729004,29.840375764461125,29.85862159729004,,1100
2024-12-18,29.83125309495705,29.922478774498835,29.02206802368164,29.02206802368164,,9600
2024-12-19,29.028454535431965,29.14705070549901,28.946350030006577,28.955472946166992,,11100
2024-12-20,29.110558610458543,29.35687212309297,29.110558610458543,29.209997177124023,,5300
2024-12-23,29.320381842996703,29.44718742370605,29.311260666558944,29.44718742370605,,1300
2024-12-24,29.618693265201088,29.73181533813477,29.618693265201088,29.73181533813477,,1300
2024-12-26,29.758270363372336,29.813007860215794,29.758270363372336,29.76739501953125,,500
2024-12-27,29.30697432300148,29.49077543106766,29.270215153102605,29.41909408569336,,4100
2024-12-30,28.97889344014945,29.15993555969456,28.93937527097373,29.15258407592773,,1800
2024-12-31,29.159934553325265,29.159934553325265,29.0496552891995,29.05884552001953,,1500
2025-01-02,29.187505363793743,29.59186675722346,28.76476350864965,28.89342498779297,,8000
2025-01-03,29.058846710687952,29.29962445775219,29.058846710687952,29.272974014282227,,2700
2025-01-06,29.564294401040915,29.651600718019097,29.371304811029315,29.421850204467773,,11000
2025-01-07,29.43563434256252,29.43563434256252,29.086414337158203,29.086414337158203,,1400
2025-01-08,29.08641390371452,29.242644318954515,29.077223673070133,29.14706802368164,,4100
2025-01-10,29.02208407820943,29.02208407820943,28.68205255537276,28.76476287841797,,7400
2025-01-13,28.59015431765274,28.83828353881836,28.585558325805664,28.83828353881836,,2100
2025-01-14,28.682054207800487,28.796010971069336,28.682054207800487,28.796010971069336,,800
2025-01-15,29.242644205567515,29.389684389592983,29.21507526659853,29.312488555908203,,4100
2025-01-16,29.34833032195862,29.34833032195862,29.23345506435427,29.27021598815918,,2500
2025-01-17,29.46504436760199,29.63781650286616,29.46504436760199,29.52845573425293,,1700
2025-01-21,29.6470049897806,29.75912475585937,29.6470049897806,29.75912475585937,,2100
2025-01-22,29.968657695406844,30.023795575272,29.924545288085938,29.924545288085938,,1600
2025-01-23,29.89513510744621,30.04217529296875,29.89513510744621,30.04217529296875,,4300
2025-01-24,30.10650602977607,30.10650602977607,29.904327959879865,29.98979377746582,,1600
2025-01-27,29.987037321381184,29.987037321381184,29.481586904323677,29.594621658325195,,3500
2025-01-28,29.738906743982756,29.904327392578125,29.70214582080276,29.904327392578125,,2800
2025-01-29,29.780260331166996,29.81242526271297,29.70214599822884,29.725122451782227,,2800
2025-01-30,29.821617534045373,29.871244430541992,29.6561968828664,29.871244430541992,,2300
2025-01-31,29.784857452657903,30.097318301975708,29.71133910878505,29.73431205749512,,4900
2025-02-03,29.417254809400596,29.647005327612987,29.417254809400596,29.59186744689941,,5300
2025-02-04,29.7572869474665,29.7572869474665,29.728796005249023,29.728796005249023,,400
2025-02-05,29.187504673437573,29.828968048095703,29.187504673437573,29.828968048095703,,57200
2025-02-06,29.862971198315968,29.968657978580552,29.83540225812289,29.93281555175781,,1400
2025-02-07,29.79404551998183,29.79404551998183,29.66079330444336,29.66079330444336,,10900
2025-02-10,29.66079293759692,29.91351640108402,29.66079293759692,29.81242561340332,,2500
2025-02-11,29.895135657938336,29.90432764166719,29.81242533295171,29.87308120727539,,900
2025-02-12,29.71133826656991,29.830806010191136,29.6653853590229,29.802318572998047,,33100
2025-02-13,29.885946815330623,30.069747924804688,29.885946815330623,30.069747924804688,,20200
2025-02-14,30.15797405767041,30.15797405767041,30.069749240804544,30.130401611328125,,8300
2025-02-18,30.11569851724612,30.143267457757865,30.032988189996157,30.134078979492188,,3300
2025-02-19,30.1019127107358,30.23976091289004,30.1019127107358,30.21954345703125,,4800
2025-02-20,30.015525322484283,30.146944046020508,29.98703788557401,30.146944046020508,,1600
2025-02-21,29.964980537169133,29.964980537169133,29.61943626403809,29.61943626403809,,1600
2025-02-24,29.53672468294704,29.72971426787334,29.499963760375977,29.499963760375977,,3100
2025-02-25,29.325355222383788,29.463206931921015,29.242644897804368,29.43931198120117,,3300
2025-02-26,29.601056015803238,29.63781694020137,29.297785400948023,29.398876190185547,,9200
2025-02-27,29.49077629524642,29.49077629524642,29.0101375579834,29.0101375579834,,1300
2025-02-28,29.054250194906825,29.38876724243164,28.952240909178105,29.38876724243164,,17100
2025-03-03,29.389685726881243,29.43563512915852,28.85666459732109,28.93937492370605,,4100
2025-03-04,28.489063026720974,28.682052612304688,28.489063026720974,28.682052612304688,,2100
2025-03-05,28.746384311136875,29.15074394483564,28.65448375698451,29.036788940429688,,4000
2025-03-06,28.9577540450878,28.9577540450878,28.44311340140807,28.59107208251953,,8300
2025-03-07,28.424733695271875,28.78498268127441,28.424733695271875,28.78498268127441,,500
2025-03-10,28.13984360722798,28.20417347041934,27.819111035643093,27.99280166625977,,2800
2025-03-11,27.71710205605604,28.00199220454141,27.71710205605604,27.866899490356445,,5600
2025-03-12,27.992802509468174,28.047943896313733,27.98177528381348,27.98177528381348,,500
2025-03-13,27.78326996865385,27.78326996865385,27.659204483032227,27.659204483032227,,3900
2025-03-14,27.92847270981745,28.198659896850582,27.92847270981745,28.198659896850582,,4000
2025-03-17,28.286884217799024,28.48906404125672,28.27769398679768,28.41094970703125,,5100
2025-03-18,28.075511966843592,28.194983215115965,28.075511966843592,28.172008514404297,,2900
2025-03-19,28.267584169018097,28.43392331215935,28.267584169018097,28.384296417236328,,1800
2025-03-20,28.45230261319793,28.45230261319793,28.268503254999068,28.335590362548828,,8700
2025-03-21,28.194983127328857,28.29607391357422,28.194983127328857,28.29607391357422,,2700
2025-03-24,28.56258333057178,28.59934425354004,28.507443698976672,28.59934425354004,,2400
2025-03-25,28.608532519769376,28.682052612304688,28.608532519769376,28.682052612304688,,3200
2025-03-26,28.54420295264612,28.578206631205568,28.342023134300685,28.40635299682617,,11200
2025-03-27,28.3971635774792,28.3971635774792,28.367755889892575,28.367755889892575,,500
2025-03-28,28.075512055032053,28.15362814112587,28.03875288434938,28.04794311523437,,4200
2025-03-31,27.799812076685686,28.03875282058024,27.799812076685686,27.99280166625977,,10800
2025-04-01,28.01118213295056,28.130653381347656,28.01118213295056,28.130653381347656,,4300
2025-04-02,28.149032090221795,28.150870837537862,28.130653381347656,28.130653381347656,,1100
2025-04-03,27.790621667898648,27.790621667898648,27.588441848754883,27.588441848754883,,4900
2025-04-04,27.47816063687661,27.47816063687661,26.405685424804688,26.405685424804688,,1000
2025-04-07,25.897478950473147,26.048194885253903,25.860718025822667,26.048194885253903,,4500
2025-04-08,26.62348807908788,26.62348807908788,25.88185417282383,25.96180725097656,,3500
2025-04-09,25.970997568490468,27.524111489413272,25.88828724559263,27.17213249206543,,2700
2025-04-10,26.926759277543997,26.926759277543997,26.651059364570667,26.837615966796875,,4700
2025-04-11,26.89000102124,27.27598196423798,26.867026319854105,27.19327163696289,,2300
2025-04-14,27.42761608926585,27.54249134776935,27.344905762914756,27.468971252441406,,1200
2025-04-15,27.5976315808452,27.69872061216165,27.59395408630371,27.59395408630371,,7500
2025-04-16,27.606822525841284,27.611416764851125,27.413831183139152,27.51767921447754,,1000
2025-04-17,27.70791244506836,27.70791244506836,27.70791244506836,27.70791244506836,,500
2025-04-21,27.52411310756949,27.551682048251383,27.50481414794922,27.50481414794922,,500
2025-04-22,27.70791213467405,27.89171325031281,27.70791213467405,27.82186889648437,,1600
2025-04-23,28.056212649437544,28.056212649437544,27.889873504638672,27.889873504638672,,1800
2025-04-24,27.689531401327187,28.05621337890625,27.689531401327187,28.05621337890625,,800
2025-04-25,28.0479429323139,28.146276473999023,28.0479429323139,28.146276473999023,,400
2025-04-28,28.1674130890907,28.257474899291992,28.1674130890907,28.257474899291992,,600
2025-04-29,28.35121414204137,28.35121414204137,28.32823944091797,28.32823944091797,,400
2025-04-30,28.25012275943665,28.29607391357422,28.25012275943665,28.29607391357422,,6400
2025-05-01,28.2960739722227,28.307101197524197,28.213363647460938,28.213363647460938,,6300
2025-05-02,28.323643981674454,28.33283421286813,28.277694578563462,28.30526351928711,,1400
2025-05-05,28.34202310216197,28.378782272338867,28.34202310216197,28.378782272338867,,1700
2025-05-06,28.36040484473673,28.38797378540039,28.36040484473673,28.38797378540039,,2700
2025-05-07,28.33742791908146,28.35121414204137,28.28688427775291,28.32823944091797,,1900
2025-05-08,28.30526176213093,28.30526176213093,28.2225514393798,28.236337661743164,,7500
2025-05-09,28.268504253200582,28.314453656158516,28.25931402203753,28.27953147888184,,500
2025-05-12,28.305262484180787,28.305262484180787,28.21336368131948,28.252880096435547,,1600
2025-05-13,28.2960748216456,28.31445353103313,28.259313897155813,28.295154571533203,,5700
2025-05-14,28.29607409907037,28.305262577100823,28.185793081274547,28.209686279296875,,3200
2025-05-15,28.41554307092805,28.424733301646345,28.394405364990234,28.394405364990234,,1500
2025-05-16,28.39716286133511,28.443114015334125,28.378782399735503,28.432085037231445,,3800
2025-05-19,28.443114426928176,28.562583923339844,28.443114426928176,28.562583923339844,,1100
2025-05-20,28.48906373803099,28.61772346496582,28.48906373803099,28.61772346496582,,1200
2025-05-21,28.645294937721022,28.66367540002861,28.415544417448277,28.470684051513672,,7000
2025-05-22,28.429327792705774,28.51663410887525,28.429327792705774,28.432085037231445,,1800
2025-05-23,28.443114517836037,28.507444381713867,28.443114517836037,28.507444381713867,,2200
2025-05-27,28.72800439425166,28.783144026645296,28.72800439425166,28.741788864135746,,2600
2025-05-28,28.498254808497816,28.543285714251624,28.498254808497816,28.537771224975582,,2000
2025-05-29,28.55339313408247,28.63886070251465,28.54420290332938,28.63886070251465,,2200
2025-05-30,28.66367393622694,28.709623336791992,28.645293474858008,28.709623336791992,,2000
2025-06-02,28.7280054268112,28.86309814453125,28.7280054268112,28.86309814453125,,236800
2025-06-03,28.71789629098854,28.73259925842285,28.71789629098854,28.73259925842285,,400
2025-06-04,28.810715255219524,28.864017894144077,28.801525024173408,28.856664657592773,,1400
2025-06-05,28.884235411407232,28.884235411407232,28.77395439147949,28.77395439147949,,1700
2025-06-06,28.856663375168942,28.884234067082023,28.84747314453125,28.84747314453125,,3500
2025-06-09,28.912723384591608,28.9531582961483,28.900775909423828,28.900775909423828,,1700
2025-06-10,28.893424334419617,28.9439697265625,28.893424334419617,28.9439697265625,,900
2025-06-11,28.996353774724568,29.04965641440244,28.87504552777312,28.918237686157227,,1700
2025-06-12,29.10479580026518,29.10479580026518,29.09928131103516,29.09928131103516,,400
2025-06-13,28.7280047066669,28.865854665578755,28.7096242447167,28.765684127807617,,3700
2025-06-16,28.994514932758225,28.994514932758225,28.892505645751957,28.892505645751957,,500
2025-06-17,28.755574388032404,28.792333557782367,28.580963511362583,28.60301971435547,,2700
2025-06-18,28.70043347725972,28.70043347725972,28.650808334350582,28.650808334350582,,400
2025-06-20,28.58096334345957,28.58096334345957,28.441274642944336,28.441274642944336,,2500
2025-06-23,28.5166345253392,28.643455505371094,28.42473396885632,28.643455505371094,,1200
2025-06-24,28.792334173939988,28.946725845336918,28.792334173939988,28.946725845336918,,7800
2025-06-25,28.78314431158376,28.81898498535156,28.78314431158376,28.81898498535156,,2800
2025-06-26,29.068035062737803,29.159935621447104,29.068035062737803,29.1387996673584,,8000
2025-06-27,29.336383915065007,29.36211585998535,29.336383915065007,29.36211585998535,,200
2025-06-30,29.27940650596684,29.42828369140625,29.27940650596684,29.42828369140625,,10400
2025-07-01,29.38968530230529,29.38968530230529,29.34373590069182,29.380495071411133,,1400
2025-07-02,29.38049591802601,29.481588460774773,29.38049591802601,29.4622859954834,,1600
2025-07-03,29.48158786669086,29.499046325683597,29.48158786669086,29.499046325683597,,1500
2025-07-07,29.37130417131045,29.389684632679977,29.1323651849357,29.20037078857422,,11800
2025-07-08,29.408065764093603,29.408065764093603,29.380495071411133,29.380495071411133,,1000
2025-07-09,29.49996513618564,29.59186744689941,29.49077665797161,29.59186744689941,,8000
2025-07-10,29.61943626403809,29.61943626403809,29.61943626403809,29.61943626403809,,900
2025-07-11,29.36671141329196,29.36671141329196,29.32259900492352,29.34189796447754,,1500
2025-07-14,29.316165924072266,29.334546386309533,29.306975692953635,29.316165924072266,,7300
2025-07-15,29.17831570638972,29.17831570638972,29.0404657465373,29.04781723022461,,4300
2025-07-16,28.96694605806581,29.178316116333008,28.96694605806581,29.178316116333008,,5600
2025-07-17,29.19945273355161,29.289514541625977,29.19945273355161,29.289514541625977,,7900
2025-07-18,29.21507672924325,29.22334671020508,29.18750603603668,29.22334671020508,,1000
2025-07-21,29.38968592623388,29.45401579100136,29.359359741210938,29.359359741210938,,4200
2025-07-22,29.44482600405221,29.472394943237305,29.44482600405221,29.472394943237305,,3400
2025-07-23,29.702146941422527,30.09088512971673,29.702146941422527,30.051368713378903,,7100
2025-07-24,30.05780047320225,30.05780047320225,29.9475212097168,29.9475212097168,,700
2025-07-25,29.89605434520292,29.968657695406844,29.89513584796712,29.924545288085938,,1900
2025-07-28,29.61943663752163,29.61943663752163,29.56062126159668,29.56062126159668,,600
2025-07-29,29.490775717870672,29.5091561794275,29.490775717870672,29.49629020690918,,1400
2025-07-30,29.55510519282788,29.55510519282788,29.31616445429487,29.32443618774414,,5500
2025-07-31,29.15993515063941,29.15993515063941,29.09101104736328,29.09101104736328,,300
2025-08-01,28.933860778808597,28.933860778808597,28.933860778808597,28.933860778808597,,300
2025-08-04,29.292271163426317,29.31064987182617,29.270214960489223,29.31064987182617,,2500
2025-08-05,29.382333283562858,29.382333283562858,29.19669518031112,29.334545135498047,,9500
2025-08-06,29.343735341048223,29.50915598827352,29.334545110329344,29.444826126098636,,11000
2025-08-07,29.64700466934897,29.64700466934897,29.53672540465571,29.573486328125,,1800
2025-08-08,29.692957028078315,29.811506271362305,29.692957028078315,29.811506271362305,,700
2025-08-11,29.712256728333426,29.712256728333426,29.69387626647949,29.69387626647949,,400
2025-08-12,29.876755763978142,30.02747344970703,29.876755763978142,30.02747344970703,,1600
2025-08-13,30.088129576734367,30.134078979492188,30.088129576734367,30.134078979492188,,400
2025-08-14,30.07893628757619,30.23516845703125,30.07893628757619,30.23516845703125,,1600
2025-08-15,30.189215676787384,30.231491088867188,30.189215676787384,30.231491088867188,,2000
2025-08-18,30.15245931840277,30.16164779663086,30.13407885623188,30.16164779663086,,800
2025-08-19,30.24435730775083,30.24803480237169,30.131319046020504,30.131319046020508,,700
2025-08-20,30.21678864801001,30.21678864801001,30.02379555149091,30.115697860717773,,2000
2025-08-21,29.999903134700897,30.00449562072754,29.999903134700897,30.00449562072754,,300
2025-08-22,30.437346284191808,30.437346284191808,30.418965822886623,30.428157806396484,,900
2025-08-25,30.271927187765648,30.33625705276954,30.134078979492188,30.134078979492188,,1000
2025-08-26,30.17083912569952,30.21219253540039,30.138670688312672,30.21219253540039,,700
2025-08-27,30.01460651680293,30.191974639892575,30.01460651680293,30.191974639892575,,1000
2025-08-28,30.271927127206407,30.33625699208161,30.267334640940117,30.28571510314941,,5100
2025-08-29,30.09915351867676,30.09915351867676,30.09915351867676,30.09915351867676,,100
2025-09-02,29.536725294416485,29.83999765333433,29.536725294416485,29.83172416687012,,2100
2025-09-03,29.885946713424083,29.906164169311523,29.803236389728514,29.906164169311523,,200
2025-09-04,29.976008379416815,30.12488555908203,29.976008379416815,30.12488555908203,,500
2025-09-05,30.18921664340112,30.20484161376953,30.18921664340112,30.20484161376953,,200
2025-09-08,30.40058943264496,30.444698333740234,30.354636525670163,30.444698333740234,,17200
2025-09-09,30.32706773558237,30.363828659057617,30.32706773558237,30.363828659057617,,400
2025-09-10,30.44745829935591,30.44745829935591,30.418048858642575,30.418048858642575,,400
2025-09-11,30.67629029497515,30.747053146362305,30.65882833001308,30.747053146362305,,4500
2025-09-12,30.60276744659223,30.665260314941406,30.60276744659223,30.665260314941406,,2000
2025-09-15,30.740618696522617,30.83619499206543,30.740618696522617,30.83619499206543,,16700
2025-09-16,30.777380523692315,30.82332992553711,30.777380523692315,30.82332992553711,,2500
2025-09-17,30.74061875356125,30.823329076890516,30.74061875356125,30.75348472595215,,1200
2025-09-18,30.740619351528217,30.854576110839844,30.740619351528217,30.854576110839844,,1000
2025-09-19,30.777380585040834,30.809545516967773,30.777380585040834,30.809545516967773,,300
2025-09-22,30.814137478267824,30.925338745117188,30.814137478267824,30.925338745117188,,100
2025-09-23,30.98690995319498,30.98690995319498,30.85089874267578,30.85089874267578,,200
2025-09-24,30.702939987182617,30.702939987182617,30.702939987182617,30.702939987182617,,100
2025-09-25,30.52924981832356,30.532005310058597,30.428159029937373,30.532005310058597,,2600
2025-09-26,30.51086867128086,30.62206643258036,30.51086867128086,30.61195945739746,,2100
2025-09-29,30.79208374023437,30.79208374023437,30.79208374023437,30.79208374023437,,100
2025-09-30,30.841710454291203,30.902362823486328,30.841710454291203,30.902362823486328,,600
2025-10-01,31.115573883056644,31.115573883056644,31.115573883056644,31.11557388305664,,300
2025-10-02,31.09902889161319,31.227688615131303,31.071459952492035,31.2185001373291,,2200
2025-10-03,31.320510367369632,31.337968826293945,31.320510367369632,31.337968826293945,,500
2025-10-06,31.39494673494256,31.39494673494256,31.34716033935547,31.34716033935547,,6000
2025-10-07,31.172548357093493,31.246070205024825,31.172548357093493,31.227689743041992,,3300
2025-10-08,31.34716131070087,31.34716131070087,31.27363946202457,31.344402313232425,,1700
2025-10-09,31.282830467650484,31.282830467650484,31.140382766723636,31.140382766723636,,1600
2025-10-10,30.335338592529297,30.335338592529297,30.335338592529297,30.335338592529297,,100
2025-10-13,30.72223907481229,30.7681884765625,30.685478151126254,30.7681884765625,,3900
2025-10-14,30.79575820021893,30.85089958715132,30.78289222717285,30.78289222717285,,1400
2025-10-15,31.154172022805263,31.154172022805263,30.99977684020996,30.99977684020996,,300
2025-10-16,31.18173980167086,31.18173980167086,30.997938690735936,31.043888092041016,,1500
2025-10-17,31.08891868591309,31.08891868591309,31.08891868591309,31.08891868591309,,200
2025-10-20,31.40873146057129,31.40873146057129,31.40873146057129,31.40873146057129,,200
2025-10-21,31.292938700299008,31.292938700299008,31.25525927837384,31.259855270385746,,9500
2025-10-22,31.264450067524965,31.264450067524965,31.025507572044425,31.126598358154297,,8100
2025-10-23,31.3195915222168,31.420678802837365,31.3195915222168,31.3195915222168,,1300
2025-10-24,31.52177047729492,31.52177047729492,31.52177047729492,31.52177047729492,,100
2025-10-27,31.79747034344941,31.83514976501465,31.79747034344941,31.83514976501465,,300
2025-10-28,31.85352897644043,31.85352897644043,31.85352897644043,31.85352897644043,,100
2025-10-29,31.88937171252926,31.88937171252926,31.69638212414885,31.80849838256836,,1500
2025-10-30,31.64124047389522,31.710166327942805,31.540149688720703,31.540149688720703,,7600
2025-10-31,31.56771900649535,31.57415199279785,31.56771900649535,31.57415199279785,,600
2025-11-03,31.62837600708008,31.62837600708008,31.62837600708008,31.62837600708008,,100
2025-11-04,31.393109545873664,31.41149000735924,31.226770401000977,31.226770401000977,,2900
2025-11-05,31.466632843017575,31.47582132132684,31.466632843017575,31.466632843017575,,1100
2025-11-06,31.145897068206985,31.29201875714396,31.145897068206985,31.15784454345703,,700
2025-11-07,30.832517676748644,31.171628952026367,30.832517676748644,31.171628952026367,,5100
2025-11-10,31.47582014159186,31.632970809936527,31.47582014159186,31.632970809936523,,600
2025-11-11,31.586099751509693,31.696382522583008,31.586099751509693,31.696382522583008,,1200
2025-11-12,31.75978966699295,31.76990014778012,31.743249705705207,31.760711669921875,,800
2025-11-13,31.625616218502596,31.625616218502596,31.337968826293945,31.337968826293945,,1100
2025-11-14,31.348997116088867,31.348997116088867,31.348997116088867,31.348997116088867,,600
2025-11-17,31.00804901123047,31.00804901123047,31.00804901123047,31.00804901123047,,200
2025-11-18,30.747052740614556,30.79575763441432,30.736023762287765,30.7663516998291,,800
2025-11-19,30.71304709103346,30.7681884765625,30.71304709103346,30.7681884765625,,200
2025-11-20,30.61196023279185,30.65790963517749,30.327068328857425,30.327068328857425,,3300
2025-11-21,30.27192648291668,30.69467009330376,30.27192648291668,30.56692886352539,,3400
2025-11-24,30.8325182532343,30.91522857843737,30.8325182532343,30.904199600219727,,1400
2025-11-25,31.15233039855957,31.15233039855957,31.15233039855957,31.15233039855957,,100
2025-11-26,31.42527508056789,31.466631996133334,31.396787643432617,31.396787643432617,,9000
2025-11-28,31.39311074768504,31.52177047729492,31.39311074768504,31.52177047729492,,700
2025-12-01,31.420678775493005,31.448251220833352,31.372892379760746,31.372892379760746,,1100
2025-12-02,31.40229813333688,31.48317146301269,31.40229813333688,31.48317146301269,,6000
2025-12-03,31.530962399611955,31.57691180213785,31.485009491371365,31.535554885864254,,5000
2025-12-04,31.54382705688477,31.54382705688477,31.54382705688477,31.54382705688477,,100
2025-12-05,31.61826515197754,31.61826515197754,31.61826515197754,31.61826515197754,,400
2025-12-08,31.56312739364936,31.56312739364936,31.50339001510569,31.52177047729492,,8500
2025-12-09,31.59529216950113,31.59529216950113,31.509822845458984,31.509822845458984,,300
2025-12-10,31.622860616158107,31.77909278869629,31.61367213810981,31.77909278869629,,1500
2025-12-11,31.6963819681411,31.82504169309478,31.6963819681411,31.796550750732425,,1500
2025-12-12,31.503388796702936,31.56404467015297,31.48500833522458,31.510740280151367,,10500
2025-12-15,31.58609921199385,31.58609921199385,31.512580871582028,31.51258087158203,,1800
2025-12-16,31.38392151678249,31.453765869140625,31.38392151678249,31.453765869140625,,1600
2025-12-17,31.209308088698734,31.209308088698734,31.16335868835449,31.16335868835449,,700
2025-12-18,31.393109552683217,31.402298030570712,31.364622116088867,31.364622116088867,,1300
2025-12-19,31.55853080749512,31.55853080749512,31.55853080749512,31.55853080749512,,5200
2025-12-22,31.72395227880628,31.75060272216797,31.72395227880628,31.75060272216797,,200
2025-12-23,31.82504257320729,31.93532183968668,31.82504257320729,31.905912399291992,,4700
2025-12-24,31.97575569152832,31.97575569152832,31.97575569152832,31.97575569152832,,100
2025-12-26,31.944510536757026,31.973001480102536,31.944510536757026,31.97300148010254,,800
2025-12-29,31.8799991607666,31.929000854492188,31.875,31.875999450683597,,2000
2025-12-30,32.0,32.0099983215332,31.89800071716309,31.89800071716309,,6600
2025-12-31,31.72800064086914,31.76000022888184,31.709999084472656,31.76000022888184,,800
2026-01-02,31.899999618530277,31.899999618530277,31.729999542236328,31.892000198364254,,2700
2026-01-05,32.16999816894531,32.25,32.15999984741211,32.15999984741211,,2800
2026-01-06,32.29999923706055,32.34000015258789,32.25,32.30799865722656,,25500
2026-01-07,32.209999084472656,32.26499938964844,32.20800018310547,32.20800018310547,,8200
2026-01-08,32.11000061035156,32.20899963378906,32.11000061035156,32.20899963378906,,1700
2026-01-09,32.46900177001953,32.46900177001953,32.46900177001953,32.46900177001953,,200
2026-01-12,32.5099983215332,32.599998474121094,32.5099983215332,32.56999969482422,,16300
2026-01-13,32.400001525878906,32.45000076293945,32.38999938964844,32.44200134277344,,5600
2026-01-14,32.5,32.50199890136719,32.40999984741211,32.50199890136719,,1000
2026-01-15,32.560001373291016,32.60499954223633,32.5,32.5,,2500
2026-01-16,32.58000183105469,32.59000015258789,32.56999969482422,32.56999969482422,,4000
2026-01-20,32.150001525878906,32.27000045776367,32.05400085449219,32.05400085449219,,6200
2026-01-21,32.220001220703125,32.439998626708984,32.06999969482422,32.40999984741211,,2500
2026-01-22,32.4900016784668,32.619998931884766,32.47999954223633,32.571998596191406,,28300
2026-01-23,32.439998626708984,32.70500183105469,32.439998626708984,32.70500183105469,,1000
2026-01-26,32.93000030517578,32.93000030517578,32.887001037597656,32.887001037597656,,1400
2026-01-27,33.279998779296875,33.3380012512207,33.279998779296875,33.3380012512207,,300
2026-01-28,33.0,33.055999755859375,32.959999084472656,33.055999755859375,,1400
2026-01-29,33.290000915527344,33.290000915527344,32.939998626708984,33.17399978637695,,45900
2026-01-30,32.7599983215332,32.7599983215332,32.75,32.7599983215332,,2700
2026-02-02,33.04999923706055,33.13999938964844,32.959999084472656,32.959999084472656,,8700
2026-02-03,33.189998626708984,33.189998626708984,32.94499969482422,33.05799865722656,,2100
2026-02-04,33.137001037597656,33.137001037597656,33.137001037597656,33.137001037597656,,100
2026-02-05,32.68000030517578,32.82500076293945,32.68000030517578,32.742000579833984,,1400
2026-02-06,33.130001068115234,33.4119987487793,33.130001068115234,33.4119987487793,,200
2026-02-09,33.685001373291016,33.85200119018555,33.685001373291016,33.85200119018555,,1700
2026-02-10,34.027000427246094,34.027000427246094,33.96200180053711,33.96200180053711,,200
2026-02-11,33.95000076293945,34.310001373291016,33.900001525878906,34.14099884033203,,7900
2026-02-12,33.900001525878906,33.900001525878906,33.858001708984375,33.858001708984375,,1900
2026-02-13,33.875,33.875,33.875,33.875,,100
2026-02-17,33.779998779296875,34.02000045776367,33.779998779296875,33.882999420166016,,900
2026-02-18,34.15999984741211,34.15999984741211,33.900001525878906,33.92900085449219,,1000
2026-02-19,33.84000015258789,33.84000015258789,33.8129997253418,33.8129997253418,,100
2026-02-20,33.98500061035156,34.08000183105469,33.98500061035156,34.0099983215332,,900
2026-02-23,33.9900016784668,34.08000183105469,33.922000885009766,33.922000885009766,,900
2026-02-24,34.02299880981445,34.02299880981445,34.02299880981445,34.02299880981445,,100
2026-02-25,34.32600021362305,34.32600021362305,34.32600021362305,34.32600021362305,,100
2026-02-26,34.1349983215332,34.29999923706055,34.06800079345703,34.29399871826172,,4700
2026-02-27,34.29999923706055,34.369998931884766,34.08000183105469,34.23199844360352,,4400
2026-03-02,33.5099983215332,33.638999938964844,33.5099983215332,33.638999938964844,,2000
2026-03-03,31.86000061035156,32.599998474121094,31.75,32.599998474121094,,3900
2026-03-04,32.900001525878906,32.99700164794922,32.900001525878906,32.99700164794922,,1400
2026-03-05,31.934999465942383,32.28200149536133,31.934999465942383,32.28200149536133,,200
2026-03-06,32.11000061035156,32.11000061035156,31.989999771118164,32.03499984741211,,600
2026-03-09,31.440000534057617,32.22800064086914,31.270000457763672,32.22800064086914,,700
2026-03-10,32.459999084472656,32.650001525878906,32.30699920654297,32.30699920654297,,3000
2026-03-11,32.099998474121094,32.189998626708984,31.86000061035156,32.189998626708984,,3200
2026-03-12,31.68400001525879,31.73699951171875,31.68400001525879,31.73699951171875,,500
2026-03-13,31.719999313354492,31.764999389648438,31.290000915527344,31.350299835205078,,1682
